scenario_id,scenario_type,note,top30_overlap_count,top30_overlap_fraction,top30_jaccard,spearman_rank_within_overlap,top30_genes,weights_json
primary_no_docking,primary,Original non-docking weights renormalized after removing docking.,30,1.0,1.0,1.0,"CDK6, CA2, HSP90AB1, PARP1, ACHE, HIF1A, KIT, CDK4, CDK2, APEX1, SYK, TOP2A, HSP90AA1, CHEK1, SIGMAR1, TERT, PTPN11, PTGS2, ARG1, CD38, MDM4, MPO, PRKDC, GSK3B, CCNB1, G6PD, MIF, TBXAS1, AURKB, PIK3CG","{""score_AA_direction_recovery"": 0.10956521739130434, ""score_CD34_expression"": 0.1408695652173913, ""score_CD34_marker_context"": 0.10956521739130434, ""score_GSE165870_bulk_support"": 0.046956521739130425, ""score_WGCNA_module_strength"": 0.23478260869565215, ""score_module_pathology_importance"": 0.1408695652173913, ""score_network_pharmacology_hit"": 0.21739130434782608}"
exp_network_grid_exp_0.6000,experimental_network_weight_grid,Experimental evidence total weight=0.6000; network pharmacology weight=0.4000; no docking.,23,0.7666666666666667,0.6216216216216216,0.7164031620553359,"CDK6, CA2, ACHE, PARP1, TERT, HIF1A, CDK2, SYK, HSP90AB1, TOP2A, GSK3B, ARG1, SIGMAR1, ESR1, CD38, CDK1, IGF1R, CDK4, KIT, PTGS2, AURKB, MPO, CCNB1, FLT3, TBXAS1, MET, CHEK1, AKT1, AR, PTPN11","{""score_AA_direction_recovery"": 0.084, ""score_CD34_expression"": 0.108, ""score_CD34_marker_context"": 0.084, ""score_GSE165870_bulk_support"": 0.036, ""score_WGCNA_module_strength"": 0.18, ""score_module_pathology_importance"": 0.108, ""score_network_pharmacology_hit"": 0.4}"
exp_network_grid_exp_0.6500,experimental_network_weight_grid,Experimental evidence total weight=0.6500; network pharmacology weight=0.3500; no docking.,25,0.8333333333333334,0.7142857142857143,0.7738461538461539,"CDK6, CA2, ACHE, PARP1, HSP90AB1, HIF1A, TERT, CDK2, SYK, TOP2A, SIGMAR1, ARG1, GSK3B, KIT, CDK4, CD38, PTGS2, ESR1, MPO, CDK1, AURKB, IGF1R, CCNB1, CHEK1, APEX1, PTPN11, TBXAS1, FLT3, PIK3CG, MET","{""score_AA_direction_recovery"": 0.09100000000000001, ""score_CD34_expression"": 0.11699999999999999, ""score_CD34_marker_context"": 0.09100000000000001, ""score_GSE165870_bulk_support"": 0.039, ""score_WGCNA_module_strength"": 0.195, ""score_module_pathology_importance"": 0.11699999999999999, ""score_network_pharmacology_hit"": 0.35}"
exp_network_grid_exp_0.7000,experimental_network_weight_grid,Experimental evidence total weight=0.7000; network pharmacology weight=0.3000; no docking.,26,0.8666666666666667,0.7647058823529411,0.8386324786324786,"CDK6, CA2, ACHE, PARP1, HSP90AB1, HIF1A, TERT, CDK2, SYK, KIT, TOP2A, CDK4, SIGMAR1, ARG1, GSK3B, CD38, APEX1, PTGS2, CHEK1, PTPN11, MPO, CCNB1, AURKB, TBXAS1, CDK1, IGF1R, FLT3, PIK3CG, ESR1, HSP90AA1","{""score_AA_direction_recovery"": 0.098, ""score_CD34_expression"": 0.126, ""score_CD34_marker_context"": 0.098, ""score_GSE165870_bulk_support"": 0.041999999999999996, ""score_WGCNA_module_strength"": 0.21, ""score_module_pathology_importance"": 0.126, ""score_network_pharmacology_hit"": 0.30000000000000004}"
exp_network_grid_exp_0.7500,experimental_network_weight_grid,Experimental evidence total weight=0.7500; network pharmacology weight=0.2500; no docking.,28,0.9333333333333333,0.875,0.9726327312534209,"CDK6, CA2, HSP90AB1, PARP1, ACHE, HIF1A, KIT, CDK2, CDK4, SYK, TOP2A, TERT, APEX1, SIGMAR1, CHEK1, ARG1, PTPN11, HSP90AA1, PTGS2, CD38, GSK3B, MPO, CCNB1, AURKB, MDM4, TBXAS1, G6PD, PIK3CG, FLT3, CDK1","{""score_AA_direction_recovery"": 0.10500000000000001, ""score_CD34_expression"": 0.135, ""score_CD34_marker_context"": 0.10500000000000001, ""score_GSE165870_bulk_support"": 0.045, ""score_WGCNA_module_strength"": 0.22499999999999998, ""score_module_pathology_importance"": 0.135, ""score_network_pharmacology_hit"": 0.25}"
exp_network_grid_exp_0.7826,experimental_network_weight_grid,Experimental evidence total weight=0.7826; network pharmacology weight=0.2174; no docking.,30,1.0,1.0,1.0,"CDK6, CA2, HSP90AB1, PARP1, ACHE, HIF1A, KIT, CDK4, CDK2, APEX1, SYK, TOP2A, HSP90AA1, CHEK1, SIGMAR1, TERT, PTPN11, PTGS2, ARG1, CD38, MDM4, MPO, PRKDC, GSK3B, CCNB1, G6PD, MIF, TBXAS1, AURKB, PIK3CG","{""score_AA_direction_recovery"": 0.10956521739800001, ""score_CD34_expression"": 0.140869565226, ""score_CD34_marker_context"": 0.10956521739800001, ""score_GSE165870_bulk_support"": 0.046956521742, ""score_WGCNA_module_strength"": 0.23478260871, ""score_module_pathology_importance"": 0.140869565226, ""score_network_pharmacology_hit"": 0.21739130429999998}"
exp_network_grid_exp_0.8000,experimental_network_weight_grid,Experimental evidence total weight=0.8000; network pharmacology weight=0.2000; no docking.,27,0.9,0.8181818181818182,0.9810744810744811,"CDK6, CA2, HSP90AB1, PARP1, ACHE, HIF1A, KIT, CDK4, APEX1, HSP90AA1, CDK2, TOP2A, SYK, CHEK1, PTPN11, SIGMAR1, TERT, PTGS2, MDM4, CD38, ARG1, PRKDC, MIF, MPO, CCNB1, G6PD, GSK3B, PGD, HDAC1, TP53","{""score_AA_direction_recovery"": 0.11200000000000002, ""score_CD34_expression"": 0.144, ""score_CD34_marker_context"": 0.11200000000000002, ""score_GSE165870_bulk_support"": 0.048, ""score_WGCNA_module_strength"": 0.24, ""score_module_pathology_importance"": 0.144, ""score_network_pharmacology_hit"": 0.19999999999999996}"
exp_network_grid_exp_0.8500,experimental_network_weight_grid,Experimental evidence total weight=0.8500; network pharmacology weight=0.1500; no docking.,26,0.8666666666666667,0.7647058823529411,0.8468376068376068,"CDK6, HSP90AB1, CA2, PARP1, ACHE, KIT, HSP90AA1, HIF1A, CDK4, APEX1, PRKDC, CHEK1, TOP2A, CDK2, MDM4, PTPN11, SYK, MIF, PGD, HDAC1, TP53, SIGMAR1, PTGS2, CD38, ARG1, TERT, G6PD, MPO, CCNB1, PIK3CA","{""score_AA_direction_recovery"": 0.11900000000000001, ""score_CD34_expression"": 0.153, ""score_CD34_marker_context"": 0.11900000000000001, ""score_GSE165870_bulk_support"": 0.051, ""score_WGCNA_module_strength"": 0.255, ""score_module_pathology_importance"": 0.153, ""score_network_pharmacology_hit"": 0.15000000000000002}"
exp_network_grid_exp_0.9000,experimental_network_weight_grid,Experimental evidence total weight=0.9000; network pharmacology weight=0.1000; no docking.,23,0.7666666666666667,0.6216216216216216,0.7015810276679841,"HSP90AB1, CDK6, CA2, PARP1, HSP90AA1, KIT, ACHE, APEX1, PRKDC, CDK4, HIF1A, PGD, HDAC1, MDM4, TP53, MIF, CHEK1, PTPN11, TOP2A, CDK2, SYK, PTGS2, SIGMAR1, CD38, G6PD, DUT, DHFR, PIK3CB, PIK3CA, ARG1","{""score_AA_direction_recovery"": 0.12600000000000003, ""score_CD34_expression"": 0.162, ""score_CD34_marker_context"": 0.12600000000000003, ""score_GSE165870_bulk_support"": 0.054, ""score_WGCNA_module_strength"": 0.27, ""score_module_pathology_importance"": 0.162, ""score_network_pharmacology_hit"": 0.09999999999999998}"
exp_network_grid_exp_0.9500,experimental_network_weight_grid,Experimental evidence total weight=0.9500; network pharmacology weight=0.0500; no docking.,21,0.7,0.5384615384615384,0.6025974025974027,"HSP90AB1, CDK6, CA2, HSP90AA1, PARP1, KIT, PRKDC, APEX1, PGD, HDAC1, TP53, CDK4, ACHE, MDM4, MIF, HIF1A, CHEK1, PTPN11, TOP2A, DUT, DHFR, PIK3CB, CDK2, SYK, PTGS2, TDP1, G6PD, PIK3CA, SIGMAR1, FEN1","{""score_AA_direction_recovery"": 0.133, ""score_CD34_expression"": 0.17099999999999999, ""score_CD34_marker_context"": 0.133, ""score_GSE165870_bulk_support"": 0.056999999999999995, ""score_WGCNA_module_strength"": 0.285, ""score_module_pathology_importance"": 0.17099999999999999, ""score_network_pharmacology_hit"": 0.050000000000000044}"
exp_network_grid_exp_1.0000,experimental_network_weight_grid,Experimental evidence total weight=1.0000; network pharmacology weight=0.0000; no docking.,20,0.6666666666666666,0.5,0.4646616541353384,"HSP90AB1, CDK6, CA2, HSP90AA1, PRKDC, KIT, PGD, HDAC1, PARP1, TP53, APEX1, MIF, MDM4, CDK4, ACHE, HIF1A, DUT, CHEK1, DHFR, PIK3CB, PTPN11, TDP1, TOP2A, FEN1, PIK3CA, CDK2, HDAC8, PTGS2, G6PD, SYK","{""score_AA_direction_recovery"": 0.14, ""score_CD34_expression"": 0.18, ""score_CD34_marker_context"": 0.14, ""score_GSE165870_bulk_support"": 0.06, ""score_WGCNA_module_strength"": 0.3, ""score_module_pathology_importance"": 0.18, ""score_network_pharmacology_hit"": 0.0}"
leave_one_out_score_WGCNA_module_strength,leave_one_evidence_layer_out,Remove WGCNA module strength and renormalize remaining non-docking evidence.,26,0.8666666666666667,0.7647058823529411,0.7791452991452991,"CDK6, CA2, HSP90AB1, PARP1, MPO, HIF1A, ACHE, KIT, CDK2, CHEK1, CDK4, CCNB1, ARG1, APEX1, SYK, HSP90AA1, PLK1, AR, TOP1, PTGS2, TERT, CD38, PTPN11, TBXAS1, MIF, TOP2A, GSK3B, PRKDC, MET, G6PD","{""score_AA_direction_recovery"": 0.14318181818181816, ""score_CD34_expression"": 0.18409090909090908, ""score_CD34_marker_context"": 0.14318181818181816, ""score_GSE165870_bulk_support"": 0.06136363636363635, ""score_module_pathology_importance"": 0.18409090909090908, ""score_network_pharmacology_hit"": 0.28409090909090906}"
leave_one_out_score_module_pathology_importance,leave_one_evidence_layer_out,Remove module-pathology relevance and renormalize remaining non-docking evidence.,27,0.9,0.8181818181818182,0.8064713064713065,"CA2, CDK6, HSP90AB1, ACHE, PARP1, CDK4, SYK, SIGMAR1, APEX1, HSP90AA1, TERT, HIF1A, TOP2A, GSK3B, CD38, KIT, CDK2, PIK3CG, FLT3, IGF1R, ARG1, PTPN11, MIF, AKT1, CHEK1, AURKB, MPO, PTGS2, CCNB1, G6PD","{""score_AA_direction_recovery"": 0.12753036437246965, ""score_CD34_expression"": 0.16396761133603238, ""score_CD34_marker_context"": 0.12753036437246965, ""score_GSE165870_bulk_support"": 0.05465587044534412, ""score_WGCNA_module_strength"": 0.2732793522267206, ""score_network_pharmacology_hit"": 0.25303643724696356}"
leave_one_out_score_CD34_expression,leave_one_evidence_layer_out,Remove CD34 expression and renormalize remaining non-docking evidence.,25,0.8333333333333334,0.7142857142857143,0.8876923076923076,"CDK6, CA2, ACHE, PARP1, KIT, HIF1A, HSP90AB1, CDK2, TERT, PTGS2, ARG1, TOP2A, CHEK1, SYK, SIGMAR1, PTPN11, MDM4, CDK4, GSK3B, CD38, PIK3CG, TBXAS1, AURKB, IGF1R, G6PD, PIK3CA, CCNB1, AR, TP53, FLT3","{""score_AA_direction_recovery"": 0.12753036437246965, ""score_CD34_marker_context"": 0.12753036437246965, ""score_GSE165870_bulk_support"": 0.05465587044534412, ""score_WGCNA_module_strength"": 0.2732793522267206, ""score_module_pathology_importance"": 0.16396761133603238, ""score_network_pharmacology_hit"": 0.25303643724696356}"
leave_one_out_score_CD34_marker_context,leave_one_evidence_layer_out,Remove CD34 marker context and renormalize remaining non-docking evidence.,28,0.9333333333333333,0.875,0.870279146141215,"CA2, CDK6, HSP90AB1, ACHE, PARP1, TOP2A, HIF1A, SIGMAR1, HSP90AA1, CDK4, CDK2, APEX1, KIT, SYK, TERT, ARG1, CD38, PTGS2, AURKB, PTPN11, CCNB1, TBXAS1, MPO, CHEK1, MIF, CDK1, G6PD, GSK3B, MDM4, IGF1R","{""score_AA_direction_recovery"": 0.123046875, ""score_CD34_expression"": 0.158203125, ""score_GSE165870_bulk_support"": 0.05273437499999999, ""score_WGCNA_module_strength"": 0.263671875, ""score_module_pathology_importance"": 0.158203125, ""score_network_pharmacology_hit"": 0.24414062500000003}"
leave_one_out_score_AA_direction_recovery,leave_one_evidence_layer_out,Remove AA direction/recovery and renormalize remaining non-docking evidence.,28,0.9333333333333333,0.875,0.9518336070060207,"CA2, CDK6, ACHE, PARP1, HSP90AB1, HIF1A, KIT, CDK2, TERT, TOP2A, SYK, APEX1, CHEK1, PTPN11, CDK4, SIGMAR1, PTGS2, ARG1, HSP90AA1, CD38, CDK1, MDM4, GSK3B, MPO, G6PD, CCNB1, AURKB, ESR1, MIF, TBXAS1","{""score_CD34_expression"": 0.158203125, ""score_CD34_marker_context"": 0.123046875, ""score_GSE165870_bulk_support"": 0.05273437499999999, ""score_WGCNA_module_strength"": 0.263671875, ""score_module_pathology_importance"": 0.158203125, ""score_network_pharmacology_hit"": 0.24414062500000003}"
leave_one_out_score_GSE165870_bulk_support,leave_one_evidence_layer_out,Remove bulk RNA support and renormalize remaining non-docking evidence.,29,0.9666666666666667,0.9354838709677419,0.9822660098522165,"CDK6, CA2, HSP90AB1, PARP1, ACHE, HIF1A, KIT, CDK4, CDK2, APEX1, TOP2A, SYK, HSP90AA1, CHEK1, PTPN11, SIGMAR1, TERT, MDM4, PTGS2, CD38, MPO, GSK3B, PRKDC, ARG1, MIF, AURKB, G6PD, CCNB1, TBXAS1, PGD","{""score_AA_direction_recovery"": 0.11496350364963503, ""score_CD34_expression"": 0.14781021897810218, ""score_CD34_marker_context"": 0.11496350364963503, ""score_WGCNA_module_strength"": 0.24635036496350363, ""score_module_pathology_importance"": 0.14781021897810218, ""score_network_pharmacology_hit"": 0.2281021897810219}"
leave_one_out_score_network_pharmacology_hit,leave_one_evidence_layer_out,Remove network pharmacology hit and renormalize remaining non-docking evidence.,20,0.6666666666666666,0.5,0.4646616541353384,"HSP90AB1, CDK6, CA2, HSP90AA1, PRKDC, KIT, PGD, HDAC1, PARP1, TP53, APEX1, MIF, MDM4, CDK4, ACHE, HIF1A, DUT, CHEK1, DHFR, PIK3CB, PTPN11, TDP1, TOP2A, FEN1, PIK3CA, CDK2, HDAC8, PTGS2, G6PD, SYK","{""score_AA_direction_recovery"": 0.14, ""score_CD34_expression"": 0.18000000000000002, ""score_CD34_marker_context"": 0.14, ""score_GSE165870_bulk_support"": 0.05999999999999999, ""score_WGCNA_module_strength"": 0.3, ""score_module_pathology_importance"": 0.18000000000000002}"
deterministic_jitter_001,deterministic_weight_jitter_pm25pct,"Each non-docking evidence weight multiplied by a deterministic random factor in [0.75, 1.25], then renormalized.",27,0.9,0.8181818181818182,0.9810744810744811,"CDK6, CA2, HSP90AB1, ACHE, PARP1, KIT, HIF1A, CDK4, APEX1, CDK2, TOP2A, HSP90AA1, SYK, CHEK1, PTPN11, SIGMAR1, MDM4, PTGS2, TERT, ARG1, PRKDC, CD38, TP53, HDAC1, PGD, G6PD, CCNB1, TBXAS1, GSK3B, PIK3CG","{""score_AA_direction_recovery"": 0.10937214304799986, ""score_CD34_expression"": 0.12292064751028639, ""score_CD34_marker_context"": 0.1078168145965793, ""score_GSE165870_bulk_support"": 0.054306376780913886, ""score_WGCNA_module_strength"": 0.2704818439236208, ""score_module_pathology_importance"": 0.1510803122075814, ""score_network_pharmacology_hit"": 0.18402186193301837}"
deterministic_jitter_002,deterministic_weight_jitter_pm25pct,"Each non-docking evidence weight multiplied by a deterministic random factor in [0.75, 1.25], then renormalized.",27,0.9,0.8181818181818182,0.8864468864468864,"CA2, CDK6, ACHE, PARP1, HSP90AB1, HIF1A, KIT, TOP2A, CDK2, TERT, SYK, SIGMAR1, CDK4, ARG1, PTGS2, APEX1, PTPN11, CHEK1, CD38, AURKB, GSK3B, CCNB1, TBXAS1, HSP90AA1, MDM4, CDK1, PIK3CG, G6PD, IGF1R, FLT3","{""score_AA_direction_recovery"": 0.08143724562380156, ""score_CD34_expression"": 0.11151507723429213, ""score_CD34_marker_context"": 0.08062695414597311, ""score_GSE165870_bulk_support"": 0.051634116332582115, ""score_WGCNA_module_strength"": 0.2743385325021614, ""score_module_pathology_importance"": 0.1412429247505986, ""score_network_pharmacology_hit"": 0.2592051494105912}"
deterministic_jitter_003,deterministic_weight_jitter_pm25pct,"Each non-docking evidence weight multiplied by a deterministic random factor in [0.75, 1.25], then renormalized.",28,0.9333333333333333,0.875,0.9813902572523261,"CDK6, CA2, HSP90AB1, PARP1, ACHE, HIF1A, KIT, CDK4, APEX1, HSP90AA1, SYK, CDK2, TOP2A, CHEK1, SIGMAR1, PTPN11, TERT, CD38, MDM4, PTGS2, ARG1, PRKDC, MIF, GSK3B, MPO, G6PD, CCNB1, PIK3CG, HDAC1, PGD","{""score_AA_direction_recovery"": 0.09250634883273245, ""score_CD34_expression"": 0.15227586319070696, ""score_CD34_marker_context"": 0.12402051352755361, ""score_GSE165870_bulk_support"": 0.040611194139238874, ""score_WGCNA_module_strength"": 0.2481916041935776, ""score_module_pathology_importance"": 0.13188367960326142, ""score_network_pharmacology_hit"": 0.210510796512929}"
deterministic_jitter_004,deterministic_weight_jitter_pm25pct,"Each non-docking evidence weight multiplied by a deterministic random factor in [0.75, 1.25], then renormalized.",27,0.9,0.8181818181818182,0.9267399267399267,"CDK6, CA2, HSP90AB1, PARP1, ACHE, KIT, HIF1A, HSP90AA1, CDK4, APEX1, SYK, CDK2, TOP2A, CHEK1, PTPN11, PRKDC, SIGMAR1, MDM4, MIF, CD38, TERT, PTGS2, ARG1, MPO, PGD, HDAC1, TP53, G6PD, CCNB1, GSK3B","{""score_AA_direction_recovery"": 0.11168641783508185, ""score_CD34_expression"": 0.15981158721378508, ""score_CD34_marker_context"": 0.12249935200713113, ""score_GSE165870_bulk_support"": 0.050019805309632015, ""score_WGCNA_module_strength"": 0.23634417674904423, ""score_module_pathology_importance"": 0.13546223001195495, ""score_network_pharmacology_hit"": 0.1841764308733708}"
deterministic_jitter_005,deterministic_weight_jitter_pm25pct,"Each non-docking evidence weight multiplied by a deterministic random factor in [0.75, 1.25], then renormalized.",27,0.9,0.8181818181818182,0.9511599511599511,"CDK6, CA2, HSP90AB1, PARP1, ACHE, HIF1A, KIT, CDK2, CDK4, TOP2A, CHEK1, APEX1, PTGS2, PTPN11, HSP90AA1, ARG1, SYK, MDM4, TERT, SIGMAR1, PRKDC, CD38, CCNB1, MPO, TBXAS1, G6PD, TP53, AURKB, HDAC1, PGD","{""score_AA_direction_recovery"": 0.12327588508251841, ""score_CD34_expression"": 0.12062365821212191, ""score_CD34_marker_context"": 0.09850940736775442, ""score_GSE165870_bulk_support"": 0.05395556950804519, ""score_WGCNA_module_strength"": 0.2185349035466673, ""score_module_pathology_importance"": 0.18188231762988816, ""score_network_pharmacology_hit"": 0.20321825865300464}"
deterministic_jitter_006,deterministic_weight_jitter_pm25pct,"Each non-docking evidence weight multiplied by a deterministic random factor in [0.75, 1.25], then renormalized.",27,0.9,0.8181818181818182,0.9700854700854701,"CDK6, CA2, HSP90AB1, PARP1, ACHE, HIF1A, KIT, CDK2, TOP2A, CDK4, APEX1, CHEK1, HSP90AA1, PTGS2, PTPN11, SYK, ARG1, TERT, SIGMAR1, MDM4, CD38, PRKDC, CCNB1, MPO, TBXAS1, G6PD, AURKB, TP53, HDAC1, PGD","{""score_AA_direction_recovery"": 0.10341945278737978, ""score_CD34_expression"": 0.13242984420841047, ""score_CD34_marker_context"": 0.09172386442126254, ""score_GSE165870_bulk_support"": 0.056947015737839876, ""score_WGCNA_module_strength"": 0.23015006999608387, ""score_module_pathology_importance"": 0.17925242586627788, ""score_network_pharmacology_hit"": 0.2060773269827456}"
deterministic_jitter_007,deterministic_weight_jitter_pm25pct,"Each non-docking evidence weight multiplied by a deterministic random factor in [0.75, 1.25], then renormalized.",30,1.0,1.0,0.9604004449388208,"CDK6, CA2, HSP90AB1, PARP1, ACHE, CDK4, HIF1A, KIT, HSP90AA1, APEX1, SYK, TOP2A, SIGMAR1, CDK2, TERT, CD38, PTPN11, CHEK1, ARG1, PTGS2, MDM4, GSK3B, MIF, PRKDC, CCNB1, PIK3CG, AURKB, MPO, G6PD, TBXAS1","{""score_AA_direction_recovery"": 0.1267883227321311, ""score_CD34_expression"": 0.1461690509070805, ""score_CD34_marker_context"": 0.09035336860111982, ""score_GSE165870_bulk_support"": 0.058003057412409374, ""score_WGCNA_module_strength"": 0.2610172837581105, ""score_module_pathology_importance"": 0.11102558225716412, ""score_network_pharmacology_hit"": 0.20664333433198467}"
deterministic_jitter_008,deterministic_weight_jitter_pm25pct,"Each non-docking evidence weight multiplied by a deterministic random factor in [0.75, 1.25], then renormalized.",30,1.0,1.0,0.9661846496106785,"CDK6, CA2, HSP90AB1, PARP1, ACHE, HIF1A, CDK4, KIT, HSP90AA1, APEX1, SYK, CDK2, TOP2A, SIGMAR1, TERT, CHEK1, MPO, CD38, PTPN11, ARG1, PTGS2, MIF, GSK3B, CCNB1, PRKDC, MDM4, PIK3CG, TBXAS1, G6PD, AURKB","{""score_AA_direction_recovery"": 0.11934295188336837, ""score_CD34_expression"": 0.16666073952758664, ""score_CD34_marker_context"": 0.10387226141949578, ""score_GSE165870_bulk_support"": 0.05655344274773248, ""score_WGCNA_module_strength"": 0.20645635376381877, ""score_module_pathology_importance"": 0.11953452867577491, ""score_network_pharmacology_hit"": 0.22757972198222298}"
deterministic_jitter_009,deterministic_weight_jitter_pm25pct,"Each non-docking evidence weight multiplied by a deterministic random factor in [0.75, 1.25], then renormalized.",28,0.9333333333333333,0.875,0.9649698960043787,"CDK6, CA2, HSP90AB1, PARP1, ACHE, HIF1A, KIT, CDK4, APEX1, CDK2, HSP90AA1, CHEK1, TOP2A, SYK, PTGS2, PTPN11, ARG1, MPO, TERT, MDM4, SIGMAR1, PRKDC, CD38, CCNB1, MIF, G6PD, TBXAS1, TP53, HDAC1, GSK3B","{""score_AA_direction_recovery"": 0.09706521331649626, ""score_CD34_expression"": 0.1516528151205546, ""score_CD34_marker_context"": 0.11192999983309847, ""score_GSE165870_bulk_support"": 0.0616912454069997, ""score_WGCNA_module_strength"": 0.19981202996071942, ""score_module_pathology_importance"": 0.1688073960389505, ""score_network_pharmacology_hit"": 0.2090413003231811}"
deterministic_jitter_010,deterministic_weight_jitter_pm25pct,"Each non-docking evidence weight multiplied by a deterministic random factor in [0.75, 1.25], then renormalized.",29,0.9666666666666667,0.9354838709677419,0.9527093596059112,"CDK6, CA2, HSP90AB1, PARP1, ACHE, HIF1A, CDK4, SYK, KIT, APEX1, TOP2A, CDK2, SIGMAR1, TERT, HSP90AA1, CD38, PTPN11, CHEK1, ARG1, GSK3B, PTGS2, MPO, PIK3CG, AURKB, CCNB1, FLT3, MIF, MDM4, TBXAS1, G6PD","{""score_AA_direction_recovery"": 0.09861832883134015, ""score_CD34_expression"": 0.15287317100352768, ""score_CD34_marker_context"": 0.1028029537848805, ""score_GSE165870_bulk_support"": 0.04538298985010948, ""score_WGCNA_module_strength"": 0.25176876802969034, ""score_module_pathology_importance"": 0.10448791834429445, ""score_network_pharmacology_hit"": 0.2440658701561574}"
deterministic_jitter_011,deterministic_weight_jitter_pm25pct,"Each non-docking evidence weight multiplied by a deterministic random factor in [0.75, 1.25], then renormalized.",29,0.9666666666666667,0.9354838709677419,0.9600985221674873,"CDK6, CA2, HSP90AB1, PARP1, ACHE, HIF1A, KIT, CDK2, CDK4, SYK, TOP2A, APEX1, TERT, CHEK1, ARG1, PTGS2, SIGMAR1, HSP90AA1, MPO, PTPN11, CD38, CCNB1, GSK3B, TBXAS1, MDM4, AURKB, G6PD, PIK3CG, FLT3, PRKDC","{""score_AA_direction_recovery"": 0.1363390011235518, ""score_CD34_expression"": 0.1299797479899125, ""score_CD34_marker_context"": 0.10979673000592977, ""score_GSE165870_bulk_support"": 0.04840436308457375, ""score_WGCNA_module_strength"": 0.18334961771169772, ""score_module_pathology_importance"": 0.14315839551073223, ""score_network_pharmacology_hit"": 0.2489721445736023}"
deterministic_jitter_012,deterministic_weight_jitter_pm25pct,"Each non-docking evidence weight multiplied by a deterministic random factor in [0.75, 1.25], then renormalized.",27,0.9,0.8181818181818182,0.92002442002442,"CDK6, CA2, HSP90AB1, PARP1, ACHE, KIT, HIF1A, HSP90AA1, APEX1, CDK4, TOP2A, CDK2, CHEK1, SYK, PTPN11, MDM4, PRKDC, SIGMAR1, MIF, HDAC1, PTGS2, PGD, TP53, TERT, CD38, ARG1, G6PD, MPO, CCNB1, GSK3B","{""score_AA_direction_recovery"": 0.0862783071656633, ""score_CD34_expression"": 0.15847192106778438, ""score_CD34_marker_context"": 0.1205622963391355, ""score_GSE165870_bulk_support"": 0.04966401158139354, ""score_WGCNA_module_strength"": 0.2660082864005129, ""score_module_pathology_importance"": 0.15153441129826906, ""score_network_pharmacology_hit"": 0.1674807661472413}"
deterministic_jitter_013,deterministic_weight_jitter_pm25pct,"Each non-docking evidence weight multiplied by a deterministic random factor in [0.75, 1.25], then renormalized.",29,0.9666666666666667,0.9354838709677419,0.9881773399014776,"CDK6, CA2, HSP90AB1, PARP1, ACHE, KIT, HIF1A, CDK4, APEX1, SYK, CDK2, HSP90AA1, TOP2A, SIGMAR1, CHEK1, TERT, PTPN11, CD38, PTGS2, ARG1, MDM4, GSK3B, PRKDC, MPO, MIF, PIK3CG, CCNB1, G6PD, AURKB, FLT3","{""score_AA_direction_recovery"": 0.1252165987162196, ""score_CD34_expression"": 0.14054133314189254, ""score_CD34_marker_context"": 0.12041379230226044, ""score_GSE165870_bulk_support"": 0.040224478397977395, ""score_WGCNA_module_strength"": 0.24220852160282125, ""score_module_pathology_importance"": 0.11764863641727433, ""score_network_pharmacology_hit"": 0.2137466394215545}"
deterministic_jitter_014,deterministic_weight_jitter_pm25pct,"Each non-docking evidence weight multiplied by a deterministic random factor in [0.75, 1.25], then renormalized.",28,0.9333333333333333,0.875,0.9414340448823207,"CDK6, CA2, HSP90AB1, PARP1, ACHE, HIF1A, KIT, CDK2, SYK, TOP2A, TERT, CDK4, APEX1, ARG1, SIGMAR1, CHEK1, PTGS2, CD38, PTPN11, MPO, HSP90AA1, CCNB1, GSK3B, TBXAS1, AURKB, G6PD, CDK1, IGF1R, MDM4, PIK3CG","{""score_AA_direction_recovery"": 0.09769203108594979, ""score_CD34_expression"": 0.1388421992578289, ""score_CD34_marker_context"": 0.09493864019228969, ""score_GSE165870_bulk_support"": 0.055902116876596616, ""score_WGCNA_module_strength"": 0.20353615502005962, ""score_module_pathology_importance"": 0.14654270758724802, ""score_network_pharmacology_hit"": 0.26254614998002734}"
deterministic_jitter_015,deterministic_weight_jitter_pm25pct,"Each non-docking evidence weight multiplied by a deterministic random factor in [0.75, 1.25], then renormalized.",29,0.9666666666666667,0.9354838709677419,0.9330049261083742,"CDK6, CA2, ACHE, HSP90AB1, PARP1, HIF1A, KIT, CDK2, TOP2A, TERT, SYK, CDK4, SIGMAR1, APEX1, PTGS2, CHEK1, PTPN11, ARG1, CD38, HSP90AA1, MDM4, AURKB, GSK3B, CCNB1, TBXAS1, G6PD, PIK3CG, CDK1, PRKDC, MPO","{""score_AA_direction_recovery"": 0.08323508475359107, ""score_CD34_expression"": 0.11498559523372794, ""score_CD34_marker_context"": 0.09718586760533214, ""score_GSE165870_bulk_support"": 0.05163451950748778, ""score_WGCNA_module_strength"": 0.2672101346708918, ""score_module_pathology_importance"": 0.15538334579117774, ""score_network_pharmacology_hit"": 0.2303654524377915}"
deterministic_jitter_016,deterministic_weight_jitter_pm25pct,"Each non-docking evidence weight multiplied by a deterministic random factor in [0.75, 1.25], then renormalized.",27,0.9,0.8181818181818182,0.9487179487179487,"CDK6, CA2, HSP90AB1, PARP1, ACHE, HIF1A, KIT, CDK2, TOP2A, CDK4, TERT, SYK, CHEK1, APEX1, SIGMAR1, PTGS2, ARG1, PTPN11, CD38, HSP90AA1, MPO, CCNB1, AURKB, GSK3B, TBXAS1, MDM4, G6PD, CDK1, FLT3, AR","{""score_AA_direction_recovery"": 0.11574002136774252, ""score_CD34_expression"": 0.124867241843453, ""score_CD34_marker_context"": 0.09066346445465558, ""score_GSE165870_bulk_support"": 0.03679924331282657, ""score_WGCNA_module_strength"": 0.217119038790176, ""score_module_pathology_importance"": 0.16047976596181251, ""score_network_pharmacology_hit"": 0.25433122426933386}"
deterministic_jitter_017,deterministic_weight_jitter_pm25pct,"Each non-docking evidence weight multiplied by a deterministic random factor in [0.75, 1.25], then renormalized.",29,0.9666666666666667,0.9354838709677419,0.9886699507389161,"CDK6, CA2, HSP90AB1, PARP1, ACHE, KIT, HIF1A, CDK4, CDK2, APEX1, SYK, CHEK1, TOP2A, HSP90AA1, PTPN11, TERT, PTGS2, SIGMAR1, ARG1, MDM4, CD38, PRKDC, GSK3B, CCNB1, G6PD, MPO, TBXAS1, TP53, PIK3CG, AURKB","{""score_AA_direction_recovery"": 0.13495458037369681, ""score_CD34_expression"": 0.11861575931856469, ""score_CD34_marker_context"": 0.12208202063092931, ""score_GSE165870_bulk_support"": 0.04113321193918828, ""score_WGCNA_module_strength"": 0.22585614757335992, ""score_module_pathology_importance"": 0.14698554508288272, ""score_network_pharmacology_hit"": 0.21037273508137821}"
deterministic_jitter_018,deterministic_weight_jitter_pm25pct,"Each non-docking evidence weight multiplied by a deterministic random factor in [0.75, 1.25], then renormalized.",28,0.9333333333333333,0.875,0.9616858237547894,"CDK6, CA2, HSP90AB1, PARP1, ACHE, HIF1A, KIT, CDK2, TOP2A, CDK4, CHEK1, APEX1, SYK, PTPN11, TERT, PTGS2, SIGMAR1, HSP90AA1, ARG1, MDM4, CD38, PRKDC, CCNB1, G6PD, AURKB, TBXAS1, GSK3B, TP53, MPO, PIK3CA","{""score_AA_direction_recovery"": 0.11053769722335469, ""score_CD34_expression"": 0.11593390377302779, ""score_CD34_marker_context"": 0.10449180915548385, ""score_GSE165870_bulk_support"": 0.03624193179315644, ""score_WGCNA_module_strength"": 0.24970101413485732, ""score_module_pathology_importance"": 0.1683112449316122, ""score_network_pharmacology_hit"": 0.21478239898850762}"
deterministic_jitter_019,deterministic_weight_jitter_pm25pct,"Each non-docking evidence weight multiplied by a deterministic random factor in [0.75, 1.25], then renormalized.",28,0.9333333333333333,0.875,0.9698960043787629,"CDK6, CA2, HSP90AB1, PARP1, ACHE, HIF1A, KIT, CDK4, CDK2, SYK, APEX1, TOP2A, TERT, CHEK1, ARG1, HSP90AA1, PTGS2, SIGMAR1, CD38, PTPN11, MPO, GSK3B, CCNB1, MDM4, PIK3CG, TBXAS1, G6PD, PRKDC, IGF1R, FLT3","{""score_AA_direction_recovery"": 0.12452122966771764, ""score_CD34_expression"": 0.12906955496956474, ""score_CD34_marker_context"": 0.1203295339386662, ""score_GSE165870_bulk_support"": 0.06074226844799, ""score_WGCNA_module_strength"": 0.19655145981693872, ""score_module_pathology_importance"": 0.13235224555976885, ""score_network_pharmacology_hit"": 0.2364337075993539}"
deterministic_jitter_020,deterministic_weight_jitter_pm25pct,"Each non-docking evidence weight multiplied by a deterministic random factor in [0.75, 1.25], then renormalized.",30,1.0,1.0,0.9670745272525029,"CDK6, CA2, HSP90AB1, ACHE, PARP1, HIF1A, KIT, CDK2, TOP2A, CDK4, SYK, APEX1, SIGMAR1, TERT, HSP90AA1, PTPN11, CHEK1, PTGS2, ARG1, CD38, MDM4, GSK3B, AURKB, CCNB1, G6PD, TBXAS1, MPO, PRKDC, PIK3CG, MIF","{""score_AA_direction_recovery"": 0.09067853334467478, ""score_CD34_expression"": 0.13624455470178987, ""score_CD34_marker_context"": 0.0973862885090071, ""score_GSE165870_bulk_support"": 0.03933399420312808, ""score_WGCNA_module_strength"": 0.26791555384787963, ""score_module_pathology_importance"": 0.14174004374010543, ""score_network_pharmacology_hit"": 0.2267010316534151}"
deterministic_jitter_021,deterministic_weight_jitter_pm25pct,"Each non-docking evidence weight multiplied by a deterministic random factor in [0.75, 1.25], then renormalized.",27,0.9,0.8181818181818182,0.9768009768009768,"CDK6, CA2, HSP90AB1, PARP1, ACHE, KIT, HIF1A, CDK4, APEX1, HSP90AA1, TOP2A, CDK2, SYK, SIGMAR1, PTPN11, CHEK1, TERT, MDM4, PTGS2, CD38, PRKDC, ARG1, MIF, PGD, GSK3B, G6PD, HDAC1, AURKB, TP53, CCNB1","{""score_AA_direction_recovery"": 0.11616547261633416, ""score_CD34_expression"": 0.1382146208338939, ""score_CD34_marker_context"": 0.1057322867276571, ""score_GSE165870_bulk_support"": 0.0362431472388924, ""score_WGCNA_module_strength"": 0.27141201415557714, ""score_module_pathology_importance"": 0.1357764938960742, ""score_network_pharmacology_hit"": 0.1964559645315712}"
deterministic_jitter_022,deterministic_weight_jitter_pm25pct,"Each non-docking evidence weight multiplied by a deterministic random factor in [0.75, 1.25], then renormalized.",29,0.9666666666666667,0.9354838709677419,0.9605911330049259,"CDK6, CA2, HSP90AB1, PARP1, ACHE, CDK4, HIF1A, KIT, SYK, APEX1, HSP90AA1, CDK2, TOP2A, SIGMAR1, TERT, CD38, PTPN11, CHEK1, GSK3B, ARG1, PTGS2, MPO, MIF, MDM4, CCNB1, AURKB, PIK3CG, PRKDC, FLT3, G6PD","{""score_AA_direction_recovery"": 0.12231193602489371, ""score_CD34_expression"": 0.1525736005309362, ""score_CD34_marker_context"": 0.1046179939543034, ""score_GSE165870_bulk_support"": 0.03840285747956818, ""score_WGCNA_module_strength"": 0.24529333920451937, ""score_module_pathology_importance"": 0.10921874799904842, ""score_network_pharmacology_hit"": 0.22758152480673075}"
deterministic_jitter_023,deterministic_weight_jitter_pm25pct,"Each non-docking evidence weight multiplied by a deterministic random factor in [0.75, 1.25], then renormalized.",28,0.9333333333333333,0.875,0.9523809523809524,"CDK6, CA2, HSP90AB1, ACHE, PARP1, HIF1A, KIT, CDK2, TOP2A, CDK4, APEX1, CHEK1, PTPN11, SYK, TERT, PTGS2, SIGMAR1, HSP90AA1, MDM4, ARG1, CD38, CCNB1, AURKB, G6PD, PRKDC, TBXAS1, GSK3B, MPO, TP53, PIK3CA","{""score_AA_direction_recovery"": 0.0908316921900744, ""score_CD34_expression"": 0.12378023111101356, ""score_CD34_marker_context"": 0.10108510694883775, ""score_GSE165870_bulk_support"": 0.03561397736783918, ""score_WGCNA_module_strength"": 0.2595376238869611, ""score_module_pathology_importance"": 0.1711981212019708, ""score_network_pharmacology_hit"": 0.2179532472933031}"
deterministic_jitter_024,deterministic_weight_jitter_pm25pct,"Each non-docking evidence weight multiplied by a deterministic random factor in [0.75, 1.25], then renormalized.",27,0.9,0.8181818181818182,0.9365079365079364,"CDK6, CA2, ACHE, HSP90AB1, PARP1, HIF1A, KIT, CDK2, SYK, TERT, TOP2A, CDK4, SIGMAR1, APEX1, CHEK1, PTPN11, ARG1, PTGS2, CD38, GSK3B, MDM4, HSP90AA1, AURKB, PIK3CG, CCNB1, TBXAS1, G6PD, FLT3, CDK1, IGF1R","{""score_AA_direction_recovery"": 0.09301649684360973, ""score_CD34_expression"": 0.1082483497265457, ""score_CD34_marker_context"": 0.11907841290386662, ""score_GSE165870_bulk_support"": 0.03601485579012789, ""score_WGCNA_module_strength"": 0.26366354864999436, ""score_module_pathology_importance"": 0.12781076922037726, ""score_network_pharmacology_hit"": 0.25216756686547837}"
deterministic_jitter_025,deterministic_weight_jitter_pm25pct,"Each non-docking evidence weight multiplied by a deterministic random factor in [0.75, 1.25], then renormalized.",30,1.0,1.0,0.9915461624026695,"CDK6, CA2, HSP90AB1, PARP1, ACHE, HIF1A, KIT, CDK4, CDK2, APEX1, SYK, HSP90AA1, TOP2A, CHEK1, TERT, PTPN11, PTGS2, ARG1, SIGMAR1, MPO, CD38, MDM4, CCNB1, GSK3B, PRKDC, G6PD, MIF, TBXAS1, PIK3CG, AURKB","{""score_AA_direction_recovery"": 0.09642862628183774, ""score_CD34_expression"": 0.14819461600912895, ""score_CD34_marker_context"": 0.11880077466014961, ""score_GSE165870_bulk_support"": 0.05408678837868709, ""score_WGCNA_module_strength"": 0.21062613155024823, ""score_module_pathology_importance"": 0.14809728911568015, ""score_network_pharmacology_hit"": 0.2237657740042682}"
deterministic_jitter_026,deterministic_weight_jitter_pm25pct,"Each non-docking evidence weight multiplied by a deterministic random factor in [0.75, 1.25], then renormalized.",27,0.9,0.8181818181818182,0.9615384615384616,"CDK6, CA2, HSP90AB1, PARP1, ACHE, KIT, HIF1A, CDK4, APEX1, HSP90AA1, CDK2, SYK, TOP2A, CHEK1, PTPN11, MDM4, SIGMAR1, PRKDC, PTGS2, TERT, CD38, ARG1, HDAC1, TP53, PGD, MIF, G6PD, PIK3CG, GSK3B, CCNB1","{""score_AA_direction_recovery"": 0.11052139325497698, ""score_CD34_expression"": 0.13122391997340002, ""score_CD34_marker_context"": 0.12646504873457098, ""score_GSE165870_bulk_support"": 0.059637049038940196, ""score_WGCNA_module_strength"": 0.2616367893368304, ""score_module_pathology_importance"": 0.13447322820073115, ""score_network_pharmacology_hit"": 0.17604257146055027}"
deterministic_jitter_027,deterministic_weight_jitter_pm25pct,"Each non-docking evidence weight multiplied by a deterministic random factor in [0.75, 1.25], then renormalized.",28,0.9333333333333333,0.875,0.9222769567597153,"CDK6, CA2, HSP90AB1, PARP1, ACHE, HIF1A, KIT, CDK2, TOP2A, CDK4, SYK, TERT, SIGMAR1, ARG1, PTGS2, CHEK1, APEX1, CD38, PTPN11, GSK3B, CCNB1, HSP90AA1, TBXAS1, AURKB, MPO, MDM4, G6PD, IGF1R, PIK3CG, FLT3","{""score_AA_direction_recovery"": 0.12807969265376942, ""score_CD34_expression"": 0.11105546242596745, ""score_CD34_marker_context"": 0.09058618657909774, ""score_GSE165870_bulk_support"": 0.04727650409566431, ""score_WGCNA_module_strength"": 0.21950398594047515, ""score_module_pathology_importance"": 0.14419272372428837, ""score_network_pharmacology_hit"": 0.2593054445807375}"
deterministic_jitter_028,deterministic_weight_jitter_pm25pct,"Each non-docking evidence weight multiplied by a deterministic random factor in [0.75, 1.25], then renormalized.",28,0.9333333333333333,0.875,0.9737274220032841,"CDK6, CA2, HSP90AB1, ACHE, PARP1, KIT, HIF1A, CDK4, CDK2, TOP2A, SYK, APEX1, SIGMAR1, TERT, CHEK1, PTPN11, PTGS2, ARG1, HSP90AA1, CD38, MDM4, GSK3B, PIK3CG, PRKDC, G6PD, CCNB1, TBXAS1, TP53, AURKB, HDAC1","{""score_AA_direction_recovery"": 0.11505029673602489, ""score_CD34_expression"": 0.10771337245267436, ""score_CD34_marker_context"": 0.11180135613218896, ""score_GSE165870_bulk_support"": 0.05449362959277662, ""score_WGCNA_module_strength"": 0.2662364552698409, ""score_module_pathology_importance"": 0.13566808118000864, ""score_network_pharmacology_hit"": 0.20903680863648552}"
deterministic_jitter_029,deterministic_weight_jitter_pm25pct,"Each non-docking evidence weight multiplied by a deterministic random factor in [0.75, 1.25], then renormalized.",27,0.9,0.8181818181818182,0.9139194139194139,"CDK6, CA2, HSP90AB1, PARP1, ACHE, KIT, HIF1A, HSP90AA1, CDK4, APEX1, CDK2, CHEK1, TOP2A, SYK, PTPN11, PRKDC, MDM4, MIF, SIGMAR1, PTGS2, TERT, CD38, PGD, MPO, TP53, HDAC1, ARG1, G6PD, CCNB1, GSK3B","{""score_AA_direction_recovery"": 0.1037227772151474, ""score_CD34_expression"": 0.15908494524041306, ""score_CD34_marker_context"": 0.11989462981140919, ""score_GSE165870_bulk_support"": 0.035183876210767434, ""score_WGCNA_module_strength"": 0.2431439456007508, ""score_module_pathology_importance"": 0.15791322464224433, ""score_network_pharmacology_hit"": 0.1810566012792678}"
deterministic_jitter_030,deterministic_weight_jitter_pm25pct,"Each non-docking evidence weight multiplied by a deterministic random factor in [0.75, 1.25], then renormalized.",28,0.9333333333333333,0.875,0.9863163656267103,"CDK6, CA2, HSP90AB1, ACHE, PARP1, KIT, HIF1A, CDK2, CDK4, TOP2A, SYK, APEX1, SIGMAR1, CHEK1, TERT, PTPN11, PTGS2, HSP90AA1, ARG1, MDM4, CD38, PRKDC, CCNB1, GSK3B, G6PD, TBXAS1, AURKB, TP53, PIK3CG, HDAC1","{""score_AA_direction_recovery"": 0.11903563695515645, ""score_CD34_expression"": 0.10841152089265715, ""score_CD34_marker_context"": 0.09879195801300907, ""score_GSE165870_bulk_support"": 0.053059822169038234, ""score_WGCNA_module_strength"": 0.2677511986615235, ""score_module_pathology_importance"": 0.14623842593658617, ""score_network_pharmacology_hit"": 0.20671143737202935}"
deterministic_jitter_031,deterministic_weight_jitter_pm25pct,"Each non-docking evidence weight multiplied by a deterministic random factor in [0.75, 1.25], then renormalized.",29,0.9666666666666667,0.9354838709677419,0.9738916256157631,"CDK6, CA2, HSP90AB1, PARP1, ACHE, KIT, HIF1A, CDK4, SYK, CDK2, APEX1, TOP2A, SIGMAR1, HSP90AA1, TERT, CHEK1, PTPN11, CD38, PTGS2, ARG1, MDM4, GSK3B, PRKDC, PIK3CG, G6PD, CCNB1, AURKB, TBXAS1, FLT3, MPO","{""score_AA_direction_recovery"": 0.11524689299425482, ""score_CD34_expression"": 0.12782419415412116, ""score_CD34_marker_context"": 0.11730933067087569, ""score_GSE165870_bulk_support"": 0.04136608816239303, ""score_WGCNA_module_strength"": 0.2599618619325254, ""score_module_pathology_importance"": 0.12234260733563145, ""score_network_pharmacology_hit"": 0.21594902475019845}"
deterministic_jitter_032,deterministic_weight_jitter_pm25pct,"Each non-docking evidence weight multiplied by a deterministic random factor in [0.75, 1.25], then renormalized.",28,0.9333333333333333,0.875,0.8642583470169677,"CDK6, CA2, HSP90AB1, PARP1, ACHE, HSP90AA1, HIF1A, CDK4, APEX1, KIT, SYK, MPO, TOP2A, MIF, CDK2, CHEK1, PTPN11, SIGMAR1, PRKDC, CD38, PTGS2, ARG1, TERT, CCNB1, MDM4, PGD, G6PD, TBXAS1, GSK3B, HDAC1","{""score_AA_direction_recovery"": 0.10851654839740929, ""score_CD34_expression"": 0.1910881222880289, ""score_CD34_marker_context"": 0.0970711174382194, ""score_GSE165870_bulk_support"": 0.05622093373782215, ""score_WGCNA_module_strength"": 0.19756298366174002, ""score_module_pathology_importance"": 0.14715093638619528, ""score_network_pharmacology_hit"": 0.202389358090585}"
deterministic_jitter_033,deterministic_weight_jitter_pm25pct,"Each non-docking evidence weight multiplied by a deterministic random factor in [0.75, 1.25], then renormalized.",28,0.9333333333333333,0.875,0.9469074986316366,"CDK6, CA2, HSP90AB1, PARP1, ACHE, HIF1A, KIT, CDK4, HSP90AA1, APEX1, CDK2, CHEK1, SYK, TOP2A, PTPN11, MPO, PTGS2, PRKDC, TERT, MDM4, SIGMAR1, ARG1, MIF, CD38, CCNB1, G6PD, GSK3B, TBXAS1, PGD, TP53","{""score_AA_direction_recovery"": 0.1142647488715996, ""score_CD34_expression"": 0.15918005827760798, ""score_CD34_marker_context"": 0.12047538108644697, ""score_GSE165870_bulk_support"": 0.04105642942005654, ""score_WGCNA_module_strength"": 0.19533613459330393, ""score_module_pathology_importance"": 0.15947840696927676, ""score_network_pharmacology_hit"": 0.21020884078170826}"
deterministic_jitter_034,deterministic_weight_jitter_pm25pct,"Each non-docking evidence weight multiplied by a deterministic random factor in [0.75, 1.25], then renormalized.",29,0.9666666666666667,0.9354838709677419,0.9591133004926107,"CDK6, CA2, HSP90AB1, PARP1, ACHE, HIF1A, KIT, CDK4, HSP90AA1, APEX1, CDK2, TOP2A, SYK, CHEK1, MPO, PTPN11, ARG1, PTGS2, SIGMAR1, TERT, CD38, CCNB1, PRKDC, MIF, MDM4, TBXAS1, G6PD, GSK3B, AURKB, PGD","{""score_AA_direction_recovery"": 0.12234563150089804, ""score_CD34_expression"": 0.16029807565624715, ""score_CD34_marker_context"": 0.09858360324153718, ""score_GSE165870_bulk_support"": 0.05473632433390555, ""score_WGCNA_module_strength"": 0.1914715206830823, ""score_module_pathology_importance"": 0.15467857022733408, ""score_network_pharmacology_hit"": 0.21788627435699573}"
deterministic_jitter_035,deterministic_weight_jitter_pm25pct,"Each non-docking evidence weight multiplied by a deterministic random factor in [0.75, 1.25], then renormalized.",28,0.9333333333333333,0.875,0.9441707717569787,"CDK6, CA2, HSP90AB1, PARP1, ACHE, HIF1A, KIT, CDK4, SYK, CDK2, TERT, TOP2A, APEX1, CHEK1, SIGMAR1, ARG1, PTGS2, PTPN11, CD38, HSP90AA1, GSK3B, PIK3CG, MDM4, CCNB1, FLT3, G6PD, IGF1R, TBXAS1, PRKDC, MPO","{""score_AA_direction_recovery"": 0.10888704877456212, ""score_CD34_expression"": 0.11386011459235504, ""score_CD34_marker_context"": 0.13868366274295288, ""score_GSE165870_bulk_support"": 0.06037463856032308, ""score_WGCNA_module_strength"": 0.23345581050965333, ""score_module_pathology_importance"": 0.11564799150464411, ""score_network_pharmacology_hit"": 0.22909073331550944}"
deterministic_jitter_036,deterministic_weight_jitter_pm25pct,"Each non-docking evidence weight multiplied by a deterministic random factor in [0.75, 1.25], then renormalized.",28,0.9333333333333333,0.875,0.983032293377121,"CDK6, CA2, HSP90AB1, PARP1, ACHE, KIT, HIF1A, CDK4, APEX1, HSP90AA1, CDK2, SYK, TOP2A, CHEK1, SIGMAR1, PTPN11, TERT, PTGS2, CD38, MDM4, ARG1, PRKDC, GSK3B, MIF, CCNB1, G6PD, MPO, PGD, HDAC1, PIK3CG","{""score_AA_direction_recovery"": 0.11551569725463158, ""score_CD34_expression"": 0.1396877047072857, ""score_CD34_marker_context"": 0.11351966953156488, ""score_GSE165870_bulk_support"": 0.044727658662424175, ""score_WGCNA_module_strength"": 0.2495249265810701, ""score_module_pathology_importance"": 0.13340780652465478, ""score_network_pharmacology_hit"": 0.20361653673836874}"
deterministic_jitter_037,deterministic_weight_jitter_pm25pct,"Each non-docking evidence weight multiplied by a deterministic random factor in [0.75, 1.25], then renormalized.",29,0.9666666666666667,0.9354838709677419,0.927093596059113,"CDK6, CA2, HSP90AB1, ACHE, PARP1, HIF1A, KIT, CDK2, TOP2A, TERT, SYK, CDK4, CHEK1, PTGS2, SIGMAR1, APEX1, ARG1, PTPN11, CD38, MDM4, HSP90AA1, CCNB1, GSK3B, AURKB, TBXAS1, G6PD, PIK3CG, CDK1, PRKDC, MPO","{""score_AA_direction_recovery"": 0.08758033033578695, ""score_CD34_expression"": 0.11171691555645058, ""score_CD34_marker_context"": 0.10117548214259689, ""score_GSE165870_bulk_support"": 0.05009766153363892, ""score_WGCNA_module_strength"": 0.25799713522782936, ""score_module_pathology_importance"": 0.15959169057615152, ""score_network_pharmacology_hit"": 0.23184078462754573}"
deterministic_jitter_038,deterministic_weight_jitter_pm25pct,"Each non-docking evidence weight multiplied by a deterministic random factor in [0.75, 1.25], then renormalized.",27,0.9,0.8181818181818182,0.9621489621489621,"CDK6, CA2, HSP90AB1, PARP1, ACHE, KIT, HIF1A, CDK4, HSP90AA1, APEX1, SYK, CDK2, TOP2A, CHEK1, PTPN11, SIGMAR1, PRKDC, MDM4, TERT, CD38, PTGS2, ARG1, MIF, HDAC1, TP53, PGD, GSK3B, MPO, G6PD, PIK3CG","{""score_AA_direction_recovery"": 0.12135830404090395, ""score_CD34_expression"": 0.1442532703097968, ""score_CD34_marker_context"": 0.12604164507161478, ""score_GSE165870_bulk_support"": 0.05096927822008678, ""score_WGCNA_module_strength"": 0.2405759462143131, ""score_module_pathology_importance"": 0.13050755959204866, ""score_network_pharmacology_hit"": 0.18629399655123605}"
deterministic_jitter_039,deterministic_weight_jitter_pm25pct,"Each non-docking evidence weight multiplied by a deterministic random factor in [0.75, 1.25], then renormalized.",26,0.8666666666666667,0.7647058823529411,0.9637606837606837,"CDK6, CA2, HSP90AB1, ACHE, PARP1, KIT, HIF1A, CDK2, TOP2A, CDK4, APEX1, CHEK1, PTGS2, PTPN11, SYK, TERT, SIGMAR1, HSP90AA1, ARG1, MDM4, CD38, PRKDC, TP53, G6PD, CCNB1, HDAC1, TBXAS1, AURKB, PGD, PIK3CA","{""score_AA_direction_recovery"": 0.09290900804937247, ""score_CD34_expression"": 0.11418466005748858, ""score_CD34_marker_context"": 0.09829554900038459, ""score_GSE165870_bulk_support"": 0.055180720739646784, ""score_WGCNA_module_strength"": 0.27061589078767967, ""score_module_pathology_importance"": 0.17019974513222302, ""score_network_pharmacology_hit"": 0.19861442623320483}"
deterministic_jitter_040,deterministic_weight_jitter_pm25pct,"Each non-docking evidence weight multiplied by a deterministic random factor in [0.75, 1.25], then renormalized.",30,1.0,1.0,0.9781979977753059,"CDK6, CA2, HSP90AB1, PARP1, ACHE, HIF1A, KIT, CDK4, CDK2, TOP2A, SYK, APEX1, TERT, SIGMAR1, HSP90AA1, CHEK1, PTPN11, ARG1, PTGS2, CD38, MDM4, CCNB1, GSK3B, MPO, AURKB, TBXAS1, G6PD, PRKDC, PIK3CG, MIF","{""score_AA_direction_recovery"": 0.10334434277666957, ""score_CD34_expression"": 0.13702513200054597, ""score_CD34_marker_context"": 0.09416730362365439, ""score_GSE165870_bulk_support"": 0.05201246195282243, ""score_WGCNA_module_strength"": 0.24158168879292333, ""score_module_pathology_importance"": 0.1427148837529247, ""score_network_pharmacology_hit"": 0.22915418710045965}"
deterministic_jitter_041,deterministic_weight_jitter_pm25pct,"Each non-docking evidence weight multiplied by a deterministic random factor in [0.75, 1.25], then renormalized.",28,0.9333333333333333,0.875,0.9222769567597153,"CDK6, CA2, ACHE, PARP1, HSP90AB1, HIF1A, KIT, CDK2, TERT, SYK, TOP2A, CDK4, SIGMAR1, ARG1, APEX1, CHEK1, PTGS2, PTPN11, CD38, GSK3B, CCNB1, HSP90AA1, MPO, AURKB, TBXAS1, CDK1, G6PD, MDM4, PIK3CG, FLT3","{""score_AA_direction_recovery"": 0.09430249035914798, ""score_CD34_expression"": 0.1252028734201076, ""score_CD34_marker_context"": 0.09910470236033586, ""score_GSE165870_bulk_support"": 0.04318854447902607, ""score_WGCNA_module_strength"": 0.22650888652009238, ""score_module_pathology_importance"": 0.1418254407643709, ""score_network_pharmacology_hit"": 0.2698670620969192}"
deterministic_jitter_042,deterministic_weight_jitter_pm25pct,"Each non-docking evidence weight multiplied by a deterministic random factor in [0.75, 1.25], then renormalized.",26,0.8666666666666667,0.7647058823529411,0.9398290598290598,"CDK6, CA2, HSP90AB1, PARP1, ACHE, KIT, HIF1A, CDK2, TOP2A, CDK4, CHEK1, APEX1, HSP90AA1, PTGS2, PTPN11, MDM4, ARG1, SYK, SIGMAR1, PRKDC, TERT, CD38, TP53, CCNB1, HDAC1, G6PD, PGD, TBXAS1, AURKB, PIK3CA","{""score_AA_direction_recovery"": 0.11150595081910072, ""score_CD34_expression"": 0.11930741536744763, ""score_CD34_marker_context"": 0.08899189166622544, ""score_GSE165870_bulk_support"": 0.05735746304606329, ""score_WGCNA_module_strength"": 0.25264331078019026, ""score_module_pathology_importance"": 0.1854286921390356, ""score_network_pharmacology_hit"": 0.1847652761819371}"
deterministic_jitter_043,deterministic_weight_jitter_pm25pct,"Each non-docking evidence weight multiplied by a deterministic random factor in [0.75, 1.25], then renormalized.",30,1.0,1.0,0.950166852057842,"CDK6, CA2, HSP90AB1, PARP1, ACHE, CDK4, HIF1A, HSP90AA1, APEX1, KIT, SYK, TOP2A, SIGMAR1, CDK2, TERT, CD38, PTPN11, CHEK1, ARG1, MIF, PTGS2, MPO, GSK3B, CCNB1, MDM4, AURKB, PRKDC, PIK3CG, TBXAS1, G6PD","{""score_AA_direction_recovery"": 0.11771534073478182, ""score_CD34_expression"": 0.16424613566657473, ""score_CD34_marker_context"": 0.08438024129295493, ""score_GSE165870_bulk_support"": 0.053135853615623965, ""score_WGCNA_module_strength"": 0.251259586459511, ""score_module_pathology_importance"": 0.11073481626593941, ""score_network_pharmacology_hit"": 0.21852802596461418}"
deterministic_jitter_044,deterministic_weight_jitter_pm25pct,"Each non-docking evidence weight multiplied by a deterministic random factor in [0.75, 1.25], then renormalized.",30,1.0,1.0,0.9733036707452726,"CDK6, CA2, HSP90AB1, PARP1, ACHE, HIF1A, KIT, CDK4, SYK, APEX1, CDK2, TOP2A, TERT, HSP90AA1, SIGMAR1, CHEK1, PTPN11, CD38, ARG1, PTGS2, GSK3B, MDM4, MPO, CCNB1, PIK3CG, MIF, G6PD, AURKB, TBXAS1, PRKDC","{""score_AA_direction_recovery"": 0.08303378042623161, ""score_CD34_expression"": 0.15015423783204507, ""score_CD34_marker_context"": 0.11657148908463572, ""score_GSE165870_bulk_support"": 0.04994200409524557, ""score_WGCNA_module_strength"": 0.2443249556007684, ""score_module_pathology_importance"": 0.12425752045030855, ""score_network_pharmacology_hit"": 0.231716012510765}"
deterministic_jitter_045,deterministic_weight_jitter_pm25pct,"Each non-docking evidence weight multiplied by a deterministic random factor in [0.75, 1.25], then renormalized.",29,0.9666666666666667,0.9354838709677419,0.9551724137931031,"CDK6, CA2, HSP90AB1, PARP1, ACHE, CDK4, HIF1A, HSP90AA1, KIT, APEX1, SYK, TOP2A, SIGMAR1, CDK2, TERT, CD38, PTPN11, CHEK1, MIF, ARG1, PTGS2, MDM4, PRKDC, MPO, GSK3B, CCNB1, AURKB, PGD, G6PD, PIK3CG","{""score_AA_direction_recovery"": 0.12586977984228012, ""score_CD34_expression"": 0.1585770767047281, ""score_CD34_marker_context"": 0.08680480834016933, ""score_GSE165870_bulk_support"": 0.05080728592568874, ""score_WGCNA_module_strength"": 0.2559646373441799, ""score_module_pathology_importance"": 0.11596389428032966, ""score_network_pharmacology_hit"": 0.20601251756262423}"
deterministic_jitter_046,deterministic_weight_jitter_pm25pct,"Each non-docking evidence weight multiplied by a deterministic random factor in [0.75, 1.25], then renormalized.",30,1.0,1.0,0.9688542825361514,"CDK6, CA2, HSP90AB1, PARP1, ACHE, HIF1A, CDK4, KIT, HSP90AA1, APEX1, SYK, CDK2, TOP2A, CHEK1, MPO, SIGMAR1, PTPN11, TERT, CD38, ARG1, PTGS2, MIF, PRKDC, CCNB1, MDM4, GSK3B, G6PD, TBXAS1, AURKB, PIK3CG","{""score_AA_direction_recovery"": 0.12860290726028345, ""score_CD34_expression"": 0.16194631091133754, ""score_CD34_marker_context"": 0.10922529867362618, ""score_GSE165870_bulk_support"": 0.04627577813870838, ""score_WGCNA_module_strength"": 0.20140157211878004, ""score_module_pathology_importance"": 0.135866864799638, ""score_network_pharmacology_hit"": 0.2166812680976264}"
deterministic_jitter_047,deterministic_weight_jitter_pm25pct,"Each non-docking evidence weight multiplied by a deterministic random factor in [0.75, 1.25], then renormalized.",28,0.9333333333333333,0.875,0.9638752052545155,"CDK6, CA2, HSP90AB1, PARP1, ACHE, HIF1A, CDK4, SYK, KIT, CDK2, TOP2A, APEX1, TERT, SIGMAR1, HSP90AA1, CD38, CHEK1, ARG1, MPO, GSK3B, PTPN11, PTGS2, CCNB1, AURKB, FLT3, TBXAS1, PIK3CG, IGF1R, G6PD, MIF","{""score_AA_direction_recovery"": 0.12599548293696017, ""score_CD34_expression"": 0.1489424583789288, ""score_CD34_marker_context"": 0.10203396432452999, ""score_GSE165870_bulk_support"": 0.042588845818694925, ""score_WGCNA_module_strength"": 0.21003247516302434, ""score_module_pathology_importance"": 0.11110442286876691, ""score_network_pharmacology_hit"": 0.2593023505090949}"
deterministic_jitter_048,deterministic_weight_jitter_pm25pct,"Each non-docking evidence weight multiplied by a deterministic random factor in [0.75, 1.25], then renormalized.",29,0.9666666666666667,0.9354838709677419,0.9842364532019702,"CDK6, CA2, HSP90AB1, PARP1, ACHE, HIF1A, KIT, CDK4, APEX1, CDK2, HSP90AA1, TOP2A, SYK, CHEK1, PTPN11, SIGMAR1, TERT, MDM4, PTGS2, CD38, ARG1, PRKDC, MIF, MPO, G6PD, CCNB1, GSK3B, AURKB, PGD, TBXAS1","{""score_AA_direction_recovery"": 0.09385926651632823, ""score_CD34_expression"": 0.14933235753871335, ""score_CD34_marker_context"": 0.1065439996397892, ""score_GSE165870_bulk_support"": 0.03143495408770069, ""score_WGCNA_module_strength"": 0.25839325549071956, ""score_module_pathology_importance"": 0.1522222051372841, ""score_network_pharmacology_hit"": 0.20821396158946487}"
deterministic_jitter_049,deterministic_weight_jitter_pm25pct,"Each non-docking evidence weight multiplied by a deterministic random factor in [0.75, 1.25], then renormalized.",29,0.9666666666666667,0.9354838709677419,0.9655172413793103,"CDK6, CA2, HSP90AB1, PARP1, ACHE, HIF1A, KIT, TOP2A, CDK2, CDK4, APEX1, HSP90AA1, SYK, SIGMAR1, PTPN11, TERT, CHEK1, PTGS2, ARG1, CD38, MDM4, CCNB1, AURKB, PRKDC, TBXAS1, G6PD, MPO, GSK3B, MIF, PGD","{""score_AA_direction_recovery"": 0.11127412203098709, ""score_CD34_expression"": 0.1323641832215421, ""score_CD34_marker_context"": 0.08130958893169678, ""score_GSE165870_bulk_support"": 0.04239520571006592, ""score_WGCNA_module_strength"": 0.2586266964430596, ""score_module_pathology_importance"": 0.1583640872007456, ""score_network_pharmacology_hit"": 0.2156661164619029}"
deterministic_jitter_050,deterministic_weight_jitter_pm25pct,"Each non-docking evidence weight multiplied by a deterministic random factor in [0.75, 1.25], then renormalized.",27,0.9,0.8181818181818182,0.9236874236874236,"CDK6, CA2, HSP90AB1, PARP1, ACHE, KIT, HIF1A, HSP90AA1, CDK4, APEX1, CDK2, TOP2A, SYK, CHEK1, PTPN11, PRKDC, MDM4, SIGMAR1, MIF, PTGS2, CD38, PGD, HDAC1, TERT, TP53, ARG1, MPO, G6PD, CCNB1, GSK3B","{""score_AA_direction_recovery"": 0.11517304488365067, ""score_CD34_expression"": 0.1549355695669958, ""score_CD34_marker_context"": 0.11647452317853278, ""score_GSE165870_bulk_support"": 0.04462352060568072, ""score_WGCNA_module_strength"": 0.25276638734370577, ""score_module_pathology_importance"": 0.1434659856205584, ""score_network_pharmacology_hit"": 0.1725609688008759}"
deterministic_jitter_051,deterministic_weight_jitter_pm25pct,"Each non-docking evidence weight multiplied by a deterministic random factor in [0.75, 1.25], then renormalized.",29,0.9666666666666667,0.9354838709677419,0.9773399014778321,"CDK6, CA2, HSP90AB1, PARP1, ACHE, HIF1A, KIT, CDK2, CDK4, TOP2A, SYK, APEX1, CHEK1, TERT, PTPN11, SIGMAR1, PTGS2, ARG1, HSP90AA1, MDM4, CD38, GSK3B, CCNB1, G6PD, PRKDC, MPO, TBXAS1, AURKB, PIK3CG, TP53","{""score_AA_direction_recovery"": 0.09775816813983801, ""score_CD34_expression"": 0.12145867613761067, ""score_CD34_marker_context"": 0.12167584419306193, ""score_GSE165870_bulk_support"": 0.04354384047935767, ""score_WGCNA_module_strength"": 0.23908927398316132, ""score_module_pathology_importance"": 0.15022188595505123, ""score_network_pharmacology_hit"": 0.22625231111191915}"
deterministic_jitter_052,deterministic_weight_jitter_pm25pct,"Each non-docking evidence weight multiplied by a deterministic random factor in [0.75, 1.25], then renormalized.",28,0.9333333333333333,0.875,0.9584017515051997,"CDK6, CA2, HSP90AB1, PARP1, ACHE, HIF1A, KIT, CDK2, SYK, CDK4, TERT, TOP2A, APEX1, CHEK1, SIGMAR1, ARG1, PTPN11, PTGS2, CD38, HSP90AA1, GSK3B, MPO, CCNB1, AURKB, TBXAS1, MDM4, PIK3CG, G6PD, FLT3, CDK1","{""score_AA_direction_recovery"": 0.10278607616413549, ""score_CD34_expression"": 0.13546890583431664, ""score_CD34_marker_context"": 0.11801181133358432, ""score_GSE165870_bulk_support"": 0.04072025621434919, ""score_WGCNA_module_strength"": 0.20900429204400894, ""score_module_pathology_importance"": 0.13330948931191483, ""score_network_pharmacology_hit"": 0.2606991690976907}"
deterministic_jitter_053,deterministic_weight_jitter_pm25pct,"Each non-docking evidence weight multiplied by a deterministic random factor in [0.75, 1.25], then renormalized.",27,0.9,0.8181818181818182,0.976190476190476,"CDK6, CA2, HSP90AB1, PARP1, ACHE, KIT, CDK4, HIF1A, APEX1, HSP90AA1, SYK, TOP2A, CDK2, SIGMAR1, CHEK1, PTPN11, TERT, MDM4, CD38, PRKDC, PTGS2, HDAC1, ARG1, PGD, GSK3B, MIF, TP53, PIK3CG, G6PD, AURKB","{""score_AA_direction_recovery"": 0.11218532913468064, ""score_CD34_expression"": 0.13690988661239012, ""score_CD34_marker_context"": 0.126867139573788, ""score_GSE165870_bulk_support"": 0.042124404387929, ""score_WGCNA_module_strength"": 0.2863035029583949, ""score_module_pathology_importance"": 0.11028022301119732, ""score_network_pharmacology_hit"": 0.1853295143216199}"
deterministic_jitter_054,deterministic_weight_jitter_pm25pct,"Each non-docking evidence weight multiplied by a deterministic random factor in [0.75, 1.25], then renormalized.",30,1.0,1.0,0.9750834260289211,"CDK6, CA2, HSP90AB1, PARP1, ACHE, HIF1A, KIT, CDK4, APEX1, CDK2, HSP90AA1, SYK, TOP2A, TERT, SIGMAR1, CHEK1, ARG1, PTPN11, CD38, MPO, PTGS2, CCNB1, GSK3B, MIF, MDM4, TBXAS1, AURKB, PRKDC, G6PD, PIK3CG","{""score_AA_direction_recovery"": 0.11030722144616904, ""score_CD34_expression"": 0.1564957401833692, ""score_CD34_marker_context"": 0.09624158133799447, ""score_GSE165870_bulk_support"": 0.05473786315205415, ""score_WGCNA_module_strength"": 0.21168701204205598, ""score_module_pathology_importance"": 0.13804321475638354, ""score_network_pharmacology_hit"": 0.2324873670819736}"
deterministic_jitter_055,deterministic_weight_jitter_pm25pct,"Each non-docking evidence weight multiplied by a deterministic random factor in [0.75, 1.25], then renormalized.",28,0.9333333333333333,0.875,0.960591133004926,"CDK6, CA2, HSP90AB1, ACHE, PARP1, HIF1A, KIT, CDK4, SYK, TOP2A, CDK2, APEX1, SIGMAR1, TERT, HSP90AA1, CD38, PTPN11, CHEK1, ARG1, PTGS2, GSK3B, MDM4, PIK3CG, AURKB, CCNB1, FLT3, G6PD, TBXAS1, PRKDC, IGF1R","{""score_AA_direction_recovery"": 0.12240917086388824, ""score_CD34_expression"": 0.1272367304756963, ""score_CD34_marker_context"": 0.10376759010854474, ""score_GSE165870_bulk_support"": 0.04263496779510188, ""score_WGCNA_module_strength"": 0.27049111076830623, ""score_module_pathology_importance"": 0.10826244759735026, ""score_network_pharmacology_hit"": 0.22519798239111236}"
deterministic_jitter_056,deterministic_weight_jitter_pm25pct,"Each non-docking evidence weight multiplied by a deterministic random factor in [0.75, 1.25], then renormalized.",29,0.9666666666666667,0.9354838709677419,0.9586206896551722,"CDK6, CA2, HSP90AB1, ACHE, PARP1, HIF1A, KIT, CDK4, TOP2A, CDK2, SYK, APEX1, SIGMAR1, HSP90AA1, TERT, PTPN11, CD38, CHEK1, ARG1, PTGS2, GSK3B, MDM4, AURKB, CCNB1, TBXAS1, G6PD, PIK3CG, MPO, PRKDC, FLT3","{""score_AA_direction_recovery"": 0.11346949661263138, ""score_CD34_expression"": 0.13376929886265107, ""score_CD34_marker_context"": 0.08731890748656043, ""score_GSE165870_bulk_support"": 0.049038802042965526, ""score_WGCNA_module_strength"": 0.2632960363675359, ""score_module_pathology_importance"": 0.1275319620901347, ""score_network_pharmacology_hit"": 0.2255754965375209}"
deterministic_jitter_057,deterministic_weight_jitter_pm25pct,"Each non-docking evidence weight multiplied by a deterministic random factor in [0.75, 1.25], then renormalized.",29,0.9666666666666667,0.9354838709677419,0.957142857142857,"CDK6, CA2, HSP90AB1, PARP1, ACHE, HIF1A, CDK4, KIT, SYK, APEX1, CDK2, TOP2A, HSP90AA1, TERT, SIGMAR1, ARG1, CD38, CHEK1, MPO, PTPN11, PTGS2, CCNB1, GSK3B, TBXAS1, AURKB, MIF, PIK3CG, G6PD, MDM4, IGF1R","{""score_AA_direction_recovery"": 0.10882008205044924, ""score_CD34_expression"": 0.15603378199596513, ""score_CD34_marker_context"": 0.09535561363141462, ""score_GSE165870_bulk_support"": 0.06008327090370005, ""score_WGCNA_module_strength"": 0.20974464311921365, ""score_module_pathology_importance"": 0.12735258877743139, ""score_network_pharmacology_hit"": 0.24261001952182593}"
deterministic_jitter_058,deterministic_weight_jitter_pm25pct,"Each non-docking evidence weight multiplied by a deterministic random factor in [0.75, 1.25], then renormalized.",29,0.9666666666666667,0.9354838709677419,0.9714285714285712,"CDK6, CA2, HSP90AB1, PARP1, ACHE, HIF1A, KIT, CDK4, HSP90AA1, APEX1, CDK2, TOP2A, SYK, SIGMAR1, CHEK1, TERT, MPO, PTPN11, CD38, ARG1, PTGS2, CCNB1, MIF, MDM4, PRKDC, GSK3B, TBXAS1, AURKB, G6PD, FLT3","{""score_AA_direction_recovery"": 0.119014099723276, ""score_CD34_expression"": 0.16118025401884253, ""score_CD34_marker_context"": 0.09346316550966596, ""score_GSE165870_bulk_support"": 0.04701366935696584, ""score_WGCNA_module_strength"": 0.20916180733069953, ""score_module_pathology_importance"": 0.1430299847791388, ""score_network_pharmacology_hit"": 0.22713701928141128}"
deterministic_jitter_059,deterministic_weight_jitter_pm25pct,"Each non-docking evidence weight multiplied by a deterministic random factor in [0.75, 1.25], then renormalized.",28,0.9333333333333333,0.875,0.9518336070060207,"CDK6, CA2, HSP90AB1, PARP1, ACHE, HIF1A, KIT, HSP90AA1, CDK4, APEX1, TOP2A, CDK2, SYK, CHEK1, PTPN11, SIGMAR1, PTGS2, MPO, MIF, PRKDC, TERT, ARG1, MDM4, CD38, CCNB1, G6PD, PGD, TBXAS1, AURKB, HDAC1","{""score_AA_direction_recovery"": 0.10590338132512997, ""score_CD34_expression"": 0.16556336114942327, ""score_CD34_marker_context"": 0.0866743018616707, ""score_GSE165870_bulk_support"": 0.048378275322008946, ""score_WGCNA_module_strength"": 0.22543887147244776, ""score_module_pathology_importance"": 0.16752199169124757, ""score_network_pharmacology_hit"": 0.20051981717807177}"
deterministic_jitter_060,deterministic_weight_jitter_pm25pct,"Each non-docking evidence weight multiplied by a deterministic random factor in [0.75, 1.25], then renormalized.",29,0.9666666666666667,0.9354838709677419,0.9783251231527093,"CDK6, CA2, HSP90AB1, PARP1, ACHE, HIF1A, KIT, CDK2, TOP2A, CDK4, SYK, TERT, APEX1, SIGMAR1, CHEK1, HSP90AA1, PTPN11, PTGS2, ARG1, CD38, MPO, CCNB1, GSK3B, MDM4, AURKB, TBXAS1, G6PD, CDK1, PIK3CG, MIF","{""score_AA_direction_recovery"": 0.0796283584269249, ""score_CD34_expression"": 0.14333570599846004, ""score_CD34_marker_context"": 0.09543357439665151, ""score_GSE165870_bulk_support"": 0.045645470401033054, ""score_WGCNA_module_strength"": 0.24241070089935454, ""score_module_pathology_importance"": 0.15082222726882039, ""score_network_pharmacology_hit"": 0.2427239626087555}"
deterministic_jitter_061,deterministic_weight_jitter_pm25pct,"Each non-docking evidence weight multiplied by a deterministic random factor in [0.75, 1.25], then renormalized.",29,0.9666666666666667,0.9354838709677419,0.9837438423645317,"CDK6, CA2, HSP90AB1, PARP1, ACHE, HIF1A, KIT, CDK4, SYK, CDK2, APEX1, HSP90AA1, TOP2A, CHEK1, TERT, SIGMAR1, CD38, PTPN11, ARG1, PTGS2, GSK3B, MPO, MDM4, CCNB1, PIK3CG, PRKDC, FLT3, G6PD, MIF, TBXAS1","{""score_AA_direction_recovery"": 0.13265824357224582, ""score_CD34_expression"": 0.14024656530173474, ""score_CD34_marker_context"": 0.12981659734096118, ""score_GSE165870_bulk_support"": 0.04998484265448139, ""score_WGCNA_module_strength"": 0.20278969274290204, ""score_module_pathology_importance"": 0.11572240369053784, ""score_network_pharmacology_hit"": 0.22878165469713696}"
deterministic_jitter_062,deterministic_weight_jitter_pm25pct,"Each non-docking evidence weight multiplied by a deterministic random factor in [0.75, 1.25], then renormalized.",29,0.9666666666666667,0.9354838709677419,0.957142857142857,"CDK6, CA2, HSP90AB1, PARP1, ACHE, HIF1A, KIT, HSP90AA1, APEX1, CDK4, CDK2, TOP2A, SYK, CHEK1, MPO, PTPN11, TERT, SIGMAR1, PTGS2, ARG1, CD38, MIF, CCNB1, MDM4, PRKDC, TBXAS1, G6PD, AURKB, GSK3B, CDK1","{""score_AA_direction_recovery"": 0.08736658714177288, ""score_CD34_expression"": 0.17073760239059868, ""score_CD34_marker_context"": 0.0877574426040198, ""score_GSE165870_bulk_support"": 0.05272080582852437, ""score_WGCNA_module_strength"": 0.2133512528899858, ""score_module_pathology_importance"": 0.166904094302063, ""score_network_pharmacology_hit"": 0.22116221484303553}"
deterministic_jitter_063,deterministic_weight_jitter_pm25pct,"Each non-docking evidence weight multiplied by a deterministic random factor in [0.75, 1.25], then renormalized.",28,0.9333333333333333,0.875,0.9370552818828681,"CDK6, CA2, HSP90AB1, PARP1, ACHE, HIF1A, KIT, CDK2, TOP2A, CDK4, SYK, TERT, SIGMAR1, ARG1, APEX1, CHEK1, PTGS2, PTPN11, CD38, GSK3B, CCNB1, HSP90AA1, MPO, AURKB, TBXAS1, MDM4, G6PD, FLT3, PIK3CG, IGF1R","{""score_AA_direction_recovery"": 0.1264934048358228, ""score_CD34_expression"": 0.11874107118049733, ""score_CD34_marker_context"": 0.09216547176750203, ""score_GSE165870_bulk_support"": 0.03957115675704073, ""score_WGCNA_module_strength"": 0.21425280905365915, ""score_module_pathology_importance"": 0.14466445618901, ""score_network_pharmacology_hit"": 0.2641116302164679}"
deterministic_jitter_064,deterministic_weight_jitter_pm25pct,"Each non-docking evidence weight multiplied by a deterministic random factor in [0.75, 1.25], then renormalized.",29,0.9666666666666667,0.9354838709677419,0.9763546798029553,"CDK6, CA2, HSP90AB1, PARP1, ACHE, HIF1A, KIT, CDK2, CHEK1, CDK4, APEX1, TOP2A, SYK, PTPN11, HSP90AA1, PTGS2, TERT, ARG1, MDM4, SIGMAR1, MPO, CD38, PRKDC, CCNB1, G6PD, GSK3B, TBXAS1, MIF, AURKB, TP53","{""score_AA_direction_recovery"": 0.08827416611956368, ""score_CD34_expression"": 0.13915696120811236, ""score_CD34_marker_context"": 0.12210178530560095, ""score_GSE165870_bulk_support"": 0.04029933614127284, ""score_WGCNA_module_strength"": 0.2191809909869768, ""score_module_pathology_importance"": 0.17396993413366857, ""score_network_pharmacology_hit"": 0.21701682610480483}"
deterministic_jitter_065,deterministic_weight_jitter_pm25pct,"Each non-docking evidence weight multiplied by a deterministic random factor in [0.75, 1.25], then renormalized.",27,0.9,0.8181818181818182,0.9645909645909645,"CDK6, CA2, HSP90AB1, ACHE, PARP1, KIT, HIF1A, CDK2, TOP2A, CDK4, APEX1, CHEK1, SYK, PTPN11, TERT, SIGMAR1, PTGS2, MDM4, HSP90AA1, ARG1, CD38, PRKDC, G6PD, AURKB, CCNB1, TBXAS1, GSK3B, TP53, HDAC1, PGD","{""score_AA_direction_recovery"": 0.10036221454579586, ""score_CD34_expression"": 0.11305396872788781, ""score_CD34_marker_context"": 0.10164725330995723, ""score_GSE165870_bulk_support"": 0.038230408728410284, ""score_WGCNA_module_strength"": 0.2724761315922415, ""score_module_pathology_importance"": 0.16410194925748187, ""score_network_pharmacology_hit"": 0.21012807383822543}"
deterministic_jitter_066,deterministic_weight_jitter_pm25pct,"Each non-docking evidence weight multiplied by a deterministic random factor in [0.75, 1.25], then renormalized.",27,0.9,0.8181818181818182,0.9633699633699633,"CDK6, CA2, HSP90AB1, PARP1, ACHE, KIT, HIF1A, CDK4, HSP90AA1, APEX1, SYK, TOP2A, CDK2, CHEK1, SIGMAR1, PTPN11, CD38, PRKDC, PTGS2, ARG1, TERT, MDM4, MIF, HDAC1, PGD, CCNB1, TP53, MPO, GSK3B, PIK3CG","{""score_AA_direction_recovery"": 0.1423884879355839, ""score_CD34_expression"": 0.14161241155764473, ""score_CD34_marker_context"": 0.10815441283054229, ""score_GSE165870_bulk_support"": 0.0630474958766255, ""score_WGCNA_module_strength"": 0.2331964485568769, ""score_module_pathology_importance"": 0.12557437478177985, ""score_network_pharmacology_hit"": 0.1860263684609469}"
deterministic_jitter_067,deterministic_weight_jitter_pm25pct,"Each non-docking evidence weight multiplied by a deterministic random factor in [0.75, 1.25], then renormalized.",29,0.9666666666666667,0.9354838709677419,0.9798029556650243,"CDK6, CA2, HSP90AB1, PARP1, ACHE, HIF1A, KIT, CDK4, SYK, CDK2, APEX1, TOP2A, TERT, HSP90AA1, SIGMAR1, CHEK1, PTPN11, CD38, MPO, ARG1, GSK3B, PTGS2, CCNB1, MDM4, AURKB, MIF, G6PD, PIK3CG, FLT3, TBXAS1","{""score_AA_direction_recovery"": 0.10814561018020356, ""score_CD34_expression"": 0.15046427800761697, ""score_CD34_marker_context"": 0.11877421173250897, ""score_GSE165870_bulk_support"": 0.03340220582121012, ""score_WGCNA_module_strength"": 0.2188175918856333, ""score_module_pathology_importance"": 0.12426471695605953, ""score_network_pharmacology_hit"": 0.24613138541676757}"
deterministic_jitter_068,deterministic_weight_jitter_pm25pct,"Each non-docking evidence weight multiplied by a deterministic random factor in [0.75, 1.25], then renormalized.",28,0.9333333333333333,0.875,0.9573070607553366,"CDK6, CA2, HSP90AB1, ACHE, PARP1, KIT, HIF1A, CDK4, CDK2, TOP2A, SYK, SIGMAR1, TERT, APEX1, CHEK1, PTPN11, PTGS2, ARG1, HSP90AA1, CD38, MDM4, GSK3B, AURKB, PIK3CG, CCNB1, TBXAS1, G6PD, FLT3, PRKDC, IGF1R","{""score_AA_direction_recovery"": 0.1227053671526996, ""score_CD34_expression"": 0.1108501924867918, ""score_CD34_marker_context"": 0.10331898452074381, ""score_GSE165870_bulk_support"": 0.04455360733145297, ""score_WGCNA_module_strength"": 0.26752058384437327, ""score_module_pathology_importance"": 0.12553051295842996, ""score_network_pharmacology_hit"": 0.2255207517055087}"
deterministic_jitter_069,deterministic_weight_jitter_pm25pct,"Each non-docking evidence weight multiplied by a deterministic random factor in [0.75, 1.25], then renormalized.",28,0.9333333333333333,0.875,0.9365079365079365,"CDK6, CA2, HSP90AB1, ACHE, PARP1, HIF1A, CDK4, SYK, KIT, TOP2A, SIGMAR1, CDK2, APEX1, TERT, HSP90AA1, CD38, PTPN11, ARG1, GSK3B, CHEK1, PTGS2, AURKB, CCNB1, PIK3CG, FLT3, MDM4, TBXAS1, MPO, G6PD, IGF1R","{""score_AA_direction_recovery"": 0.11781832965195538, ""score_CD34_expression"": 0.1399519096136384, ""score_CD34_marker_context"": 0.08774390346875305, ""score_GSE165870_bulk_support"": 0.04050077881352664, ""score_WGCNA_module_strength"": 0.26403937588812687, ""score_module_pathology_importance"": 0.10304940162567097, ""score_network_pharmacology_hit"": 0.2468963009383286}"
deterministic_jitter_070,deterministic_weight_jitter_pm25pct,"Each non-docking evidence weight multiplied by a deterministic random factor in [0.75, 1.25], then renormalized.",30,1.0,1.0,0.971078976640712,"CDK6, CA2, HSP90AB1, PARP1, ACHE, HIF1A, CDK4, KIT, HSP90AA1, APEX1, SYK, CDK2, TOP2A, SIGMAR1, CHEK1, PTPN11, TERT, MPO, CD38, MIF, PTGS2, ARG1, PRKDC, MDM4, GSK3B, CCNB1, G6PD, AURKB, TBXAS1, PIK3CG","{""score_AA_direction_recovery"": 0.11298340573761308, ""score_CD34_expression"": 0.1681949281797966, ""score_CD34_marker_context"": 0.11064922205853259, ""score_GSE165870_bulk_support"": 0.04428789425715107, ""score_WGCNA_module_strength"": 0.2197071658787083, ""score_module_pathology_importance"": 0.12867626217341321, ""score_network_pharmacology_hit"": 0.21550112171478517}"
deterministic_jitter_071,deterministic_weight_jitter_pm25pct,"Each non-docking evidence weight multiplied by a deterministic random factor in [0.75, 1.25], then renormalized.",27,0.9,0.8181818181818182,0.9297924297924297,"CDK6, CA2, HSP90AB1, PARP1, ACHE, KIT, CDK4, HIF1A, HSP90AA1, APEX1, SYK, TOP2A, CDK2, SIGMAR1, CHEK1, PTPN11, MIF, PRKDC, MDM4, TERT, CD38, PTGS2, HDAC1, PGD, ARG1, TP53, GSK3B, PIK3CG, G6PD, MPO","{""score_AA_direction_recovery"": 0.10403847532190594, ""score_CD34_expression"": 0.16040310757337123, ""score_CD34_marker_context"": 0.1301635669557408, ""score_GSE165870_bulk_support"": 0.04860022745694139, ""score_WGCNA_module_strength"": 0.2605948603716121, ""score_module_pathology_importance"": 0.114092761513736, ""score_network_pharmacology_hit"": 0.1821070008066925}"
deterministic_jitter_072,deterministic_weight_jitter_pm25pct,"Each non-docking evidence weight multiplied by a deterministic random factor in [0.75, 1.25], then renormalized.",28,0.9333333333333333,0.875,0.9299397920087575,"CDK6, CA2, HSP90AB1, ACHE, PARP1, HIF1A, KIT, CDK2, TOP2A, CDK4, SIGMAR1, TERT, SYK, CHEK1, PTGS2, PTPN11, APEX1, ARG1, HSP90AA1, MDM4, CD38, AURKB, CCNB1, TBXAS1, G6PD, GSK3B, PRKDC, PIK3CA, MPO, TP53","{""score_AA_direction_recovery"": 0.11873302132081648, ""score_CD34_expression"": 0.1064295966863144, ""score_CD34_marker_context"": 0.08225254579449331, ""score_GSE165870_bulk_support"": 0.03733792988004741, ""score_WGCNA_module_strength"": 0.2636265918461577, ""score_module_pathology_importance"": 0.16643035773530654, ""score_network_pharmacology_hit"": 0.22518995673686415}"
deterministic_jitter_073,deterministic_weight_jitter_pm25pct,"Each non-docking evidence weight multiplied by a deterministic random factor in [0.75, 1.25], then renormalized.",29,0.9666666666666667,0.9354838709677419,0.9684729064039406,"CDK6, CA2, HSP90AB1, PARP1, ACHE, HIF1A, KIT, CDK2, TOP2A, CDK4, APEX1, SYK, TERT, CHEK1, SIGMAR1, PTPN11, HSP90AA1, PTGS2, ARG1, MPO, CD38, CCNB1, MDM4, AURKB, GSK3B, TBXAS1, G6PD, CDK1, MIF, PRKDC","{""score_AA_direction_recovery"": 0.08122402579524632, ""score_CD34_expression"": 0.14765692180124426, ""score_CD34_marker_context"": 0.09538535394911515, ""score_GSE165870_bulk_support"": 0.03635284778247381, ""score_WGCNA_module_strength"": 0.22661360922495907, ""score_module_pathology_importance"": 0.1650374858701097, ""score_network_pharmacology_hit"": 0.24772975557685176}"
deterministic_jitter_074,deterministic_weight_jitter_pm25pct,"Each non-docking evidence weight multiplied by a deterministic random factor in [0.75, 1.25], then renormalized.",28,0.9333333333333333,0.875,0.9677066228790366,"CDK6, CA2, HSP90AB1, PARP1, ACHE, HIF1A, CDK4, KIT, SYK, CDK2, APEX1, TOP2A, TERT, HSP90AA1, SIGMAR1, CD38, CHEK1, ARG1, PTPN11, GSK3B, PTGS2, MPO, PIK3CG, CCNB1, FLT3, MDM4, AURKB, TBXAS1, G6PD, IGF1R","{""score_AA_direction_recovery"": 0.10412301954057769, ""score_CD34_expression"": 0.1469493460775531, ""score_CD34_marker_context"": 0.11531136336020642, ""score_GSE165870_bulk_support"": 0.0544655283593259, ""score_WGCNA_module_strength"": 0.22479837654351958, ""score_module_pathology_importance"": 0.11117395446042222, ""score_network_pharmacology_hit"": 0.24317841165839507}"
deterministic_jitter_075,deterministic_weight_jitter_pm25pct,"Each non-docking evidence weight multiplied by a deterministic random factor in [0.75, 1.25], then renormalized.",27,0.9,0.8181818181818182,0.8687423687423688,"CDK6, CA2, HSP90AB1, PARP1, ACHE, KIT, HIF1A, HSP90AA1, APEX1, CDK4, CHEK1, CDK2, PRKDC, PTPN11, MDM4, TOP2A, SYK, PTGS2, MIF, TP53, HDAC1, MPO, ARG1, PGD, SIGMAR1, CD38, TERT, G6PD, CCNB1, TBXAS1","{""score_AA_direction_recovery"": 0.10388115593526592, ""score_CD34_expression"": 0.15249546402057376, ""score_CD34_marker_context"": 0.13039994008598874, ""score_GSE165870_bulk_support"": 0.05120589242540721, ""score_WGCNA_module_strength"": 0.2179153535171689, ""score_module_pathology_importance"": 0.17373432543983827, ""score_network_pharmacology_hit"": 0.17036786857575723}"
deterministic_jitter_076,deterministic_weight_jitter_pm25pct,"Each non-docking evidence weight multiplied by a deterministic random factor in [0.75, 1.25], then renormalized.",30,1.0,1.0,0.9808676307007785,"CDK6, CA2, HSP90AB1, PARP1, ACHE, HIF1A, KIT, CDK4, CDK2, APEX1, SYK, TOP2A, HSP90AA1, SIGMAR1, TERT, CHEK1, PTPN11, CD38, PTGS2, MDM4, ARG1, GSK3B, PRKDC, G6PD, MIF, AURKB, MPO, PIK3CG, CCNB1, TBXAS1","{""score_AA_direction_recovery"": 0.0947029469904281, ""score_CD34_expression"": 0.14102044149214735, ""score_CD34_marker_context"": 0.12111466977248038, ""score_GSE165870_bulk_support"": 0.03331410067721498, ""score_WGCNA_module_strength"": 0.2603133728123201, ""score_module_pathology_importance"": 0.12864216627499844, ""score_network_pharmacology_hit"": 0.22089230198041065}"
deterministic_jitter_077,deterministic_weight_jitter_pm25pct,"Each non-docking evidence weight multiplied by a deterministic random factor in [0.75, 1.25], then renormalized.",29,0.9666666666666667,0.9354838709677419,0.9645320197044334,"CDK6, CA2, HSP90AB1, PARP1, ACHE, HIF1A, CDK4, KIT, SYK, APEX1, HSP90AA1, TOP2A, CDK2, SIGMAR1, TERT, CD38, PTPN11, CHEK1, ARG1, PTGS2, MPO, GSK3B, MIF, CCNB1, MDM4, AURKB, PIK3CG, FLT3, PRKDC, G6PD","{""score_AA_direction_recovery"": 0.11161124533261291, ""score_CD34_expression"": 0.16130956645785355, ""score_CD34_marker_context"": 0.09844453259161152, ""score_GSE165870_bulk_support"": 0.05037983231197412, ""score_WGCNA_module_strength"": 0.23823207749602043, ""score_module_pathology_importance"": 0.11039351009967573, ""score_network_pharmacology_hit"": 0.2296292357102517}"
deterministic_jitter_078,deterministic_weight_jitter_pm25pct,"Each non-docking evidence weight multiplied by a deterministic random factor in [0.75, 1.25], then renormalized.",28,0.9333333333333333,0.875,0.9485495347564312,"CDK6, CA2, HSP90AB1, ACHE, PARP1, HIF1A, KIT, CDK2, TOP2A, CDK4, APEX1, CHEK1, TERT, SYK, PTPN11, SIGMAR1, PTGS2, ARG1, HSP90AA1, MDM4, CD38, AURKB, CCNB1, TBXAS1, G6PD, PRKDC, GSK3B, TP53, MPO, PIK3CA","{""score_AA_direction_recovery"": 0.0966129203338145, ""score_CD34_expression"": 0.11823787565780335, ""score_CD34_marker_context"": 0.09062347589662731, ""score_GSE165870_bulk_support"": 0.04366927491407712, ""score_WGCNA_module_strength"": 0.2648246504948333, ""score_module_pathology_importance"": 0.16969896835232817, ""score_network_pharmacology_hit"": 0.21633283435051626}"
deterministic_jitter_079,deterministic_weight_jitter_pm25pct,"Each non-docking evidence weight multiplied by a deterministic random factor in [0.75, 1.25], then renormalized.",28,0.9333333333333333,0.875,0.939792008757526,"CDK6, CA2, HSP90AB1, PARP1, ACHE, HIF1A, KIT, CDK2, CHEK1, TERT, SYK, CDK4, TOP2A, APEX1, PTGS2, ARG1, PTPN11, SIGMAR1, MPO, CD38, GSK3B, HSP90AA1, MDM4, CCNB1, G6PD, TBXAS1, AURKB, CDK1, PIK3CG, AR","{""score_AA_direction_recovery"": 0.081597371788998, ""score_CD34_expression"": 0.1283640086371797, ""score_CD34_marker_context"": 0.13145822714690827, ""score_GSE165870_bulk_support"": 0.04378327413207378, ""score_WGCNA_module_strength"": 0.2027290704978244, ""score_module_pathology_importance"": 0.1618839950943961, ""score_network_pharmacology_hit"": 0.2501840527026198}"
deterministic_jitter_080,deterministic_weight_jitter_pm25pct,"Each non-docking evidence weight multiplied by a deterministic random factor in [0.75, 1.25], then renormalized.",27,0.9,0.8181818181818182,0.9529914529914528,"CDK6, CA2, HSP90AB1, PARP1, ACHE, KIT, HIF1A, HSP90AA1, CDK4, APEX1, CDK2, TOP2A, CHEK1, SYK, PTPN11, PRKDC, PTGS2, SIGMAR1, MDM4, ARG1, CD38, TERT, MPO, MIF, CCNB1, PGD, TP53, HDAC1, G6PD, TBXAS1","{""score_AA_direction_recovery"": 0.1337950519969024, ""score_CD34_expression"": 0.14730417545745117, ""score_CD34_marker_context"": 0.09670968470855729, ""score_GSE165870_bulk_support"": 0.05271119814026797, ""score_WGCNA_module_strength"": 0.2223220678330751, ""score_module_pathology_importance"": 0.16080680260861066, ""score_network_pharmacology_hit"": 0.18635101925513542}"
deterministic_jitter_081,deterministic_weight_jitter_pm25pct,"Each non-docking evidence weight multiplied by a deterministic random factor in [0.75, 1.25], then renormalized.",27,0.9,0.8181818181818182,0.8815628815628815,"CDK6, CA2, HSP90AB1, PARP1, ACHE, HSP90AA1, CDK4, KIT, HIF1A, APEX1, TOP2A, SYK, CDK2, MIF, SIGMAR1, PRKDC, CHEK1, PTPN11, CD38, MDM4, PTGS2, PGD, TERT, MPO, ARG1, HDAC1, TP53, CCNB1, G6PD, GSK3B","{""score_AA_direction_recovery"": 0.1259556308537334, ""score_CD34_expression"": 0.17042451473420045, ""score_CD34_marker_context"": 0.09523974106930852, ""score_GSE165870_bulk_support"": 0.05619576072841919, ""score_WGCNA_module_strength"": 0.2443217198372563, ""score_module_pathology_importance"": 0.13224554365683877, ""score_network_pharmacology_hit"": 0.1756170891202434}"
deterministic_jitter_082,deterministic_weight_jitter_pm25pct,"Each non-docking evidence weight multiplied by a deterministic random factor in [0.75, 1.25], then renormalized.",27,0.9,0.8181818181818182,0.9065934065934066,"CDK6, CA2, HSP90AB1, PARP1, ACHE, HIF1A, KIT, HSP90AA1, APEX1, CDK4, CDK2, CHEK1, SYK, TOP2A, PTPN11, PRKDC, MDM4, MPO, PTGS2, MIF, TERT, ARG1, SIGMAR1, CD38, TP53, HDAC1, G6PD, CCNB1, PGD, GSK3B","{""score_AA_direction_recovery"": 0.09271665115339812, ""score_CD34_expression"": 0.16206852226524537, ""score_CD34_marker_context"": 0.13128828314403942, ""score_GSE165870_bulk_support"": 0.04510701996076421, ""score_WGCNA_module_strength"": 0.2112131661940862, ""score_module_pathology_importance"": 0.16544758703075604, ""score_network_pharmacology_hit"": 0.19215877025171066}"
deterministic_jitter_083,deterministic_weight_jitter_pm25pct,"Each non-docking evidence weight multiplied by a deterministic random factor in [0.75, 1.25], then renormalized.",27,0.9,0.8181818181818182,0.8974358974358974,"CDK6, CA2, HSP90AB1, PARP1, ACHE, HIF1A, HSP90AA1, KIT, CDK4, APEX1, TOP2A, CDK2, CHEK1, SYK, PTPN11, MIF, PRKDC, MPO, SIGMAR1, PTGS2, MDM4, CD38, ARG1, CCNB1, TERT, PGD, G6PD, HDAC1, TBXAS1, TP53","{""score_AA_direction_recovery"": 0.1194260802523783, ""score_CD34_expression"": 0.1726879960767487, ""score_CD34_marker_context"": 0.0889747051154256, ""score_GSE165870_bulk_support"": 0.04948236564890649, ""score_WGCNA_module_strength"": 0.21286528228696738, ""score_module_pathology_importance"": 0.16731806271393349, ""score_network_pharmacology_hit"": 0.18924550790564004}"
deterministic_jitter_084,deterministic_weight_jitter_pm25pct,"Each non-docking evidence weight multiplied by a deterministic random factor in [0.75, 1.25], then renormalized.",30,1.0,1.0,0.9937708565072303,"CDK6, CA2, HSP90AB1, PARP1, ACHE, HIF1A, KIT, CDK2, CDK4, TOP2A, APEX1, SYK, CHEK1, HSP90AA1, TERT, PTPN11, SIGMAR1, PTGS2, ARG1, CD38, MDM4, MPO, CCNB1, PRKDC, GSK3B, G6PD, TBXAS1, AURKB, MIF, PIK3CG","{""score_AA_direction_recovery"": 0.10340460473673516, ""score_CD34_expression"": 0.13731207617406682, ""score_CD34_marker_context"": 0.1068438383626018, ""score_GSE165870_bulk_support"": 0.04522249574765868, ""score_WGCNA_module_strength"": 0.22909098687714755, ""score_module_pathology_importance"": 0.15744216787816584, ""score_network_pharmacology_hit"": 0.2206838302236242}"
deterministic_jitter_085,deterministic_weight_jitter_pm25pct,"Each non-docking evidence weight multiplied by a deterministic random factor in [0.75, 1.25], then renormalized.",30,1.0,1.0,0.9888765294771968,"CDK6, CA2, HSP90AB1, PARP1, ACHE, HIF1A, KIT, CDK4, CDK2, APEX1, SYK, HSP90AA1, CHEK1, TOP2A, TERT, PTPN11, PTGS2, ARG1, MPO, SIGMAR1, CD38, MDM4, PRKDC, CCNB1, GSK3B, MIF, G6PD, TBXAS1, AURKB, PIK3CG","{""score_AA_direction_recovery"": 0.09772143951171035, ""score_CD34_expression"": 0.14952311307331492, ""score_CD34_marker_context"": 0.12296490369296077, ""score_GSE165870_bulk_support"": 0.0476842454836644, ""score_WGCNA_module_strength"": 0.20668043672974246, ""score_module_pathology_importance"": 0.15323250389076232, ""score_network_pharmacology_hit"": 0.22219335761784476}"
deterministic_jitter_086,deterministic_weight_jitter_pm25pct,"Each non-docking evidence weight multiplied by a deterministic random factor in [0.75, 1.25], then renormalized.",27,0.9,0.8181818181818182,0.9822954822954822,"CDK6, CA2, HSP90AB1, ACHE, PARP1, KIT, HIF1A, CDK4, SYK, APEX1, CDK2, TOP2A, HSP90AA1, SIGMAR1, TERT, CHEK1, PTPN11, CD38, MDM4, PTGS2, GSK3B, ARG1, PRKDC, PIK3CG, MIF, G6PD, AURKB, PGD, FLT3, HDAC1","{""score_AA_direction_recovery"": 0.12232925889241425, ""score_CD34_expression"": 0.1320559770123439, ""score_CD34_marker_context"": 0.11818516725781712, ""score_GSE165870_bulk_support"": 0.03535410239031424, ""score_WGCNA_module_strength"": 0.2752310385523609, ""score_module_pathology_importance"": 0.10971053417772285, ""score_network_pharmacology_hit"": 0.2071339217170268}"
deterministic_jitter_087,deterministic_weight_jitter_pm25pct,"Each non-docking evidence weight multiplied by a deterministic random factor in [0.75, 1.25], then renormalized.",28,0.9333333333333333,0.875,0.9660645867542419,"CDK6, CA2, HSP90AB1, PARP1, ACHE, HIF1A, CDK4, SYK, KIT, CDK2, TOP2A, APEX1, TERT, SIGMAR1, HSP90AA1, CD38, ARG1, CHEK1, MPO, PTPN11, PTGS2, GSK3B, CCNB1, AURKB, TBXAS1, FLT3, PIK3CG, IGF1R, G6PD, MIF","{""score_AA_direction_recovery"": 0.12121424099674508, ""score_CD34_expression"": 0.1504009531984066, ""score_CD34_marker_context"": 0.09061287235295325, ""score_GSE165870_bulk_support"": 0.04544853949926614, ""score_WGCNA_module_strength"": 0.21337829361951327, ""score_module_pathology_importance"": 0.12058950555910142, ""score_network_pharmacology_hit"": 0.2583555947740143}"
deterministic_jitter_088,deterministic_weight_jitter_pm25pct,"Each non-docking evidence weight multiplied by a deterministic random factor in [0.75, 1.25], then renormalized.",29,0.9666666666666667,0.9354838709677419,0.9645320197044334,"CDK6, CA2, HSP90AB1, PARP1, ACHE, HIF1A, KIT, CDK4, CDK2, APEX1, HSP90AA1, CHEK1, TOP2A, SYK, MPO, PTPN11, PTGS2, ARG1, TERT, SIGMAR1, CD38, PRKDC, CCNB1, MDM4, MIF, TBXAS1, G6PD, GSK3B, AURKB, PGD","{""score_AA_direction_recovery"": 0.1338363761216853, ""score_CD34_expression"": 0.14745575324934557, ""score_CD34_marker_context"": 0.10826419947651382, ""score_GSE165870_bulk_support"": 0.04443594674326001, ""score_WGCNA_module_strength"": 0.18653013354332204, ""score_module_pathology_importance"": 0.15996351356236127, ""score_network_pharmacology_hit"": 0.21951407730351194}"
deterministic_jitter_089,deterministic_weight_jitter_pm25pct,"Each non-docking evidence weight multiplied by a deterministic random factor in [0.75, 1.25], then renormalized.",27,0.9,0.8181818181818182,0.9706959706959707,"CDK6, CA2, HSP90AB1, PARP1, ACHE, KIT, HIF1A, CDK4, APEX1, HSP90AA1, CDK2, SYK, TOP2A, CHEK1, PTPN11, SIGMAR1, PTGS2, PRKDC, MDM4, TERT, ARG1, CD38, MPO, MIF, CCNB1, TP53, HDAC1, G6PD, PGD, GSK3B","{""score_AA_direction_recovery"": 0.12409101781088083, ""score_CD34_expression"": 0.13918359079304077, ""score_CD34_marker_context"": 0.12007854023705351, ""score_GSE165870_bulk_support"": 0.05366286704551674, ""score_WGCNA_module_strength"": 0.2257637392175422, ""score_module_pathology_importance"": 0.14297214452705467, ""score_network_pharmacology_hit"": 0.19424810036891138}"
deterministic_jitter_090,deterministic_weight_jitter_pm25pct,"Each non-docking evidence weight multiplied by a deterministic random factor in [0.75, 1.25], then renormalized.",27,0.9,0.8181818181818182,0.9810744810744811,"CDK6, CA2, HSP90AB1, ACHE, PARP1, KIT, HIF1A, CDK2, TOP2A, CDK4, APEX1, SYK, CHEK1, HSP90AA1, PTPN11, SIGMAR1, TERT, MDM4, PTGS2, ARG1, CD38, PRKDC, G6PD, TP53, HDAC1, PGD, AURKB, GSK3B, CCNB1, TBXAS1","{""score_AA_direction_recovery"": 0.08423158491045044, ""score_CD34_expression"": 0.1284299144291613, ""score_CD34_marker_context"": 0.11009613336722877, ""score_GSE165870_bulk_support"": 0.041171807410775106, ""score_WGCNA_module_strength"": 0.27901330349489456, ""score_module_pathology_importance"": 0.15764609713644312, ""score_network_pharmacology_hit"": 0.19941115925104683}"
deterministic_jitter_091,deterministic_weight_jitter_pm25pct,"Each non-docking evidence weight multiplied by a deterministic random factor in [0.75, 1.25], then renormalized.",28,0.9333333333333333,0.875,0.986863711001642,"CDK6, CA2, HSP90AB1, PARP1, ACHE, KIT, HIF1A, CDK4, APEX1, CDK2, SYK, HSP90AA1, CHEK1, TOP2A, PTPN11, TERT, PTGS2, SIGMAR1, PRKDC, ARG1, MDM4, CD38, MPO, GSK3B, CCNB1, G6PD, TP53, PIK3CG, MIF, HDAC1","{""score_AA_direction_recovery"": 0.13540392858825892, ""score_CD34_expression"": 0.13325436202599697, ""score_CD34_marker_context"": 0.13502099952744395, ""score_GSE165870_bulk_support"": 0.049807588574137696, ""score_WGCNA_module_strength"": 0.20900822105523006, ""score_module_pathology_importance"": 0.1351579786971372, ""score_network_pharmacology_hit"": 0.20234692153179518}"
deterministic_jitter_092,deterministic_weight_jitter_pm25pct,"Each non-docking evidence weight multiplied by a deterministic random factor in [0.75, 1.25], then renormalized.",29,0.9666666666666667,0.9354838709677419,0.95615763546798,"CDK6, CA2, HSP90AB1, PARP1, ACHE, HIF1A, CDK4, KIT, SYK, APEX1, HSP90AA1, CDK2, TOP2A, SIGMAR1, TERT, CHEK1, MPO, CD38, PTPN11, ARG1, PTGS2, CCNB1, GSK3B, MIF, AURKB, TBXAS1, MDM4, PRKDC, G6PD, FLT3","{""score_AA_direction_recovery"": 0.13392916007670497, ""score_CD34_expression"": 0.1579626343321788, ""score_CD34_marker_context"": 0.09463159627744558, ""score_GSE165870_bulk_support"": 0.04406511118521439, ""score_WGCNA_module_strength"": 0.20470240785815122, ""score_module_pathology_importance"": 0.1263885551795509, ""score_network_pharmacology_hit"": 0.2383205350907542}"
deterministic_jitter_093,deterministic_weight_jitter_pm25pct,"Each non-docking evidence weight multiplied by a deterministic random factor in [0.75, 1.25], then renormalized.",28,0.9333333333333333,0.875,0.9638752052545155,"CDK6, CA2, HSP90AB1, PARP1, ACHE, HIF1A, CDK4, SYK, CDK2, KIT, APEX1, TOP2A, TERT, HSP90AA1, SIGMAR1, CD38, MPO, PTPN11, CHEK1, ARG1, GSK3B, PTGS2, CCNB1, AURKB, MIF, TBXAS1, FLT3, CDK1, PIK3CG, G6PD","{""score_AA_direction_recovery"": 0.09753017847216926, ""score_CD34_expression"": 0.16599928209524945, ""score_CD34_marker_context"": 0.09591865675579364, ""score_GSE165870_bulk_support"": 0.041995637901630675, ""score_WGCNA_module_strength"": 0.2209891037777579, ""score_module_pathology_importance"": 0.11724045441025238, ""score_network_pharmacology_hit"": 0.26032668658714675}"
deterministic_jitter_094,deterministic_weight_jitter_pm25pct,"Each non-docking evidence weight multiplied by a deterministic random factor in [0.75, 1.25], then renormalized.",29,0.9666666666666667,0.9354838709677419,0.9758620689655171,"CDK6, CA2, HSP90AB1, PARP1, ACHE, HIF1A, KIT, CDK4, SYK, CDK2, APEX1, TOP2A, HSP90AA1, TERT, SIGMAR1, CHEK1, PTPN11, MPO, CD38, GSK3B, ARG1, PTGS2, CCNB1, MIF, MDM4, PIK3CG, G6PD, AURKB, FLT3, TBXAS1","{""score_AA_direction_recovery"": 0.09590392849572656, ""score_CD34_expression"": 0.15832703071051765, ""score_CD34_marker_context"": 0.12579599086596643, ""score_GSE165870_bulk_support"": 0.03752101547596574, ""score_WGCNA_module_strength"": 0.21294603692579797, ""score_module_pathology_importance"": 0.12251051152541126, ""score_network_pharmacology_hit"": 0.2469954860006145}"
deterministic_jitter_095,deterministic_weight_jitter_pm25pct,"Each non-docking evidence weight multiplied by a deterministic random factor in [0.75, 1.25], then renormalized.",27,0.9,0.8181818181818182,0.9664224664224663,"CDK6, CA2, HSP90AB1, PARP1, ACHE, KIT, HIF1A, CDK4, APEX1, HSP90AA1, SYK, CDK2, TOP2A, CHEK1, SIGMAR1, PTPN11, TERT, MDM4, CD38, PRKDC, MIF, PTGS2, ARG1, GSK3B, HDAC1, PGD, MPO, G6PD, TP53, PIK3CG","{""score_AA_direction_recovery"": 0.10035418471170128, ""score_CD34_expression"": 0.15374212901629344, ""score_CD34_marker_context"": 0.12728654005460482, ""score_GSE165870_bulk_support"": 0.04149822420354871, ""score_WGCNA_module_strength"": 0.2571527867373584, ""score_module_pathology_importance"": 0.12366908344927698, ""score_network_pharmacology_hit"": 0.19629705182721632}"
deterministic_jitter_096,deterministic_weight_jitter_pm25pct,"Each non-docking evidence weight multiplied by a deterministic random factor in [0.75, 1.25], then renormalized.",27,0.9,0.8181818181818182,0.9456654456654456,"CDK6, CA2, HSP90AB1, PARP1, ACHE, KIT, HIF1A, HSP90AA1, CDK4, APEX1, TOP2A, CDK2, SYK, CHEK1, PTPN11, MDM4, SIGMAR1, PRKDC, PTGS2, TERT, CD38, PGD, MIF, HDAC1, ARG1, TP53, G6PD, CCNB1, AURKB, MPO","{""score_AA_direction_recovery"": 0.09983550659780832, ""score_CD34_expression"": 0.14604672466224183, ""score_CD34_marker_context"": 0.10476360535898713, ""score_GSE165870_bulk_support"": 0.04492896535694939, ""score_WGCNA_module_strength"": 0.27290449826255697, ""score_module_pathology_importance"": 0.15507292142100715, ""score_network_pharmacology_hit"": 0.17644777834044928}"
deterministic_jitter_097,deterministic_weight_jitter_pm25pct,"Each non-docking evidence weight multiplied by a deterministic random factor in [0.75, 1.25], then renormalized.",29,0.9666666666666667,0.9354838709677419,0.9507389162561575,"CDK6, CA2, HSP90AB1, ACHE, PARP1, HIF1A, CDK4, SYK, KIT, APEX1, TOP2A, CDK2, SIGMAR1, TERT, HSP90AA1, CD38, PTPN11, CHEK1, GSK3B, ARG1, PTGS2, PIK3CG, MIF, MPO, MDM4, AURKB, FLT3, CCNB1, G6PD, TBXAS1","{""score_AA_direction_recovery"": 0.0798272817265333, ""score_CD34_expression"": 0.1579882405158352, ""score_CD34_marker_context"": 0.11096935099591992, ""score_GSE165870_bulk_support"": 0.048891203304317454, ""score_WGCNA_module_strength"": 0.26278331023144036, ""score_module_pathology_importance"": 0.10038426720713028, ""score_network_pharmacology_hit"": 0.23915634601882352}"
deterministic_jitter_098,deterministic_weight_jitter_pm25pct,"Each non-docking evidence weight multiplied by a deterministic random factor in [0.75, 1.25], then renormalized.",28,0.9333333333333333,0.875,0.9512862616310892,"CDK6, CA2, HSP90AB1, PARP1, ACHE, HIF1A, KIT, CDK2, CDK4, SYK, TERT, TOP2A, APEX1, CHEK1, ARG1, SIGMAR1, CD38, PTGS2, PTPN11, GSK3B, HSP90AA1, MPO, CCNB1, PIK3CG, MDM4, FLT3, TBXAS1, IGF1R, G6PD, AURKB","{""score_AA_direction_recovery"": 0.11136478399549456, ""score_CD34_expression"": 0.1275207786601416, ""score_CD34_marker_context"": 0.13130412048394416, ""score_GSE165870_bulk_support"": 0.05401430046270458, ""score_WGCNA_module_strength"": 0.19925283912025188, ""score_module_pathology_importance"": 0.12380234212922962, ""score_network_pharmacology_hit"": 0.25274083514823353}"
deterministic_jitter_099,deterministic_weight_jitter_pm25pct,"Each non-docking evidence weight multiplied by a deterministic random factor in [0.75, 1.25], then renormalized.",30,1.0,1.0,0.9750834260289211,"CDK6, CA2, HSP90AB1, PARP1, ACHE, HIF1A, KIT, CDK2, CDK4, SYK, APEX1, CHEK1, TOP2A, TERT, HSP90AA1, ARG1, PTPN11, PTGS2, MPO, SIGMAR1, CD38, GSK3B, CCNB1, MDM4, G6PD, TBXAS1, PRKDC, PIK3CG, AURKB, MIF","{""score_AA_direction_recovery"": 0.10392239422400446, ""score_CD34_expression"": 0.14222535637233394, ""score_CD34_marker_context"": 0.12667353172470477, ""score_GSE165870_bulk_support"": 0.04723807204366609, ""score_WGCNA_module_strength"": 0.19460077152054095, ""score_module_pathology_importance"": 0.14418371989208498, ""score_network_pharmacology_hit"": 0.2411561542226648}"
deterministic_jitter_100,deterministic_weight_jitter_pm25pct,"Each non-docking evidence weight multiplied by a deterministic random factor in [0.75, 1.25], then renormalized.",27,0.9,0.8181818181818182,0.9468864468864469,"CDK6, CA2, HSP90AB1, PARP1, ACHE, CDK4, KIT, HSP90AA1, HIF1A, APEX1, TOP2A, SYK, CDK2, SIGMAR1, PTPN11, CHEK1, CD38, PRKDC, TERT, MDM4, PTGS2, MIF, ARG1, PGD, HDAC1, CCNB1, TP53, MPO, GSK3B, G6PD","{""score_AA_direction_recovery"": 0.14171556534321744, ""score_CD34_expression"": 0.14908634685571537, ""score_CD34_marker_context"": 0.08796050034486474, ""score_GSE165870_bulk_support"": 0.051902570204443416, ""score_WGCNA_module_strength"": 0.2599058660581502, ""score_module_pathology_importance"": 0.12420744770522177, ""score_network_pharmacology_hit"": 0.1852217034883871}"
deterministic_jitter_101,deterministic_weight_jitter_pm25pct,"Each non-docking evidence weight multiplied by a deterministic random factor in [0.75, 1.25], then renormalized.",28,0.9333333333333333,0.875,0.975369458128079,"CDK6, CA2, HSP90AB1, PARP1, ACHE, HIF1A, KIT, CDK4, SYK, CDK2, APEX1, TOP2A, TERT, SIGMAR1, CHEK1, HSP90AA1, CD38, ARG1, PTPN11, PTGS2, GSK3B, MPO, CCNB1, PIK3CG, MDM4, FLT3, TBXAS1, AURKB, G6PD, IGF1R","{""score_AA_direction_recovery"": 0.12532426956090267, ""score_CD34_expression"": 0.13149371500007717, ""score_CD34_marker_context"": 0.11911826865113723, ""score_GSE165870_bulk_support"": 0.04756311885210135, ""score_WGCNA_module_strength"": 0.22072299029121042, ""score_module_pathology_importance"": 0.11646434484709318, ""score_network_pharmacology_hit"": 0.23931329279747807}"
deterministic_jitter_102,deterministic_weight_jitter_pm25pct,"Each non-docking evidence weight multiplied by a deterministic random factor in [0.75, 1.25], then renormalized.",28,0.9333333333333333,0.875,0.986863711001642,"CDK6, CA2, HSP90AB1, PARP1, ACHE, KIT, HIF1A, CDK4, APEX1, HSP90AA1, CDK2, TOP2A, SYK, SIGMAR1, CHEK1, PTPN11, TERT, CD38, MDM4, PTGS2, ARG1, PRKDC, GSK3B, MIF, PGD, G6PD, CCNB1, HDAC1, AURKB, PIK3CG","{""score_AA_direction_recovery"": 0.12570512324940164, ""score_CD34_expression"": 0.1340125766190046, ""score_CD34_marker_context"": 0.10883947969250297, ""score_GSE165870_bulk_support"": 0.040706049438581075, ""score_WGCNA_module_strength"": 0.26403608070682527, ""score_module_pathology_importance"": 0.12691504711377763, ""score_network_pharmacology_hit"": 0.19978564317990688}"
deterministic_jitter_103,deterministic_weight_jitter_pm25pct,"Each non-docking evidence weight multiplied by a deterministic random factor in [0.75, 1.25], then renormalized.",28,0.9333333333333333,0.875,0.9600437876299945,"CDK6, CA2, HSP90AB1, PARP1, ACHE, HIF1A, KIT, CDK2, TOP2A, CDK4, SYK, TERT, APEX1, ARG1, SIGMAR1, CHEK1, PTGS2, HSP90AA1, PTPN11, CD38, MPO, CCNB1, TBXAS1, GSK3B, AURKB, MDM4, G6PD, CDK1, IGF1R, PIK3CG","{""score_AA_direction_recovery"": 0.10571448828758238, ""score_CD34_expression"": 0.1378097292131151, ""score_CD34_marker_context"": 0.08592303899081292, ""score_GSE165870_bulk_support"": 0.05684914791286341, ""score_WGCNA_module_strength"": 0.20998406832932756, ""score_module_pathology_importance"": 0.15548814074541686, ""score_network_pharmacology_hit"": 0.24823138652088164}"
deterministic_jitter_104,deterministic_weight_jitter_pm25pct,"Each non-docking evidence weight multiplied by a deterministic random factor in [0.75, 1.25], then renormalized.",28,0.9333333333333333,0.875,0.9824849480021893,"CDK6, CA2, HSP90AB1, PARP1, ACHE, KIT, HIF1A, CDK4, CDK2, APEX1, HSP90AA1, TOP2A, SYK, CHEK1, PTPN11, SIGMAR1, PTGS2, MDM4, TERT, PRKDC, ARG1, CD38, CCNB1, MPO, G6PD, TP53, GSK3B, PGD, MIF, TBXAS1","{""score_AA_direction_recovery"": 0.1368757896309661, ""score_CD34_expression"": 0.12927625583767677, ""score_CD34_marker_context"": 0.11048621937694132, ""score_GSE165870_bulk_support"": 0.04083407277537642, ""score_WGCNA_module_strength"": 0.23585460923558343, ""score_module_pathology_importance"": 0.14836147972280123, ""score_network_pharmacology_hit"": 0.1983115734206547}"
deterministic_jitter_105,deterministic_weight_jitter_pm25pct,"Each non-docking evidence weight multiplied by a deterministic random factor in [0.75, 1.25], then renormalized.",30,1.0,1.0,0.9924360400444937,"CDK6, CA2, HSP90AB1, PARP1, ACHE, HIF1A, KIT, CDK4, APEX1, HSP90AA1, CDK2, SYK, TOP2A, CHEK1, SIGMAR1, PTPN11, TERT, ARG1, PTGS2, CD38, MPO, MDM4, PRKDC, CCNB1, MIF, GSK3B, G6PD, TBXAS1, PIK3CG, AURKB","{""score_AA_direction_recovery"": 0.1191705890445815, ""score_CD34_expression"": 0.14962365070532768, ""score_CD34_marker_context"": 0.10898429601093437, ""score_GSE165870_bulk_support"": 0.055812407182973714, ""score_WGCNA_module_strength"": 0.21553583103149584, ""score_module_pathology_importance"": 0.13931373037108954, ""score_network_pharmacology_hit"": 0.2115594956535974}"
deterministic_jitter_106,deterministic_weight_jitter_pm25pct,"Each non-docking evidence weight multiplied by a deterministic random factor in [0.75, 1.25], then renormalized.",27,0.9,0.8181818181818182,0.9548229548229549,"CDK6, CA2, HSP90AB1, PARP1, ACHE, KIT, HIF1A, CDK4, HSP90AA1, APEX1, CDK2, TOP2A, CHEK1, SYK, PTPN11, MDM4, PRKDC, SIGMAR1, PTGS2, TERT, CD38, ARG1, MIF, MPO, PGD, CCNB1, TP53, G6PD, HDAC1, TBXAS1","{""score_AA_direction_recovery"": 0.1131755786491139, ""score_CD34_expression"": 0.15115975417183058, ""score_CD34_marker_context"": 0.10999011074730848, ""score_GSE165870_bulk_support"": 0.041984996518046394, ""score_WGCNA_module_strength"": 0.23517164564634196, ""score_module_pathology_importance"": 0.15771110614343353, ""score_network_pharmacology_hit"": 0.19080680812392517}"
deterministic_jitter_107,deterministic_weight_jitter_pm25pct,"Each non-docking evidence weight multiplied by a deterministic random factor in [0.75, 1.25], then renormalized.",30,1.0,1.0,0.9781979977753059,"CDK6, CA2, HSP90AB1, PARP1, ACHE, HIF1A, KIT, CDK4, TOP2A, CDK2, APEX1, SYK, HSP90AA1, SIGMAR1, TERT, PTPN11, CHEK1, CD38, PTGS2, ARG1, MDM4, GSK3B, AURKB, CCNB1, MPO, PRKDC, MIF, TBXAS1, G6PD, PIK3CG","{""score_AA_direction_recovery"": 0.1212377783657651, ""score_CD34_expression"": 0.14186941801947686, ""score_CD34_marker_context"": 0.09014930425584435, ""score_GSE165870_bulk_support"": 0.036991592892423354, ""score_WGCNA_module_strength"": 0.25467691501353673, ""score_module_pathology_importance"": 0.13425220096251136, ""score_network_pharmacology_hit"": 0.2208227904904423}"
deterministic_jitter_108,deterministic_weight_jitter_pm25pct,"Each non-docking evidence weight multiplied by a deterministic random factor in [0.75, 1.25], then renormalized.",27,0.9,0.8181818181818182,0.9139194139194139,"CDK6, CA2, HSP90AB1, PARP1, ACHE, HIF1A, KIT, APEX1, HSP90AA1, CDK4, CDK2, CHEK1, TOP2A, PTPN11, SYK, MDM4, PRKDC, PTGS2, MIF, MPO, TERT, SIGMAR1, ARG1, CD38, TP53, G6PD, PGD, HDAC1, CCNB1, TBXAS1","{""score_AA_direction_recovery"": 0.08543757849967477, ""score_CD34_expression"": 0.15920356012494907, ""score_CD34_marker_context"": 0.12645482229227778, ""score_GSE165870_bulk_support"": 0.037026694347416046, ""score_WGCNA_module_strength"": 0.22669267654595907, ""score_module_pathology_importance"": 0.1743441322082925, ""score_network_pharmacology_hit"": 0.1908405359814307}"
deterministic_jitter_109,deterministic_weight_jitter_pm25pct,"Each non-docking evidence weight multiplied by a deterministic random factor in [0.75, 1.25], then renormalized.",27,0.9,0.8181818181818182,0.9853479853479853,"CDK6, CA2, HSP90AB1, PARP1, ACHE, KIT, HIF1A, CDK4, CDK2, APEX1, TOP2A, HSP90AA1, SYK, CHEK1, PTPN11, SIGMAR1, PTGS2, ARG1, MDM4, TERT, CD38, PRKDC, CCNB1, TP53, G6PD, HDAC1, PGD, TBXAS1, GSK3B, AURKB","{""score_AA_direction_recovery"": 0.13775007866931258, ""score_CD34_expression"": 0.12195738319378402, ""score_CD34_marker_context"": 0.10302063285163439, ""score_GSE165870_bulk_support"": 0.05346126867990565, ""score_WGCNA_module_strength"": 0.24126382244275232, ""score_module_pathology_importance"": 0.14963935237724235, ""score_network_pharmacology_hit"": 0.19290746178536874}"
deterministic_jitter_110,deterministic_weight_jitter_pm25pct,"Each non-docking evidence weight multiplied by a deterministic random factor in [0.75, 1.25], then renormalized.",27,0.9,0.8181818181818182,0.963980463980464,"CDK6, CA2, HSP90AB1, PARP1, ACHE, KIT, HIF1A, CDK4, APEX1, HSP90AA1, CDK2, SYK, TOP2A, CHEK1, PTPN11, SIGMAR1, MDM4, TERT, PRKDC, CD38, PTGS2, MIF, ARG1, MPO, GSK3B, PGD, G6PD, HDAC1, TP53, CCNB1","{""score_AA_direction_recovery"": 0.11894735989143143, ""score_CD34_expression"": 0.1477260796082386, ""score_CD34_marker_context"": 0.1234984250503033, ""score_GSE165870_bulk_support"": 0.037785100662977376, ""score_WGCNA_module_strength"": 0.24398194198402648, ""score_module_pathology_importance"": 0.13201731326060817, ""score_network_pharmacology_hit"": 0.19604377954241461}"
deterministic_jitter_111,deterministic_weight_jitter_pm25pct,"Each non-docking evidence weight multiplied by a deterministic random factor in [0.75, 1.25], then renormalized.",28,0.9333333333333333,0.875,0.9507389162561576,"CDK6, CA2, HSP90AB1, PARP1, ACHE, CDK4, KIT, HIF1A, HSP90AA1, APEX1, SYK, TOP2A, CDK2, SIGMAR1, CD38, CHEK1, TERT, PTPN11, MIF, ARG1, PTGS2, MDM4, PRKDC, GSK3B, PIK3CG, PGD, MPO, CCNB1, HDAC1, G6PD","{""score_AA_direction_recovery"": 0.1219139157301788, ""score_CD34_expression"": 0.15460364319629968, ""score_CD34_marker_context"": 0.10353063763020971, ""score_GSE165870_bulk_support"": 0.05556703707365387, ""score_WGCNA_module_strength"": 0.2555231461471951, ""score_module_pathology_importance"": 0.11086151244140456, ""score_network_pharmacology_hit"": 0.19800010778105828}"
deterministic_jitter_112,deterministic_weight_jitter_pm25pct,"Each non-docking evidence weight multiplied by a deterministic random factor in [0.75, 1.25], then renormalized.",27,0.9,0.8181818181818182,0.9090354090354089,"CDK6, CA2, PARP1, ACHE, HSP90AB1, HIF1A, KIT, CDK2, TERT, SYK, CDK4, TOP2A, ARG1, CHEK1, APEX1, SIGMAR1, PTGS2, CD38, GSK3B, PTPN11, MPO, CCNB1, PIK3CG, HSP90AA1, TBXAS1, IGF1R, FLT3, AURKB, CDK1, G6PD","{""score_AA_direction_recovery"": 0.08689485296522094, ""score_CD34_expression"": 0.12294085076436928, ""score_CD34_marker_context"": 0.12428986613967521, ""score_GSE165870_bulk_support"": 0.056196320255225495, ""score_WGCNA_module_strength"": 0.20695653391103777, ""score_module_pathology_importance"": 0.1301009258356439, ""score_network_pharmacology_hit"": 0.27262065012882736}"
deterministic_jitter_113,deterministic_weight_jitter_pm25pct,"Each non-docking evidence weight multiplied by a deterministic random factor in [0.75, 1.25], then renormalized.",29,0.9666666666666667,0.9354838709677419,0.9827586206896549,"CDK6, CA2, HSP90AB1, PARP1, ACHE, HIF1A, KIT, CDK4, CDK2, TOP2A, SYK, APEX1, HSP90AA1, SIGMAR1, CHEK1, TERT, ARG1, PTGS2, PTPN11, CD38, CCNB1, MDM4, GSK3B, TBXAS1, PRKDC, MPO, AURKB, G6PD, PIK3CG, FLT3","{""score_AA_direction_recovery"": 0.14794677415631183, ""score_CD34_expression"": 0.11876829212392717, ""score_CD34_marker_context"": 0.09357210607362175, ""score_GSE165870_bulk_support"": 0.05808096759100364, ""score_WGCNA_module_strength"": 0.22661878279897646, ""score_module_pathology_importance"": 0.13658016931153516, ""score_network_pharmacology_hit"": 0.218432907944624}"
deterministic_jitter_114,deterministic_weight_jitter_pm25pct,"Each non-docking evidence weight multiplied by a deterministic random factor in [0.75, 1.25], then renormalized.",28,0.9333333333333333,0.875,0.9797482211275315,"CDK6, CA2, HSP90AB1, PARP1, ACHE, KIT, HIF1A, CDK4, CDK2, SYK, APEX1, TOP2A, CHEK1, TERT, SIGMAR1, HSP90AA1, PTPN11, PTGS2, ARG1, CD38, MDM4, GSK3B, PIK3CG, PRKDC, CCNB1, G6PD, MPO, TBXAS1, TP53, FLT3","{""score_AA_direction_recovery"": 0.11681385117359727, ""score_CD34_expression"": 0.12005273202442697, ""score_CD34_marker_context"": 0.1295330248929393, ""score_GSE165870_bulk_support"": 0.051834258397453585, ""score_WGCNA_module_strength"": 0.23381304300427144, ""score_module_pathology_importance"": 0.13073747958720305, ""score_network_pharmacology_hit"": 0.2172156109201085}"
deterministic_jitter_115,deterministic_weight_jitter_pm25pct,"Each non-docking evidence weight multiplied by a deterministic random factor in [0.75, 1.25], then renormalized.",27,0.9,0.8181818181818182,0.9505494505494505,"CDK6, CA2, HSP90AB1, PARP1, ACHE, KIT, HIF1A, CDK4, HSP90AA1, APEX1, CDK2, TOP2A, SYK, CHEK1, PTPN11, PRKDC, SIGMAR1, MDM4, PTGS2, CD38, ARG1, TERT, MIF, MPO, PGD, CCNB1, TP53, HDAC1, G6PD, GSK3B","{""score_AA_direction_recovery"": 0.12481200235035773, ""score_CD34_expression"": 0.149732932382193, ""score_CD34_marker_context"": 0.11381253498036552, ""score_GSE165870_bulk_support"": 0.052401527549365404, ""score_WGCNA_module_strength"": 0.22157131034604907, ""score_module_pathology_importance"": 0.14925494322948898, ""score_network_pharmacology_hit"": 0.1884147491621803}"
deterministic_jitter_116,deterministic_weight_jitter_pm25pct,"Each non-docking evidence weight multiplied by a deterministic random factor in [0.75, 1.25], then renormalized.",27,0.9,0.8181818181818182,0.9768009768009768,"CDK6, CA2, HSP90AB1, PARP1, ACHE, KIT, HIF1A, CDK4, CDK2, APEX1, TOP2A, CHEK1, HSP90AA1, SYK, PTPN11, MDM4, SIGMAR1, TERT, PTGS2, PRKDC, ARG1, CD38, TP53, HDAC1, PGD, G6PD, GSK3B, MIF, CCNB1, PIK3CG","{""score_AA_direction_recovery"": 0.08577130068580106, ""score_CD34_expression"": 0.12921424920073868, ""score_CD34_marker_context"": 0.1261559166509377, ""score_GSE165870_bulk_support"": 0.04268869210516984, ""score_WGCNA_module_strength"": 0.27356898296820237, ""score_module_pathology_importance"": 0.15418255122464244, ""score_network_pharmacology_hit"": 0.1884183071645079}"
deterministic_jitter_117,deterministic_weight_jitter_pm25pct,"Each non-docking evidence weight multiplied by a deterministic random factor in [0.75, 1.25], then renormalized.",27,0.9,0.8181818181818182,0.9706959706959707,"CDK6, CA2, HSP90AB1, ACHE, PARP1, KIT, HIF1A, CDK2, CDK4, TOP2A, APEX1, SYK, CHEK1, PTPN11, TERT, SIGMAR1, MDM4, PTGS2, HSP90AA1, ARG1, CD38, TP53, PRKDC, HDAC1, G6PD, GSK3B, PGD, PIK3CG, AURKB, CCNB1","{""score_AA_direction_recovery"": 0.08526782666397305, ""score_CD34_expression"": 0.11399129784105613, ""score_CD34_marker_context"": 0.12240082991715925, ""score_GSE165870_bulk_support"": 0.04940205540003963, ""score_WGCNA_module_strength"": 0.28659448833320555, ""score_module_pathology_importance"": 0.14754990892876194, ""score_network_pharmacology_hit"": 0.1947935929158045}"
deterministic_jitter_118,deterministic_weight_jitter_pm25pct,"Each non-docking evidence weight multiplied by a deterministic random factor in [0.75, 1.25], then renormalized.",27,0.9,0.8181818181818182,0.9768009768009768,"CDK6, CA2, HSP90AB1, ACHE, PARP1, KIT, HIF1A, CDK4, HSP90AA1, APEX1, TOP2A, CDK2, SYK, SIGMAR1, CHEK1, PTPN11, MDM4, PTGS2, TERT, ARG1, PRKDC, CD38, HDAC1, PGD, TP53, G6PD, MIF, CCNB1, AURKB, TBXAS1","{""score_AA_direction_recovery"": 0.10043419634782527, ""score_CD34_expression"": 0.13375945542504322, ""score_CD34_marker_context"": 0.09460830522997903, ""score_GSE165870_bulk_support"": 0.05659115414330094, ""score_WGCNA_module_strength"": 0.28130923418056436, ""score_module_pathology_importance"": 0.152786569828829, ""score_network_pharmacology_hit"": 0.1805110848444582}"
deterministic_jitter_119,deterministic_weight_jitter_pm25pct,"Each non-docking evidence weight multiplied by a deterministic random factor in [0.75, 1.25], then renormalized.",29,0.9666666666666667,0.9354838709677419,0.9788177339901475,"CDK6, CA2, HSP90AB1, PARP1, ACHE, KIT, HIF1A, CDK4, CDK2, APEX1, TOP2A, SYK, CHEK1, PTPN11, HSP90AA1, TERT, SIGMAR1, PTGS2, MDM4, ARG1, CD38, PRKDC, GSK3B, G6PD, CCNB1, TP53, TBXAS1, AURKB, PIK3CG, MPO","{""score_AA_direction_recovery"": 0.12125830079579614, ""score_CD34_expression"": 0.11927215451042608, ""score_CD34_marker_context"": 0.12239961460717948, ""score_GSE165870_bulk_support"": 0.037799809139471084, ""score_WGCNA_module_strength"": 0.24428587607621868, ""score_module_pathology_importance"": 0.14538912439556256, ""score_network_pharmacology_hit"": 0.2095951204753459}"
deterministic_jitter_120,deterministic_weight_jitter_pm25pct,"Each non-docking evidence weight multiplied by a deterministic random factor in [0.75, 1.25], then renormalized.",28,0.9333333333333333,0.875,0.9239189928845101,"CDK6, CA2, HSP90AB1, PARP1, ACHE, HIF1A, KIT, HSP90AA1, APEX1, CDK4, CDK2, TOP2A, CHEK1, PTPN11, SYK, MPO, PTGS2, PRKDC, MIF, MDM4, SIGMAR1, TERT, ARG1, CD38, CCNB1, G6PD, PGD, TBXAS1, AURKB, TP53","{""score_AA_direction_recovery"": 0.09413803058167414, ""score_CD34_expression"": 0.1682065648573714, ""score_CD34_marker_context"": 0.10356692145005178, ""score_GSE165870_bulk_support"": 0.036573881227166746, ""score_WGCNA_module_strength"": 0.21705736772351197, ""score_module_pathology_importance"": 0.17577269777459498, ""score_network_pharmacology_hit"": 0.20468453638562895}"
deterministic_jitter_121,deterministic_weight_jitter_pm25pct,"Each non-docking evidence weight multiplied by a deterministic random factor in [0.75, 1.25], then renormalized.",29,0.9666666666666667,0.9354838709677419,0.9729064039408865,"CDK6, CA2, HSP90AB1, PARP1, ACHE, HIF1A, CDK4, KIT, APEX1, HSP90AA1, SYK, CDK2, TOP2A, CHEK1, SIGMAR1, TERT, MPO, PTPN11, CD38, ARG1, PTGS2, GSK3B, CCNB1, MIF, PRKDC, MDM4, TBXAS1, G6PD, AURKB, FLT3","{""score_AA_direction_recovery"": 0.1410065174190546, ""score_CD34_expression"": 0.15452783102631767, ""score_CD34_marker_context"": 0.10769068049478615, ""score_GSE165870_bulk_support"": 0.041702404157476024, ""score_WGCNA_module_strength"": 0.1991020365934196, ""score_module_pathology_importance"": 0.12793505748042383, ""score_network_pharmacology_hit"": 0.2280354728285221}"
deterministic_jitter_122,deterministic_weight_jitter_pm25pct,"Each non-docking evidence weight multiplied by a deterministic random factor in [0.75, 1.25], then renormalized.",30,1.0,1.0,0.9612903225806452,"CDK6, CA2, HSP90AB1, PARP1, ACHE, HIF1A, CDK4, KIT, SYK, APEX1, CDK2, HSP90AA1, TOP2A, TERT, SIGMAR1, MPO, CHEK1, CD38, PTPN11, ARG1, GSK3B, PTGS2, MIF, CCNB1, MDM4, AURKB, G6PD, TBXAS1, PRKDC, PIK3CG","{""score_AA_direction_recovery"": 0.10772689964546138, ""score_CD34_expression"": 0.16435833859815682, ""score_CD34_marker_context"": 0.11628298491195414, ""score_GSE165870_bulk_support"": 0.041798039138079814, ""score_WGCNA_module_strength"": 0.2015089465318325, ""score_module_pathology_importance"": 0.12351958805747199, ""score_network_pharmacology_hit"": 0.24480520311704346}"
deterministic_jitter_123,deterministic_weight_jitter_pm25pct,"Each non-docking evidence weight multiplied by a deterministic random factor in [0.75, 1.25], then renormalized.",27,0.9,0.8181818181818182,0.9896214896214895,"CDK6, CA2, HSP90AB1, PARP1, ACHE, KIT, HIF1A, CDK4, CDK2, APEX1, TOP2A, HSP90AA1, SYK, CHEK1, PTPN11, SIGMAR1, TERT, MDM4, PTGS2, ARG1, CD38, PRKDC, G6PD, TP53, GSK3B, PGD, HDAC1, CCNB1, AURKB, MIF","{""score_AA_direction_recovery"": 0.1018680907870872, ""score_CD34_expression"": 0.1314955361358211, ""score_CD34_marker_context"": 0.11035245504376386, ""score_GSE165870_bulk_support"": 0.03880854304891486, ""score_WGCNA_module_strength"": 0.2672760293688925, ""score_module_pathology_importance"": 0.15026167578353825, ""score_network_pharmacology_hit"": 0.19993766983198225}"
deterministic_jitter_124,deterministic_weight_jitter_pm25pct,"Each non-docking evidence weight multiplied by a deterministic random factor in [0.75, 1.25], then renormalized.",28,0.9333333333333333,0.875,0.986863711001642,"CDK6, CA2, HSP90AB1, PARP1, ACHE, HIF1A, KIT, CDK4, APEX1, HSP90AA1, TOP2A, SYK, CDK2, SIGMAR1, TERT, CHEK1, PTPN11, CD38, PTGS2, ARG1, MDM4, PRKDC, GSK3B, MIF, CCNB1, G6PD, PIK3CG, HDAC1, PGD, AURKB","{""score_AA_direction_recovery"": 0.10924738152193343, ""score_CD34_expression"": 0.14278959414139, ""score_CD34_marker_context"": 0.10130083811462877, ""score_GSE165870_bulk_support"": 0.053607863619381135, ""score_WGCNA_module_strength"": 0.2655521549791409, ""score_module_pathology_importance"": 0.12562671446194482, ""score_network_pharmacology_hit"": 0.20187545316158095}"
deterministic_jitter_125,deterministic_weight_jitter_pm25pct,"Each non-docking evidence weight multiplied by a deterministic random factor in [0.75, 1.25], then renormalized.",27,0.9,0.8181818181818182,0.8846153846153846,"CDK6, CA2, HSP90AB1, PARP1, ACHE, HSP90AA1, CDK4, HIF1A, KIT, APEX1, SYK, TOP2A, CDK2, CHEK1, PRKDC, MIF, PTPN11, SIGMAR1, CD38, MPO, MDM4, PTGS2, ARG1, TERT, PGD, CCNB1, HDAC1, TP53, G6PD, GSK3B","{""score_AA_direction_recovery"": 0.13330558250080043, ""score_CD34_expression"": 0.16668468457845523, ""score_CD34_marker_context"": 0.10247580808229888, ""score_GSE165870_bulk_support"": 0.059065346285829705, ""score_WGCNA_module_strength"": 0.21975092631958695, ""score_module_pathology_importance"": 0.13525490931149103, ""score_network_pharmacology_hit"": 0.18346274292153775}"
deterministic_jitter_126,deterministic_weight_jitter_pm25pct,"Each non-docking evidence weight multiplied by a deterministic random factor in [0.75, 1.25], then renormalized.",29,0.9666666666666667,0.9354838709677419,0.9738916256157631,"CDK6, CA2, HSP90AB1, PARP1, ACHE, HIF1A, KIT, CDK4, SYK, CDK2, TOP2A, APEX1, HSP90AA1, SIGMAR1, TERT, CHEK1, CD38, PTPN11, ARG1, PTGS2, GSK3B, MDM4, CCNB1, MPO, AURKB, PIK3CG, TBXAS1, G6PD, PRKDC, FLT3","{""score_AA_direction_recovery"": 0.11981102524919346, ""score_CD34_expression"": 0.14039269470830137, ""score_CD34_marker_context"": 0.10097294524843145, ""score_GSE165870_bulk_support"": 0.04486994720278876, ""score_WGCNA_module_strength"": 0.24376314336216864, ""score_module_pathology_importance"": 0.12003239374452589, ""score_network_pharmacology_hit"": 0.2301578504845905}"
deterministic_jitter_127,deterministic_weight_jitter_pm25pct,"Each non-docking evidence weight multiplied by a deterministic random factor in [0.75, 1.25], then renormalized.",29,0.9666666666666667,0.9354838709677419,0.9729064039408865,"CDK6, CA2, HSP90AB1, PARP1, ACHE, HIF1A, KIT, CDK2, CDK4, SYK, APEX1, TOP2A, CHEK1, TERT, PTPN11, PTGS2, ARG1, HSP90AA1, SIGMAR1, MPO, CD38, MDM4, CCNB1, GSK3B, G6PD, TBXAS1, AURKB, PRKDC, CDK1, MIF","{""score_AA_direction_recovery"": 0.08325409875149323, ""score_CD34_expression"": 0.1427597505850978, ""score_CD34_marker_context"": 0.11903183740976432, ""score_GSE165870_bulk_support"": 0.04242809536387405, ""score_WGCNA_module_strength"": 0.20990496142642825, ""score_module_pathology_importance"": 0.16107366813076754, ""score_network_pharmacology_hit"": 0.24154758833257475}"
deterministic_jitter_128,deterministic_weight_jitter_pm25pct,"Each non-docking evidence weight multiplied by a deterministic random factor in [0.75, 1.25], then renormalized.",29,0.9666666666666667,0.9354838709677419,0.9881773399014776,"CDK6, CA2, HSP90AB1, PARP1, ACHE, HIF1A, KIT, CDK4, APEX1, HSP90AA1, SYK, CDK2, TOP2A, CHEK1, SIGMAR1, TERT, PTPN11, CD38, ARG1, PTGS2, MPO, PRKDC, MDM4, GSK3B, MIF, CCNB1, PIK3CG, G6PD, TBXAS1, FLT3","{""score_AA_direction_recovery"": 0.13472081011941697, ""score_CD34_expression"": 0.1457806239234918, ""score_CD34_marker_context"": 0.12334054811314774, ""score_GSE165870_bulk_support"": 0.0527005699988963, ""score_WGCNA_module_strength"": 0.21118658750091687, ""score_module_pathology_importance"": 0.12146721328763928, ""score_network_pharmacology_hit"": 0.21080364705649107}"
deterministic_jitter_129,deterministic_weight_jitter_pm25pct,"Each non-docking evidence weight multiplied by a deterministic random factor in [0.75, 1.25], then renormalized.",27,0.9,0.8181818181818182,0.9328449328449329,"CDK6, CA2, HSP90AB1, PARP1, ACHE, KIT, HIF1A, HSP90AA1, CDK4, APEX1, CDK2, TOP2A, SYK, CHEK1, PTPN11, MDM4, PRKDC, SIGMAR1, PTGS2, MIF, TERT, CD38, ARG1, HDAC1, PGD, TP53, MPO, G6PD, CCNB1, GSK3B","{""score_AA_direction_recovery"": 0.09577044914462017, ""score_CD34_expression"": 0.15479802041754384, ""score_CD34_marker_context"": 0.11527637481946841, ""score_GSE165870_bulk_support"": 0.053299558319930496, ""score_WGCNA_module_strength"": 0.251396980499094, ""score_module_pathology_importance"": 0.15115158035054213, ""score_network_pharmacology_hit"": 0.17830703644880103}"
deterministic_jitter_130,deterministic_weight_jitter_pm25pct,"Each non-docking evidence weight multiplied by a deterministic random factor in [0.75, 1.25], then renormalized.",29,0.9666666666666667,0.9354838709677419,0.9733990147783249,"CDK6, CA2, HSP90AB1, PARP1, ACHE, HIF1A, KIT, CDK4, TOP2A, CDK2, APEX1, HSP90AA1, SYK, SIGMAR1, TERT, PTPN11, CHEK1, PTGS2, ARG1, CD38, MPO, MDM4, CCNB1, AURKB, MIF, GSK3B, TBXAS1, G6PD, PRKDC, CDK1","{""score_AA_direction_recovery"": 0.09471561566440526, ""score_CD34_expression"": 0.1535938590125869, ""score_CD34_marker_context"": 0.08251762655366973, ""score_GSE165870_bulk_support"": 0.04278581888915223, ""score_WGCNA_module_strength"": 0.24644640060731504, ""score_module_pathology_importance"": 0.15193782014468685, ""score_network_pharmacology_hit"": 0.22800285912818394}"
deterministic_jitter_131,deterministic_weight_jitter_pm25pct,"Each non-docking evidence weight multiplied by a deterministic random factor in [0.75, 1.25], then renormalized.",29,0.9666666666666667,0.9354838709677419,0.9753694581280786,"CDK6, CA2, HSP90AB1, PARP1, ACHE, HIF1A, KIT, CDK4, CDK2, TOP2A, APEX1, HSP90AA1, SYK, SIGMAR1, CHEK1, PTPN11, TERT, PTGS2, ARG1, MPO, CD38, CCNB1, MDM4, AURKB, MIF, PRKDC, TBXAS1, G6PD, GSK3B, CDK1","{""score_AA_direction_recovery"": 0.1066524933415007, ""score_CD34_expression"": 0.15315455712522785, ""score_CD34_marker_context"": 0.0843273404207265, ""score_GSE165870_bulk_support"": 0.03689211946777575, ""score_WGCNA_module_strength"": 0.2286883183134289, ""score_module_pathology_importance"": 0.1620251645097429, ""score_network_pharmacology_hit"": 0.2282600068215975}"
deterministic_jitter_132,deterministic_weight_jitter_pm25pct,"Each non-docking evidence weight multiplied by a deterministic random factor in [0.75, 1.25], then renormalized.",28,0.9333333333333333,0.875,0.9332238642583469,"CDK6, CA2, HSP90AB1, ACHE, PARP1, HIF1A, KIT, CDK2, TOP2A, TERT, CDK4, SYK, CHEK1, SIGMAR1, PTGS2, PTPN11, APEX1, ARG1, MDM4, CD38, HSP90AA1, GSK3B, AURKB, CCNB1, TBXAS1, G6PD, PIK3CG, PRKDC, PIK3CA, TP53","{""score_AA_direction_recovery"": 0.10539485020207952, ""score_CD34_expression"": 0.10219997306692313, ""score_CD34_marker_context"": 0.10284319840467637, ""score_GSE165870_bulk_support"": 0.03912851434163971, ""score_WGCNA_module_strength"": 0.2612282270796922, ""score_module_pathology_importance"": 0.15760979653084814, ""score_network_pharmacology_hit"": 0.2315954403741409}"
deterministic_jitter_133,deterministic_weight_jitter_pm25pct,"Each non-docking evidence weight multiplied by a deterministic random factor in [0.75, 1.25], then renormalized.",26,0.8666666666666667,0.7647058823529411,0.9856410256410256,"CDK6, CA2, HSP90AB1, PARP1, ACHE, KIT, HIF1A, CDK4, SYK, CDK2, APEX1, CHEK1, TOP2A, TERT, HSP90AA1, PTPN11, SIGMAR1, PTGS2, MDM4, ARG1, CD38, GSK3B, PRKDC, PIK3CG, TP53, G6PD, HDAC1, CCNB1, FLT3, PGD","{""score_AA_direction_recovery"": 0.1161439456655678, ""score_CD34_expression"": 0.11775963056443091, ""score_CD34_marker_context"": 0.14477783193432972, ""score_GSE165870_bulk_support"": 0.0514675916437313, ""score_WGCNA_module_strength"": 0.243132417428628, ""score_module_pathology_importance"": 0.1219864670312473, ""score_network_pharmacology_hit"": 0.204732115732065}"
deterministic_jitter_134,deterministic_weight_jitter_pm25pct,"Each non-docking evidence weight multiplied by a deterministic random factor in [0.75, 1.25], then renormalized.",28,0.9333333333333333,0.875,0.9846743295019157,"CDK6, CA2, HSP90AB1, PARP1, ACHE, KIT, HIF1A, CDK4, SYK, APEX1, CDK2, HSP90AA1, TOP2A, CHEK1, SIGMAR1, TERT, PTPN11, PTGS2, ARG1, CD38, MDM4, PRKDC, GSK3B, PIK3CG, TP53, CCNB1, HDAC1, G6PD, MPO, TBXAS1","{""score_AA_direction_recovery"": 0.13110973534261267, ""score_CD34_expression"": 0.12375940490809008, ""score_CD34_marker_context"": 0.12911376710130773, ""score_GSE165870_bulk_support"": 0.059220880823432506, ""score_WGCNA_module_strength"": 0.23174708711990052, ""score_module_pathology_importance"": 0.12354532545273014, ""score_network_pharmacology_hit"": 0.20150379925192638}"
deterministic_jitter_135,deterministic_weight_jitter_pm25pct,"Each non-docking evidence weight multiplied by a deterministic random factor in [0.75, 1.25], then renormalized.",27,0.9,0.8181818181818182,0.992063492063492,"CDK6, CA2, HSP90AB1, PARP1, ACHE, KIT, HIF1A, CDK4, CDK2, TOP2A, APEX1, SYK, CHEK1, HSP90AA1, SIGMAR1, PTPN11, TERT, PTGS2, MDM4, ARG1, CD38, PRKDC, TP53, G6PD, GSK3B, PGD, HDAC1, CCNB1, AURKB, TBXAS1","{""score_AA_direction_recovery"": 0.13226102060511566, ""score_CD34_expression"": 0.11480471458768893, ""score_CD34_marker_context"": 0.11099588139745466, ""score_GSE165870_bulk_support"": 0.04164231297278509, ""score_WGCNA_module_strength"": 0.2603248203770258, ""score_module_pathology_importance"": 0.14396190355892685, ""score_network_pharmacology_hit"": 0.196009346501003}"
deterministic_jitter_136,deterministic_weight_jitter_pm25pct,"Each non-docking evidence weight multiplied by a deterministic random factor in [0.75, 1.25], then renormalized.",29,0.9666666666666667,0.9354838709677419,0.9640394088669949,"CDK6, CA2, HSP90AB1, PARP1, ACHE, HIF1A, KIT, TOP2A, CDK4, APEX1, HSP90AA1, CDK2, SYK, SIGMAR1, TERT, PTPN11, CHEK1, PTGS2, ARG1, CD38, MPO, CCNB1, MDM4, AURKB, MIF, TBXAS1, G6PD, GSK3B, PRKDC, CDK1","{""score_AA_direction_recovery"": 0.08776718225487765, ""score_CD34_expression"": 0.15672599509202698, ""score_CD34_marker_context"": 0.07966966246387899, ""score_GSE165870_bulk_support"": 0.054272635745314574, ""score_WGCNA_module_strength"": 0.24547737360216296, ""score_module_pathology_importance"": 0.15212240773641314, ""score_network_pharmacology_hit"": 0.22396474310532571}"
deterministic_jitter_137,deterministic_weight_jitter_pm25pct,"Each non-docking evidence weight multiplied by a deterministic random factor in [0.75, 1.25], then renormalized.",27,0.9,0.8181818181818182,0.9584859584859584,"CDK6, CA2, HSP90AB1, PARP1, ACHE, KIT, HIF1A, CDK4, APEX1, HSP90AA1, SYK, TOP2A, CDK2, SIGMAR1, CHEK1, PTPN11, MDM4, PRKDC, TERT, HDAC1, CD38, TP53, PTGS2, PGD, MIF, ARG1, PIK3CG, GSK3B, G6PD, CCNB1","{""score_AA_direction_recovery"": 0.10357100899534855, ""score_CD34_expression"": 0.13756131737032132, ""score_CD34_marker_context"": 0.13157521673861786, ""score_GSE165870_bulk_support"": 0.052989968324717085, ""score_WGCNA_module_strength"": 0.28909575846220537, ""score_module_pathology_importance"": 0.11626069835715637, ""score_network_pharmacology_hit"": 0.16894603175163345}"
deterministic_jitter_138,deterministic_weight_jitter_pm25pct,"Each non-docking evidence weight multiplied by a deterministic random factor in [0.75, 1.25], then renormalized.",30,1.0,1.0,0.9933259176863181,"CDK6, CA2, HSP90AB1, PARP1, ACHE, HIF1A, KIT, CDK4, APEX1, SYK, HSP90AA1, CDK2, TOP2A, CHEK1, SIGMAR1, TERT, PTPN11, CD38, PTGS2, ARG1, MDM4, MPO, PRKDC, GSK3B, CCNB1, MIF, G6PD, PIK3CG, TBXAS1, AURKB","{""score_AA_direction_recovery"": 0.11851667251859381, ""score_CD34_expression"": 0.14581794094010644, ""score_CD34_marker_context"": 0.11781209671652416, ""score_GSE165870_bulk_support"": 0.05089742266903932, ""score_WGCNA_module_strength"": 0.22241948136305423, ""score_module_pathology_importance"": 0.13052756303143928, ""score_network_pharmacology_hit"": 0.21400882276124272}"
deterministic_jitter_139,deterministic_weight_jitter_pm25pct,"Each non-docking evidence weight multiplied by a deterministic random factor in [0.75, 1.25], then renormalized.",29,0.9666666666666667,0.9354838709677419,0.9729064039408865,"CDK6, CA2, HSP90AB1, PARP1, ACHE, HIF1A, KIT, CDK4, APEX1, CDK2, SYK, HSP90AA1, CHEK1, TOP2A, MPO, PTPN11, TERT, ARG1, CD38, PTGS2, SIGMAR1, PRKDC, MDM4, GSK3B, CCNB1, MIF, G6PD, PIK3CG, TBXAS1, FLT3","{""score_AA_direction_recovery"": 0.13431792162919493, ""score_CD34_expression"": 0.1472048011187411, ""score_CD34_marker_context"": 0.13130563500890438, ""score_GSE165870_bulk_support"": 0.050596231466014, ""score_WGCNA_module_strength"": 0.1822285517010568, ""score_module_pathology_importance"": 0.1341080139671444, ""score_network_pharmacology_hit"": 0.22023884510894431}"
deterministic_jitter_140,deterministic_weight_jitter_pm25pct,"Each non-docking evidence weight multiplied by a deterministic random factor in [0.75, 1.25], then renormalized.",29,0.9666666666666667,0.9354838709677419,0.9773399014778321,"CDK6, CA2, HSP90AB1, PARP1, ACHE, HIF1A, KIT, CDK2, CDK4, TOP2A, SYK, APEX1, TERT, CHEK1, HSP90AA1, SIGMAR1, PTPN11, PTGS2, ARG1, MPO, CD38, CCNB1, MDM4, GSK3B, AURKB, TBXAS1, G6PD, PRKDC, MIF, CDK1","{""score_AA_direction_recovery"": 0.11428890498374189, ""score_CD34_expression"": 0.14204513663615512, ""score_CD34_marker_context"": 0.09423478738269396, ""score_GSE165870_bulk_support"": 0.03856783343318589, ""score_WGCNA_module_strength"": 0.21190480634322198, ""score_module_pathology_importance"": 0.15662727465816165, ""score_network_pharmacology_hit"": 0.24233125656283955}"
deterministic_jitter_141,deterministic_weight_jitter_pm25pct,"Each non-docking evidence weight multiplied by a deterministic random factor in [0.75, 1.25], then renormalized.",28,0.9333333333333333,0.875,0.9523809523809524,"CDK6, CA2, HSP90AB1, PARP1, ACHE, HIF1A, KIT, CDK2, SYK, CDK4, TOP2A, TERT, SIGMAR1, APEX1, CHEK1, ARG1, PTGS2, PTPN11, CD38, GSK3B, HSP90AA1, CCNB1, MPO, TBXAS1, AURKB, MDM4, G6PD, PIK3CG, FLT3, IGF1R","{""score_AA_direction_recovery"": 0.11388974151138505, ""score_CD34_expression"": 0.11787326683672807, ""score_CD34_marker_context"": 0.10496623752820326, ""score_GSE165870_bulk_support"": 0.0449220550610664, ""score_WGCNA_module_strength"": 0.22314888635856786, ""score_module_pathology_importance"": 0.13937184909575695, ""score_network_pharmacology_hit"": 0.2558279636082924}"
deterministic_jitter_142,deterministic_weight_jitter_pm25pct,"Each non-docking evidence weight multiplied by a deterministic random factor in [0.75, 1.25], then renormalized.",28,0.9333333333333333,0.875,0.9512862616310892,"CDK6, CA2, HSP90AB1, PARP1, ACHE, HIF1A, KIT, CDK4, CDK2, SYK, TOP2A, TERT, SIGMAR1, APEX1, CHEK1, ARG1, CD38, PTGS2, PTPN11, HSP90AA1, GSK3B, CCNB1, MPO, AURKB, TBXAS1, PIK3CG, FLT3, MDM4, IGF1R, G6PD","{""score_AA_direction_recovery"": 0.14009213029479758, ""score_CD34_expression"": 0.11824718126612657, ""score_CD34_marker_context"": 0.10441407976291744, ""score_GSE165870_bulk_support"": 0.04405864537196707, ""score_WGCNA_module_strength"": 0.2218943742770965, ""score_module_pathology_importance"": 0.1189111629015808, ""score_network_pharmacology_hit"": 0.25238242612551404}"
deterministic_jitter_143,deterministic_weight_jitter_pm25pct,"Each non-docking evidence weight multiplied by a deterministic random factor in [0.75, 1.25], then renormalized.",29,0.9666666666666667,0.9354838709677419,0.9669950738916253,"CDK6, CA2, HSP90AB1, PARP1, ACHE, HIF1A, KIT, CDK2, CDK4, SYK, CHEK1, TOP2A, TERT, APEX1, PTPN11, PTGS2, ARG1, SIGMAR1, HSP90AA1, CD38, MPO, GSK3B, MDM4, CCNB1, TBXAS1, G6PD, AURKB, PRKDC, PIK3CG, FLT3","{""score_AA_direction_recovery"": 0.11443265250869339, ""score_CD34_expression"": 0.12529982919110216, ""score_CD34_marker_context"": 0.12534169803725675, ""score_GSE165870_bulk_support"": 0.038469544024324544, ""score_WGCNA_module_strength"": 0.20192031486250228, ""score_module_pathology_importance"": 0.15136212549093617, ""score_network_pharmacology_hit"": 0.24317383588518474}"
deterministic_jitter_144,deterministic_weight_jitter_pm25pct,"Each non-docking evidence weight multiplied by a deterministic random factor in [0.75, 1.25], then renormalized.",27,0.9,0.8181818181818182,0.9597069597069596,"CDK6, CA2, HSP90AB1, PARP1, ACHE, KIT, HIF1A, HSP90AA1, APEX1, CDK4, TOP2A, CDK2, SIGMAR1, PTPN11, SYK, CHEK1, MDM4, PTGS2, TERT, PRKDC, CD38, ARG1, MIF, PGD, HDAC1, TP53, G6PD, AURKB, CCNB1, TBXAS1","{""score_AA_direction_recovery"": 0.09413283739282699, ""score_CD34_expression"": 0.14833563223219542, ""score_CD34_marker_context"": 0.08220086750434386, ""score_GSE165870_bulk_support"": 0.04492185672918287, ""score_WGCNA_module_strength"": 0.2869836370634584, ""score_module_pathology_importance"": 0.16061640864526702, ""score_network_pharmacology_hit"": 0.18280876043272548}"
deterministic_jitter_145,deterministic_weight_jitter_pm25pct,"Each non-docking evidence weight multiplied by a deterministic random factor in [0.75, 1.25], then renormalized.",28,0.9333333333333333,0.875,0.9490968801313627,"CDK6, CA2, HSP90AB1, ACHE, PARP1, KIT, HIF1A, CDK2, SYK, CDK4, TOP2A, TERT, APEX1, SIGMAR1, CHEK1, PTPN11, PTGS2, ARG1, CD38, MDM4, HSP90AA1, GSK3B, PIK3CG, G6PD, AURKB, TBXAS1, TP53, CCNB1, HDAC1, PRKDC","{""score_AA_direction_recovery"": 0.08794928410065739, ""score_CD34_expression"": 0.10845727474455213, ""score_CD34_marker_context"": 0.12398706634509207, ""score_GSE165870_bulk_support"": 0.04808629421666306, ""score_WGCNA_module_strength"": 0.2854514572404198, ""score_module_pathology_importance"": 0.12722118709895655, ""score_network_pharmacology_hit"": 0.21884743625365896}"
deterministic_jitter_146,deterministic_weight_jitter_pm25pct,"Each non-docking evidence weight multiplied by a deterministic random factor in [0.75, 1.25], then renormalized.",29,0.9666666666666667,0.9354838709677419,0.9822660098522165,"CDK6, CA2, HSP90AB1, PARP1, ACHE, HIF1A, KIT, CDK4, CDK2, APEX1, SYK, HSP90AA1, CHEK1, TOP2A, TERT, PTPN11, ARG1, MPO, PTGS2, SIGMAR1, CD38, GSK3B, MDM4, CCNB1, PRKDC, MIF, G6PD, PIK3CG, TBXAS1, FLT3","{""score_AA_direction_recovery"": 0.09515145922486525, ""score_CD34_expression"": 0.15130541326640803, ""score_CD34_marker_context"": 0.13146653330041544, ""score_GSE165870_bulk_support"": 0.05540950143683102, ""score_WGCNA_module_strength"": 0.19628012862024444, ""score_module_pathology_importance"": 0.1407515590210583, ""score_network_pharmacology_hit"": 0.22963540513017763}"
deterministic_jitter_147,deterministic_weight_jitter_pm25pct,"Each non-docking evidence weight multiplied by a deterministic random factor in [0.75, 1.25], then renormalized.",27,0.9,0.8181818181818182,0.8986568986568987,"CDK6, CA2, HSP90AB1, PARP1, ACHE, HSP90AA1, CDK4, KIT, APEX1, HIF1A, TOP2A, SYK, SIGMAR1, CDK2, PTPN11, PRKDC, MIF, CHEK1, MDM4, CD38, PGD, PTGS2, HDAC1, TERT, ARG1, TP53, G6PD, CCNB1, MPO, AURKB","{""score_AA_direction_recovery"": 0.12815986024588213, ""score_CD34_expression"": 0.15993706845755995, ""score_CD34_marker_context"": 0.08989143430256327, ""score_GSE165870_bulk_support"": 0.05408484318239345, ""score_WGCNA_module_strength"": 0.27386680180706363, ""score_module_pathology_importance"": 0.1273464716871024, ""score_network_pharmacology_hit"": 0.16671352031743517}"
deterministic_jitter_148,deterministic_weight_jitter_pm25pct,"Each non-docking evidence weight multiplied by a deterministic random factor in [0.75, 1.25], then renormalized.",28,0.9333333333333333,0.875,0.8708264915161467,"CDK6, CA2, PARP1, ACHE, HSP90AB1, HIF1A, KIT, CDK2, TERT, SYK, TOP2A, CDK4, ARG1, CHEK1, PTGS2, SIGMAR1, APEX1, PTPN11, CD38, GSK3B, CCNB1, MPO, TBXAS1, PIK3CG, AURKB, MDM4, G6PD, IGF1R, HSP90AA1, FLT3","{""score_AA_direction_recovery"": 0.0956268958517682, ""score_CD34_expression"": 0.11046488034331194, ""score_CD34_marker_context"": 0.12217114117294152, ""score_GSE165870_bulk_support"": 0.05099999422614481, ""score_WGCNA_module_strength"": 0.21131355079283648, ""score_module_pathology_importance"": 0.14113299332293316, ""score_network_pharmacology_hit"": 0.2682905442900639}"
deterministic_jitter_149,deterministic_weight_jitter_pm25pct,"Each non-docking evidence weight multiplied by a deterministic random factor in [0.75, 1.25], then renormalized.",29,0.9666666666666667,0.9354838709677419,0.9566502463054185,"CDK6, CA2, HSP90AB1, PARP1, ACHE, HIF1A, CDK4, KIT, SYK, CDK2, APEX1, TOP2A, TERT, HSP90AA1, SIGMAR1, CHEK1, MPO, CD38, ARG1, PTPN11, GSK3B, PTGS2, CCNB1, PIK3CG, FLT3, TBXAS1, AURKB, G6PD, MDM4, MIF","{""score_AA_direction_recovery"": 0.12001809336455385, ""score_CD34_expression"": 0.15019519408068605, ""score_CD34_marker_context"": 0.11525694038977795, ""score_GSE165870_bulk_support"": 0.04716588058442369, ""score_WGCNA_module_strength"": 0.1931034399729313, ""score_module_pathology_importance"": 0.11990597427051138, ""score_network_pharmacology_hit"": 0.2543544773371157}"
deterministic_jitter_150,deterministic_weight_jitter_pm25pct,"Each non-docking evidence weight multiplied by a deterministic random factor in [0.75, 1.25], then renormalized.",29,0.9666666666666667,0.9354838709677419,0.9522167487684726,"CDK6, CA2, HSP90AB1, PARP1, ACHE, HIF1A, KIT, CDK2, CDK4, TOP2A, SYK, TERT, CHEK1, APEX1, SIGMAR1, ARG1, PTGS2, PTPN11, CD38, HSP90AA1, GSK3B, CCNB1, MDM4, TBXAS1, AURKB, MPO, G6PD, PIK3CG, FLT3, PRKDC","{""score_AA_direction_recovery"": 0.12358688530198418, ""score_CD34_expression"": 0.1112371965010826, ""score_CD34_marker_context"": 0.10720077438707543, ""score_GSE165870_bulk_support"": 0.04880010698222749, ""score_WGCNA_module_strength"": 0.22464576834991737, ""score_module_pathology_importance"": 0.1449260195226931, ""score_network_pharmacology_hit"": 0.23960324895501975}"
deterministic_jitter_151,deterministic_weight_jitter_pm25pct,"Each non-docking evidence weight multiplied by a deterministic random factor in [0.75, 1.25], then renormalized.",28,0.9333333333333333,0.875,0.9857690202517788,"CDK6, CA2, HSP90AB1, PARP1, ACHE, HIF1A, KIT, CDK4, APEX1, HSP90AA1, SYK, CDK2, CHEK1, TOP2A, PTPN11, TERT, SIGMAR1, PTGS2, CD38, ARG1, PRKDC, MDM4, MPO, MIF, GSK3B, CCNB1, G6PD, PIK3CG, HDAC1, TP53","{""score_AA_direction_recovery"": 0.1159615404612972, ""score_CD34_expression"": 0.14668803215402354, ""score_CD34_marker_context"": 0.13137033435050993, ""score_GSE165870_bulk_support"": 0.05447313036428103, ""score_WGCNA_module_strength"": 0.21741840654890082, ""score_module_pathology_importance"": 0.13254313513336194, ""score_network_pharmacology_hit"": 0.20154542098762554}"
deterministic_jitter_152,deterministic_weight_jitter_pm25pct,"Each non-docking evidence weight multiplied by a deterministic random factor in [0.75, 1.25], then renormalized.",28,0.9333333333333333,0.875,0.9540229885057472,"CDK6, CA2, HSP90AB1, PARP1, ACHE, HIF1A, KIT, CDK4, SYK, CDK2, TERT, APEX1, TOP2A, CHEK1, SIGMAR1, HSP90AA1, ARG1, CD38, GSK3B, MPO, PTPN11, PTGS2, CCNB1, PIK3CG, FLT3, TBXAS1, AURKB, MDM4, G6PD, IGF1R","{""score_AA_direction_recovery"": 0.11361735494887691, ""score_CD34_expression"": 0.14139606442977706, ""score_CD34_marker_context"": 0.12740077622245843, ""score_GSE165870_bulk_support"": 0.044138044049021684, ""score_WGCNA_module_strength"": 0.19517129811112643, ""score_module_pathology_importance"": 0.118349446529943, ""score_network_pharmacology_hit"": 0.2599270157087965}"
deterministic_jitter_153,deterministic_weight_jitter_pm25pct,"Each non-docking evidence weight multiplied by a deterministic random factor in [0.75, 1.25], then renormalized.",28,0.9333333333333333,0.875,0.9480021893814996,"CDK6, CA2, HSP90AB1, PARP1, ACHE, HIF1A, KIT, CDK2, TOP2A, CDK4, CHEK1, SYK, TERT, APEX1, PTGS2, ARG1, PTPN11, SIGMAR1, HSP90AA1, MPO, CD38, CCNB1, TBXAS1, MDM4, AURKB, GSK3B, G6PD, PRKDC, AR, CDK1","{""score_AA_direction_recovery"": 0.1243200860918412, ""score_CD34_expression"": 0.12589718194340463, ""score_CD34_marker_context"": 0.09386448184971892, ""score_GSE165870_bulk_support"": 0.042048149747918706, ""score_WGCNA_module_strength"": 0.19766513306951494, ""score_module_pathology_importance"": 0.17075417841650503, ""score_network_pharmacology_hit"": 0.2454507888810966}"
deterministic_jitter_154,deterministic_weight_jitter_pm25pct,"Each non-docking evidence weight multiplied by a deterministic random factor in [0.75, 1.25], then renormalized.",27,0.9,0.8181818181818182,0.8907203907203908,"CDK6, CA2, HSP90AB1, PARP1, ACHE, HIF1A, KIT, HSP90AA1, CDK4, APEX1, CHEK1, CDK2, TOP2A, SYK, MPO, PRKDC, PTPN11, MIF, PTGS2, MDM4, ARG1, CD38, TERT, SIGMAR1, CCNB1, HDAC1, TP53, G6PD, PGD, TBXAS1","{""score_AA_direction_recovery"": 0.10942336455368862, ""score_CD34_expression"": 0.16672104776952823, ""score_CD34_marker_context"": 0.12009483666594027, ""score_GSE165870_bulk_support"": 0.05761772389182795, ""score_WGCNA_module_strength"": 0.18907506283721953, ""score_module_pathology_importance"": 0.16685349702628696, ""score_network_pharmacology_hit"": 0.19021446725550845}"
deterministic_jitter_155,deterministic_weight_jitter_pm25pct,"Each non-docking evidence weight multiplied by a deterministic random factor in [0.75, 1.25], then renormalized.",28,0.9333333333333333,0.875,0.9852216748768472,"CDK6, CA2, HSP90AB1, PARP1, ACHE, KIT, HIF1A, CDK4, CDK2, APEX1, SYK, CHEK1, TOP2A, HSP90AA1, PTPN11, PTGS2, TERT, ARG1, SIGMAR1, MDM4, CD38, PRKDC, GSK3B, CCNB1, MPO, TP53, PIK3CG, G6PD, TBXAS1, HDAC1","{""score_AA_direction_recovery"": 0.135128663283077, ""score_CD34_expression"": 0.1190827482979658, ""score_CD34_marker_context"": 0.13429532154907542, ""score_GSE165870_bulk_support"": 0.05416652745834276, ""score_WGCNA_module_strength"": 0.2119594934394196, ""score_module_pathology_importance"": 0.14008325985729703, ""score_network_pharmacology_hit"": 0.20528398611482238}"
deterministic_jitter_156,deterministic_weight_jitter_pm25pct,"Each non-docking evidence weight multiplied by a deterministic random factor in [0.75, 1.25], then renormalized.",30,1.0,1.0,0.9830923248053391,"CDK6, CA2, HSP90AB1, PARP1, ACHE, HIF1A, CDK4, KIT, APEX1, HSP90AA1, SYK, CDK2, TOP2A, SIGMAR1, CHEK1, TERT, PTPN11, CD38, ARG1, PTGS2, MPO, GSK3B, CCNB1, MIF, MDM4, PRKDC, G6PD, TBXAS1, AURKB, PIK3CG","{""score_AA_direction_recovery"": 0.12627855929341236, ""score_CD34_expression"": 0.15276952644132868, ""score_CD34_marker_context"": 0.10443643857261321, ""score_GSE165870_bulk_support"": 0.050519610869150786, ""score_WGCNA_module_strength"": 0.2180575495057083, ""score_module_pathology_importance"": 0.12714119425674666, ""score_network_pharmacology_hit"": 0.22079712106103996}"
deterministic_jitter_157,deterministic_weight_jitter_pm25pct,"Each non-docking evidence weight multiplied by a deterministic random factor in [0.75, 1.25], then renormalized.",27,0.9,0.8181818181818182,0.9285714285714285,"CDK6, CA2, HSP90AB1, PARP1, ACHE, CDK4, KIT, HSP90AA1, HIF1A, APEX1, SYK, TOP2A, CDK2, SIGMAR1, CHEK1, PTPN11, MIF, PRKDC, MDM4, CD38, TERT, PTGS2, PGD, HDAC1, ARG1, TP53, GSK3B, MPO, G6PD, PIK3CG","{""score_AA_direction_recovery"": 0.11789018919208168, ""score_CD34_expression"": 0.1595607811064884, ""score_CD34_marker_context"": 0.11667129688063234, ""score_GSE165870_bulk_support"": 0.04843081043531647, ""score_WGCNA_module_strength"": 0.25861257325159187, ""score_module_pathology_importance"": 0.11699309499813665, ""score_network_pharmacology_hit"": 0.18184125413575267}"
deterministic_jitter_158,deterministic_weight_jitter_pm25pct,"Each non-docking evidence weight multiplied by a deterministic random factor in [0.75, 1.25], then renormalized.",27,0.9,0.8181818181818182,0.9798534798534798,"CDK6, CA2, HSP90AB1, PARP1, ACHE, KIT, HIF1A, CDK4, APEX1, CDK2, TOP2A, HSP90AA1, SYK, SIGMAR1, PTPN11, CHEK1, TERT, MDM4, PTGS2, CD38, ARG1, PRKDC, MIF, G6PD, PGD, HDAC1, AURKB, TP53, GSK3B, CCNB1","{""score_AA_direction_recovery"": 0.09218836835136984, ""score_CD34_expression"": 0.14040119348606758, ""score_CD34_marker_context"": 0.10557750099122983, ""score_GSE165870_bulk_support"": 0.03690980536892982, ""score_WGCNA_module_strength"": 0.27564405388805785, ""score_module_pathology_importance"": 0.15027846490589106, ""score_network_pharmacology_hit"": 0.199000613008454}"
deterministic_jitter_159,deterministic_weight_jitter_pm25pct,"Each non-docking evidence weight multiplied by a deterministic random factor in [0.75, 1.25], then renormalized.",29,0.9666666666666667,0.9354838709677419,0.9551724137931031,"CDK6, CA2, HSP90AB1, PARP1, ACHE, HIF1A, KIT, CDK4, CDK2, APEX1, SYK, HSP90AA1, MPO, TOP2A, TERT, CHEK1, PTPN11, SIGMAR1, ARG1, CD38, PTGS2, CCNB1, GSK3B, MIF, MDM4, G6PD, TBXAS1, AURKB, PRKDC, CDK1","{""score_AA_direction_recovery"": 0.09303016497011937, ""score_CD34_expression"": 0.167587891765306, ""score_CD34_marker_context"": 0.11726899144670584, ""score_GSE165870_bulk_support"": 0.04416697247162273, ""score_WGCNA_module_strength"": 0.1855218471579461, ""score_module_pathology_importance"": 0.14263089582576893, ""score_network_pharmacology_hit"": 0.2497932363625311}"
deterministic_jitter_160,deterministic_weight_jitter_pm25pct,"Each non-docking evidence weight multiplied by a deterministic random factor in [0.75, 1.25], then renormalized.",29,0.9666666666666667,0.9354838709677419,0.9655172413793103,"CDK6, CA2, HSP90AB1, PARP1, ACHE, HIF1A, KIT, CDK2, TOP2A, CDK4, SYK, APEX1, TERT, CHEK1, PTPN11, SIGMAR1, PTGS2, HSP90AA1, ARG1, CD38, MPO, CCNB1, MDM4, AURKB, TBXAS1, GSK3B, G6PD, PRKDC, CDK1, MIF","{""score_AA_direction_recovery"": 0.10452918140950872, ""score_CD34_expression"": 0.1343922834566137, ""score_CD34_marker_context"": 0.0951061979585422, ""score_GSE165870_bulk_support"": 0.0371930148438401, ""score_WGCNA_module_strength"": 0.22468923327642226, ""score_module_pathology_importance"": 0.16522935041841874, ""score_network_pharmacology_hit"": 0.23886073863665425}"
deterministic_jitter_161,deterministic_weight_jitter_pm25pct,"Each non-docking evidence weight multiplied by a deterministic random factor in [0.75, 1.25], then renormalized.",29,0.9666666666666667,0.9354838709677419,0.9842364532019702,"CDK6, CA2, HSP90AB1, PARP1, ACHE, HIF1A, KIT, CDK4, CDK2, APEX1, HSP90AA1, CHEK1, SYK, TOP2A, PTPN11, PTGS2, TERT, SIGMAR1, MDM4, ARG1, MPO, PRKDC, CD38, CCNB1, MIF, G6PD, GSK3B, TBXAS1, TP53, AURKB","{""score_AA_direction_recovery"": 0.11618208929636663, ""score_CD34_expression"": 0.14244104542110256, ""score_CD34_marker_context"": 0.12100113519791164, ""score_GSE165870_bulk_support"": 0.040689462011210736, ""score_WGCNA_module_strength"": 0.2120896011175317, ""score_module_pathology_importance"": 0.156991422108641, ""score_network_pharmacology_hit"": 0.21060524484723575}"
deterministic_jitter_162,deterministic_weight_jitter_pm25pct,"Each non-docking evidence weight multiplied by a deterministic random factor in [0.75, 1.25], then renormalized.",28,0.9333333333333333,0.875,0.9589490968801313,"CDK6, CA2, HSP90AB1, PARP1, ACHE, HIF1A, KIT, CDK4, SYK, CDK2, TERT, APEX1, TOP2A, CHEK1, ARG1, SIGMAR1, HSP90AA1, CD38, PTGS2, MPO, PTPN11, GSK3B, CCNB1, PIK3CG, TBXAS1, IGF1R, FLT3, G6PD, MDM4, AURKB","{""score_AA_direction_recovery"": 0.11666174802830546, ""score_CD34_expression"": 0.1368468550109643, ""score_CD34_marker_context"": 0.12026653168931024, ""score_GSE165870_bulk_support"": 0.057882359098949974, ""score_WGCNA_module_strength"": 0.18881222449913684, ""score_module_pathology_importance"": 0.12651757898356833, ""score_network_pharmacology_hit"": 0.25301270268976483}"
deterministic_jitter_163,deterministic_weight_jitter_pm25pct,"Each non-docking evidence weight multiplied by a deterministic random factor in [0.75, 1.25], then renormalized.",28,0.9333333333333333,0.875,0.9512862616310892,"CDK6, CA2, HSP90AB1, ACHE, PARP1, HIF1A, KIT, CDK2, TOP2A, SYK, TERT, CDK4, CHEK1, APEX1, SIGMAR1, PTGS2, ARG1, PTPN11, CD38, HSP90AA1, MDM4, GSK3B, CCNB1, TBXAS1, AURKB, G6PD, PIK3CG, MPO, FLT3, CDK1","{""score_AA_direction_recovery"": 0.09153005836028215, ""score_CD34_expression"": 0.11338174540536756, ""score_CD34_marker_context"": 0.11363168717844052, ""score_GSE165870_bulk_support"": 0.048961324633786586, ""score_WGCNA_module_strength"": 0.2488736951753682, ""score_module_pathology_importance"": 0.14735703321752028, ""score_network_pharmacology_hit"": 0.23626445602923474}"
deterministic_jitter_164,deterministic_weight_jitter_pm25pct,"Each non-docking evidence weight multiplied by a deterministic random factor in [0.75, 1.25], then renormalized.",27,0.9,0.8181818181818182,0.9438339438339439,"CDK6, CA2, HSP90AB1, PARP1, ACHE, KIT, HIF1A, CDK2, CHEK1, CDK4, APEX1, HSP90AA1, TOP2A, PTPN11, SYK, MDM4, PTGS2, PRKDC, TERT, ARG1, SIGMAR1, TP53, CD38, HDAC1, G6PD, PGD, MPO, CCNB1, MIF, GSK3B","{""score_AA_direction_recovery"": 0.09861632537092857, ""score_CD34_expression"": 0.12838344448307648, ""score_CD34_marker_context"": 0.1357282848390406, ""score_GSE165870_bulk_support"": 0.04818456489354806, ""score_WGCNA_module_strength"": 0.23053543655083353, ""score_module_pathology_importance"": 0.1693666709308602, ""score_network_pharmacology_hit"": 0.18918527293171253}"
deterministic_jitter_165,deterministic_weight_jitter_pm25pct,"Each non-docking evidence weight multiplied by a deterministic random factor in [0.75, 1.25], then renormalized.",27,0.9,0.8181818181818182,0.9694749694749695,"CDK6, CA2, HSP90AB1, ACHE, PARP1, KIT, HIF1A, CDK4, APEX1, TOP2A, HSP90AA1, CDK2, SYK, CHEK1, PTPN11, SIGMAR1, MDM4, PTGS2, TERT, PRKDC, ARG1, HDAC1, TP53, CD38, PGD, G6PD, MIF, PIK3CG, CCNB1, GSK3B","{""score_AA_direction_recovery"": 0.09614588264588043, ""score_CD34_expression"": 0.12489331171726162, ""score_CD34_marker_context"": 0.11013547125387534, ""score_GSE165870_bulk_support"": 0.05671760995897709, ""score_WGCNA_module_strength"": 0.29145699171135286, ""score_module_pathology_importance"": 0.14647937253994855, ""score_network_pharmacology_hit"": 0.1741713601727041}"
deterministic_jitter_166,deterministic_weight_jitter_pm25pct,"Each non-docking evidence weight multiplied by a deterministic random factor in [0.75, 1.25], then renormalized.",27,0.9,0.8181818181818182,0.9145299145299145,"CDK6, CA2, HSP90AB1, PARP1, ACHE, KIT, HIF1A, HSP90AA1, CDK4, APEX1, CDK2, CHEK1, TOP2A, PRKDC, SYK, PTPN11, MDM4, PTGS2, SIGMAR1, MPO, MIF, ARG1, CD38, TERT, PGD, CCNB1, TP53, HDAC1, G6PD, TBXAS1","{""score_AA_direction_recovery"": 0.13183261830836962, ""score_CD34_expression"": 0.15343733588584027, ""score_CD34_marker_context"": 0.10376258836656631, ""score_GSE165870_bulk_support"": 0.04785642326928589, ""score_WGCNA_module_strength"": 0.21394829720362207, ""score_module_pathology_importance"": 0.1655534912316545, ""score_network_pharmacology_hit"": 0.18360924573466128}"
deterministic_jitter_167,deterministic_weight_jitter_pm25pct,"Each non-docking evidence weight multiplied by a deterministic random factor in [0.75, 1.25], then renormalized.",28,0.9333333333333333,0.875,0.9781061850027366,"CDK6, CA2, HSP90AB1, ACHE, PARP1, KIT, HIF1A, CDK4, TOP2A, CDK2, APEX1, SIGMAR1, SYK, HSP90AA1, TERT, PTPN11, CHEK1, PTGS2, CD38, MDM4, ARG1, AURKB, GSK3B, PRKDC, G6PD, CCNB1, PGD, TBXAS1, HDAC1, PIK3CG","{""score_AA_direction_recovery"": 0.107638777485613, ""score_CD34_expression"": 0.12889748273914484, ""score_CD34_marker_context"": 0.08787492465361224, ""score_GSE165870_bulk_support"": 0.03862291777902389, ""score_WGCNA_module_strength"": 0.2938805440324254, ""score_module_pathology_importance"": 0.13544234708099637, ""score_network_pharmacology_hit"": 0.20764300622918425}"
deterministic_jitter_168,deterministic_weight_jitter_pm25pct,"Each non-docking evidence weight multiplied by a deterministic random factor in [0.75, 1.25], then renormalized.",28,0.9333333333333333,0.875,0.9731800766283524,"CDK6, CA2, HSP90AB1, PARP1, ACHE, HIF1A, KIT, CDK2, TOP2A, CDK4, APEX1, CHEK1, SYK, HSP90AA1, PTPN11, TERT, PTGS2, SIGMAR1, ARG1, MDM4, CD38, PRKDC, CCNB1, G6PD, TBXAS1, AURKB, MPO, GSK3B, TP53, HDAC1","{""score_AA_direction_recovery"": 0.08867627511329039, ""score_CD34_expression"": 0.1323580088557248, ""score_CD34_marker_context"": 0.10159932414384584, ""score_GSE165870_bulk_support"": 0.05230230573428808, ""score_WGCNA_module_strength"": 0.25058909268042384, ""score_module_pathology_importance"": 0.16372456537005714, ""score_network_pharmacology_hit"": 0.21075042810236994}"
deterministic_jitter_169,deterministic_weight_jitter_pm25pct,"Each non-docking evidence weight multiplied by a deterministic random factor in [0.75, 1.25], then renormalized.",27,0.9,0.8181818181818182,0.8742368742368741,"CDK6, HSP90AB1, CA2, PARP1, ACHE, HSP90AA1, HIF1A, CDK4, KIT, APEX1, SYK, CDK2, CHEK1, TOP2A, PRKDC, MIF, MPO, PTPN11, CD38, SIGMAR1, MDM4, PTGS2, ARG1, TERT, PGD, CCNB1, HDAC1, TP53, G6PD, GSK3B","{""score_AA_direction_recovery"": 0.13383733198246972, ""score_CD34_expression"": 0.17011635755320562, ""score_CD34_marker_context"": 0.12463050170533752, ""score_GSE165870_bulk_support"": 0.05404236329093466, ""score_WGCNA_module_strength"": 0.19772348802556672, ""score_module_pathology_importance"": 0.132531647773219, ""score_network_pharmacology_hit"": 0.18711830966926665}"
deterministic_jitter_170,deterministic_weight_jitter_pm25pct,"Each non-docking evidence weight multiplied by a deterministic random factor in [0.75, 1.25], then renormalized.",30,1.0,1.0,0.9759733036707454,"CDK6, CA2, HSP90AB1, PARP1, ACHE, HIF1A, KIT, CDK4, CDK2, SYK, TOP2A, APEX1, TERT, HSP90AA1, CHEK1, ARG1, SIGMAR1, PTGS2, PTPN11, CD38, MPO, CCNB1, GSK3B, MDM4, TBXAS1, AURKB, G6PD, PRKDC, PIK3CG, MIF","{""score_AA_direction_recovery"": 0.12183760553613551, ""score_CD34_expression"": 0.13993400812362128, ""score_CD34_marker_context"": 0.10178026235802705, ""score_GSE165870_bulk_support"": 0.05040230098825745, ""score_WGCNA_module_strength"": 0.20101835576281094, ""score_module_pathology_importance"": 0.14638686958693722, ""score_network_pharmacology_hit"": 0.2386405976442105}"
deterministic_jitter_171,deterministic_weight_jitter_pm25pct,"Each non-docking evidence weight multiplied by a deterministic random factor in [0.75, 1.25], then renormalized.",29,0.9666666666666667,0.9354838709677419,0.9709359605911327,"CDK6, CA2, HSP90AB1, PARP1, ACHE, CDK4, HIF1A, KIT, APEX1, HSP90AA1, SYK, TOP2A, CDK2, SIGMAR1, TERT, PTPN11, CHEK1, CD38, PTGS2, MIF, ARG1, MDM4, GSK3B, MPO, PRKDC, CCNB1, AURKB, G6PD, PIK3CG, FLT3","{""score_AA_direction_recovery"": 0.11777138370491118, ""score_CD34_expression"": 0.15582550289555255, ""score_CD34_marker_context"": 0.10427593498125902, ""score_GSE165870_bulk_support"": 0.03672796848324018, ""score_WGCNA_module_strength"": 0.25380206190020693, ""score_module_pathology_importance"": 0.11577047423879046, ""score_network_pharmacology_hit"": 0.2158266737960397}"
deterministic_jitter_172,deterministic_weight_jitter_pm25pct,"Each non-docking evidence weight multiplied by a deterministic random factor in [0.75, 1.25], then renormalized.",29,0.9666666666666667,0.9354838709677419,0.9103448275862068,"CDK6, CA2, HSP90AB1, PARP1, ACHE, HSP90AA1, CDK4, HIF1A, APEX1, KIT, SYK, TOP2A, CDK2, SIGMAR1, MIF, MPO, CD38, CHEK1, PTPN11, TERT, ARG1, PRKDC, PTGS2, CCNB1, GSK3B, MDM4, PGD, G6PD, TBXAS1, PIK3CG","{""score_AA_direction_recovery"": 0.12995840172085904, ""score_CD34_expression"": 0.1809102213586318, ""score_CD34_marker_context"": 0.09343129532662327, ""score_GSE165870_bulk_support"": 0.06302695631534486, ""score_WGCNA_module_strength"": 0.21069390703159158, ""score_module_pathology_importance"": 0.11634468612832272, ""score_network_pharmacology_hit"": 0.20563453211862678}"
deterministic_jitter_173,deterministic_weight_jitter_pm25pct,"Each non-docking evidence weight multiplied by a deterministic random factor in [0.75, 1.25], then renormalized.",28,0.9333333333333333,0.875,0.9534756431308156,"CDK6, CA2, HSP90AB1, PARP1, ACHE, CDK4, HIF1A, KIT, HSP90AA1, APEX1, SYK, CDK2, TOP2A, SIGMAR1, CHEK1, PTPN11, CD38, TERT, MIF, PRKDC, MDM4, PTGS2, ARG1, MPO, GSK3B, PGD, PIK3CG, HDAC1, CCNB1, G6PD","{""score_AA_direction_recovery"": 0.11733780230686765, ""score_CD34_expression"": 0.1605238012981699, ""score_CD34_marker_context"": 0.11935914588389161, ""score_GSE165870_bulk_support"": 0.05268562800783533, ""score_WGCNA_module_strength"": 0.23873074901430094, ""score_module_pathology_importance"": 0.1138637837052959, ""score_network_pharmacology_hit"": 0.1974990897836387}"
deterministic_jitter_174,deterministic_weight_jitter_pm25pct,"Each non-docking evidence weight multiplied by a deterministic random factor in [0.75, 1.25], then renormalized.",28,0.9333333333333333,0.875,0.9507389162561576,"CDK6, CA2, HSP90AB1, PARP1, ACHE, HIF1A, HSP90AA1, KIT, CDK4, APEX1, TOP2A, SYK, CDK2, SIGMAR1, PTPN11, CHEK1, TERT, MIF, CD38, MDM4, PTGS2, ARG1, PRKDC, PGD, HDAC1, MPO, CCNB1, G6PD, GSK3B, AURKB","{""score_AA_direction_recovery"": 0.08721541662885324, ""score_CD34_expression"": 0.166776289796494, ""score_CD34_marker_context"": 0.09718027363714898, ""score_GSE165870_bulk_support"": 0.05561390756202901, ""score_WGCNA_module_strength"": 0.26916663779008054, ""score_module_pathology_importance"": 0.13143661035784568, ""score_network_pharmacology_hit"": 0.19261086422754853}"
deterministic_jitter_175,deterministic_weight_jitter_pm25pct,"Each non-docking evidence weight multiplied by a deterministic random factor in [0.75, 1.25], then renormalized.",29,0.9666666666666667,0.9354838709677419,0.9482758620689653,"CDK6, CA2, HSP90AB1, ACHE, PARP1, HIF1A, KIT, CDK2, TOP2A, CDK4, SYK, TERT, SIGMAR1, CHEK1, APEX1, PTGS2, PTPN11, ARG1, CD38, HSP90AA1, MDM4, CCNB1, AURKB, TBXAS1, GSK3B, G6PD, MPO, PRKDC, PIK3CG, FLT3","{""score_AA_direction_recovery"": 0.12668911820551976, ""score_CD34_expression"": 0.11134791284415418, ""score_CD34_marker_context"": 0.08210984489277835, ""score_GSE165870_bulk_support"": 0.03837549553940116, ""score_WGCNA_module_strength"": 0.2437288052589558, ""score_module_pathology_importance"": 0.15947872430934165, ""score_network_pharmacology_hit"": 0.2382700989498492}"
deterministic_jitter_176,deterministic_weight_jitter_pm25pct,"Each non-docking evidence weight multiplied by a deterministic random factor in [0.75, 1.25], then renormalized.",27,0.9,0.8181818181818182,0.9804639804639804,"CDK6, CA2, HSP90AB1, PARP1, ACHE, HIF1A, KIT, CDK4, APEX1, HSP90AA1, CDK2, TOP2A, CHEK1, SYK, PTPN11, PTGS2, ARG1, SIGMAR1, TERT, MDM4, PRKDC, CD38, MPO, CCNB1, G6PD, MIF, TP53, TBXAS1, HDAC1, PGD","{""score_AA_direction_recovery"": 0.11500006792117812, ""score_CD34_expression"": 0.1395123123488209, ""score_CD34_marker_context"": 0.10430245497416415, ""score_GSE165870_bulk_support"": 0.05839477946777413, ""score_WGCNA_module_strength"": 0.22374979779393012, ""score_module_pathology_importance"": 0.16112491599857398, ""score_network_pharmacology_hit"": 0.19791567149555864}"
deterministic_jitter_177,deterministic_weight_jitter_pm25pct,"Each non-docking evidence weight multiplied by a deterministic random factor in [0.75, 1.25], then renormalized.",28,0.9333333333333333,0.875,0.9469074986316366,"CDK6, CA2, HSP90AB1, PARP1, ACHE, HIF1A, KIT, SYK, CDK4, CDK2, TERT, APEX1, TOP2A, CHEK1, ARG1, SIGMAR1, CD38, GSK3B, HSP90AA1, PTGS2, PTPN11, MPO, PIK3CG, CCNB1, FLT3, IGF1R, MDM4, TBXAS1, G6PD, AURKB","{""score_AA_direction_recovery"": 0.10413862082160921, ""score_CD34_expression"": 0.1346158461651433, ""score_CD34_marker_context"": 0.13663849279419268, ""score_GSE165870_bulk_support"": 0.05635964336579084, ""score_WGCNA_module_strength"": 0.1996875774058547, ""score_module_pathology_importance"": 0.11480468289815517, ""score_network_pharmacology_hit"": 0.2537551365492541}"
deterministic_jitter_178,deterministic_weight_jitter_pm25pct,"Each non-docking evidence weight multiplied by a deterministic random factor in [0.75, 1.25], then renormalized.",29,0.9666666666666667,0.9354838709677419,0.957142857142857,"CDK6, CA2, HSP90AB1, PARP1, ACHE, HIF1A, CDK4, HSP90AA1, KIT, APEX1, SYK, TOP2A, CDK2, SIGMAR1, TERT, CD38, PTPN11, CHEK1, MIF, ARG1, PTGS2, MPO, MDM4, GSK3B, PRKDC, CCNB1, AURKB, PIK3CG, G6PD, PGD","{""score_AA_direction_recovery"": 0.10520606796907807, ""score_CD34_expression"": 0.16590706308389414, ""score_CD34_marker_context"": 0.09587448622475364, ""score_GSE165870_bulk_support"": 0.05329148994339733, ""score_WGCNA_module_strength"": 0.25251288813385164, ""score_module_pathology_importance"": 0.11535464219288434, ""score_network_pharmacology_hit"": 0.2118533624521408}"
deterministic_jitter_179,deterministic_weight_jitter_pm25pct,"Each non-docking evidence weight multiplied by a deterministic random factor in [0.75, 1.25], then renormalized.",26,0.8666666666666667,0.7647058823529411,0.922051282051282,"CDK6, CA2, HSP90AB1, PARP1, ACHE, KIT, HIF1A, CDK4, APEX1, HSP90AA1, CDK2, CHEK1, TOP2A, MDM4, PTPN11, PRKDC, SYK, PTGS2, SIGMAR1, TP53, HDAC1, PGD, TERT, CD38, ARG1, MIF, G6PD, PIK3CA, CCNB1, MPO","{""score_AA_direction_recovery"": 0.10518378878807666, ""score_CD34_expression"": 0.13528030334348926, ""score_CD34_marker_context"": 0.12373317861493252, ""score_GSE165870_bulk_support"": 0.035967464516792516, ""score_WGCNA_module_strength"": 0.2672666313794354, ""score_module_pathology_importance"": 0.16321304373669623, ""score_network_pharmacology_hit"": 0.16935558962057737}"
deterministic_jitter_180,deterministic_weight_jitter_pm25pct,"Each non-docking evidence weight multiplied by a deterministic random factor in [0.75, 1.25], then renormalized.",30,1.0,1.0,0.971523915461624,"CDK6, CA2, HSP90AB1, PARP1, ACHE, HIF1A, CDK4, KIT, HSP90AA1, APEX1, SYK, CDK2, TOP2A, CHEK1, TERT, SIGMAR1, ARG1, MPO, CD38, PTPN11, PTGS2, CCNB1, MIF, GSK3B, PRKDC, MDM4, TBXAS1, G6PD, AURKB, PIK3CG","{""score_AA_direction_recovery"": 0.11299775707184333, ""score_CD34_expression"": 0.16075014715179486, ""score_CD34_marker_context"": 0.09773777393378419, ""score_GSE165870_bulk_support"": 0.06676432669921108, ""score_WGCNA_module_strength"": 0.2031045566353666, ""score_module_pathology_importance"": 0.13545712513169952, ""score_network_pharmacology_hit"": 0.22318831337630038}"
deterministic_jitter_181,deterministic_weight_jitter_pm25pct,"Each non-docking evidence weight multiplied by a deterministic random factor in [0.75, 1.25], then renormalized.",29,0.9666666666666667,0.9354838709677419,0.9507389162561575,"CDK6, CA2, HSP90AB1, ACHE, PARP1, HIF1A, KIT, CDK2, CDK4, SYK, TOP2A, TERT, APEX1, CHEK1, SIGMAR1, ARG1, PTGS2, PTPN11, HSP90AA1, CD38, GSK3B, MDM4, PIK3CG, CCNB1, G6PD, TBXAS1, AURKB, MPO, FLT3, PRKDC","{""score_AA_direction_recovery"": 0.09473227269843867, ""score_CD34_expression"": 0.1216503242871978, ""score_CD34_marker_context"": 0.12137855498428647, ""score_GSE165870_bulk_support"": 0.05557960605243067, ""score_WGCNA_module_strength"": 0.244092024109314, ""score_module_pathology_importance"": 0.13332590746703596, ""score_network_pharmacology_hit"": 0.22924131040129642}"
deterministic_jitter_182,deterministic_weight_jitter_pm25pct,"Each non-docking evidence weight multiplied by a deterministic random factor in [0.75, 1.25], then renormalized.",27,0.9,0.8181818181818182,0.9249084249084248,"CDK6, CA2, HSP90AB1, PARP1, ACHE, HIF1A, KIT, HSP90AA1, CDK4, APEX1, TOP2A, CDK2, SYK, CHEK1, PTPN11, PRKDC, SIGMAR1, MIF, MDM4, PTGS2, CD38, MPO, TERT, ARG1, PGD, CCNB1, HDAC1, G6PD, TP53, AURKB","{""score_AA_direction_recovery"": 0.13309868733108546, ""score_CD34_expression"": 0.16099355738321933, ""score_CD34_marker_context"": 0.09182580048615421, ""score_GSE165870_bulk_support"": 0.040637219289249356, ""score_WGCNA_module_strength"": 0.2345280385987217, ""score_module_pathology_importance"": 0.15360939673934704, ""score_network_pharmacology_hit"": 0.1853073001722229}"
deterministic_jitter_183,deterministic_weight_jitter_pm25pct,"Each non-docking evidence weight multiplied by a deterministic random factor in [0.75, 1.25], then renormalized.",27,0.9,0.8181818181818182,0.9884004884004883,"CDK6, CA2, HSP90AB1, ACHE, PARP1, KIT, HIF1A, CDK2, TOP2A, CDK4, APEX1, SYK, CHEK1, HSP90AA1, SIGMAR1, PTPN11, TERT, PTGS2, MDM4, ARG1, CD38, PRKDC, G6PD, HDAC1, GSK3B, TP53, CCNB1, AURKB, TBXAS1, PGD","{""score_AA_direction_recovery"": 0.08788873281658786, ""score_CD34_expression"": 0.12650990936197298, ""score_CD34_marker_context"": 0.10632551357859657, ""score_GSE165870_bulk_support"": 0.04981737407912735, ""score_WGCNA_module_strength"": 0.27342535636158904, ""score_module_pathology_importance"": 0.15212440066519967, ""score_network_pharmacology_hit"": 0.2039087131369265}"
deterministic_jitter_184,deterministic_weight_jitter_pm25pct,"Each non-docking evidence weight multiplied by a deterministic random factor in [0.75, 1.25], then renormalized.",27,0.9,0.8181818181818182,0.8858363858363858,"CDK6, CA2, HSP90AB1, PARP1, ACHE, HSP90AA1, CDK4, APEX1, KIT, HIF1A, TOP2A, SYK, SIGMAR1, CDK2, MIF, PTPN11, PRKDC, CHEK1, CD38, MDM4, TERT, PGD, PTGS2, ARG1, MPO, HDAC1, CCNB1, TP53, G6PD, GSK3B","{""score_AA_direction_recovery"": 0.13508581412022863, ""score_CD34_expression"": 0.1687935806711181, ""score_CD34_marker_context"": 0.08897303968399924, ""score_GSE165870_bulk_support"": 0.05567280939914999, ""score_WGCNA_module_strength"": 0.2523814507465727, ""score_module_pathology_importance"": 0.12111141946482731, ""score_network_pharmacology_hit"": 0.17798188591410405}"
deterministic_jitter_185,deterministic_weight_jitter_pm25pct,"Each non-docking evidence weight multiplied by a deterministic random factor in [0.75, 1.25], then renormalized.",30,1.0,1.0,0.9866518353726361,"CDK6, CA2, HSP90AB1, PARP1, ACHE, HIF1A, KIT, CDK4, CDK2, SYK, APEX1, TOP2A, HSP90AA1, TERT, SIGMAR1, CHEK1, PTPN11, ARG1, CD38, PTGS2, GSK3B, MPO, MDM4, CCNB1, PRKDC, TBXAS1, PIK3CG, G6PD, AURKB, MIF","{""score_AA_direction_recovery"": 0.11916984824879245, ""score_CD34_expression"": 0.13878151794663973, ""score_CD34_marker_context"": 0.11011623599697888, ""score_GSE165870_bulk_support"": 0.04980000583678052, ""score_WGCNA_module_strength"": 0.2238395142277348, ""score_module_pathology_importance"": 0.12971331107937925, ""score_network_pharmacology_hit"": 0.22857956666369433}"
deterministic_jitter_186,deterministic_weight_jitter_pm25pct,"Each non-docking evidence weight multiplied by a deterministic random factor in [0.75, 1.25], then renormalized.",27,0.9,0.8181818181818182,0.9316239316239315,"CDK6, CA2, HSP90AB1, PARP1, ACHE, KIT, HIF1A, CDK4, HSP90AA1, APEX1, SYK, CDK2, TOP2A, SIGMAR1, CHEK1, PTPN11, MIF, PRKDC, MDM4, TERT, CD38, PTGS2, MPO, ARG1, PGD, GSK3B, HDAC1, G6PD, CCNB1, TP53","{""score_AA_direction_recovery"": 0.11052521297030823, ""score_CD34_expression"": 0.16608088548975053, ""score_CD34_marker_context"": 0.11665025995419558, ""score_GSE165870_bulk_support"": 0.04055014878673484, ""score_WGCNA_module_strength"": 0.24774444707084672, ""score_module_pathology_importance"": 0.12648817039834986, ""score_network_pharmacology_hit"": 0.19196087532981418}"
deterministic_jitter_187,deterministic_weight_jitter_pm25pct,"Each non-docking evidence weight multiplied by a deterministic random factor in [0.75, 1.25], then renormalized.",30,1.0,1.0,0.9697441601779755,"CDK6, CA2, HSP90AB1, PARP1, ACHE, HIF1A, KIT, CDK4, APEX1, SYK, TOP2A, CDK2, HSP90AA1, SIGMAR1, TERT, CHEK1, PTPN11, CD38, PTGS2, ARG1, MDM4, GSK3B, PRKDC, AURKB, CCNB1, PIK3CG, G6PD, MIF, TBXAS1, MPO","{""score_AA_direction_recovery"": 0.10830126626412635, ""score_CD34_expression"": 0.13708825511826989, ""score_CD34_marker_context"": 0.10577434758389695, ""score_GSE165870_bulk_support"": 0.04452982741481889, ""score_WGCNA_module_strength"": 0.26641384164469034, ""score_module_pathology_importance"": 0.12477007290941898, ""score_network_pharmacology_hit"": 0.21312238906477865}"
deterministic_jitter_188,deterministic_weight_jitter_pm25pct,"Each non-docking evidence weight multiplied by a deterministic random factor in [0.75, 1.25], then renormalized.",28,0.9333333333333333,0.875,0.9781061850027366,"CDK6, CA2, HSP90AB1, ACHE, PARP1, HIF1A, KIT, CDK2, TOP2A, CDK4, APEX1, SYK, CHEK1, TERT, SIGMAR1, PTGS2, PTPN11, HSP90AA1, ARG1, MDM4, CD38, CCNB1, PRKDC, TBXAS1, G6PD, AURKB, GSK3B, TP53, HDAC1, PIK3CG","{""score_AA_direction_recovery"": 0.09798107037705221, ""score_CD34_expression"": 0.12083056612855678, ""score_CD34_marker_context"": 0.09351593643280987, ""score_GSE165870_bulk_support"": 0.05697210827652105, ""score_WGCNA_module_strength"": 0.26149636533038517, ""score_module_pathology_importance"": 0.15978420348834466, ""score_network_pharmacology_hit"": 0.2094197499663303}"
deterministic_jitter_189,deterministic_weight_jitter_pm25pct,"Each non-docking evidence weight multiplied by a deterministic random factor in [0.75, 1.25], then renormalized.",27,0.9,0.8181818181818182,0.9664224664224663,"CDK6, CA2, HSP90AB1, PARP1, ACHE, KIT, HIF1A, CDK4, APEX1, HSP90AA1, SYK, TOP2A, CDK2, SIGMAR1, PTPN11, TERT, CHEK1, CD38, MDM4, MIF, PTGS2, PRKDC, ARG1, GSK3B, PGD, HDAC1, PIK3CG, G6PD, TP53, AURKB","{""score_AA_direction_recovery"": 0.09602490126617516, ""score_CD34_expression"": 0.15468886224837547, ""score_CD34_marker_context"": 0.1129635115574088, ""score_GSE165870_bulk_support"": 0.04376707286146264, ""score_WGCNA_module_strength"": 0.27998555363319516, ""score_module_pathology_importance"": 0.11653147273851266, ""score_network_pharmacology_hit"": 0.19603862569487013}"
deterministic_jitter_190,deterministic_weight_jitter_pm25pct,"Each non-docking evidence weight multiplied by a deterministic random factor in [0.75, 1.25], then renormalized.",29,0.9666666666666667,0.9354838709677419,0.9788177339901475,"CDK6, CA2, HSP90AB1, PARP1, ACHE, HIF1A, KIT, CDK4, CDK2, APEX1, TOP2A, HSP90AA1, SYK, CHEK1, PTPN11, PTGS2, TERT, ARG1, SIGMAR1, MPO, CD38, CCNB1, MDM4, PRKDC, TBXAS1, G6PD, MIF, AURKB, GSK3B, PGD","{""score_AA_direction_recovery"": 0.11032683661285525, ""score_CD34_expression"": 0.1473757057098648, ""score_CD34_marker_context"": 0.09551124296962789, ""score_GSE165870_bulk_support"": 0.04998396176256649, ""score_WGCNA_module_strength"": 0.20929013752899528, ""score_module_pathology_importance"": 0.16466452946370308, ""score_network_pharmacology_hit"": 0.22284758595238718}"
deterministic_jitter_191,deterministic_weight_jitter_pm25pct,"Each non-docking evidence weight multiplied by a deterministic random factor in [0.75, 1.25], then renormalized.",29,0.9666666666666667,0.9354838709677419,0.9428571428571426,"CDK6, CA2, HSP90AB1, PARP1, ACHE, HIF1A, KIT, CDK2, TOP2A, CDK4, SYK, TERT, CHEK1, ARG1, APEX1, PTGS2, SIGMAR1, PTPN11, CD38, HSP90AA1, CCNB1, MPO, TBXAS1, GSK3B, AURKB, MDM4, G6PD, PRKDC, PIK3CG, FLT3","{""score_AA_direction_recovery"": 0.12395664823368513, ""score_CD34_expression"": 0.11943193722627006, ""score_CD34_marker_context"": 0.09252652505340127, ""score_GSE165870_bulk_support"": 0.04547424839075456, ""score_WGCNA_module_strength"": 0.21318194349906672, ""score_module_pathology_importance"": 0.15907650841306242, ""score_network_pharmacology_hit"": 0.2463521891837599}"
deterministic_jitter_192,deterministic_weight_jitter_pm25pct,"Each non-docking evidence weight multiplied by a deterministic random factor in [0.75, 1.25], then renormalized.",28,0.9333333333333333,0.875,0.8992884510125888,"CDK6, CA2, PARP1, HSP90AB1, ACHE, HIF1A, KIT, CDK2, TERT, TOP2A, SYK, ARG1, CDK4, CHEK1, PTGS2, APEX1, PTPN11, SIGMAR1, CD38, MPO, CCNB1, TBXAS1, GSK3B, HSP90AA1, AURKB, MDM4, G6PD, CDK1, AR, PIK3CG","{""score_AA_direction_recovery"": 0.09720721994104331, ""score_CD34_expression"": 0.12295194991045078, ""score_CD34_marker_context"": 0.10153196817070055, ""score_GSE165870_bulk_support"": 0.049671841907882784, ""score_WGCNA_module_strength"": 0.19976997086004752, ""score_module_pathology_importance"": 0.16688224539025492, ""score_network_pharmacology_hit"": 0.2619848038196201}"
deterministic_jitter_193,deterministic_weight_jitter_pm25pct,"Each non-docking evidence weight multiplied by a deterministic random factor in [0.75, 1.25], then renormalized.",29,0.9666666666666667,0.9354838709677419,0.9438423645320195,"CDK6, CA2, HSP90AB1, PARP1, ACHE, HIF1A, CDK4, KIT, HSP90AA1, APEX1, SYK, CDK2, TOP2A, MPO, TERT, SIGMAR1, CHEK1, CD38, ARG1, PTPN11, MIF, PTGS2, GSK3B, CCNB1, PRKDC, PIK3CG, MDM4, TBXAS1, FLT3, G6PD","{""score_AA_direction_recovery"": 0.12158650443128298, ""score_CD34_expression"": 0.16927443099770867, ""score_CD34_marker_context"": 0.10967411698696317, ""score_GSE165870_bulk_support"": 0.05436460264499503, ""score_WGCNA_module_strength"": 0.19104191172806875, ""score_module_pathology_importance"": 0.11831338643371654, ""score_network_pharmacology_hit"": 0.23574504677726488}"
deterministic_jitter_194,deterministic_weight_jitter_pm25pct,"Each non-docking evidence weight multiplied by a deterministic random factor in [0.75, 1.25], then renormalized.",28,0.9333333333333333,0.875,0.9222769567597153,"CDK6, CA2, HSP90AB1, PARP1, ACHE, HIF1A, KIT, CDK2, CDK4, SYK, TERT, TOP2A, CHEK1, ARG1, PTGS2, APEX1, PTPN11, SIGMAR1, CD38, MPO, GSK3B, CCNB1, TBXAS1, HSP90AA1, AURKB, MDM4, G6PD, AR, FLT3, PIK3CG","{""score_AA_direction_recovery"": 0.12692311545838428, ""score_CD34_expression"": 0.11347804551638031, ""score_CD34_marker_context"": 0.11515071305590584, ""score_GSE165870_bulk_support"": 0.03530347445410695, ""score_WGCNA_module_strength"": 0.1921462484710528, ""score_module_pathology_importance"": 0.15324385606555957, ""score_network_pharmacology_hit"": 0.26375454697861017}"
deterministic_jitter_195,deterministic_weight_jitter_pm25pct,"Each non-docking evidence weight multiplied by a deterministic random factor in [0.75, 1.25], then renormalized.",29,0.9666666666666667,0.9354838709677419,0.9827586206896549,"CDK6, CA2, HSP90AB1, PARP1, ACHE, HIF1A, KIT, CDK4, CDK2, SYK, APEX1, TOP2A, TERT, HSP90AA1, CHEK1, SIGMAR1, PTPN11, CD38, ARG1, PTGS2, GSK3B, MPO, MDM4, CCNB1, PIK3CG, PRKDC, TBXAS1, AURKB, G6PD, FLT3","{""score_AA_direction_recovery"": 0.1381486984417217, ""score_CD34_expression"": 0.12984381896626543, ""score_CD34_marker_context"": 0.11569951730704972, ""score_GSE165870_bulk_support"": 0.0422267392928168, ""score_WGCNA_module_strength"": 0.21697932734349412, ""score_module_pathology_importance"": 0.12439637608889927, ""score_network_pharmacology_hit"": 0.23270552255975296}"
deterministic_jitter_196,deterministic_weight_jitter_pm25pct,"Each non-docking evidence weight multiplied by a deterministic random factor in [0.75, 1.25], then renormalized.",27,0.9,0.8181818181818182,0.9633699633699633,"CDK6, CA2, HSP90AB1, PARP1, ACHE, KIT, HIF1A, CDK4, APEX1, HSP90AA1, CDK2, TOP2A, SYK, CHEK1, PTPN11, MDM4, SIGMAR1, PRKDC, PTGS2, TERT, HDAC1, TP53, CD38, PGD, ARG1, MIF, G6PD, GSK3B, PIK3CG, CCNB1","{""score_AA_direction_recovery"": 0.10116469818838172, ""score_CD34_expression"": 0.1375214166575049, ""score_CD34_marker_context"": 0.12236550241790901, ""score_GSE165870_bulk_support"": 0.046851221089037255, ""score_WGCNA_module_strength"": 0.27838030321652374, ""score_module_pathology_importance"": 0.14167494157339555, ""score_network_pharmacology_hit"": 0.17204191685724773}"
deterministic_jitter_197,deterministic_weight_jitter_pm25pct,"Each non-docking evidence weight multiplied by a deterministic random factor in [0.75, 1.25], then renormalized.",29,0.9666666666666667,0.9354838709677419,0.9714285714285712,"CDK6, CA2, HSP90AB1, PARP1, ACHE, HIF1A, KIT, CDK4, SYK, CDK2, APEX1, TOP2A, TERT, SIGMAR1, HSP90AA1, CHEK1, PTPN11, PTGS2, CD38, ARG1, MDM4, GSK3B, PIK3CG, G6PD, PRKDC, CCNB1, AURKB, MPO, TBXAS1, FLT3","{""score_AA_direction_recovery"": 0.09027920144153061, ""score_CD34_expression"": 0.13357174769052402, ""score_CD34_marker_context"": 0.12518379123286955, ""score_GSE165870_bulk_support"": 0.05061976109403813, ""score_WGCNA_module_strength"": 0.2563584008989277, ""score_module_pathology_importance"": 0.12387953122926128, ""score_network_pharmacology_hit"": 0.2201075664128488}"
deterministic_jitter_198,deterministic_weight_jitter_pm25pct,"Each non-docking evidence weight multiplied by a deterministic random factor in [0.75, 1.25], then renormalized.",29,0.9666666666666667,0.9354838709677419,0.9492610837438422,"CDK6, CA2, HSP90AB1, PARP1, ACHE, HIF1A, KIT, HSP90AA1, CDK4, APEX1, CDK2, TOP2A, SYK, CHEK1, MPO, PTPN11, PTGS2, ARG1, SIGMAR1, CD38, PRKDC, TERT, MIF, CCNB1, MDM4, TBXAS1, G6PD, AURKB, GSK3B, PGD","{""score_AA_direction_recovery"": 0.12245142780839548, ""score_CD34_expression"": 0.16464274759331937, ""score_CD34_marker_context"": 0.09416914686564183, ""score_GSE165870_bulk_support"": 0.05454988181476245, ""score_WGCNA_module_strength"": 0.19065547493878654, ""score_module_pathology_importance"": 0.1628137873970395, ""score_network_pharmacology_hit"": 0.2107175335820549}"
deterministic_jitter_199,deterministic_weight_jitter_pm25pct,"Each non-docking evidence weight multiplied by a deterministic random factor in [0.75, 1.25], then renormalized.",28,0.9333333333333333,0.875,0.9644225506294472,"CDK6, CA2, HSP90AB1, PARP1, ACHE, HIF1A, KIT, CDK2, CHEK1, CDK4, APEX1, TOP2A, SYK, PTPN11, PTGS2, HSP90AA1, TERT, ARG1, MDM4, PRKDC, SIGMAR1, CD38, MPO, CCNB1, G6PD, TBXAS1, TP53, GSK3B, AURKB, HDAC1","{""score_AA_direction_recovery"": 0.11727007144120301, ""score_CD34_expression"": 0.12416896507185965, ""score_CD34_marker_context"": 0.12532682527226327, ""score_GSE165870_bulk_support"": 0.04357655973447586, ""score_WGCNA_module_strength"": 0.20603259130023963, ""score_module_pathology_importance"": 0.17193712073743508, ""score_network_pharmacology_hit"": 0.2116878664425236}"
deterministic_jitter_200,deterministic_weight_jitter_pm25pct,"Each non-docking evidence weight multiplied by a deterministic random factor in [0.75, 1.25], then renormalized.",28,0.9333333333333333,0.875,0.9359605911330049,"CDK6, CA2, HSP90AB1, PARP1, ACHE, HIF1A, KIT, APEX1, HSP90AA1, CDK4, CDK2, CHEK1, TOP2A, SYK, PTPN11, MPO, PTGS2, ARG1, TERT, PRKDC, MDM4, MIF, CD38, SIGMAR1, CCNB1, G6PD, TBXAS1, TP53, HDAC1, GSK3B","{""score_AA_direction_recovery"": 0.08494950125354708, ""score_CD34_expression"": 0.1606857259255359, ""score_CD34_marker_context"": 0.12421578566572493, ""score_GSE165870_bulk_support"": 0.0556840058118459, ""score_WGCNA_module_strength"": 0.1951944838648805, ""score_module_pathology_importance"": 0.17147956966909247, ""score_network_pharmacology_hit"": 0.2077909278093733}"
deterministic_jitter_201,deterministic_weight_jitter_pm25pct,"Each non-docking evidence weight multiplied by a deterministic random factor in [0.75, 1.25], then renormalized.",26,0.8666666666666667,0.7647058823529411,0.8495726495726494,"CDK6, CA2, PARP1, HSP90AB1, ACHE, HIF1A, KIT, CDK2, TERT, TOP2A, ARG1, SYK, PTGS2, CDK4, CHEK1, SIGMAR1, PTPN11, APEX1, MPO, CD38, CCNB1, TBXAS1, GSK3B, AURKB, AR, G6PD, HSP90AA1, CDK1, IGF1R, MET","{""score_AA_direction_recovery"": 0.1183926419175092, ""score_CD34_expression"": 0.11269933133068101, ""score_CD34_marker_context"": 0.09211945000063809, ""score_GSE165870_bulk_support"": 0.047872063138786815, ""score_WGCNA_module_strength"": 0.1845614954558389, ""score_module_pathology_importance"": 0.16658890789971834, ""score_network_pharmacology_hit"": 0.2777661102568276}"
deterministic_jitter_202,deterministic_weight_jitter_pm25pct,"Each non-docking evidence weight multiplied by a deterministic random factor in [0.75, 1.25], then renormalized.",26,0.8666666666666667,0.7647058823529411,0.8687179487179486,"CDK6, CA2, HSP90AB1, PARP1, ACHE, KIT, HIF1A, HSP90AA1, APEX1, CDK4, CHEK1, CDK2, PRKDC, TOP2A, MDM4, PTPN11, SYK, MIF, HDAC1, TP53, PTGS2, PGD, SIGMAR1, CD38, TERT, ARG1, G6PD, MPO, CCNB1, PIK3CA","{""score_AA_direction_recovery"": 0.09587271859927314, ""score_CD34_expression"": 0.15373459243462156, ""score_CD34_marker_context"": 0.12758734263499755, ""score_GSE165870_bulk_support"": 0.04787896200058174, ""score_WGCNA_module_strength"": 0.25212827053461134, ""score_module_pathology_importance"": 0.15983485586531682, ""score_network_pharmacology_hit"": 0.1629632579305979}"
deterministic_jitter_203,deterministic_weight_jitter_pm25pct,"Each non-docking evidence weight multiplied by a deterministic random factor in [0.75, 1.25], then renormalized.",27,0.9,0.8181818181818182,0.9291819291819291,"CDK6, CA2, HSP90AB1, PARP1, ACHE, KIT, HIF1A, CDK4, HSP90AA1, APEX1, CDK2, CHEK1, SYK, TOP2A, PTPN11, PRKDC, MDM4, SIGMAR1, PTGS2, MIF, TERT, MPO, CD38, ARG1, PGD, TP53, G6PD, HDAC1, CCNB1, GSK3B","{""score_AA_direction_recovery"": 0.11521090105221414, ""score_CD34_expression"": 0.15420740439104333, ""score_CD34_marker_context"": 0.12959989118826984, ""score_GSE165870_bulk_support"": 0.034971275059996004, ""score_WGCNA_module_strength"": 0.2240718277884167, ""score_module_pathology_importance"": 0.1507020804511779, ""score_network_pharmacology_hit"": 0.191236620068882}"
deterministic_jitter_204,deterministic_weight_jitter_pm25pct,"Each non-docking evidence weight multiplied by a deterministic random factor in [0.75, 1.25], then renormalized.",29,0.9666666666666667,0.9354838709677419,0.9620689655172412,"CDK6, CA2, HSP90AB1, PARP1, ACHE, HIF1A, KIT, CDK4, CDK2, SYK, TOP2A, APEX1, CHEK1, HSP90AA1, TERT, MPO, ARG1, PTGS2, PTPN11, SIGMAR1, CD38, CCNB1, GSK3B, TBXAS1, MDM4, AURKB, PRKDC, G6PD, MIF, FLT3","{""score_AA_direction_recovery"": 0.13263856633638382, ""score_CD34_expression"": 0.1407479470196853, ""score_CD34_marker_context"": 0.10236082130211249, ""score_GSE165870_bulk_support"": 0.04652691785355821, ""score_WGCNA_module_strength"": 0.18347730608495696, ""score_module_pathology_importance"": 0.15132085947949564, ""score_network_pharmacology_hit"": 0.24292758192380756}"
deterministic_jitter_205,deterministic_weight_jitter_pm25pct,"Each non-docking evidence weight multiplied by a deterministic random factor in [0.75, 1.25], then renormalized.",29,0.9666666666666667,0.9354838709677419,0.9758620689655171,"CDK6, CA2, HSP90AB1, PARP1, ACHE, KIT, HIF1A, CDK2, CDK4, TOP2A, SYK, APEX1, CHEK1, PTPN11, TERT, SIGMAR1, PTGS2, HSP90AA1, ARG1, MDM4, CD38, PRKDC, CCNB1, GSK3B, G6PD, AURKB, TBXAS1, TP53, MPO, PIK3CG","{""score_AA_direction_recovery"": 0.12375866517408232, ""score_CD34_expression"": 0.11288334163550837, ""score_CD34_marker_context"": 0.10728234025158079, ""score_GSE165870_bulk_support"": 0.03799975797541483, ""score_WGCNA_module_strength"": 0.24956380142739468, ""score_module_pathology_importance"": 0.15526220720196293, ""score_network_pharmacology_hit"": 0.213249886334056}"
deterministic_jitter_206,deterministic_weight_jitter_pm25pct,"Each non-docking evidence weight multiplied by a deterministic random factor in [0.75, 1.25], then renormalized.",29,0.9666666666666667,0.9354838709677419,0.9778325123152708,"CDK6, CA2, HSP90AB1, PARP1, ACHE, HIF1A, KIT, CDK4, SYK, APEX1, CDK2, HSP90AA1, TOP2A, TERT, CHEK1, SIGMAR1, PTPN11, CD38, GSK3B, ARG1, MPO, PTGS2, MDM4, MIF, PRKDC, CCNB1, PIK3CG, G6PD, FLT3, AURKB","{""score_AA_direction_recovery"": 0.11547885078513323, ""score_CD34_expression"": 0.1513649401348403, ""score_CD34_marker_context"": 0.1299941072479794, ""score_GSE165870_bulk_support"": 0.03674525332009745, ""score_WGCNA_module_strength"": 0.22384088001212732, ""score_module_pathology_importance"": 0.11496897775843849, ""score_network_pharmacology_hit"": 0.22760699074138385}"
deterministic_jitter_207,deterministic_weight_jitter_pm25pct,"Each non-docking evidence weight multiplied by a deterministic random factor in [0.75, 1.25], then renormalized.",29,0.9666666666666667,0.9354838709677419,0.9674876847290638,"CDK6, CA2, HSP90AB1, PARP1, ACHE, CDK4, HIF1A, KIT, SYK, APEX1, HSP90AA1, TOP2A, CDK2, SIGMAR1, TERT, CD38, PTPN11, CHEK1, ARG1, PTGS2, GSK3B, MDM4, CCNB1, MIF, MPO, AURKB, PIK3CG, PRKDC, TBXAS1, FLT3","{""score_AA_direction_recovery"": 0.1264135307826395, ""score_CD34_expression"": 0.1455437656620357, ""score_CD34_marker_context"": 0.09417548177102872, ""score_GSE165870_bulk_support"": 0.0511449345442497, ""score_WGCNA_module_strength"": 0.2517900491111787, ""score_module_pathology_importance"": 0.11092593463398698, ""score_network_pharmacology_hit"": 0.2200063034948808}"
deterministic_jitter_208,deterministic_weight_jitter_pm25pct,"Each non-docking evidence weight multiplied by a deterministic random factor in [0.75, 1.25], then renormalized.",27,0.9,0.8181818181818182,0.8357753357753357,"CDK6, HSP90AB1, CA2, PARP1, ACHE, HIF1A, KIT, HSP90AA1, APEX1, CDK4, CHEK1, CDK2, MPO, PRKDC, PTPN11, TOP2A, MDM4, MIF, SYK, PTGS2, ARG1, TERT, CCNB1, CD38, TP53, SIGMAR1, G6PD, HDAC1, PGD, TBXAS1","{""score_AA_direction_recovery"": 0.09077092599759813, ""score_CD34_expression"": 0.17000890959358145, ""score_CD34_marker_context"": 0.12182529927639614, ""score_GSE165870_bulk_support"": 0.05034422211321894, ""score_WGCNA_module_strength"": 0.19196208548708238, ""score_module_pathology_importance"": 0.18734265191262697, ""score_network_pharmacology_hit"": 0.18774590561949597}"
deterministic_jitter_209,deterministic_weight_jitter_pm25pct,"Each non-docking evidence weight multiplied by a deterministic random factor in [0.75, 1.25], then renormalized.",27,0.9,0.8181818181818182,0.9126984126984127,"CDK6, CA2, HSP90AB1, PARP1, ACHE, KIT, HIF1A, HSP90AA1, APEX1, CDK4, CDK2, TOP2A, CHEK1, PTPN11, MDM4, SYK, PRKDC, MIF, SIGMAR1, PTGS2, PGD, HDAC1, TP53, TERT, CD38, ARG1, G6PD, MPO, CCNB1, AURKB","{""score_AA_direction_recovery"": 0.09193586392185525, ""score_CD34_expression"": 0.15956737583658964, ""score_CD34_marker_context"": 0.1155164266061959, ""score_GSE165870_bulk_support"": 0.03833628383443104, ""score_WGCNA_module_strength"": 0.26737272805396267, ""score_module_pathology_importance"": 0.15897241152836855, ""score_network_pharmacology_hit"": 0.16829891021859703}"
deterministic_jitter_210,deterministic_weight_jitter_pm25pct,"Each non-docking evidence weight multiplied by a deterministic random factor in [0.75, 1.25], then renormalized.",28,0.9333333333333333,0.875,0.9354132457580733,"CDK6, CA2, HSP90AB1, ACHE, PARP1, HIF1A, KIT, CDK2, TOP2A, TERT, SYK, CDK4, SIGMAR1, APEX1, ARG1, PTGS2, CHEK1, PTPN11, CD38, HSP90AA1, GSK3B, AURKB, CCNB1, TBXAS1, MPO, MDM4, G6PD, CDK1, PIK3CG, FLT3","{""score_AA_direction_recovery"": 0.10171658103679011, ""score_CD34_expression"": 0.12241254616217859, ""score_CD34_marker_context"": 0.0849765077446386, ""score_GSE165870_bulk_support"": 0.04324491011849298, ""score_WGCNA_module_strength"": 0.24257731375465716, ""score_module_pathology_importance"": 0.14830548200501525, ""score_network_pharmacology_hit"": 0.2567666591782273}"
deterministic_jitter_211,deterministic_weight_jitter_pm25pct,"Each non-docking evidence weight multiplied by a deterministic random factor in [0.75, 1.25], then renormalized.",26,0.8666666666666667,0.7647058823529411,0.9241025641025641,"CDK6, CA2, HSP90AB1, PARP1, ACHE, KIT, HIF1A, CDK2, CDK4, CHEK1, APEX1, TOP2A, HSP90AA1, PTPN11, MDM4, PTGS2, PRKDC, SYK, SIGMAR1, ARG1, TP53, TERT, CD38, PGD, HDAC1, G6PD, CCNB1, TBXAS1, PIK3CA, MPO","{""score_AA_direction_recovery"": 0.13048390420228356, ""score_CD34_expression"": 0.11895508853251922, ""score_CD34_marker_context"": 0.10997193338955721, ""score_GSE165870_bulk_support"": 0.04012408600042877, ""score_WGCNA_module_strength"": 0.24153768152079103, ""score_module_pathology_importance"": 0.1807283280506643, ""score_network_pharmacology_hit"": 0.17819897830375594}"
deterministic_jitter_212,deterministic_weight_jitter_pm25pct,"Each non-docking evidence weight multiplied by a deterministic random factor in [0.75, 1.25], then renormalized.",28,0.9333333333333333,0.875,0.9512862616310892,"CDK6, CA2, HSP90AB1, PARP1, ACHE, HIF1A, KIT, CDK2, CDK4, SYK, TOP2A, TERT, APEX1, SIGMAR1, ARG1, CHEK1, PTGS2, CD38, PTPN11, HSP90AA1, GSK3B, MPO, CCNB1, TBXAS1, AURKB, PIK3CG, IGF1R, FLT3, G6PD, MDM4","{""score_AA_direction_recovery"": 0.12163838414998265, ""score_CD34_expression"": 0.12531534518591966, ""score_CD34_marker_context"": 0.1050917692096331, ""score_GSE165870_bulk_support"": 0.05342488536269578, ""score_WGCNA_module_strength"": 0.20616311071559848, ""score_module_pathology_importance"": 0.1307318976884276, ""score_network_pharmacology_hit"": 0.2576346076877427}"
deterministic_jitter_213,deterministic_weight_jitter_pm25pct,"Each non-docking evidence weight multiplied by a deterministic random factor in [0.75, 1.25], then renormalized.",27,0.9,0.8181818181818182,0.9768009768009768,"CDK6, CA2, HSP90AB1, ACHE, PARP1, KIT, HIF1A, CDK4, TOP2A, APEX1, CDK2, HSP90AA1, SIGMAR1, SYK, PTPN11, CHEK1, TERT, MDM4, PTGS2, CD38, ARG1, PRKDC, PGD, AURKB, HDAC1, TP53, GSK3B, G6PD, CCNB1, TBXAS1","{""score_AA_direction_recovery"": 0.12251509165355165, ""score_CD34_expression"": 0.12187290030688863, ""score_CD34_marker_context"": 0.09363619839950978, ""score_GSE165870_bulk_support"": 0.0369223068137854, ""score_WGCNA_module_strength"": 0.29910582292073107, ""score_module_pathology_importance"": 0.13460301536527874, ""score_network_pharmacology_hit"": 0.19134466454025476}"
deterministic_jitter_214,deterministic_weight_jitter_pm25pct,"Each non-docking evidence weight multiplied by a deterministic random factor in [0.75, 1.25], then renormalized.",28,0.9333333333333333,0.875,0.9414340448823207,"CDK6, CA2, HSP90AB1, PARP1, ACHE, HIF1A, KIT, CDK4, SYK, CDK2, TERT, APEX1, TOP2A, CHEK1, ARG1, SIGMAR1, MPO, CD38, HSP90AA1, GSK3B, PTPN11, PTGS2, CCNB1, PIK3CG, FLT3, TBXAS1, IGF1R, G6PD, MDM4, AURKB","{""score_AA_direction_recovery"": 0.11503012231661673, ""score_CD34_expression"": 0.1401071974223738, ""score_CD34_marker_context"": 0.13109663299826144, ""score_GSE165870_bulk_support"": 0.04820791219708991, ""score_WGCNA_module_strength"": 0.184293215097908, ""score_module_pathology_importance"": 0.1198391992897208, ""score_network_pharmacology_hit"": 0.26142572067802927}"
deterministic_jitter_215,deterministic_weight_jitter_pm25pct,"Each non-docking evidence weight multiplied by a deterministic random factor in [0.75, 1.25], then renormalized.",26,0.8666666666666667,0.7647058823529411,0.9829059829059829,"CDK6, CA2, HSP90AB1, ACHE, PARP1, KIT, HIF1A, CDK4, SYK, APEX1, CDK2, TOP2A, SIGMAR1, HSP90AA1, CHEK1, PTPN11, TERT, MDM4, CD38, PTGS2, PRKDC, ARG1, GSK3B, HDAC1, TP53, PIK3CG, PGD, G6PD, FLT3, AURKB","{""score_AA_direction_recovery"": 0.11120406186130956, ""score_CD34_expression"": 0.11506459460832917, ""score_CD34_marker_context"": 0.1370207595883109, ""score_GSE165870_bulk_support"": 0.04399852781385944, ""score_WGCNA_module_strength"": 0.2966943946463699, ""score_module_pathology_importance"": 0.10946143931091812, ""score_network_pharmacology_hit"": 0.18655622217090298}"
deterministic_jitter_216,deterministic_weight_jitter_pm25pct,"Each non-docking evidence weight multiplied by a deterministic random factor in [0.75, 1.25], then renormalized.",28,0.9333333333333333,0.875,0.9578544061302682,"CDK6, CA2, HSP90AB1, PARP1, ACHE, HIF1A, KIT, CDK4, SYK, CDK2, APEX1, TOP2A, TERT, CHEK1, SIGMAR1, ARG1, CD38, HSP90AA1, PTGS2, PTPN11, GSK3B, PIK3CG, MDM4, CCNB1, FLT3, MPO, IGF1R, TBXAS1, G6PD, PRKDC","{""score_AA_direction_recovery"": 0.1313666818107615, ""score_CD34_expression"": 0.1189624641949993, ""score_CD34_marker_context"": 0.13230997601524208, ""score_GSE165870_bulk_support"": 0.05696121491005712, ""score_WGCNA_module_strength"": 0.2148102401866267, ""score_module_pathology_importance"": 0.1112473656780495, ""score_network_pharmacology_hit"": 0.2343420572042638}"
deterministic_jitter_217,deterministic_weight_jitter_pm25pct,"Each non-docking evidence weight multiplied by a deterministic random factor in [0.75, 1.25], then renormalized.",27,0.9,0.8181818181818182,0.8998778998778999,"CDK6, CA2, HSP90AB1, PARP1, ACHE, HIF1A, KIT, HSP90AA1, CDK4, APEX1, CDK2, CHEK1, SYK, TOP2A, PTPN11, PRKDC, MPO, MIF, MDM4, PTGS2, SIGMAR1, ARG1, TERT, CD38, CCNB1, HDAC1, PGD, TP53, G6PD, GSK3B","{""score_AA_direction_recovery"": 0.107322316725796, ""score_CD34_expression"": 0.16302534412216507, ""score_CD34_marker_context"": 0.1236684492042144, ""score_GSE165870_bulk_support"": 0.05127265304343647, ""score_WGCNA_module_strength"": 0.2099025987459698, ""score_module_pathology_importance"": 0.1540114680433339, ""score_network_pharmacology_hit"": 0.1907971701150843}"
deterministic_jitter_218,deterministic_weight_jitter_pm25pct,"Each non-docking evidence weight multiplied by a deterministic random factor in [0.75, 1.25], then renormalized.",27,0.9,0.8181818181818182,0.9108669108669109,"CDK6, CA2, HSP90AB1, PARP1, ACHE, KIT, HIF1A, HSP90AA1, CDK4, APEX1, SYK, CDK2, TOP2A, CHEK1, PRKDC, PTPN11, MIF, SIGMAR1, MDM4, CD38, PTGS2, TERT, PGD, ARG1, MPO, HDAC1, TP53, G6PD, CCNB1, GSK3B","{""score_AA_direction_recovery"": 0.11792869904731837, ""score_CD34_expression"": 0.16126589618838302, ""score_CD34_marker_context"": 0.12369242011369339, ""score_GSE165870_bulk_support"": 0.05163257898513123, ""score_WGCNA_module_strength"": 0.23431026802099947, ""score_module_pathology_importance"": 0.1311344507533689, ""score_network_pharmacology_hit"": 0.18003568689110558}"
deterministic_jitter_219,deterministic_weight_jitter_pm25pct,"Each non-docking evidence weight multiplied by a deterministic random factor in [0.75, 1.25], then renormalized.",28,0.9333333333333333,0.875,0.9365079365079365,"CDK6, CA2, HSP90AB1, ACHE, PARP1, HIF1A, KIT, SYK, CDK4, CDK2, TERT, TOP2A, APEX1, SIGMAR1, CHEK1, CD38, GSK3B, ARG1, PTPN11, HSP90AA1, PTGS2, PIK3CG, FLT3, MDM4, CCNB1, AURKB, MPO, G6PD, TBXAS1, IGF1R","{""score_AA_direction_recovery"": 0.09224747146323138, ""score_CD34_expression"": 0.13100869024717288, ""score_CD34_marker_context"": 0.12390568585982463, ""score_GSE165870_bulk_support"": 0.04412895173882721, ""score_WGCNA_module_strength"": 0.24568365550033477, ""score_module_pathology_importance"": 0.10891776273409103, ""score_network_pharmacology_hit"": 0.25410778245651805}"
deterministic_jitter_220,deterministic_weight_jitter_pm25pct,"Each non-docking evidence weight multiplied by a deterministic random factor in [0.75, 1.25], then renormalized.",29,0.9666666666666667,0.9354838709677419,0.9891625615763545,"CDK6, CA2, HSP90AB1, PARP1, ACHE, HIF1A, KIT, CDK4, CDK2, TOP2A, APEX1, SYK, HSP90AA1, SIGMAR1, CHEK1, TERT, PTPN11, PTGS2, ARG1, CD38, MDM4, CCNB1, MPO, PRKDC, AURKB, GSK3B, G6PD, TBXAS1, MIF, PGD","{""score_AA_direction_recovery"": 0.11191166437345314, ""score_CD34_expression"": 0.1392199307627079, ""score_CD34_marker_context"": 0.0954273812729224, ""score_GSE165870_bulk_support"": 0.04478335093626275, ""score_WGCNA_module_strength"": 0.24129500431233689, ""score_module_pathology_importance"": 0.14994781292364742, ""score_network_pharmacology_hit"": 0.21741485541866948}"
deterministic_jitter_221,deterministic_weight_jitter_pm25pct,"Each non-docking evidence weight multiplied by a deterministic random factor in [0.75, 1.25], then renormalized.",29,0.9666666666666667,0.9354838709677419,0.9714285714285712,"CDK6, CA2, HSP90AB1, PARP1, ACHE, HIF1A, KIT, CDK2, CDK4, APEX1, HSP90AA1, SYK, TOP2A, CHEK1, MPO, TERT, PTPN11, PTGS2, ARG1, SIGMAR1, CD38, CCNB1, MDM4, MIF, GSK3B, PRKDC, G6PD, TBXAS1, AURKB, CDK1","{""score_AA_direction_recovery"": 0.09110614108934853, ""score_CD34_expression"": 0.16311456318240536, ""score_CD34_marker_context"": 0.11299213180230612, ""score_GSE165870_bulk_support"": 0.039472182564903736, ""score_WGCNA_module_strength"": 0.1919705655570343, ""score_module_pathology_importance"": 0.16339604788682138, ""score_network_pharmacology_hit"": 0.23794836791718052}"
deterministic_jitter_222,deterministic_weight_jitter_pm25pct,"Each non-docking evidence weight multiplied by a deterministic random factor in [0.75, 1.25], then renormalized.",27,0.9,0.8181818181818182,0.9108669108669109,"CDK6, CA2, ACHE, HSP90AB1, PARP1, HIF1A, KIT, CDK2, TERT, SYK, TOP2A, CDK4, CHEK1, SIGMAR1, ARG1, APEX1, PTGS2, PTPN11, CD38, GSK3B, MDM4, PIK3CG, CCNB1, HSP90AA1, AURKB, TBXAS1, G6PD, FLT3, IGF1R, CDK1","{""score_AA_direction_recovery"": 0.09402084102937107, ""score_CD34_expression"": 0.10607920746584157, ""score_CD34_marker_context"": 0.12466419542704951, ""score_GSE165870_bulk_support"": 0.04613757022403837, ""score_WGCNA_module_strength"": 0.24240394796691112, ""score_module_pathology_importance"": 0.1331149612583626, ""score_network_pharmacology_hit"": 0.2535792766284258}"
deterministic_jitter_223,deterministic_weight_jitter_pm25pct,"Each non-docking evidence weight multiplied by a deterministic random factor in [0.75, 1.25], then renormalized.",27,0.9,0.8181818181818182,0.9798534798534798,"CDK6, CA2, HSP90AB1, PARP1, ACHE, KIT, HIF1A, CDK4, APEX1, HSP90AA1, SYK, CDK2, TOP2A, CHEK1, PTPN11, SIGMAR1, TERT, MDM4, PTGS2, CD38, PRKDC, ARG1, TP53, HDAC1, GSK3B, PGD, PIK3CG, G6PD, MIF, CCNB1","{""score_AA_direction_recovery"": 0.12303389785383034, ""score_CD34_expression"": 0.13062568997131865, ""score_CD34_marker_context"": 0.1272438538762299, ""score_GSE165870_bulk_support"": 0.0536359650177928, ""score_WGCNA_module_strength"": 0.24872137585902832, ""score_module_pathology_importance"": 0.12758511755440327, ""score_network_pharmacology_hit"": 0.18915409986739673}"
deterministic_jitter_224,deterministic_weight_jitter_pm25pct,"Each non-docking evidence weight multiplied by a deterministic random factor in [0.75, 1.25], then renormalized.",27,0.9,0.8181818181818182,0.976190476190476,"CDK6, CA2, HSP90AB1, ACHE, PARP1, KIT, HIF1A, CDK4, SYK, TOP2A, APEX1, CDK2, SIGMAR1, HSP90AA1, TERT, PTPN11, CHEK1, CD38, PTGS2, MDM4, ARG1, GSK3B, PIK3CG, PRKDC, G6PD, HDAC1, AURKB, PGD, TP53, CCNB1","{""score_AA_direction_recovery"": 0.09535463145061798, ""score_CD34_expression"": 0.1295281628092309, ""score_CD34_marker_context"": 0.11286352256479831, ""score_GSE165870_bulk_support"": 0.04683487311657264, ""score_WGCNA_module_strength"": 0.28873266674512177, ""score_module_pathology_importance"": 0.12018114550601947, ""score_network_pharmacology_hit"": 0.20650499780763898}"
deterministic_jitter_225,deterministic_weight_jitter_pm25pct,"Each non-docking evidence weight multiplied by a deterministic random factor in [0.75, 1.25], then renormalized.",29,0.9666666666666667,0.9354838709677419,0.9546798029556648,"CDK6, CA2, HSP90AB1, PARP1, ACHE, HIF1A, KIT, CDK2, CDK4, SYK, APEX1, CHEK1, TERT, TOP2A, MPO, ARG1, HSP90AA1, PTGS2, PTPN11, CD38, SIGMAR1, GSK3B, CCNB1, MDM4, G6PD, TBXAS1, PIK3CG, PRKDC, AURKB, FLT3","{""score_AA_direction_recovery"": 0.09202067092294826, ""score_CD34_expression"": 0.14609045180439317, ""score_CD34_marker_context"": 0.1309438534958122, ""score_GSE165870_bulk_support"": 0.05373140389939879, ""score_WGCNA_module_strength"": 0.18061694872031506, ""score_module_pathology_importance"": 0.14859775871837133, ""score_network_pharmacology_hit"": 0.24799891243876113}"
deterministic_jitter_226,deterministic_weight_jitter_pm25pct,"Each non-docking evidence weight multiplied by a deterministic random factor in [0.75, 1.25], then renormalized.",27,0.9,0.8181818181818182,0.8748473748473748,"CDK6, CA2, HSP90AB1, PARP1, ACHE, HSP90AA1, CDK4, APEX1, HIF1A, KIT, SYK, TOP2A, MIF, CDK2, SIGMAR1, PTPN11, CHEK1, PRKDC, CD38, MDM4, TERT, MPO, PGD, PTGS2, HDAC1, ARG1, GSK3B, G6PD, CCNB1, TP53","{""score_AA_direction_recovery"": 0.10103103334834032, ""score_CD34_expression"": 0.18459933545240445, ""score_CD34_marker_context"": 0.1061485698435231, ""score_GSE165870_bulk_support"": 0.0374823964602077, ""score_WGCNA_module_strength"": 0.2583182801684525, ""score_module_pathology_importance"": 0.12418012487776996, ""score_network_pharmacology_hit"": 0.18824025984930193}"
deterministic_jitter_227,deterministic_weight_jitter_pm25pct,"Each non-docking evidence weight multiplied by a deterministic random factor in [0.75, 1.25], then renormalized.",29,0.9666666666666667,0.9354838709677419,0.9546798029556648,"CDK6, CA2, HSP90AB1, PARP1, ACHE, CDK4, HIF1A, KIT, SYK, APEX1, CDK2, TOP2A, SIGMAR1, TERT, HSP90AA1, CD38, PTPN11, CHEK1, GSK3B, ARG1, PTGS2, PIK3CG, MDM4, AURKB, FLT3, CCNB1, MPO, MIF, G6PD, TBXAS1","{""score_AA_direction_recovery"": 0.1191025082238059, ""score_CD34_expression"": 0.1429965481137615, ""score_CD34_marker_context"": 0.10733757815232439, ""score_GSE165870_bulk_support"": 0.034206544684456996, ""score_WGCNA_module_strength"": 0.25869305627732025, ""score_module_pathology_importance"": 0.09860725640707703, ""score_network_pharmacology_hit"": 0.23905650814125398}"
deterministic_jitter_228,deterministic_weight_jitter_pm25pct,"Each non-docking evidence weight multiplied by a deterministic random factor in [0.75, 1.25], then renormalized.",27,0.9,0.8181818181818182,0.9218559218559219,"CDK6, CA2, HSP90AB1, PARP1, ACHE, KIT, HSP90AA1, CDK4, HIF1A, APEX1, TOP2A, SYK, CDK2, SIGMAR1, PTPN11, PRKDC, CHEK1, MDM4, PGD, MIF, HDAC1, CD38, PTGS2, TP53, TERT, ARG1, G6PD, PIK3CG, GSK3B, CCNB1","{""score_AA_direction_recovery"": 0.12284745179673034, ""score_CD34_expression"": 0.14781313444136623, ""score_CD34_marker_context"": 0.1049694902878956, ""score_GSE165870_bulk_support"": 0.0471559737613025, ""score_WGCNA_module_strength"": 0.2855468131494825, ""score_module_pathology_importance"": 0.13000676572559403, ""score_network_pharmacology_hit"": 0.16166037083762885}"
deterministic_jitter_229,deterministic_weight_jitter_pm25pct,"Each non-docking evidence weight multiplied by a deterministic random factor in [0.75, 1.25], then renormalized.",28,0.9333333333333333,0.875,0.9151614668856047,"CDK6, CA2, PARP1, HSP90AB1, ACHE, HIF1A, KIT, CDK2, TERT, SYK, CDK4, TOP2A, CHEK1, ARG1, PTGS2, APEX1, PTPN11, SIGMAR1, CD38, MPO, GSK3B, CCNB1, TBXAS1, HSP90AA1, G6PD, MDM4, AURKB, PIK3CG, IGF1R, CDK1","{""score_AA_direction_recovery"": 0.09606307552668629, ""score_CD34_expression"": 0.1216514213778643, ""score_CD34_marker_context"": 0.12173224593832825, ""score_GSE165870_bulk_support"": 0.053996373126656866, ""score_WGCNA_module_strength"": 0.19063700573836154, ""score_module_pathology_importance"": 0.15069704641090492, ""score_network_pharmacology_hit"": 0.26522283188119783}"
deterministic_jitter_230,deterministic_weight_jitter_pm25pct,"Each non-docking evidence weight multiplied by a deterministic random factor in [0.75, 1.25], then renormalized.",27,0.9,0.8181818181818182,0.8498168498168497,"CDK6, HSP90AB1, CA2, PARP1, ACHE, HSP90AA1, KIT, HIF1A, CDK4, APEX1, PRKDC, CDK2, CHEK1, TOP2A, MIF, PTPN11, SYK, MDM4, SIGMAR1, PGD, MPO, PTGS2, HDAC1, TP53, CD38, TERT, ARG1, G6PD, CCNB1, TBXAS1","{""score_AA_direction_recovery"": 0.11996274011438597, ""score_CD34_expression"": 0.17041621668091428, ""score_CD34_marker_context"": 0.11338107270723123, ""score_GSE165870_bulk_support"": 0.03664828375738739, ""score_WGCNA_module_strength"": 0.23095194019927823, ""score_module_pathology_importance"": 0.16044289026734723, ""score_network_pharmacology_hit"": 0.16819685627345574}"
deterministic_jitter_231,deterministic_weight_jitter_pm25pct,"Each non-docking evidence weight multiplied by a deterministic random factor in [0.75, 1.25], then renormalized.",29,0.9666666666666667,0.9354838709677419,0.9871921182266008,"CDK6, CA2, HSP90AB1, PARP1, ACHE, HIF1A, KIT, CDK4, APEX1, SYK, HSP90AA1, CDK2, TOP2A, CHEK1, SIGMAR1, TERT, PTPN11, CD38, ARG1, PTGS2, GSK3B, MPO, MDM4, PRKDC, MIF, CCNB1, PIK3CG, G6PD, FLT3, TBXAS1","{""score_AA_direction_recovery"": 0.11985844348856833, ""score_CD34_expression"": 0.14712192873108515, ""score_CD34_marker_context"": 0.1236986687038409, ""score_GSE165870_bulk_support"": 0.048137394490138506, ""score_WGCNA_module_strength"": 0.22253143093827008, ""score_module_pathology_importance"": 0.11993749064846962, ""score_network_pharmacology_hit"": 0.21871464299962742}"
deterministic_jitter_232,deterministic_weight_jitter_pm25pct,"Each non-docking evidence weight multiplied by a deterministic random factor in [0.75, 1.25], then renormalized.",27,0.9,0.8181818181818182,0.9487179487179487,"CDK6, CA2, HSP90AB1, PARP1, ACHE, HIF1A, KIT, CDK2, CDK4, TOP2A, SYK, TERT, APEX1, SIGMAR1, ARG1, CHEK1, MPO, HSP90AA1, PTGS2, CD38, PTPN11, CCNB1, GSK3B, TBXAS1, AURKB, G6PD, FLT3, MDM4, CDK1, IGF1R","{""score_AA_direction_recovery"": 0.12447893609740995, ""score_CD34_expression"": 0.14117847054177793, ""score_CD34_marker_context"": 0.08435038621920053, ""score_GSE165870_bulk_support"": 0.04589894811746575, ""score_WGCNA_module_strength"": 0.19461657169408605, ""score_module_pathology_importance"": 0.14598312057224147, ""score_network_pharmacology_hit"": 0.2634935667578183}"
deterministic_jitter_233,deterministic_weight_jitter_pm25pct,"Each non-docking evidence weight multiplied by a deterministic random factor in [0.75, 1.25], then renormalized.",27,0.9,0.8181818181818182,0.9908424908424908,"CDK6, CA2, HSP90AB1, PARP1, ACHE, KIT, HIF1A, CDK4, CDK2, TOP2A, APEX1, SYK, CHEK1, HSP90AA1, PTPN11, SIGMAR1, PTGS2, TERT, ARG1, MDM4, CD38, PRKDC, TP53, CCNB1, HDAC1, G6PD, GSK3B, PIK3CG, TBXAS1, PGD","{""score_AA_direction_recovery"": 0.137748845836199, ""score_CD34_expression"": 0.11147926811987538, ""score_CD34_marker_context"": 0.11350291165020607, ""score_GSE165870_bulk_support"": 0.05710164455371603, ""score_WGCNA_module_strength"": 0.24374967621197435, ""score_module_pathology_importance"": 0.14177129858249712, ""score_network_pharmacology_hit"": 0.19464635504553207}"
deterministic_jitter_234,deterministic_weight_jitter_pm25pct,"Each non-docking evidence weight multiplied by a deterministic random factor in [0.75, 1.25], then renormalized.",29,0.9666666666666667,0.9354838709677419,0.9655172413793103,"CDK6, CA2, HSP90AB1, PARP1, ACHE, HIF1A, KIT, CDK4, CDK2, TOP2A, SYK, APEX1, HSP90AA1, TERT, SIGMAR1, CHEK1, ARG1, PTGS2, PTPN11, CD38, MPO, CCNB1, TBXAS1, AURKB, GSK3B, MDM4, G6PD, PRKDC, MIF, FLT3","{""score_AA_direction_recovery"": 0.12598749423725025, ""score_CD34_expression"": 0.14099822757726482, ""score_CD34_marker_context"": 0.08079625363419228, ""score_GSE165870_bulk_support"": 0.04828043603340029, ""score_WGCNA_module_strength"": 0.2155155619738951, ""score_module_pathology_importance"": 0.149206384735051, ""score_network_pharmacology_hit"": 0.2392156418089463}"
deterministic_jitter_235,deterministic_weight_jitter_pm25pct,"Each non-docking evidence weight multiplied by a deterministic random factor in [0.75, 1.25], then renormalized.",28,0.9333333333333333,0.875,0.9540229885057472,"CDK6, CA2, HSP90AB1, PARP1, ACHE, HIF1A, KIT, CDK4, SYK, CDK2, TERT, APEX1, TOP2A, CHEK1, ARG1, SIGMAR1, CD38, PTGS2, HSP90AA1, GSK3B, PTPN11, MPO, PIK3CG, CCNB1, FLT3, IGF1R, MDM4, TBXAS1, G6PD, AURKB","{""score_AA_direction_recovery"": 0.12609586812382023, ""score_CD34_expression"": 0.12459131996072863, ""score_CD34_marker_context"": 0.13112411291334083, ""score_GSE165870_bulk_support"": 0.0564892680845236, ""score_WGCNA_module_strength"": 0.19923517215969744, ""score_module_pathology_importance"": 0.1163490815239404, ""score_network_pharmacology_hit"": 0.24611517723394885}"
deterministic_jitter_236,deterministic_weight_jitter_pm25pct,"Each non-docking evidence weight multiplied by a deterministic random factor in [0.75, 1.25], then renormalized.",28,0.9333333333333333,0.875,0.980295566502463,"CDK6, CA2, HSP90AB1, ACHE, PARP1, KIT, HIF1A, CDK4, CDK2, SYK, TOP2A, APEX1, SIGMAR1, TERT, HSP90AA1, CHEK1, PTPN11, PTGS2, CD38, ARG1, MDM4, GSK3B, PIK3CG, PRKDC, G6PD, AURKB, HDAC1, TP53, CCNB1, TBXAS1","{""score_AA_direction_recovery"": 0.10251928494435796, ""score_CD34_expression"": 0.1206304488673177, ""score_CD34_marker_context"": 0.1160217932198781, ""score_GSE165870_bulk_support"": 0.047546145745501624, ""score_WGCNA_module_strength"": 0.2778889659769461, ""score_module_pathology_importance"": 0.12664166959191261, ""score_network_pharmacology_hit"": 0.2087516916540859}"
deterministic_jitter_237,deterministic_weight_jitter_pm25pct,"Each non-docking evidence weight multiplied by a deterministic random factor in [0.75, 1.25], then renormalized.",30,1.0,1.0,0.9626251390433814,"CDK6, CA2, HSP90AB1, PARP1, ACHE, HIF1A, CDK4, KIT, HSP90AA1, APEX1, SYK, TOP2A, CDK2, SIGMAR1, TERT, CD38, CHEK1, PTPN11, ARG1, MPO, PTGS2, GSK3B, CCNB1, MIF, AURKB, MDM4, TBXAS1, PRKDC, G6PD, PIK3CG","{""score_AA_direction_recovery"": 0.12925241785410535, ""score_CD34_expression"": 0.1572025628583476, ""score_CD34_marker_context"": 0.09256866382749647, ""score_GSE165870_bulk_support"": 0.050391696632207585, ""score_WGCNA_module_strength"": 0.21845179496975645, ""score_module_pathology_importance"": 0.12066291586462335, ""score_network_pharmacology_hit"": 0.23146994799346318}"
deterministic_jitter_238,deterministic_weight_jitter_pm25pct,"Each non-docking evidence weight multiplied by a deterministic random factor in [0.75, 1.25], then renormalized.",27,0.9,0.8181818181818182,0.8797313797313797,"CDK6, HSP90AB1, CA2, PARP1, ACHE, HSP90AA1, HIF1A, KIT, CDK4, APEX1, CDK2, TOP2A, CHEK1, PRKDC, SYK, MIF, PTPN11, MDM4, MPO, SIGMAR1, PTGS2, CD38, PGD, ARG1, TERT, CCNB1, HDAC1, TP53, G6PD, TBXAS1","{""score_AA_direction_recovery"": 0.12169070869639727, ""score_CD34_expression"": 0.17092581276984004, ""score_CD34_marker_context"": 0.105555270750994, ""score_GSE165870_bulk_support"": 0.04329860864686904, ""score_WGCNA_module_strength"": 0.2175183289920364, ""score_module_pathology_importance"": 0.16096970003570046, ""score_network_pharmacology_hit"": 0.18004157010816274}"
deterministic_jitter_239,deterministic_weight_jitter_pm25pct,"Each non-docking evidence weight multiplied by a deterministic random factor in [0.75, 1.25], then renormalized.",28,0.9333333333333333,0.875,0.9408866995073891,"CDK6, CA2, HSP90AB1, PARP1, ACHE, CDK4, HIF1A, HSP90AA1, APEX1, KIT, SYK, TOP2A, SIGMAR1, CDK2, TERT, PTPN11, CD38, CHEK1, MIF, MDM4, PTGS2, ARG1, GSK3B, PRKDC, PGD, PIK3CG, HDAC1, AURKB, G6PD, MPO","{""score_AA_direction_recovery"": 0.08115790937246549, ""score_CD34_expression"": 0.16881702725209877, ""score_CD34_marker_context"": 0.10354731089880517, ""score_GSE165870_bulk_support"": 0.04880443839542395, ""score_WGCNA_module_strength"": 0.28498833288656256, ""score_module_pathology_importance"": 0.10820857026049732, ""score_network_pharmacology_hit"": 0.20447641093414673}"
deterministic_jitter_240,deterministic_weight_jitter_pm25pct,"Each non-docking evidence weight multiplied by a deterministic random factor in [0.75, 1.25], then renormalized.",27,0.9,0.8181818181818182,0.9774114774114774,"CDK6, CA2, HSP90AB1, ACHE, PARP1, KIT, HIF1A, CDK4, APEX1, TOP2A, HSP90AA1, CDK2, SYK, SIGMAR1, PTPN11, TERT, CHEK1, MDM4, PTGS2, CD38, ARG1, PRKDC, MIF, GSK3B, G6PD, PGD, HDAC1, AURKB, TP53, CCNB1","{""score_AA_direction_recovery"": 0.08879669642949234, ""score_CD34_expression"": 0.14425409026702796, ""score_CD34_marker_context"": 0.10980126939198229, ""score_GSE165870_bulk_support"": 0.03792087328284822, ""score_WGCNA_module_strength"": 0.28405843740909725, ""score_module_pathology_importance"": 0.13317624641767792, ""score_network_pharmacology_hit"": 0.2019923868018741}"
deterministic_jitter_241,deterministic_weight_jitter_pm25pct,"Each non-docking evidence weight multiplied by a deterministic random factor in [0.75, 1.25], then renormalized.",29,0.9666666666666667,0.9354838709677419,0.9763546798029553,"CDK6, CA2, HSP90AB1, PARP1, ACHE, HIF1A, KIT, CDK2, CDK4, TOP2A, APEX1, SYK, CHEK1, TERT, PTPN11, PTGS2, SIGMAR1, HSP90AA1, ARG1, MDM4, CD38, PRKDC, GSK3B, G6PD, CCNB1, TBXAS1, AURKB, MPO, TP53, PIK3CG","{""score_AA_direction_recovery"": 0.10401642685273478, ""score_CD34_expression"": 0.1213660858403874, ""score_CD34_marker_context"": 0.12144291751204382, ""score_GSE165870_bulk_support"": 0.03927658715106719, ""score_WGCNA_module_strength"": 0.24368103785789022, ""score_module_pathology_importance"": 0.1537711889884861, ""score_network_pharmacology_hit"": 0.21644575579739056}"
deterministic_jitter_242,deterministic_weight_jitter_pm25pct,"Each non-docking evidence weight multiplied by a deterministic random factor in [0.75, 1.25], then renormalized.",26,0.8666666666666667,0.7647058823529411,0.9678632478632478,"CDK6, CA2, HSP90AB1, ACHE, PARP1, KIT, HIF1A, TOP2A, CDK2, CDK4, APEX1, CHEK1, PTGS2, SIGMAR1, SYK, PTPN11, HSP90AA1, TERT, ARG1, MDM4, CD38, PRKDC, TP53, HDAC1, CCNB1, G6PD, TBXAS1, PGD, AURKB, PIK3CA","{""score_AA_direction_recovery"": 0.12037981967516542, ""score_CD34_expression"": 0.10675705598087629, ""score_CD34_marker_context"": 0.0886660354892335, ""score_GSE165870_bulk_support"": 0.05581839536857344, ""score_WGCNA_module_strength"": 0.27404870966969613, ""score_module_pathology_importance"": 0.1628511406428636, ""score_network_pharmacology_hit"": 0.19147884317359148}"
deterministic_jitter_243,deterministic_weight_jitter_pm25pct,"Each non-docking evidence weight multiplied by a deterministic random factor in [0.75, 1.25], then renormalized.",28,0.9333333333333333,0.875,0.9863163656267103,"CDK6, CA2, HSP90AB1, PARP1, ACHE, HIF1A, KIT, CDK4, APEX1, CDK2, SYK, HSP90AA1, TOP2A, CHEK1, ARG1, TERT, PTGS2, SIGMAR1, PTPN11, CD38, MDM4, PRKDC, CCNB1, MPO, GSK3B, PIK3CG, G6PD, TBXAS1, TP53, HDAC1","{""score_AA_direction_recovery"": 0.12966241425197458, ""score_CD34_expression"": 0.13009947516300654, ""score_CD34_marker_context"": 0.11759615748599528, ""score_GSE165870_bulk_support"": 0.06851520940490301, ""score_WGCNA_module_strength"": 0.21320196828027632, ""score_module_pathology_importance"": 0.1340819092847675, ""score_network_pharmacology_hit"": 0.2068428661290768}"
deterministic_jitter_244,deterministic_weight_jitter_pm25pct,"Each non-docking evidence weight multiplied by a deterministic random factor in [0.75, 1.25], then renormalized.",29,0.9666666666666667,0.9354838709677419,0.9330049261083742,"CDK6, CA2, HSP90AB1, PARP1, ACHE, HIF1A, KIT, CDK2, CHEK1, TOP2A, CDK4, PTGS2, TERT, SYK, ARG1, APEX1, PTPN11, SIGMAR1, CD38, MDM4, MPO, HSP90AA1, CCNB1, TBXAS1, G6PD, GSK3B, PRKDC, AURKB, AR, PIK3CG","{""score_AA_direction_recovery"": 0.10297667532495199, ""score_CD34_expression"": 0.11693745098570575, ""score_CD34_marker_context"": 0.11677296621436407, ""score_GSE165870_bulk_support"": 0.051231709334795046, ""score_WGCNA_module_strength"": 0.20054448373839107, ""score_module_pathology_importance"": 0.17617998104981758, ""score_network_pharmacology_hit"": 0.2353567333519745}"
deterministic_jitter_245,deterministic_weight_jitter_pm25pct,"Each non-docking evidence weight multiplied by a deterministic random factor in [0.75, 1.25], then renormalized.",27,0.9,0.8181818181818182,0.976190476190476,"CDK6, CA2, HSP90AB1, PARP1, ACHE, KIT, HIF1A, CDK4, APEX1, HSP90AA1, CDK2, TOP2A, SYK, CHEK1, PTPN11, SIGMAR1, TERT, PTGS2, MDM4, ARG1, CD38, PRKDC, MIF, G6PD, CCNB1, PGD, HDAC1, TP53, MPO, GSK3B","{""score_AA_direction_recovery"": 0.10785390680377431, ""score_CD34_expression"": 0.13954129518795821, ""score_CD34_marker_context"": 0.10508513657219418, ""score_GSE165870_bulk_support"": 0.04627186777514867, ""score_WGCNA_module_strength"": 0.2548502373652929, ""score_module_pathology_importance"": 0.14866256103735062, ""score_network_pharmacology_hit"": 0.19773499525828106}"
deterministic_jitter_246,deterministic_weight_jitter_pm25pct,"Each non-docking evidence weight multiplied by a deterministic random factor in [0.75, 1.25], then renormalized.",29,0.9666666666666667,0.9354838709677419,0.9802955665024627,"CDK6, CA2, HSP90AB1, ACHE, PARP1, HIF1A, KIT, CDK4, TOP2A, CDK2, SYK, APEX1, SIGMAR1, HSP90AA1, TERT, PTPN11, CHEK1, CD38, PTGS2, ARG1, MDM4, GSK3B, AURKB, PRKDC, CCNB1, G6PD, TBXAS1, PIK3CG, MIF, PGD","{""score_AA_direction_recovery"": 0.11527919379089617, ""score_CD34_expression"": 0.13207508881429658, ""score_CD34_marker_context"": 0.09309024574260968, ""score_GSE165870_bulk_support"": 0.03532430398277785, ""score_WGCNA_module_strength"": 0.280778748749121, ""score_module_pathology_importance"": 0.12766245967609102, ""score_network_pharmacology_hit"": 0.2157899592442076}"
deterministic_jitter_247,deterministic_weight_jitter_pm25pct,"Each non-docking evidence weight multiplied by a deterministic random factor in [0.75, 1.25], then renormalized.",27,0.9,0.8181818181818182,0.9774114774114774,"CDK6, CA2, HSP90AB1, PARP1, ACHE, KIT, HIF1A, CDK4, HSP90AA1, APEX1, TOP2A, CDK2, SYK, SIGMAR1, PTPN11, CHEK1, PTGS2, MDM4, TERT, CD38, ARG1, PRKDC, PGD, HDAC1, TP53, MIF, G6PD, CCNB1, AURKB, TBXAS1","{""score_AA_direction_recovery"": 0.11856508017329093, ""score_CD34_expression"": 0.13303037357746234, ""score_CD34_marker_context"": 0.08937826751043504, ""score_GSE165870_bulk_support"": 0.05194779576695736, ""score_WGCNA_module_strength"": 0.2753963657134968, ""score_module_pathology_importance"": 0.14802586227363754, ""score_network_pharmacology_hit"": 0.18365625498471996}"
deterministic_jitter_248,deterministic_weight_jitter_pm25pct,"Each non-docking evidence weight multiplied by a deterministic random factor in [0.75, 1.25], then renormalized.",29,0.9666666666666667,0.9354838709677419,0.9556650246305416,"CDK6, CA2, HSP90AB1, PARP1, ACHE, HIF1A, CDK4, SYK, KIT, CDK2, APEX1, TERT, TOP2A, SIGMAR1, HSP90AA1, CD38, CHEK1, PTPN11, GSK3B, ARG1, MPO, PTGS2, CCNB1, AURKB, PIK3CG, FLT3, MIF, MDM4, G6PD, TBXAS1","{""score_AA_direction_recovery"": 0.0895573005358921, ""score_CD34_expression"": 0.15578223588045118, ""score_CD34_marker_context"": 0.11405426663655902, ""score_GSE165870_bulk_support"": 0.039094790292840395, ""score_WGCNA_module_strength"": 0.23325548063928372, ""score_module_pathology_importance"": 0.11290940261972855, ""score_network_pharmacology_hit"": 0.25534652339524505}"
deterministic_jitter_249,deterministic_weight_jitter_pm25pct,"Each non-docking evidence weight multiplied by a deterministic random factor in [0.75, 1.25], then renormalized.",28,0.9333333333333333,0.875,0.9157088122605364,"CDK6, CA2, HSP90AB1, PARP1, ACHE, HIF1A, KIT, CDK4, HSP90AA1, APEX1, CDK2, CHEK1, MPO, SYK, TOP2A, PTPN11, PRKDC, PTGS2, ARG1, TERT, MDM4, MIF, CD38, SIGMAR1, CCNB1, G6PD, TBXAS1, GSK3B, PGD, TP53","{""score_AA_direction_recovery"": 0.1271081622140194, ""score_CD34_expression"": 0.1596448833530732, ""score_CD34_marker_context"": 0.11610220746548819, ""score_GSE165870_bulk_support"": 0.043939076875698486, ""score_WGCNA_module_strength"": 0.17900405790760693, ""score_module_pathology_importance"": 0.1637935746908257, ""score_network_pharmacology_hit"": 0.21040803749328818}"
deterministic_jitter_250,deterministic_weight_jitter_pm25pct,"Each non-docking evidence weight multiplied by a deterministic random factor in [0.75, 1.25], then renormalized.",28,0.9333333333333333,0.875,0.9759168035030105,"CDK6, CA2, HSP90AB1, ACHE, PARP1, KIT, HIF1A, CDK4, SYK, TOP2A, CDK2, APEX1, SIGMAR1, TERT, HSP90AA1, CHEK1, PTPN11, CD38, PTGS2, ARG1, MDM4, GSK3B, PIK3CG, PRKDC, AURKB, CCNB1, G6PD, TBXAS1, FLT3, HDAC1","{""score_AA_direction_recovery"": 0.12407510924718107, ""score_CD34_expression"": 0.11634165493248426, ""score_CD34_marker_context"": 0.10582578201577313, ""score_GSE165870_bulk_support"": 0.0517127416826902, ""score_WGCNA_module_strength"": 0.2751151367965146, ""score_module_pathology_importance"": 0.11604248536437432, ""score_network_pharmacology_hit"": 0.21088708996098243}"
deterministic_jitter_251,deterministic_weight_jitter_pm25pct,"Each non-docking evidence weight multiplied by a deterministic random factor in [0.75, 1.25], then renormalized.",27,0.9,0.8181818181818182,0.9084249084249084,"CDK6, CA2, HSP90AB1, PARP1, ACHE, HIF1A, KIT, HSP90AA1, APEX1, CDK4, CDK2, CHEK1, TOP2A, SYK, PTPN11, PRKDC, MDM4, MIF, PTGS2, MPO, SIGMAR1, ARG1, TERT, CD38, HDAC1, PGD, TP53, G6PD, CCNB1, TBXAS1","{""score_AA_direction_recovery"": 0.09404385906666607, ""score_CD34_expression"": 0.1671982776706986, ""score_CD34_marker_context"": 0.12142271115422981, ""score_GSE165870_bulk_support"": 0.05176927698969928, ""score_WGCNA_module_strength"": 0.21789846356613632, ""score_module_pathology_importance"": 0.16603966165537418, ""score_network_pharmacology_hit"": 0.1816277498971958}"
deterministic_jitter_252,deterministic_weight_jitter_pm25pct,"Each non-docking evidence weight multiplied by a deterministic random factor in [0.75, 1.25], then renormalized.",29,0.9666666666666667,0.9354838709677419,0.9960591133004923,"CDK6, CA2, HSP90AB1, PARP1, ACHE, HIF1A, KIT, CDK4, CDK2, APEX1, SYK, HSP90AA1, CHEK1, TOP2A, PTPN11, TERT, SIGMAR1, PTGS2, ARG1, CD38, MDM4, MPO, PRKDC, GSK3B, CCNB1, G6PD, MIF, PIK3CG, TBXAS1, TP53","{""score_AA_direction_recovery"": 0.12278510927552619, ""score_CD34_expression"": 0.13889544032696174, ""score_CD34_marker_context"": 0.1250230176736249, ""score_GSE165870_bulk_support"": 0.05084731472311625, ""score_WGCNA_module_strength"": 0.2109080038696781, ""score_module_pathology_importance"": 0.1390233978613514, ""score_network_pharmacology_hit"": 0.21251771626974134}"
deterministic_jitter_253,deterministic_weight_jitter_pm25pct,"Each non-docking evidence weight multiplied by a deterministic random factor in [0.75, 1.25], then renormalized.",26,0.8666666666666667,0.7647058823529411,0.967179487179487,"CDK6, CA2, HSP90AB1, ACHE, PARP1, HIF1A, KIT, TOP2A, CDK2, CDK4, APEX1, CHEK1, PTGS2, PTPN11, SYK, HSP90AA1, SIGMAR1, TERT, ARG1, MDM4, CD38, PRKDC, CCNB1, G6PD, TBXAS1, TP53, HDAC1, AURKB, PGD, PIK3CA","{""score_AA_direction_recovery"": 0.09952784124947428, ""score_CD34_expression"": 0.11862353322287285, ""score_CD34_marker_context"": 0.09067481577462702, ""score_GSE165870_bulk_support"": 0.05982632023017561, ""score_WGCNA_module_strength"": 0.2618658124424017, ""score_module_pathology_importance"": 0.16988187936625984, ""score_network_pharmacology_hit"": 0.19959979771418865}"
deterministic_jitter_254,deterministic_weight_jitter_pm25pct,"Each non-docking evidence weight multiplied by a deterministic random factor in [0.75, 1.25], then renormalized.",28,0.9333333333333333,0.875,0.926655719759168,"CDK6, CA2, HSP90AB1, ACHE, PARP1, HIF1A, CDK4, SYK, KIT, TOP2A, CDK2, SIGMAR1, TERT, APEX1, CD38, HSP90AA1, ARG1, PTPN11, GSK3B, CHEK1, PTGS2, AURKB, PIK3CG, CCNB1, FLT3, TBXAS1, MDM4, IGF1R, MPO, G6PD","{""score_AA_direction_recovery"": 0.10751353954065086, ""score_CD34_expression"": 0.13309509823816348, ""score_CD34_marker_context"": 0.09545702164975646, ""score_GSE165870_bulk_support"": 0.04657106980388876, ""score_WGCNA_module_strength"": 0.2612343980644558, ""score_module_pathology_importance"": 0.1038717555135346, ""score_network_pharmacology_hit"": 0.25225711718954996}"
deterministic_jitter_255,deterministic_weight_jitter_pm25pct,"Each non-docking evidence weight multiplied by a deterministic random factor in [0.75, 1.25], then renormalized.",29,0.9666666666666667,0.9354838709677419,0.9679802955665024,"CDK6, CA2, HSP90AB1, PARP1, ACHE, HIF1A, KIT, CDK4, CDK2, TOP2A, SYK, APEX1, HSP90AA1, SIGMAR1, TERT, CHEK1, PTPN11, ARG1, CD38, PTGS2, MPO, CCNB1, GSK3B, AURKB, TBXAS1, MDM4, MIF, G6PD, PRKDC, FLT3","{""score_AA_direction_recovery"": 0.12204064810764242, ""score_CD34_expression"": 0.14981490911078077, ""score_CD34_marker_context"": 0.08552191811680271, ""score_GSE165870_bulk_support"": 0.04369174978429662, ""score_WGCNA_module_strength"": 0.2173508032045354, ""score_module_pathology_importance"": 0.1419635024998109, ""score_network_pharmacology_hit"": 0.23961646917613122}"
deterministic_jitter_256,deterministic_weight_jitter_pm25pct,"Each non-docking evidence weight multiplied by a deterministic random factor in [0.75, 1.25], then renormalized.",29,0.9666666666666667,0.9354838709677419,0.9581280788177338,"CDK6, CA2, HSP90AB1, PARP1, ACHE, HIF1A, KIT, CDK2, TOP2A, CDK4, SYK, TERT, APEX1, CHEK1, SIGMAR1, ARG1, PTGS2, PTPN11, HSP90AA1, CD38, CCNB1, MPO, TBXAS1, MDM4, GSK3B, AURKB, G6PD, PIK3CG, PRKDC, FLT3","{""score_AA_direction_recovery"": 0.11770973475081196, ""score_CD34_expression"": 0.12287817858675307, ""score_CD34_marker_context"": 0.09169976519730272, ""score_GSE165870_bulk_support"": 0.05094661178589845, ""score_WGCNA_module_strength"": 0.22462797018573624, ""score_module_pathology_importance"": 0.1526419929641109, ""score_network_pharmacology_hit"": 0.23949574652938657}"
deterministic_jitter_257,deterministic_weight_jitter_pm25pct,"Each non-docking evidence weight multiplied by a deterministic random factor in [0.75, 1.25], then renormalized.",28,0.9333333333333333,0.875,0.9781061850027366,"CDK6, CA2, HSP90AB1, ACHE, PARP1, HIF1A, KIT, CDK4, TOP2A, APEX1, HSP90AA1, CDK2, SYK, SIGMAR1, TERT, PTPN11, CHEK1, PTGS2, CD38, ARG1, MDM4, PRKDC, AURKB, GSK3B, MIF, G6PD, HDAC1, PGD, CCNB1, TBXAS1","{""score_AA_direction_recovery"": 0.09675654849994637, ""score_CD34_expression"": 0.138749064785973, ""score_CD34_marker_context"": 0.09264376128320036, ""score_GSE165870_bulk_support"": 0.052711148122325524, ""score_WGCNA_module_strength"": 0.2828945270874029, ""score_module_pathology_importance"": 0.13544191779112658, ""score_network_pharmacology_hit"": 0.20080303243002537}"
deterministic_jitter_258,deterministic_weight_jitter_pm25pct,"Each non-docking evidence weight multiplied by a deterministic random factor in [0.75, 1.25], then renormalized.",28,0.9333333333333333,0.875,0.9578544061302682,"CDK6, CA2, HSP90AB1, PARP1, ACHE, HIF1A, CDK4, KIT, SYK, CDK2, APEX1, TERT, TOP2A, HSP90AA1, SIGMAR1, CHEK1, CD38, ARG1, MPO, GSK3B, PTPN11, PTGS2, CCNB1, PIK3CG, FLT3, IGF1R, MIF, TBXAS1, MDM4, G6PD","{""score_AA_direction_recovery"": 0.12074062655722187, ""score_CD34_expression"": 0.15019688996113556, ""score_CD34_marker_context"": 0.1265317388524045, ""score_GSE165870_bulk_support"": 0.052460395948815554, ""score_WGCNA_module_strength"": 0.19391466700581608, ""score_module_pathology_importance"": 0.10703992625098672, ""score_network_pharmacology_hit"": 0.24911575542361977}"
deterministic_jitter_259,deterministic_weight_jitter_pm25pct,"Each non-docking evidence weight multiplied by a deterministic random factor in [0.75, 1.25], then renormalized.",29,0.9666666666666667,0.9354838709677419,0.9610837438423644,"CDK6, CA2, HSP90AB1, PARP1, ACHE, HIF1A, CDK4, SYK, KIT, CDK2, APEX1, TOP2A, HSP90AA1, SIGMAR1, TERT, CD38, CHEK1, PTPN11, GSK3B, ARG1, MPO, PTGS2, CCNB1, AURKB, MIF, FLT3, PIK3CG, MDM4, TBXAS1, G6PD","{""score_AA_direction_recovery"": 0.11419682943832972, ""score_CD34_expression"": 0.15471519034893633, ""score_CD34_marker_context"": 0.10560118560630882, ""score_GSE165870_bulk_support"": 0.03586936479741071, ""score_WGCNA_module_strength"": 0.2318678160224929, ""score_module_pathology_importance"": 0.10882466978100051, ""score_network_pharmacology_hit"": 0.24892494400552104}"
deterministic_jitter_260,deterministic_weight_jitter_pm25pct,"Each non-docking evidence weight multiplied by a deterministic random factor in [0.75, 1.25], then renormalized.",27,0.9,0.8181818181818182,0.9188034188034188,"CDK6, CA2, HSP90AB1, PARP1, ACHE, HIF1A, CDK2, KIT, TERT, SYK, TOP2A, CDK4, ARG1, SIGMAR1, APEX1, PTGS2, CHEK1, CD38, PTPN11, MPO, CCNB1, GSK3B, HSP90AA1, TBXAS1, AURKB, IGF1R, CDK1, G6PD, FLT3, PIK3CG","{""score_AA_direction_recovery"": 0.10287772163646149, ""score_CD34_expression"": 0.13249542743431503, ""score_CD34_marker_context"": 0.09200176329201665, ""score_GSE165870_bulk_support"": 0.054157231493389565, ""score_WGCNA_module_strength"": 0.20330567661160326, ""score_module_pathology_importance"": 0.14215585893536048, ""score_network_pharmacology_hit"": 0.2730063205968535}"
deterministic_jitter_261,deterministic_weight_jitter_pm25pct,"Each non-docking evidence weight multiplied by a deterministic random factor in [0.75, 1.25], then renormalized.",29,0.9666666666666667,0.9354838709677419,0.9714285714285712,"CDK6, CA2, HSP90AB1, PARP1, ACHE, HIF1A, KIT, CDK2, CDK4, TOP2A, SYK, CHEK1, APEX1, TERT, PTPN11, PTGS2, ARG1, SIGMAR1, HSP90AA1, CD38, MPO, MDM4, CCNB1, GSK3B, TBXAS1, G6PD, AURKB, PRKDC, PIK3CG, AR","{""score_AA_direction_recovery"": 0.11174499047364235, ""score_CD34_expression"": 0.13007886149456963, ""score_CD34_marker_context"": 0.10855040022812279, ""score_GSE165870_bulk_support"": 0.03833814685887759, ""score_WGCNA_module_strength"": 0.209551659826796, ""score_module_pathology_importance"": 0.16352106902112717, ""score_network_pharmacology_hit"": 0.23821487209686454}"
deterministic_jitter_262,deterministic_weight_jitter_pm25pct,"Each non-docking evidence weight multiplied by a deterministic random factor in [0.75, 1.25], then renormalized.",27,0.9,0.8181818181818182,0.9493284493284493,"CDK6, CA2, HSP90AB1, PARP1, ACHE, HIF1A, CDK4, SYK, KIT, CDK2, TERT, APEX1, TOP2A, MPO, SIGMAR1, CHEK1, HSP90AA1, ARG1, CD38, GSK3B, PTPN11, PTGS2, CCNB1, TBXAS1, FLT3, PIK3CG, AURKB, IGF1R, G6PD, CDK1","{""score_AA_direction_recovery"": 0.10865826918493544, ""score_CD34_expression"": 0.15185109659985346, ""score_CD34_marker_context"": 0.11479794186784459, ""score_GSE165870_bulk_support"": 0.04854874207433711, ""score_WGCNA_module_strength"": 0.18498216643289278, ""score_module_pathology_importance"": 0.12132098041952263, ""score_network_pharmacology_hit"": 0.26984080342061406}"
deterministic_jitter_263,deterministic_weight_jitter_pm25pct,"Each non-docking evidence weight multiplied by a deterministic random factor in [0.75, 1.25], then renormalized.",27,0.9,0.8181818181818182,0.9633699633699633,"CDK6, CA2, HSP90AB1, PARP1, ACHE, KIT, HIF1A, HSP90AA1, CDK4, APEX1, TOP2A, CDK2, SYK, CHEK1, PTPN11, SIGMAR1, MDM4, PTGS2, PRKDC, TERT, CD38, ARG1, MIF, PGD, HDAC1, TP53, MPO, CCNB1, G6PD, TBXAS1","{""score_AA_direction_recovery"": 0.10576243805031843, ""score_CD34_expression"": 0.14991510279101977, ""score_CD34_marker_context"": 0.10190922244306153, ""score_GSE165870_bulk_support"": 0.05095100460879509, ""score_WGCNA_module_strength"": 0.25140113976271733, ""score_module_pathology_importance"": 0.1527244574285331, ""score_network_pharmacology_hit"": 0.18733663491555475}"
deterministic_jitter_264,deterministic_weight_jitter_pm25pct,"Each non-docking evidence weight multiplied by a deterministic random factor in [0.75, 1.25], then renormalized.",27,0.9,0.8181818181818182,0.9932844932844932,"CDK6, CA2, HSP90AB1, PARP1, ACHE, KIT, HIF1A, CDK4, CDK2, APEX1, TOP2A, SYK, HSP90AA1, CHEK1, PTPN11, SIGMAR1, PTGS2, TERT, MDM4, ARG1, CD38, PRKDC, GSK3B, TP53, CCNB1, G6PD, HDAC1, PGD, PIK3CG, TBXAS1","{""score_AA_direction_recovery"": 0.13902057519948777, ""score_CD34_expression"": 0.11995121885691645, ""score_CD34_marker_context"": 0.11530982296392411, ""score_GSE165870_bulk_support"": 0.047117972884856585, ""score_WGCNA_module_strength"": 0.24091965959165254, ""score_module_pathology_importance"": 0.13982633413390141, ""score_network_pharmacology_hit"": 0.19785441636926107}"
deterministic_jitter_265,deterministic_weight_jitter_pm25pct,"Each non-docking evidence weight multiplied by a deterministic random factor in [0.75, 1.25], then renormalized.",28,0.9333333333333333,0.875,0.9173508483853311,"CDK6, CA2, HSP90AB1, PARP1, ACHE, HIF1A, KIT, HSP90AA1, CDK4, APEX1, CDK2, TOP2A, CHEK1, MPO, PTPN11, SYK, PRKDC, PTGS2, SIGMAR1, MDM4, MIF, ARG1, CD38, CCNB1, TERT, G6PD, TBXAS1, PGD, AURKB, TP53","{""score_AA_direction_recovery"": 0.1290609420052943, ""score_CD34_expression"": 0.16155067946706128, ""score_CD34_marker_context"": 0.09253208851156444, ""score_GSE165870_bulk_support"": 0.037976359716603285, ""score_WGCNA_module_strength"": 0.19764330893003115, ""score_module_pathology_importance"": 0.1780055030045442, ""score_network_pharmacology_hit"": 0.20323111836490124}"
deterministic_jitter_266,deterministic_weight_jitter_pm25pct,"Each non-docking evidence weight multiplied by a deterministic random factor in [0.75, 1.25], then renormalized.",27,0.9,0.8181818181818182,0.974969474969475,"CDK6, CA2, HSP90AB1, PARP1, ACHE, HIF1A, KIT, CDK2, TOP2A, APEX1, CDK4, HSP90AA1, PTPN11, CHEK1, SYK, SIGMAR1, PTGS2, TERT, MDM4, ARG1, CD38, PRKDC, G6PD, AURKB, CCNB1, PGD, TP53, TBXAS1, HDAC1, MIF","{""score_AA_direction_recovery"": 0.08410146700901946, ""score_CD34_expression"": 0.13485618164495236, ""score_CD34_marker_context"": 0.09277412941035733, ""score_GSE165870_bulk_support"": 0.03768996657590886, ""score_WGCNA_module_strength"": 0.2724543823875199, ""score_module_pathology_importance"": 0.17645890725668195, ""score_network_pharmacology_hit"": 0.20166496571556008}"
deterministic_jitter_267,deterministic_weight_jitter_pm25pct,"Each non-docking evidence weight multiplied by a deterministic random factor in [0.75, 1.25], then renormalized.",28,0.9333333333333333,0.875,0.9414340448823207,"CDK6, CA2, HSP90AB1, PARP1, ACHE, HIF1A, KIT, CDK2, SYK, CDK4, TERT, CHEK1, TOP2A, ARG1, APEX1, PTGS2, PTPN11, SIGMAR1, CD38, GSK3B, HSP90AA1, MPO, CCNB1, PIK3CG, MDM4, TBXAS1, G6PD, IGF1R, FLT3, AURKB","{""score_AA_direction_recovery"": 0.09501916708091358, ""score_CD34_expression"": 0.1213956010778117, ""score_CD34_marker_context"": 0.13491572081314135, ""score_GSE165870_bulk_support"": 0.06218737478268973, ""score_WGCNA_module_strength"": 0.1996868104956977, ""score_module_pathology_importance"": 0.13825187593561084, ""score_network_pharmacology_hit"": 0.24854344981413515}"
deterministic_jitter_268,deterministic_weight_jitter_pm25pct,"Each non-docking evidence weight multiplied by a deterministic random factor in [0.75, 1.25], then renormalized.",29,0.9666666666666667,0.9354838709677419,0.989655172413793,"CDK6, CA2, HSP90AB1, PARP1, ACHE, HIF1A, KIT, CDK2, CDK4, TOP2A, APEX1, SYK, CHEK1, HSP90AA1, PTPN11, TERT, SIGMAR1, PTGS2, ARG1, MDM4, CD38, PRKDC, CCNB1, GSK3B, G6PD, MPO, TBXAS1, AURKB, TP53, PIK3CG","{""score_AA_direction_recovery"": 0.11710428470900594, ""score_CD34_expression"": 0.124707650062499, ""score_CD34_marker_context"": 0.10749188114534441, ""score_GSE165870_bulk_support"": 0.042073747534664314, ""score_WGCNA_module_strength"": 0.2383905023197815, ""score_module_pathology_importance"": 0.15351394036031238, ""score_network_pharmacology_hit"": 0.21671799386839236}"
deterministic_jitter_269,deterministic_weight_jitter_pm25pct,"Each non-docking evidence weight multiplied by a deterministic random factor in [0.75, 1.25], then renormalized.",27,0.9,0.8181818181818182,0.9010989010989011,"CDK6, HSP90AB1, CA2, PARP1, ACHE, KIT, HIF1A, HSP90AA1, CDK4, APEX1, CDK2, TOP2A, CHEK1, PRKDC, PTPN11, SYK, MDM4, MIF, SIGMAR1, PTGS2, PGD, CD38, TP53, HDAC1, MPO, TERT, ARG1, G6PD, CCNB1, AURKB","{""score_AA_direction_recovery"": 0.11654596343858631, ""score_CD34_expression"": 0.16174624807205018, ""score_CD34_marker_context"": 0.11122686672016159, ""score_GSE165870_bulk_support"": 0.03381547683427318, ""score_WGCNA_module_strength"": 0.24509156415067998, ""score_module_pathology_importance"": 0.16019905405820406, ""score_network_pharmacology_hit"": 0.17137482672604473}"
deterministic_jitter_270,deterministic_weight_jitter_pm25pct,"Each non-docking evidence weight multiplied by a deterministic random factor in [0.75, 1.25], then renormalized.",29,0.9666666666666667,0.9354838709677419,0.9536945812807879,"CDK6, CA2, HSP90AB1, PARP1, ACHE, HIF1A, KIT, CDK2, CDK4, APEX1, HSP90AA1, MPO, SYK, CHEK1, TOP2A, TERT, PTPN11, PTGS2, ARG1, SIGMAR1, CD38, CCNB1, MIF, MDM4, PRKDC, GSK3B, G6PD, TBXAS1, AURKB, CDK1","{""score_AA_direction_recovery"": 0.09077268267410481, ""score_CD34_expression"": 0.16521931122661268, ""score_CD34_marker_context"": 0.11611682368291446, ""score_GSE165870_bulk_support"": 0.04403744466146937, ""score_WGCNA_module_strength"": 0.17908745463833406, ""score_module_pathology_importance"": 0.16575208167383748, ""score_network_pharmacology_hit"": 0.23901420144272711}"
deterministic_jitter_271,deterministic_weight_jitter_pm25pct,"Each non-docking evidence weight multiplied by a deterministic random factor in [0.75, 1.25], then renormalized.",30,1.0,1.0,0.9799777530589545,"CDK6, CA2, HSP90AB1, PARP1, ACHE, HIF1A, KIT, CDK4, CDK2, TOP2A, APEX1, SYK, HSP90AA1, CHEK1, PTGS2, ARG1, TERT, SIGMAR1, PTPN11, CD38, CCNB1, MPO, MDM4, PRKDC, TBXAS1, GSK3B, AURKB, G6PD, PIK3CG, MIF","{""score_AA_direction_recovery"": 0.14230316639699908, ""score_CD34_expression"": 0.12786820847175512, ""score_CD34_marker_context"": 0.0940138813610779, ""score_GSE165870_bulk_support"": 0.05109240101454043, ""score_WGCNA_module_strength"": 0.20972345258694836, ""score_module_pathology_importance"": 0.15301619394972485, ""score_network_pharmacology_hit"": 0.22198269621895433}"
deterministic_jitter_272,deterministic_weight_jitter_pm25pct,"Each non-docking evidence weight multiplied by a deterministic random factor in [0.75, 1.25], then renormalized.",29,0.9666666666666667,0.9354838709677419,0.959605911330049,"CDK6, CA2, HSP90AB1, ACHE, PARP1, HIF1A, KIT, CDK4, TOP2A, SYK, APEX1, HSP90AA1, SIGMAR1, CDK2, TERT, CD38, PTPN11, CHEK1, ARG1, PTGS2, MDM4, GSK3B, PIK3CG, AURKB, CCNB1, PRKDC, MIF, G6PD, TBXAS1, FLT3","{""score_AA_direction_recovery"": 0.11185898037439293, ""score_CD34_expression"": 0.13831127807753918, ""score_CD34_marker_context"": 0.09245675623578122, ""score_GSE165870_bulk_support"": 0.05351636553876604, ""score_WGCNA_module_strength"": 0.27722306330129576, ""score_module_pathology_importance"": 0.11356083652063526, ""score_network_pharmacology_hit"": 0.2130727199515897}"
deterministic_jitter_273,deterministic_weight_jitter_pm25pct,"Each non-docking evidence weight multiplied by a deterministic random factor in [0.75, 1.25], then renormalized.",30,1.0,1.0,0.9924360400444937,"CDK6, CA2, HSP90AB1, PARP1, ACHE, HIF1A, KIT, CDK4, APEX1, SYK, CDK2, HSP90AA1, TOP2A, CHEK1, SIGMAR1, TERT, PTPN11, CD38, ARG1, PTGS2, MPO, GSK3B, PRKDC, MDM4, CCNB1, MIF, G6PD, TBXAS1, PIK3CG, AURKB","{""score_AA_direction_recovery"": 0.1482550344066, ""score_CD34_expression"": 0.14046444753155563, ""score_CD34_marker_context"": 0.11434936777163451, ""score_GSE165870_bulk_support"": 0.04118758915357949, ""score_WGCNA_module_strength"": 0.20990704378786643, ""score_module_pathology_importance"": 0.1248050434184305, ""score_network_pharmacology_hit"": 0.22103147393033343}"
deterministic_jitter_274,deterministic_weight_jitter_pm25pct,"Each non-docking evidence weight multiplied by a deterministic random factor in [0.75, 1.25], then renormalized.",27,0.9,0.8181818181818182,0.9194139194139194,"CDK6, CA2, HSP90AB1, PARP1, ACHE, HSP90AA1, CDK4, KIT, HIF1A, APEX1, TOP2A, SYK, CDK2, SIGMAR1, PTPN11, CHEK1, MIF, MDM4, PRKDC, CD38, TERT, PTGS2, PGD, ARG1, HDAC1, MPO, G6PD, AURKB, CCNB1, TP53","{""score_AA_direction_recovery"": 0.1167032941675902, ""score_CD34_expression"": 0.1618617359198942, ""score_CD34_marker_context"": 0.0907111662358887, ""score_GSE165870_bulk_support"": 0.03890685912584021, ""score_WGCNA_module_strength"": 0.2748645829434542, ""score_module_pathology_importance"": 0.13180522756888724, ""score_network_pharmacology_hit"": 0.18514713403844527}"
deterministic_jitter_275,deterministic_weight_jitter_pm25pct,"Each non-docking evidence weight multiplied by a deterministic random factor in [0.75, 1.25], then renormalized.",28,0.9333333333333333,0.875,0.9759168035030105,"CDK6, CA2, HSP90AB1, PARP1, ACHE, HIF1A, KIT, CDK4, SYK, CDK2, APEX1, TOP2A, CHEK1, HSP90AA1, TERT, ARG1, SIGMAR1, CD38, PTPN11, PTGS2, GSK3B, MPO, PIK3CG, MDM4, CCNB1, PRKDC, G6PD, FLT3, TBXAS1, IGF1R","{""score_AA_direction_recovery"": 0.12101223520908097, ""score_CD34_expression"": 0.13539826621440454, ""score_CD34_marker_context"": 0.1326002652124446, ""score_GSE165870_bulk_support"": 0.061414024325490243, ""score_WGCNA_module_strength"": 0.20213281919715834, ""score_module_pathology_importance"": 0.11948971862646339, ""score_network_pharmacology_hit"": 0.22795267121495794}"
deterministic_jitter_276,deterministic_weight_jitter_pm25pct,"Each non-docking evidence weight multiplied by a deterministic random factor in [0.75, 1.25], then renormalized.",30,1.0,1.0,0.9853170189098998,"CDK6, CA2, HSP90AB1, PARP1, ACHE, HIF1A, KIT, CDK2, CDK4, TOP2A, APEX1, SYK, HSP90AA1, CHEK1, TERT, SIGMAR1, PTPN11, PTGS2, ARG1, CD38, MPO, CCNB1, MDM4, GSK3B, TBXAS1, G6PD, AURKB, PRKDC, MIF, PIK3CG","{""score_AA_direction_recovery"": 0.10467008601215469, ""score_CD34_expression"": 0.14305701034488563, ""score_CD34_marker_context"": 0.1025219529724178, ""score_GSE165870_bulk_support"": 0.047669481807900184, ""score_WGCNA_module_strength"": 0.21800199601716966, ""score_module_pathology_importance"": 0.15282054748485613, ""score_network_pharmacology_hit"": 0.23125892536061585}"
deterministic_jitter_277,deterministic_weight_jitter_pm25pct,"Each non-docking evidence weight multiplied by a deterministic random factor in [0.75, 1.25], then renormalized.",29,0.9666666666666667,0.9354838709677419,0.9536945812807879,"CDK6, CA2, HSP90AB1, ACHE, PARP1, HIF1A, KIT, CDK2, TOP2A, CDK4, SYK, APEX1, TERT, SIGMAR1, CHEK1, PTGS2, ARG1, PTPN11, HSP90AA1, CD38, MDM4, CCNB1, TBXAS1, GSK3B, AURKB, G6PD, PIK3CG, PRKDC, MPO, IGF1R","{""score_AA_direction_recovery"": 0.11203925363545597, ""score_CD34_expression"": 0.11670803924481735, ""score_CD34_marker_context"": 0.09357385342931616, ""score_GSE165870_bulk_support"": 0.05992060109891237, ""score_WGCNA_module_strength"": 0.2481194944945001, ""score_module_pathology_importance"": 0.14775822627768417, ""score_network_pharmacology_hit"": 0.2218805318193139}"
deterministic_jitter_278,deterministic_weight_jitter_pm25pct,"Each non-docking evidence weight multiplied by a deterministic random factor in [0.75, 1.25], then renormalized.",30,1.0,1.0,0.9848720800889877,"CDK6, CA2, HSP90AB1, PARP1, ACHE, HIF1A, KIT, CDK4, APEX1, HSP90AA1, CDK2, TOP2A, SYK, SIGMAR1, TERT, CHEK1, PTPN11, CD38, PTGS2, ARG1, MPO, MDM4, MIF, CCNB1, GSK3B, PRKDC, AURKB, G6PD, TBXAS1, PIK3CG","{""score_AA_direction_recovery"": 0.11800685135982682, ""score_CD34_expression"": 0.15279311582189195, ""score_CD34_marker_context"": 0.09496867754288632, ""score_GSE165870_bulk_support"": 0.04278572416859734, ""score_WGCNA_module_strength"": 0.23574361228794766, ""score_module_pathology_importance"": 0.13431218504899595, ""score_network_pharmacology_hit"": 0.22138983376985394}"
deterministic_jitter_279,deterministic_weight_jitter_pm25pct,"Each non-docking evidence weight multiplied by a deterministic random factor in [0.75, 1.25], then renormalized.",29,0.9666666666666667,0.9354838709677419,0.95615763546798,"CDK6, CA2, HSP90AB1, PARP1, ACHE, HIF1A, CDK4, KIT, HSP90AA1, APEX1, SYK, CDK2, TOP2A, SIGMAR1, CHEK1, MPO, TERT, PTPN11, CD38, MIF, ARG1, PTGS2, GSK3B, CCNB1, PRKDC, MDM4, AURKB, G6PD, TBXAS1, FLT3","{""score_AA_direction_recovery"": 0.12916808028811344, ""score_CD34_expression"": 0.16559916122864615, ""score_CD34_marker_context"": 0.10608049596698337, ""score_GSE165870_bulk_support"": 0.037657760952610815, ""score_WGCNA_module_strength"": 0.20407415595431452, ""score_module_pathology_importance"": 0.1294104284335753, ""score_network_pharmacology_hit"": 0.2280099171757564}"
deterministic_jitter_280,deterministic_weight_jitter_pm25pct,"Each non-docking evidence weight multiplied by a deterministic random factor in [0.75, 1.25], then renormalized.",29,0.9666666666666667,0.9354838709677419,0.9684729064039406,"CDK6, CA2, HSP90AB1, ACHE, PARP1, KIT, HIF1A, CDK4, TOP2A, CDK2, SIGMAR1, SYK, APEX1, HSP90AA1, TERT, PTPN11, CHEK1, CD38, PTGS2, ARG1, MDM4, AURKB, GSK3B, CCNB1, TBXAS1, PRKDC, G6PD, PIK3CG, PGD, MIF","{""score_AA_direction_recovery"": 0.11899646745353011, ""score_CD34_expression"": 0.12751996664427767, ""score_CD34_marker_context"": 0.0825864801069164, ""score_GSE165870_bulk_support"": 0.03973426633368276, ""score_WGCNA_module_strength"": 0.28840972309641355, ""score_module_pathology_importance"": 0.1289058658756478, ""score_network_pharmacology_hit"": 0.21384723048953172}"
deterministic_jitter_281,deterministic_weight_jitter_pm25pct,"Each non-docking evidence weight multiplied by a deterministic random factor in [0.75, 1.25], then renormalized.",27,0.9,0.8181818181818182,0.9700854700854701,"CDK6, CA2, HSP90AB1, PARP1, ACHE, KIT, HIF1A, CDK4, APEX1, HSP90AA1, CDK2, SYK, TOP2A, CHEK1, PTPN11, SIGMAR1, MDM4, PRKDC, TERT, PTGS2, CD38, ARG1, MIF, HDAC1, TP53, PGD, GSK3B, G6PD, PIK3CG, CCNB1","{""score_AA_direction_recovery"": 0.12307458844342212, ""score_CD34_expression"": 0.13816118323706467, ""score_CD34_marker_context"": 0.12265393125755542, ""score_GSE165870_bulk_support"": 0.04510315060357606, ""score_WGCNA_module_strength"": 0.2538375524903513, ""score_module_pathology_importance"": 0.13152507826902235, ""score_network_pharmacology_hit"": 0.1856445156990082}"
deterministic_jitter_282,deterministic_weight_jitter_pm25pct,"Each non-docking evidence weight multiplied by a deterministic random factor in [0.75, 1.25], then renormalized.",28,0.9333333333333333,0.875,0.9573070607553366,"CDK6, CA2, HSP90AB1, ACHE, PARP1, HIF1A, KIT, CDK2, TOP2A, CDK4, TERT, SYK, SIGMAR1, APEX1, CHEK1, PTGS2, PTPN11, ARG1, CD38, HSP90AA1, MDM4, GSK3B, CCNB1, AURKB, TBXAS1, G6PD, MPO, PIK3CG, CDK1, FLT3","{""score_AA_direction_recovery"": 0.10224383166273024, ""score_CD34_expression"": 0.11612048283938878, ""score_CD34_marker_context"": 0.09773202134203945, ""score_GSE165870_bulk_support"": 0.0404406263950085, ""score_WGCNA_module_strength"": 0.24922689158848899, ""score_module_pathology_importance"": 0.15325530067933238, ""score_network_pharmacology_hit"": 0.24098084549301177}"
deterministic_jitter_283,deterministic_weight_jitter_pm25pct,"Each non-docking evidence weight multiplied by a deterministic random factor in [0.75, 1.25], then renormalized.",28,0.9333333333333333,0.875,0.9414340448823207,"CDK6, CA2, HSP90AB1, PARP1, ACHE, HIF1A, KIT, CDK2, CDK4, SYK, TOP2A, TERT, ARG1, CHEK1, APEX1, PTGS2, SIGMAR1, CD38, PTPN11, MPO, HSP90AA1, CCNB1, GSK3B, TBXAS1, AURKB, G6PD, IGF1R, MDM4, PIK3CG, FLT3","{""score_AA_direction_recovery"": 0.11288100928505465, ""score_CD34_expression"": 0.1286405251430781, ""score_CD34_marker_context"": 0.0972789348872009, ""score_GSE165870_bulk_support"": 0.06001524619625266, ""score_WGCNA_module_strength"": 0.19326560425617803, ""score_module_pathology_importance"": 0.15003352384152557, ""score_network_pharmacology_hit"": 0.2578851563907101}"
deterministic_jitter_284,deterministic_weight_jitter_pm25pct,"Each non-docking evidence weight multiplied by a deterministic random factor in [0.75, 1.25], then renormalized.",27,0.9,0.8181818181818182,0.9322344322344323,"CDK6, CA2, HSP90AB1, PARP1, ACHE, KIT, HIF1A, CDK4, HSP90AA1, CDK2, APEX1, CHEK1, TOP2A, PTPN11, PRKDC, MDM4, SYK, PTGS2, ARG1, SIGMAR1, TP53, CD38, TERT, PGD, HDAC1, MPO, CCNB1, G6PD, MIF, TBXAS1","{""score_AA_direction_recovery"": 0.13963630091709464, ""score_CD34_expression"": 0.12796323843917198, ""score_CD34_marker_context"": 0.11337128863509259, ""score_GSE165870_bulk_support"": 0.04739590875387004, ""score_WGCNA_module_strength"": 0.21888932069805797, ""score_module_pathology_importance"": 0.17259966868122498, ""score_network_pharmacology_hit"": 0.1801442738754878}"
deterministic_jitter_285,deterministic_weight_jitter_pm25pct,"Each non-docking evidence weight multiplied by a deterministic random factor in [0.75, 1.25], then renormalized.",27,0.9,0.8181818181818182,0.9096459096459096,"CDK6, CA2, PARP1, ACHE, HSP90AB1, HIF1A, CDK2, KIT, TERT, SYK, CDK4, TOP2A, SIGMAR1, ARG1, APEX1, CHEK1, PTGS2, GSK3B, CD38, PTPN11, MPO, CCNB1, AURKB, HSP90AA1, TBXAS1, CDK1, FLT3, PIK3CG, IGF1R, G6PD","{""score_AA_direction_recovery"": 0.09601789306685338, ""score_CD34_expression"": 0.1317081596559401, ""score_CD34_marker_context"": 0.11002847401922243, ""score_GSE165870_bulk_support"": 0.03985584588514546, ""score_WGCNA_module_strength"": 0.2012910847685257, ""score_module_pathology_importance"": 0.1333162167505813, ""score_network_pharmacology_hit"": 0.28778232585373165}"
deterministic_jitter_286,deterministic_weight_jitter_pm25pct,"Each non-docking evidence weight multiplied by a deterministic random factor in [0.75, 1.25], then renormalized.",27,0.9,0.8181818181818182,0.9706959706959707,"CDK6, CA2, HSP90AB1, PARP1, ACHE, KIT, HIF1A, CDK2, CDK4, APEX1, CHEK1, TOP2A, SYK, PTPN11, HSP90AA1, MDM4, PTGS2, TERT, SIGMAR1, PRKDC, ARG1, TP53, CD38, HDAC1, G6PD, PGD, GSK3B, CCNB1, PIK3CG, TBXAS1","{""score_AA_direction_recovery"": 0.0918077121313356, ""score_CD34_expression"": 0.12250724774910439, ""score_CD34_marker_context"": 0.1353525898948738, ""score_GSE165870_bulk_support"": 0.04338518662177699, ""score_WGCNA_module_strength"": 0.25588806664003255, ""score_module_pathology_importance"": 0.16056922346771846, ""score_network_pharmacology_hit"": 0.1904899734951582}"
deterministic_jitter_287,deterministic_weight_jitter_pm25pct,"Each non-docking evidence weight multiplied by a deterministic random factor in [0.75, 1.25], then renormalized.",27,0.9,0.8181818181818182,0.8992673992673993,"CDK6, CA2, HSP90AB1, PARP1, ACHE, HSP90AA1, CDK4, HIF1A, KIT, APEX1, SYK, TOP2A, CDK2, CHEK1, MIF, SIGMAR1, PTPN11, PRKDC, CD38, MPO, TERT, MDM4, PTGS2, ARG1, PGD, CCNB1, HDAC1, GSK3B, G6PD, TP53","{""score_AA_direction_recovery"": 0.12498174244029478, ""score_CD34_expression"": 0.16952039560130852, ""score_CD34_marker_context"": 0.11348860158431633, ""score_GSE165870_bulk_support"": 0.05691797113949797, ""score_WGCNA_module_strength"": 0.22111544464718194, ""score_module_pathology_importance"": 0.12405988579451101, ""score_network_pharmacology_hit"": 0.1899159587928894}"
deterministic_jitter_288,deterministic_weight_jitter_pm25pct,"Each non-docking evidence weight multiplied by a deterministic random factor in [0.75, 1.25], then renormalized.",27,0.9,0.8181818181818182,0.9884004884004883,"CDK6, CA2, HSP90AB1, ACHE, PARP1, KIT, HIF1A, CDK4, CDK2, TOP2A, APEX1, SYK, SIGMAR1, HSP90AA1, CHEK1, PTPN11, TERT, PTGS2, MDM4, ARG1, CD38, PRKDC, G6PD, GSK3B, AURKB, CCNB1, TP53, TBXAS1, HDAC1, PGD","{""score_AA_direction_recovery"": 0.10195149667262682, ""score_CD34_expression"": 0.12368829887085478, ""score_CD34_marker_context"": 0.10295999661496552, ""score_GSE165870_bulk_support"": 0.04480640425224588, ""score_WGCNA_module_strength"": 0.2746738510698575, ""score_module_pathology_importance"": 0.14676264349384652, ""score_network_pharmacology_hit"": 0.20515730902560297}"
deterministic_jitter_289,deterministic_weight_jitter_pm25pct,"Each non-docking evidence weight multiplied by a deterministic random factor in [0.75, 1.25], then renormalized.",30,1.0,1.0,0.9844271412680755,"CDK6, CA2, HSP90AB1, PARP1, ACHE, HIF1A, KIT, CDK4, APEX1, SYK, CDK2, HSP90AA1, TOP2A, TERT, SIGMAR1, CHEK1, PTPN11, CD38, MPO, PTGS2, ARG1, GSK3B, MDM4, MIF, CCNB1, PRKDC, G6PD, AURKB, PIK3CG, TBXAS1","{""score_AA_direction_recovery"": 0.10123317679499608, ""score_CD34_expression"": 0.15556233050107904, ""score_CD34_marker_context"": 0.12111186385182003, ""score_GSE165870_bulk_support"": 0.0346284724645442, ""score_WGCNA_module_strength"": 0.22779413214518465, ""score_module_pathology_importance"": 0.12798775289897202, ""score_network_pharmacology_hit"": 0.23168227134340394}"
deterministic_jitter_290,deterministic_weight_jitter_pm25pct,"Each non-docking evidence weight multiplied by a deterministic random factor in [0.75, 1.25], then renormalized.",28,0.9333333333333333,0.875,0.9474548440065682,"CDK6, CA2, HSP90AB1, ACHE, PARP1, HIF1A, CDK4, KIT, SYK, TOP2A, CDK2, SIGMAR1, APEX1, TERT, HSP90AA1, CD38, PTPN11, CHEK1, ARG1, GSK3B, PTGS2, AURKB, PIK3CG, CCNB1, MDM4, FLT3, TBXAS1, MPO, G6PD, IGF1R","{""score_AA_direction_recovery"": 0.12747213429117873, ""score_CD34_expression"": 0.13027996108226209, ""score_CD34_marker_context"": 0.09752942607665101, ""score_GSE165870_bulk_support"": 0.04467610380459928, ""score_WGCNA_module_strength"": 0.25367116992394073, ""score_module_pathology_importance"": 0.10606157586781381, ""score_network_pharmacology_hit"": 0.24030962895355434}"
deterministic_jitter_291,deterministic_weight_jitter_pm25pct,"Each non-docking evidence weight multiplied by a deterministic random factor in [0.75, 1.25], then renormalized.",28,0.9333333333333333,0.875,0.9282977558839628,"CDK6, CA2, ACHE, HSP90AB1, PARP1, HIF1A, KIT, CDK2, TERT, SYK, TOP2A, CDK4, SIGMAR1, APEX1, CHEK1, PTPN11, PTGS2, ARG1, CD38, GSK3B, MDM4, HSP90AA1, AURKB, PIK3CG, G6PD, CCNB1, TBXAS1, FLT3, CDK1, MPO","{""score_AA_direction_recovery"": 0.0863859198316196, ""score_CD34_expression"": 0.10807640225870012, ""score_CD34_marker_context"": 0.12202085230851961, ""score_GSE165870_bulk_support"": 0.03509516343614493, ""score_WGCNA_module_strength"": 0.2694731489991957, ""score_module_pathology_importance"": 0.13406369165379647, ""score_network_pharmacology_hit"": 0.24488482151202362}"
deterministic_jitter_292,deterministic_weight_jitter_pm25pct,"Each non-docking evidence weight multiplied by a deterministic random factor in [0.75, 1.25], then renormalized.",27,0.9,0.8181818181818182,0.9072039072039072,"CDK6, CA2, ACHE, HSP90AB1, PARP1, HIF1A, KIT, CDK2, SYK, TERT, TOP2A, CDK4, SIGMAR1, ARG1, APEX1, PTGS2, CHEK1, CD38, PTPN11, GSK3B, PIK3CG, HSP90AA1, AURKB, CCNB1, IGF1R, TBXAS1, FLT3, MDM4, G6PD, CDK1","{""score_AA_direction_recovery"": 0.10200538262395507, ""score_CD34_expression"": 0.10853381942424416, ""score_CD34_marker_context"": 0.10825133954059755, ""score_GSE165870_bulk_support"": 0.054513695137239394, ""score_WGCNA_module_strength"": 0.2484309422070872, ""score_module_pathology_importance"": 0.11794473935012004, ""score_network_pharmacology_hit"": 0.2603200817167566}"
deterministic_jitter_293,deterministic_weight_jitter_pm25pct,"Each non-docking evidence weight multiplied by a deterministic random factor in [0.75, 1.25], then renormalized.",27,0.9,0.8181818181818182,0.967032967032967,"CDK6, CA2, HSP90AB1, PARP1, ACHE, KIT, CDK4, HIF1A, HSP90AA1, APEX1, SYK, TOP2A, CDK2, SIGMAR1, CHEK1, PTPN11, MDM4, TERT, CD38, PRKDC, PTGS2, ARG1, MIF, PGD, HDAC1, GSK3B, TP53, PIK3CG, G6PD, CCNB1","{""score_AA_direction_recovery"": 0.1269201578816612, ""score_CD34_expression"": 0.13991441397662774, ""score_CD34_marker_context"": 0.11709958434733458, ""score_GSE165870_bulk_support"": 0.04679755326487017, ""score_WGCNA_module_strength"": 0.26938245773067804, ""score_module_pathology_importance"": 0.11520844413102813, ""score_network_pharmacology_hit"": 0.18467738866780015}"
deterministic_jitter_294,deterministic_weight_jitter_pm25pct,"Each non-docking evidence weight multiplied by a deterministic random factor in [0.75, 1.25], then renormalized.",30,1.0,1.0,0.9750834260289211,"CDK6, CA2, HSP90AB1, PARP1, ACHE, HIF1A, KIT, CDK2, CDK4, SYK, APEX1, CHEK1, TERT, TOP2A, PTPN11, HSP90AA1, PTGS2, ARG1, MPO, SIGMAR1, CD38, GSK3B, MDM4, CCNB1, G6PD, TBXAS1, PRKDC, AURKB, PIK3CG, MIF","{""score_AA_direction_recovery"": 0.09297383486387695, ""score_CD34_expression"": 0.14311100335862412, ""score_CD34_marker_context"": 0.13177494280336807, ""score_GSE165870_bulk_support"": 0.04042915857003255, ""score_WGCNA_module_strength"": 0.19779789980839035, ""score_module_pathology_importance"": 0.15060005165192977, ""score_network_pharmacology_hit"": 0.24331310894377814}"
deterministic_jitter_295,deterministic_weight_jitter_pm25pct,"Each non-docking evidence weight multiplied by a deterministic random factor in [0.75, 1.25], then renormalized.",27,0.9,0.8181818181818182,0.9810744810744811,"CDK6, CA2, HSP90AB1, PARP1, ACHE, KIT, HIF1A, CDK4, CDK2, APEX1, TOP2A, HSP90AA1, CHEK1, SYK, PTPN11, PTGS2, SIGMAR1, MDM4, ARG1, TERT, PRKDC, CD38, TP53, HDAC1, PGD, CCNB1, G6PD, TBXAS1, AURKB, MIF","{""score_AA_direction_recovery"": 0.11691404902709916, ""score_CD34_expression"": 0.12669903069614682, ""score_CD34_marker_context"": 0.10151874183566469, ""score_GSE165870_bulk_support"": 0.05067036919558486, ""score_WGCNA_module_strength"": 0.25123915617929593, ""score_module_pathology_importance"": 0.16385255837604426, ""score_network_pharmacology_hit"": 0.18910609469016432}"
deterministic_jitter_296,deterministic_weight_jitter_pm25pct,"Each non-docking evidence weight multiplied by a deterministic random factor in [0.75, 1.25], then renormalized.",28,0.9333333333333333,0.875,0.9463601532567051,"CDK6, CA2, HSP90AB1, ACHE, PARP1, KIT, HIF1A, CDK4, SYK, CDK2, TOP2A, SIGMAR1, TERT, APEX1, CHEK1, CD38, PTPN11, ARG1, HSP90AA1, PTGS2, GSK3B, PIK3CG, MDM4, FLT3, AURKB, G6PD, CCNB1, IGF1R, TBXAS1, PRKDC","{""score_AA_direction_recovery"": 0.11786398057644189, ""score_CD34_expression"": 0.10833575479086435, ""score_CD34_marker_context"": 0.11729710022730529, ""score_GSE165870_bulk_support"": 0.05514426879160513, ""score_WGCNA_module_strength"": 0.2759077361509744, ""score_module_pathology_importance"": 0.1044214440939642, ""score_network_pharmacology_hit"": 0.2210297153688448}"
deterministic_jitter_297,deterministic_weight_jitter_pm25pct,"Each non-docking evidence weight multiplied by a deterministic random factor in [0.75, 1.25], then renormalized.",29,0.9666666666666667,0.9354838709677419,0.9620689655172412,"CDK6, CA2, HSP90AB1, PARP1, ACHE, HIF1A, KIT, CDK2, TOP2A, CDK4, APEX1, SYK, HSP90AA1, TERT, SIGMAR1, PTPN11, CHEK1, MPO, PTGS2, ARG1, CD38, CCNB1, AURKB, GSK3B, MDM4, TBXAS1, MIF, G6PD, CDK1, PRKDC","{""score_AA_direction_recovery"": 0.095814356708688, ""score_CD34_expression"": 0.1591765091482457, ""score_CD34_marker_context"": 0.08050929801857112, ""score_GSE165870_bulk_support"": 0.034779674789291205, ""score_WGCNA_module_strength"": 0.22778963986855721, ""score_module_pathology_importance"": 0.156622767409896, ""score_network_pharmacology_hit"": 0.24530775405675073}"
deterministic_jitter_298,deterministic_weight_jitter_pm25pct,"Each non-docking evidence weight multiplied by a deterministic random factor in [0.75, 1.25], then renormalized.",27,0.9,0.8181818181818182,0.9267399267399267,"CDK6, CA2, HSP90AB1, PARP1, ACHE, KIT, HIF1A, HSP90AA1, CDK4, APEX1, SYK, TOP2A, CDK2, SIGMAR1, PTPN11, CHEK1, MIF, MDM4, PRKDC, TERT, CD38, PTGS2, ARG1, PGD, HDAC1, MPO, TP53, G6PD, GSK3B, CCNB1","{""score_AA_direction_recovery"": 0.09635985311679521, ""score_CD34_expression"": 0.16546642732751765, ""score_CD34_marker_context"": 0.1101997642196156, ""score_GSE165870_bulk_support"": 0.0486827078448306, ""score_WGCNA_module_strength"": 0.2623575967749324, ""score_module_pathology_importance"": 0.1318499267098897, ""score_network_pharmacology_hit"": 0.18508372400641881}"
deterministic_jitter_299,deterministic_weight_jitter_pm25pct,"Each non-docking evidence weight multiplied by a deterministic random factor in [0.75, 1.25], then renormalized.",29,0.9666666666666667,0.9354838709677419,0.9522167487684726,"CDK6, CA2, HSP90AB1, PARP1, ACHE, HIF1A, CDK4, HSP90AA1, KIT, APEX1, CDK2, SYK, TOP2A, SIGMAR1, MPO, TERT, CHEK1, PTPN11, CD38, ARG1, PTGS2, MIF, CCNB1, GSK3B, PRKDC, AURKB, MDM4, TBXAS1, G6PD, FLT3","{""score_AA_direction_recovery"": 0.12877196135305155, ""score_CD34_expression"": 0.16841636625542214, ""score_CD34_marker_context"": 0.0908355286864555, ""score_GSE165870_bulk_support"": 0.038783133387493215, ""score_WGCNA_module_strength"": 0.2035096742493811, ""score_module_pathology_importance"": 0.1359244434202015, ""score_network_pharmacology_hit"": 0.233758892647995}"
deterministic_jitter_300,deterministic_weight_jitter_pm25pct,"Each non-docking evidence weight multiplied by a deterministic random factor in [0.75, 1.25], then renormalized.",29,0.9666666666666667,0.9354838709677419,0.9733990147783249,"CDK6, CA2, HSP90AB1, PARP1, ACHE, HIF1A, KIT, CDK4, HSP90AA1, APEX1, CDK2, TOP2A, SYK, CHEK1, SIGMAR1, PTPN11, MPO, TERT, PTGS2, CD38, ARG1, MIF, CCNB1, MDM4, PRKDC, GSK3B, G6PD, AURKB, TBXAS1, PGD","{""score_AA_direction_recovery"": 0.10311370899591384, ""score_CD34_expression"": 0.1681816835156371, ""score_CD34_marker_context"": 0.09898587481642693, ""score_GSE165870_bulk_support"": 0.041963059600539546, ""score_WGCNA_module_strength"": 0.21482070781827547, ""score_module_pathology_importance"": 0.14966213830119315, ""score_network_pharmacology_hit"": 0.22327282695201395}"
deterministic_jitter_301,deterministic_weight_jitter_pm25pct,"Each non-docking evidence weight multiplied by a deterministic random factor in [0.75, 1.25], then renormalized.",27,0.9,0.8181818181818182,0.9126984126984127,"CDK6, CA2, HSP90AB1, PARP1, ACHE, HSP90AA1, CDK4, KIT, APEX1, HIF1A, SYK, TOP2A, SIGMAR1, CDK2, PTPN11, MIF, CD38, CHEK1, TERT, PRKDC, MDM4, PTGS2, PGD, ARG1, HDAC1, TP53, GSK3B, PIK3CG, G6PD, CCNB1","{""score_AA_direction_recovery"": 0.11253354383401637, ""score_CD34_expression"": 0.16490025196879946, ""score_CD34_marker_context"": 0.09659274328798229, ""score_GSE165870_bulk_support"": 0.05850584019808765, ""score_WGCNA_module_strength"": 0.274245791184072, ""score_module_pathology_importance"": 0.11371238682439155, ""score_network_pharmacology_hit"": 0.17950944270265076}"
deterministic_jitter_302,deterministic_weight_jitter_pm25pct,"Each non-docking evidence weight multiplied by a deterministic random factor in [0.75, 1.25], then renormalized.",27,0.9,0.8181818181818182,0.8907203907203908,"CDK6, CA2, HSP90AB1, PARP1, ACHE, KIT, HIF1A, HSP90AA1, CDK4, APEX1, SYK, CDK2, CHEK1, TOP2A, PRKDC, MIF, PTPN11, MDM4, SIGMAR1, MPO, CD38, PTGS2, TERT, PGD, HDAC1, ARG1, TP53, G6PD, CCNB1, GSK3B","{""score_AA_direction_recovery"": 0.10667911112242774, ""score_CD34_expression"": 0.16924607433453082, ""score_CD34_marker_context"": 0.1280003370870908, ""score_GSE165870_bulk_support"": 0.05010589495527975, ""score_WGCNA_module_strength"": 0.22672343185027924, ""score_module_pathology_importance"": 0.13846776176656317, ""score_network_pharmacology_hit"": 0.18077738888382852}"
deterministic_jitter_303,deterministic_weight_jitter_pm25pct,"Each non-docking evidence weight multiplied by a deterministic random factor in [0.75, 1.25], then renormalized.",30,1.0,1.0,0.9808676307007785,"CDK6, CA2, HSP90AB1, PARP1, ACHE, HIF1A, KIT, CDK4, CDK2, TOP2A, APEX1, SYK, HSP90AA1, SIGMAR1, TERT, PTPN11, CHEK1, PTGS2, CD38, MDM4, ARG1, GSK3B, AURKB, CCNB1, MPO, PRKDC, G6PD, MIF, TBXAS1, PIK3CG","{""score_AA_direction_recovery"": 0.09169603076441118, ""score_CD34_expression"": 0.14349229964842783, ""score_CD34_marker_context"": 0.10333137727856438, ""score_GSE165870_bulk_support"": 0.03323275635857767, ""score_WGCNA_module_strength"": 0.2622316562665214, ""score_module_pathology_importance"": 0.14447437395829266, ""score_network_pharmacology_hit"": 0.22154150572520484}"
deterministic_jitter_304,deterministic_weight_jitter_pm25pct,"Each non-docking evidence weight multiplied by a deterministic random factor in [0.75, 1.25], then renormalized.",29,0.9666666666666667,0.9354838709677419,0.9852216748768471,"CDK6, CA2, HSP90AB1, PARP1, ACHE, HIF1A, KIT, CDK4, APEX1, HSP90AA1, CDK2, TOP2A, SYK, SIGMAR1, TERT, CHEK1, PTPN11, PTGS2, CD38, ARG1, MDM4, MIF, MPO, PRKDC, CCNB1, GSK3B, G6PD, AURKB, TBXAS1, PGD","{""score_AA_direction_recovery"": 0.07870346325108026, ""score_CD34_expression"": 0.15829445055125696, ""score_CD34_marker_context"": 0.10526680347711476, ""score_GSE165870_bulk_support"": 0.046707718454649674, ""score_WGCNA_module_strength"": 0.2518096529004213, ""score_module_pathology_importance"": 0.14477938124527226, ""score_network_pharmacology_hit"": 0.2144385301202048}"
deterministic_jitter_305,deterministic_weight_jitter_pm25pct,"Each non-docking evidence weight multiplied by a deterministic random factor in [0.75, 1.25], then renormalized.",29,0.9666666666666667,0.9354838709677419,0.9674876847290638,"CDK6, CA2, HSP90AB1, ACHE, PARP1, KIT, HIF1A, CDK4, SYK, CDK2, TOP2A, APEX1, SIGMAR1, TERT, HSP90AA1, CHEK1, PTPN11, CD38, PTGS2, ARG1, MDM4, GSK3B, PIK3CG, PRKDC, CCNB1, AURKB, G6PD, TBXAS1, FLT3, MPO","{""score_AA_direction_recovery"": 0.12102385586402666, ""score_CD34_expression"": 0.12581288923042147, ""score_CD34_marker_context"": 0.11075905061952433, ""score_GSE165870_bulk_support"": 0.04289473431742205, ""score_WGCNA_module_strength"": 0.2594818622262162, ""score_module_pathology_importance"": 0.12153108378723707, ""score_network_pharmacology_hit"": 0.21849652395515218}"
deterministic_jitter_306,deterministic_weight_jitter_pm25pct,"Each non-docking evidence weight multiplied by a deterministic random factor in [0.75, 1.25], then renormalized.",28,0.9333333333333333,0.875,0.9293924466338259,"CDK6, CA2, ACHE, HSP90AB1, PARP1, HIF1A, KIT, CDK2, TOP2A, TERT, SYK, CDK4, SIGMAR1, PTGS2, ARG1, CHEK1, APEX1, PTPN11, CD38, HSP90AA1, MDM4, CCNB1, GSK3B, TBXAS1, AURKB, G6PD, PIK3CG, CDK1, MPO, FLT3","{""score_AA_direction_recovery"": 0.083617618199724, ""score_CD34_expression"": 0.11585146524874301, ""score_CD34_marker_context"": 0.09828097276214835, ""score_GSE165870_bulk_support"": 0.056144295987713304, ""score_WGCNA_module_strength"": 0.25340904242153023, ""score_module_pathology_importance"": 0.15535485468225604, ""score_network_pharmacology_hit"": 0.23734175069788513}"
deterministic_jitter_307,deterministic_weight_jitter_pm25pct,"Each non-docking evidence weight multiplied by a deterministic random factor in [0.75, 1.25], then renormalized.",29,0.9666666666666667,0.9354838709677419,0.9679802955665024,"CDK6, CA2, HSP90AB1, PARP1, ACHE, HIF1A, KIT, CDK2, CDK4, SYK, APEX1, TOP2A, TERT, CHEK1, SIGMAR1, PTPN11, HSP90AA1, PTGS2, ARG1, CD38, GSK3B, MDM4, PIK3CG, G6PD, CCNB1, PRKDC, AURKB, MPO, FLT3, TBXAS1","{""score_AA_direction_recovery"": 0.10229922472152271, ""score_CD34_expression"": 0.12137783743987811, ""score_CD34_marker_context"": 0.13727373593690678, ""score_GSE165870_bulk_support"": 0.03726531238611263, ""score_WGCNA_module_strength"": 0.24480172812895795, ""score_module_pathology_importance"": 0.12727156944428866, ""score_network_pharmacology_hit"": 0.22971059194233318}"
deterministic_jitter_308,deterministic_weight_jitter_pm25pct,"Each non-docking evidence weight multiplied by a deterministic random factor in [0.75, 1.25], then renormalized.",28,0.9333333333333333,0.875,0.9211822660098522,"CDK6, CA2, HSP90AB1, PARP1, ACHE, HIF1A, KIT, CDK2, TERT, SYK, CHEK1, TOP2A, CDK4, ARG1, PTGS2, APEX1, PTPN11, SIGMAR1, CD38, MDM4, GSK3B, HSP90AA1, CCNB1, G6PD, PIK3CG, TBXAS1, MPO, AURKB, CDK1, FLT3","{""score_AA_direction_recovery"": 0.08341385144222548, ""score_CD34_expression"": 0.11081681365256674, ""score_CD34_marker_context"": 0.12951495267711116, ""score_GSE165870_bulk_support"": 0.05739265630492412, ""score_WGCNA_module_strength"": 0.22701705413518802, ""score_module_pathology_importance"": 0.15358194782232157, ""score_network_pharmacology_hit"": 0.2382627239656629}"
deterministic_jitter_309,deterministic_weight_jitter_pm25pct,"Each non-docking evidence weight multiplied by a deterministic random factor in [0.75, 1.25], then renormalized.",28,0.9333333333333333,0.875,0.980295566502463,"CDK6, CA2, HSP90AB1, ACHE, PARP1, HIF1A, KIT, CDK4, SYK, CDK2, APEX1, TOP2A, TERT, SIGMAR1, HSP90AA1, CHEK1, PTPN11, PTGS2, CD38, ARG1, MDM4, GSK3B, PIK3CG, G6PD, PRKDC, CCNB1, AURKB, TBXAS1, HDAC1, FLT3","{""score_AA_direction_recovery"": 0.08882248970493163, ""score_CD34_expression"": 0.13210484183122756, ""score_CD34_marker_context"": 0.12127196312730515, ""score_GSE165870_bulk_support"": 0.04773333367646069, ""score_WGCNA_module_strength"": 0.2668286762088715, ""score_module_pathology_importance"": 0.12580584825354288, ""score_network_pharmacology_hit"": 0.21743284719766046}"
deterministic_jitter_310,deterministic_weight_jitter_pm25pct,"Each non-docking evidence weight multiplied by a deterministic random factor in [0.75, 1.25], then renormalized.",28,0.9333333333333333,0.875,0.9748221127531472,"CDK6, CA2, HSP90AB1, PARP1, ACHE, HIF1A, KIT, CDK4, TOP2A, CDK2, APEX1, HSP90AA1, SYK, SIGMAR1, CHEK1, PTPN11, TERT, PTGS2, ARG1, MDM4, CD38, PRKDC, CCNB1, AURKB, TBXAS1, G6PD, GSK3B, MPO, PGD, TP53","{""score_AA_direction_recovery"": 0.11293011355462045, ""score_CD34_expression"": 0.12858140552488306, ""score_CD34_marker_context"": 0.0889821702195293, ""score_GSE165870_bulk_support"": 0.0486855379862781, ""score_WGCNA_module_strength"": 0.2576327189935807, ""score_module_pathology_importance"": 0.15613781096961182, ""score_network_pharmacology_hit"": 0.2070502427514966}"
deterministic_jitter_311,deterministic_weight_jitter_pm25pct,"Each non-docking evidence weight multiplied by a deterministic random factor in [0.75, 1.25], then renormalized.",29,0.9666666666666667,0.9354838709677419,0.9665024630541871,"CDK6, CA2, HSP90AB1, PARP1, ACHE, HIF1A, KIT, CDK4, HSP90AA1, APEX1, CDK2, TOP2A, SYK, CHEK1, PTPN11, SIGMAR1, MPO, PTGS2, TERT, ARG1, CD38, CCNB1, PRKDC, MIF, MDM4, TBXAS1, AURKB, G6PD, GSK3B, PGD","{""score_AA_direction_recovery"": 0.12961695870237866, ""score_CD34_expression"": 0.15750696408698725, ""score_CD34_marker_context"": 0.08178073214871143, ""score_GSE165870_bulk_support"": 0.045598943382063, ""score_WGCNA_module_strength"": 0.21086118692791322, ""score_module_pathology_importance"": 0.1598294961845026, ""score_network_pharmacology_hit"": 0.21480571856744382}"
deterministic_jitter_312,deterministic_weight_jitter_pm25pct,"Each non-docking evidence weight multiplied by a deterministic random factor in [0.75, 1.25], then renormalized.",28,0.9333333333333333,0.875,0.9326765188834154,"CDK6, CA2, HSP90AB1, PARP1, ACHE, HIF1A, KIT, CDK2, SYK, CDK4, TERT, CHEK1, TOP2A, APEX1, MPO, ARG1, PTGS2, PTPN11, SIGMAR1, CD38, GSK3B, HSP90AA1, CCNB1, TBXAS1, G6PD, MDM4, AURKB, PIK3CG, AR, FLT3","{""score_AA_direction_recovery"": 0.10749527959585077, ""score_CD34_expression"": 0.13566764539736997, ""score_CD34_marker_context"": 0.12654898024780925, ""score_GSE165870_bulk_support"": 0.040577642775514094, ""score_WGCNA_module_strength"": 0.17695412065063554, ""score_module_pathology_importance"": 0.14663646095895144, ""score_network_pharmacology_hit"": 0.26611987037386897}"
deterministic_jitter_313,deterministic_weight_jitter_pm25pct,"Each non-docking evidence weight multiplied by a deterministic random factor in [0.75, 1.25], then renormalized.",29,0.9666666666666667,0.9354838709677419,0.9743842364532018,"CDK6, CA2, HSP90AB1, PARP1, ACHE, HIF1A, KIT, TOP2A, CDK4, CDK2, APEX1, HSP90AA1, SYK, SIGMAR1, PTPN11, TERT, CHEK1, PTGS2, ARG1, CD38, MDM4, CCNB1, MPO, AURKB, PRKDC, MIF, G6PD, TBXAS1, GSK3B, PGD","{""score_AA_direction_recovery"": 0.08580423514507718, ""score_CD34_expression"": 0.150574535725872, ""score_CD34_marker_context"": 0.08045089175164527, ""score_GSE165870_bulk_support"": 0.04892547690132741, ""score_WGCNA_module_strength"": 0.25841171561003157, ""score_module_pathology_importance"": 0.1627683277335456, ""score_network_pharmacology_hit"": 0.21306481713250094}"
deterministic_jitter_314,deterministic_weight_jitter_pm25pct,"Each non-docking evidence weight multiplied by a deterministic random factor in [0.75, 1.25], then renormalized.",29,0.9666666666666667,0.9354838709677419,0.9733990147783249,"CDK6, CA2, HSP90AB1, PARP1, ACHE, HIF1A, KIT, CDK4, TOP2A, APEX1, HSP90AA1, CDK2, SYK, SIGMAR1, CHEK1, PTPN11, TERT, PTGS2, CD38, ARG1, MDM4, PRKDC, CCNB1, AURKB, GSK3B, TBXAS1, G6PD, MPO, MIF, PGD","{""score_AA_direction_recovery"": 0.1301126691633194, ""score_CD34_expression"": 0.13426892280500885, ""score_CD34_marker_context"": 0.08525714903907783, ""score_GSE165870_bulk_support"": 0.04883443572137755, ""score_WGCNA_module_strength"": 0.2558614975394569, ""score_module_pathology_importance"": 0.13863714332135996, ""score_network_pharmacology_hit"": 0.20702818241039944}"
deterministic_jitter_315,deterministic_weight_jitter_pm25pct,"Each non-docking evidence weight multiplied by a deterministic random factor in [0.75, 1.25], then renormalized.",27,0.9,0.8181818181818182,0.8962148962148961,"CDK6, CA2, HSP90AB1, PARP1, ACHE, HSP90AA1, HIF1A, KIT, APEX1, CDK4, TOP2A, CDK2, SYK, MIF, PTPN11, CHEK1, SIGMAR1, PRKDC, MDM4, MPO, TERT, CD38, PTGS2, ARG1, PGD, CCNB1, HDAC1, G6PD, AURKB, TP53","{""score_AA_direction_recovery"": 0.09554320161909068, ""score_CD34_expression"": 0.17745898677169278, ""score_CD34_marker_context"": 0.095771033289814, ""score_GSE165870_bulk_support"": 0.04507879231810984, ""score_WGCNA_module_strength"": 0.24439086958816839, ""score_module_pathology_importance"": 0.15030787565152184, ""score_network_pharmacology_hit"": 0.19144924076160247}"
deterministic_jitter_316,deterministic_weight_jitter_pm25pct,"Each non-docking evidence weight multiplied by a deterministic random factor in [0.75, 1.25], then renormalized.",28,0.9333333333333333,0.875,0.9058565955117679,"CDK6, CA2, HSP90AB1, ACHE, PARP1, HIF1A, KIT, SYK, CDK2, CDK4, TERT, TOP2A, SIGMAR1, ARG1, APEX1, CD38, PTGS2, CHEK1, GSK3B, PTPN11, CCNB1, HSP90AA1, IGF1R, PIK3CG, TBXAS1, AURKB, FLT3, MPO, G6PD, MDM4","{""score_AA_direction_recovery"": 0.127922647631578, ""score_CD34_expression"": 0.11440343248828498, ""score_CD34_marker_context"": 0.10095281838431443, ""score_GSE165870_bulk_support"": 0.05752143213877702, ""score_WGCNA_module_strength"": 0.2168693886316422, ""score_module_pathology_importance"": 0.11419780033817645, ""score_network_pharmacology_hit"": 0.2681324803872269}"
deterministic_jitter_317,deterministic_weight_jitter_pm25pct,"Each non-docking evidence weight multiplied by a deterministic random factor in [0.75, 1.25], then renormalized.",29,0.9666666666666667,0.9354838709677419,0.979310344827586,"CDK6, CA2, HSP90AB1, PARP1, ACHE, HIF1A, KIT, CDK4, HSP90AA1, APEX1, TOP2A, CDK2, SYK, CHEK1, SIGMAR1, PTPN11, TERT, PTGS2, CD38, ARG1, MDM4, PRKDC, MIF, MPO, CCNB1, G6PD, PGD, AURKB, TBXAS1, GSK3B","{""score_AA_direction_recovery"": 0.10878508195101956, ""score_CD34_expression"": 0.15321412084960898, ""score_CD34_marker_context"": 0.09433234904681642, ""score_GSE165870_bulk_support"": 0.05146941687580483, ""score_WGCNA_module_strength"": 0.2412532806220916, ""score_module_pathology_importance"": 0.149264045622065, ""score_network_pharmacology_hit"": 0.2016817050325936}"
deterministic_jitter_318,deterministic_weight_jitter_pm25pct,"Each non-docking evidence weight multiplied by a deterministic random factor in [0.75, 1.25], then renormalized.",27,0.9,0.8181818181818182,0.9291819291819291,"CDK6, CA2, HSP90AB1, PARP1, ACHE, KIT, HIF1A, HSP90AA1, CDK4, APEX1, CDK2, TOP2A, CHEK1, PTPN11, SYK, PRKDC, MDM4, PTGS2, SIGMAR1, MIF, ARG1, TERT, CD38, PGD, TP53, MPO, HDAC1, G6PD, CCNB1, TBXAS1","{""score_AA_direction_recovery"": 0.10946274040656595, ""score_CD34_expression"": 0.15089807275040376, ""score_CD34_marker_context"": 0.10503933687498992, ""score_GSE165870_bulk_support"": 0.04584554144586922, ""score_WGCNA_module_strength"": 0.2396019408768633, ""score_module_pathology_importance"": 0.16901134277267318, ""score_network_pharmacology_hit"": 0.1801410248726347}"
deterministic_jitter_319,deterministic_weight_jitter_pm25pct,"Each non-docking evidence weight multiplied by a deterministic random factor in [0.75, 1.25], then renormalized.",27,0.9,0.8181818181818182,0.8632478632478632,"CDK6, CA2, HSP90AB1, PARP1, ACHE, HSP90AA1, KIT, HIF1A, CDK4, APEX1, SYK, CDK2, MIF, CHEK1, TOP2A, PRKDC, PTPN11, MDM4, SIGMAR1, MPO, CD38, HDAC1, PTGS2, TERT, PGD, ARG1, TP53, G6PD, CCNB1, GSK3B","{""score_AA_direction_recovery"": 0.1084771758438828, ""score_CD34_expression"": 0.17542501052941556, ""score_CD34_marker_context"": 0.13191727167973988, ""score_GSE165870_bulk_support"": 0.05847204116537133, ""score_WGCNA_module_strength"": 0.21951788270670572, ""score_module_pathology_importance"": 0.1281311469603834, ""score_network_pharmacology_hit"": 0.1780594711145013}"
deterministic_jitter_320,deterministic_weight_jitter_pm25pct,"Each non-docking evidence weight multiplied by a deterministic random factor in [0.75, 1.25], then renormalized.",30,1.0,1.0,0.9822024471635149,"CDK6, CA2, HSP90AB1, PARP1, ACHE, HIF1A, KIT, CDK4, APEX1, CDK2, SYK, TOP2A, HSP90AA1, TERT, SIGMAR1, CHEK1, PTPN11, ARG1, CD38, PTGS2, MPO, CCNB1, MDM4, GSK3B, MIF, AURKB, G6PD, TBXAS1, PRKDC, PIK3CG","{""score_AA_direction_recovery"": 0.0820203219222812, ""score_CD34_expression"": 0.15883101576259315, ""score_CD34_marker_context"": 0.09915523326184884, ""score_GSE165870_bulk_support"": 0.05374440815483998, ""score_WGCNA_module_strength"": 0.2385885386610468, ""score_module_pathology_importance"": 0.13827902508006884, ""score_network_pharmacology_hit"": 0.22938145715732128}"
deterministic_jitter_321,deterministic_weight_jitter_pm25pct,"Each non-docking evidence weight multiplied by a deterministic random factor in [0.75, 1.25], then renormalized.",29,0.9666666666666667,0.9354838709677419,0.9950738916256154,"CDK6, CA2, HSP90AB1, PARP1, ACHE, HIF1A, KIT, CDK4, CDK2, APEX1, SYK, TOP2A, CHEK1, HSP90AA1, TERT, PTPN11, PTGS2, SIGMAR1, ARG1, MDM4, CD38, PRKDC, MPO, GSK3B, CCNB1, G6PD, MIF, PIK3CG, HDAC1, TBXAS1","{""score_AA_direction_recovery"": 0.08507245035949355, ""score_CD34_expression"": 0.13968702754092915, ""score_CD34_marker_context"": 0.12277572359493467, ""score_GSE165870_bulk_support"": 0.052539885957512085, ""score_WGCNA_module_strength"": 0.23784582449433586, ""score_module_pathology_importance"": 0.1497297205050527, ""score_network_pharmacology_hit"": 0.21234936754774192}"
deterministic_jitter_322,deterministic_weight_jitter_pm25pct,"Each non-docking evidence weight multiplied by a deterministic random factor in [0.75, 1.25], then renormalized.",27,0.9,0.8181818181818182,0.9676434676434676,"CDK6, CA2, HSP90AB1, PARP1, ACHE, KIT, HIF1A, CDK4, APEX1, HSP90AA1, CDK2, TOP2A, SYK, CHEK1, PTPN11, SIGMAR1, MDM4, TERT, PRKDC, PTGS2, CD38, ARG1, MIF, PGD, MPO, G6PD, TP53, HDAC1, CCNB1, GSK3B","{""score_AA_direction_recovery"": 0.11645248856192343, ""score_CD34_expression"": 0.14325302877394414, ""score_CD34_marker_context"": 0.11235026156331233, ""score_GSE165870_bulk_support"": 0.036208409977474536, ""score_WGCNA_module_strength"": 0.2491455709057081, ""score_module_pathology_importance"": 0.14902037719544672, ""score_network_pharmacology_hit"": 0.1935698630221908}"
deterministic_jitter_323,deterministic_weight_jitter_pm25pct,"Each non-docking evidence weight multiplied by a deterministic random factor in [0.75, 1.25], then renormalized.",29,0.9666666666666667,0.9354838709677419,0.9576354679802953,"CDK6, CA2, HSP90AB1, PARP1, ACHE, HIF1A, KIT, CDK4, CDK2, APEX1, SYK, HSP90AA1, TOP2A, MPO, CHEK1, TERT, PTPN11, SIGMAR1, ARG1, PTGS2, CD38, CCNB1, GSK3B, MIF, TBXAS1, MDM4, AURKB, PRKDC, G6PD, FLT3","{""score_AA_direction_recovery"": 0.12293224783097415, ""score_CD34_expression"": 0.1574194025749924, ""score_CD34_marker_context"": 0.1040683530333477, ""score_GSE165870_bulk_support"": 0.0406230324458941, ""score_WGCNA_module_strength"": 0.18065143301314657, ""score_module_pathology_importance"": 0.14840710128309142, ""score_network_pharmacology_hit"": 0.2458984298185536}"
deterministic_jitter_324,deterministic_weight_jitter_pm25pct,"Each non-docking evidence weight multiplied by a deterministic random factor in [0.75, 1.25], then renormalized.",29,0.9666666666666667,0.9354838709677419,0.9674876847290638,"CDK6, CA2, HSP90AB1, PARP1, ACHE, HIF1A, KIT, CDK4, SYK, CDK2, APEX1, TOP2A, TERT, SIGMAR1, HSP90AA1, CHEK1, CD38, PTPN11, GSK3B, ARG1, PTGS2, MPO, MDM4, CCNB1, PIK3CG, FLT3, AURKB, G6PD, TBXAS1, PRKDC","{""score_AA_direction_recovery"": 0.12409182630497562, ""score_CD34_expression"": 0.13963765941980574, ""score_CD34_marker_context"": 0.12394840444501849, ""score_GSE165870_bulk_support"": 0.03476103534661359, ""score_WGCNA_module_strength"": 0.22133173207897597, ""score_module_pathology_importance"": 0.11200638163217967, ""score_network_pharmacology_hit"": 0.24422296077243083}"
deterministic_jitter_325,deterministic_weight_jitter_pm25pct,"Each non-docking evidence weight multiplied by a deterministic random factor in [0.75, 1.25], then renormalized.",29,0.9666666666666667,0.9354838709677419,0.9906403940886698,"CDK6, CA2, HSP90AB1, PARP1, ACHE, HIF1A, KIT, CDK4, CDK2, TOP2A, SYK, APEX1, CHEK1, SIGMAR1, HSP90AA1, TERT, PTPN11, PTGS2, ARG1, CD38, MDM4, GSK3B, CCNB1, PRKDC, MPO, AURKB, G6PD, TBXAS1, PIK3CG, FLT3","{""score_AA_direction_recovery"": 0.1272943203006221, ""score_CD34_expression"": 0.1268661981590398, ""score_CD34_marker_context"": 0.10582392935452337, ""score_GSE165870_bulk_support"": 0.03759612195384065, ""score_WGCNA_module_strength"": 0.23886405207176334, ""score_module_pathology_importance"": 0.14038776423941507, ""score_network_pharmacology_hit"": 0.22316761392079568}"
deterministic_jitter_326,deterministic_weight_jitter_pm25pct,"Each non-docking evidence weight multiplied by a deterministic random factor in [0.75, 1.25], then renormalized.",27,0.9,0.8181818181818182,0.9371184371184371,"CDK6, CA2, HSP90AB1, ACHE, PARP1, HIF1A, KIT, TOP2A, CDK2, CDK4, SYK, SIGMAR1, TERT, APEX1, ARG1, CD38, PTPN11, PTGS2, CHEK1, HSP90AA1, GSK3B, AURKB, CCNB1, TBXAS1, MDM4, PIK3CG, FLT3, G6PD, IGF1R, CDK1","{""score_AA_direction_recovery"": 0.12814090200561443, ""score_CD34_expression"": 0.10844220228807154, ""score_CD34_marker_context"": 0.07846663428382498, ""score_GSE165870_bulk_support"": 0.03825732077057772, ""score_WGCNA_module_strength"": 0.269463228359287, ""score_module_pathology_importance"": 0.12716180464898227, ""score_network_pharmacology_hit"": 0.250067907643642}"
deterministic_jitter_327,deterministic_weight_jitter_pm25pct,"Each non-docking evidence weight multiplied by a deterministic random factor in [0.75, 1.25], then renormalized.",27,0.9,0.8181818181818182,0.978021978021978,"CDK6, CA2, HSP90AB1, ACHE, PARP1, KIT, HIF1A, CDK4, APEX1, TOP2A, SYK, CDK2, HSP90AA1, SIGMAR1, CHEK1, PTPN11, MDM4, TERT, PTGS2, CD38, PRKDC, HDAC1, ARG1, TP53, PGD, PIK3CG, GSK3B, G6PD, MIF, AURKB","{""score_AA_direction_recovery"": 0.10113029752471932, ""score_CD34_expression"": 0.12091921451889245, ""score_CD34_marker_context"": 0.12244532113984356, ""score_GSE165870_bulk_support"": 0.0489322796927388, ""score_WGCNA_module_strength"": 0.3038703492639718, ""score_module_pathology_importance"": 0.12384444026750696, ""score_network_pharmacology_hit"": 0.1788580975923271}"
deterministic_jitter_328,deterministic_weight_jitter_pm25pct,"Each non-docking evidence weight multiplied by a deterministic random factor in [0.75, 1.25], then renormalized.",27,0.9,0.8181818181818182,0.9468864468864469,"CA2, CDK6, HSP90AB1, ACHE, PARP1, HIF1A, KIT, TOP2A, CDK2, CDK4, TERT, SYK, SIGMAR1, APEX1, ARG1, PTGS2, CHEK1, PTPN11, CD38, HSP90AA1, MDM4, AURKB, CCNB1, GSK3B, TBXAS1, G6PD, PIK3CG, FLT3, IGF1R, CDK1","{""score_AA_direction_recovery"": 0.10599583524045367, ""score_CD34_expression"": 0.11094270551160729, ""score_CD34_marker_context"": 0.08284175877009298, ""score_GSE165870_bulk_support"": 0.054515440400843884, ""score_WGCNA_module_strength"": 0.26499423655992216, ""score_module_pathology_importance"": 0.1450008189330996, ""score_network_pharmacology_hit"": 0.2357092045839805}"
deterministic_jitter_329,deterministic_weight_jitter_pm25pct,"Each non-docking evidence weight multiplied by a deterministic random factor in [0.75, 1.25], then renormalized.",26,0.8666666666666667,0.7647058823529411,0.9726495726495725,"CDK6, CA2, HSP90AB1, ACHE, PARP1, KIT, HIF1A, CDK4, APEX1, HSP90AA1, SYK, TOP2A, CDK2, SIGMAR1, CHEK1, PTPN11, TERT, MDM4, CD38, PTGS2, PRKDC, MIF, ARG1, HDAC1, GSK3B, PGD, PIK3CG, TP53, G6PD, FLT3","{""score_AA_direction_recovery"": 0.09384718102745697, ""score_CD34_expression"": 0.14494286923698682, ""score_CD34_marker_context"": 0.12918143323334697, ""score_GSE165870_bulk_support"": 0.04568064179534881, ""score_WGCNA_module_strength"": 0.28715310998136745, ""score_module_pathology_importance"": 0.10974603186854932, ""score_network_pharmacology_hit"": 0.1894487328569437}"
deterministic_jitter_330,deterministic_weight_jitter_pm25pct,"Each non-docking evidence weight multiplied by a deterministic random factor in [0.75, 1.25], then renormalized.",27,0.9,0.8181818181818182,0.927960927960928,"CDK6, CA2, HSP90AB1, PARP1, ACHE, KIT, HSP90AA1, HIF1A, CDK4, APEX1, TOP2A, CDK2, SYK, PTPN11, CHEK1, SIGMAR1, PRKDC, MDM4, MIF, PTGS2, PGD, CD38, TERT, HDAC1, ARG1, TP53, G6PD, CCNB1, MPO, AURKB","{""score_AA_direction_recovery"": 0.12019165187845568, ""score_CD34_expression"": 0.1562339323883277, ""score_CD34_marker_context"": 0.08913625406637414, ""score_GSE165870_bulk_support"": 0.046789158457312484, ""score_WGCNA_module_strength"": 0.2650999548848427, ""score_module_pathology_importance"": 0.15233296479738337, ""score_network_pharmacology_hit"": 0.17021608352730383}"
deterministic_jitter_331,deterministic_weight_jitter_pm25pct,"Each non-docking evidence weight multiplied by a deterministic random factor in [0.75, 1.25], then renormalized.",28,0.9333333333333333,0.875,0.9928845101258894,"CDK6, CA2, HSP90AB1, PARP1, ACHE, HIF1A, KIT, CDK4, CDK2, APEX1, SYK, CHEK1, TOP2A, HSP90AA1, PTPN11, TERT, PTGS2, SIGMAR1, ARG1, MDM4, CD38, PRKDC, MPO, GSK3B, CCNB1, G6PD, TP53, TBXAS1, MIF, HDAC1","{""score_AA_direction_recovery"": 0.1143766972747164, ""score_CD34_expression"": 0.13261346775974747, ""score_CD34_marker_context"": 0.12590442714649436, ""score_GSE165870_bulk_support"": 0.0464997612183209, ""score_WGCNA_module_strength"": 0.2247605963680191, ""score_module_pathology_importance"": 0.14845446761170802, ""score_network_pharmacology_hit"": 0.20739058262099383}"
deterministic_jitter_332,deterministic_weight_jitter_pm25pct,"Each non-docking evidence weight multiplied by a deterministic random factor in [0.75, 1.25], then renormalized.",29,0.9666666666666667,0.9354838709677419,0.9669950738916253,"CDK6, CA2, HSP90AB1, PARP1, ACHE, HIF1A, CDK4, KIT, SYK, APEX1, CDK2, HSP90AA1, TOP2A, TERT, SIGMAR1, CHEK1, CD38, ARG1, MPO, PTPN11, PTGS2, GSK3B, CCNB1, MIF, MDM4, PIK3CG, TBXAS1, PRKDC, G6PD, FLT3","{""score_AA_direction_recovery"": 0.11916206397616393, ""score_CD34_expression"": 0.1536222403850641, ""score_CD34_marker_context"": 0.11006840786002238, ""score_GSE165870_bulk_support"": 0.05613011889191414, ""score_WGCNA_module_strength"": 0.20388895808247975, ""score_module_pathology_importance"": 0.12207455062738289, ""score_network_pharmacology_hit"": 0.23505366017697277}"
deterministic_jitter_333,deterministic_weight_jitter_pm25pct,"Each non-docking evidence weight multiplied by a deterministic random factor in [0.75, 1.25], then renormalized.",28,0.9333333333333333,0.875,0.8730158730158729,"CA2, CDK6, ACHE, PARP1, HSP90AB1, HIF1A, KIT, CDK2, TERT, TOP2A, SYK, ARG1, PTGS2, CDK4, CHEK1, SIGMAR1, APEX1, PTPN11, CD38, CCNB1, GSK3B, TBXAS1, AURKB, MPO, CDK1, HSP90AA1, G6PD, MDM4, IGF1R, PIK3CG","{""score_AA_direction_recovery"": 0.0890553336285183, ""score_CD34_expression"": 0.11274487971948531, ""score_CD34_marker_context"": 0.09705284259650636, ""score_GSE165870_bulk_support"": 0.059860644226192444, ""score_WGCNA_module_strength"": 0.2193221348901408, ""score_module_pathology_importance"": 0.1565102996937484, ""score_network_pharmacology_hit"": 0.26545386524540837}"
deterministic_jitter_334,deterministic_weight_jitter_pm25pct,"Each non-docking evidence weight multiplied by a deterministic random factor in [0.75, 1.25], then renormalized.",29,0.9666666666666667,0.9354838709677419,0.9743842364532018,"CDK6, CA2, HSP90AB1, PARP1, ACHE, HIF1A, KIT, CDK2, CDK4, SYK, APEX1, TOP2A, CHEK1, TERT, HSP90AA1, MPO, PTPN11, SIGMAR1, PTGS2, ARG1, CD38, CCNB1, GSK3B, MDM4, TBXAS1, PRKDC, G6PD, AURKB, MIF, FLT3","{""score_AA_direction_recovery"": 0.12185717275084648, ""score_CD34_expression"": 0.14373250629977602, ""score_CD34_marker_context"": 0.11685274767065967, ""score_GSE165870_bulk_support"": 0.03359609291708003, ""score_WGCNA_module_strength"": 0.1867710615613181, ""score_module_pathology_importance"": 0.15131310322767025, ""score_network_pharmacology_hit"": 0.2458773155726495}"
deterministic_jitter_335,deterministic_weight_jitter_pm25pct,"Each non-docking evidence weight multiplied by a deterministic random factor in [0.75, 1.25], then renormalized.",28,0.9333333333333333,0.875,0.9600437876299945,"CDK6, CA2, HSP90AB1, PARP1, ACHE, HIF1A, KIT, CDK4, CDK2, SYK, TOP2A, TERT, APEX1, SIGMAR1, CHEK1, ARG1, CD38, HSP90AA1, PTPN11, PTGS2, GSK3B, CCNB1, MDM4, PIK3CG, AURKB, TBXAS1, MPO, G6PD, FLT3, IGF1R","{""score_AA_direction_recovery"": 0.12801825758276322, ""score_CD34_expression"": 0.11949148897598953, ""score_CD34_marker_context"": 0.1041669604533911, ""score_GSE165870_bulk_support"": 0.0490381284669866, ""score_WGCNA_module_strength"": 0.23763256585012474, ""score_module_pathology_importance"": 0.12482893352900672, ""score_network_pharmacology_hit"": 0.2368236651417381}"
deterministic_jitter_336,deterministic_weight_jitter_pm25pct,"Each non-docking evidence weight multiplied by a deterministic random factor in [0.75, 1.25], then renormalized.",28,0.9333333333333333,0.875,0.9545703338806788,"CDK6, CA2, HSP90AB1, PARP1, ACHE, HIF1A, KIT, CDK2, CDK4, SYK, TERT, TOP2A, APEX1, CHEK1, SIGMAR1, ARG1, HSP90AA1, MPO, CD38, PTGS2, PTPN11, GSK3B, CCNB1, TBXAS1, AURKB, PIK3CG, G6PD, FLT3, MDM4, IGF1R","{""score_AA_direction_recovery"": 0.09978516691317459, ""score_CD34_expression"": 0.14677260034602163, ""score_CD34_marker_context"": 0.11187581808630415, ""score_GSE165870_bulk_support"": 0.0509608977429963, ""score_WGCNA_module_strength"": 0.19866354080827647, ""score_module_pathology_importance"": 0.13245180465400327, ""score_network_pharmacology_hit"": 0.2594901714492237}"
deterministic_jitter_337,deterministic_weight_jitter_pm25pct,"Each non-docking evidence weight multiplied by a deterministic random factor in [0.75, 1.25], then renormalized.",29,0.9666666666666667,0.9354838709677419,0.9591133004926107,"CDK6, CA2, HSP90AB1, PARP1, ACHE, HIF1A, CDK4, KIT, SYK, APEX1, HSP90AA1, CDK2, TOP2A, SIGMAR1, TERT, CD38, CHEK1, PTPN11, ARG1, MPO, GSK3B, PTGS2, MIF, CCNB1, PIK3CG, FLT3, MDM4, AURKB, TBXAS1, PRKDC","{""score_AA_direction_recovery"": 0.12286637983946246, ""score_CD34_expression"": 0.15848901932441792, ""score_CD34_marker_context"": 0.10498979357493393, ""score_GSE165870_bulk_support"": 0.053594302359873475, ""score_WGCNA_module_strength"": 0.220572574203865, ""score_module_pathology_importance"": 0.1053245045975918, ""score_network_pharmacology_hit"": 0.23416342609985535}"
deterministic_jitter_338,deterministic_weight_jitter_pm25pct,"Each non-docking evidence weight multiplied by a deterministic random factor in [0.75, 1.25], then renormalized.",28,0.9333333333333333,0.875,0.9835796387520527,"CDK6, CA2, HSP90AB1, PARP1, ACHE, HIF1A, KIT, CDK4, CDK2, APEX1, CHEK1, SYK, TOP2A, HSP90AA1, PTPN11, PTGS2, TERT, ARG1, MDM4, SIGMAR1, CD38, PRKDC, MPO, CCNB1, G6PD, GSK3B, TP53, TBXAS1, PIK3CG, HDAC1","{""score_AA_direction_recovery"": 0.12252185185305979, ""score_CD34_expression"": 0.12975933020350927, ""score_CD34_marker_context"": 0.12703634319278848, ""score_GSE165870_bulk_support"": 0.051116005007606775, ""score_WGCNA_module_strength"": 0.20886787052664943, ""score_module_pathology_importance"": 0.1531822056242121, ""score_network_pharmacology_hit"": 0.20751639359217408}"
deterministic_jitter_339,deterministic_weight_jitter_pm25pct,"Each non-docking evidence weight multiplied by a deterministic random factor in [0.75, 1.25], then renormalized.",29,0.9666666666666667,0.9354838709677419,0.9635467980295563,"CDK6, CA2, HSP90AB1, PARP1, ACHE, HIF1A, KIT, CDK4, CDK2, TOP2A, SYK, APEX1, HSP90AA1, TERT, SIGMAR1, CHEK1, ARG1, PTGS2, PTPN11, CD38, MPO, CCNB1, TBXAS1, AURKB, GSK3B, MDM4, G6PD, MIF, PRKDC, CDK1","{""score_AA_direction_recovery"": 0.1170572190611256, ""score_CD34_expression"": 0.14656782047971093, ""score_CD34_marker_context"": 0.0795499208900974, ""score_GSE165870_bulk_support"": 0.048527273277442745, ""score_WGCNA_module_strength"": 0.21310455491624217, ""score_module_pathology_importance"": 0.15270693347629363, ""score_network_pharmacology_hit"": 0.24248627789908755}"
deterministic_jitter_340,deterministic_weight_jitter_pm25pct,"Each non-docking evidence weight multiplied by a deterministic random factor in [0.75, 1.25], then renormalized.",28,0.9333333333333333,0.875,0.9731800766283524,"CA2, CDK6, HSP90AB1, PARP1, ACHE, HIF1A, KIT, CDK4, CDK2, TOP2A, SYK, APEX1, TERT, SIGMAR1, HSP90AA1, ARG1, CHEK1, PTGS2, CD38, PTPN11, CCNB1, MPO, GSK3B, TBXAS1, AURKB, MDM4, G6PD, PIK3CG, IGF1R, FLT3","{""score_AA_direction_recovery"": 0.10004313948835561, ""score_CD34_expression"": 0.13833555621735363, ""score_CD34_marker_context"": 0.09229990557911777, ""score_GSE165870_bulk_support"": 0.0624786284447083, ""score_WGCNA_module_strength"": 0.23119753200076862, ""score_module_pathology_importance"": 0.1373936902649567, ""score_network_pharmacology_hit"": 0.23825154800473936}"
deterministic_jitter_341,deterministic_weight_jitter_pm25pct,"Each non-docking evidence weight multiplied by a deterministic random factor in [0.75, 1.25], then renormalized.",29,0.9666666666666667,0.9354838709677419,0.9798029556650243,"CDK6, CA2, HSP90AB1, PARP1, ACHE, HIF1A, KIT, CDK4, CDK2, SYK, TOP2A, APEX1, CHEK1, TERT, SIGMAR1, PTGS2, ARG1, PTPN11, HSP90AA1, CD38, MDM4, GSK3B, CCNB1, MPO, TBXAS1, PRKDC, G6PD, AURKB, PIK3CG, FLT3","{""score_AA_direction_recovery"": 0.12774124660104078, ""score_CD34_expression"": 0.11945544342026805, ""score_CD34_marker_context"": 0.111687882406217, ""score_GSE165870_bulk_support"": 0.04993112782639728, ""score_WGCNA_module_strength"": 0.22224105571693295, ""score_module_pathology_importance"": 0.14261577662501584, ""score_network_pharmacology_hit"": 0.22632746740412804}"
deterministic_jitter_342,deterministic_weight_jitter_pm25pct,"Each non-docking evidence weight multiplied by a deterministic random factor in [0.75, 1.25], then renormalized.",27,0.9,0.8181818181818182,0.9365079365079364,"CDK6, CA2, HSP90AB1, PARP1, ACHE, HIF1A, KIT, CDK2, CDK4, SYK, TOP2A, TERT, APEX1, CHEK1, MPO, ARG1, SIGMAR1, PTGS2, PTPN11, CD38, HSP90AA1, CCNB1, GSK3B, TBXAS1, AURKB, G6PD, MDM4, AR, FLT3, CDK1","{""score_AA_direction_recovery"": 0.12727585709755063, ""score_CD34_expression"": 0.1386116940641247, ""score_CD34_marker_context"": 0.10510216768302974, ""score_GSE165870_bulk_support"": 0.035694370194510466, ""score_WGCNA_module_strength"": 0.17707482166585709, ""score_module_pathology_importance"": 0.14832586458135236, ""score_network_pharmacology_hit"": 0.26791522471357504}"
deterministic_jitter_343,deterministic_weight_jitter_pm25pct,"Each non-docking evidence weight multiplied by a deterministic random factor in [0.75, 1.25], then renormalized.",30,1.0,1.0,0.9795328142380423,"CDK6, CA2, HSP90AB1, PARP1, ACHE, HIF1A, KIT, CDK4, APEX1, CDK2, HSP90AA1, SYK, TOP2A, CHEK1, TERT, MPO, PTPN11, SIGMAR1, ARG1, PTGS2, CD38, CCNB1, MDM4, MIF, GSK3B, PRKDC, G6PD, TBXAS1, AURKB, PIK3CG","{""score_AA_direction_recovery"": 0.11181652434276966, ""score_CD34_expression"": 0.15692207819665122, ""score_CD34_marker_context"": 0.11634480410793314, ""score_GSE165870_bulk_support"": 0.04522034441473611, ""score_WGCNA_module_strength"": 0.20014012123020947, ""score_module_pathology_importance"": 0.14184511303820188, ""score_network_pharmacology_hit"": 0.22771101466949858}"
deterministic_jitter_344,deterministic_weight_jitter_pm25pct,"Each non-docking evidence weight multiplied by a deterministic random factor in [0.75, 1.25], then renormalized.",29,0.9666666666666667,0.9354838709677419,0.9620689655172412,"CDK6, CA2, HSP90AB1, PARP1, ACHE, CDK4, HIF1A, KIT, SYK, TOP2A, APEX1, CDK2, SIGMAR1, HSP90AA1, TERT, CD38, PTPN11, CHEK1, ARG1, PTGS2, GSK3B, MDM4, AURKB, CCNB1, PIK3CG, MIF, FLT3, MPO, TBXAS1, G6PD","{""score_AA_direction_recovery"": 0.12809936655078014, ""score_CD34_expression"": 0.14073159684958536, ""score_CD34_marker_context"": 0.09404288284780622, ""score_GSE165870_bulk_support"": 0.03715646476380111, ""score_WGCNA_module_strength"": 0.26483697315470656, ""score_module_pathology_importance"": 0.10757904248735446, ""score_network_pharmacology_hit"": 0.22755367334596616}"
deterministic_jitter_345,deterministic_weight_jitter_pm25pct,"Each non-docking evidence weight multiplied by a deterministic random factor in [0.75, 1.25], then renormalized.",30,1.0,1.0,0.9968854282536151,"CDK6, CA2, HSP90AB1, PARP1, ACHE, HIF1A, KIT, CDK4, CDK2, APEX1, SYK, TOP2A, HSP90AA1, CHEK1, TERT, PTPN11, SIGMAR1, PTGS2, ARG1, CD38, MDM4, MPO, GSK3B, PRKDC, CCNB1, G6PD, MIF, PIK3CG, TBXAS1, AURKB","{""score_AA_direction_recovery"": 0.09812448004879958, ""score_CD34_expression"": 0.14391185479151092, ""score_CD34_marker_context"": 0.12536109368143697, ""score_GSE165870_bulk_support"": 0.04610514528473134, ""score_WGCNA_module_strength"": 0.2284411004647129, ""score_module_pathology_importance"": 0.13861173062082918, ""score_network_pharmacology_hit"": 0.21944459510797912}"
deterministic_jitter_346,deterministic_weight_jitter_pm25pct,"Each non-docking evidence weight multiplied by a deterministic random factor in [0.75, 1.25], then renormalized.",30,1.0,1.0,0.9675194660734149,"CDK6, CA2, HSP90AB1, PARP1, ACHE, HIF1A, CDK4, KIT, TOP2A, APEX1, CDK2, HSP90AA1, SYK, SIGMAR1, TERT, PTPN11, CHEK1, CD38, ARG1, PTGS2, MPO, CCNB1, GSK3B, AURKB, MIF, MDM4, TBXAS1, G6PD, PRKDC, PIK3CG","{""score_AA_direction_recovery"": 0.10559079547199691, ""score_CD34_expression"": 0.1567028089133654, ""score_CD34_marker_context"": 0.08427874131021275, ""score_GSE165870_bulk_support"": 0.051353112618614326, ""score_WGCNA_module_strength"": 0.23169218045623172, ""score_module_pathology_importance"": 0.13656791812963365, ""score_network_pharmacology_hit"": 0.23381444309994526}"
deterministic_jitter_347,deterministic_weight_jitter_pm25pct,"Each non-docking evidence weight multiplied by a deterministic random factor in [0.75, 1.25], then renormalized.",29,0.9666666666666667,0.9354838709677419,0.9551724137931031,"CDK6, CA2, HSP90AB1, ACHE, PARP1, HIF1A, KIT, CDK4, TOP2A, SYK, CDK2, SIGMAR1, APEX1, TERT, HSP90AA1, PTPN11, CHEK1, CD38, ARG1, PTGS2, GSK3B, MDM4, AURKB, CCNB1, TBXAS1, PIK3CG, G6PD, FLT3, MPO, PRKDC","{""score_AA_direction_recovery"": 0.12215327123399378, ""score_CD34_expression"": 0.12672178919191107, ""score_CD34_marker_context"": 0.091960596273231, ""score_GSE165870_bulk_support"": 0.04770326331504031, ""score_WGCNA_module_strength"": 0.2602230129215385, ""score_module_pathology_importance"": 0.12338807860688907, ""score_network_pharmacology_hit"": 0.2278499884573962}"
deterministic_jitter_348,deterministic_weight_jitter_pm25pct,"Each non-docking evidence weight multiplied by a deterministic random factor in [0.75, 1.25], then renormalized.",30,1.0,1.0,0.9546162402669631,"CDK6, CA2, HSP90AB1, ACHE, PARP1, HIF1A, CDK4, KIT, APEX1, TOP2A, HSP90AA1, SYK, SIGMAR1, CDK2, TERT, PTPN11, CD38, CHEK1, ARG1, PTGS2, MIF, MDM4, GSK3B, AURKB, CCNB1, MPO, G6PD, TBXAS1, PIK3CG, PRKDC","{""score_AA_direction_recovery"": 0.0923029998360934, ""score_CD34_expression"": 0.15774502886766265, ""score_CD34_marker_context"": 0.08424973894117156, ""score_GSE165870_bulk_support"": 0.04698706644948508, ""score_WGCNA_module_strength"": 0.2768134736567049, ""score_module_pathology_importance"": 0.12062210556539939, ""score_network_pharmacology_hit"": 0.221279586683483}"
deterministic_jitter_349,deterministic_weight_jitter_pm25pct,"Each non-docking evidence weight multiplied by a deterministic random factor in [0.75, 1.25], then renormalized.",28,0.9333333333333333,0.875,0.9786535303776682,"CDK6, CA2, HSP90AB1, PARP1, ACHE, KIT, HIF1A, CDK4, APEX1, HSP90AA1, SYK, CDK2, TOP2A, CHEK1, SIGMAR1, PTPN11, TERT, CD38, MDM4, PTGS2, PRKDC, ARG1, GSK3B, MIF, MPO, G6PD, PIK3CG, PGD, HDAC1, CCNB1","{""score_AA_direction_recovery"": 0.11210221083904104, ""score_CD34_expression"": 0.14594756658599498, ""score_CD34_marker_context"": 0.12574414689658894, ""score_GSE165870_bulk_support"": 0.039004982695428715, ""score_WGCNA_module_strength"": 0.25048820208070244, ""score_module_pathology_importance"": 0.12298870294578994, ""score_network_pharmacology_hit"": 0.203724187956454}"
deterministic_jitter_350,deterministic_weight_jitter_pm25pct,"Each non-docking evidence weight multiplied by a deterministic random factor in [0.75, 1.25], then renormalized.",30,1.0,1.0,0.9951056729699665,"CDK6, CA2, HSP90AB1, PARP1, ACHE, HIF1A, KIT, CDK4, CDK2, APEX1, SYK, TOP2A, HSP90AA1, CHEK1, PTPN11, TERT, SIGMAR1, PTGS2, CD38, ARG1, MDM4, PRKDC, MPO, GSK3B, CCNB1, G6PD, TBXAS1, PIK3CG, MIF, AURKB","{""score_AA_direction_recovery"": 0.12544782405998745, ""score_CD34_expression"": 0.13357215085387852, ""score_CD34_marker_context"": 0.12311196178290833, ""score_GSE165870_bulk_support"": 0.039645274832853496, ""score_WGCNA_module_strength"": 0.22335236832734684, ""score_module_pathology_importance"": 0.13857678491828118, ""score_network_pharmacology_hit"": 0.21629363522474412}"
deterministic_jitter_351,deterministic_weight_jitter_pm25pct,"Each non-docking evidence weight multiplied by a deterministic random factor in [0.75, 1.25], then renormalized.",30,1.0,1.0,0.9746384872080088,"CDK6, CA2, HSP90AB1, PARP1, ACHE, HIF1A, CDK4, KIT, SYK, APEX1, HSP90AA1, CDK2, TOP2A, SIGMAR1, TERT, CHEK1, CD38, PTPN11, ARG1, MPO, PTGS2, GSK3B, CCNB1, MIF, MDM4, PRKDC, PIK3CG, AURKB, G6PD, TBXAS1","{""score_AA_direction_recovery"": 0.12062958419519094, ""score_CD34_expression"": 0.15418577325720717, ""score_CD34_marker_context"": 0.10952770331402151, ""score_GSE165870_bulk_support"": 0.04656655730059958, ""score_WGCNA_module_strength"": 0.21888488208555185, ""score_module_pathology_importance"": 0.11990287006070927, ""score_network_pharmacology_hit"": 0.23030262978671964}"
deterministic_jitter_352,deterministic_weight_jitter_pm25pct,"Each non-docking evidence weight multiplied by a deterministic random factor in [0.75, 1.25], then renormalized.",27,0.9,0.8181818181818182,0.9829059829059829,"CDK6, CA2, HSP90AB1, ACHE, PARP1, KIT, HIF1A, CDK4, CDK2, APEX1, TOP2A, HSP90AA1, CHEK1, SYK, PTPN11, SIGMAR1, PTGS2, MDM4, TERT, ARG1, CD38, PRKDC, TP53, HDAC1, G6PD, PGD, CCNB1, TBXAS1, GSK3B, AURKB","{""score_AA_direction_recovery"": 0.09021980764866036, ""score_CD34_expression"": 0.12732755064560788, ""score_CD34_marker_context"": 0.11077020102794963, ""score_GSE165870_bulk_support"": 0.05555100715370522, ""score_WGCNA_module_strength"": 0.2699685284675477, ""score_module_pathology_importance"": 0.155910371715146, ""score_network_pharmacology_hit"": 0.19025253334138317}"
deterministic_jitter_353,deterministic_weight_jitter_pm25pct,"Each non-docking evidence weight multiplied by a deterministic random factor in [0.75, 1.25], then renormalized.",28,0.9333333333333333,0.875,0.8752052545155994,"CDK6, CA2, HSP90AB1, PARP1, ACHE, HSP90AA1, CDK4, HIF1A, APEX1, KIT, SYK, MIF, TOP2A, CDK2, MPO, CHEK1, SIGMAR1, PTPN11, CD38, PRKDC, TERT, ARG1, PTGS2, MDM4, CCNB1, GSK3B, PGD, G6PD, HDAC1, PIK3CG","{""score_AA_direction_recovery"": 0.10511979494685268, ""score_CD34_expression"": 0.19567191201409206, ""score_CD34_marker_context"": 0.10961545760917508, ""score_GSE165870_bulk_support"": 0.054037918206613425, ""score_WGCNA_module_strength"": 0.20755375154320735, ""score_module_pathology_importance"": 0.12435457486220737, ""score_network_pharmacology_hit"": 0.20364659081785202}"
deterministic_jitter_354,deterministic_weight_jitter_pm25pct,"Each non-docking evidence weight multiplied by a deterministic random factor in [0.75, 1.25], then renormalized.",27,0.9,0.8181818181818182,0.976190476190476,"CDK6, CA2, HSP90AB1, PARP1, ACHE, KIT, HIF1A, CDK4, APEX1, HSP90AA1, CDK2, TOP2A, SYK, CHEK1, PTPN11, SIGMAR1, MDM4, TERT, PTGS2, PRKDC, CD38, ARG1, HDAC1, MIF, TP53, PGD, G6PD, GSK3B, CCNB1, PIK3CG","{""score_AA_direction_recovery"": 0.0871994609855026, ""score_CD34_expression"": 0.14151297878226732, ""score_CD34_marker_context"": 0.12068018488716033, ""score_GSE165870_bulk_support"": 0.041196222521394724, ""score_WGCNA_module_strength"": 0.27475035108192497, ""score_module_pathology_importance"": 0.14265741731358056, ""score_network_pharmacology_hit"": 0.19200338442816955}"
deterministic_jitter_355,deterministic_weight_jitter_pm25pct,"Each non-docking evidence weight multiplied by a deterministic random factor in [0.75, 1.25], then renormalized.",28,0.9333333333333333,0.875,0.9808429118773946,"CDK6, CA2, HSP90AB1, PARP1, ACHE, HIF1A, KIT, CDK4, APEX1, HSP90AA1, SYK, TOP2A, CDK2, SIGMAR1, CHEK1, PTPN11, TERT, CD38, PTGS2, MDM4, ARG1, PRKDC, MIF, GSK3B, MPO, HDAC1, G6PD, PGD, CCNB1, PIK3CG","{""score_AA_direction_recovery"": 0.09378224317339061, ""score_CD34_expression"": 0.1529675619357275, ""score_CD34_marker_context"": 0.11101303301422163, ""score_GSE165870_bulk_support"": 0.05161022530397754, ""score_WGCNA_module_strength"": 0.25661820787642853, ""score_module_pathology_importance"": 0.1337911327107742, ""score_network_pharmacology_hit"": 0.20021759598548006}"
deterministic_jitter_356,deterministic_weight_jitter_pm25pct,"Each non-docking evidence weight multiplied by a deterministic random factor in [0.75, 1.25], then renormalized.",29,0.9666666666666667,0.9354838709677419,0.9783251231527093,"CDK6, CA2, HSP90AB1, PARP1, ACHE, HIF1A, KIT, CDK4, APEX1, HSP90AA1, SYK, CDK2, TOP2A, SIGMAR1, TERT, PTPN11, CHEK1, CD38, MDM4, PTGS2, ARG1, MIF, GSK3B, PRKDC, MPO, G6PD, CCNB1, AURKB, PIK3CG, PGD","{""score_AA_direction_recovery"": 0.10049205244963597, ""score_CD34_expression"": 0.15213326718629006, ""score_CD34_marker_context"": 0.11178527515293617, ""score_GSE165870_bulk_support"": 0.03785973140875745, ""score_WGCNA_module_strength"": 0.26136770544753296, ""score_module_pathology_importance"": 0.12482580614701871, ""score_network_pharmacology_hit"": 0.21153616220782873}"
deterministic_jitter_357,deterministic_weight_jitter_pm25pct,"Each non-docking evidence weight multiplied by a deterministic random factor in [0.75, 1.25], then renormalized.",29,0.9666666666666667,0.9354838709677419,0.9901477832512312,"CDK6, CA2, HSP90AB1, PARP1, ACHE, HIF1A, KIT, CDK4, CDK2, APEX1, TOP2A, HSP90AA1, SYK, CHEK1, SIGMAR1, PTPN11, TERT, PTGS2, ARG1, MDM4, CD38, PRKDC, CCNB1, GSK3B, G6PD, MPO, AURKB, TBXAS1, MIF, PGD","{""score_AA_direction_recovery"": 0.1113294562435141, ""score_CD34_expression"": 0.1354764421677856, ""score_CD34_marker_context"": 0.105343033662698, ""score_GSE165870_bulk_support"": 0.04383339965896713, ""score_WGCNA_module_strength"": 0.24942142588686994, ""score_module_pathology_importance"": 0.14619383472133984, ""score_network_pharmacology_hit"": 0.20840240765882534}"
deterministic_jitter_358,deterministic_weight_jitter_pm25pct,"Each non-docking evidence weight multiplied by a deterministic random factor in [0.75, 1.25], then renormalized.",29,0.9666666666666667,0.9354838709677419,0.989655172413793,"CDK6, CA2, HSP90AB1, PARP1, ACHE, HIF1A, KIT, CDK4, APEX1, CDK2, HSP90AA1, TOP2A, SYK, CHEK1, PTPN11, TERT, SIGMAR1, PTGS2, ARG1, MDM4, CD38, PRKDC, MPO, MIF, CCNB1, G6PD, GSK3B, HDAC1, AURKB, TBXAS1","{""score_AA_direction_recovery"": 0.08587059719450157, ""score_CD34_expression"": 0.14978661409157287, ""score_CD34_marker_context"": 0.11402595789059052, ""score_GSE165870_bulk_support"": 0.048402221729950456, ""score_WGCNA_module_strength"": 0.24400869714539264, ""score_module_pathology_importance"": 0.14813072757654216, ""score_network_pharmacology_hit"": 0.20977518437144968}"
deterministic_jitter_359,deterministic_weight_jitter_pm25pct,"Each non-docking evidence weight multiplied by a deterministic random factor in [0.75, 1.25], then renormalized.",28,0.9333333333333333,0.875,0.9053092501368363,"CDK6, CA2, HSP90AB1, PARP1, ACHE, HIF1A, KIT, CDK2, SYK, CDK4, TERT, TOP2A, CHEK1, SIGMAR1, APEX1, GSK3B, ARG1, CD38, PTGS2, PTPN11, PIK3CG, MPO, CCNB1, FLT3, HSP90AA1, TBXAS1, IGF1R, AURKB, MDM4, G6PD","{""score_AA_direction_recovery"": 0.1345355996594372, ""score_CD34_expression"": 0.10758802629567327, ""score_CD34_marker_context"": 0.13597367448606001, ""score_GSE165870_bulk_support"": 0.036643267371676565, ""score_WGCNA_module_strength"": 0.20133389787403133, ""score_module_pathology_importance"": 0.11433274450955794, ""score_network_pharmacology_hit"": 0.26959278980356377}"
deterministic_jitter_360,deterministic_weight_jitter_pm25pct,"Each non-docking evidence weight multiplied by a deterministic random factor in [0.75, 1.25], then renormalized.",27,0.9,0.8181818181818182,0.9902319902319903,"CDK6, CA2, HSP90AB1, PARP1, ACHE, KIT, HIF1A, CDK4, CDK2, APEX1, SYK, TOP2A, HSP90AA1, CHEK1, SIGMAR1, PTPN11, TERT, MDM4, PTGS2, CD38, ARG1, PRKDC, TP53, GSK3B, HDAC1, PGD, PIK3CG, G6PD, CCNB1, AURKB","{""score_AA_direction_recovery"": 0.13754519468731202, ""score_CD34_expression"": 0.11661006764059888, ""score_CD34_marker_context"": 0.11809297766585337, ""score_GSE165870_bulk_support"": 0.04537686099737014, ""score_WGCNA_module_strength"": 0.26185044525336965, ""score_module_pathology_importance"": 0.1280171366719722, ""score_network_pharmacology_hit"": 0.1925073170835238}"
deterministic_jitter_361,deterministic_weight_jitter_pm25pct,"Each non-docking evidence weight multiplied by a deterministic random factor in [0.75, 1.25], then renormalized.",27,0.9,0.8181818181818182,0.9474969474969475,"CDK6, CA2, HSP90AB1, PARP1, ACHE, KIT, HIF1A, HSP90AA1, CDK4, APEX1, CDK2, TOP2A, CHEK1, PTPN11, SYK, PRKDC, MDM4, SIGMAR1, PTGS2, TERT, ARG1, CD38, MIF, PGD, MPO, TP53, CCNB1, G6PD, HDAC1, TBXAS1","{""score_AA_direction_recovery"": 0.12598163896570985, ""score_CD34_expression"": 0.1450477232673473, ""score_CD34_marker_context"": 0.09969617838438376, ""score_GSE165870_bulk_support"": 0.03627794017555107, ""score_WGCNA_module_strength"": 0.23975511020832932, ""score_module_pathology_importance"": 0.16954234038876217, ""score_network_pharmacology_hit"": 0.18369906860991658}"
deterministic_jitter_362,deterministic_weight_jitter_pm25pct,"Each non-docking evidence weight multiplied by a deterministic random factor in [0.75, 1.25], then renormalized.",28,0.9333333333333333,0.875,0.9490968801313627,"CDK6, CA2, HSP90AB1, PARP1, ACHE, HIF1A, KIT, HSP90AA1, CDK4, APEX1, SYK, CDK2, TOP2A, CHEK1, PTPN11, SIGMAR1, MIF, TERT, MPO, CD38, PTGS2, ARG1, PRKDC, MDM4, CCNB1, GSK3B, G6PD, HDAC1, PGD, PIK3CG","{""score_AA_direction_recovery"": 0.08712109751495606, ""score_CD34_expression"": 0.17424927179008026, ""score_CD34_marker_context"": 0.11798168083644464, ""score_GSE165870_bulk_support"": 0.05375850056425471, ""score_WGCNA_module_strength"": 0.2233041146872689, ""score_module_pathology_importance"": 0.13702604791861364, ""score_network_pharmacology_hit"": 0.20655928668838172}"
deterministic_jitter_363,deterministic_weight_jitter_pm25pct,"Each non-docking evidence weight multiplied by a deterministic random factor in [0.75, 1.25], then renormalized.",27,0.9,0.8181818181818182,0.9249084249084248,"CDK6, CA2, HSP90AB1, PARP1, ACHE, KIT, HIF1A, CDK4, CHEK1, CDK2, APEX1, HSP90AA1, PRKDC, TOP2A, SYK, PTPN11, PTGS2, MDM4, ARG1, TP53, CD38, TERT, SIGMAR1, HDAC1, CCNB1, G6PD, MPO, PGD, TBXAS1, PIK3CG","{""score_AA_direction_recovery"": 0.14593791918096646, ""score_CD34_expression"": 0.1155953493603719, ""score_CD34_marker_context"": 0.13347671691398408, ""score_GSE165870_bulk_support"": 0.05672345331441214, ""score_WGCNA_module_strength"": 0.20220732722174234, ""score_module_pathology_importance"": 0.1647242870912539, ""score_network_pharmacology_hit"": 0.1813349469172692}"
deterministic_jitter_364,deterministic_weight_jitter_pm25pct,"Each non-docking evidence weight multiplied by a deterministic random factor in [0.75, 1.25], then renormalized.",29,0.9666666666666667,0.9354838709677419,0.9822660098522165,"CDK6, CA2, HSP90AB1, PARP1, ACHE, HIF1A, KIT, CDK4, SYK, CDK2, TOP2A, APEX1, HSP90AA1, SIGMAR1, TERT, CHEK1, CD38, ARG1, PTPN11, PTGS2, GSK3B, MPO, CCNB1, MDM4, PRKDC, TBXAS1, AURKB, PIK3CG, G6PD, FLT3","{""score_AA_direction_recovery"": 0.14051885547720988, ""score_CD34_expression"": 0.13357270802263216, ""score_CD34_marker_context"": 0.10098729866315938, ""score_GSE165870_bulk_support"": 0.05197985774157418, ""score_WGCNA_module_strength"": 0.2217602789838996, ""score_module_pathology_importance"": 0.1265861892113426, ""score_network_pharmacology_hit"": 0.22459481190018224}"
deterministic_jitter_365,deterministic_weight_jitter_pm25pct,"Each non-docking evidence weight multiplied by a deterministic random factor in [0.75, 1.25], then renormalized.",27,0.9,0.8181818181818182,0.9517704517704517,"CDK6, CA2, HSP90AB1, PARP1, ACHE, KIT, HIF1A, CDK4, HSP90AA1, APEX1, CDK2, TOP2A, SYK, CHEK1, PTPN11, MDM4, SIGMAR1, PRKDC, PTGS2, TERT, CD38, MIF, ARG1, MPO, PGD, TP53, HDAC1, G6PD, CCNB1, GSK3B","{""score_AA_direction_recovery"": 0.11910704287865616, ""score_CD34_expression"": 0.14771081013684662, ""score_CD34_marker_context"": 0.12038465757128496, ""score_GSE165870_bulk_support"": 0.03378162246369409, ""score_WGCNA_module_strength"": 0.24109285413190515, ""score_module_pathology_importance"": 0.14778816713650095, ""score_network_pharmacology_hit"": 0.19013484568111205}"
deterministic_jitter_366,deterministic_weight_jitter_pm25pct,"Each non-docking evidence weight multiplied by a deterministic random factor in [0.75, 1.25], then renormalized.",28,0.9333333333333333,0.875,0.9764641488779421,"CDK6, CA2, HSP90AB1, PARP1, ACHE, HIF1A, KIT, HSP90AA1, CDK4, APEX1, TOP2A, CDK2, SYK, SIGMAR1, PTPN11, CHEK1, TERT, PTGS2, CD38, ARG1, MDM4, MIF, PRKDC, CCNB1, MPO, AURKB, G6PD, PGD, TBXAS1, HDAC1","{""score_AA_direction_recovery"": 0.09546300597825486, ""score_CD34_expression"": 0.1569906765941562, ""score_CD34_marker_context"": 0.08120015211371025, ""score_GSE165870_bulk_support"": 0.048075313881527595, ""score_WGCNA_module_strength"": 0.26283497741497064, ""score_module_pathology_importance"": 0.15300150266325627, ""score_network_pharmacology_hit"": 0.20243437135412418}"
deterministic_jitter_367,deterministic_weight_jitter_pm25pct,"Each non-docking evidence weight multiplied by a deterministic random factor in [0.75, 1.25], then renormalized.",29,0.9666666666666667,0.9354838709677419,0.9812807881773397,"CDK6, CA2, HSP90AB1, PARP1, ACHE, HIF1A, KIT, CDK4, APEX1, HSP90AA1, TOP2A, CDK2, SYK, SIGMAR1, CHEK1, PTPN11, TERT, PTGS2, CD38, ARG1, MDM4, PRKDC, CCNB1, MPO, G6PD, AURKB, TBXAS1, MIF, GSK3B, PGD","{""score_AA_direction_recovery"": 0.1321770169017572, ""score_CD34_expression"": 0.13580236600357162, ""score_CD34_marker_context"": 0.09311084255737638, ""score_GSE165870_bulk_support"": 0.04629540358511085, ""score_WGCNA_module_strength"": 0.24351606306196888, ""score_module_pathology_importance"": 0.1454654809447079, ""score_network_pharmacology_hit"": 0.20363282694550722}"
deterministic_jitter_368,deterministic_weight_jitter_pm25pct,"Each non-docking evidence weight multiplied by a deterministic random factor in [0.75, 1.25], then renormalized.",27,0.9,0.8181818181818182,0.8711843711843712,"CDK6, CA2, HSP90AB1, PARP1, ACHE, HSP90AA1, KIT, HIF1A, APEX1, CDK4, SYK, CDK2, CHEK1, MIF, TOP2A, PRKDC, PTPN11, MDM4, SIGMAR1, MPO, HDAC1, PTGS2, CD38, PGD, TERT, TP53, ARG1, G6PD, CCNB1, GSK3B","{""score_AA_direction_recovery"": 0.08755899158297066, ""score_CD34_expression"": 0.17705003279754336, ""score_CD34_marker_context"": 0.1292996495874718, ""score_GSE165870_bulk_support"": 0.05223216235657446, ""score_WGCNA_module_strength"": 0.2354271219450288, ""score_module_pathology_importance"": 0.14285692008930573, ""score_network_pharmacology_hit"": 0.1755751216411052}"
deterministic_jitter_369,deterministic_weight_jitter_pm25pct,"Each non-docking evidence weight multiplied by a deterministic random factor in [0.75, 1.25], then renormalized.",28,0.9333333333333333,0.875,0.9813902572523261,"CDK6, CA2, HSP90AB1, PARP1, ACHE, HIF1A, KIT, CDK4, CDK2, APEX1, HSP90AA1, CHEK1, SYK, TOP2A, PTPN11, PTGS2, ARG1, TERT, SIGMAR1, PRKDC, MDM4, CD38, MPO, CCNB1, G6PD, GSK3B, TP53, MIF, TBXAS1, HDAC1","{""score_AA_direction_recovery"": 0.13341657590932224, ""score_CD34_expression"": 0.13425568518956713, ""score_CD34_marker_context"": 0.12252216345854525, ""score_GSE165870_bulk_support"": 0.05240023076352766, ""score_WGCNA_module_strength"": 0.20465665070411865, ""score_module_pathology_importance"": 0.14890663769347975, ""score_network_pharmacology_hit"": 0.2038420562814394}"
deterministic_jitter_370,deterministic_weight_jitter_pm25pct,"Each non-docking evidence weight multiplied by a deterministic random factor in [0.75, 1.25], then renormalized.",28,0.9333333333333333,0.875,0.9677066228790366,"CDK6, CA2, HSP90AB1, PARP1, ACHE, KIT, HIF1A, CDK4, HSP90AA1, APEX1, SYK, CDK2, TOP2A, CHEK1, SIGMAR1, PTPN11, CD38, PRKDC, TERT, MDM4, PTGS2, ARG1, MIF, MPO, GSK3B, CCNB1, PGD, PIK3CG, G6PD, HDAC1","{""score_AA_direction_recovery"": 0.137366610747513, ""score_CD34_expression"": 0.14859211064794192, ""score_CD34_marker_context"": 0.12453733771182902, ""score_GSE165870_bulk_support"": 0.04750918584365718, ""score_WGCNA_module_strength"": 0.22363001896752185, ""score_module_pathology_importance"": 0.12179220065322177, ""score_network_pharmacology_hit"": 0.19657253542831524}"
deterministic_jitter_371,deterministic_weight_jitter_pm25pct,"Each non-docking evidence weight multiplied by a deterministic random factor in [0.75, 1.25], then renormalized.",28,0.9333333333333333,0.875,0.9058565955117679,"CDK6, CA2, HSP90AB1, PARP1, ACHE, HIF1A, KIT, CDK2, CHEK1, TERT, SYK, CDK4, ARG1, TOP2A, PTGS2, APEX1, MPO, PTPN11, CD38, CCNB1, SIGMAR1, HSP90AA1, GSK3B, TBXAS1, MDM4, G6PD, AR, AURKB, CDK1, PIK3CG","{""score_AA_direction_recovery"": 0.08827455433641762, ""score_CD34_expression"": 0.1306876527936764, ""score_CD34_marker_context"": 0.12463756350414945, ""score_GSE165870_bulk_support"": 0.05818533930862622, ""score_WGCNA_module_strength"": 0.1778963688363297, ""score_module_pathology_importance"": 0.1693770566782783, ""score_network_pharmacology_hit"": 0.2509414645425223}"
deterministic_jitter_372,deterministic_weight_jitter_pm25pct,"Each non-docking evidence weight multiplied by a deterministic random factor in [0.75, 1.25], then renormalized.",28,0.9333333333333333,0.875,0.9507389162561576,"CDK6, CA2, HSP90AB1, PARP1, ACHE, HIF1A, KIT, HSP90AA1, CDK4, APEX1, TOP2A, CDK2, SYK, CHEK1, PTPN11, SIGMAR1, PTGS2, PRKDC, MPO, MIF, CD38, TERT, ARG1, MDM4, CCNB1, PGD, G6PD, TBXAS1, HDAC1, AURKB","{""score_AA_direction_recovery"": 0.11624193711913897, ""score_CD34_expression"": 0.16225943728732273, ""score_CD34_marker_context"": 0.09448640655109271, ""score_GSE165870_bulk_support"": 0.05334060419181217, ""score_WGCNA_module_strength"": 0.22348591299036116, ""score_module_pathology_importance"": 0.15222276526752815, ""score_network_pharmacology_hit"": 0.19796293659274405}"
deterministic_jitter_373,deterministic_weight_jitter_pm25pct,"Each non-docking evidence weight multiplied by a deterministic random factor in [0.75, 1.25], then renormalized.",29,0.9666666666666667,0.9354838709677419,0.9763546798029553,"CDK6, CA2, HSP90AB1, PARP1, ACHE, HIF1A, KIT, CDK2, CDK4, SYK, TOP2A, APEX1, TERT, CHEK1, PTPN11, SIGMAR1, PTGS2, ARG1, HSP90AA1, CD38, MDM4, GSK3B, MPO, CCNB1, G6PD, AURKB, TBXAS1, PRKDC, PIK3CG, CDK1","{""score_AA_direction_recovery"": 0.09560043249387142, ""score_CD34_expression"": 0.13023315938822316, ""score_CD34_marker_context"": 0.1186185939327437, ""score_GSE165870_bulk_support"": 0.03456494746652003, ""score_WGCNA_module_strength"": 0.22861564105891666, ""score_module_pathology_importance"": 0.15318437383821104, ""score_network_pharmacology_hit"": 0.23918285182151408}"
deterministic_jitter_374,deterministic_weight_jitter_pm25pct,"Each non-docking evidence weight multiplied by a deterministic random factor in [0.75, 1.25], then renormalized.",27,0.9,0.8181818181818182,0.9572649572649573,"CDK6, CA2, HSP90AB1, PARP1, ACHE, HIF1A, KIT, CDK2, SYK, CDK4, TERT, APEX1, TOP2A, CHEK1, MPO, ARG1, HSP90AA1, SIGMAR1, CD38, PTGS2, PTPN11, GSK3B, CCNB1, TBXAS1, PIK3CG, G6PD, FLT3, AURKB, IGF1R, CDK1","{""score_AA_direction_recovery"": 0.09351284845506032, ""score_CD34_expression"": 0.1513756559509147, ""score_CD34_marker_context"": 0.12191617123823065, ""score_GSE165870_bulk_support"": 0.05397592992709566, ""score_WGCNA_module_strength"": 0.18187555229474708, ""score_module_pathology_importance"": 0.13326245228671005, ""score_network_pharmacology_hit"": 0.26408138984724144}"
deterministic_jitter_375,deterministic_weight_jitter_pm25pct,"Each non-docking evidence weight multiplied by a deterministic random factor in [0.75, 1.25], then renormalized.",28,0.9333333333333333,0.875,0.9326765188834154,"CDK6, CA2, HSP90AB1, ACHE, PARP1, HIF1A, CDK4, SYK, TOP2A, KIT, SIGMAR1, CDK2, APEX1, TERT, HSP90AA1, CD38, ARG1, PTPN11, GSK3B, CHEK1, PTGS2, AURKB, CCNB1, MPO, PIK3CG, FLT3, TBXAS1, IGF1R, G6PD, MDM4","{""score_AA_direction_recovery"": 0.12710608778907218, ""score_CD34_expression"": 0.14185841910113633, ""score_CD34_marker_context"": 0.0802085660966931, ""score_GSE165870_bulk_support"": 0.050797663323088646, ""score_WGCNA_module_strength"": 0.2497960548818573, ""score_module_pathology_importance"": 0.10074925653613075, ""score_network_pharmacology_hit"": 0.2494839522720217}"
deterministic_jitter_376,deterministic_weight_jitter_pm25pct,"Each non-docking evidence weight multiplied by a deterministic random factor in [0.75, 1.25], then renormalized.",29,0.9666666666666667,0.9354838709677419,0.9492610837438422,"CDK6, CA2, HSP90AB1, PARP1, ACHE, HIF1A, KIT, CDK2, CDK4, SYK, TOP2A, TERT, APEX1, CHEK1, ARG1, PTGS2, SIGMAR1, MPO, HSP90AA1, PTPN11, CD38, CCNB1, GSK3B, TBXAS1, AURKB, MDM4, G6PD, FLT3, PIK3CG, PRKDC","{""score_AA_direction_recovery"": 0.118031896123477, ""score_CD34_expression"": 0.13739912943654503, ""score_CD34_marker_context"": 0.10267776524247549, ""score_GSE165870_bulk_support"": 0.046880266447236786, ""score_WGCNA_module_strength"": 0.19137062088920476, ""score_module_pathology_importance"": 0.15084408371872404, ""score_network_pharmacology_hit"": 0.25279623814233687}"
deterministic_jitter_377,deterministic_weight_jitter_pm25pct,"Each non-docking evidence weight multiplied by a deterministic random factor in [0.75, 1.25], then renormalized.",29,0.9666666666666667,0.9354838709677419,0.9546798029556648,"CDK6, CA2, HSP90AB1, ACHE, PARP1, HIF1A, KIT, TOP2A, CDK4, CDK2, SYK, SIGMAR1, TERT, APEX1, HSP90AA1, PTPN11, CHEK1, PTGS2, ARG1, CD38, GSK3B, MDM4, AURKB, CCNB1, TBXAS1, G6PD, PIK3CG, FLT3, MPO, PRKDC","{""score_AA_direction_recovery"": 0.10730465402639285, ""score_CD34_expression"": 0.12428336047836674, ""score_CD34_marker_context"": 0.0881267956000717, ""score_GSE165870_bulk_support"": 0.044326642180343365, ""score_WGCNA_module_strength"": 0.27091112791852523, ""score_module_pathology_importance"": 0.1314117355656304, ""score_network_pharmacology_hit"": 0.23363568423066963}"
deterministic_jitter_378,deterministic_weight_jitter_pm25pct,"Each non-docking evidence weight multiplied by a deterministic random factor in [0.75, 1.25], then renormalized.",28,0.9333333333333333,0.875,0.9441707717569787,"CDK6, CA2, HSP90AB1, PARP1, ACHE, HIF1A, KIT, CDK2, CDK4, SYK, CHEK1, TERT, TOP2A, APEX1, ARG1, PTGS2, PTPN11, CD38, SIGMAR1, MPO, HSP90AA1, GSK3B, CCNB1, MDM4, TBXAS1, PIK3CG, G6PD, FLT3, PRKDC, IGF1R","{""score_AA_direction_recovery"": 0.13402986921130616, ""score_CD34_expression"": 0.12195054095756429, ""score_CD34_marker_context"": 0.12952667360006165, ""score_GSE165870_bulk_support"": 0.049462072123907824, ""score_WGCNA_module_strength"": 0.17816968817014095, ""score_module_pathology_importance"": 0.13915402241923763, ""score_network_pharmacology_hit"": 0.24770713351778154}"
deterministic_jitter_379,deterministic_weight_jitter_pm25pct,"Each non-docking evidence weight multiplied by a deterministic random factor in [0.75, 1.25], then renormalized.",27,0.9,0.8181818181818182,0.945054945054945,"CDK6, CA2, HSP90AB1, PARP1, ACHE, KIT, HIF1A, CDK2, CDK4, CHEK1, TOP2A, APEX1, PTPN11, SYK, PTGS2, MDM4, HSP90AA1, TERT, ARG1, SIGMAR1, PRKDC, CD38, TP53, G6PD, CCNB1, HDAC1, TBXAS1, GSK3B, PGD, MPO","{""score_AA_direction_recovery"": 0.12271415444626739, ""score_CD34_expression"": 0.10980003478401765, ""score_CD34_marker_context"": 0.1251051106360419, ""score_GSE165870_bulk_support"": 0.03677581537053823, ""score_WGCNA_module_strength"": 0.23652482823360427, ""score_module_pathology_importance"": 0.16993089341734594, ""score_network_pharmacology_hit"": 0.19914916311218459}"
deterministic_jitter_380,deterministic_weight_jitter_pm25pct,"Each non-docking evidence weight multiplied by a deterministic random factor in [0.75, 1.25], then renormalized.",27,0.9,0.8181818181818182,0.8858363858363858,"CDK6, CA2, HSP90AB1, PARP1, ACHE, HIF1A, KIT, CDK2, TERT, TOP2A, SYK, CDK4, ARG1, PTGS2, CHEK1, SIGMAR1, APEX1, MPO, PTPN11, CD38, CCNB1, GSK3B, TBXAS1, HSP90AA1, AURKB, G6PD, CDK1, IGF1R, AR, MDM4","{""score_AA_direction_recovery"": 0.11079631800387856, ""score_CD34_expression"": 0.12590276375607976, ""score_CD34_marker_context"": 0.09289479665795429, ""score_GSE165870_bulk_support"": 0.05331882957359759, ""score_WGCNA_module_strength"": 0.1864847789971551, ""score_module_pathology_importance"": 0.1585899343787355, ""score_network_pharmacology_hit"": 0.2720125786325992}"
deterministic_jitter_381,deterministic_weight_jitter_pm25pct,"Each non-docking evidence weight multiplied by a deterministic random factor in [0.75, 1.25], then renormalized.",28,0.9333333333333333,0.875,0.9644225506294472,"CDK6, CA2, HSP90AB1, PARP1, ACHE, CDK4, KIT, HIF1A, HSP90AA1, APEX1, SYK, TOP2A, CDK2, SIGMAR1, PTPN11, CHEK1, TERT, CD38, MDM4, PTGS2, MIF, PRKDC, ARG1, GSK3B, PGD, MPO, CCNB1, PIK3CG, G6PD, HDAC1","{""score_AA_direction_recovery"": 0.12053538896693965, ""score_CD34_expression"": 0.15211806489866037, ""score_CD34_marker_context"": 0.10545122520272411, ""score_GSE165870_bulk_support"": 0.044327171866564714, ""score_WGCNA_module_strength"": 0.2621837794140818, ""score_module_pathology_importance"": 0.1162714171188584, ""score_network_pharmacology_hit"": 0.199112952532171}"
deterministic_jitter_382,deterministic_weight_jitter_pm25pct,"Each non-docking evidence weight multiplied by a deterministic random factor in [0.75, 1.25], then renormalized.",28,0.9333333333333333,0.875,0.9879584017515052,"CDK6, CA2, HSP90AB1, ACHE, PARP1, KIT, HIF1A, CDK4, CDK2, APEX1, SYK, TOP2A, HSP90AA1, SIGMAR1, TERT, CHEK1, PTPN11, PTGS2, MDM4, CD38, ARG1, GSK3B, PRKDC, G6PD, PIK3CG, AURKB, CCNB1, HDAC1, TP53, MIF","{""score_AA_direction_recovery"": 0.0966166976536607, ""score_CD34_expression"": 0.13174517535322844, ""score_CD34_marker_context"": 0.11552545226090816, ""score_GSE165870_bulk_support"": 0.04235709922349033, ""score_WGCNA_module_strength"": 0.2716709503663818, ""score_module_pathology_importance"": 0.132188099356933, ""score_network_pharmacology_hit"": 0.2098965257853976}"
deterministic_jitter_383,deterministic_weight_jitter_pm25pct,"Each non-docking evidence weight multiplied by a deterministic random factor in [0.75, 1.25], then renormalized.",27,0.9,0.8181818181818182,0.9365079365079364,"CDK6, CA2, HSP90AB1, PARP1, ACHE, KIT, HIF1A, HSP90AA1, CDK4, APEX1, TOP2A, SYK, CDK2, CHEK1, PTPN11, MDM4, SIGMAR1, PRKDC, MIF, HDAC1, PTGS2, PGD, TERT, CD38, TP53, ARG1, G6PD, GSK3B, PIK3CG, CCNB1","{""score_AA_direction_recovery"": 0.1038418763082569, ""score_CD34_expression"": 0.14911830544640062, ""score_CD34_marker_context"": 0.11980689907774371, ""score_GSE165870_bulk_support"": 0.04821378744426553, ""score_WGCNA_module_strength"": 0.2749518940361966, ""score_module_pathology_importance"": 0.13597046732281912, ""score_network_pharmacology_hit"": 0.16809677036431758}"
deterministic_jitter_384,deterministic_weight_jitter_pm25pct,"Each non-docking evidence weight multiplied by a deterministic random factor in [0.75, 1.25], then renormalized.",29,0.9666666666666667,0.9354838709677419,0.9763546798029553,"CDK6, CA2, HSP90AB1, PARP1, ACHE, HIF1A, KIT, CDK2, CDK4, SYK, CHEK1, APEX1, TOP2A, TERT, PTPN11, ARG1, PTGS2, HSP90AA1, SIGMAR1, MPO, CD38, GSK3B, MDM4, CCNB1, PRKDC, G6PD, TBXAS1, PIK3CG, AURKB, FLT3","{""score_AA_direction_recovery"": 0.12036395641266182, ""score_CD34_expression"": 0.12832806824157167, ""score_CD34_marker_context"": 0.1330193112381999, ""score_GSE165870_bulk_support"": 0.04387298265495255, ""score_WGCNA_module_strength"": 0.19074911118424645, ""score_module_pathology_importance"": 0.14679949173763818, ""score_network_pharmacology_hit"": 0.23686707853072944}"
deterministic_jitter_385,deterministic_weight_jitter_pm25pct,"Each non-docking evidence weight multiplied by a deterministic random factor in [0.75, 1.25], then renormalized.",30,1.0,1.0,0.9804226918798665,"CDK6, CA2, HSP90AB1, PARP1, ACHE, HIF1A, KIT, CDK4, APEX1, HSP90AA1, SYK, CDK2, TOP2A, SIGMAR1, TERT, CHEK1, PTPN11, CD38, MPO, PTGS2, ARG1, MIF, MDM4, GSK3B, CCNB1, PRKDC, G6PD, AURKB, TBXAS1, PIK3CG","{""score_AA_direction_recovery"": 0.09463929871898442, ""score_CD34_expression"": 0.1642857666045224, ""score_CD34_marker_context"": 0.10431132734775901, ""score_GSE165870_bulk_support"": 0.045823957311335775, ""score_WGCNA_module_strength"": 0.2294527572734619, ""score_module_pathology_importance"": 0.1357402603073696, ""score_network_pharmacology_hit"": 0.22574663243656679}"
deterministic_jitter_386,deterministic_weight_jitter_pm25pct,"Each non-docking evidence weight multiplied by a deterministic random factor in [0.75, 1.25], then renormalized.",27,0.9,0.8181818181818182,0.9658119658119657,"CDK6, CA2, HSP90AB1, PARP1, ACHE, KIT, HIF1A, CDK4, APEX1, HSP90AA1, CDK2, TOP2A, SYK, CHEK1, PTPN11, SIGMAR1, MDM4, TERT, PTGS2, PRKDC, CD38, ARG1, MIF, PGD, TP53, HDAC1, G6PD, GSK3B, CCNB1, MPO","{""score_AA_direction_recovery"": 0.11306789374809062, ""score_CD34_expression"": 0.1388162570645357, ""score_CD34_marker_context"": 0.11534584685409395, ""score_GSE165870_bulk_support"": 0.0408843983442157, ""score_WGCNA_module_strength"": 0.2581402678249381, ""score_module_pathology_importance"": 0.14159906962760224, ""score_network_pharmacology_hit"": 0.19214626653652359}"
deterministic_jitter_387,deterministic_weight_jitter_pm25pct,"Each non-docking evidence weight multiplied by a deterministic random factor in [0.75, 1.25], then renormalized.",28,0.9333333333333333,0.875,0.9633278598795839,"CDK6, CA2, HSP90AB1, ACHE, PARP1, KIT, HIF1A, CDK2, TOP2A, CDK4, SYK, SIGMAR1, APEX1, TERT, CHEK1, PTPN11, PTGS2, ARG1, HSP90AA1, MDM4, CD38, AURKB, GSK3B, CCNB1, TBXAS1, G6PD, PRKDC, PIK3CG, TP53, PIK3CA","{""score_AA_direction_recovery"": 0.11900988882083774, ""score_CD34_expression"": 0.10880048597610728, ""score_CD34_marker_context"": 0.09530609530872304, ""score_GSE165870_bulk_support"": 0.03611000137044439, ""score_WGCNA_module_strength"": 0.2714231295772786, ""score_module_pathology_importance"": 0.1495362943436456, ""score_network_pharmacology_hit"": 0.21981410460296336}"
deterministic_jitter_388,deterministic_weight_jitter_pm25pct,"Each non-docking evidence weight multiplied by a deterministic random factor in [0.75, 1.25], then renormalized.",28,0.9333333333333333,0.875,0.922824302134647,"CDK6, CA2, HSP90AB1, PARP1, ACHE, HSP90AA1, CDK4, HIF1A, KIT, APEX1, SYK, TOP2A, CDK2, SIGMAR1, PTPN11, MIF, CD38, CHEK1, TERT, PRKDC, MDM4, PTGS2, ARG1, MPO, PGD, GSK3B, HDAC1, CCNB1, G6PD, PIK3CG","{""score_AA_direction_recovery"": 0.12464244032857523, ""score_CD34_expression"": 0.16623057256964818, ""score_CD34_marker_context"": 0.09762717146445472, ""score_GSE165870_bulk_support"": 0.05496201553874032, ""score_WGCNA_module_strength"": 0.2501453302159031, ""score_module_pathology_importance"": 0.11514319213614932, ""score_network_pharmacology_hit"": 0.19124927774652914}"
deterministic_jitter_389,deterministic_weight_jitter_pm25pct,"Each non-docking evidence weight multiplied by a deterministic random factor in [0.75, 1.25], then renormalized.",30,1.0,1.0,0.9813125695216908,"CDK6, CA2, HSP90AB1, PARP1, ACHE, HIF1A, KIT, CDK2, CDK4, TOP2A, SYK, APEX1, TERT, SIGMAR1, CHEK1, HSP90AA1, PTPN11, PTGS2, ARG1, CD38, MDM4, MPO, GSK3B, CCNB1, AURKB, G6PD, TBXAS1, PRKDC, PIK3CG, MIF","{""score_AA_direction_recovery"": 0.10129228986451519, ""score_CD34_expression"": 0.1392840823162941, ""score_CD34_marker_context"": 0.10546081361650067, ""score_GSE165870_bulk_support"": 0.038881974886860925, ""score_WGCNA_module_strength"": 0.23487415277151677, ""score_module_pathology_importance"": 0.14490564728074184, ""score_network_pharmacology_hit"": 0.2353010392635704}"
deterministic_jitter_390,deterministic_weight_jitter_pm25pct,"Each non-docking evidence weight multiplied by a deterministic random factor in [0.75, 1.25], then renormalized.",28,0.9333333333333333,0.875,0.9474548440065682,"CDK6, CA2, HSP90AB1, PARP1, ACHE, HIF1A, KIT, CDK2, CDK4, TOP2A, SYK, TERT, CHEK1, APEX1, ARG1, PTGS2, PTPN11, SIGMAR1, MPO, HSP90AA1, CD38, CCNB1, GSK3B, TBXAS1, MDM4, AURKB, G6PD, PRKDC, AR, CDK1","{""score_AA_direction_recovery"": 0.11983484176065375, ""score_CD34_expression"": 0.13037437913274805, ""score_CD34_marker_context"": 0.10310534915657919, ""score_GSE165870_bulk_support"": 0.03754214062499989, ""score_WGCNA_module_strength"": 0.19533479130409295, ""score_module_pathology_importance"": 0.16163996475379405, ""score_network_pharmacology_hit"": 0.2521685332671322}"
deterministic_jitter_391,deterministic_weight_jitter_pm25pct,"Each non-docking evidence weight multiplied by a deterministic random factor in [0.75, 1.25], then renormalized.",29,0.9666666666666667,0.9354838709677419,0.9743842364532018,"CDK6, CA2, HSP90AB1, PARP1, ACHE, HIF1A, KIT, CDK4, HSP90AA1, APEX1, CDK2, TOP2A, SYK, CHEK1, PTPN11, SIGMAR1, PTGS2, MPO, TERT, ARG1, PRKDC, CD38, MDM4, MIF, CCNB1, G6PD, TBXAS1, AURKB, PGD, GSK3B","{""score_AA_direction_recovery"": 0.11893911058764464, ""score_CD34_expression"": 0.1566964685248152, ""score_CD34_marker_context"": 0.0910978672947472, ""score_GSE165870_bulk_support"": 0.04517746837047654, ""score_WGCNA_module_strength"": 0.21516044286007924, ""score_module_pathology_importance"": 0.16497931165921806, ""score_network_pharmacology_hit"": 0.20794933070301916}"
deterministic_jitter_392,deterministic_weight_jitter_pm25pct,"Each non-docking evidence weight multiplied by a deterministic random factor in [0.75, 1.25], then renormalized.",30,1.0,1.0,0.9839822024471635,"CDK6, CA2, HSP90AB1, PARP1, ACHE, HIF1A, KIT, CDK2, CDK4, SYK, APEX1, CHEK1, TOP2A, TERT, HSP90AA1, PTPN11, PTGS2, ARG1, MPO, SIGMAR1, CD38, MDM4, GSK3B, CCNB1, PRKDC, G6PD, TBXAS1, PIK3CG, MIF, AURKB","{""score_AA_direction_recovery"": 0.09633723961170135, ""score_CD34_expression"": 0.13947807950019686, ""score_CD34_marker_context"": 0.13636032694529918, ""score_GSE165870_bulk_support"": 0.04955925036154562, ""score_WGCNA_module_strength"": 0.1976708152218663, ""score_module_pathology_importance"": 0.15061606832052246, ""score_network_pharmacology_hit"": 0.22997822003886823}"
deterministic_jitter_393,deterministic_weight_jitter_pm25pct,"Each non-docking evidence weight multiplied by a deterministic random factor in [0.75, 1.25], then renormalized.",29,0.9666666666666667,0.9354838709677419,0.939901477832512,"CDK6, CA2, HSP90AB1, PARP1, ACHE, HIF1A, KIT, CDK2, CHEK1, TOP2A, TERT, CDK4, SYK, PTPN11, APEX1, PTGS2, ARG1, SIGMAR1, MDM4, CD38, HSP90AA1, GSK3B, G6PD, CCNB1, MPO, TBXAS1, AURKB, PRKDC, PIK3CG, TP53","{""score_AA_direction_recovery"": 0.08650562660856635, ""score_CD34_expression"": 0.11417071072957415, ""score_CD34_marker_context"": 0.12865463837067787, ""score_GSE165870_bulk_support"": 0.03493049927772771, ""score_WGCNA_module_strength"": 0.23115651381710103, ""score_module_pathology_importance"": 0.17144480527374265, ""score_network_pharmacology_hit"": 0.23313720592261034}"
deterministic_jitter_394,deterministic_weight_jitter_pm25pct,"Each non-docking evidence weight multiplied by a deterministic random factor in [0.75, 1.25], then renormalized.",27,0.9,0.8181818181818182,0.9493284493284493,"CDK6, CA2, HSP90AB1, PARP1, ACHE, KIT, HIF1A, CDK4, HSP90AA1, APEX1, SYK, CDK2, TOP2A, CHEK1, SIGMAR1, PTPN11, PRKDC, CD38, TERT, MIF, MDM4, PTGS2, ARG1, MPO, PGD, GSK3B, HDAC1, CCNB1, G6PD, TP53","{""score_AA_direction_recovery"": 0.1260633496177284, ""score_CD34_expression"": 0.1561345873912977, ""score_CD34_marker_context"": 0.11750706781840935, ""score_GSE165870_bulk_support"": 0.0516927421662312, ""score_WGCNA_module_strength"": 0.23172379269345877, ""score_module_pathology_importance"": 0.12486193944892193, ""score_network_pharmacology_hit"": 0.19201652086395266}"
deterministic_jitter_395,deterministic_weight_jitter_pm25pct,"Each non-docking evidence weight multiplied by a deterministic random factor in [0.75, 1.25], then renormalized.",30,1.0,1.0,0.9586206896551723,"CDK6, CA2, HSP90AB1, PARP1, ACHE, HIF1A, KIT, CDK4, HSP90AA1, APEX1, SYK, CDK2, TOP2A, CHEK1, MPO, TERT, PTPN11, SIGMAR1, MIF, CD38, ARG1, PTGS2, PRKDC, MDM4, GSK3B, CCNB1, G6PD, PIK3CG, TBXAS1, AURKB","{""score_AA_direction_recovery"": 0.09330006584032394, ""score_CD34_expression"": 0.17422018482549684, ""score_CD34_marker_context"": 0.12155680608773514, ""score_GSE165870_bulk_support"": 0.049444832810454975, ""score_WGCNA_module_strength"": 0.20643293270095878, ""score_module_pathology_importance"": 0.13409365857048253, ""score_network_pharmacology_hit"": 0.2209515191645479}"
deterministic_jitter_396,deterministic_weight_jitter_pm25pct,"Each non-docking evidence weight multiplied by a deterministic random factor in [0.75, 1.25], then renormalized.",27,0.9,0.8181818181818182,0.9713064713064712,"CDK6, CA2, HSP90AB1, PARP1, ACHE, KIT, HIF1A, CDK4, APEX1, CDK2, HSP90AA1, CHEK1, TOP2A, SYK, PTPN11, MDM4, PTGS2, SIGMAR1, TERT, ARG1, PRKDC, CD38, TP53, HDAC1, PGD, G6PD, MIF, CCNB1, GSK3B, PIK3CG","{""score_AA_direction_recovery"": 0.09497868316775064, ""score_CD34_expression"": 0.1306170648840257, ""score_CD34_marker_context"": 0.12591737616854765, ""score_GSE165870_bulk_support"": 0.05547360052217907, ""score_WGCNA_module_strength"": 0.2544025539224777, ""score_module_pathology_importance"": 0.15214454971789584, ""score_network_pharmacology_hit"": 0.18646617161712337}"
deterministic_jitter_397,deterministic_weight_jitter_pm25pct,"Each non-docking evidence weight multiplied by a deterministic random factor in [0.75, 1.25], then renormalized.",29,0.9666666666666667,0.9354838709677419,0.9699507389162559,"CDK6, CA2, HSP90AB1, PARP1, ACHE, HIF1A, KIT, CDK4, HSP90AA1, APEX1, TOP2A, CDK2, SYK, SIGMAR1, PTPN11, CHEK1, PTGS2, TERT, MDM4, CD38, PRKDC, ARG1, MIF, CCNB1, MPO, AURKB, G6PD, PGD, TBXAS1, GSK3B","{""score_AA_direction_recovery"": 0.12355663530125657, ""score_CD34_expression"": 0.14274787087186608, ""score_CD34_marker_context"": 0.08698787311864103, ""score_GSE165870_bulk_support"": 0.03532923790346766, ""score_WGCNA_module_strength"": 0.25358123417127265, ""score_module_pathology_importance"": 0.15748185929471328, ""score_network_pharmacology_hit"": 0.20031528933878268}"
deterministic_jitter_398,deterministic_weight_jitter_pm25pct,"Each non-docking evidence weight multiplied by a deterministic random factor in [0.75, 1.25], then renormalized.",29,0.9666666666666667,0.9354838709677419,0.9921182266009851,"CDK6, CA2, HSP90AB1, PARP1, ACHE, HIF1A, KIT, CDK2, CDK4, APEX1, TOP2A, SYK, HSP90AA1, CHEK1, PTPN11, TERT, SIGMAR1, PTGS2, MDM4, ARG1, CD38, PRKDC, MPO, CCNB1, G6PD, GSK3B, AURKB, MIF, TBXAS1, PGD","{""score_AA_direction_recovery"": 0.08975495790253793, ""score_CD34_expression"": 0.1417464548665913, ""score_CD34_marker_context"": 0.10654227798447566, ""score_GSE165870_bulk_support"": 0.03969892176135921, ""score_WGCNA_module_strength"": 0.25247356314684793, ""score_module_pathology_importance"": 0.15513946287226732, ""score_network_pharmacology_hit"": 0.2146443614659207}"
deterministic_jitter_399,deterministic_weight_jitter_pm25pct,"Each non-docking evidence weight multiplied by a deterministic random factor in [0.75, 1.25], then renormalized.",28,0.9333333333333333,0.875,0.8987411056376573,"CDK6, CA2, ACHE, HSP90AB1, PARP1, HIF1A, KIT, CDK2, TOP2A, TERT, SYK, CDK4, CHEK1, PTGS2, SIGMAR1, ARG1, PTPN11, APEX1, CD38, MDM4, GSK3B, CCNB1, AURKB, TBXAS1, HSP90AA1, G6PD, PIK3CG, MPO, CDK1, FLT3","{""score_AA_direction_recovery"": 0.09900332210670981, ""score_CD34_expression"": 0.10310222814589848, ""score_CD34_marker_context"": 0.11328979280599587, ""score_GSE165870_bulk_support"": 0.04149447445942159, ""score_WGCNA_module_strength"": 0.24328808407204003, ""score_module_pathology_importance"": 0.15405124353367036, ""score_network_pharmacology_hit"": 0.2457708548762639}"
deterministic_jitter_400,deterministic_weight_jitter_pm25pct,"Each non-docking evidence weight multiplied by a deterministic random factor in [0.75, 1.25], then renormalized.",29,0.9666666666666667,0.9354838709677419,0.9842364532019702,"CDK6, CA2, HSP90AB1, PARP1, ACHE, HIF1A, KIT, CDK2, CDK4, APEX1, TOP2A, SYK, HSP90AA1, CHEK1, TERT, PTPN11, PTGS2, ARG1, MPO, SIGMAR1, CD38, MDM4, CCNB1, PRKDC, G6PD, TBXAS1, GSK3B, MIF, AURKB, CDK1","{""score_AA_direction_recovery"": 0.08866940132023671, ""score_CD34_expression"": 0.15227432045572037, ""score_CD34_marker_context"": 0.1056722270885034, ""score_GSE165870_bulk_support"": 0.04732479921949382, ""score_WGCNA_module_strength"": 0.21118621391012604, ""score_module_pathology_importance"": 0.16510138977867236, ""score_network_pharmacology_hit"": 0.2297716482272473}"
deterministic_jitter_401,deterministic_weight_jitter_pm25pct,"Each non-docking evidence weight multiplied by a deterministic random factor in [0.75, 1.25], then renormalized.",30,1.0,1.0,0.9310344827586206,"CDK6, CA2, HSP90AB1, PARP1, ACHE, HIF1A, HSP90AA1, CDK4, APEX1, KIT, SYK, CDK2, TOP2A, MPO, SIGMAR1, MIF, CHEK1, TERT, PTPN11, CD38, ARG1, PTGS2, CCNB1, PRKDC, GSK3B, MDM4, G6PD, TBXAS1, AURKB, PIK3CG","{""score_AA_direction_recovery"": 0.10703077016392878, ""score_CD34_expression"": 0.18383182405466808, ""score_CD34_marker_context"": 0.10121081809813809, ""score_GSE165870_bulk_support"": 0.05299384368300378, ""score_WGCNA_module_strength"": 0.2039546605960509, ""score_module_pathology_importance"": 0.13090211107834676, ""score_network_pharmacology_hit"": 0.2200759723258635}"
deterministic_jitter_402,deterministic_weight_jitter_pm25pct,"Each non-docking evidence weight multiplied by a deterministic random factor in [0.75, 1.25], then renormalized.",29,0.9666666666666667,0.9354838709677419,0.987684729064039,"CDK6, CA2, HSP90AB1, PARP1, ACHE, HIF1A, KIT, CDK2, CDK4, APEX1, SYK, TOP2A, CHEK1, TERT, PTPN11, HSP90AA1, SIGMAR1, PTGS2, MDM4, ARG1, CD38, GSK3B, PRKDC, G6PD, MPO, CCNB1, AURKB, TBXAS1, PIK3CG, TP53","{""score_AA_direction_recovery"": 0.089648242631577, ""score_CD34_expression"": 0.13320298483671347, ""score_CD34_marker_context"": 0.12739279578272167, ""score_GSE165870_bulk_support"": 0.038156969602943486, ""score_WGCNA_module_strength"": 0.2427984510316826, ""score_module_pathology_importance"": 0.14951826993191653, ""score_network_pharmacology_hit"": 0.21928228618244516}"
deterministic_jitter_403,deterministic_weight_jitter_pm25pct,"Each non-docking evidence weight multiplied by a deterministic random factor in [0.75, 1.25], then renormalized.",27,0.9,0.8181818181818182,0.9426129426129425,"CDK6, CA2, HSP90AB1, PARP1, ACHE, KIT, HIF1A, CDK2, CHEK1, CDK4, APEX1, TOP2A, HSP90AA1, PTPN11, SYK, PTGS2, MDM4, PRKDC, ARG1, TERT, TP53, SIGMAR1, CD38, HDAC1, G6PD, CCNB1, MPO, PGD, TBXAS1, GSK3B","{""score_AA_direction_recovery"": 0.11683876806167914, ""score_CD34_expression"": 0.11922742502858244, ""score_CD34_marker_context"": 0.1377858719398768, ""score_GSE165870_bulk_support"": 0.053438595195428706, ""score_WGCNA_module_strength"": 0.21670770459294222, ""score_module_pathology_importance"": 0.16726253525152376, ""score_network_pharmacology_hit"": 0.18873909992996696}"
deterministic_jitter_404,deterministic_weight_jitter_pm25pct,"Each non-docking evidence weight multiplied by a deterministic random factor in [0.75, 1.25], then renormalized.",28,0.9333333333333333,0.875,0.9485495347564312,"CDK6, CA2, HSP90AB1, PARP1, ACHE, HIF1A, KIT, CDK2, TOP2A, CDK4, CHEK1, APEX1, PTGS2, SYK, ARG1, PTPN11, TERT, SIGMAR1, HSP90AA1, CD38, MDM4, CCNB1, TBXAS1, MPO, AURKB, PRKDC, G6PD, GSK3B, PIK3CA, TP53","{""score_AA_direction_recovery"": 0.13663427884328205, ""score_CD34_expression"": 0.11739749964391849, ""score_CD34_marker_context"": 0.08263826161826049, ""score_GSE165870_bulk_support"": 0.047139164378457755, ""score_WGCNA_module_strength"": 0.22261551516925787, ""score_module_pathology_importance"": 0.17130342397167903, ""score_network_pharmacology_hit"": 0.22227185637514438}"
deterministic_jitter_405,deterministic_weight_jitter_pm25pct,"Each non-docking evidence weight multiplied by a deterministic random factor in [0.75, 1.25], then renormalized.",27,0.9,0.8181818181818182,0.976190476190476,"CDK6, CA2, HSP90AB1, ACHE, PARP1, KIT, HIF1A, CDK4, TOP2A, APEX1, HSP90AA1, CDK2, SYK, SIGMAR1, PTPN11, CHEK1, TERT, PTGS2, MDM4, CD38, ARG1, PRKDC, HDAC1, PGD, G6PD, MIF, TP53, AURKB, GSK3B, CCNB1","{""score_AA_direction_recovery"": 0.09479506192874936, ""score_CD34_expression"": 0.13684553125324228, ""score_CD34_marker_context"": 0.09684105839129438, ""score_GSE165870_bulk_support"": 0.04889050132691226, ""score_WGCNA_module_strength"": 0.2884231556801034, ""score_module_pathology_importance"": 0.13988067815577734, ""score_network_pharmacology_hit"": 0.19432401326392099}"
deterministic_jitter_406,deterministic_weight_jitter_pm25pct,"Each non-docking evidence weight multiplied by a deterministic random factor in [0.75, 1.25], then renormalized.",29,0.9666666666666667,0.9354838709677419,0.9763546798029553,"CDK6, CA2, HSP90AB1, PARP1, ACHE, KIT, HIF1A, CDK4, TOP2A, APEX1, CDK2, HSP90AA1, SYK, SIGMAR1, CHEK1, PTPN11, TERT, PTGS2, CD38, ARG1, MDM4, PRKDC, GSK3B, CCNB1, AURKB, G6PD, TBXAS1, MIF, PGD, MPO","{""score_AA_direction_recovery"": 0.12278292806114603, ""score_CD34_expression"": 0.1335423253937159, ""score_CD34_marker_context"": 0.09558020560061078, ""score_GSE165870_bulk_support"": 0.04598343443793895, ""score_WGCNA_module_strength"": 0.25953529280947385, ""score_module_pathology_importance"": 0.13611649852994787, ""score_network_pharmacology_hit"": 0.20645931516716656}"
deterministic_jitter_407,deterministic_weight_jitter_pm25pct,"Each non-docking evidence weight multiplied by a deterministic random factor in [0.75, 1.25], then renormalized.",27,0.9,0.8181818181818182,0.9322344322344323,"CDK6, CA2, HSP90AB1, PARP1, ACHE, KIT, HIF1A, CDK4, CHEK1, CDK2, APEX1, HSP90AA1, TOP2A, PTPN11, PRKDC, MDM4, SYK, PTGS2, ARG1, TP53, TERT, SIGMAR1, CD38, MPO, HDAC1, CCNB1, G6PD, PGD, MIF, TBXAS1","{""score_AA_direction_recovery"": 0.1298716055057586, ""score_CD34_expression"": 0.12853916118928413, ""score_CD34_marker_context"": 0.12791025324932137, ""score_GSE165870_bulk_support"": 0.04831660436045402, ""score_WGCNA_module_strength"": 0.20607347789694938, ""score_module_pathology_importance"": 0.17413953768577664, ""score_network_pharmacology_hit"": 0.18514936011245584}"
deterministic_jitter_408,deterministic_weight_jitter_pm25pct,"Each non-docking evidence weight multiplied by a deterministic random factor in [0.75, 1.25], then renormalized.",28,0.9333333333333333,0.875,0.9441707717569787,"CDK6, CA2, HSP90AB1, ACHE, PARP1, HIF1A, KIT, CDK2, TOP2A, TERT, SYK, CDK4, SIGMAR1, APEX1, PTPN11, PTGS2, CHEK1, ARG1, CD38, HSP90AA1, MDM4, AURKB, GSK3B, CCNB1, TBXAS1, G6PD, CDK1, MPO, PIK3CG, FLT3","{""score_AA_direction_recovery"": 0.08652328067518981, ""score_CD34_expression"": 0.1251083080261975, ""score_CD34_marker_context"": 0.0905417928886902, ""score_GSE165870_bulk_support"": 0.04598023785824433, ""score_WGCNA_module_strength"": 0.2626435504596461, ""score_module_pathology_importance"": 0.14908185160634943, ""score_network_pharmacology_hit"": 0.2401209784856827}"
deterministic_jitter_409,deterministic_weight_jitter_pm25pct,"Each non-docking evidence weight multiplied by a deterministic random factor in [0.75, 1.25], then renormalized.",27,0.9,0.8181818181818182,0.945054945054945,"CDK6, CA2, HSP90AB1, PARP1, ACHE, KIT, HIF1A, CDK4, APEX1, CDK2, CHEK1, HSP90AA1, MDM4, TOP2A, SYK, PTPN11, PRKDC, PTGS2, TP53, SIGMAR1, HDAC1, TERT, ARG1, PGD, CD38, G6PD, MIF, GSK3B, CCNB1, PIK3CG","{""score_AA_direction_recovery"": 0.1320790263221166, ""score_CD34_expression"": 0.11819092771671172, ""score_CD34_marker_context"": 0.13693119303233617, ""score_GSE165870_bulk_support"": 0.04085784998917662, ""score_WGCNA_module_strength"": 0.24743234873177408, ""score_module_pathology_importance"": 0.1536946318293832, ""score_network_pharmacology_hit"": 0.1708140223785016}"
deterministic_jitter_410,deterministic_weight_jitter_pm25pct,"Each non-docking evidence weight multiplied by a deterministic random factor in [0.75, 1.25], then renormalized.",29,0.9666666666666667,0.9354838709677419,0.9758620689655171,"CDK6, CA2, HSP90AB1, PARP1, ACHE, HIF1A, KIT, CDK2, TOP2A, CDK4, APEX1, SYK, TERT, CHEK1, PTPN11, SIGMAR1, HSP90AA1, PTGS2, ARG1, CD38, MPO, MDM4, CCNB1, GSK3B, AURKB, G6PD, TBXAS1, CDK1, PRKDC, MIF","{""score_AA_direction_recovery"": 0.08160325498170348, ""score_CD34_expression"": 0.14323547751694393, ""score_CD34_marker_context"": 0.10304310373689293, ""score_GSE165870_bulk_support"": 0.033687546429112813, ""score_WGCNA_module_strength"": 0.23263050146308362, ""score_module_pathology_importance"": 0.16442694923424636, ""score_network_pharmacology_hit"": 0.2413731666380169}"
deterministic_jitter_411,deterministic_weight_jitter_pm25pct,"Each non-docking evidence weight multiplied by a deterministic random factor in [0.75, 1.25], then renormalized.",27,0.9,0.8181818181818182,0.9627594627594628,"CDK6, CA2, HSP90AB1, PARP1, ACHE, HIF1A, KIT, CDK4, HSP90AA1, APEX1, CDK2, TOP2A, SYK, CHEK1, PTPN11, SIGMAR1, MDM4, PRKDC, PTGS2, TERT, CD38, MPO, ARG1, MIF, CCNB1, G6PD, PGD, GSK3B, TP53, HDAC1","{""score_AA_direction_recovery"": 0.11480297677632252, ""score_CD34_expression"": 0.15250555781868824, ""score_CD34_marker_context"": 0.11148536087093489, ""score_GSE165870_bulk_support"": 0.03587918324236385, ""score_WGCNA_module_strength"": 0.22882920126084969, ""score_module_pathology_importance"": 0.15574114440450723, ""score_network_pharmacology_hit"": 0.20075657562633356}"
deterministic_jitter_412,deterministic_weight_jitter_pm25pct,"Each non-docking evidence weight multiplied by a deterministic random factor in [0.75, 1.25], then renormalized.",28,0.9333333333333333,0.875,0.9255610290093048,"CDK6, CA2, ACHE, HSP90AB1, PARP1, HIF1A, KIT, CDK2, TOP2A, TERT, SYK, CDK4, CHEK1, SIGMAR1, PTPN11, PTGS2, APEX1, ARG1, MDM4, CD38, GSK3B, HSP90AA1, AURKB, G6PD, CCNB1, TBXAS1, PIK3CG, CDK1, MPO, FLT3","{""score_AA_direction_recovery"": 0.08396103287036824, ""score_CD34_expression"": 0.10691048960231814, ""score_CD34_marker_context"": 0.11882655768966573, ""score_GSE165870_bulk_support"": 0.03729200646804141, ""score_WGCNA_module_strength"": 0.25778454359828257, ""score_module_pathology_importance"": 0.15535619412182622, ""score_network_pharmacology_hit"": 0.23986917564949767}"
deterministic_jitter_413,deterministic_weight_jitter_pm25pct,"Each non-docking evidence weight multiplied by a deterministic random factor in [0.75, 1.25], then renormalized.",27,0.9,0.8181818181818182,0.9536019536019535,"CDK6, CA2, HSP90AB1, PARP1, ACHE, KIT, HIF1A, CDK4, CDK2, CHEK1, APEX1, SYK, HSP90AA1, TOP2A, PTPN11, PTGS2, MDM4, ARG1, PRKDC, TERT, CD38, MPO, SIGMAR1, CCNB1, TP53, G6PD, GSK3B, TBXAS1, HDAC1, PGD","{""score_AA_direction_recovery"": 0.13261661007899564, ""score_CD34_expression"": 0.12240001697038765, ""score_CD34_marker_context"": 0.1358018038431086, ""score_GSE165870_bulk_support"": 0.0486532249219357, ""score_WGCNA_module_strength"": 0.19544487776271777, ""score_module_pathology_importance"": 0.16298701300652324, ""score_network_pharmacology_hit"": 0.20209645341633137}"
deterministic_jitter_414,deterministic_weight_jitter_pm25pct,"Each non-docking evidence weight multiplied by a deterministic random factor in [0.75, 1.25], then renormalized.",29,0.9666666666666667,0.9354838709677419,0.9394088669950736,"CDK6, CA2, HSP90AB1, PARP1, ACHE, HIF1A, CDK4, SYK, APEX1, KIT, HSP90AA1, CDK2, TOP2A, SIGMAR1, TERT, MPO, CD38, CHEK1, PTPN11, GSK3B, ARG1, MIF, PTGS2, CCNB1, FLT3, AURKB, PIK3CG, MDM4, PRKDC, TBXAS1","{""score_AA_direction_recovery"": 0.12399771654835859, ""score_CD34_expression"": 0.1695378217787956, ""score_CD34_marker_context"": 0.10916943775309709, ""score_GSE165870_bulk_support"": 0.03747149115839961, ""score_WGCNA_module_strength"": 0.20784339717022943, ""score_module_pathology_importance"": 0.10739162921597936, ""score_network_pharmacology_hit"": 0.2445885063751402}"
deterministic_jitter_415,deterministic_weight_jitter_pm25pct,"Each non-docking evidence weight multiplied by a deterministic random factor in [0.75, 1.25], then renormalized.",30,1.0,1.0,0.9848720800889877,"CDK6, CA2, HSP90AB1, PARP1, ACHE, HIF1A, KIT, CDK4, CDK2, TOP2A, APEX1, SYK, HSP90AA1, SIGMAR1, CHEK1, TERT, PTPN11, PTGS2, ARG1, CD38, MDM4, PRKDC, GSK3B, CCNB1, G6PD, AURKB, TBXAS1, MPO, PIK3CG, MIF","{""score_AA_direction_recovery"": 0.11766891820598577, ""score_CD34_expression"": 0.13054817003534328, ""score_CD34_marker_context"": 0.106338729603038, ""score_GSE165870_bulk_support"": 0.04953209753722172, ""score_WGCNA_module_strength"": 0.24790793832496463, ""score_module_pathology_importance"": 0.13696260808967234, ""score_network_pharmacology_hit"": 0.2110415382037742}"
deterministic_jitter_416,deterministic_weight_jitter_pm25pct,"Each non-docking evidence weight multiplied by a deterministic random factor in [0.75, 1.25], then renormalized.",29,0.9666666666666667,0.9354838709677419,0.9753694581280786,"CDK6, CA2, HSP90AB1, PARP1, ACHE, HIF1A, KIT, CDK4, SYK, CDK2, TOP2A, APEX1, TERT, SIGMAR1, HSP90AA1, PTPN11, CHEK1, CD38, ARG1, PTGS2, GSK3B, MDM4, AURKB, MPO, CCNB1, PIK3CG, G6PD, TBXAS1, FLT3, MIF","{""score_AA_direction_recovery"": 0.09250464766227624, ""score_CD34_expression"": 0.14261307672891294, ""score_CD34_marker_context"": 0.11020063183078505, ""score_GSE165870_bulk_support"": 0.03793919659567525, ""score_WGCNA_module_strength"": 0.257238275472631, ""score_module_pathology_importance"": 0.12072026297970942, ""score_network_pharmacology_hit"": 0.23878390873001015}"
deterministic_jitter_417,deterministic_weight_jitter_pm25pct,"Each non-docking evidence weight multiplied by a deterministic random factor in [0.75, 1.25], then renormalized.",28,0.9333333333333333,0.875,0.8806787082649151,"CDK6, CA2, HSP90AB1, PARP1, ACHE, HIF1A, KIT, CDK2, TOP2A, TERT, ARG1, CDK4, SYK, PTGS2, CHEK1, SIGMAR1, PTPN11, APEX1, CD38, CCNB1, TBXAS1, MPO, GSK3B, AURKB, HSP90AA1, MDM4, G6PD, AR, IGF1R, PIK3CG","{""score_AA_direction_recovery"": 0.12685823611182306, ""score_CD34_expression"": 0.10548220050095565, ""score_CD34_marker_context"": 0.093033570967359, ""score_GSE165870_bulk_support"": 0.05094890980942105, ""score_WGCNA_module_strength"": 0.2016104311525173, ""score_module_pathology_importance"": 0.16516701075489643, ""score_network_pharmacology_hit"": 0.2568996407030276}"
deterministic_jitter_418,deterministic_weight_jitter_pm25pct,"Each non-docking evidence weight multiplied by a deterministic random factor in [0.75, 1.25], then renormalized.",29,0.9666666666666667,0.9354838709677419,0.9428571428571426,"CDK6, CA2, HSP90AB1, PARP1, ACHE, HIF1A, KIT, CDK4, CDK2, TOP2A, APEX1, HSP90AA1, SYK, MPO, TERT, CHEK1, SIGMAR1, ARG1, PTGS2, PTPN11, CD38, CCNB1, TBXAS1, AURKB, GSK3B, MIF, MDM4, G6PD, PRKDC, CDK1","{""score_AA_direction_recovery"": 0.11334759224201875, ""score_CD34_expression"": 0.1567678476503479, ""score_CD34_marker_context"": 0.0808081054712753, ""score_GSE165870_bulk_support"": 0.05014945888774269, ""score_WGCNA_module_strength"": 0.19662554421122763, ""score_module_pathology_importance"": 0.1594953722602441, ""score_network_pharmacology_hit"": 0.2428060792771436}"
deterministic_jitter_419,deterministic_weight_jitter_pm25pct,"Each non-docking evidence weight multiplied by a deterministic random factor in [0.75, 1.25], then renormalized.",28,0.9333333333333333,0.875,0.9808429118773946,"CDK6, CA2, HSP90AB1, ACHE, PARP1, KIT, HIF1A, CDK4, CDK2, SYK, TOP2A, APEX1, SIGMAR1, TERT, HSP90AA1, CHEK1, PTPN11, CD38, PTGS2, ARG1, MDM4, GSK3B, PIK3CG, PRKDC, G6PD, CCNB1, AURKB, TBXAS1, FLT3, TP53","{""score_AA_direction_recovery"": 0.12439120047803799, ""score_CD34_expression"": 0.11837295520448933, ""score_CD34_marker_context"": 0.11505525841885056, ""score_GSE165870_bulk_support"": 0.04636410054032882, ""score_WGCNA_module_strength"": 0.26267238732458964, ""score_module_pathology_importance"": 0.12217841824770993, ""score_network_pharmacology_hit"": 0.21096567978599384}"
deterministic_jitter_420,deterministic_weight_jitter_pm25pct,"Each non-docking evidence weight multiplied by a deterministic random factor in [0.75, 1.25], then renormalized.",28,0.9333333333333333,0.875,0.9545703338806788,"CDK6, CA2, HSP90AB1, PARP1, ACHE, HIF1A, KIT, CDK4, HSP90AA1, APEX1, CDK2, TOP2A, SYK, CHEK1, PTPN11, SIGMAR1, PRKDC, PTGS2, CD38, MDM4, MPO, MIF, ARG1, TERT, CCNB1, PGD, G6PD, TBXAS1, TP53, AURKB","{""score_AA_direction_recovery"": 0.14420643665147792, ""score_CD34_expression"": 0.15272862824591152, ""score_CD34_marker_context"": 0.09663376596994223, ""score_GSE165870_bulk_support"": 0.04281598645171251, ""score_WGCNA_module_strength"": 0.21842571989661294, ""score_module_pathology_importance"": 0.150161698646434, ""score_network_pharmacology_hit"": 0.19502776413790893}"
deterministic_jitter_421,deterministic_weight_jitter_pm25pct,"Each non-docking evidence weight multiplied by a deterministic random factor in [0.75, 1.25], then renormalized.",29,0.9666666666666667,0.9354838709677419,0.9423645320197042,"CDK6, CA2, HSP90AB1, PARP1, ACHE, HIF1A, KIT, CDK2, TOP2A, CDK4, TERT, CHEK1, SYK, PTGS2, ARG1, APEX1, PTPN11, SIGMAR1, CD38, HSP90AA1, MDM4, CCNB1, TBXAS1, MPO, GSK3B, AURKB, G6PD, PRKDC, PIK3CG, CDK1","{""score_AA_direction_recovery"": 0.10272585088000265, ""score_CD34_expression"": 0.11789345814207244, ""score_CD34_marker_context"": 0.10124451715587941, ""score_GSE165870_bulk_support"": 0.04879648896930733, ""score_WGCNA_module_strength"": 0.22459660973121803, ""score_module_pathology_importance"": 0.16764156683931564, ""score_network_pharmacology_hit"": 0.23710150828220447}"
deterministic_jitter_422,deterministic_weight_jitter_pm25pct,"Each non-docking evidence weight multiplied by a deterministic random factor in [0.75, 1.25], then renormalized.",27,0.9,0.8181818181818182,0.9584859584859584,"CDK6, CA2, HSP90AB1, PARP1, ACHE, KIT, HIF1A, HSP90AA1, CDK4, APEX1, TOP2A, CDK2, SYK, SIGMAR1, PTPN11, CHEK1, TERT, MDM4, CD38, PTGS2, MIF, PRKDC, ARG1, PGD, HDAC1, G6PD, CCNB1, AURKB, TP53, MPO","{""score_AA_direction_recovery"": 0.10252496291227527, ""score_CD34_expression"": 0.15615968715595624, ""score_CD34_marker_context"": 0.09189100454101924, ""score_GSE165870_bulk_support"": 0.0469575142151197, ""score_WGCNA_module_strength"": 0.2743446950233029, ""score_module_pathology_importance"": 0.13939393828361824, ""score_network_pharmacology_hit"": 0.18872819786870845}"
deterministic_jitter_423,deterministic_weight_jitter_pm25pct,"Each non-docking evidence weight multiplied by a deterministic random factor in [0.75, 1.25], then renormalized.",28,0.9333333333333333,0.875,0.983032293377121,"CDK6, CA2, HSP90AB1, PARP1, ACHE, KIT, HIF1A, CDK2, CDK4, SYK, TOP2A, APEX1, CHEK1, TERT, PTPN11, SIGMAR1, HSP90AA1, PTGS2, MDM4, ARG1, CD38, GSK3B, PRKDC, G6PD, PIK3CG, TP53, CCNB1, AURKB, TBXAS1, HDAC1","{""score_AA_direction_recovery"": 0.11403907560312382, ""score_CD34_expression"": 0.1136340996561592, ""score_CD34_marker_context"": 0.12923187963112928, ""score_GSE165870_bulk_support"": 0.0350049313084934, ""score_WGCNA_module_strength"": 0.2551833785883066, ""score_module_pathology_importance"": 0.14038703919757717, ""score_network_pharmacology_hit"": 0.21251959601521053}"
deterministic_jitter_424,deterministic_weight_jitter_pm25pct,"Each non-docking evidence weight multiplied by a deterministic random factor in [0.75, 1.25], then renormalized.",28,0.9333333333333333,0.875,0.9677066228790366,"CDK6, CA2, HSP90AB1, PARP1, ACHE, HIF1A, KIT, CDK2, CDK4, CHEK1, TOP2A, APEX1, PTGS2, HSP90AA1, SYK, PTPN11, ARG1, TERT, SIGMAR1, MDM4, CD38, MPO, CCNB1, PRKDC, TBXAS1, G6PD, AURKB, GSK3B, TP53, HDAC1","{""score_AA_direction_recovery"": 0.12093109049643688, ""score_CD34_expression"": 0.12809566523644336, ""score_CD34_marker_context"": 0.10259813503423218, ""score_GSE165870_bulk_support"": 0.0528746142584712, ""score_WGCNA_module_strength"": 0.20474647406099172, ""score_module_pathology_importance"": 0.17578827141994208, ""score_network_pharmacology_hit"": 0.2149657494934826}"
deterministic_jitter_425,deterministic_weight_jitter_pm25pct,"Each non-docking evidence weight multiplied by a deterministic random factor in [0.75, 1.25], then renormalized.",29,0.9666666666666667,0.9354838709677419,0.9586206896551722,"CA2, CDK6, HSP90AB1, ACHE, PARP1, HIF1A, CDK4, KIT, TOP2A, SYK, APEX1, SIGMAR1, CDK2, HSP90AA1, TERT, CD38, PTPN11, ARG1, CHEK1, PTGS2, GSK3B, AURKB, MDM4, CCNB1, MIF, MPO, TBXAS1, PIK3CG, G6PD, FLT3","{""score_AA_direction_recovery"": 0.0877111636835334, ""score_CD34_expression"": 0.15550813450902426, ""score_CD34_marker_context"": 0.08306506144578973, ""score_GSE165870_bulk_support"": 0.046556512831082066, ""score_WGCNA_module_strength"": 0.2743569843893274, ""score_module_pathology_importance"": 0.11852739190273326, ""score_network_pharmacology_hit"": 0.23427475123850997}"
deterministic_jitter_426,deterministic_weight_jitter_pm25pct,"Each non-docking evidence weight multiplied by a deterministic random factor in [0.75, 1.25], then renormalized.",28,0.9333333333333333,0.875,0.9737274220032841,"CA2, CDK6, HSP90AB1, ACHE, PARP1, HIF1A, KIT, CDK4, TOP2A, APEX1, HSP90AA1, SYK, SIGMAR1, CDK2, TERT, PTPN11, CHEK1, CD38, PTGS2, ARG1, MDM4, AURKB, GSK3B, PRKDC, CCNB1, G6PD, PGD, HDAC1, TBXAS1, PIK3CG","{""score_AA_direction_recovery"": 0.10016615130779175, ""score_CD34_expression"": 0.13578575967046766, ""score_CD34_marker_context"": 0.08335627479950859, ""score_GSE165870_bulk_support"": 0.056375692125756854, ""score_WGCNA_module_strength"": 0.2896544574537058, ""score_module_pathology_importance"": 0.1309795604610082, ""score_network_pharmacology_hit"": 0.20368210418176116}"
deterministic_jitter_427,deterministic_weight_jitter_pm25pct,"Each non-docking evidence weight multiplied by a deterministic random factor in [0.75, 1.25], then renormalized.",27,0.9,0.8181818181818182,0.9572649572649573,"CDK6, CA2, HSP90AB1, PARP1, ACHE, KIT, CDK4, HIF1A, HSP90AA1, APEX1, SYK, CDK2, TOP2A, CHEK1, PTPN11, SIGMAR1, PRKDC, MDM4, CD38, TERT, PTGS2, PGD, TP53, MIF, HDAC1, ARG1, GSK3B, G6PD, PIK3CG, CCNB1","{""score_AA_direction_recovery"": 0.137774289349051, ""score_CD34_expression"": 0.13795118227650952, ""score_CD34_marker_context"": 0.12763157409164316, ""score_GSE165870_bulk_support"": 0.04085101189047633, ""score_WGCNA_module_strength"": 0.2613978528922994, ""score_module_pathology_importance"": 0.12203831748190332, ""score_network_pharmacology_hit"": 0.1723557720181173}"
deterministic_jitter_428,deterministic_weight_jitter_pm25pct,"Each non-docking evidence weight multiplied by a deterministic random factor in [0.75, 1.25], then renormalized.",27,0.9,0.8181818181818182,0.905982905982906,"CDK6, HSP90AB1, CA2, PARP1, ACHE, HSP90AA1, KIT, HIF1A, CDK4, APEX1, CDK2, TOP2A, SYK, CHEK1, PRKDC, PTPN11, MIF, SIGMAR1, MDM4, PTGS2, MPO, CD38, PGD, TERT, ARG1, HDAC1, TP53, CCNB1, G6PD, TBXAS1","{""score_AA_direction_recovery"": 0.1256218956922232, ""score_CD34_expression"": 0.16538603870426896, ""score_CD34_marker_context"": 0.10339132967909558, ""score_GSE165870_bulk_support"": 0.041472517528565095, ""score_WGCNA_module_strength"": 0.23157697607410463, ""score_module_pathology_importance"": 0.15271733212115443, ""score_network_pharmacology_hit"": 0.17983391020058812}"
deterministic_jitter_429,deterministic_weight_jitter_pm25pct,"Each non-docking evidence weight multiplied by a deterministic random factor in [0.75, 1.25], then renormalized.",27,0.9,0.8181818181818182,0.9688644688644688,"CDK6, CA2, HSP90AB1, PARP1, ACHE, KIT, HIF1A, CDK4, HSP90AA1, APEX1, SYK, CDK2, TOP2A, CHEK1, SIGMAR1, PTPN11, CD38, TERT, PRKDC, ARG1, PTGS2, MDM4, MIF, GSK3B, PIK3CG, HDAC1, TP53, MPO, PGD, CCNB1","{""score_AA_direction_recovery"": 0.1360065992327931, ""score_CD34_expression"": 0.13923957542661056, ""score_CD34_marker_context"": 0.1260313501916044, ""score_GSE165870_bulk_support"": 0.06155322479765585, ""score_WGCNA_module_strength"": 0.22958794058556828, ""score_module_pathology_importance"": 0.11591755570183752, ""score_network_pharmacology_hit"": 0.19166375406393027}"
deterministic_jitter_430,deterministic_weight_jitter_pm25pct,"Each non-docking evidence weight multiplied by a deterministic random factor in [0.75, 1.25], then renormalized.",29,0.9666666666666667,0.9354838709677419,0.9541871921182266,"CDK6, CA2, HSP90AB1, PARP1, ACHE, HIF1A, KIT, CDK2, CDK4, TOP2A, SYK, APEX1, TERT, CHEK1, HSP90AA1, MPO, ARG1, SIGMAR1, PTPN11, PTGS2, CD38, CCNB1, GSK3B, TBXAS1, AURKB, MDM4, G6PD, CDK1, MIF, PRKDC","{""score_AA_direction_recovery"": 0.08803803952861357, ""score_CD34_expression"": 0.1553883391656713, ""score_CD34_marker_context"": 0.0994594171050083, ""score_GSE165870_bulk_support"": 0.04638819707700942, ""score_WGCNA_module_strength"": 0.2004842238097143, ""score_module_pathology_importance"": 0.15930693617336814, ""score_network_pharmacology_hit"": 0.2509348471406151}"
deterministic_jitter_431,deterministic_weight_jitter_pm25pct,"Each non-docking evidence weight multiplied by a deterministic random factor in [0.75, 1.25], then renormalized.",29,0.9666666666666667,0.9354838709677419,0.9807881773399012,"CDK6, CA2, HSP90AB1, PARP1, ACHE, HIF1A, KIT, CDK2, CDK4, SYK, TOP2A, APEX1, TERT, CHEK1, PTPN11, SIGMAR1, PTGS2, HSP90AA1, ARG1, CD38, MDM4, MPO, GSK3B, CCNB1, G6PD, TBXAS1, AURKB, PRKDC, PIK3CG, CDK1","{""score_AA_direction_recovery"": 0.08804884828158552, ""score_CD34_expression"": 0.13627018899020713, ""score_CD34_marker_context"": 0.12013560859197005, ""score_GSE165870_bulk_support"": 0.03969804673254851, ""score_WGCNA_module_strength"": 0.22494414673605037, ""score_module_pathology_importance"": 0.15293092219672536, ""score_network_pharmacology_hit"": 0.23797223847091314}"
deterministic_jitter_432,deterministic_weight_jitter_pm25pct,"Each non-docking evidence weight multiplied by a deterministic random factor in [0.75, 1.25], then renormalized.",29,0.9666666666666667,0.9354838709677419,0.9551724137931031,"CDK6, CA2, HSP90AB1, PARP1, ACHE, HIF1A, KIT, CDK2, CDK4, TOP2A, APEX1, SYK, HSP90AA1, TERT, SIGMAR1, MPO, CHEK1, PTPN11, ARG1, PTGS2, CD38, CCNB1, AURKB, GSK3B, TBXAS1, MDM4, MIF, G6PD, CDK1, PRKDC","{""score_AA_direction_recovery"": 0.10961287709404081, ""score_CD34_expression"": 0.1571500752020097, ""score_CD34_marker_context"": 0.08552800178760123, ""score_GSE165870_bulk_support"": 0.03563695570984322, ""score_WGCNA_module_strength"": 0.20848894419848074, ""score_module_pathology_importance"": 0.15421393643450018, ""score_network_pharmacology_hit"": 0.2493692095735241}"
deterministic_jitter_433,deterministic_weight_jitter_pm25pct,"Each non-docking evidence weight multiplied by a deterministic random factor in [0.75, 1.25], then renormalized.",29,0.9666666666666667,0.9354838709677419,0.9487684729064035,"CDK6, CA2, HSP90AB1, PARP1, ACHE, HIF1A, CDK4, HSP90AA1, KIT, APEX1, SYK, TOP2A, CDK2, SIGMAR1, TERT, CD38, PTPN11, CHEK1, ARG1, MPO, PTGS2, CCNB1, MIF, GSK3B, AURKB, TBXAS1, MDM4, PRKDC, G6PD, FLT3","{""score_AA_direction_recovery"": 0.127925693485096, ""score_CD34_expression"": 0.16178347245466929, ""score_CD34_marker_context"": 0.07942578541827597, ""score_GSE165870_bulk_support"": 0.05173626378629928, ""score_WGCNA_module_strength"": 0.22507696681428138, ""score_module_pathology_importance"": 0.1229337353127034, ""score_network_pharmacology_hit"": 0.23111808272867462}"
deterministic_jitter_434,deterministic_weight_jitter_pm25pct,"Each non-docking evidence weight multiplied by a deterministic random factor in [0.75, 1.25], then renormalized.",28,0.9333333333333333,0.875,0.9556650246305418,"CDK6, CA2, HSP90AB1, PARP1, ACHE, KIT, HIF1A, CDK2, CDK4, TOP2A, CHEK1, APEX1, SYK, PTPN11, PTGS2, TERT, SIGMAR1, MDM4, ARG1, HSP90AA1, CD38, PRKDC, G6PD, CCNB1, TP53, TBXAS1, GSK3B, AURKB, HDAC1, MPO","{""score_AA_direction_recovery"": 0.1218510000344087, ""score_CD34_expression"": 0.10842718786523081, ""score_CD34_marker_context"": 0.11380592965058979, ""score_GSE165870_bulk_support"": 0.03921518119119686, ""score_WGCNA_module_strength"": 0.243986839819393, ""score_module_pathology_importance"": 0.16388070970800456, ""score_network_pharmacology_hit"": 0.20883315173117634}"
deterministic_jitter_435,deterministic_weight_jitter_pm25pct,"Each non-docking evidence weight multiplied by a deterministic random factor in [0.75, 1.25], then renormalized.",30,1.0,1.0,0.9719688542825362,"CDK6, CA2, HSP90AB1, PARP1, ACHE, HIF1A, KIT, CDK4, TOP2A, CDK2, APEX1, SYK, HSP90AA1, SIGMAR1, TERT, CHEK1, PTPN11, PTGS2, ARG1, CD38, MDM4, CCNB1, AURKB, TBXAS1, GSK3B, MPO, PRKDC, G6PD, PIK3CG, MIF","{""score_AA_direction_recovery"": 0.11890137207468604, ""score_CD34_expression"": 0.13163781829950602, ""score_CD34_marker_context"": 0.08290443108935211, ""score_GSE165870_bulk_support"": 0.05085416814768268, ""score_WGCNA_module_strength"": 0.24729585384827685, ""score_module_pathology_importance"": 0.1477390273035631, ""score_network_pharmacology_hit"": 0.22066732923693314}"
deterministic_jitter_436,deterministic_weight_jitter_pm25pct,"Each non-docking evidence weight multiplied by a deterministic random factor in [0.75, 1.25], then renormalized.",26,0.8666666666666667,0.7647058823529411,0.9883760683760683,"CDK6, CA2, HSP90AB1, PARP1, ACHE, KIT, HIF1A, CDK4, SYK, CDK2, APEX1, TOP2A, HSP90AA1, SIGMAR1, CHEK1, TERT, PTPN11, CD38, PTGS2, ARG1, MDM4, GSK3B, PIK3CG, PRKDC, TP53, HDAC1, G6PD, CCNB1, FLT3, PGD","{""score_AA_direction_recovery"": 0.13296524255036615, ""score_CD34_expression"": 0.11462574563611726, ""score_CD34_marker_context"": 0.12620623101643436, ""score_GSE165870_bulk_support"": 0.055493250131339524, ""score_WGCNA_module_strength"": 0.25454847373633804, ""score_module_pathology_importance"": 0.11435582460483497, ""score_network_pharmacology_hit"": 0.20180523232456968}"
deterministic_jitter_437,deterministic_weight_jitter_pm25pct,"Each non-docking evidence weight multiplied by a deterministic random factor in [0.75, 1.25], then renormalized.",28,0.9333333333333333,0.875,0.9715380405035577,"CDK6, CA2, HSP90AB1, PARP1, ACHE, HIF1A, KIT, CDK2, TOP2A, CDK4, APEX1, CHEK1, HSP90AA1, SYK, PTPN11, SIGMAR1, PTGS2, TERT, MDM4, ARG1, CD38, PRKDC, CCNB1, G6PD, AURKB, TBXAS1, MPO, TP53, GSK3B, PGD","{""score_AA_direction_recovery"": 0.10032429449288134, ""score_CD34_expression"": 0.12856139875996245, ""score_CD34_marker_context"": 0.09619099863560433, ""score_GSE165870_bulk_support"": 0.04275948838127765, ""score_WGCNA_module_strength"": 0.2566966141323886, ""score_module_pathology_importance"": 0.16804200436322483, ""score_network_pharmacology_hit"": 0.2074252012346608}"
deterministic_jitter_438,deterministic_weight_jitter_pm25pct,"Each non-docking evidence weight multiplied by a deterministic random factor in [0.75, 1.25], then renormalized.",29,0.9666666666666667,0.9354838709677419,0.9566502463054185,"CDK6, CA2, HSP90AB1, PARP1, ACHE, HIF1A, KIT, HSP90AA1, CDK4, APEX1, CDK2, TOP2A, SYK, SIGMAR1, CHEK1, PTPN11, MPO, TERT, MIF, PTGS2, CD38, ARG1, MDM4, PRKDC, CCNB1, AURKB, G6PD, GSK3B, TBXAS1, PGD","{""score_AA_direction_recovery"": 0.09211033606763701, ""score_CD34_expression"": 0.1747556839700496, ""score_CD34_marker_context"": 0.09143085472897168, ""score_GSE165870_bulk_support"": 0.04051698971263971, ""score_WGCNA_module_strength"": 0.2282977607114766, ""score_module_pathology_importance"": 0.15556987069667222, ""score_network_pharmacology_hit"": 0.21731850411255324}"
deterministic_jitter_439,deterministic_weight_jitter_pm25pct,"Each non-docking evidence weight multiplied by a deterministic random factor in [0.75, 1.25], then renormalized.",29,0.9666666666666667,0.9354838709677419,0.9655172413793103,"CDK6, CA2, HSP90AB1, PARP1, ACHE, HIF1A, KIT, CDK4, SYK, CDK2, TOP2A, APEX1, TERT, SIGMAR1, HSP90AA1, CHEK1, PTPN11, ARG1, PTGS2, CD38, MDM4, GSK3B, CCNB1, PIK3CG, G6PD, AURKB, TBXAS1, MPO, PRKDC, FLT3","{""score_AA_direction_recovery"": 0.09971298376017926, ""score_CD34_expression"": 0.1346733421407807, ""score_CD34_marker_context"": 0.10711863468253832, ""score_GSE165870_bulk_support"": 0.058716980880704255, ""score_WGCNA_module_strength"": 0.24934265045607235, ""score_module_pathology_importance"": 0.12851989174359416, ""score_network_pharmacology_hit"": 0.22191551633613094}"
deterministic_jitter_440,deterministic_weight_jitter_pm25pct,"Each non-docking evidence weight multiplied by a deterministic random factor in [0.75, 1.25], then renormalized.",29,0.9666666666666667,0.9354838709677419,0.9694581280788175,"CDK6, CA2, HSP90AB1, PARP1, ACHE, HIF1A, KIT, APEX1, CDK4, CDK2, HSP90AA1, CHEK1, SYK, TOP2A, MPO, PTPN11, PTGS2, TERT, ARG1, SIGMAR1, MDM4, CD38, PRKDC, MIF, CCNB1, G6PD, GSK3B, TBXAS1, AURKB, TP53","{""score_AA_direction_recovery"": 0.08884786712497598, ""score_CD34_expression"": 0.16228639407170392, ""score_CD34_marker_context"": 0.11961344688942377, ""score_GSE165870_bulk_support"": 0.04833352713402226, ""score_WGCNA_module_strength"": 0.19186428104807707, ""score_module_pathology_importance"": 0.168125207177232, ""score_network_pharmacology_hit"": 0.22092927655456487}"
deterministic_jitter_441,deterministic_weight_jitter_pm25pct,"Each non-docking evidence weight multiplied by a deterministic random factor in [0.75, 1.25], then renormalized.",29,0.9666666666666667,0.9354838709677419,0.9694581280788175,"CDK6, CA2, HSP90AB1, PARP1, ACHE, HIF1A, KIT, CDK2, CDK4, TOP2A, SYK, TERT, CHEK1, APEX1, PTPN11, SIGMAR1, PTGS2, ARG1, HSP90AA1, CD38, MDM4, GSK3B, CCNB1, MPO, G6PD, AURKB, TBXAS1, PRKDC, PIK3CG, FLT3","{""score_AA_direction_recovery"": 0.10902033474286969, ""score_CD34_expression"": 0.11941133055034515, ""score_CD34_marker_context"": 0.11775300992182104, ""score_GSE165870_bulk_support"": 0.036739538107913104, ""score_WGCNA_module_strength"": 0.23215416235069786, ""score_module_pathology_importance"": 0.14996877807543244, ""score_network_pharmacology_hit"": 0.23495284625092067}"
deterministic_jitter_442,deterministic_weight_jitter_pm25pct,"Each non-docking evidence weight multiplied by a deterministic random factor in [0.75, 1.25], then renormalized.",29,0.9666666666666667,0.9354838709677419,0.9788177339901475,"CDK6, CA2, HSP90AB1, PARP1, ACHE, HIF1A, CDK4, KIT, APEX1, HSP90AA1, CDK2, SYK, TOP2A, SIGMAR1, CHEK1, TERT, PTPN11, MPO, CD38, ARG1, PTGS2, CCNB1, GSK3B, PRKDC, MDM4, MIF, TBXAS1, AURKB, G6PD, FLT3","{""score_AA_direction_recovery"": 0.144094245922529, ""score_CD34_expression"": 0.15050319650017271, ""score_CD34_marker_context"": 0.10000202709938272, ""score_GSE165870_bulk_support"": 0.039930015950976984, ""score_WGCNA_module_strength"": 0.2023954599544869, ""score_module_pathology_importance"": 0.13327457776378457, ""score_network_pharmacology_hit"": 0.22980047680866705}"
deterministic_jitter_443,deterministic_weight_jitter_pm25pct,"Each non-docking evidence weight multiplied by a deterministic random factor in [0.75, 1.25], then renormalized.",29,0.9666666666666667,0.9354838709677419,0.9458128078817732,"CDK6, CA2, HSP90AB1, PARP1, ACHE, HIF1A, KIT, CDK2, TOP2A, CDK4, SYK, TERT, CHEK1, APEX1, ARG1, PTGS2, SIGMAR1, PTPN11, CD38, HSP90AA1, MDM4, GSK3B, CCNB1, TBXAS1, G6PD, AURKB, PIK3CG, MPO, PRKDC, FLT3","{""score_AA_direction_recovery"": 0.1024702399200662, ""score_CD34_expression"": 0.11422307906364347, ""score_CD34_marker_context"": 0.11302047683209858, ""score_GSE165870_bulk_support"": 0.05392676813442357, ""score_WGCNA_module_strength"": 0.2312717008743892, ""score_module_pathology_importance"": 0.14841788999674457, ""score_network_pharmacology_hit"": 0.23666984517863446}"
deterministic_jitter_444,deterministic_weight_jitter_pm25pct,"Each non-docking evidence weight multiplied by a deterministic random factor in [0.75, 1.25], then renormalized.",28,0.9333333333333333,0.875,0.9819376026272578,"CDK6, CA2, HSP90AB1, PARP1, ACHE, KIT, HIF1A, CDK4, CDK2, SYK, APEX1, TOP2A, CHEK1, HSP90AA1, TERT, PTPN11, SIGMAR1, PTGS2, MDM4, ARG1, CD38, GSK3B, PRKDC, PIK3CG, G6PD, CCNB1, TP53, MPO, HDAC1, TBXAS1","{""score_AA_direction_recovery"": 0.11025087329900961, ""score_CD34_expression"": 0.12530119276382398, ""score_CD34_marker_context"": 0.13438491136436323, ""score_GSE165870_bulk_support"": 0.044853056757879796, ""score_WGCNA_module_strength"": 0.24319513227245895, ""score_module_pathology_importance"": 0.13003578833693544, ""score_network_pharmacology_hit"": 0.21197904520552907}"
deterministic_jitter_445,deterministic_weight_jitter_pm25pct,"Each non-docking evidence weight multiplied by a deterministic random factor in [0.75, 1.25], then renormalized.",27,0.9,0.8181818181818182,0.9566544566544567,"CDK6, CA2, HSP90AB1, PARP1, ACHE, HIF1A, KIT, CDK2, CDK4, TOP2A, SYK, TERT, APEX1, CHEK1, SIGMAR1, ARG1, PTGS2, PTPN11, MPO, HSP90AA1, CD38, CCNB1, GSK3B, TBXAS1, AURKB, MDM4, G6PD, CDK1, FLT3, AR","{""score_AA_direction_recovery"": 0.12061979746631123, ""score_CD34_expression"": 0.13514169950379185, ""score_CD34_marker_context"": 0.09334019937007235, ""score_GSE165870_bulk_support"": 0.03755379574776454, ""score_WGCNA_module_strength"": 0.19951213617242347, ""score_module_pathology_importance"": 0.15394698180271754, ""score_network_pharmacology_hit"": 0.2598853899369191}"
deterministic_jitter_446,deterministic_weight_jitter_pm25pct,"Each non-docking evidence weight multiplied by a deterministic random factor in [0.75, 1.25], then renormalized.",29,0.9666666666666667,0.9354838709677419,0.9517241379310344,"CDK6, CA2, HSP90AB1, PARP1, ACHE, HIF1A, CDK4, HSP90AA1, APEX1, KIT, SYK, TOP2A, CDK2, SIGMAR1, TERT, CD38, CHEK1, PTPN11, MIF, MPO, ARG1, PTGS2, GSK3B, MDM4, CCNB1, PRKDC, PIK3CG, G6PD, FLT3, AURKB","{""score_AA_direction_recovery"": 0.09306991361968703, ""score_CD34_expression"": 0.17475853749580902, ""score_CD34_marker_context"": 0.1122898152337745, ""score_GSE165870_bulk_support"": 0.05589041879429533, ""score_WGCNA_module_strength"": 0.23093727356667595, ""score_module_pathology_importance"": 0.11110451493136358, ""score_network_pharmacology_hit"": 0.2219495263583946}"
deterministic_jitter_447,deterministic_weight_jitter_pm25pct,"Each non-docking evidence weight multiplied by a deterministic random factor in [0.75, 1.25], then renormalized.",29,0.9666666666666667,0.9354838709677419,0.9709359605911327,"CDK6, CA2, HSP90AB1, PARP1, ACHE, HIF1A, KIT, CDK2, CDK4, SYK, TOP2A, APEX1, CHEK1, TERT, PTPN11, PTGS2, ARG1, SIGMAR1, HSP90AA1, CD38, MPO, GSK3B, CCNB1, MDM4, TBXAS1, G6PD, AURKB, PRKDC, PIK3CG, CDK1","{""score_AA_direction_recovery"": 0.09522284999521273, ""score_CD34_expression"": 0.13563267464098983, ""score_CD34_marker_context"": 0.11961926677580295, ""score_GSE165870_bulk_support"": 0.044741552022123716, ""score_WGCNA_module_strength"": 0.20794138504655585, ""score_module_pathology_importance"": 0.15421730660691355, ""score_network_pharmacology_hit"": 0.24262496491240146}"
deterministic_jitter_448,deterministic_weight_jitter_pm25pct,"Each non-docking evidence weight multiplied by a deterministic random factor in [0.75, 1.25], then renormalized.",27,0.9,0.8181818181818182,0.898046398046398,"CDK6, HSP90AB1, CA2, PARP1, ACHE, KIT, HSP90AA1, CDK4, HIF1A, APEX1, TOP2A, CDK2, SYK, PRKDC, CHEK1, PTPN11, MDM4, MIF, SIGMAR1, PGD, CD38, PTGS2, HDAC1, TP53, TERT, ARG1, MPO, G6PD, CCNB1, GSK3B","{""score_AA_direction_recovery"": 0.13036777217674014, ""score_CD34_expression"": 0.15937151569866592, ""score_CD34_marker_context"": 0.11224162337817524, ""score_GSE165870_bulk_support"": 0.04506133102869713, ""score_WGCNA_module_strength"": 0.2429895420993321, ""score_module_pathology_importance"": 0.14237874788451926, ""score_network_pharmacology_hit"": 0.16758946773387026}"
deterministic_jitter_449,deterministic_weight_jitter_pm25pct,"Each non-docking evidence weight multiplied by a deterministic random factor in [0.75, 1.25], then renormalized.",30,1.0,1.0,0.9959955506117909,"CDK6, CA2, HSP90AB1, PARP1, ACHE, HIF1A, KIT, CDK4, CDK2, APEX1, SYK, HSP90AA1, TOP2A, CHEK1, PTPN11, TERT, SIGMAR1, PTGS2, ARG1, CD38, MDM4, PRKDC, MPO, GSK3B, CCNB1, G6PD, MIF, PIK3CG, TBXAS1, AURKB","{""score_AA_direction_recovery"": 0.11410207709417326, ""score_CD34_expression"": 0.13981456431348285, ""score_CD34_marker_context"": 0.12427066582052665, ""score_GSE165870_bulk_support"": 0.04484479340763721, ""score_WGCNA_module_strength"": 0.22202297615453845, ""score_module_pathology_importance"": 0.14081847955714671, ""score_network_pharmacology_hit"": 0.21412644365249478}"
deterministic_jitter_450,deterministic_weight_jitter_pm25pct,"Each non-docking evidence weight multiplied by a deterministic random factor in [0.75, 1.25], then renormalized.",28,0.9333333333333333,0.875,0.9649698960043787,"CDK6, CA2, HSP90AB1, PARP1, ACHE, HIF1A, CDK4, KIT, SYK, APEX1, CDK2, TOP2A, HSP90AA1, TERT, SIGMAR1, CD38, CHEK1, ARG1, GSK3B, PTPN11, MPO, PTGS2, CCNB1, PIK3CG, FLT3, MIF, IGF1R, MDM4, AURKB, TBXAS1","{""score_AA_direction_recovery"": 0.11947137075597822, ""score_CD34_expression"": 0.1516929428180876, ""score_CD34_marker_context"": 0.11819063994966467, ""score_GSE165870_bulk_support"": 0.0506752096939802, ""score_WGCNA_module_strength"": 0.20743244435603278, ""score_module_pathology_importance"": 0.10661318662139611, ""score_network_pharmacology_hit"": 0.24592420580486052}"
deterministic_jitter_451,deterministic_weight_jitter_pm25pct,"Each non-docking evidence weight multiplied by a deterministic random factor in [0.75, 1.25], then renormalized.",27,0.9,0.8181818181818182,0.8809523809523808,"CDK6, CA2, HSP90AB1, PARP1, ACHE, HSP90AA1, KIT, HIF1A, CDK4, APEX1, TOP2A, SYK, CDK2, PRKDC, MIF, CHEK1, PTPN11, SIGMAR1, MDM4, PGD, CD38, HDAC1, PTGS2, TERT, TP53, ARG1, MPO, G6PD, CCNB1, GSK3B","{""score_AA_direction_recovery"": 0.11267482745959859, ""score_CD34_expression"": 0.16912748845489914, ""score_CD34_marker_context"": 0.1071166470763816, ""score_GSE165870_bulk_support"": 0.054794602145254445, ""score_WGCNA_module_strength"": 0.24924591029793403, ""score_module_pathology_importance"": 0.13841288514732264, ""score_network_pharmacology_hit"": 0.16862763941860962}"
deterministic_jitter_452,deterministic_weight_jitter_pm25pct,"Each non-docking evidence weight multiplied by a deterministic random factor in [0.75, 1.25], then renormalized.",27,0.9,0.8181818181818182,0.9548229548229549,"CDK6, CA2, HSP90AB1, PARP1, ACHE, KIT, HIF1A, CDK4, HSP90AA1, APEX1, CDK2, TOP2A, SYK, CHEK1, PTPN11, PRKDC, SIGMAR1, MDM4, PTGS2, CD38, ARG1, TERT, MIF, MPO, PGD, TP53, HDAC1, CCNB1, G6PD, TBXAS1","{""score_AA_direction_recovery"": 0.1340538299342169, ""score_CD34_expression"": 0.1468232915912637, ""score_CD34_marker_context"": 0.11042665032842641, ""score_GSE165870_bulk_support"": 0.053395231438880746, ""score_WGCNA_module_strength"": 0.22418093568725592, ""score_module_pathology_importance"": 0.1465622919887874, ""score_network_pharmacology_hit"": 0.1845577690311689}"
deterministic_jitter_453,deterministic_weight_jitter_pm25pct,"Each non-docking evidence weight multiplied by a deterministic random factor in [0.75, 1.25], then renormalized.",29,0.9666666666666667,0.9354838709677419,0.9389162561576353,"CDK6, CA2, HSP90AB1, PARP1, ACHE, HIF1A, CDK4, SYK, KIT, APEX1, CDK2, HSP90AA1, TERT, TOP2A, MPO, SIGMAR1, CHEK1, CD38, PTPN11, GSK3B, ARG1, MIF, PTGS2, CCNB1, PIK3CG, FLT3, MDM4, G6PD, AURKB, PRKDC","{""score_AA_direction_recovery"": 0.09047444883869252, ""score_CD34_expression"": 0.17255170596070787, ""score_CD34_marker_context"": 0.13172679132081555, ""score_GSE165870_bulk_support"": 0.04528487365191626, ""score_WGCNA_module_strength"": 0.20084696836867488, ""score_module_pathology_importance"": 0.1110247038789182, ""score_network_pharmacology_hit"": 0.24809050798027477}"
deterministic_jitter_454,deterministic_weight_jitter_pm25pct,"Each non-docking evidence weight multiplied by a deterministic random factor in [0.75, 1.25], then renormalized.",28,0.9333333333333333,0.875,0.9463601532567051,"CDK6, CA2, ACHE, HSP90AB1, PARP1, HIF1A, KIT, CDK2, TOP2A, SYK, CDK4, TERT, SIGMAR1, APEX1, PTPN11, CHEK1, PTGS2, ARG1, CD38, HSP90AA1, MDM4, GSK3B, AURKB, PIK3CG, G6PD, CCNB1, TBXAS1, FLT3, CDK1, PRKDC","{""score_AA_direction_recovery"": 0.0939837795038356, ""score_CD34_expression"": 0.11449208766424082, ""score_CD34_marker_context"": 0.10473430496454823, ""score_GSE165870_bulk_support"": 0.03556987971183994, ""score_WGCNA_module_strength"": 0.2845291326027118, ""score_module_pathology_importance"": 0.13182343077010075, ""score_network_pharmacology_hit"": 0.23486738478272282}"
deterministic_jitter_455,deterministic_weight_jitter_pm25pct,"Each non-docking evidence weight multiplied by a deterministic random factor in [0.75, 1.25], then renormalized.",29,0.9666666666666667,0.9354838709677419,0.9586206896551722,"CDK6, CA2, HSP90AB1, PARP1, ACHE, HIF1A, KIT, CDK4, CDK2, SYK, APEX1, TERT, TOP2A, CHEK1, ARG1, HSP90AA1, MPO, PTGS2, SIGMAR1, PTPN11, CD38, GSK3B, CCNB1, TBXAS1, MDM4, G6PD, PIK3CG, AURKB, FLT3, PRKDC","{""score_AA_direction_recovery"": 0.10848739410579382, ""score_CD34_expression"": 0.14491070643511353, ""score_CD34_marker_context"": 0.12121280206094298, ""score_GSE165870_bulk_support"": 0.0538436818725341, ""score_WGCNA_module_strength"": 0.18202747211158582, ""score_module_pathology_importance"": 0.13978775521000592, ""score_network_pharmacology_hit"": 0.24973018820402382}"
deterministic_jitter_456,deterministic_weight_jitter_pm25pct,"Each non-docking evidence weight multiplied by a deterministic random factor in [0.75, 1.25], then renormalized.",30,1.0,1.0,0.9697441601779755,"CDK6, CA2, HSP90AB1, PARP1, ACHE, HIF1A, KIT, CDK4, SYK, APEX1, TOP2A, CDK2, HSP90AA1, SIGMAR1, TERT, CHEK1, PTPN11, CD38, ARG1, PTGS2, MDM4, GSK3B, PIK3CG, CCNB1, PRKDC, G6PD, AURKB, MPO, TBXAS1, MIF","{""score_AA_direction_recovery"": 0.10285265070888196, ""score_CD34_expression"": 0.13820287538281573, ""score_CD34_marker_context"": 0.10740179631738123, ""score_GSE165870_bulk_support"": 0.057650103499409126, ""score_WGCNA_module_strength"": 0.2539451641921371, ""score_module_pathology_importance"": 0.12226165044887774, ""score_network_pharmacology_hit"": 0.21768575945049706}"
deterministic_jitter_457,deterministic_weight_jitter_pm25pct,"Each non-docking evidence weight multiplied by a deterministic random factor in [0.75, 1.25], then renormalized.",27,0.9,0.8181818181818182,0.9853479853479853,"CDK6, CA2, HSP90AB1, PARP1, ACHE, KIT, HIF1A, CDK4, APEX1, CDK2, TOP2A, HSP90AA1, SYK, CHEK1, SIGMAR1, PTPN11, MDM4, TERT, PTGS2, CD38, PRKDC, ARG1, TP53, PGD, HDAC1, GSK3B, G6PD, MIF, CCNB1, PIK3CG","{""score_AA_direction_recovery"": 0.12015618103221565, ""score_CD34_expression"": 0.12840341820617998, ""score_CD34_marker_context"": 0.11344984096001363, ""score_GSE165870_bulk_support"": 0.04016587760417127, ""score_WGCNA_module_strength"": 0.2702153184839929, ""score_module_pathology_importance"": 0.13664372977018874, ""score_network_pharmacology_hit"": 0.19096563394323782}"
deterministic_jitter_458,deterministic_weight_jitter_pm25pct,"Each non-docking evidence weight multiplied by a deterministic random factor in [0.75, 1.25], then renormalized.",28,0.9333333333333333,0.875,0.9107827038861521,"CDK6, CA2, HSP90AB1, PARP1, ACHE, HSP90AA1, CDK4, KIT, APEX1, HIF1A, TOP2A, SYK, SIGMAR1, CDK2, PTPN11, MIF, CHEK1, CD38, TERT, PRKDC, MDM4, PTGS2, PGD, ARG1, HDAC1, AURKB, MPO, CCNB1, GSK3B, G6PD","{""score_AA_direction_recovery"": 0.12609867918293816, ""score_CD34_expression"": 0.16408780809255152, ""score_CD34_marker_context"": 0.08342057116251048, ""score_GSE165870_bulk_support"": 0.03705945331019312, ""score_WGCNA_module_strength"": 0.27858706395332217, ""score_module_pathology_importance"": 0.12412960628313702, ""score_network_pharmacology_hit"": 0.18661681801534757}"
deterministic_jitter_459,deterministic_weight_jitter_pm25pct,"Each non-docking evidence weight multiplied by a deterministic random factor in [0.75, 1.25], then renormalized.",28,0.9333333333333333,0.875,0.9797482211275315,"CDK6, CA2, HSP90AB1, PARP1, ACHE, HIF1A, KIT, HSP90AA1, CDK4, APEX1, TOP2A, CDK2, SYK, CHEK1, PTPN11, SIGMAR1, PTGS2, TERT, MDM4, ARG1, CD38, PRKDC, MIF, MPO, CCNB1, G6PD, AURKB, PGD, TBXAS1, HDAC1","{""score_AA_direction_recovery"": 0.10017155530563919, ""score_CD34_expression"": 0.15291726772267875, ""score_CD34_marker_context"": 0.09093273285909828, ""score_GSE165870_bulk_support"": 0.04683929462542892, ""score_WGCNA_module_strength"": 0.24757917523757772, ""score_module_pathology_importance"": 0.16015858514672596, ""score_network_pharmacology_hit"": 0.20140138910285124}"
deterministic_jitter_460,deterministic_weight_jitter_pm25pct,"Each non-docking evidence weight multiplied by a deterministic random factor in [0.75, 1.25], then renormalized.",28,0.9333333333333333,0.875,0.9594964422550629,"CDK6, CA2, HSP90AB1, PARP1, ACHE, HIF1A, CDK4, SYK, CDK2, APEX1, TOP2A, KIT, TERT, HSP90AA1, SIGMAR1, MPO, CD38, ARG1, PTPN11, CHEK1, PTGS2, GSK3B, CCNB1, AURKB, MIF, TBXAS1, CDK1, FLT3, G6PD, PIK3CG","{""score_AA_direction_recovery"": 0.09288075251629373, ""score_CD34_expression"": 0.1711701241536618, ""score_CD34_marker_context"": 0.08761712779808371, ""score_GSE165870_bulk_support"": 0.045476289376720616, ""score_WGCNA_module_strength"": 0.2144098944559769, ""score_module_pathology_importance"": 0.12443497057639831, ""score_network_pharmacology_hit"": 0.2640108411228649}"
deterministic_jitter_461,deterministic_weight_jitter_pm25pct,"Each non-docking evidence weight multiplied by a deterministic random factor in [0.75, 1.25], then renormalized.",28,0.9333333333333333,0.875,0.9611384783798578,"CDK6, CA2, HSP90AB1, PARP1, ACHE, HIF1A, KIT, CDK2, SYK, CDK4, TERT, TOP2A, APEX1, CHEK1, ARG1, PTGS2, SIGMAR1, PTPN11, CD38, HSP90AA1, GSK3B, MPO, CCNB1, MDM4, TBXAS1, PIK3CG, G6PD, AURKB, FLT3, IGF1R","{""score_AA_direction_recovery"": 0.10185161710339191, ""score_CD34_expression"": 0.12690001355152863, ""score_CD34_marker_context"": 0.12423203265268273, ""score_GSE165870_bulk_support"": 0.05098078986058857, ""score_WGCNA_module_strength"": 0.20806967774275226, ""score_module_pathology_importance"": 0.13872029559731794, ""score_network_pharmacology_hit"": 0.24924557349173806}"
deterministic_jitter_462,deterministic_weight_jitter_pm25pct,"Each non-docking evidence weight multiplied by a deterministic random factor in [0.75, 1.25], then renormalized.",29,0.9666666666666667,0.9354838709677419,0.9748768472906402,"CDK6, CA2, HSP90AB1, PARP1, ACHE, HIF1A, KIT, CDK4, SYK, TOP2A, APEX1, CDK2, HSP90AA1, SIGMAR1, TERT, CD38, CHEK1, PTPN11, ARG1, PTGS2, GSK3B, CCNB1, MDM4, MPO, AURKB, PIK3CG, TBXAS1, G6PD, MIF, FLT3","{""score_AA_direction_recovery"": 0.09670592855807582, ""score_CD34_expression"": 0.14714322547079456, ""score_CD34_marker_context"": 0.09460992540971326, ""score_GSE165870_bulk_support"": 0.05702890002506105, ""score_WGCNA_module_strength"": 0.2501692917735021, ""score_module_pathology_importance"": 0.12471228570466845, ""score_network_pharmacology_hit"": 0.22963044305818475}"
deterministic_jitter_463,deterministic_weight_jitter_pm25pct,"Each non-docking evidence weight multiplied by a deterministic random factor in [0.75, 1.25], then renormalized.",27,0.9,0.8181818181818182,0.9743589743589743,"CDK6, CA2, HSP90AB1, PARP1, ACHE, KIT, HIF1A, CDK4, HSP90AA1, APEX1, TOP2A, CDK2, SYK, CHEK1, PTPN11, SIGMAR1, PTGS2, MDM4, PRKDC, TERT, CD38, ARG1, PGD, TP53, CCNB1, HDAC1, MIF, G6PD, TBXAS1, AURKB","{""score_AA_direction_recovery"": 0.1348396420472754, ""score_CD34_expression"": 0.13353009559101034, ""score_CD34_marker_context"": 0.09213135136682252, ""score_GSE165870_bulk_support"": 0.048124538711038674, ""score_WGCNA_module_strength"": 0.2525702699288482, ""score_module_pathology_importance"": 0.15323340234801033, ""score_network_pharmacology_hit"": 0.1855707000069946}"
deterministic_jitter_464,deterministic_weight_jitter_pm25pct,"Each non-docking evidence weight multiplied by a deterministic random factor in [0.75, 1.25], then renormalized.",29,0.9666666666666667,0.9354838709677419,0.9699507389162559,"CDK6, CA2, HSP90AB1, PARP1, ACHE, HIF1A, KIT, CDK4, HSP90AA1, APEX1, CDK2, TOP2A, CHEK1, SYK, PTGS2, PTPN11, ARG1, MPO, TERT, SIGMAR1, CD38, PRKDC, MDM4, CCNB1, MIF, G6PD, TBXAS1, GSK3B, AURKB, HDAC1","{""score_AA_direction_recovery"": 0.10806185767668934, ""score_CD34_expression"": 0.15186193587003868, ""score_CD34_marker_context"": 0.10296694020748995, ""score_GSE165870_bulk_support"": 0.061232391348016335, ""score_WGCNA_module_strength"": 0.2013412309559285, ""score_module_pathology_importance"": 0.16350443145263394, ""score_network_pharmacology_hit"": 0.21103121248920328}"
deterministic_jitter_465,deterministic_weight_jitter_pm25pct,"Each non-docking evidence weight multiplied by a deterministic random factor in [0.75, 1.25], then renormalized.",28,0.9333333333333333,0.875,0.8921729611384784,"CDK6, CA2, HSP90AB1, PARP1, ACHE, HIF1A, KIT, CDK2, TERT, TOP2A, SYK, CDK4, ARG1, PTGS2, CHEK1, SIGMAR1, APEX1, PTPN11, CD38, CCNB1, GSK3B, MPO, TBXAS1, AURKB, HSP90AA1, G6PD, MDM4, IGF1R, PIK3CG, AR","{""score_AA_direction_recovery"": 0.1209680378950712, ""score_CD34_expression"": 0.10962581043326679, ""score_CD34_marker_context"": 0.09524127642614437, ""score_GSE165870_bulk_support"": 0.048867271539750574, ""score_WGCNA_module_strength"": 0.20338240116989478, ""score_module_pathology_importance"": 0.15454360842222442, ""score_network_pharmacology_hit"": 0.2673715941136479}"
deterministic_jitter_466,deterministic_weight_jitter_pm25pct,"Each non-docking evidence weight multiplied by a deterministic random factor in [0.75, 1.25], then renormalized.",30,1.0,1.0,0.9835372636262512,"CDK6, CA2, HSP90AB1, PARP1, ACHE, HIF1A, KIT, CDK4, CDK2, APEX1, SYK, TOP2A, HSP90AA1, TERT, CHEK1, SIGMAR1, ARG1, PTPN11, MPO, PTGS2, CD38, CCNB1, GSK3B, MDM4, MIF, G6PD, TBXAS1, PRKDC, AURKB, PIK3CG","{""score_AA_direction_recovery"": 0.0902176007861024, ""score_CD34_expression"": 0.15461759000443764, ""score_CD34_marker_context"": 0.11417682632088326, ""score_GSE165870_bulk_support"": 0.05468176775773208, ""score_WGCNA_module_strength"": 0.2074173448101358, ""score_module_pathology_importance"": 0.14245490319800763, ""score_network_pharmacology_hit"": 0.23643396712270123}"
deterministic_jitter_467,deterministic_weight_jitter_pm25pct,"Each non-docking evidence weight multiplied by a deterministic random factor in [0.75, 1.25], then renormalized.",28,0.9333333333333333,0.875,0.9512862616310892,"CDK6, CA2, HSP90AB1, PARP1, ACHE, HIF1A, KIT, CDK2, CDK4, TOP2A, SYK, TERT, SIGMAR1, APEX1, ARG1, CHEK1, PTGS2, CD38, PTPN11, HSP90AA1, GSK3B, CCNB1, AURKB, MPO, TBXAS1, MDM4, G6PD, FLT3, PIK3CG, IGF1R","{""score_AA_direction_recovery"": 0.12900806573477558, ""score_CD34_expression"": 0.12328152641306345, ""score_CD34_marker_context"": 0.09213488987528745, ""score_GSE165870_bulk_support"": 0.04160683480433084, ""score_WGCNA_module_strength"": 0.2261609066507942, ""score_module_pathology_importance"": 0.13461965632377018, ""score_network_pharmacology_hit"": 0.2531881201979784}"
deterministic_jitter_468,deterministic_weight_jitter_pm25pct,"Each non-docking evidence weight multiplied by a deterministic random factor in [0.75, 1.25], then renormalized.",28,0.9333333333333333,0.875,0.9332238642583469,"CDK6, CA2, HSP90AB1, PARP1, ACHE, HIF1A, KIT, CDK2, SYK, CDK4, TERT, TOP2A, APEX1, CHEK1, SIGMAR1, ARG1, GSK3B, CD38, PTGS2, PTPN11, MPO, HSP90AA1, PIK3CG, CCNB1, FLT3, TBXAS1, IGF1R, MDM4, AURKB, G6PD","{""score_AA_direction_recovery"": 0.10131607003981621, ""score_CD34_expression"": 0.12330971312458563, ""score_CD34_marker_context"": 0.13666886870426248, ""score_GSE165870_bulk_support"": 0.04531892449447173, ""score_WGCNA_module_strength"": 0.20694285328741893, ""score_module_pathology_importance"": 0.11890853654854493, ""score_network_pharmacology_hit"": 0.2675350338009001}"
deterministic_jitter_469,deterministic_weight_jitter_pm25pct,"Each non-docking evidence weight multiplied by a deterministic random factor in [0.75, 1.25], then renormalized.",27,0.9,0.8181818181818182,0.9511599511599511,"CDK6, CA2, HSP90AB1, PARP1, ACHE, HIF1A, CDK4, SYK, KIT, CDK2, TOP2A, TERT, SIGMAR1, APEX1, HSP90AA1, CD38, ARG1, GSK3B, PTPN11, CHEK1, PTGS2, MPO, CCNB1, AURKB, FLT3, PIK3CG, TBXAS1, IGF1R, CDK1, G6PD","{""score_AA_direction_recovery"": 0.11013449330300625, ""score_CD34_expression"": 0.14494886322254275, ""score_CD34_marker_context"": 0.09263082111365036, ""score_GSE165870_bulk_support"": 0.045602845750176195, ""score_WGCNA_module_strength"": 0.23414888619694812, ""score_module_pathology_importance"": 0.1076090202843583, ""score_network_pharmacology_hit"": 0.26492507012931804}"
deterministic_jitter_470,deterministic_weight_jitter_pm25pct,"Each non-docking evidence weight multiplied by a deterministic random factor in [0.75, 1.25], then renormalized.",28,0.9333333333333333,0.875,0.967159277504105,"CDK6, CA2, HSP90AB1, PARP1, ACHE, HIF1A, KIT, CDK4, CDK2, SYK, TOP2A, TERT, APEX1, SIGMAR1, CHEK1, ARG1, HSP90AA1, CD38, PTGS2, PTPN11, GSK3B, CCNB1, MPO, TBXAS1, AURKB, MDM4, PIK3CG, G6PD, FLT3, IGF1R","{""score_AA_direction_recovery"": 0.13703670850201852, ""score_CD34_expression"": 0.12170588038867941, ""score_CD34_marker_context"": 0.09945270515982248, ""score_GSE165870_bulk_support"": 0.04692583804495715, ""score_WGCNA_module_strength"": 0.22362587042277215, ""score_module_pathology_importance"": 0.12912334071894968, ""score_network_pharmacology_hit"": 0.24212965676280065}"
deterministic_jitter_471,deterministic_weight_jitter_pm25pct,"Each non-docking evidence weight multiplied by a deterministic random factor in [0.75, 1.25], then renormalized.",29,0.9666666666666667,0.9354838709677419,0.9714285714285712,"CDK6, CA2, HSP90AB1, PARP1, ACHE, HIF1A, KIT, CDK4, SYK, CDK2, APEX1, TOP2A, TERT, HSP90AA1, SIGMAR1, CHEK1, CD38, PTPN11, GSK3B, ARG1, PTGS2, MPO, CCNB1, PIK3CG, MDM4, FLT3, AURKB, G6PD, TBXAS1, MIF","{""score_AA_direction_recovery"": 0.12571837477679992, ""score_CD34_expression"": 0.14134012299785387, ""score_CD34_marker_context"": 0.12306023654123077, ""score_GSE165870_bulk_support"": 0.038570263166316704, ""score_WGCNA_module_strength"": 0.21257181356037114, ""score_module_pathology_importance"": 0.11324442127272424, ""score_network_pharmacology_hit"": 0.24549476768470338}"
deterministic_jitter_472,deterministic_weight_jitter_pm25pct,"Each non-docking evidence weight multiplied by a deterministic random factor in [0.75, 1.25], then renormalized.",27,0.9,0.8181818181818182,0.9481074481074481,"CDK6, CA2, HSP90AB1, PARP1, ACHE, KIT, HIF1A, CDK4, HSP90AA1, APEX1, TOP2A, CDK2, CHEK1, PTPN11, MDM4, SYK, PRKDC, SIGMAR1, PTGS2, TP53, PGD, ARG1, TERT, CD38, HDAC1, G6PD, MIF, CCNB1, TBXAS1, AURKB","{""score_AA_direction_recovery"": 0.12840177106376963, ""score_CD34_expression"": 0.1280512479764707, ""score_CD34_marker_context"": 0.09657735823915752, ""score_GSE165870_bulk_support"": 0.044450069984085856, ""score_WGCNA_module_strength"": 0.2689780481603994, ""score_module_pathology_importance"": 0.16490847027822794, ""score_network_pharmacology_hit"": 0.1686330342978889}"
deterministic_jitter_473,deterministic_weight_jitter_pm25pct,"Each non-docking evidence weight multiplied by a deterministic random factor in [0.75, 1.25], then renormalized.",30,1.0,1.0,0.9470522803114572,"CDK6, CA2, HSP90AB1, PARP1, ACHE, HIF1A, KIT, CDK4, CDK2, SYK, APEX1, MPO, CHEK1, HSP90AA1, TOP2A, TERT, ARG1, PTGS2, PTPN11, CD38, SIGMAR1, CCNB1, GSK3B, TBXAS1, MIF, MDM4, G6PD, PRKDC, AURKB, PIK3CG","{""score_AA_direction_recovery"": 0.1006817653090427, ""score_CD34_expression"": 0.1587332017245887, ""score_CD34_marker_context"": 0.12098839316912201, ""score_GSE165870_bulk_support"": 0.053917837707221326, ""score_WGCNA_module_strength"": 0.16635155421503375, ""score_module_pathology_importance"": 0.15142285218809642, ""score_network_pharmacology_hit"": 0.24790439568689498}"
deterministic_jitter_474,deterministic_weight_jitter_pm25pct,"Each non-docking evidence weight multiplied by a deterministic random factor in [0.75, 1.25], then renormalized.",27,0.9,0.8181818181818182,0.9578754578754578,"CDK6, CA2, HSP90AB1, PARP1, ACHE, KIT, HIF1A, CDK4, APEX1, CDK2, CHEK1, HSP90AA1, TOP2A, SYK, PTPN11, PTGS2, MDM4, PRKDC, ARG1, TERT, SIGMAR1, CD38, TP53, HDAC1, G6PD, PGD, MPO, CCNB1, MIF, TBXAS1","{""score_AA_direction_recovery"": 0.11708086256540308, ""score_CD34_expression"": 0.13008664437568448, ""score_CD34_marker_context"": 0.12759792224258715, ""score_GSE165870_bulk_support"": 0.05626148757873864, ""score_WGCNA_module_strength"": 0.22519784388698708, ""score_module_pathology_importance"": 0.1578979642676777, ""score_network_pharmacology_hit"": 0.18587727508292193}"
deterministic_jitter_475,deterministic_weight_jitter_pm25pct,"Each non-docking evidence weight multiplied by a deterministic random factor in [0.75, 1.25], then renormalized.",29,0.9666666666666667,0.9354838709677419,0.9753694581280786,"CDK6, CA2, HSP90AB1, PARP1, ACHE, HIF1A, KIT, CDK2, CDK4, TOP2A, CHEK1, APEX1, SYK, TERT, PTPN11, PTGS2, ARG1, SIGMAR1, HSP90AA1, MDM4, CD38, CCNB1, MPO, GSK3B, PRKDC, G6PD, TBXAS1, AURKB, PIK3CG, TP53","{""score_AA_direction_recovery"": 0.09988496878424043, ""score_CD34_expression"": 0.12515940786635163, ""score_CD34_marker_context"": 0.11672940219142598, ""score_GSE165870_bulk_support"": 0.043258391776201256, ""score_WGCNA_module_strength"": 0.22607014986580962, ""score_module_pathology_importance"": 0.1639055457570955, ""score_network_pharmacology_hit"": 0.2249921337588755}"
deterministic_jitter_476,deterministic_weight_jitter_pm25pct,"Each non-docking evidence weight multiplied by a deterministic random factor in [0.75, 1.25], then renormalized.",29,0.9666666666666667,0.9354838709677419,0.976847290640394,"CDK6, CA2, HSP90AB1, PARP1, ACHE, HIF1A, KIT, CDK4, CDK2, TOP2A, SYK, APEX1, SIGMAR1, TERT, HSP90AA1, CHEK1, PTPN11, PTGS2, ARG1, CD38, MDM4, GSK3B, CCNB1, AURKB, TBXAS1, MPO, G6PD, PRKDC, PIK3CG, FLT3","{""score_AA_direction_recovery"": 0.12115435936482566, ""score_CD34_expression"": 0.12826506872882038, ""score_CD34_marker_context"": 0.08999687604285454, ""score_GSE165870_bulk_support"": 0.037947909488895565, ""score_WGCNA_module_strength"": 0.2457234835458342, ""score_module_pathology_importance"": 0.14106722370720748, ""score_network_pharmacology_hit"": 0.23584507912156227}"
deterministic_jitter_477,deterministic_weight_jitter_pm25pct,"Each non-docking evidence weight multiplied by a deterministic random factor in [0.75, 1.25], then renormalized.",28,0.9333333333333333,0.875,0.9693486590038315,"CDK6, CA2, HSP90AB1, PARP1, ACHE, HIF1A, KIT, CDK2, TOP2A, CDK4, APEX1, SYK, CHEK1, SIGMAR1, TERT, HSP90AA1, PTPN11, PTGS2, ARG1, MDM4, CD38, CCNB1, AURKB, PRKDC, G6PD, TBXAS1, GSK3B, MPO, TP53, PGD","{""score_AA_direction_recovery"": 0.10162968074698288, ""score_CD34_expression"": 0.1274938174308135, ""score_CD34_marker_context"": 0.09428631172016566, ""score_GSE165870_bulk_support"": 0.04622499464456536, ""score_WGCNA_module_strength"": 0.25598020870820465, ""score_module_pathology_importance"": 0.15913458958338383, ""score_network_pharmacology_hit"": 0.2152503971658841}"
deterministic_jitter_478,deterministic_weight_jitter_pm25pct,"Each non-docking evidence weight multiplied by a deterministic random factor in [0.75, 1.25], then renormalized.",29,0.9666666666666667,0.9354838709677419,0.9738916256157631,"CDK6, CA2, HSP90AB1, PARP1, ACHE, HIF1A, CDK4, KIT, HSP90AA1, APEX1, SYK, TOP2A, CDK2, SIGMAR1, TERT, PTPN11, CHEK1, CD38, PTGS2, ARG1, MIF, MPO, MDM4, GSK3B, PRKDC, CCNB1, AURKB, G6PD, TBXAS1, PGD","{""score_AA_direction_recovery"": 0.11185852070914104, ""score_CD34_expression"": 0.16051603364669823, ""score_CD34_marker_context"": 0.0929920453708182, ""score_GSE165870_bulk_support"": 0.04141870881762775, ""score_WGCNA_module_strength"": 0.2486780316392199, ""score_module_pathology_importance"": 0.1265536536412873, ""score_network_pharmacology_hit"": 0.21798300617520766}"
deterministic_jitter_479,deterministic_weight_jitter_pm25pct,"Each non-docking evidence weight multiplied by a deterministic random factor in [0.75, 1.25], then renormalized.",29,0.9666666666666667,0.9354838709677419,0.9665024630541871,"CDK6, CA2, HSP90AB1, PARP1, ACHE, HIF1A, KIT, CDK4, APEX1, HSP90AA1, CDK2, TOP2A, CHEK1, SYK, PTPN11, PTGS2, MPO, ARG1, TERT, SIGMAR1, CD38, CCNB1, PRKDC, MDM4, MIF, TBXAS1, G6PD, GSK3B, AURKB, HDAC1","{""score_AA_direction_recovery"": 0.10512652421388391, ""score_CD34_expression"": 0.15446361984132873, ""score_CD34_marker_context"": 0.10345336879854677, ""score_GSE165870_bulk_support"": 0.05886640420728134, ""score_WGCNA_module_strength"": 0.19786842093806034, ""score_module_pathology_importance"": 0.16309173818905534, ""score_network_pharmacology_hit"": 0.21712992381184357}"
deterministic_jitter_480,deterministic_weight_jitter_pm25pct,"Each non-docking evidence weight multiplied by a deterministic random factor in [0.75, 1.25], then renormalized.",28,0.9333333333333333,0.875,0.9091406677613574,"CDK6, CA2, HSP90AB1, PARP1, ACHE, HIF1A, KIT, CDK2, TERT, SYK, CDK4, CHEK1, ARG1, TOP2A, PTGS2, APEX1, PTPN11, CD38, SIGMAR1, MPO, CCNB1, GSK3B, TBXAS1, HSP90AA1, MDM4, G6PD, AR, PIK3CG, AURKB, IGF1R","{""score_AA_direction_recovery"": 0.12047135932291428, ""score_CD34_expression"": 0.10988067017377637, ""score_CD34_marker_context"": 0.12031767000777158, ""score_GSE165870_bulk_support"": 0.05566122921094162, ""score_WGCNA_module_strength"": 0.1778206425772395, ""score_module_pathology_importance"": 0.15577249544466942, ""score_network_pharmacology_hit"": 0.26007593326268724}"
deterministic_jitter_481,deterministic_weight_jitter_pm25pct,"Each non-docking evidence weight multiplied by a deterministic random factor in [0.75, 1.25], then renormalized.",26,0.8666666666666667,0.7647058823529411,0.9623931623931624,"CDK6, CA2, HSP90AB1, PARP1, ACHE, KIT, HIF1A, TOP2A, CDK2, CDK4, APEX1, HSP90AA1, CHEK1, PTPN11, PTGS2, SIGMAR1, SYK, MDM4, ARG1, TERT, PRKDC, CD38, TP53, CCNB1, PGD, G6PD, TBXAS1, HDAC1, AURKB, PIK3CA","{""score_AA_direction_recovery"": 0.1244630350080398, ""score_CD34_expression"": 0.11813362032914633, ""score_CD34_marker_context"": 0.08484111596210066, ""score_GSE165870_bulk_support"": 0.04654931268476558, ""score_WGCNA_module_strength"": 0.26584595256095955, ""score_module_pathology_importance"": 0.17084953632293468, ""score_network_pharmacology_hit"": 0.1893174271320535}"
deterministic_jitter_482,deterministic_weight_jitter_pm25pct,"Each non-docking evidence weight multiplied by a deterministic random factor in [0.75, 1.25], then renormalized.",29,0.9666666666666667,0.9354838709677419,0.9665024630541871,"CDK6, CA2, HSP90AB1, PARP1, ACHE, HIF1A, KIT, CDK4, CDK2, SYK, APEX1, TOP2A, TERT, CHEK1, HSP90AA1, ARG1, MPO, PTGS2, SIGMAR1, PTPN11, CD38, CCNB1, GSK3B, TBXAS1, MDM4, G6PD, AURKB, PRKDC, PIK3CG, FLT3","{""score_AA_direction_recovery"": 0.11347094303725383, ""score_CD34_expression"": 0.14323782356811807, ""score_CD34_marker_context"": 0.10928934127780285, ""score_GSE165870_bulk_support"": 0.0546841003243039, ""score_WGCNA_module_strength"": 0.18900353347260263, ""score_module_pathology_importance"": 0.1472065265765266, ""score_network_pharmacology_hit"": 0.2431077317433922}"
deterministic_jitter_483,deterministic_weight_jitter_pm25pct,"Each non-docking evidence weight multiplied by a deterministic random factor in [0.75, 1.25], then renormalized.",29,0.9666666666666667,0.9354838709677419,0.9758620689655171,"CDK6, CA2, HSP90AB1, PARP1, ACHE, HIF1A, KIT, CDK2, CDK4, TOP2A, CHEK1, APEX1, SYK, TERT, PTGS2, PTPN11, ARG1, HSP90AA1, SIGMAR1, MDM4, CD38, MPO, CCNB1, GSK3B, G6PD, PRKDC, TBXAS1, AURKB, PIK3CG, TP53","{""score_AA_direction_recovery"": 0.0939456726063443, ""score_CD34_expression"": 0.1303744147470985, ""score_CD34_marker_context"": 0.11616668361197492, ""score_GSE165870_bulk_support"": 0.05020545695422019, ""score_WGCNA_module_strength"": 0.22361448523846883, ""score_module_pathology_importance"": 0.1617189590245002, ""score_network_pharmacology_hit"": 0.22397432781739302}"
deterministic_jitter_484,deterministic_weight_jitter_pm25pct,"Each non-docking evidence weight multiplied by a deterministic random factor in [0.75, 1.25], then renormalized.",28,0.9333333333333333,0.875,0.9222769567597153,"CDK6, CA2, HSP90AB1, PARP1, ACHE, HIF1A, KIT, CDK2, SYK, CDK4, TERT, TOP2A, ARG1, CHEK1, APEX1, SIGMAR1, PTGS2, CD38, PTPN11, GSK3B, MPO, CCNB1, HSP90AA1, TBXAS1, IGF1R, AURKB, PIK3CG, FLT3, G6PD, MDM4","{""score_AA_direction_recovery"": 0.12191157401762001, ""score_CD34_expression"": 0.12031645963688054, ""score_CD34_marker_context"": 0.10704192909735173, ""score_GSE165870_bulk_support"": 0.055275573563468204, ""score_WGCNA_module_strength"": 0.1954555386339119, ""score_module_pathology_importance"": 0.13512233722782258, ""score_network_pharmacology_hit"": 0.26487658782294504}"
deterministic_jitter_485,deterministic_weight_jitter_pm25pct,"Each non-docking evidence weight multiplied by a deterministic random factor in [0.75, 1.25], then renormalized.",26,0.8666666666666667,0.7647058823529411,0.8953846153846153,"CDK6, CA2, HSP90AB1, PARP1, ACHE, KIT, HIF1A, HSP90AA1, APEX1, CDK4, CDK2, CHEK1, TOP2A, MDM4, PRKDC, PTPN11, SYK, TP53, PTGS2, HDAC1, SIGMAR1, PGD, MIF, TERT, CD38, ARG1, G6PD, CCNB1, PIK3CA, MPO","{""score_AA_direction_recovery"": 0.10023431419323099, ""score_CD34_expression"": 0.14597615207232265, ""score_CD34_marker_context"": 0.11758187734808727, ""score_GSE165870_bulk_support"": 0.04506615754904141, ""score_WGCNA_module_strength"": 0.2671496791125675, ""score_module_pathology_importance"": 0.1645874727383864, ""score_network_pharmacology_hit"": 0.15940434698636372}"
deterministic_jitter_486,deterministic_weight_jitter_pm25pct,"Each non-docking evidence weight multiplied by a deterministic random factor in [0.75, 1.25], then renormalized.",29,0.9666666666666667,0.9354838709677419,0.9487684729064035,"CDK6, CA2, HSP90AB1, PARP1, ACHE, HIF1A, KIT, CDK4, CDK2, SYK, APEX1, TOP2A, HSP90AA1, MPO, TERT, CHEK1, SIGMAR1, ARG1, PTPN11, CD38, PTGS2, CCNB1, GSK3B, TBXAS1, AURKB, MIF, MDM4, G6PD, PRKDC, FLT3","{""score_AA_direction_recovery"": 0.11798386063690494, ""score_CD34_expression"": 0.15640686046680402, ""score_CD34_marker_context"": 0.10066412358626053, ""score_GSE165870_bulk_support"": 0.041772755187650085, ""score_WGCNA_module_strength"": 0.18588065624240327, ""score_module_pathology_importance"": 0.14541959800610613, ""score_network_pharmacology_hit"": 0.251872145873871}"
deterministic_jitter_487,deterministic_weight_jitter_pm25pct,"Each non-docking evidence weight multiplied by a deterministic random factor in [0.75, 1.25], then renormalized.",27,0.9,0.8181818181818182,0.8418803418803419,"CDK6, HSP90AB1, CA2, PARP1, ACHE, HSP90AA1, KIT, CDK4, APEX1, HIF1A, SYK, PRKDC, CDK2, MIF, TOP2A, CHEK1, PTPN11, MDM4, SIGMAR1, PGD, HDAC1, CD38, TP53, PTGS2, MPO, TERT, G6PD, ARG1, GSK3B, CCNB1","{""score_AA_direction_recovery"": 0.11686728092723896, ""score_CD34_expression"": 0.1703465297612098, ""score_CD34_marker_context"": 0.12856453415933788, ""score_GSE165870_bulk_support"": 0.037601303855780456, ""score_WGCNA_module_strength"": 0.24675807764933363, ""score_module_pathology_importance"": 0.13356664520707218, ""score_network_pharmacology_hit"": 0.16629562844002713}"
deterministic_jitter_488,deterministic_weight_jitter_pm25pct,"Each non-docking evidence weight multiplied by a deterministic random factor in [0.75, 1.25], then renormalized.",30,1.0,1.0,0.9688542825361514,"CDK6, CA2, HSP90AB1, PARP1, ACHE, HIF1A, CDK4, KIT, SYK, APEX1, TOP2A, CDK2, HSP90AA1, SIGMAR1, TERT, CD38, CHEK1, PTPN11, ARG1, PTGS2, GSK3B, MPO, MDM4, CCNB1, AURKB, MIF, PIK3CG, TBXAS1, PRKDC, G6PD","{""score_AA_direction_recovery"": 0.12112615413185203, ""score_CD34_expression"": 0.1459626001061085, ""score_CD34_marker_context"": 0.09908215419176507, ""score_GSE165870_bulk_support"": 0.04584740054249242, ""score_WGCNA_module_strength"": 0.24436650672306642, ""score_module_pathology_importance"": 0.1156789947508207, ""score_network_pharmacology_hit"": 0.22793618955389486}"
deterministic_jitter_489,deterministic_weight_jitter_pm25pct,"Each non-docking evidence weight multiplied by a deterministic random factor in [0.75, 1.25], then renormalized.",29,0.9666666666666667,0.9354838709677419,0.9960591133004923,"CDK6, CA2, HSP90AB1, PARP1, ACHE, HIF1A, KIT, CDK4, CDK2, SYK, APEX1, TOP2A, CHEK1, HSP90AA1, TERT, SIGMAR1, PTPN11, PTGS2, ARG1, CD38, MDM4, GSK3B, MPO, CCNB1, PRKDC, G6PD, TBXAS1, AURKB, PIK3CG, FLT3","{""score_AA_direction_recovery"": 0.12620238101289627, ""score_CD34_expression"": 0.1286411207599645, ""score_CD34_marker_context"": 0.11512682195285943, ""score_GSE165870_bulk_support"": 0.03821522218087988, ""score_WGCNA_module_strength"": 0.2259685594579883, ""score_module_pathology_importance"": 0.14177472579893363, ""score_network_pharmacology_hit"": 0.22407116883647799}"
deterministic_jitter_490,deterministic_weight_jitter_pm25pct,"Each non-docking evidence weight multiplied by a deterministic random factor in [0.75, 1.25], then renormalized.",27,0.9,0.8181818181818182,0.8931623931623932,"CDK6, CA2, ACHE, PARP1, HSP90AB1, HIF1A, KIT, CDK2, TERT, SYK, TOP2A, CDK4, SIGMAR1, APEX1, ARG1, CHEK1, CD38, GSK3B, PTGS2, PTPN11, AURKB, CCNB1, HSP90AA1, PIK3CG, TBXAS1, FLT3, MPO, MDM4, IGF1R, CDK1","{""score_AA_direction_recovery"": 0.10511884763664193, ""score_CD34_expression"": 0.11457059769828012, ""score_CD34_marker_context"": 0.10768098599287929, ""score_GSE165870_bulk_support"": 0.0361944686933523, ""score_WGCNA_module_strength"": 0.2403969479244363, ""score_module_pathology_importance"": 0.12186735711270574, ""score_network_pharmacology_hit"": 0.27417079494170427}"
deterministic_jitter_491,deterministic_weight_jitter_pm25pct,"Each non-docking evidence weight multiplied by a deterministic random factor in [0.75, 1.25], then renormalized.",28,0.9333333333333333,0.875,0.9370552818828681,"CDK6, CA2, HSP90AB1, PARP1, ACHE, HIF1A, KIT, CDK4, SYK, CDK2, TERT, APEX1, TOP2A, CHEK1, SIGMAR1, ARG1, GSK3B, CD38, MPO, HSP90AA1, PTPN11, PTGS2, CCNB1, PIK3CG, FLT3, TBXAS1, IGF1R, G6PD, MDM4, AURKB","{""score_AA_direction_recovery"": 0.12388544742816385, ""score_CD34_expression"": 0.13620592351196364, ""score_CD34_marker_context"": 0.13492876176704205, ""score_GSE165870_bulk_support"": 0.04278635587102678, ""score_WGCNA_module_strength"": 0.1838703665734909, ""score_module_pathology_importance"": 0.11451551920099623, ""score_network_pharmacology_hit"": 0.2638076256473165}"
deterministic_jitter_492,deterministic_weight_jitter_pm25pct,"Each non-docking evidence weight multiplied by a deterministic random factor in [0.75, 1.25], then renormalized.",27,0.9,0.8181818181818182,0.9676434676434676,"CDK6, CA2, HSP90AB1, PARP1, ACHE, KIT, HIF1A, CDK4, HSP90AA1, APEX1, SYK, TOP2A, CDK2, SIGMAR1, PTPN11, CHEK1, TERT, CD38, MDM4, PTGS2, MIF, ARG1, PRKDC, HDAC1, PGD, GSK3B, PIK3CG, G6PD, TP53, CCNB1","{""score_AA_direction_recovery"": 0.09710265349473528, ""score_CD34_expression"": 0.15559230026077883, ""score_CD34_marker_context"": 0.11053023485124482, ""score_GSE165870_bulk_support"": 0.05938355032895364, ""score_WGCNA_module_strength"": 0.26897523320128575, ""score_module_pathology_importance"": 0.11616738621273336, ""score_network_pharmacology_hit"": 0.19224864165026825}"
deterministic_jitter_493,deterministic_weight_jitter_pm25pct,"Each non-docking evidence weight multiplied by a deterministic random factor in [0.75, 1.25], then renormalized.",29,0.9666666666666667,0.9354838709677419,0.9551724137931031,"CDK6, CA2, HSP90AB1, PARP1, ACHE, HIF1A, CDK4, SYK, KIT, APEX1, CDK2, TOP2A, TERT, SIGMAR1, HSP90AA1, CD38, PTPN11, CHEK1, ARG1, GSK3B, MPO, PTGS2, CCNB1, AURKB, MIF, PIK3CG, FLT3, TBXAS1, MDM4, G6PD","{""score_AA_direction_recovery"": 0.09699555045301406, ""score_CD34_expression"": 0.160238987103446, ""score_CD34_marker_context"": 0.10026812330385393, ""score_GSE165870_bulk_support"": 0.04251182917054782, ""score_WGCNA_module_strength"": 0.23804149193798632, ""score_module_pathology_importance"": 0.11059870712553072, ""score_network_pharmacology_hit"": 0.2513453109056211}"
deterministic_jitter_494,deterministic_weight_jitter_pm25pct,"Each non-docking evidence weight multiplied by a deterministic random factor in [0.75, 1.25], then renormalized.",26,0.8666666666666667,0.7647058823529411,0.9165811965811965,"CDK6, CA2, HSP90AB1, PARP1, ACHE, KIT, HIF1A, CDK2, CHEK1, CDK4, APEX1, MDM4, TOP2A, PTPN11, HSP90AA1, PTGS2, SYK, PRKDC, TP53, ARG1, TERT, HDAC1, SIGMAR1, PGD, CD38, G6PD, PIK3CA, CCNB1, PIK3CG, TBXAS1","{""score_AA_direction_recovery"": 0.0970131808413117, ""score_CD34_expression"": 0.11409573209641419, ""score_CD34_marker_context"": 0.13443959274053113, ""score_GSE165870_bulk_support"": 0.05446005319888976, ""score_WGCNA_module_strength"": 0.2578218326885635, ""score_module_pathology_importance"": 0.16836917118679992, ""score_network_pharmacology_hit"": 0.17380043724748973}"
deterministic_jitter_495,deterministic_weight_jitter_pm25pct,"Each non-docking evidence weight multiplied by a deterministic random factor in [0.75, 1.25], then renormalized.",27,0.9,0.8181818181818182,0.9420024420024419,"CDK6, CA2, HSP90AB1, PARP1, ACHE, KIT, HIF1A, CDK4, APEX1, HSP90AA1, CDK2, CHEK1, TOP2A, SYK, PTPN11, PRKDC, MDM4, PTGS2, SIGMAR1, ARG1, TERT, CD38, TP53, HDAC1, PGD, MIF, G6PD, CCNB1, MPO, GSK3B","{""score_AA_direction_recovery"": 0.1266902661398331, ""score_CD34_expression"": 0.13325034648782502, ""score_CD34_marker_context"": 0.12271812160871677, ""score_GSE165870_bulk_support"": 0.05324588670132968, ""score_WGCNA_module_strength"": 0.23727924902782743, ""score_module_pathology_importance"": 0.14793300341057075, ""score_network_pharmacology_hit"": 0.1788831266238973}"
deterministic_jitter_496,deterministic_weight_jitter_pm25pct,"Each non-docking evidence weight multiplied by a deterministic random factor in [0.75, 1.25], then renormalized.",27,0.9,0.8181818181818182,0.8858363858363858,"CDK6, CA2, HSP90AB1, PARP1, ACHE, HSP90AA1, KIT, HIF1A, CDK4, APEX1, TOP2A, CDK2, PRKDC, CHEK1, SYK, PTPN11, MIF, MDM4, SIGMAR1, PTGS2, PGD, CD38, HDAC1, MPO, TP53, ARG1, TERT, CCNB1, G6PD, TBXAS1","{""score_AA_direction_recovery"": 0.12575097647336092, ""score_CD34_expression"": 0.16501252109104725, ""score_CD34_marker_context"": 0.1006778460439088, ""score_GSE165870_bulk_support"": 0.05245813338063236, ""score_WGCNA_module_strength"": 0.23605715733054716, ""score_module_pathology_importance"": 0.15312520563889015, ""score_network_pharmacology_hit"": 0.16691816004161328}"
deterministic_jitter_497,deterministic_weight_jitter_pm25pct,"Each non-docking evidence weight multiplied by a deterministic random factor in [0.75, 1.25], then renormalized.",27,0.9,0.8181818181818182,0.9188034188034188,"CDK6, CA2, HSP90AB1, PARP1, ACHE, KIT, HIF1A, HSP90AA1, APEX1, CDK4, TOP2A, CDK2, CHEK1, SYK, PTPN11, PRKDC, MDM4, MIF, SIGMAR1, PTGS2, PGD, HDAC1, CD38, TERT, TP53, ARG1, MPO, G6PD, CCNB1, AURKB","{""score_AA_direction_recovery"": 0.10239672683315529, ""score_CD34_expression"": 0.1620959288788995, ""score_CD34_marker_context"": 0.11153957113121123, ""score_GSE165870_bulk_support"": 0.04412436241861579, ""score_WGCNA_module_strength"": 0.25271461291417147, ""score_module_pathology_importance"": 0.1553368296535741, ""score_network_pharmacology_hit"": 0.17179196817037262}"
deterministic_jitter_498,deterministic_weight_jitter_pm25pct,"Each non-docking evidence weight multiplied by a deterministic random factor in [0.75, 1.25], then renormalized.",28,0.9333333333333333,0.875,0.9496442255062943,"CDK6, CA2, HSP90AB1, PARP1, ACHE, HIF1A, KIT, HSP90AA1, CDK4, APEX1, TOP2A, CDK2, SYK, SIGMAR1, PTPN11, CHEK1, TERT, MIF, MDM4, PTGS2, PRKDC, CD38, ARG1, MPO, PGD, CCNB1, G6PD, AURKB, HDAC1, GSK3B","{""score_AA_direction_recovery"": 0.10945589290991298, ""score_CD34_expression"": 0.16175077750201056, ""score_CD34_marker_context"": 0.09284713557680059, ""score_GSE165870_bulk_support"": 0.041657570021548206, ""score_WGCNA_module_strength"": 0.2506683869341923, ""score_module_pathology_importance"": 0.14764033463324977, ""score_network_pharmacology_hit"": 0.19597990242228555}"
deterministic_jitter_499,deterministic_weight_jitter_pm25pct,"Each non-docking evidence weight multiplied by a deterministic random factor in [0.75, 1.25], then renormalized.",27,0.9,0.8181818181818182,0.9255189255189256,"CDK6, CA2, HSP90AB1, PARP1, ACHE, KIT, HIF1A, HSP90AA1, CDK4, APEX1, CDK2, TOP2A, CHEK1, SYK, PRKDC, PTPN11, MDM4, SIGMAR1, MIF, PTGS2, CD38, PGD, TERT, ARG1, MPO, HDAC1, TP53, CCNB1, G6PD, TBXAS1","{""score_AA_direction_recovery"": 0.11836707574554413, ""score_CD34_expression"": 0.15897016959765914, ""score_CD34_marker_context"": 0.10834203274591729, ""score_GSE165870_bulk_support"": 0.04860938652243839, ""score_WGCNA_module_strength"": 0.2368716573710536, ""score_module_pathology_importance"": 0.15186937754985577, ""score_network_pharmacology_hit"": 0.17697030046753165}"
deterministic_jitter_500,deterministic_weight_jitter_pm25pct,"Each non-docking evidence weight multiplied by a deterministic random factor in [0.75, 1.25], then renormalized.",27,0.9,0.8181818181818182,0.9139194139194139,"CDK6, CA2, HSP90AB1, PARP1, ACHE, HIF1A, KIT, CDK4, HSP90AA1, APEX1, CDK2, CHEK1, SYK, TOP2A, PTPN11, PRKDC, MDM4, MPO, PTGS2, MIF, TERT, SIGMAR1, ARG1, CD38, CCNB1, G6PD, TP53, PGD, HDAC1, GSK3B","{""score_AA_direction_recovery"": 0.10704183428078574, ""score_CD34_expression"": 0.15751429115762747, ""score_CD34_marker_context"": 0.1279760995376592, ""score_GSE165870_bulk_support"": 0.0430565926415612, ""score_WGCNA_module_strength"": 0.2075198934605139, ""score_module_pathology_importance"": 0.16016688149013786, ""score_network_pharmacology_hit"": 0.19672440743171463}"
