time_ns	protein_sasa_nm2	protein_sasa_output_group_nm2
0.0	337.453	337.453
0.01	335.991	335.991
0.02	337.868	337.868
0.03	341.51	341.51
0.04	337.619	337.619
0.05	340.706	340.706
0.06	339.905	339.905
0.07	341.095	341.095
0.08	336.13	336.13
0.09	337.454	337.454
0.1	339.301	339.301
0.11	340.908	340.908
0.12	338.794	338.794
0.13	336.895	336.895
0.14	337.144	337.144
0.15	335.231	335.231
0.16	339.23	339.23
0.17	338.837	338.837
0.18	339.079	339.079
0.19	335.832	335.832
0.2	335.847	335.847
0.21	340.062	340.062
0.22	341.149	341.149
0.23	343.363	343.363
0.24	334.691	334.691
0.25	336.316	336.316
0.26	337.641	337.641
0.27	336.996	336.996
0.28	338.26	338.26
0.29	338.467	338.467
0.3	343.9	343.9
0.31	337.942	337.942
0.32	338.096	338.096
0.33	341.144	341.144
0.34	341.376	341.376
0.35	342.074	342.074
0.36	337.603	337.603
0.37	339.726	339.726
0.38	334.954	334.954
0.39	337.868	337.868
0.4	337.345	337.345
0.41	339.257	339.257
0.42	339.477	339.477
0.43	340.705	340.705
0.44	337.717	337.717
0.45	340.79	340.79
0.46	341.253	341.253
0.47	337.096	337.096
0.48	339.509	339.509
0.49	334.259	334.259
0.5	336.116	336.116
0.51	333.705	333.705
0.52	339.464	339.464
0.53	332.304	332.304
0.54	337.919	337.919
0.55	336.676	336.676
0.56	335.149	335.149
0.57	334.654	334.654
0.58	334.21	334.21
0.59	335.669	335.669
0.6	336.052	336.052
0.61	337.494	337.494
0.62	334.138	334.138
0.63	334.967	334.967
0.64	335.553	335.553
0.65	333.251	333.251
0.66	335.077	335.077
0.67	336.85	336.85
0.68	332.494	332.494
0.69	330.363	330.363
0.7	329.497	329.497
0.71	334.496	334.496
0.72	332.445	332.445
0.73	336.085	336.085
0.74	332.508	332.508
0.75	335.49	335.49
0.76	335.723	335.723
0.77	332.382	332.382
0.78	333.888	333.888
0.79	330.889	330.889
0.8	331.522	331.522
0.81	331.136	331.136
0.82	328.926	328.926
0.83	328.383	328.383
0.84	332.316	332.316
0.85	332.275	332.275
0.86	332.901	332.901
0.87	331.515	331.515
0.88	327.83	327.83
0.89	331.439	331.439
0.9	332.679	332.679
0.91	333.895	333.895
0.92	331.351	331.351
0.93	326.681	326.681
0.94	329.852	329.852
0.95	331.282	331.282
0.96	331.052	331.052
0.97	328.536	328.536
0.98	333.438	333.438
0.99	329.55	329.55
1.0	329.492	329.492
1.01	330.089	330.089
1.02	326.209	326.209
1.03	326.959	326.959
1.04	330.436	330.436
1.05	329.716	329.716
1.06	331.435	331.435
1.07	328.703	328.703
1.08	334.508	334.508
1.09	330.57	330.57
1.1	329.01	329.01
1.11	331.227	331.227
1.12	328.697	328.697
1.13	331.316	331.316
1.14	328.02	328.02
1.15	329.723	329.723
1.16	329.805	329.805
1.17	331.316	331.316
1.18	330.297	330.297
1.19	333.643	333.643
1.2	331.97	331.97
1.21	326.335	326.335
1.22	334.61	334.61
1.23	333.292	333.292
1.24	330.635	330.635
1.25	333.818	333.818
1.26	329.558	329.558
1.27	329.816	329.816
1.28	334.42	334.42
1.29	328.926	328.926
1.3	333.303	333.303
1.31	338.55	338.55
1.32	332.072	332.072
1.33	328.966	328.966
1.34	332.133	332.133
1.35	331.457	331.457
1.36	338.07	338.07
1.37	334.206	334.206
1.38	333.311	333.311
1.39	336.893	336.893
1.4	334.316	334.316
1.41	335.857	335.857
1.42	332.97	332.97
1.43	337.463	337.463
1.44	333.238	333.238
1.45	334.281	334.281
1.46	335.776	335.776
1.47	338.076	338.076
1.48	335.537	335.537
1.49	335.432	335.432
1.5	338.141	338.141
1.51	333.666	333.666
1.52	339.706	339.706
1.53	332.554	332.554
1.54	334.066	334.066
1.55	330.911	330.911
1.56	330.543	330.543
1.57	330.963	330.963
1.58	331.663	331.663
1.59	331.495	331.495
1.6	333.961	333.961
1.61	336.936	336.936
1.62	331.859	331.859
1.63	334.523	334.523
1.64	337.421	337.421
1.65	334.8	334.8
1.66	333.572	333.572
1.67	333.492	333.492
1.68	335.343	335.343
1.69	337.912	337.912
1.7	334.316	334.316
1.71	335.778	335.778
1.72	330.119	330.119
1.73	328.993	328.993
1.74	334.536	334.536
1.75	336.659	336.659
1.76	335.939	335.939
1.77	334.716	334.716
1.78	335.542	335.542
1.79	334.431	334.431
1.8	333.157	333.157
1.81	332.429	332.429
1.82	335.859	335.859
1.83	335.567	335.567
1.84	332.395	332.395
1.85	332.284	332.284
1.86	338.131	338.131
1.87	335.839	335.839
1.88	334.545	334.545
1.89	338.208	338.208
1.9	335.189	335.189
1.91	335.125	335.125
1.92	336.759	336.759
1.93	334.875	334.875
1.94	335.888	335.888
1.95	334.794	334.794
1.96	333.807	333.807
1.97	333.614	333.614
1.98	334.425	334.425
1.99	336.175	336.175
2.0	334.051	334.051
2.01	332.325	332.325
2.02	330.561	330.561
2.03	334.105	334.105
2.04	333.64	333.64
2.05	337.157	337.157
2.06	338.35	338.35
2.07	336.868	336.868
2.08	336.799	336.799
2.09	334.581	334.581
2.1	339.654	339.654
2.11	340.202	340.202
2.12	339.069	339.069
2.13	338.144	338.144
2.14	337.099	337.099
2.15	332.608	332.608
2.16	333.243	333.243
2.17	334.778	334.778
2.18	335.389	335.389
2.19	336.325	336.325
2.2	336.719	336.719
2.21	338.754	338.754
2.22	335.337	335.337
2.23	334.553	334.553
2.24	333.793	333.793
2.25	327.876	327.876
2.26	333.735	333.735
2.27	331.508	331.508
2.28	334.559	334.559
2.29	335.375	335.375
2.3	338.348	338.348
2.31	335.134	335.134
2.32	331.066	331.066
2.33	333.839	333.839
2.34	332.3	332.3
2.35	326.575	326.575
2.36	331.412	331.412
2.37	330.074	330.074
2.38	332.286	332.286
2.39	331.667	331.667
2.4	331.363	331.363
2.41	332.887	332.887
2.42	328.328	328.328
2.43	327.682	327.682
2.44	327.968	327.968
2.45	330.265	330.265
2.46	328.998	328.998
2.47	331.836	331.836
2.48	331.697	331.697
2.49	331.722	331.722
2.5	327.869	327.869
2.51	330.632	330.632
2.52	330.15	330.15
2.53	333.199	333.199
2.54	332.633	332.633
2.55	328.907	328.907
2.56	328.327	328.327
2.57	330.23	330.23
2.58	329.432	329.432
2.59	331.366	331.366
2.6	334.004	334.004
2.61	332.504	332.504
2.62	329.073	329.073
2.63	330.126	330.126
2.64	334.105	334.105
2.65	329.5	329.5
2.66	328.739	328.739
2.67	329.769	329.769
2.68	330.826	330.826
2.69	325.251	325.251
2.7	330.291	330.291
2.71	324.903	324.903
2.72	325.51	325.51
2.73	329.642	329.642
2.74	328.365	328.365
2.75	331.038	331.038
2.76	329.453	329.453
2.77	327.183	327.183
2.78	325.912	325.912
2.79	330.587	330.587
2.8	329.348	329.348
2.81	328.034	328.034
2.82	330.777	330.777
2.83	324.231	324.231
2.84	322.48	322.48
2.85	326.719	326.719
2.86	330.283	330.283
2.87	329.205	329.205
2.88	327.661	327.661
2.89	333.805	333.805
2.9	329.755	329.755
2.91	328.566	328.566
2.92	330.56	330.56
2.93	324.879	324.879
2.94	330.803	330.803
2.95	335.282	335.282
2.96	333.928	333.928
2.97	332.78	332.78
2.98	336.048	336.048
2.99	331.876	331.876
3.0	334.722	334.722
3.01	330.658	330.658
3.02	331.473	331.473
3.03	333.138	333.138
3.04	329.371	329.371
3.05	329.478	329.478
3.06	333.668	333.668
3.07	331.808	331.808
3.08	334.664	334.664
3.09	333.844	333.844
3.1	334.788	334.788
3.11	339.089	339.089
3.12	335.174	335.174
3.13	333.784	333.784
3.14	331.426	331.426
3.15	330.284	330.284
3.16	329.553	329.553
3.17	331.513	331.513
3.18	331.041	331.041
3.19	334.464	334.464
3.2	331.97	331.97
3.21	327.52	327.52
3.22	327.445	327.445
3.23	329.488	329.488
3.24	329.396	329.396
3.25	334.299	334.299
3.26	328.639	328.639
3.27	331.931	331.931
3.28	331.862	331.862
3.29	328.527	328.527
3.3	332.129	332.129
3.31	330.976	330.976
3.32	330.251	330.251
3.33	333.155	333.155
3.34	327.831	327.831
3.35	332.967	332.967
3.36	333.6	333.6
3.37	328.388	328.388
3.38	333.302	333.302
3.39	327.634	327.634
3.4	327.509	327.509
3.41	329.43	329.43
3.42	334.311	334.311
3.43	331.031	331.031
3.44	328.253	328.253
3.45	330.237	330.237
3.46	330.398	330.398
3.47	334.162	334.162
3.48	330.25	330.25
3.49	333.004	333.004
3.5	331.957	331.957
3.51	326.673	326.673
3.52	330.524	330.524
3.53	325.689	325.689
3.54	327.356	327.356
3.55	331.529	331.529
3.56	327.053	327.053
3.57	330.415	330.415
3.58	334.642	334.642
3.59	330.583	330.583
3.6	332.764	332.764
3.61	331.573	331.573
3.62	330.172	330.172
3.63	334.647	334.647
3.64	334.446	334.446
3.65	334.805	334.805
3.66	330.7	330.7
3.67	334.36	334.36
3.68	332.466	332.466
3.69	334.877	334.877
3.7	332.396	332.396
3.71	333.076	333.076
3.72	331.563	331.563
3.73	333.545	333.545
3.74	334.321	334.321
3.75	332.941	332.941
3.76	329.933	329.933
3.77	332.062	332.062
3.78	336.144	336.144
3.79	336.969	336.969
3.8	331.795	331.795
3.81	333.646	333.646
3.82	334.365	334.365
3.83	330.039	330.039
3.84	329.06	329.06
3.85	331.747	331.747
3.86	331.695	331.695
3.87	336.522	336.522
3.88	335.326	335.326
3.89	329.503	329.503
3.9	332.397	332.397
3.91	334.575	334.575
3.92	331.271	331.271
3.93	338.684	338.684
3.94	334.751	334.751
3.95	334.51	334.51
3.96	331.358	331.358
3.97	333.638	333.638
3.98	328.755	328.755
3.99	328.251	328.251
4.0	331.016	331.016
4.01	333.743	333.743
4.02	333.167	333.167
4.03	334.951	334.951
4.04	333.596	333.596
4.05	329.601	329.601
4.06	334.581	334.581
4.07	329.834	329.834
4.08	329.385	329.385
4.09	328.837	328.837
4.1	328.863	328.863
4.11	329.026	329.026
4.12	331.47	331.47
4.13	330.584	330.584
4.14	335.772	335.772
4.15	331.025	331.025
4.16	329.584	329.584
4.17	329.289	329.289
4.18	332.363	332.363
4.19	331.938	331.938
4.2	334.464	334.464
4.21	334.429	334.429
4.22	330.884	330.884
4.23	335.026	335.026
4.24	333.205	333.205
4.25	331.903	331.903
4.26	336.387	336.387
4.27	330.834	330.834
4.28	330.992	330.992
4.29	329.228	329.228
4.3	331.738	331.738
4.31	327.965	327.965
4.32	335.04	335.04
4.33	331.192	331.192
4.34	328.976	328.976
4.35	331.226	331.226
4.36	329.984	329.984
4.37	332.704	332.704
4.38	331.931	331.931
4.39	327.156	327.156
4.4	329.428	329.428
4.41	328.982	328.982
4.42	328.306	328.306
4.43	328.185	328.185
4.44	331.821	331.821
4.45	332.537	332.537
4.46	328.755	328.755
4.47	330.694	330.694
4.48	329.535	329.535
4.49	328.757	328.757
4.5	326.251	326.251
4.51	328.997	328.997
4.52	327.179	327.179
4.53	326.972	326.972
4.54	330.907	330.907
4.55	333.568	333.568
4.56	331.164	331.164
4.57	329.164	329.164
4.58	330.778	330.778
4.59	329.759	329.759
4.6	335.442	335.442
4.61	331.549	331.549
4.62	332.412	332.412
4.63	333.577	333.577
4.64	332.647	332.647
4.65	334.105	334.105
4.66	328.675	328.675
4.67	329.826	329.826
4.68	329.904	329.904
4.69	329.57	329.57
4.7	328.524	328.524
4.71	326.183	326.183
4.72	330.531	330.531
4.73	330.312	330.312
4.74	329.327	329.327
4.75	332.647	332.647
4.76	328.802	328.802
4.77	333.695	333.695
4.78	328.293	328.293
4.79	327.659	327.659
4.8	329.29	329.29
4.81	331.306	331.306
4.82	330.864	330.864
4.83	329.063	329.063
4.84	335.04	335.04
4.85	329.202	329.202
4.86	332.113	332.113
4.87	333.061	333.061
4.88	333.387	333.387
4.89	333.078	333.078
4.9	333.583	333.583
4.91	337.68	337.68
4.92	335.85	335.85
4.93	335.653	335.653
4.94	330.951	330.951
4.95	333.472	333.472
4.96	333.66	333.66
4.97	330.84	330.84
4.98	330.782	330.782
4.99	327.978	327.978
5.0	332.602	332.602
5.01	330.208	330.208
5.02	332.077	332.077
5.03	336.395	336.395
5.04	334.703	334.703
5.05	336.149	336.149
5.06	332.881	332.881
5.07	331.782	331.782
5.08	334.664	334.664
5.09	333.449	333.449
5.1	330.469	330.469
5.11	331.766	331.766
5.12	333.486	333.486
5.13	332.254	332.254
5.14	335.001	335.001
5.15	334.277	334.277
5.16	332.776	332.776
5.17	338.308	338.308
5.18	334.277	334.277
5.19	335.875	335.875
5.2	333.853	333.853
5.21	333.155	333.155
5.22	337.75	337.75
5.23	331.424	331.424
5.24	335.765	335.765
5.25	338.256	338.256
5.26	334.945	334.945
5.27	336.11	336.11
5.28	337.243	337.243
5.29	340.878	340.878
5.3	335.058	335.058
5.31	334.333	334.333
5.32	335.583	335.583
5.33	333.257	333.257
5.34	333.051	333.051
5.35	335.05	335.05
5.36	336.828	336.828
5.37	336.012	336.012
5.38	334.417	334.417
5.39	331.165	331.165
5.4	331.961	331.961
5.41	332.813	332.813
5.42	334.218	334.218
5.43	332.839	332.839
5.44	327.184	327.184
5.45	325.054	325.054
5.46	330.4	330.4
5.47	327.791	327.791
5.48	330.874	330.874
5.49	329.583	329.583
5.5	326.934	326.934
5.51	327.497	327.497
5.52	327.156	327.156
5.53	331.402	331.402
5.54	326.871	326.871
5.55	331.541	331.541
5.56	332.147	332.147
5.57	326.628	326.628
5.58	328.877	328.877
5.59	331.018	331.018
5.6	328.565	328.565
5.61	326.093	326.093
5.62	329.654	329.654
5.63	330.829	330.829
5.64	328.899	328.899
5.65	328.312	328.312
5.66	325.791	325.791
5.67	327.601	327.601
5.68	328.284	328.284
5.69	327.458	327.458
5.7	329.389	329.389
5.71	325.208	325.208
5.72	330.369	330.369
5.73	329.761	329.761
5.74	326.829	326.829
5.75	330.476	330.476
5.76	328.158	328.158
5.77	325.266	325.266
5.78	326.831	326.831
5.79	326.835	326.835
5.8	330.272	330.272
5.81	326.773	326.773
5.82	330.424	330.424
5.83	327.992	327.992
5.84	322.513	322.513
5.85	329.49	329.49
5.86	324.622	324.622
5.87	329.343	329.343
5.88	325.875	325.875
5.89	330.233	330.233
5.9	328.606	328.606
5.91	327.699	327.699
5.92	330.478	330.478
5.93	327.83	327.83
5.94	327.211	327.211
5.95	331.365	331.365
5.96	326.937	326.937
5.97	333.025	333.025
5.98	328.785	328.785
5.99	329.529	329.529
6.0	327.62	327.62
6.01	327.596	327.596
6.02	327.102	327.102
6.03	327.169	327.169
6.04	328.013	328.013
6.05	330.116	330.116
6.06	332.742	332.742
6.07	331.942	331.942
6.08	331.273	331.273
6.09	334.995	334.995
6.1	332.523	332.523
6.11	329.715	329.715
6.12	331.53	331.53
6.13	326.192	326.192
6.14	326.066	326.066
6.15	331.431	331.431
6.16	332.361	332.361
6.17	328.618	328.618
6.18	328.727	328.727
6.19	333.701	333.701
6.2	328.704	328.704
6.21	325.237	325.237
6.22	331.207	331.207
6.23	327.277	327.277
6.24	325.347	325.347
6.25	327.981	327.981
6.26	329.417	329.417
6.27	326.256	326.256
6.28	327.674	327.674
6.29	325.2	325.2
6.3	324.219	324.219
6.31	327.95	327.95
6.32	328.435	328.435
6.33	326.664	326.664
6.34	326.877	326.877
6.35	324.473	324.473
6.36	324.158	324.158
6.37	326.504	326.504
6.38	329.332	329.332
6.39	327.778	327.778
6.4	325.947	325.947
6.41	325.773	325.773
6.42	330.617	330.617
6.43	326.327	326.327
6.44	328.205	328.205
6.45	327.339	327.339
6.46	324.998	324.998
6.47	327.789	327.789
6.48	329.294	329.294
6.49	330.183	330.183
6.5	324.177	324.177
6.51	328.292	328.292
6.52	329.209	329.209
6.53	327.867	327.867
6.54	326.237	326.237
6.55	330.659	330.659
6.56	328.742	328.742
6.57	323.158	323.158
6.58	324.103	324.103
6.59	321.972	321.972
6.6	327.403	327.403
6.61	321.534	321.534
6.62	324.65	324.65
6.63	322.566	322.566
6.64	325.823	325.823
6.65	323.81	323.81
6.66	324.588	324.588
6.67	329.874	329.874
6.68	325.141	325.141
6.69	328.764	328.764
6.7	325.213	325.213
6.71	331.875	331.875
6.72	326.6	326.6
6.73	325.304	325.304
6.74	323.843	323.843
6.75	322.678	322.678
6.76	322.92	322.92
6.77	320.786	320.786
6.78	324.846	324.846
6.79	327.138	327.138
6.8	324.91	324.91
6.81	330.031	330.031
6.82	326.316	326.316
6.83	328.399	328.399
6.84	324.515	324.515
6.85	327.714	327.714
6.86	325.535	325.535
6.87	327.069	327.069
6.88	325.347	325.347
6.89	328.829	328.829
6.9	330.12	330.12
6.91	328.443	328.443
6.92	325.991	325.991
6.93	323.599	323.599
6.94	325.731	325.731
6.95	325.779	325.779
6.96	326.979	326.979
6.97	323.244	323.244
6.98	325.986	325.986
6.99	325.574	325.574
7.0	329.878	329.878
7.01	327.946	327.946
7.02	329.161	329.161
7.03	326.928	326.928
7.04	331.927	331.927
7.05	324.528	324.528
7.06	326.438	326.438
7.07	324.161	324.161
7.08	322.857	322.857
7.09	321.818	321.818
7.1	325.277	325.277
7.11	322.595	322.595
7.12	328.465	328.465
7.13	325.844	325.844
7.14	323.484	323.484
7.15	326.719	326.719
7.16	328.503	328.503
7.17	328.504	328.504
7.18	326.195	326.195
7.19	321.813	321.813
7.2	325.398	325.398
7.21	322.303	322.303
7.22	326.414	326.414
7.23	329.131	329.131
7.24	325.888	325.888
7.25	329.226	329.226
7.26	327.942	327.942
7.27	329.115	329.115
7.28	331.313	331.313
7.29	330.353	330.353
7.3	326.37	326.37
7.31	325.445	325.445
7.32	327.666	327.666
7.33	326.447	326.447
7.34	322.027	322.027
7.35	326.223	326.223
7.36	326.28	326.28
7.37	330.762	330.762
7.38	328.416	328.416
7.39	328.162	328.162
7.4	324.59	324.59
7.41	326.901	326.901
7.42	325.734	325.734
7.43	326.651	326.651
7.44	328.386	328.386
7.45	329.86	329.86
7.46	325.65	325.65
7.47	327.502	327.502
7.48	326.068	326.068
7.49	329.112	329.112
7.5	326.235	326.235
7.51	330.236	330.236
7.52	329.032	329.032
7.53	331.337	331.337
7.54	327.27	327.27
7.55	331.782	331.782
7.56	329.35	329.35
7.57	331.443	331.443
7.58	330.17	330.17
7.59	326.772	326.772
7.6	325.285	325.285
7.61	327.305	327.305
7.62	327.824	327.824
7.63	327.195	327.195
7.64	325.906	325.906
7.65	328.802	328.802
7.66	328.876	328.876
7.67	328.644	328.644
7.68	331.228	331.228
7.69	328.336	328.336
7.7	335.42	335.42
7.71	331.721	331.721
7.72	329.988	329.988
7.73	325.896	325.896
7.74	329.279	329.279
7.75	329.681	329.681
7.76	331.552	331.552
7.77	329.01	329.01
7.78	333.55	333.55
7.79	334.478	334.478
7.8	333.116	333.116
7.81	330.714	330.714
7.82	332.414	332.414
7.83	328.467	328.467
7.84	333.118	333.118
7.85	333.042	333.042
7.86	331.631	331.631
7.87	330.552	330.552
7.88	332.575	332.575
7.89	331.18	331.18
7.9	329.964	329.964
7.91	329.614	329.614
7.92	330.026	330.026
7.93	335.191	335.191
7.94	331.547	331.547
7.95	331.086	331.086
7.96	332.523	332.523
7.97	332.084	332.084
7.98	332.55	332.55
7.99	329.432	329.432
8.0	335.565	335.565
8.01	330.915	330.915
8.02	327.93	327.93
8.03	334.85	334.85
8.04	336.291	336.291
8.05	332.092	332.092
8.06	333.731	333.731
8.07	330.666	330.666
8.08	329.703	329.703
8.09	330.959	330.959
8.1	327.452	327.452
8.11	330.871	330.871
8.12	335.132	335.132
8.13	330.609	330.609
8.14	330.31	330.31
8.15	331.168	331.168
8.16	337.039	337.039
8.17	331.241	331.241
8.18	333.256	333.256
8.19	336.862	336.862
8.2	336.569	336.569
8.21	333.423	333.423
8.22	333.8	333.8
8.23	335.241	335.241
8.24	335.194	335.194
8.25	338.127	338.127
8.26	332.728	332.728
8.27	334.715	334.715
8.28	333.904	333.904
8.29	332.926	332.926
8.3	330.553	330.553
8.31	331.681	331.681
8.32	330.727	330.727
8.33	332.156	332.156
8.34	329.668	329.668
8.35	334.29	334.29
8.36	332.327	332.327
8.37	332.844	332.844
8.38	335.049	335.049
8.39	329.613	329.613
8.4	331.452	331.452
8.41	328.93	328.93
8.42	330.385	330.385
8.43	330.975	330.975
8.44	327.532	327.532
8.45	331.359	331.359
8.46	329.577	329.577
8.47	326.499	326.499
8.48	332.008	332.008
8.49	328.425	328.425
8.5	332.353	332.353
8.51	329.828	329.828
8.52	328.125	328.125
8.53	327.951	327.951
8.54	331.187	331.187
8.55	326.985	326.985
8.56	330.335	330.335
8.57	334.486	334.486
8.58	330.806	330.806
8.59	327.56	327.56
8.6	328.77	328.77
8.61	326.802	326.802
8.62	329.712	329.712
8.63	329.636	329.636
8.64	330.274	330.274
8.65	328.157	328.157
8.66	327.166	327.166
8.67	327.686	327.686
8.68	326.715	326.715
8.69	328.193	328.193
8.7	326.82	326.82
8.71	325.207	325.207
8.72	326.501	326.501
8.73	331.645	331.645
8.74	330.227	330.227
8.75	331.27	331.27
8.76	324.739	324.739
8.77	329.018	329.018
8.78	328.006	328.006
8.79	330.755	330.755
8.8	327.346	327.346
8.81	330.32	330.32
8.82	328.33	328.33
8.83	326.449	326.449
8.84	328.432	328.432
8.85	327.901	327.901
8.86	328.573	328.573
8.87	324.205	324.205
8.88	326.21	326.21
8.89	329.777	329.777
8.9	324.089	324.089
8.91	324.438	324.438
8.92	327.542	327.542
8.93	322.259	322.259
8.94	325.658	325.658
8.95	330.106	330.106
8.96	326.342	326.342
8.97	331.322	331.322
8.98	332.351	332.351
8.99	332.714	332.714
9.0	329.251	329.251
9.01	323.839	323.839
9.02	326.801	326.801
9.03	325.205	325.205
9.04	323.207	323.207
9.05	325.154	325.154
9.06	327.427	327.427
9.07	325.125	325.125
9.08	324.618	324.618
9.09	325.756	325.756
9.1	323.933	323.933
9.11	326.775	326.775
9.12	330.265	330.265
9.13	325.934	325.934
9.14	324.696	324.696
9.15	325.38	325.38
9.16	321.004	321.004
9.17	326.79	326.79
9.18	326.912	326.912
9.19	326.317	326.317
9.2	325.969	325.969
9.21	329.848	329.848
9.22	327.042	327.042
9.23	331.737	331.737
9.24	328.162	328.162
9.25	325.638	325.638
9.26	325.388	325.388
9.27	324.709	324.709
9.28	328.701	328.701
9.29	324.659	324.659
9.3	321.617	321.617
9.31	321.066	321.066
9.32	322.529	322.529
9.33	322.708	322.708
9.34	328.258	328.258
9.35	325.672	325.672
9.36	327.751	327.751
9.37	326.071	326.071
9.38	330.412	330.412
9.39	327.254	327.254
9.4	327.08	327.08
9.41	328.945	328.945
9.42	327.38	327.38
9.43	327.504	327.504
9.44	329.106	329.106
9.45	328.646	328.646
9.46	329.522	329.522
9.47	329.799	329.799
9.48	328.856	328.856
9.49	327.797	327.797
9.5	328.737	328.737
9.51	328.132	328.132
9.52	327.638	327.638
9.53	328.478	328.478
9.54	326.542	326.542
9.55	329.878	329.878
9.56	327.855	327.855
9.57	326.378	326.378
9.58	330.819	330.819
9.59	327.352	327.352
9.6	328.643	328.643
9.61	330.658	330.658
9.62	329.274	329.274
9.63	332.092	332.092
9.64	329.714	329.714
9.65	328.769	328.769
9.66	330.387	330.387
9.67	325.108	325.108
9.68	329.747	329.747
9.69	333.06	333.06
9.7	330.716	330.716
9.71	331.144	331.144
9.72	326.221	326.221
9.73	328.043	328.043
9.74	327.722	327.722
9.75	324.56	324.56
9.76	330.768	330.768
9.77	329.429	329.429
9.78	330.131	330.131
9.79	328.246	328.246
9.8	329.341	329.341
9.81	328.039	328.039
9.82	328.001	328.001
9.83	328.813	328.813
9.84	328.989	328.989
9.85	330.056	330.056
9.86	329.056	329.056
9.87	328.484	328.484
9.88	326.468	326.468
9.89	329.995	329.995
9.9	326.149	326.149
9.91	327.17	327.17
9.92	328.551	328.551
9.93	327.613	327.613
9.94	329.114	329.114
9.95	328.438	328.438
9.96	333.539	333.539
9.97	331.969	331.969
9.98	330.876	330.876
9.99	331.013	331.013
10.0	330.98	330.98
10.01	329.8	329.8
10.02	333.819	333.819
10.03	328.71	328.71
10.04	325.245	325.245
10.05	329.572	329.572
10.06	326.535	326.535
10.07	330.569	330.569
10.08	327.591	327.591
10.09	329.638	329.638
10.1	329.98	329.98
10.11	330.767	330.767
10.12	325.649	325.649
10.13	328.247	328.247
10.14	327.816	327.816
10.15	330.477	330.477
10.16	333.444	333.444
10.17	334.058	334.058
10.18	327.038	327.038
10.19	333.002	333.002
10.2	335.608	335.608
10.21	332.822	332.822
10.22	333.219	333.219
10.23	333.472	333.472
10.24	329.955	329.955
10.25	335.339	335.339
10.26	330.686	330.686
10.27	333.723	333.723
10.28	335.683	335.683
10.29	334.065	334.065
10.3	331.11	331.11
10.31	335.183	335.183
10.32	335.57	335.57
10.33	334.938	334.938
10.34	332.167	332.167
10.35	334.978	334.978
10.36	335.485	335.485
10.37	335.271	335.271
10.38	334.464	334.464
10.39	335.736	335.736
10.4	334.867	334.867
10.41	332.425	332.425
10.42	337.856	337.856
10.43	330.904	330.904
10.44	333.859	333.859
10.45	334.359	334.359
10.46	337.231	337.231
10.47	334.856	334.856
10.48	334.067	334.067
10.49	330.439	330.439
10.5	329.299	329.299
10.51	336.014	336.014
10.52	334.26	334.26
10.53	332.343	332.343
10.54	332.208	332.208
10.55	331.535	331.535
10.56	328.581	328.581
10.57	331.607	331.607
10.58	329.802	329.802
10.59	329.769	329.769
10.6	330.228	330.228
10.61	330.662	330.662
10.62	329.292	329.292
10.63	329.102	329.102
10.64	330.982	330.982
10.65	327.738	327.738
10.66	327.184	327.184
10.67	330.665	330.665
10.68	328.342	328.342
10.69	329.748	329.748
10.7	331.561	331.561
10.71	330.463	330.463
10.72	332.021	332.021
10.73	329.53	329.53
10.74	330.504	330.504
10.75	331.56	331.56
10.76	331.492	331.492
10.77	327.156	327.156
10.78	328.819	328.819
10.79	328.83	328.83
10.8	328.044	328.044
10.81	329.062	329.062
10.82	328.184	328.184
10.83	325.512	325.512
10.84	326.451	326.451
10.85	326.7	326.7
10.86	325.574	325.574
10.87	327.46	327.46
10.88	323.413	323.413
10.89	328.426	328.426
10.9	322.406	322.406
10.91	330.403	330.403
10.92	329.645	329.645
10.93	330.062	330.062
10.94	325.559	325.559
10.95	327.917	327.917
10.96	330.48	330.48
10.97	329.557	329.557
10.98	335.919	335.919
10.99	331.498	331.498
11.0	329.197	329.197
11.01	329.207	329.207
11.02	328.918	328.918
11.03	327.576	327.576
11.04	327.425	327.425
11.05	325.54	325.54
11.06	323.47	323.47
11.07	322.637	322.637
11.08	326.413	326.413
11.09	323.359	323.359
11.1	322.598	322.598
11.11	322.273	322.273
11.12	326.097	326.097
11.13	320.22	320.22
11.14	319.42	319.42
11.15	323.647	323.647
11.16	328.164	328.164
11.17	326.802	326.802
11.18	326.182	326.182
11.19	324.47	324.47
11.2	320.525	320.525
11.21	326.934	326.934
11.22	326.837	326.837
11.23	326.752	326.752
11.24	326.487	326.487
11.25	331.47	331.47
11.26	324.121	324.121
11.27	327.706	327.706
11.28	326.204	326.204
11.29	326.762	326.762
11.3	329.217	329.217
11.31	329.158	329.158
11.32	324.599	324.599
11.33	325.871	325.871
11.34	328.273	328.273
11.35	321.46	321.46
11.36	328.712	328.712
11.37	328.27	328.27
11.38	326.944	326.944
11.39	326.111	326.111
11.4	328.447	328.447
11.41	329.121	329.121
11.42	328.29	328.29
11.43	329.934	329.934
11.44	330.052	330.052
11.45	332.861	332.861
11.46	328.004	328.004
11.47	327.878	327.878
11.48	330.66	330.66
11.49	328.689	328.689
11.5	325.243	325.243
11.51	326.753	326.753
11.52	330.199	330.199
11.53	328.749	328.749
11.54	331.042	331.042
11.55	331.908	331.908
11.56	330.455	330.455
11.57	331.454	331.454
11.58	331.81	331.81
11.59	332.557	332.557
11.6	330.228	330.228
11.61	332.845	332.845
11.62	331.728	331.728
11.63	331.812	331.812
11.64	329.814	329.814
11.65	334.679	334.679
11.66	331.748	331.748
11.67	331.972	331.972
11.68	332.148	332.148
11.69	329.154	329.154
11.7	332.332	332.332
11.71	331.695	331.695
11.72	331.122	331.122
11.73	331.517	331.517
11.74	332.48	332.48
11.75	331.697	331.697
11.76	329.854	329.854
11.77	333.854	333.854
11.78	333.328	333.328
11.79	335.4	335.4
11.8	332.506	332.506
11.81	329.751	329.751
11.82	328.207	328.207
11.83	330.424	330.424
11.84	331.652	331.652
11.85	330.676	330.676
11.86	332.507	332.507
11.87	330.352	330.352
11.88	332.361	332.361
11.89	330.964	330.964
11.9	331.783	331.783
11.91	329.445	329.445
11.92	326.978	326.978
11.93	332.118	332.118
11.94	333.115	333.115
11.95	329.058	329.058
11.96	330.43	330.43
11.97	330.398	330.398
11.98	333.053	333.053
11.99	331.516	331.516
12.0	331.09	331.09
12.01	331.101	331.101
12.02	330.978	330.978
12.03	327.946	327.946
12.04	327.388	327.388
12.05	336.825	336.825
12.06	331.882	331.882
12.07	333.649	333.649
12.08	334.103	334.103
12.09	330.998	330.998
12.1	334.449	334.449
12.11	334.107	334.107
12.12	334.584	334.584
12.13	331.185	331.185
12.14	330.843	330.843
12.15	332.524	332.524
12.16	334.161	334.161
12.17	326.612	326.612
12.18	330.112	330.112
12.19	330.11	330.11
12.2	329.139	329.139
12.21	329.741	329.741
12.22	332.715	332.715
12.23	332.353	332.353
12.24	327.842	327.842
12.25	327.784	327.784
12.26	328.121	328.121
12.27	329.051	329.051
12.28	332.1	332.1
12.29	332.0	332.0
12.3	325.997	325.997
12.31	331.058	331.058
12.32	332.49	332.49
12.33	329.294	329.294
12.34	327.573	327.573
12.35	327.278	327.278
12.36	326.756	326.756
12.37	328.214	328.214
12.38	332.341	332.341
12.39	329.264	329.264
12.4	325.85	325.85
12.41	326.436	326.436
12.42	329.798	329.798
12.43	329.021	329.021
12.44	328.617	328.617
12.45	329.538	329.538
12.46	327.059	327.059
12.47	329.16	329.16
12.48	325.121	325.121
12.49	323.779	323.779
12.5	329.197	329.197
12.51	326.768	326.768
12.52	329.329	329.329
12.53	327.58	327.58
12.54	326.222	326.222
12.55	324.856	324.856
12.56	328.248	328.248
12.57	329.427	329.427
12.58	327.647	327.647
12.59	326.026	326.026
12.6	323.533	323.533
12.61	327.641	327.641
12.62	327.559	327.559
12.63	328.63	328.63
12.64	328.941	328.941
12.65	328.668	328.668
12.66	328.486	328.486
12.67	327.016	327.016
12.68	329.724	329.724
12.69	330.051	330.051
12.7	328.111	328.111
12.71	326.806	326.806
12.72	328.382	328.382
12.73	327.705	327.705
12.74	329.547	329.547
12.75	326.889	326.889
12.76	324.429	324.429
12.77	325.521	325.521
12.78	324.02	324.02
12.79	328.056	328.056
12.8	324.763	324.763
12.81	323.012	323.012
12.82	325.526	325.526
12.83	325.859	325.859
12.84	326.608	326.608
12.85	324.709	324.709
12.86	323.113	323.113
12.87	326.009	326.009
12.88	328.618	328.618
12.89	322.595	322.595
12.9	322.087	322.087
12.91	323.89	323.89
12.92	326.016	326.016
12.93	326.157	326.157
12.94	328.15	328.15
12.95	331.781	331.781
12.96	326.363	326.363
12.97	328.745	328.745
12.98	328.428	328.428
12.99	332.162	332.162
13.0	328.244	328.244
13.01	333.846	333.846
13.02	332.046	332.046
13.03	327.907	327.907
13.04	329.657	329.657
13.05	329.394	329.394
13.06	332.483	332.483
13.07	330.627	330.627
13.08	334.369	334.369
13.09	328.328	328.328
13.1	332.957	332.957
13.11	333.57	333.57
13.12	334.305	334.305
13.13	334.372	334.372
13.14	333.259	333.259
13.15	332.535	332.535
13.16	331.217	331.217
13.17	334.553	334.553
13.18	332.493	332.493
13.19	340.832	340.832
13.2	333.196	333.196
13.21	333.404	333.404
13.22	337.792	337.792
13.23	333.605	333.605
13.24	330.122	330.122
13.25	336.94	336.94
13.26	332.464	332.464
13.27	330.041	330.041
13.28	328.549	328.549
13.29	331.268	331.268
13.3	329.063	329.063
13.31	327.48	327.48
13.32	329.509	329.509
13.33	328.804	328.804
13.34	330.804	330.804
13.35	334.09	334.09
13.36	336.428	336.428
13.37	335.617	335.617
13.38	338.316	338.316
13.39	334.431	334.431
13.4	335.708	335.708
13.41	333.344	333.344
13.42	333.291	333.291
13.43	332.487	332.487
13.44	331.055	331.055
13.45	332.49	332.49
13.46	328.836	328.836
13.47	328.477	328.477
13.48	332.379	332.379
13.49	330.962	330.962
13.5	328.543	328.543
13.51	330.82	330.82
13.52	334.104	334.104
13.53	331.629	331.629
13.54	331.675	331.675
13.55	332.297	332.297
13.56	330.559	330.559
13.57	332.207	332.207
13.58	331.06	331.06
13.59	328.349	328.349
13.6	328.166	328.166
13.61	326.281	326.281
13.62	325.647	325.647
13.63	325.262	325.262
13.64	323.776	323.776
13.65	326.572	326.572
13.66	327.674	327.674
13.67	324.902	324.902
13.68	321.333	321.333
13.69	330.6	330.6
13.7	329.407	329.407
13.71	332.667	332.667
13.72	327.62	327.62
13.73	329.313	329.313
13.74	330.345	330.345
13.75	328.793	328.793
13.76	326.527	326.527
13.77	330.785	330.785
13.78	330.393	330.393
13.79	332.77	332.77
13.8	329.388	329.388
13.81	330.226	330.226
13.82	332.553	332.553
13.83	329.52	329.52
13.84	326.993	326.993
13.85	332.681	332.681
13.86	330.33	330.33
13.87	327.041	327.041
13.88	331.395	331.395
13.89	334.357	334.357
13.9	329.883	329.883
13.91	331.641	331.641
13.92	330.954	330.954
13.93	331.287	331.287
13.94	330.516	330.516
13.95	332.231	332.231
13.96	333.611	333.611
13.97	330.821	330.821
13.98	328.862	328.862
13.99	333.13	333.13
14.0	332.134	332.134
14.01	332.063	332.063
14.02	326.719	326.719
14.03	328.685	328.685
14.04	331.008	331.008
14.05	326.24	326.24
14.06	330.314	330.314
14.07	330.889	330.889
14.08	328.637	328.637
14.09	326.555	326.555
14.1	330.558	330.558
14.11	327.728	327.728
14.12	325.368	325.368
14.13	323.627	323.627
14.14	324.172	324.172
14.15	322.701	322.701
14.16	328.238	328.238
14.17	325.023	325.023
14.18	327.636	327.636
14.19	325.26	325.26
14.2	329.631	329.631
14.21	326.758	326.758
14.22	330.689	330.689
14.23	327.837	327.837
14.24	328.253	328.253
14.25	321.302	321.302
14.26	329.001	329.001
14.27	327.794	327.794
14.28	323.772	323.772
14.29	329.469	329.469
14.3	329.77	329.77
14.31	325.971	325.971
14.32	322.823	322.823
14.33	325.033	325.033
14.34	322.902	322.902
14.35	327.258	327.258
14.36	328.559	328.559
14.37	326.577	326.577
14.38	324.463	324.463
14.39	332.312	332.312
14.4	326.665	326.665
14.41	327.398	327.398
14.42	326.263	326.263
14.43	326.38	326.38
14.44	327.43	327.43
14.45	328.045	328.045
14.46	326.73	326.73
14.47	328.196	328.196
14.48	329.42	329.42
14.49	327.688	327.688
14.5	327.075	327.075
14.51	326.572	326.572
14.52	325.026	325.026
14.53	330.283	330.283
14.54	327.686	327.686
14.55	328.329	328.329
14.56	333.831	333.831
14.57	334.737	334.737
14.58	335.031	335.031
14.59	332.459	332.459
14.6	333.469	333.469
14.61	331.628	331.628
14.62	332.434	332.434
14.63	329.966	329.966
14.64	331.309	331.309
14.65	335.535	335.535
14.66	329.793	329.793
14.67	327.843	327.843
14.68	329.974	329.974
14.69	332.002	332.002
14.7	332.891	332.891
14.71	333.103	333.103
14.72	333.266	333.266
14.73	333.709	333.709
14.74	327.863	327.863
14.75	332.87	332.87
14.76	330.737	330.737
14.77	331.94	331.94
14.78	332.953	332.953
14.79	330.023	330.023
14.8	333.905	333.905
14.81	331.927	331.927
14.82	328.378	328.378
14.83	327.459	327.459
14.84	328.744	328.744
14.85	329.271	329.271
14.86	330.044	330.044
14.87	330.083	330.083
14.88	328.609	328.609
14.89	328.642	328.642
14.9	327.867	327.867
14.91	327.041	327.041
14.92	324.1	324.1
14.93	326.117	326.117
14.94	327.86	327.86
14.95	325.779	325.779
14.96	324.854	324.854
14.97	329.304	329.304
14.98	330.132	330.132
14.99	327.418	327.418
15.0	331.858	331.858
15.01	325.276	325.276
15.02	327.866	327.866
15.03	327.073	327.073
15.04	324.931	324.931
15.05	324.709	324.709
15.06	327.74	327.74
15.07	330.501	330.501
15.08	329.677	329.677
15.09	331.319	331.319
15.1	328.07	328.07
15.11	336.596	336.596
15.12	335.219	335.219
15.13	331.885	331.885
15.14	332.665	332.665
15.15	329.91	329.91
15.16	330.333	330.333
15.17	328.614	328.614
15.18	330.527	330.527
15.19	328.105	328.105
15.2	330.608	330.608
15.21	335.108	335.108
15.22	329.944	329.944
15.23	326.72	326.72
15.24	330.855	330.855
15.25	329.86	329.86
15.26	331.273	331.273
15.27	331.169	331.169
15.28	327.684	327.684
15.29	329.094	329.094
15.3	330.759	330.759
15.31	333.81	333.81
15.32	332.631	332.631
15.33	331.341	331.341
15.34	329.839	329.839
15.35	332.37	332.37
15.36	329.791	329.791
15.37	329.121	329.121
15.38	331.846	331.846
15.39	331.11	331.11
15.4	330.271	330.271
15.41	336.899	336.899
15.42	327.595	327.595
15.43	331.22	331.22
15.44	329.284	329.284
15.45	326.439	326.439
15.46	323.571	323.571
15.47	328.305	328.305
15.48	329.204	329.204
15.49	323.398	323.398
15.5	327.246	327.246
15.51	329.212	329.212
15.52	322.316	322.316
15.53	326.162	326.162
15.54	329.536	329.536
15.55	328.017	328.017
15.56	323.651	323.651
15.57	324.635	324.635
15.58	326.695	326.695
15.59	326.478	326.478
15.6	326.247	326.247
15.61	329.274	329.274
15.62	323.8	323.8
15.63	327.076	327.076
15.64	323.667	323.667
15.65	326.408	326.408
15.66	325.991	325.991
15.67	329.406	329.406
15.68	328.484	328.484
15.69	324.26	324.26
15.7	327.601	327.601
15.71	329.043	329.043
15.72	328.338	328.338
15.73	327.728	327.728
15.74	323.48	323.48
15.75	328.554	328.554
15.76	330.671	330.671
15.77	324.719	324.719
15.78	329.677	329.677
15.79	326.137	326.137
15.8	326.194	326.194
15.81	329.284	329.284
15.82	327.414	327.414
15.83	327.574	327.574
15.84	326.701	326.701
15.85	324.974	324.974
15.86	327.769	327.769
15.87	328.405	328.405
15.88	332.962	332.962
15.89	325.862	325.862
15.9	324.045	324.045
15.91	327.604	327.604
15.92	325.384	325.384
15.93	328.887	328.887
15.94	325.902	325.902
15.95	328.485	328.485
15.96	327.057	327.057
15.97	326.796	326.796
15.98	330.338	330.338
15.99	325.723	325.723
16.0	325.485	325.485
16.01	328.638	328.638
16.02	328.129	328.129
16.03	329.13	329.13
16.04	326.79	326.79
16.05	327.18	327.18
16.06	327.984	327.984
16.07	329.739	329.739
16.08	330.474	330.474
16.09	330.93	330.93
16.1	329.714	329.714
16.11	330.753	330.753
16.12	327.339	327.339
16.13	328.662	328.662
16.14	328.056	328.056
16.15	323.721	323.721
16.16	330.831	330.831
16.17	330.542	330.542
16.18	330.561	330.561
16.19	331.172	331.172
16.2	326.507	326.507
16.21	326.6	326.6
16.22	329.193	329.193
16.23	325.771	325.771
16.24	325.395	325.395
16.25	325.545	325.545
16.26	329.51	329.51
16.27	324.77	324.77
16.28	327.805	327.805
16.29	329.705	329.705
16.3	331.054	331.054
16.31	327.731	327.731
16.32	326.484	326.484
16.33	329.717	329.717
16.34	331.33	331.33
16.35	326.726	326.726
16.36	325.277	325.277
16.37	323.575	323.575
16.38	323.145	323.145
16.39	320.682	320.682
16.4	325.088	325.088
16.41	324.847	324.847
16.42	324.632	324.632
16.43	320.374	320.374
16.44	324.65	324.65
16.45	326.955	326.955
16.46	326.964	326.964
16.47	324.348	324.348
16.48	322.556	322.556
16.49	330.865	330.865
16.5	325.11	325.11
16.51	326.611	326.611
16.52	326.8	326.8
16.53	323.481	323.481
16.54	319.378	319.378
16.55	325.142	325.142
16.56	325.019	325.019
16.57	324.598	324.598
16.58	324.855	324.855
16.59	324.958	324.958
16.6	325.327	325.327
16.61	326.501	326.501
16.62	326.845	326.845
16.63	327.437	327.437
16.64	325.81	325.81
16.65	325.046	325.046
16.66	327.924	327.924
16.67	323.718	323.718
16.68	321.072	321.072
16.69	323.697	323.697
16.7	325.039	325.039
16.71	327.62	327.62
16.72	325.943	325.943
16.73	322.675	322.675
16.74	319.061	319.061
16.75	320.1	320.1
16.76	324.977	324.977
16.77	329.947	329.947
16.78	326.937	326.937
16.79	327.713	327.713
16.8	329.042	329.042
16.81	327.231	327.231
16.82	326.713	326.713
16.83	327.13	327.13
16.84	327.314	327.314
16.85	328.989	328.989
16.86	328.647	328.647
16.87	330.551	330.551
16.88	327.428	327.428
16.89	327.754	327.754
16.9	330.502	330.502
16.91	330.34	330.34
16.92	331.089	331.089
16.93	327.974	327.974
16.94	325.815	325.815
16.95	326.769	326.769
16.96	327.402	327.402
16.97	324.979	324.979
16.98	323.686	323.686
16.99	323.396	323.396
17.0	323.4	323.4
17.01	326.239	326.239
17.02	325.764	325.764
17.03	328.586	328.586
17.04	329.699	329.699
17.05	329.392	329.392
17.06	333.056	333.056
17.07	329.217	329.217
17.08	326.465	326.465
17.09	323.693	323.693
17.1	324.786	324.786
17.11	326.882	326.882
17.12	326.68	326.68
17.13	328.195	328.195
17.14	328.946	328.946
17.15	328.288	328.288
17.16	328.329	328.329
17.17	330.075	330.075
17.18	330.328	330.328
17.19	331.11	331.11
17.2	328.83	328.83
17.21	332.471	332.471
17.22	328.639	328.639
17.23	325.959	325.959
17.24	331.915	331.915
17.25	330.749	330.749
17.26	328.303	328.303
17.27	332.85	332.85
17.28	329.249	329.249
17.29	332.224	332.224
17.3	332.1	332.1
17.31	332.613	332.613
17.32	331.818	331.818
17.33	330.53	330.53
17.34	331.481	331.481
17.35	330.41	330.41
17.36	331.754	331.754
17.37	330.411	330.411
17.38	324.087	324.087
17.39	332.193	332.193
17.4	332.064	332.064
17.41	327.861	327.861
17.42	330.793	330.793
17.43	327.872	327.872
17.44	325.166	325.166
17.45	329.072	329.072
17.46	327.899	327.899
17.47	326.92	326.92
17.48	323.457	323.457
17.49	325.839	325.839
17.5	325.121	325.121
17.51	326.365	326.365
17.52	324.448	324.448
17.53	322.427	322.427
17.54	321.603	321.603
17.55	325.779	325.779
17.56	327.885	327.885
17.57	325.758	325.758
17.58	321.215	321.215
17.59	325.853	325.853
17.6	326.417	326.417
17.61	327.7	327.7
17.62	330.128	330.128
17.63	323.958	323.958
17.64	326.077	326.077
17.65	330.566	330.566
17.66	328.121	328.121
17.67	329.018	329.018
17.68	325.256	325.256
17.69	327.978	327.978
17.7	330.107	330.107
17.71	330.501	330.501
17.72	329.08	329.08
17.73	333.509	333.509
17.74	326.074	326.074
17.75	327.473	327.473
17.76	328.991	328.991
17.77	331.059	331.059
17.78	330.743	330.743
17.79	330.629	330.629
17.8	326.506	326.506
17.81	328.082	328.082
17.82	327.301	327.301
17.83	327.364	327.364
17.84	332.543	332.543
17.85	329.707	329.707
17.86	327.883	327.883
17.87	327.492	327.492
17.88	327.955	327.955
17.89	330.673	330.673
17.9	330.055	330.055
17.91	329.702	329.702
17.92	328.614	328.614
17.93	326.577	326.577
17.94	329.159	329.159
17.95	332.48	332.48
17.96	328.484	328.484
17.97	327.117	327.117
17.98	327.699	327.699
17.99	329.127	329.127
18.0	330.136	330.136
18.01	329.69	329.69
18.02	325.789	325.789
18.03	327.333	327.333
18.04	324.452	324.452
18.05	326.433	326.433
18.06	328.196	328.196
18.07	325.617	325.617
18.08	327.183	327.183
18.09	329.838	329.838
18.1	325.102	325.102
18.11	327.363	327.363
18.12	328.438	328.438
18.13	322.674	322.674
18.14	325.88	325.88
18.15	322.079	322.079
18.16	325.079	325.079
18.17	330.83	330.83
18.18	327.459	327.459
18.19	326.776	326.776
18.2	332.948	332.948
18.21	327.242	327.242
18.22	329.388	329.388
18.23	328.891	328.891
18.24	329.192	329.192
18.25	329.236	329.236
18.26	332.783	332.783
18.27	329.872	329.872
18.28	330.665	330.665
18.29	327.468	327.468
18.3	329.698	329.698
18.31	327.299	327.299
18.32	333.186	333.186
18.33	329.871	329.871
18.34	329.163	329.163
18.35	330.272	330.272
18.36	326.16	326.16
18.37	329.495	329.495
18.38	327.493	327.493
18.39	330.402	330.402
18.4	329.066	329.066
18.41	327.445	327.445
18.42	323.589	323.589
18.43	329.821	329.821
18.44	328.794	328.794
18.45	329.231	329.231
18.46	328.797	328.797
18.47	331.8	331.8
18.48	330.002	330.002
18.49	334.598	334.598
18.5	336.668	336.668
18.51	335.447	335.447
18.52	333.275	333.275
18.53	331.413	331.413
18.54	333.701	333.701
18.55	333.373	333.373
18.56	331.429	331.429
18.57	328.952	328.952
18.58	331.065	331.065
18.59	329.688	329.688
18.6	326.954	326.954
18.61	331.567	331.567
18.62	329.334	329.334
18.63	329.444	329.444
18.64	328.794	328.794
18.65	333.042	333.042
18.66	330.677	330.677
18.67	326.311	326.311
18.68	329.112	329.112
18.69	326.216	326.216
18.7	326.352	326.352
18.71	331.976	331.976
18.72	326.907	326.907
18.73	324.062	324.062
18.74	328.264	328.264
18.75	324.381	324.381
18.76	329.545	329.545
18.77	326.793	326.793
18.78	329.444	329.444
18.79	326.451	326.451
18.8	326.586	326.586
18.81	330.068	330.068
18.82	330.876	330.876
18.83	329.138	329.138
18.84	328.594	328.594
18.85	330.777	330.777
18.86	330.882	330.882
18.87	333.512	333.512
18.88	333.502	333.502
18.89	330.769	330.769
18.9	331.582	331.582
18.91	328.729	328.729
18.92	332.34	332.34
18.93	331.943	331.943
18.94	327.752	327.752
18.95	330.979	330.979
18.96	326.087	326.087
18.97	333.101	333.101
18.98	328.407	328.407
18.99	329.656	329.656
19.0	328.32	328.32
19.01	322.176	322.176
19.02	330.951	330.951
19.03	328.948	328.948
19.04	326.884	326.884
19.05	331.789	331.789
19.06	329.129	329.129
19.07	333.023	333.023
19.08	329.026	329.026
19.09	329.145	329.145
19.1	330.684	330.684
19.11	329.727	329.727
19.12	331.147	331.147
19.13	329.478	329.478
19.14	327.92	327.92
19.15	331.019	331.019
19.16	329.608	329.608
19.17	328.175	328.175
19.18	331.635	331.635
19.19	329.975	329.975
19.2	329.047	329.047
19.21	329.592	329.592
19.22	328.075	328.075
19.23	328.154	328.154
19.24	329.21	329.21
19.25	326.829	326.829
19.26	328.174	328.174
19.27	331.094	331.094
19.28	327.659	327.659
19.29	329.894	329.894
19.3	328.9	328.9
19.31	335.185	335.185
19.32	333.068	333.068
19.33	334.194	334.194
19.34	332.064	332.064
19.35	328.015	328.015
19.36	329.639	329.639
19.37	334.104	334.104
19.38	332.786	332.786
19.39	327.454	327.454
19.4	327.492	327.492
19.41	329.219	329.219
19.42	331.373	331.373
19.43	331.468	331.468
19.44	326.789	326.789
19.45	331.95	331.95
19.46	329.68	329.68
19.47	330.587	330.587
19.48	330.346	330.346
19.49	326.727	326.727
19.5	326.939	326.939
19.51	330.115	330.115
19.52	325.4	325.4
19.53	329.225	329.225
19.54	329.1	329.1
19.55	334.828	334.828
19.56	330.868	330.868
19.57	330.704	330.704
19.58	335.004	335.004
19.59	332.005	332.005
19.6	329.275	329.275
19.61	332.512	332.512
19.62	329.759	329.759
19.63	328.407	328.407
19.64	331.666	331.666
19.65	330.755	330.755
19.66	331.646	331.646
19.67	327.921	327.921
19.68	330.474	330.474
19.69	333.846	333.846
19.7	333.692	333.692
19.71	331.707	331.707
19.72	328.011	328.011
19.73	330.789	330.789
19.74	331.566	331.566
19.75	333.297	333.297
19.76	329.9	329.9
19.77	330.714	330.714
19.78	327.472	327.472
19.79	328.863	328.863
19.8	332.154	332.154
19.81	332.712	332.712
19.82	334.775	334.775
19.83	331.48	331.48
19.84	332.606	332.606
19.85	334.896	334.896
19.86	332.367	332.367
19.87	328.938	328.938
19.88	326.86	326.86
19.89	329.331	329.331
19.9	331.102	331.102
19.91	332.508	332.508
19.92	333.702	333.702
19.93	334.277	334.277
19.94	334.784	334.784
19.95	333.831	333.831
19.96	336.392	336.392
19.97	335.676	335.676
19.98	337.194	337.194
19.99	331.732	331.732
20.0	335.305	335.305
20.01	330.644	330.644
20.02	330.691	330.691
20.03	328.373	328.373
20.04	330.763	330.763
20.05	334.171	334.171
20.06	336.051	336.051
20.07	333.984	333.984
20.08	339.503	339.503
20.09	336.299	336.299
20.1	335.033	335.033
20.11	335.511	335.511
20.12	338.05	338.05
20.13	334.478	334.478
20.14	330.535	330.535
20.15	331.118	331.118
20.16	333.751	333.751
20.17	335.196	335.196
20.18	328.526	328.526
20.19	331.776	331.776
20.2	333.697	333.697
20.21	332.04	332.04
20.22	336.381	336.381
20.23	333.641	333.641
20.24	332.362	332.362
20.25	332.252	332.252
20.26	332.732	332.732
20.27	328.164	328.164
20.28	332.353	332.353
20.29	331.051	331.051
20.3	334.818	334.818
20.31	334.003	334.003
20.32	335.553	335.553
20.33	333.507	333.507
20.34	333.267	333.267
20.35	330.324	330.324
20.36	336.992	336.992
20.37	331.175	331.175
20.38	329.834	329.834
20.39	330.383	330.383
20.4	333.171	333.171
20.41	334.234	334.234
20.42	332.335	332.335
20.43	334.208	334.208
20.44	332.506	332.506
20.45	330.486	330.486
20.46	331.26	331.26
20.47	331.275	331.275
20.48	328.792	328.792
20.49	327.377	327.377
20.5	333.363	333.363
20.51	330.776	330.776
20.52	328.754	328.754
20.53	325.817	325.817
20.54	330.196	330.196
20.55	330.085	330.085
20.56	331.829	331.829
20.57	332.346	332.346
20.58	328.965	328.965
20.59	330.314	330.314
20.6	329.021	329.021
20.61	329.103	329.103
20.62	330.417	330.417
20.63	326.483	326.483
20.64	330.149	330.149
20.65	331.663	331.663
20.66	330.901	330.901
20.67	330.08	330.08
20.68	336.434	336.434
20.69	331.756	331.756
20.7	332.492	332.492
20.71	335.79	335.79
20.72	328.969	328.969
20.73	331.531	331.531
20.74	332.338	332.338
20.75	334.518	334.518
20.76	331.411	331.411
20.77	331.443	331.443
20.78	328.692	328.692
20.79	328.769	328.769
20.8	333.393	333.393
20.81	332.66	332.66
20.82	331.681	331.681
20.83	331.375	331.375
20.84	329.01	329.01
20.85	333.763	333.763
20.86	331.266	331.266
20.87	334.116	334.116
20.88	334.175	334.175
20.89	332.527	332.527
20.9	334.432	334.432
20.91	332.108	332.108
20.92	332.904	332.904
20.93	329.005	329.005
20.94	330.33	330.33
20.95	329.357	329.357
20.96	331.446	331.446
20.97	332.05	332.05
20.98	332.547	332.547
20.99	336.137	336.137
21.0	331.948	331.948
21.01	332.358	332.358
21.02	329.343	329.343
21.03	332.549	332.549
21.04	331.287	331.287
21.05	333.895	333.895
21.06	334.067	334.067
21.07	335.62	335.62
21.08	331.122	331.122
21.09	332.443	332.443
21.1	333.187	333.187
21.11	326.309	326.309
21.12	331.363	331.363
21.13	331.252	331.252
21.14	332.279	332.279
21.15	327.658	327.658
21.16	334.73	334.73
21.17	331.893	331.893
21.18	329.806	329.806
21.19	328.628	328.628
21.2	334.783	334.783
21.21	332.969	332.969
21.22	331.036	331.036
21.23	331.679	331.679
21.24	333.45	333.45
21.25	332.549	332.549
21.26	336.911	336.911
21.27	335.523	335.523
21.28	333.443	333.443
21.29	334.167	334.167
21.3	332.564	332.564
21.31	335.158	335.158
21.32	332.646	332.646
21.33	333.797	333.797
21.34	332.171	332.171
21.35	330.491	330.491
21.36	332.499	332.499
21.37	334.464	334.464
21.38	338.645	338.645
21.39	334.406	334.406
21.4	334.35	334.35
21.41	335.259	335.259
21.42	332.457	332.457
21.43	329.326	329.326
21.44	333.807	333.807
21.45	334.187	334.187
21.46	331.128	331.128
21.47	332.871	332.871
21.48	330.286	330.286
21.49	330.33	330.33
21.5	331.551	331.551
21.51	332.37	332.37
21.52	333.233	333.233
21.53	330.2	330.2
21.54	332.441	332.441
21.55	335.544	335.544
21.56	331.886	331.886
21.57	334.816	334.816
21.58	335.061	335.061
21.59	333.728	333.728
21.6	333.992	333.992
21.61	334.094	334.094
21.62	334.083	334.083
21.63	333.042	333.042
21.64	333.06	333.06
21.65	331.958	331.958
21.66	333.251	333.251
21.67	332.68	332.68
21.68	332.282	332.282
21.69	335.181	335.181
21.7	330.113	330.113
21.71	330.272	330.272
21.72	334.503	334.503
21.73	333.82	333.82
21.74	331.409	331.409
21.75	331.34	331.34
21.76	330.607	330.607
21.77	332.07	332.07
21.78	331.041	331.041
21.79	332.581	332.581
21.8	332.418	332.418
21.81	330.476	330.476
21.82	336.006	336.006
21.83	331.607	331.607
21.84	331.658	331.658
21.85	330.403	330.403
21.86	333.818	333.818
21.87	333.915	333.915
21.88	332.727	332.727
21.89	335.066	335.066
21.9	337.596	337.596
21.91	334.961	334.961
21.92	335.483	335.483
21.93	332.875	332.875
21.94	334.323	334.323
21.95	334.607	334.607
21.96	335.21	335.21
21.97	333.904	333.904
21.98	337.603	337.603
21.99	332.195	332.195
22.0	331.474	331.474
22.01	333.042	333.042
22.02	334.29	334.29
22.03	336.092	336.092
22.04	335.89	335.89
22.05	335.768	335.768
22.06	336.605	336.605
22.07	331.517	331.517
22.08	329.696	329.696
22.09	332.436	332.436
22.1	330.629	330.629
22.11	332.543	332.543
22.12	329.105	329.105
22.13	330.938	330.938
22.14	330.972	330.972
22.15	332.547	332.547
22.16	330.817	330.817
22.17	330.819	330.819
22.18	330.847	330.847
22.19	331.891	331.891
22.2	333.889	333.889
22.21	333.795	333.795
22.22	332.07	332.07
22.23	334.958	334.958
22.24	329.186	329.186
22.25	334.559	334.559
22.26	333.133	333.133
22.27	336.273	336.273
22.28	332.901	332.901
22.29	329.977	329.977
22.3	332.834	332.834
22.31	332.55	332.55
22.32	334.721	334.721
22.33	331.847	331.847
22.34	328.543	328.543
22.35	335.228	335.228
22.36	333.643	333.643
22.37	332.013	332.013
22.38	332.578	332.578
22.39	336.299	336.299
22.4	337.179	337.179
22.41	336.851	336.851
22.42	335.502	335.502
22.43	335.165	335.165
22.44	336.716	336.716
22.45	330.584	330.584
22.46	334.219	334.219
22.47	337.605	337.605
22.48	333.178	333.178
22.49	332.478	332.478
22.5	332.057	332.057
22.51	335.707	335.707
22.52	337.202	337.202
22.53	338.86	338.86
22.54	341.302	341.302
22.55	338.504	338.504
22.56	334.555	334.555
22.57	336.229	336.229
22.58	337.312	337.312
22.59	336.006	336.006
22.6	336.939	336.939
22.61	332.734	332.734
22.62	332.161	332.161
22.63	329.414	329.414
22.64	331.337	331.337
22.65	332.782	332.782
22.66	328.647	328.647
22.67	328.969	328.969
22.68	328.083	328.083
22.69	329.142	329.142
22.7	334.622	334.622
22.71	331.456	331.456
22.72	331.72	331.72
22.73	331.066	331.066
22.74	333.445	333.445
22.75	333.526	333.526
22.76	330.682	330.682
22.77	333.267	333.267
22.78	331.96	331.96
22.79	332.217	332.217
22.8	326.049	326.049
22.81	329.304	329.304
22.82	329.979	329.979
22.83	330.094	330.094
22.84	332.313	332.313
22.85	328.485	328.485
22.86	326.937	326.937
22.87	331.598	331.598
22.88	330.36	330.36
22.89	330.33	330.33
22.9	332.131	332.131
22.91	327.007	327.007
22.92	329.719	329.719
22.93	330.521	330.521
22.94	330.707	330.707
22.95	327.787	327.787
22.96	329.823	329.823
22.97	327.334	327.334
22.98	326.564	326.564
22.99	332.438	332.438
23.0	330.502	330.502
23.01	328.433	328.433
23.02	331.349	331.349
23.03	332.404	332.404
23.04	332.577	332.577
23.05	329.238	329.238
23.06	333.167	333.167
23.07	331.432	331.432
23.08	329.979	329.979
23.09	335.447	335.447
23.1	329.062	329.062
23.11	331.308	331.308
23.12	329.316	329.316
23.13	330.855	330.855
23.14	329.042	329.042
23.15	328.81	328.81
23.16	331.35	331.35
23.17	328.955	328.955
23.18	329.919	329.919
23.19	328.773	328.773
23.2	332.388	332.388
23.21	329.359	329.359
23.22	328.577	328.577
23.23	334.209	334.209
23.24	327.331	327.331
23.25	332.112	332.112
23.26	327.054	327.054
23.27	328.231	328.231
23.28	329.957	329.957
23.29	330.286	330.286
23.3	331.122	331.122
23.31	331.649	331.649
23.32	327.035	327.035
23.33	327.536	327.536
23.34	328.528	328.528
23.35	330.04	330.04
23.36	328.804	328.804
23.37	323.861	323.861
23.38	328.695	328.695
23.39	328.367	328.367
23.4	327.237	327.237
23.41	329.639	329.639
23.42	328.517	328.517
23.43	326.224	326.224
23.44	330.113	330.113
23.45	325.442	325.442
23.46	328.763	328.763
23.47	334.672	334.672
23.48	329.361	329.361
23.49	332.352	332.352
23.5	328.904	328.904
23.51	329.088	329.088
23.52	327.718	327.718
23.53	327.365	327.365
23.54	329.74	329.74
23.55	330.916	330.916
23.56	331.117	331.117
23.57	328.072	328.072
23.58	329.771	329.771
23.59	327.139	327.139
23.6	327.3	327.3
23.61	325.418	325.418
23.62	325.632	325.632
23.63	325.399	325.399
23.64	326.155	326.155
23.65	325.652	325.652
23.66	324.968	324.968
23.67	327.657	327.657
23.68	323.916	323.916
23.69	319.767	319.767
23.7	322.193	322.193
23.71	325.301	325.301
23.72	324.793	324.793
23.73	326.084	326.084
23.74	326.873	326.873
23.75	324.514	324.514
23.76	323.578	323.578
23.77	324.11	324.11
23.78	323.29	323.29
23.79	324.378	324.378
23.8	326.817	326.817
23.81	326.028	326.028
23.82	321.3	321.3
23.83	326.396	326.396
23.84	326.406	326.406
23.85	324.649	324.649
23.86	323.059	323.059
23.87	321.123	321.123
23.88	320.376	320.376
23.89	327.298	327.298
23.9	327.543	327.543
23.91	321.05	321.05
23.92	326.84	326.84
23.93	322.226	322.226
23.94	319.456	319.456
23.95	320.618	320.618
23.96	321.23	321.23
23.97	323.159	323.159
23.98	324.67	324.67
23.99	328.526	328.526
24.0	324.892	324.892
24.01	326.571	326.571
24.02	325.67	325.67
24.03	324.458	324.458
24.04	326.955	326.955
24.05	325.696	325.696
24.06	331.209	331.209
24.07	325.142	325.142
24.08	328.782	328.782
24.09	331.701	331.701
24.1	327.436	327.436
24.11	327.885	327.885
24.12	331.133	331.133
24.13	328.288	328.288
24.14	328.197	328.197
24.15	329.364	329.364
24.16	323.588	323.588
24.17	329.296	329.296
24.18	323.124	323.124
24.19	325.469	325.469
24.2	325.73	325.73
24.21	325.176	325.176
24.22	327.857	327.857
24.23	331.964	331.964
24.24	327.9	327.9
24.25	324.144	324.144
24.26	325.56	325.56
24.27	325.841	325.841
24.28	326.203	326.203
24.29	327.72	327.72
24.3	323.303	323.303
24.31	325.791	325.791
24.32	330.006	330.006
24.33	323.642	323.642
24.34	327.833	327.833
24.35	322.013	322.013
24.36	326.168	326.168
24.37	328.499	328.499
24.38	331.274	331.274
24.39	330.577	330.577
24.4	326.702	326.702
24.41	326.868	326.868
24.42	327.997	327.997
24.43	330.037	330.037
24.44	326.993	326.993
24.45	328.165	328.165
24.46	330.005	330.005
24.47	328.198	328.198
24.48	331.474	331.474
24.49	329.106	329.106
24.5	328.862	328.862
24.51	328.734	328.734
24.52	330.717	330.717
24.53	328.222	328.222
24.54	326.797	326.797
24.55	332.281	332.281
24.56	328.948	328.948
24.57	325.135	325.135
24.58	324.991	324.991
24.59	327.855	327.855
24.6	333.305	333.305
24.61	331.479	331.479
24.62	330.985	330.985
24.63	333.247	333.247
24.64	330.065	330.065
24.65	335.326	335.326
24.66	332.109	332.109
24.67	333.535	333.535
24.68	335.543	335.543
24.69	329.802	329.802
24.7	332.649	332.649
24.71	332.999	332.999
24.72	333.567	333.567
24.73	337.445	337.445
24.74	331.719	331.719
24.75	331.245	331.245
24.76	330.997	330.997
24.77	337.121	337.121
24.78	332.377	332.377
24.79	332.21	332.21
24.8	333.507	333.507
24.81	334.327	334.327
24.82	335.299	335.299
24.83	329.032	329.032
24.84	331.667	331.667
24.85	332.235	332.235
24.86	323.462	323.462
24.87	328.789	328.789
24.88	329.289	329.289
24.89	328.287	328.287
24.9	332.771	332.771
24.91	330.919	330.919
24.92	325.917	325.917
24.93	329.574	329.574
24.94	330.21	330.21
24.95	329.795	329.795
24.96	326.532	326.532
24.97	328.848	328.848
24.98	328.183	328.183
24.99	327.766	327.766
25.0	327.362	327.362
25.01	330.296	330.296
25.02	329.013	329.013
25.03	331.5	331.5
25.04	329.087	329.087
25.05	330.605	330.605
25.06	326.485	326.485
25.07	326.524	326.524
25.08	324.944	324.944
25.09	325.636	325.636
25.1	327.996	327.996
25.11	326.238	326.238
25.12	325.896	325.896
25.13	330.977	330.977
25.14	336.351	336.351
25.15	329.652	329.652
25.16	325.702	325.702
25.17	329.428	329.428
25.18	329.292	329.292
25.19	325.976	325.976
25.2	326.549	326.549
25.21	329.583	329.583
25.22	332.178	332.178
25.23	331.677	331.677
25.24	329.895	329.895
25.25	324.603	324.603
25.26	326.689	326.689
25.27	328.427	328.427
25.28	321.952	321.952
25.29	328.845	328.845
25.3	329.47	329.47
25.31	324.749	324.749
25.32	331.936	331.936
25.33	325.09	325.09
25.34	329.031	329.031
25.35	322.369	322.369
25.36	322.004	322.004
25.37	326.401	326.401
25.38	323.614	323.614
25.39	325.822	325.822
25.4	324.452	324.452
25.41	325.719	325.719
25.42	324.088	324.088
25.43	328.267	328.267
25.44	327.803	327.803
25.45	328.385	328.385
25.46	330.563	330.563
25.47	330.356	330.356
25.48	331.866	331.866
25.49	327.066	327.066
25.5	326.289	326.289
25.51	328.766	328.766
25.52	332.353	332.353
25.53	329.898	329.898
25.54	327.969	327.969
25.55	330.123	330.123
25.56	327.662	327.662
25.57	330.111	330.111
25.58	328.935	328.935
25.59	330.219	330.219
25.6	333.872	333.872
25.61	332.242	332.242
25.62	327.603	327.603
25.63	325.855	325.855
25.64	329.057	329.057
25.65	324.809	324.809
25.66	328.337	328.337
25.67	327.848	327.848
25.68	331.773	331.773
25.69	329.505	329.505
25.7	334.728	334.728
25.71	336.624	336.624
25.72	334.811	334.811
25.73	332.3	332.3
25.74	331.208	331.208
25.75	329.11	329.11
25.76	329.164	329.164
25.77	331.305	331.305
25.78	327.589	327.589
25.79	324.923	324.923
25.8	323.664	323.664
25.81	326.827	326.827
25.82	330.743	330.743
25.83	327.638	327.638
25.84	325.289	325.289
25.85	329.897	329.897
25.86	331.241	331.241
25.87	331.241	331.241
25.88	335.584	335.584
25.89	333.869	333.869
25.9	332.214	332.214
25.91	335.708	335.708
25.92	331.524	331.524
25.93	338.375	338.375
25.94	332.488	332.488
25.95	331.54	331.54
25.96	331.915	331.915
25.97	337.525	337.525
25.98	334.077	334.077
25.99	333.119	333.119
26.0	333.544	333.544
26.01	334.455	334.455
26.02	334.545	334.545
26.03	333.959	333.959
26.04	334.595	334.595
26.05	332.028	332.028
26.06	332.632	332.632
26.07	335.172	335.172
26.08	334.209	334.209
26.09	339.655	339.655
26.1	330.792	330.792
26.11	333.048	333.048
26.12	334.05	334.05
26.13	333.914	333.914
26.14	331.948	331.948
26.15	335.3	335.3
26.16	339.032	339.032
26.17	332.477	332.477
26.18	334.496	334.496
26.19	333.892	333.892
26.2	331.395	331.395
26.21	333.714	333.714
26.22	331.151	331.151
26.23	330.044	330.044
26.24	334.0	334.0
26.25	333.574	333.574
26.26	334.919	334.919
26.27	335.568	335.568
26.28	333.246	333.246
26.29	331.887	331.887
26.3	330.595	330.595
26.31	333.647	333.647
26.32	334.265	334.265
26.33	335.749	335.749
26.34	336.75	336.75
26.35	336.498	336.498
26.36	339.101	339.101
26.37	333.949	333.949
26.38	330.832	330.832
26.39	334.628	334.628
26.4	332.964	332.964
26.41	329.146	329.146
26.42	331.754	331.754
26.43	334.194	334.194
26.44	331.329	331.329
26.45	334.883	334.883
26.46	334.261	334.261
26.47	333.393	333.393
26.48	335.174	335.174
26.49	334.195	334.195
26.5	335.061	335.061
26.51	336.007	336.007
26.52	335.585	335.585
26.53	332.065	332.065
26.54	331.685	331.685
26.55	330.471	330.471
26.56	333.179	333.179
26.57	329.482	329.482
26.58	332.704	332.704
26.59	332.824	332.824
26.6	332.772	332.772
26.61	336.202	336.202
26.62	334.792	334.792
26.63	335.712	335.712
26.64	329.28	329.28
26.65	332.256	332.256
26.66	332.833	332.833
26.67	337.647	337.647
26.68	333.783	333.783
26.69	337.846	337.846
26.7	334.082	334.082
26.71	338.205	338.205
26.72	336.193	336.193
26.73	334.373	334.373
26.74	334.749	334.749
26.75	329.967	329.967
26.76	333.305	333.305
26.77	331.814	331.814
26.78	334.699	334.699
26.79	335.406	335.406
26.8	333.236	333.236
26.81	332.749	332.749
26.82	331.088	331.088
26.83	334.341	334.341
26.84	331.931	331.931
26.85	335.126	335.126
26.86	335.477	335.477
26.87	332.76	332.76
26.88	333.431	333.431
26.89	337.048	337.048
26.9	333.158	333.158
26.91	334.79	334.79
26.92	334.709	334.709
26.93	336.5	336.5
26.94	336.295	336.295
26.95	338.647	338.647
26.96	335.266	335.266
26.97	334.508	334.508
26.98	337.832	337.832
26.99	334.238	334.238
27.0	332.938	332.938
27.01	336.253	336.253
27.02	334.727	334.727
27.03	334.347	334.347
27.04	336.283	336.283
27.05	337.204	337.204
27.06	331.052	331.052
27.07	338.56	338.56
27.08	335.947	335.947
27.09	336.778	336.778
27.1	335.316	335.316
27.11	333.286	333.286
27.12	332.23	332.23
27.13	333.957	333.957
27.14	332.985	332.985
27.15	334.901	334.901
27.16	338.025	338.025
27.17	333.25	333.25
27.18	337.953	337.953
27.19	332.348	332.348
27.2	332.287	332.287
27.21	336.169	336.169
27.22	333.567	333.567
27.23	338.944	338.944
27.24	333.646	333.646
27.25	334.109	334.109
27.26	338.508	338.508
27.27	334.943	334.943
27.28	336.775	336.775
27.29	338.17	338.17
27.3	333.675	333.675
27.31	336.385	336.385
27.32	332.371	332.371
27.33	339.717	339.717
27.34	337.203	337.203
27.35	334.097	334.097
27.36	336.917	336.917
27.37	335.071	335.071
27.38	334.198	334.198
27.39	335.307	335.307
27.4	331.546	331.546
27.41	334.646	334.646
27.42	336.288	336.288
27.43	337.029	337.029
27.44	333.398	333.398
27.45	330.529	330.529
27.46	328.289	328.289
27.47	332.612	332.612
27.48	333.814	333.814
27.49	335.726	335.726
27.5	339.549	339.549
27.51	333.987	333.987
27.52	335.03	335.03
27.53	332.335	332.335
27.54	336.325	336.325
27.55	334.903	334.903
27.56	334.613	334.613
27.57	335.687	335.687
27.58	335.013	335.013
27.59	332.767	332.767
27.6	333.105	333.105
27.61	333.755	333.755
27.62	332.639	332.639
27.63	335.398	335.398
27.64	332.927	332.927
27.65	340.388	340.388
27.66	337.604	337.604
27.67	339.678	339.678
27.68	337.065	337.065
27.69	340.697	340.697
27.7	338.623	338.623
27.71	339.739	339.739
27.72	334.603	334.603
27.73	332.053	332.053
27.74	330.664	330.664
27.75	332.825	332.825
27.76	332.105	332.105
27.77	333.528	333.528
27.78	335.817	335.817
27.79	336.774	336.774
27.8	336.843	336.843
27.81	338.08	338.08
27.82	336.043	336.043
27.83	333.263	333.263
27.84	337.911	337.911
27.85	335.145	335.145
27.86	335.266	335.266
27.87	333.491	333.491
27.88	337.504	337.504
27.89	336.933	336.933
27.9	343.099	343.099
27.91	339.367	339.367
27.92	340.529	340.529
27.93	337.505	337.505
27.94	339.449	339.449
27.95	341.267	341.267
27.96	338.279	338.279
27.97	341.94	341.94
27.98	339.159	339.159
27.99	336.646	336.646
28.0	339.374	339.374
28.01	337.366	337.366
28.02	337.807	337.807
28.03	334.323	334.323
28.04	332.81	332.81
28.05	339.404	339.404
28.06	333.823	333.823
28.07	334.569	334.569
28.08	340.09	340.09
28.09	329.218	329.218
28.1	336.762	336.762
28.11	335.076	335.076
28.12	338.307	338.307
28.13	339.215	339.215
28.14	337.283	337.283
28.15	334.909	334.909
28.16	336.207	336.207
28.17	335.673	335.673
28.18	340.406	340.406
28.19	339.814	339.814
28.2	333.261	333.261
28.21	335.444	335.444
28.22	334.137	334.137
28.23	334.73	334.73
28.24	335.524	335.524
28.25	335.647	335.647
28.26	337.328	337.328
28.27	336.8	336.8
28.28	339.904	339.904
28.29	338.357	338.357
28.3	336.722	336.722
28.31	342.724	342.724
28.32	340.993	340.993
28.33	333.834	333.834
28.34	337.413	337.413
28.35	337.499	337.499
28.36	332.549	332.549
28.37	337.758	337.758
28.38	338.55	338.55
28.39	338.478	338.478
28.4	338.232	338.232
28.41	337.955	337.955
28.42	338.178	338.178
28.43	338.029	338.029
28.44	336.895	336.895
28.45	338.391	338.391
28.46	341.271	341.271
28.47	336.091	336.091
28.48	333.826	333.826
28.49	337.498	337.498
28.5	337.817	337.817
28.51	336.867	336.867
28.52	336.97	336.97
28.53	336.798	336.798
28.54	337.113	337.113
28.55	339.638	339.638
28.56	336.801	336.801
28.57	335.203	335.203
28.58	334.594	334.594
28.59	338.608	338.608
28.6	338.994	338.994
28.61	333.659	333.659
28.62	334.063	334.063
28.63	339.604	339.604
28.64	338.928	338.928
28.65	338.651	338.651
28.66	338.625	338.625
28.67	336.297	336.297
28.68	334.553	334.553
28.69	336.436	336.436
28.7	338.938	338.938
28.71	334.178	334.178
28.72	337.22	337.22
28.73	333.967	333.967
28.74	336.264	336.264
28.75	334.404	334.404
28.76	333.708	333.708
28.77	332.306	332.306
28.78	336.17	336.17
28.79	332.86	332.86
28.8	336.907	336.907
28.81	336.383	336.383
28.82	338.657	338.657
28.83	334.286	334.286
28.84	336.57	336.57
28.85	335.487	335.487
28.86	339.935	339.935
28.87	334.489	334.489
28.88	333.485	333.485
28.89	335.036	335.036
28.9	339.281	339.281
28.91	337.381	337.381
28.92	337.696	337.696
28.93	336.379	336.379
28.94	334.551	334.551
28.95	337.785	337.785
28.96	337.777	337.777
28.97	338.633	338.633
28.98	336.732	336.732
28.99	335.827	335.827
29.0	335.756	335.756
29.01	331.9	331.9
29.02	335.568	335.568
29.03	338.609	338.609
29.04	336.725	336.725
29.05	337.56	337.56
29.06	332.643	332.643
29.07	333.49	333.49
29.08	333.922	333.922
29.09	335.594	335.594
29.1	335.272	335.272
29.11	333.88	333.88
29.12	335.809	335.809
29.13	331.711	331.711
29.14	332.716	332.716
29.15	336.02	336.02
29.16	336.778	336.778
29.17	336.495	336.495
29.18	335.048	335.048
29.19	335.391	335.391
29.2	335.569	335.569
29.21	332.245	332.245
29.22	340.606	340.606
29.23	339.817	339.817
29.24	336.577	336.577
29.25	332.406	332.406
29.26	334.5	334.5
29.27	338.317	338.317
29.28	338.561	338.561
29.29	336.392	336.392
29.3	335.434	335.434
29.31	336.168	336.168
29.32	336.992	336.992
29.33	330.934	330.934
29.34	331.976	331.976
29.35	331.894	331.894
29.36	335.086	335.086
29.37	336.695	336.695
29.38	335.583	335.583
29.39	328.312	328.312
29.4	335.32	335.32
29.41	332.732	332.732
29.42	329.117	329.117
29.43	334.545	334.545
29.44	337.05	337.05
29.45	335.588	335.588
29.46	335.078	335.078
29.47	337.49	337.49
29.48	337.102	337.102
29.49	338.224	338.224
29.5	337.274	337.274
29.51	335.332	335.332
29.52	334.399	334.399
29.53	333.906	333.906
29.54	340.131	340.131
29.55	334.811	334.811
29.56	334.58	334.58
29.57	338.328	338.328
29.58	337.494	337.494
29.59	337.878	337.878
29.6	333.945	333.945
29.61	337.399	337.399
29.62	333.411	333.411
29.63	331.924	331.924
29.64	335.553	335.553
29.65	336.164	336.164
29.66	335.151	335.151
29.67	339.808	339.808
29.68	337.069	337.069
29.69	338.662	338.662
29.7	335.819	335.819
29.71	337.11	337.11
29.72	338.894	338.894
29.73	332.824	332.824
29.74	336.06	336.06
29.75	336.315	336.315
29.76	336.618	336.618
29.77	331.905	331.905
29.78	336.875	336.875
29.79	335.363	335.363
29.8	335.544	335.544
29.81	334.964	334.964
29.82	332.796	332.796
29.83	334.61	334.61
29.84	339.273	339.273
29.85	333.562	333.562
29.86	335.667	335.667
29.87	334.809	334.809
29.88	335.079	335.079
29.89	335.866	335.866
29.9	334.758	334.758
29.91	332.338	332.338
29.92	331.31	331.31
29.93	333.351	333.351
29.94	330.653	330.653
29.95	331.126	331.126
29.96	330.731	330.731
29.97	335.001	335.001
29.98	334.262	334.262
29.99	331.264	331.264
30.0	331.287	331.287
30.01	329.699	329.699
30.02	330.759	330.759
30.03	333.253	333.253
30.04	335.679	335.679
30.05	331.728	331.728
30.06	335.596	335.596
30.07	331.799	331.799
30.08	330.972	330.972
30.09	327.336	327.336
30.1	330.441	330.441
30.11	330.202	330.202
30.12	328.848	328.848
30.13	331.537	331.537
30.14	332.641	332.641
30.15	326.366	326.366
30.16	328.643	328.643
30.17	326.434	326.434
30.18	327.717	327.717
30.19	327.92	327.92
30.2	328.45	328.45
30.21	324.026	324.026
30.22	326.468	326.468
30.23	327.091	327.091
30.24	330.695	330.695
30.25	326.693	326.693
30.26	326.935	326.935
30.27	330.967	330.967
30.28	322.294	322.294
30.29	325.247	325.247
30.3	325.749	325.749
30.31	323.855	323.855
30.32	323.577	323.577
30.33	324.952	324.952
30.34	322.268	322.268
30.35	324.112	324.112
30.36	328.094	328.094
30.37	329.54	329.54
30.38	328.089	328.089
30.39	326.906	326.906
30.4	325.033	325.033
30.41	328.354	328.354
30.42	325.265	325.265
30.43	327.013	327.013
30.44	325.803	325.803
30.45	327.477	327.477
30.46	329.929	329.929
30.47	328.206	328.206
30.48	328.904	328.904
30.49	330.124	330.124
30.5	328.714	328.714
30.51	331.605	331.605
30.52	323.253	323.253
30.53	326.742	326.742
30.54	325.688	325.688
30.55	325.873	325.873
30.56	326.242	326.242
30.57	323.176	323.176
30.58	324.289	324.289
30.59	322.152	322.152
30.6	323.331	323.331
30.61	326.202	326.202
30.62	325.938	325.938
30.63	320.801	320.801
30.64	328.431	328.431
30.65	327.151	327.151
30.66	327.441	327.441
30.67	325.895	325.895
30.68	327.441	327.441
30.69	330.888	330.888
30.7	331.018	331.018
30.71	330.435	330.435
30.72	327.509	327.509
30.73	330.966	330.966
30.74	330.32	330.32
30.75	329.314	329.314
30.76	329.32	329.32
30.77	331.296	331.296
30.78	325.755	325.755
30.79	333.284	333.284
30.8	331.119	331.119
30.81	330.176	330.176
30.82	325.362	325.362
30.83	325.468	325.468
30.84	328.345	328.345
30.85	329.36	329.36
30.86	324.321	324.321
30.87	326.284	326.284
30.88	324.373	324.373
30.89	325.575	325.575
30.9	324.524	324.524
30.91	330.468	330.468
30.92	328.104	328.104
30.93	325.262	325.262
30.94	323.624	323.624
30.95	322.7	322.7
30.96	329.079	329.079
30.97	326.605	326.605
30.98	324.388	324.388
30.99	328.524	328.524
31.0	326.166	326.166
31.01	325.384	325.384
31.02	325.705	325.705
31.03	322.714	322.714
31.04	322.526	322.526
31.05	326.269	326.269
31.06	327.48	327.48
31.07	329.604	329.604
31.08	334.4	334.4
31.09	330.718	330.718
31.1	327.499	327.499
31.11	323.944	323.944
31.12	326.837	326.837
31.13	326.763	326.763
31.14	327.598	327.598
31.15	325.451	325.451
31.16	326.721	326.721
31.17	324.373	324.373
31.18	326.128	326.128
31.19	323.891	323.891
31.2	321.047	321.047
31.21	331.562	331.562
31.22	324.278	324.278
31.23	325.03	325.03
31.24	327.688	327.688
31.25	326.55	326.55
31.26	325.877	325.877
31.27	322.321	322.321
31.28	327.836	327.836
31.29	327.754	327.754
31.3	329.657	329.657
31.31	327.737	327.737
31.32	329.063	329.063
31.33	329.618	329.618
31.34	330.286	330.286
31.35	328.037	328.037
31.36	327.483	327.483
31.37	323.211	323.211
31.38	326.949	326.949
31.39	325.806	325.806
31.4	322.181	322.181
31.41	324.575	324.575
31.42	322.411	322.411
31.43	326.203	326.203
31.44	323.842	323.842
31.45	323.427	323.427
31.46	324.558	324.558
31.47	320.304	320.304
31.48	320.395	320.395
31.49	325.363	325.363
31.5	325.439	325.439
31.51	319.928	319.928
31.52	321.648	321.648
31.53	319.546	319.546
31.54	323.528	323.528
31.55	325.802	325.802
31.56	323.224	323.224
31.57	324.02	324.02
31.58	325.225	325.225
31.59	326.254	326.254
31.6	320.586	320.586
31.61	325.137	325.137
31.62	320.623	320.623
31.63	321.452	321.452
31.64	329.774	329.774
31.65	324.955	324.955
31.66	325.632	325.632
31.67	324.339	324.339
31.68	325.818	325.818
31.69	319.913	319.913
31.7	322.0	322.0
31.71	321.925	321.925
31.72	328.991	328.991
31.73	325.226	325.226
31.74	323.851	323.851
31.75	325.153	325.153
31.76	326.4	326.4
31.77	327.382	327.382
31.78	322.953	322.953
31.79	323.876	323.876
31.8	322.535	322.535
31.81	322.921	322.921
31.82	322.056	322.056
31.83	320.431	320.431
31.84	325.27	325.27
31.85	328.092	328.092
31.86	324.818	324.818
31.87	323.441	323.441
31.88	322.523	322.523
31.89	322.28	322.28
31.9	324.619	324.619
31.91	325.647	325.647
31.92	327.643	327.643
31.93	323.599	323.599
31.94	324.653	324.653
31.95	327.964	327.964
31.96	328.701	328.701
31.97	323.794	323.794
31.98	318.366	318.366
31.99	321.697	321.697
32.0	321.692	321.692
32.01	323.662	323.662
32.02	323.449	323.449
32.03	326.703	326.703
32.04	329.442	329.442
32.05	325.648	325.648
32.06	326.138	326.138
32.07	327.612	327.612
32.08	324.107	324.107
32.09	325.372	325.372
32.1	329.399	329.399
32.11	326.487	326.487
32.12	328.056	328.056
32.13	330.063	330.063
32.14	332.851	332.851
32.15	330.628	330.628
32.16	328.938	328.938
32.17	326.564	326.564
32.18	330.637	330.637
32.19	330.445	330.445
32.2	331.195	331.195
32.21	329.877	329.877
32.22	333.037	333.037
32.23	332.136	332.136
32.24	332.769	332.769
32.25	326.309	326.309
32.26	329.334	329.334
32.27	330.372	330.372
32.28	328.979	328.979
32.29	328.41	328.41
32.3	327.362	327.362
32.31	326.89	326.89
32.32	334.663	334.663
32.33	330.056	330.056
32.34	333.557	333.557
32.35	330.294	330.294
32.36	331.663	331.663
32.37	327.349	327.349
32.38	327.126	327.126
32.39	328.574	328.574
32.4	325.513	325.513
32.41	324.245	324.245
32.42	329.771	329.771
32.43	327.918	327.918
32.44	325.872	325.872
32.45	329.639	329.639
32.46	331.047	331.047
32.47	324.497	324.497
32.48	323.193	323.193
32.49	328.896	328.896
32.5	328.601	328.601
32.51	326.239	326.239
32.52	329.08	329.08
32.53	329.748	329.748
32.54	325.382	325.382
32.55	330.635	330.635
32.56	331.034	331.034
32.57	328.262	328.262
32.58	330.328	330.328
32.59	327.96	327.96
32.6	331.642	331.642
32.61	328.1	328.1
32.62	327.412	327.412
32.63	331.038	331.038
32.64	331.735	331.735
32.65	325.673	325.673
32.66	326.349	326.349
32.67	327.552	327.552
32.68	328.042	328.042
32.69	328.461	328.461
32.7	322.565	322.565
32.71	323.567	323.567
32.72	326.465	326.465
32.73	328.782	328.782
32.74	326.93	326.93
32.75	326.74	326.74
32.76	329.62	329.62
32.77	329.772	329.772
32.78	329.64	329.64
32.79	332.02	332.02
32.8	329.379	329.379
32.81	326.883	326.883
32.82	335.354	335.354
32.83	328.371	328.371
32.84	328.717	328.717
32.85	332.994	332.994
32.86	331.202	331.202
32.87	331.372	331.372
32.88	327.342	327.342
32.89	330.321	330.321
32.9	331.312	331.312
32.91	328.802	328.802
32.92	332.301	332.301
32.93	327.45	327.45
32.94	330.71	330.71
32.95	331.643	331.643
32.96	332.848	332.848
32.97	333.614	333.614
32.98	329.534	329.534
32.99	331.111	331.111
33.0	332.154	332.154
33.01	329.409	329.409
33.02	327.687	327.687
33.03	333.496	333.496
33.04	328.955	328.955
33.05	326.242	326.242
33.06	329.089	329.089
33.07	325.938	325.938
33.08	328.507	328.507
33.09	332.299	332.299
33.1	327.404	327.404
33.11	335.771	335.771
33.12	331.693	331.693
33.13	331.274	331.274
33.14	333.111	333.111
33.15	331.07	331.07
33.16	333.947	333.947
33.17	330.97	330.97
33.18	333.806	333.806
33.19	333.529	333.529
33.2	337.351	337.351
33.21	330.514	330.514
33.22	333.205	333.205
33.23	335.574	335.574
33.24	331.582	331.582
33.25	333.171	333.171
33.26	331.982	331.982
33.27	331.31	331.31
33.28	333.633	333.633
33.29	329.669	329.669
33.3	333.937	333.937
33.31	332.735	332.735
33.32	326.985	326.985
33.33	330.994	330.994
33.34	331.315	331.315
33.35	330.023	330.023
33.36	329.954	329.954
33.37	336.799	336.799
33.38	331.573	331.573
33.39	329.015	329.015
33.4	330.363	330.363
33.41	334.233	334.233
33.42	331.983	331.983
33.43	334.087	334.087
33.44	335.874	335.874
33.45	330.605	330.605
33.46	329.653	329.653
33.47	331.538	331.538
33.48	328.839	328.839
33.49	334.451	334.451
33.5	330.248	330.248
33.51	330.782	330.782
33.52	328.983	328.983
33.53	329.088	329.088
33.54	332.739	332.739
33.55	332.952	332.952
33.56	327.784	327.784
33.57	331.168	331.168
33.58	331.714	331.714
33.59	330.768	330.768
33.6	331.293	331.293
33.61	332.961	332.961
33.62	330.327	330.327
33.63	332.642	332.642
33.64	331.207	331.207
33.65	330.395	330.395
33.66	330.758	330.758
33.67	330.801	330.801
33.68	328.965	328.965
33.69	331.746	331.746
33.7	333.603	333.603
33.71	333.044	333.044
33.72	334.288	334.288
33.73	331.54	331.54
33.74	332.26	332.26
33.75	328.943	328.943
33.76	331.52	331.52
33.77	334.421	334.421
33.78	333.614	333.614
33.79	333.171	333.171
33.8	332.966	332.966
33.81	328.753	328.753
33.82	327.932	327.932
33.83	331.343	331.343
33.84	331.183	331.183
33.85	331.081	331.081
33.86	335.927	335.927
33.87	332.965	332.965
33.88	331.131	331.131
33.89	331.0	331.0
33.9	335.987	335.987
33.91	334.35	334.35
33.92	333.392	333.392
33.93	339.04	339.04
33.94	330.238	330.238
33.95	329.704	329.704
33.96	331.464	331.464
33.97	329.885	329.885
33.98	331.213	331.213
33.99	334.15	334.15
34.0	332.331	332.331
34.01	336.335	336.335
34.02	338.32	338.32
34.03	333.464	333.464
34.04	336.364	336.364
34.05	337.6	337.6
34.06	333.895	333.895
34.07	335.688	335.688
34.08	332.247	332.247
34.09	336.057	336.057
34.1	333.382	333.382
34.11	336.115	336.115
34.12	330.632	330.632
34.13	331.282	331.282
34.14	331.933	331.933
34.15	332.154	332.154
34.16	335.249	335.249
34.17	334.817	334.817
34.18	334.803	334.803
34.19	329.952	329.952
34.2	330.621	330.621
34.21	331.306	331.306
34.22	332.433	332.433
34.23	333.552	333.552
34.24	332.23	332.23
34.25	333.213	333.213
34.26	334.289	334.289
34.27	332.526	332.526
34.28	330.595	330.595
34.29	329.365	329.365
34.3	334.323	334.323
34.31	330.818	330.818
34.32	327.873	327.873
34.33	329.242	329.242
34.34	334.601	334.601
34.35	333.67	333.67
34.36	333.83	333.83
34.37	329.965	329.965
34.38	331.789	331.789
34.39	329.577	329.577
34.4	335.916	335.916
34.41	328.579	328.579
34.42	332.893	332.893
34.43	336.647	336.647
34.44	332.469	332.469
34.45	335.928	335.928
34.46	336.266	336.266
34.47	337.534	337.534
34.48	338.311	338.311
34.49	339.638	339.638
34.5	336.246	336.246
34.51	337.867	337.867
34.52	334.882	334.882
34.53	337.643	337.643
34.54	339.573	339.573
34.55	340.818	340.818
34.56	334.606	334.606
34.57	337.928	337.928
34.58	335.118	335.118
34.59	336.86	336.86
34.6	338.134	338.134
34.61	336.23	336.23
34.62	334.832	334.832
34.63	332.999	332.999
34.64	335.35	335.35
34.65	335.943	335.943
34.66	336.192	336.192
34.67	333.426	333.426
34.68	335.142	335.142
34.69	335.507	335.507
34.7	333.631	333.631
34.71	329.854	329.854
34.72	336.088	336.088
34.73	335.712	335.712
34.74	334.9	334.9
34.75	333.412	333.412
34.76	336.963	336.963
34.77	331.118	331.118
34.78	333.465	333.465
34.79	330.944	330.944
34.8	332.024	332.024
34.81	334.821	334.821
34.82	330.431	330.431
34.83	334.715	334.715
34.84	333.487	333.487
34.85	333.417	333.417
34.86	331.069	331.069
34.87	331.432	331.432
34.88	333.943	333.943
34.89	332.72	332.72
34.9	332.356	332.356
34.91	330.602	330.602
34.92	333.077	333.077
34.93	334.223	334.223
34.94	331.513	331.513
34.95	329.777	329.777
34.96	328.646	328.646
34.97	331.692	331.692
34.98	327.176	327.176
34.99	327.809	327.809
35.0	328.449	328.449
35.01	329.139	329.139
35.02	329.876	329.876
35.03	329.695	329.695
35.04	329.727	329.727
35.05	328.723	328.723
35.06	330.582	330.582
35.07	326.79	326.79
35.08	329.762	329.762
35.09	330.107	330.107
35.1	328.586	328.586
35.11	324.673	324.673
35.12	328.802	328.802
35.13	329.506	329.506
35.14	328.248	328.248
35.15	331.022	331.022
35.16	325.881	325.881
35.17	328.207	328.207
35.18	331.853	331.853
35.19	327.045	327.045
35.2	331.729	331.729
35.21	329.107	329.107
35.22	330.757	330.757
35.23	332.652	332.652
35.24	330.427	330.427
35.25	331.405	331.405
35.26	331.195	331.195
35.27	330.349	330.349
35.28	327.016	327.016
35.29	331.412	331.412
35.3	328.103	328.103
35.31	326.414	326.414
35.32	331.911	331.911
35.33	331.896	331.896
35.34	329.952	329.952
35.35	328.043	328.043
35.36	332.188	332.188
35.37	330.746	330.746
35.38	329.972	329.972
35.39	327.883	327.883
35.4	331.721	331.721
35.41	328.797	328.797
35.42	326.935	326.935
35.43	326.33	326.33
35.44	329.718	329.718
35.45	326.295	326.295
35.46	332.169	332.169
35.47	330.473	330.473
35.48	326.114	326.114
35.49	324.425	324.425
35.5	328.894	328.894
35.51	327.378	327.378
35.52	326.573	326.573
35.53	324.853	324.853
35.54	325.813	325.813
35.55	329.482	329.482
35.56	326.758	326.758
35.57	324.073	324.073
35.58	325.079	325.079
35.59	330.468	330.468
35.6	326.375	326.375
35.61	329.252	329.252
35.62	326.245	326.245
35.63	326.478	326.478
35.64	331.133	331.133
35.65	332.479	332.479
35.66	327.007	327.007
35.67	327.732	327.732
35.68	329.627	329.627
35.69	332.227	332.227
35.7	330.442	330.442
35.71	331.455	331.455
35.72	328.152	328.152
35.73	325.999	325.999
35.74	331.876	331.876
35.75	331.906	331.906
35.76	333.751	333.751
35.77	332.876	332.876
35.78	332.443	332.443
35.79	331.397	331.397
35.8	329.261	329.261
35.81	331.323	331.323
35.82	330.659	330.659
35.83	328.695	328.695
35.84	327.941	327.941
35.85	327.249	327.249
35.86	327.217	327.217
35.87	331.318	331.318
35.88	328.319	328.319
35.89	328.564	328.564
35.9	329.329	329.329
35.91	327.212	327.212
35.92	334.09	334.09
35.93	333.374	333.374
35.94	329.224	329.224
35.95	328.978	328.978
35.96	332.258	332.258
35.97	329.918	329.918
35.98	330.311	330.311
35.99	331.242	331.242
36.0	332.194	332.194
36.01	330.002	330.002
36.02	333.412	333.412
36.03	335.031	335.031
36.04	330.144	330.144
36.05	328.648	328.648
36.06	336.633	336.633
36.07	331.544	331.544
36.08	331.756	331.756
36.09	333.855	333.855
36.1	334.196	334.196
36.11	331.062	331.062
36.12	329.467	329.467
36.13	330.466	330.466
36.14	331.039	331.039
36.15	330.799	330.799
36.16	330.843	330.843
36.17	329.92	329.92
36.18	327.095	327.095
36.19	328.46	328.46
36.2	329.104	329.104
36.21	332.971	332.971
36.22	335.848	335.848
36.23	330.483	330.483
36.24	334.973	334.973
36.25	328.4	328.4
36.26	330.114	330.114
36.27	329.98	329.98
36.28	331.698	331.698
36.29	331.192	331.192
36.3	329.791	329.791
36.31	326.662	326.662
36.32	330.945	330.945
36.33	330.299	330.299
36.34	332.953	332.953
36.35	332.204	332.204
36.36	334.151	334.151
36.37	326.988	326.988
36.38	333.055	333.055
36.39	327.736	327.736
36.4	328.131	328.131
36.41	326.064	326.064
36.42	328.182	328.182
36.43	330.262	330.262
36.44	329.539	329.539
36.45	330.589	330.589
36.46	327.498	327.498
36.47	333.727	333.727
36.48	333.96	333.96
36.49	328.244	328.244
36.5	331.037	331.037
36.51	331.786	331.786
36.52	330.826	330.826
36.53	330.93	330.93
36.54	331.926	331.926
36.55	330.597	330.597
36.56	333.543	333.543
36.57	332.612	332.612
36.58	331.573	331.573
36.59	331.863	331.863
36.6	332.037	332.037
36.61	333.712	333.712
36.62	330.019	330.019
36.63	330.685	330.685
36.64	330.86	330.86
36.65	331.44	331.44
36.66	331.142	331.142
36.67	332.082	332.082
36.68	331.873	331.873
36.69	329.739	329.739
36.7	332.248	332.248
36.71	327.629	327.629
36.72	328.864	328.864
36.73	329.384	329.384
36.74	326.285	326.285
36.75	329.354	329.354
36.76	327.896	327.896
36.77	331.916	331.916
36.78	325.813	325.813
36.79	330.223	330.223
36.8	328.736	328.736
36.81	330.089	330.089
36.82	332.196	332.196
36.83	335.607	335.607
36.84	326.783	326.783
36.85	329.018	329.018
36.86	330.398	330.398
36.87	330.243	330.243
36.88	329.887	329.887
36.89	328.029	328.029
36.9	326.812	326.812
36.91	329.419	329.419
36.92	329.005	329.005
36.93	331.344	331.344
36.94	329.146	329.146
36.95	330.863	330.863
36.96	329.996	329.996
36.97	325.101	325.101
36.98	328.785	328.785
36.99	334.338	334.338
37.0	331.87	331.87
37.01	327.872	327.872
37.02	326.209	326.209
37.03	329.317	329.317
37.04	328.274	328.274
37.05	332.051	332.051
37.06	327.186	327.186
37.07	330.105	330.105
37.08	326.439	326.439
37.09	330.301	330.301
37.1	327.775	327.775
37.11	329.604	329.604
37.12	331.3	331.3
37.13	328.487	328.487
37.14	328.688	328.688
37.15	325.795	325.795
37.16	329.28	329.28
37.17	327.65	327.65
37.18	325.279	325.279
37.19	329.481	329.481
37.2	329.264	329.264
37.21	330.972	330.972
37.22	330.731	330.731
37.23	334.007	334.007
37.24	328.508	328.508
37.25	330.309	330.309
37.26	335.255	335.255
37.27	333.984	333.984
37.28	330.659	330.659
37.29	335.102	335.102
37.3	334.992	334.992
37.31	330.628	330.628
37.32	336.893	336.893
37.33	335.262	335.262
37.34	336.891	336.891
37.35	331.63	331.63
37.36	332.786	332.786
37.37	340.063	340.063
37.38	334.267	334.267
37.39	337.752	337.752
37.4	335.553	335.553
37.41	336.91	336.91
37.42	334.347	334.347
37.43	329.112	329.112
37.44	332.056	332.056
37.45	332.602	332.602
37.46	331.903	331.903
37.47	333.717	333.717
37.48	338.9	338.9
37.49	332.943	332.943
37.5	336.015	336.015
37.51	334.947	334.947
37.52	333.913	333.913
37.53	330.374	330.374
37.54	332.224	332.224
37.55	328.329	328.329
37.56	329.907	329.907
37.57	332.854	332.854
37.58	330.7	330.7
37.59	328.788	328.788
37.6	329.657	329.657
37.61	325.666	325.666
37.62	329.044	329.044
37.63	326.393	326.393
37.64	332.233	332.233
37.65	329.79	329.79
37.66	331.267	331.267
37.67	334.748	334.748
37.68	332.819	332.819
37.69	335.912	335.912
37.7	335.142	335.142
37.71	333.101	333.101
37.72	331.387	331.387
37.73	330.62	330.62
37.74	329.363	329.363
37.75	328.413	328.413
37.76	330.072	330.072
37.77	331.225	331.225
37.78	328.804	328.804
37.79	329.78	329.78
37.8	330.547	330.547
37.81	330.189	330.189
37.82	330.062	330.062
37.83	326.877	326.877
37.84	330.507	330.507
37.85	327.054	327.054
37.86	327.739	327.739
37.87	328.641	328.641
37.88	329.451	329.451
37.89	324.376	324.376
37.9	328.124	328.124
37.91	327.142	327.142
37.92	329.283	329.283
37.93	328.602	328.602
37.94	329.683	329.683
37.95	327.454	327.454
37.96	324.237	324.237
37.97	328.557	328.557
37.98	327.989	327.989
37.99	329.088	329.088
38.0	325.788	325.788
38.01	327.274	327.274
38.02	328.396	328.396
38.03	326.544	326.544
38.04	330.013	330.013
38.05	332.15	332.15
38.06	328.524	328.524
38.07	329.242	329.242
38.08	327.221	327.221
38.09	325.344	325.344
38.1	325.679	325.679
38.11	327.182	327.182
38.12	328.66	328.66
38.13	327.011	327.011
38.14	330.722	330.722
38.15	323.924	323.924
38.16	329.705	329.705
38.17	328.594	328.594
38.18	323.184	323.184
38.19	328.201	328.201
38.2	325.307	325.307
38.21	328.09	328.09
38.22	328.924	328.924
38.23	331.386	331.386
38.24	327.836	327.836
38.25	329.195	329.195
38.26	326.671	326.671
38.27	328.081	328.081
38.28	330.169	330.169
38.29	325.401	325.401
38.3	326.06	326.06
38.31	332.748	332.748
38.32	333.396	333.396
38.33	328.622	328.622
38.34	327.555	327.555
38.35	328.388	328.388
38.36	330.68	330.68
38.37	329.506	329.506
38.38	330.702	330.702
38.39	329.682	329.682
38.4	333.185	333.185
38.41	333.698	333.698
38.42	333.403	333.403
38.43	332.352	332.352
38.44	333.373	333.373
38.45	334.009	334.009
38.46	333.929	333.929
38.47	330.845	330.845
38.48	333.185	333.185
38.49	335.932	335.932
38.5	330.302	330.302
38.51	332.785	332.785
38.52	330.672	330.672
38.53	333.234	333.234
38.54	332.255	332.255
38.55	326.128	326.128
38.56	326.772	326.772
38.57	330.666	330.666
38.58	331.197	331.197
38.59	330.719	330.719
38.6	329.836	329.836
38.61	333.661	333.661
38.62	333.221	333.221
38.63	332.907	332.907
38.64	331.286	331.286
38.65	328.004	328.004
38.66	329.049	329.049
38.67	324.887	324.887
38.68	328.082	328.082
38.69	323.58	323.58
38.7	330.397	330.397
38.71	331.459	331.459
38.72	327.114	327.114
38.73	326.413	326.413
38.74	326.378	326.378
38.75	327.186	327.186
38.76	330.467	330.467
38.77	329.978	329.978
38.78	331.32	331.32
38.79	333.818	333.818
38.8	330.735	330.735
38.81	330.135	330.135
38.82	327.222	327.222
38.83	329.452	329.452
38.84	329.266	329.266
38.85	331.532	331.532
38.86	328.083	328.083
38.87	330.878	330.878
38.88	328.383	328.383
38.89	330.103	330.103
38.9	329.89	329.89
38.91	331.38	331.38
38.92	331.874	331.874
38.93	334.175	334.175
38.94	330.714	330.714
38.95	335.451	335.451
38.96	336.429	336.429
38.97	334.416	334.416
38.98	331.236	331.236
38.99	329.594	329.594
39.0	332.959	332.959
39.01	331.548	331.548
39.02	330.177	330.177
39.03	328.074	328.074
39.04	326.312	326.312
39.05	325.549	325.549
39.06	333.089	333.089
39.07	326.635	326.635
39.08	325.588	325.588
39.09	327.709	327.709
39.1	326.854	326.854
39.11	329.643	329.643
39.12	327.114	327.114
39.13	330.37	330.37
39.14	325.228	325.228
39.15	325.628	325.628
39.16	326.844	326.844
39.17	327.062	327.062
39.18	329.833	329.833
39.19	323.877	323.877
39.2	325.187	325.187
39.21	330.405	330.405
39.22	329.243	329.243
39.23	336.927	336.927
39.24	330.721	330.721
39.25	333.428	333.428
39.26	325.057	325.057
39.27	332.35	332.35
39.28	327.656	327.656
39.29	331.074	331.074
39.3	330.567	330.567
39.31	330.523	330.523
39.32	330.011	330.011
39.33	330.741	330.741
39.34	333.627	333.627
39.35	330.832	330.832
39.36	330.076	330.076
39.37	330.39	330.39
39.38	330.888	330.888
39.39	329.381	329.381
39.4	331.688	331.688
39.41	326.798	326.798
39.42	326.475	326.475
39.43	330.116	330.116
39.44	332.232	332.232
39.45	335.474	335.474
39.46	329.464	329.464
39.47	335.296	335.296
39.48	332.487	332.487
39.49	334.478	334.478
39.5	330.866	330.866
39.51	337.163	337.163
39.52	332.237	332.237
39.53	331.79	331.79
39.54	328.845	328.845
39.55	331.456	331.456
39.56	333.911	333.911
39.57	331.228	331.228
39.58	331.333	331.333
39.59	330.755	330.755
39.6	330.904	330.904
39.61	330.972	330.972
39.62	332.833	332.833
39.63	335.538	335.538
39.64	330.221	330.221
39.65	334.229	334.229
39.66	335.998	335.998
39.67	331.296	331.296
39.68	333.977	333.977
39.69	328.766	328.766
39.7	332.088	332.088
39.71	329.125	329.125
39.72	330.228	330.228
39.73	332.194	332.194
39.74	327.865	327.865
39.75	331.895	331.895
39.76	335.959	335.959
39.77	332.644	332.644
39.78	331.81	331.81
39.79	331.909	331.909
39.8	334.736	334.736
39.81	334.353	334.353
39.82	330.366	330.366
39.83	334.239	334.239
39.84	332.613	332.613
39.85	335.682	335.682
39.86	333.693	333.693
39.87	333.545	333.545
39.88	335.246	335.246
39.89	330.083	330.083
39.9	333.716	333.716
39.91	334.703	334.703
39.92	332.34	332.34
39.93	329.576	329.576
39.94	331.437	331.437
39.95	330.978	330.978
39.96	332.99	332.99
39.97	334.836	334.836
39.98	330.385	330.385
39.99	332.966	332.966
40.0	333.24	333.24
40.01	331.224	331.224
40.02	333.926	333.926
40.03	329.777	329.777
40.04	335.197	335.197
40.05	329.672	329.672
40.06	329.148	329.148
40.07	329.75	329.75
40.08	331.005	331.005
40.09	331.617	331.617
40.1	337.843	337.843
40.11	336.787	336.787
40.12	331.649	331.649
40.13	329.385	329.385
40.14	331.539	331.539
40.15	339.346	339.346
40.16	337.264	337.264
40.17	335.149	335.149
40.18	333.325	333.325
40.19	333.405	333.405
40.2	333.285	333.285
40.21	336.112	336.112
40.22	333.436	333.436
40.23	336.23	336.23
40.24	332.929	332.929
40.25	334.995	334.995
40.26	333.251	333.251
40.27	334.937	334.937
40.28	328.338	328.338
40.29	331.629	331.629
40.3	334.733	334.733
40.31	330.553	330.553
40.32	335.536	335.536
40.33	330.911	330.911
40.34	334.704	334.704
40.35	334.67	334.67
40.36	330.455	330.455
40.37	329.467	329.467
40.38	332.147	332.147
40.39	332.553	332.553
40.4	333.952	333.952
40.41	331.579	331.579
40.42	328.657	328.657
40.43	332.37	332.37
40.44	333.238	333.238
40.45	331.796	331.796
40.46	333.465	333.465
40.47	331.122	331.122
40.48	331.676	331.676
40.49	330.312	330.312
40.5	330.658	330.658
40.51	332.875	332.875
40.52	327.644	327.644
40.53	334.314	334.314
40.54	333.416	333.416
40.55	329.374	329.374
40.56	331.29	331.29
40.57	332.714	332.714
40.58	332.73	332.73
40.59	336.101	336.101
40.6	337.527	337.527
40.61	335.324	335.324
40.62	337.099	337.099
40.63	338.656	338.656
40.64	338.263	338.263
40.65	334.35	334.35
40.66	334.401	334.401
40.67	333.919	333.919
40.68	336.849	336.849
40.69	335.108	335.108
40.7	336.946	336.946
40.71	335.762	335.762
40.72	336.931	336.931
40.73	339.37	339.37
40.74	334.22	334.22
40.75	332.668	332.668
40.76	334.364	334.364
40.77	333.921	333.921
40.78	339.785	339.785
40.79	339.155	339.155
40.8	335.011	335.011
40.81	335.852	335.852
40.82	335.81	335.81
40.83	336.118	336.118
40.84	338.345	338.345
40.85	331.771	331.771
40.86	332.858	332.858
40.87	335.615	335.615
40.88	332.696	332.696
40.89	334.762	334.762
40.9	333.886	333.886
40.91	331.721	331.721
40.92	333.851	333.851
40.93	335.73	335.73
40.94	334.258	334.258
40.95	331.87	331.87
40.96	332.512	332.512
40.97	334.009	334.009
40.98	331.903	331.903
40.99	336.397	336.397
41.0	335.03	335.03
41.01	334.796	334.796
41.02	335.499	335.499
41.03	334.032	334.032
41.04	331.431	331.431
41.05	330.869	330.869
41.06	334.007	334.007
41.07	338.046	338.046
41.08	335.467	335.467
41.09	336.521	336.521
41.1	334.013	334.013
41.11	335.228	335.228
41.12	336.147	336.147
41.13	332.877	332.877
41.14	335.683	335.683
41.15	336.761	336.761
41.16	338.813	338.813
41.17	338.139	338.139
41.18	341.579	341.579
41.19	340.262	340.262
41.2	334.943	334.943
41.21	336.869	336.869
41.22	338.846	338.846
41.23	336.903	336.903
41.24	333.39	333.39
41.25	334.128	334.128
41.26	334.476	334.476
41.27	334.043	334.043
41.28	338.178	338.178
41.29	335.075	335.075
41.3	336.544	336.544
41.31	334.908	334.908
41.32	334.041	334.041
41.33	337.492	337.492
41.34	329.73	329.73
41.35	334.723	334.723
41.36	333.083	333.083
41.37	338.57	338.57
41.38	338.189	338.189
41.39	338.667	338.667
41.4	336.28	336.28
41.41	338.089	338.089
41.42	338.106	338.106
41.43	339.285	339.285
41.44	339.277	339.277
41.45	340.681	340.681
41.46	335.969	335.969
41.47	334.403	334.403
41.48	333.036	333.036
41.49	339.202	339.202
41.5	335.645	335.645
41.51	333.611	333.611
41.52	334.897	334.897
41.53	337.418	337.418
41.54	334.778	334.778
41.55	336.617	336.617
41.56	335.226	335.226
41.57	339.063	339.063
41.58	339.362	339.362
41.59	334.978	334.978
41.6	336.137	336.137
41.61	335.718	335.718
41.62	333.616	333.616
41.63	333.018	333.018
41.64	330.367	330.367
41.65	330.196	330.196
41.66	332.959	332.959
41.67	330.397	330.397
41.68	333.26	333.26
41.69	334.881	334.881
41.7	335.479	335.479
41.71	334.725	334.725
41.72	337.001	337.001
41.73	334.377	334.377
41.74	337.949	337.949
41.75	337.566	337.566
41.76	336.245	336.245
41.77	334.497	334.497
41.78	332.571	332.571
41.79	331.243	331.243
41.8	331.066	331.066
41.81	330.702	330.702
41.82	333.534	333.534
41.83	334.884	334.884
41.84	331.314	331.314
41.85	329.098	329.098
41.86	330.34	330.34
41.87	334.633	334.633
41.88	333.523	333.523
41.89	333.244	333.244
41.9	336.648	336.648
41.91	331.188	331.188
41.92	331.619	331.619
41.93	333.561	333.561
41.94	335.315	335.315
41.95	335.226	335.226
41.96	334.193	334.193
41.97	332.369	332.369
41.98	336.262	336.262
41.99	334.308	334.308
42.0	332.661	332.661
42.01	334.834	334.834
42.02	333.355	333.355
42.03	339.564	339.564
42.04	336.279	336.279
42.05	335.342	335.342
42.06	334.22	334.22
42.07	333.505	333.505
42.08	333.03	333.03
42.09	334.317	334.317
42.1	335.566	335.566
42.11	332.953	332.953
42.12	338.647	338.647
42.13	334.754	334.754
42.14	331.533	331.533
42.15	329.581	329.581
42.16	332.423	332.423
42.17	331.959	331.959
42.18	327.685	327.685
42.19	330.035	330.035
42.2	333.562	333.562
42.21	330.523	330.523
42.22	329.1	329.1
42.23	336.463	336.463
42.24	332.649	332.649
42.25	332.346	332.346
42.26	330.187	330.187
42.27	334.645	334.645
42.28	337.252	337.252
42.29	333.521	333.521
42.3	336.483	336.483
42.31	338.507	338.507
42.32	337.34	337.34
42.33	336.34	336.34
42.34	339.983	339.983
42.35	337.643	337.643
42.36	339.793	339.793
42.37	336.093	336.093
42.38	340.156	340.156
42.39	334.19	334.19
42.4	338.59	338.59
42.41	336.408	336.408
42.42	335.459	335.459
42.43	338.944	338.944
42.44	336.568	336.568
42.45	340.928	340.928
42.46	343.742	343.742
42.47	341.581	341.581
42.48	337.541	337.541
42.49	339.564	339.564
42.5	337.577	337.577
42.51	335.047	335.047
42.52	337.615	337.615
42.53	332.606	332.606
42.54	338.506	338.506
42.55	338.719	338.719
42.56	339.545	339.545
42.57	340.461	340.461
42.58	332.332	332.332
42.59	334.724	334.724
42.6	335.011	335.011
42.61	337.446	337.446
42.62	340.734	340.734
42.63	339.124	339.124
42.64	336.298	336.298
42.65	337.659	337.659
42.66	335.949	335.949
42.67	337.394	337.394
42.68	343.088	343.088
42.69	338.489	338.489
42.7	338.569	338.569
42.71	340.684	340.684
42.72	341.494	341.494
42.73	337.008	337.008
42.74	341.703	341.703
42.75	341.702	341.702
42.76	340.448	340.448
42.77	341.804	341.804
42.78	336.272	336.272
42.79	335.934	335.934
42.8	337.485	337.485
42.81	337.133	337.133
42.82	338.169	338.169
42.83	337.777	337.777
42.84	341.468	341.468
42.85	337.833	337.833
42.86	340.998	340.998
42.87	331.768	331.768
42.88	338.507	338.507
42.89	336.803	336.803
42.9	336.649	336.649
42.91	336.07	336.07
42.92	338.154	338.154
42.93	336.417	336.417
42.94	334.851	334.851
42.95	335.698	335.698
42.96	337.285	337.285
42.97	333.46	333.46
42.98	335.472	335.472
42.99	335.378	335.378
43.0	335.149	335.149
43.01	335.834	335.834
43.02	336.897	336.897
43.03	335.586	335.586
43.04	336.367	336.367
43.05	337.945	337.945
43.06	333.198	333.198
43.07	334.487	334.487
43.08	331.628	331.628
43.09	327.333	327.333
43.1	335.852	335.852
43.11	335.152	335.152
43.12	336.077	336.077
43.13	339.296	339.296
43.14	334.038	334.038
43.15	333.917	333.917
43.16	333.028	333.028
43.17	330.981	330.981
43.18	330.378	330.378
43.19	332.256	332.256
43.2	337.27	337.27
43.21	334.008	334.008
43.22	334.341	334.341
43.23	332.384	332.384
43.24	335.328	335.328
43.25	334.491	334.491
43.26	332.331	332.331
43.27	336.214	336.214
43.28	331.34	331.34
43.29	332.101	332.101
43.3	333.85	333.85
43.31	334.147	334.147
43.32	331.086	331.086
43.33	334.741	334.741
43.34	334.352	334.352
43.35	331.631	331.631
43.36	332.793	332.793
43.37	333.059	333.059
43.38	330.357	330.357
43.39	331.519	331.519
43.4	334.422	334.422
43.41	337.087	337.087
43.42	337.394	337.394
43.43	335.129	335.129
43.44	332.336	332.336
43.45	337.854	337.854
43.46	334.382	334.382
43.47	335.173	335.173
43.48	336.311	336.311
43.49	331.357	331.357
43.5	333.759	333.759
43.51	334.971	334.971
43.52	333.79	333.79
43.53	334.749	334.749
43.54	327.985	327.985
43.55	329.71	329.71
43.56	330.65	330.65
43.57	334.572	334.572
43.58	329.612	329.612
43.59	331.164	331.164
43.6	329.569	329.569
43.61	330.849	330.849
43.62	332.716	332.716
43.63	330.542	330.542
43.64	335.242	335.242
43.65	331.45	331.45
43.66	333.87	333.87
43.67	328.376	328.376
43.68	332.11	332.11
43.69	332.429	332.429
43.7	331.537	331.537
43.71	331.966	331.966
43.72	333.846	333.846
43.73	326.699	326.699
43.74	329.198	329.198
43.75	332.66	332.66
43.76	328.887	328.887
43.77	328.907	328.907
43.78	328.509	328.509
43.79	328.77	328.77
43.8	329.186	329.186
43.81	330.923	330.923
43.82	333.414	333.414
43.83	333.796	333.796
43.84	332.608	332.608
43.85	330.845	330.845
43.86	325.218	325.218
43.87	329.984	329.984
43.88	329.992	329.992
43.89	329.852	329.852
43.9	330.953	330.953
43.91	335.544	335.544
43.92	332.503	332.503
43.93	331.177	331.177
43.94	332.752	332.752
43.95	327.414	327.414
43.96	334.17	334.17
43.97	331.698	331.698
43.98	325.076	325.076
43.99	328.094	328.094
44.0	328.168	328.168
44.01	330.526	330.526
44.02	331.175	331.175
44.03	330.17	330.17
44.04	330.68	330.68
44.05	332.534	332.534
44.06	329.968	329.968
44.07	332.18	332.18
44.08	328.854	328.854
44.09	332.342	332.342
44.1	334.557	334.557
44.11	332.487	332.487
44.12	333.574	333.574
44.13	332.891	332.891
44.14	334.797	334.797
44.15	333.897	333.897
44.16	336.055	336.055
44.17	337.59	337.59
44.18	336.977	336.977
44.19	341.112	341.112
44.2	337.103	337.103
44.21	337.092	337.092
44.22	338.131	338.131
44.23	335.428	335.428
44.24	331.726	331.726
44.25	330.393	330.393
44.26	332.564	332.564
44.27	331.687	331.687
44.28	330.29	330.29
44.29	329.854	329.854
44.3	326.15	326.15
44.31	333.639	333.639
44.32	330.101	330.101
44.33	332.199	332.199
44.34	331.895	331.895
44.35	333.221	333.221
44.36	332.746	332.746
44.37	326.695	326.695
44.38	331.742	331.742
44.39	331.259	331.259
44.4	332.786	332.786
44.41	333.319	333.319
44.42	333.165	333.165
44.43	330.065	330.065
44.44	333.507	333.507
44.45	334.05	334.05
44.46	334.152	334.152
44.47	333.087	333.087
44.48	331.729	331.729
44.49	329.939	329.939
44.5	329.401	329.401
44.51	334.362	334.362
44.52	334.355	334.355
44.53	331.752	331.752
44.54	332.696	332.696
44.55	329.69	329.69
44.56	331.612	331.612
44.57	330.898	330.898
44.58	332.891	332.891
44.59	328.822	328.822
44.6	328.035	328.035
44.61	327.201	327.201
44.62	330.889	330.889
44.63	331.085	331.085
44.64	328.717	328.717
44.65	328.563	328.563
44.66	330.246	330.246
44.67	335.38	335.38
44.68	332.11	332.11
44.69	331.976	331.976
44.7	329.257	329.257
44.71	328.565	328.565
44.72	330.865	330.865
44.73	328.306	328.306
44.74	328.11	328.11
44.75	324.125	324.125
44.76	326.615	326.615
44.77	329.218	329.218
44.78	329.632	329.632
44.79	326.853	326.853
44.8	326.338	326.338
44.81	327.685	327.685
44.82	328.264	328.264
44.83	328.817	328.817
44.84	332.854	332.854
44.85	330.744	330.744
44.86	333.979	333.979
44.87	334.414	334.414
44.88	330.304	330.304
44.89	328.429	328.429
44.9	331.378	331.378
44.91	325.673	325.673
44.92	331.275	331.275
44.93	329.97	329.97
44.94	335.897	335.897
44.95	333.284	333.284
44.96	330.508	330.508
44.97	336.019	336.019
44.98	330.641	330.641
44.99	333.141	333.141
45.0	333.313	333.313
45.01	331.153	331.153
45.02	328.401	328.401
45.03	331.813	331.813
45.04	332.622	332.622
45.05	334.231	334.231
45.06	334.039	334.039
45.07	333.788	333.788
45.08	329.793	329.793
45.09	329.717	329.717
45.1	331.336	331.336
45.11	325.306	325.306
45.12	328.951	328.951
45.13	329.766	329.766
45.14	323.7	323.7
45.15	327.394	327.394
45.16	330.73	330.73
45.17	326.487	326.487
45.18	325.36	325.36
45.19	329.166	329.166
45.2	326.288	326.288
45.21	327.943	327.943
45.22	329.561	329.561
45.23	330.589	330.589
45.24	326.468	326.468
45.25	327.284	327.284
45.26	323.977	323.977
45.27	328.381	328.381
45.28	325.769	325.769
45.29	326.94	326.94
45.3	328.915	328.915
45.31	328.912	328.912
45.32	328.22	328.22
45.33	327.419	327.419
45.34	324.387	324.387
45.35	326.727	326.727
45.36	330.734	330.734
45.37	329.817	329.817
45.38	330.438	330.438
45.39	333.869	333.869
45.4	331.886	331.886
45.41	335.418	335.418
45.42	333.068	333.068
45.43	336.079	336.079
45.44	336.974	336.974
45.45	333.688	333.688
45.46	331.661	331.661
45.47	334.413	334.413
45.48	336.001	336.001
45.49	335.283	335.283
45.5	333.298	333.298
45.51	332.436	332.436
45.52	335.637	335.637
45.53	327.983	327.983
45.54	332.976	332.976
45.55	337.636	337.636
45.56	334.915	334.915
45.57	335.156	335.156
45.58	335.195	335.195
45.59	340.536	340.536
45.6	336.926	336.926
45.61	335.561	335.561
45.62	339.826	339.826
45.63	340.717	340.717
45.64	339.268	339.268
45.65	340.14	340.14
45.66	341.094	341.094
45.67	343.046	343.046
45.68	334.812	334.812
45.69	336.723	336.723
45.7	341.837	341.837
45.71	337.124	337.124
45.72	341.31	341.31
45.73	343.274	343.274
45.74	343.191	343.191
45.75	340.535	340.535
45.76	338.901	338.901
45.77	336.926	336.926
45.78	337.089	337.089
45.79	338.209	338.209
45.8	339.84	339.84
45.81	336.107	336.107
45.82	337.737	337.737
45.83	337.921	337.921
45.84	340.438	340.438
45.85	342.279	342.279
45.86	340.929	340.929
45.87	337.526	337.526
45.88	342.233	342.233
45.89	345.24	345.24
45.9	339.502	339.502
45.91	341.467	341.467
45.92	337.108	337.108
45.93	341.098	341.098
45.94	336.908	336.908
45.95	336.354	336.354
45.96	341.2	341.2
45.97	337.027	337.027
45.98	335.505	335.505
45.99	334.487	334.487
46.0	339.369	339.369
46.01	332.289	332.289
46.02	332.404	332.404
46.03	337.051	337.051
46.04	336.448	336.448
46.05	335.03	335.03
46.06	333.186	333.186
46.07	331.957	331.957
46.08	328.718	328.718
46.09	332.186	332.186
46.1	337.953	337.953
46.11	332.459	332.459
46.12	334.666	334.666
46.13	339.024	339.024
46.14	336.739	336.739
46.15	339.894	339.894
46.16	333.913	333.913
46.17	338.823	338.823
46.18	333.941	333.941
46.19	336.358	336.358
46.2	332.359	332.359
46.21	330.243	330.243
46.22	336.377	336.377
46.23	335.454	335.454
46.24	334.382	334.382
46.25	330.873	330.873
46.26	331.277	331.277
46.27	332.036	332.036
46.28	335.038	335.038
46.29	331.666	331.666
46.3	329.095	329.095
46.31	327.973	327.973
46.32	332.933	332.933
46.33	333.107	333.107
46.34	334.382	334.382
46.35	327.55	327.55
46.36	333.498	333.498
46.37	331.144	331.144
46.38	333.696	333.696
46.39	333.187	333.187
46.4	333.087	333.087
46.41	331.8	331.8
46.42	336.228	336.228
46.43	333.514	333.514
46.44	334.005	334.005
46.45	330.59	330.59
46.46	335.204	335.204
46.47	332.204	332.204
46.48	331.732	331.732
46.49	331.583	331.583
46.5	332.783	332.783
46.51	329.484	329.484
46.52	332.28	332.28
46.53	330.109	330.109
46.54	333.501	333.501
46.55	327.445	327.445
46.56	331.129	331.129
46.57	327.285	327.285
46.58	331.449	331.449
46.59	330.772	330.772
46.6	332.01	332.01
46.61	335.192	335.192
46.62	333.069	333.069
46.63	333.542	333.542
46.64	335.86	335.86
46.65	333.825	333.825
46.66	335.526	335.526
46.67	336.165	336.165
46.68	330.287	330.287
46.69	335.003	335.003
46.7	332.459	332.459
46.71	334.041	334.041
46.72	331.409	331.409
46.73	330.405	330.405
46.74	333.862	333.862
46.75	333.6	333.6
46.76	328.0	328.0
46.77	334.588	334.588
46.78	333.011	333.011
46.79	330.925	330.925
46.8	336.046	336.046
46.81	330.42	330.42
46.82	334.02	334.02
46.83	336.885	336.885
46.84	328.998	328.998
46.85	334.013	334.013
46.86	330.924	330.924
46.87	333.196	333.196
46.88	336.018	336.018
46.89	336.531	336.531
46.9	329.05	329.05
46.91	334.973	334.973
46.92	336.245	336.245
46.93	333.596	333.596
46.94	334.316	334.316
46.95	335.926	335.926
46.96	333.071	333.071
46.97	334.205	334.205
46.98	338.256	338.256
46.99	337.144	337.144
47.0	334.224	334.224
47.01	339.524	339.524
47.02	333.499	333.499
47.03	336.16	336.16
47.04	335.197	335.197
47.05	333.872	333.872
47.06	332.467	332.467
47.07	330.307	330.307
47.08	330.895	330.895
47.09	333.036	333.036
47.1	335.264	335.264
47.11	332.395	332.395
47.12	333.251	333.251
47.13	331.666	331.666
47.14	332.06	332.06
47.15	332.873	332.873
47.16	330.669	330.669
47.17	334.638	334.638
47.18	335.25	335.25
47.19	333.193	333.193
47.2	333.363	333.363
47.21	335.679	335.679
47.22	336.54	336.54
47.23	334.092	334.092
47.24	333.576	333.576
47.25	333.757	333.757
47.26	333.333	333.333
47.27	336.891	336.891
47.28	337.217	337.217
47.29	334.77	334.77
47.3	334.467	334.467
47.31	331.512	331.512
47.32	337.353	337.353
47.33	329.648	329.648
47.34	332.549	332.549
47.35	331.977	331.977
47.36	334.462	334.462
47.37	340.397	340.397
47.38	330.051	330.051
47.39	336.184	336.184
47.4	334.0	334.0
47.41	332.122	332.122
47.42	333.048	333.048
47.43	333.94	333.94
47.44	335.607	335.607
47.45	331.868	331.868
47.46	333.541	333.541
47.47	331.512	331.512
47.48	334.072	334.072
47.49	332.996	332.996
47.5	336.501	336.501
47.51	332.454	332.454
47.52	328.426	328.426
47.53	334.88	334.88
47.54	333.775	333.775
47.55	334.438	334.438
47.56	336.317	336.317
47.57	334.997	334.997
47.58	335.632	335.632
47.59	338.13	338.13
47.6	336.74	336.74
47.61	337.743	337.743
47.62	335.904	335.904
47.63	330.654	330.654
47.64	332.671	332.671
47.65	332.628	332.628
47.66	332.236	332.236
47.67	335.825	335.825
47.68	331.669	331.669
47.69	332.844	332.844
47.7	333.027	333.027
47.71	330.357	330.357
47.72	332.022	332.022
47.73	330.957	330.957
47.74	333.229	333.229
47.75	330.983	330.983
47.76	332.36	332.36
47.77	335.358	335.358
47.78	334.693	334.693
47.79	334.648	334.648
47.8	336.857	336.857
47.81	334.631	334.631
47.82	334.611	334.611
47.83	335.444	335.444
47.84	332.665	332.665
47.85	330.33	330.33
47.86	333.456	333.456
47.87	335.629	335.629
47.88	337.273	337.273
47.89	335.574	335.574
47.9	335.367	335.367
47.91	332.78	332.78
47.92	333.24	333.24
47.93	336.26	336.26
47.94	337.871	337.871
47.95	335.141	335.141
47.96	337.931	337.931
47.97	334.258	334.258
47.98	333.284	333.284
47.99	334.836	334.836
48.0	333.19	333.19
48.01	339.362	339.362
48.02	334.239	334.239
48.03	333.35	333.35
48.04	334.729	334.729
48.05	330.757	330.757
48.06	335.868	335.868
48.07	330.731	330.731
48.08	333.579	333.579
48.09	329.562	329.562
48.1	335.703	335.703
48.11	332.948	332.948
48.12	337.245	337.245
48.13	338.395	338.395
48.14	336.605	336.605
48.15	335.408	335.408
48.16	332.86	332.86
48.17	337.529	337.529
48.18	334.613	334.613
48.19	332.169	332.169
48.2	332.712	332.712
48.21	332.229	332.229
48.22	330.086	330.086
48.23	331.428	331.428
48.24	332.893	332.893
48.25	329.428	329.428
48.26	332.216	332.216
48.27	329.554	329.554
48.28	333.821	333.821
48.29	333.625	333.625
48.3	330.779	330.779
48.31	332.191	332.191
48.32	329.812	329.812
48.33	334.603	334.603
48.34	327.783	327.783
48.35	333.74	333.74
48.36	337.069	337.069
48.37	330.909	330.909
48.38	335.407	335.407
48.39	336.114	336.114
48.4	332.058	332.058
48.41	330.311	330.311
48.42	329.601	329.601
48.43	330.001	330.001
48.44	331.692	331.692
48.45	333.038	333.038
48.46	327.568	327.568
48.47	330.798	330.798
48.48	334.323	334.323
48.49	335.802	335.802
48.5	335.711	335.711
48.51	334.199	334.199
48.52	336.435	336.435
48.53	335.07	335.07
48.54	333.808	333.808
48.55	335.281	335.281
48.56	337.356	337.356
48.57	336.985	336.985
48.58	335.892	335.892
48.59	336.747	336.747
48.6	335.64	335.64
48.61	333.7	333.7
48.62	335.775	335.775
48.63	334.264	334.264
48.64	339.288	339.288
48.65	332.484	332.484
48.66	335.841	335.841
48.67	339.946	339.946
48.68	337.185	337.185
48.69	335.634	335.634
48.7	334.506	334.506
48.71	334.072	334.072
48.72	335.842	335.842
48.73	335.175	335.175
48.74	332.249	332.249
48.75	338.597	338.597
48.76	336.433	336.433
48.77	332.971	332.971
48.78	332.249	332.249
48.79	333.252	333.252
48.8	334.692	334.692
48.81	328.128	328.128
48.82	331.573	331.573
48.83	334.299	334.299
48.84	333.776	333.776
48.85	336.426	336.426
48.86	328.783	328.783
48.87	328.475	328.475
48.88	334.239	334.239
48.89	332.986	332.986
48.9	333.405	333.405
48.91	334.565	334.565
48.92	332.317	332.317
48.93	335.643	335.643
48.94	336.26	336.26
48.95	337.468	337.468
48.96	336.294	336.294
48.97	336.968	336.968
48.98	337.689	337.689
48.99	338.517	338.517
49.0	340.462	340.462
49.01	338.567	338.567
49.02	337.651	337.651
49.03	338.812	338.812
49.04	339.92	339.92
49.05	339.917	339.917
49.06	335.375	335.375
49.07	340.015	340.015
49.08	336.962	336.962
49.09	340.513	340.513
49.1	343.657	343.657
49.11	339.995	339.995
49.12	339.023	339.023
49.13	339.137	339.137
49.14	335.361	335.361
49.15	337.699	337.699
49.16	334.637	334.637
49.17	339.284	339.284
49.18	333.189	333.189
49.19	335.533	335.533
49.2	336.883	336.883
49.21	336.55	336.55
49.22	335.536	335.536
49.23	335.086	335.086
49.24	335.95	335.95
49.25	333.514	333.514
49.26	334.886	334.886
49.27	336.622	336.622
49.28	336.79	336.79
49.29	334.071	334.071
49.3	337.335	337.335
49.31	336.913	336.913
49.32	333.698	333.698
49.33	331.606	331.606
49.34	333.382	333.382
49.35	330.149	330.149
49.36	335.927	335.927
49.37	331.195	331.195
49.38	336.905	336.905
49.39	338.38	338.38
49.4	336.109	336.109
49.41	334.802	334.802
49.42	336.594	336.594
49.43	332.735	332.735
49.44	337.517	337.517
49.45	336.333	336.333
49.46	338.361	338.361
49.47	338.966	338.966
49.48	337.428	337.428
49.49	340.42	340.42
49.5	337.291	337.291
49.51	337.319	337.319
49.52	339.982	339.982
49.53	338.72	338.72
49.54	338.217	338.217
49.55	339.764	339.764
49.56	337.65	337.65
49.57	334.883	334.883
49.58	335.898	335.898
49.59	338.546	338.546
49.6	336.381	336.381
49.61	334.966	334.966
49.62	336.81	336.81
49.63	334.861	334.861
49.64	334.875	334.875
49.65	334.739	334.739
49.66	338.186	338.186
49.67	339.384	339.384
49.68	328.546	328.546
49.69	335.506	335.506
49.7	332.449	332.449
49.71	339.439	339.439
49.72	335.217	335.217
49.73	334.516	334.516
49.74	336.344	336.344
49.75	335.407	335.407
49.76	339.438	339.438
49.77	339.574	339.574
49.78	337.417	337.417
49.79	336.942	336.942
49.8	334.986	334.986
49.81	338.107	338.107
49.82	333.518	333.518
49.83	333.415	333.415
49.84	333.734	333.734
49.85	333.305	333.305
49.86	332.103	332.103
49.87	333.154	333.154
49.88	335.041	335.041
49.89	335.129	335.129
49.9	334.019	334.019
49.91	332.365	332.365
49.92	334.215	334.215
49.93	336.507	336.507
49.94	340.673	340.673
49.95	337.614	337.614
49.96	337.646	337.646
49.97	338.955	338.955
49.98	335.607	335.607
49.99	336.384	336.384
50.0	337.704	337.704
50.01	332.727	332.727
50.02	334.379	334.379
50.03	336.278	336.278
50.04	338.141	338.141
50.05	336.47	336.47
50.06	342.215	342.215
50.07	338.71	338.71
50.08	338.928	338.928
50.09	337.588	337.588
50.1	331.238	331.238
50.11	335.822	335.822
50.12	337.896	337.896
50.13	337.658	337.658
50.14	336.468	336.468
50.15	336.389	336.389
50.16	335.97	335.97
50.17	335.155	335.155
50.18	333.886	333.886
50.19	339.118	339.118
50.2	336.195	336.195
50.21	336.861	336.861
50.22	333.605	333.605
50.23	338.984	338.984
50.24	340.421	340.421
50.25	339.018	339.018
50.26	338.595	338.595
50.27	340.303	340.303
50.28	339.378	339.378
50.29	338.347	338.347
50.3	338.719	338.719
50.31	342.414	342.414
50.32	340.94	340.94
50.33	338.801	338.801
50.34	342.449	342.449
50.35	343.126	343.126
50.36	341.196	341.196
50.37	339.414	339.414
50.38	340.035	340.035
50.39	336.499	336.499
50.4	340.955	340.955
50.41	341.359	341.359
50.42	339.574	339.574
50.43	336.106	336.106
50.44	341.858	341.858
50.45	340.993	340.993
50.46	341.099	341.099
50.47	336.934	336.934
50.48	336.053	336.053
50.49	338.477	338.477
50.5	337.61	337.61
50.51	339.351	339.351
50.52	335.645	335.645
50.53	338.599	338.599
50.54	339.567	339.567
50.55	342.802	342.802
50.56	341.307	341.307
50.57	339.813	339.813
50.58	336.669	336.669
50.59	340.126	340.126
50.6	336.597	336.597
50.61	340.01	340.01
50.62	336.726	336.726
50.63	333.513	333.513
50.64	337.848	337.848
50.65	337.04	337.04
50.66	339.61	339.61
50.67	335.024	335.024
50.68	334.134	334.134
50.69	338.926	338.926
50.7	335.292	335.292
50.71	338.843	338.843
50.72	336.871	336.871
50.73	336.807	336.807
50.74	341.407	341.407
50.75	339.711	339.711
50.76	339.822	339.822
50.77	337.56	337.56
50.78	335.218	335.218
50.79	340.466	340.466
50.8	339.397	339.397
50.81	337.32	337.32
50.82	334.394	334.394
50.83	331.682	331.682
50.84	334.674	334.674
50.85	328.774	328.774
50.86	335.242	335.242
50.87	333.472	333.472
50.88	334.628	334.628
50.89	338.314	338.314
50.9	337.089	337.089
50.91	335.556	335.556
50.92	338.088	338.088
50.93	335.412	335.412
50.94	332.911	332.911
50.95	335.091	335.091
50.96	336.687	336.687
50.97	342.542	342.542
50.98	337.623	337.623
50.99	335.033	335.033
51.0	336.169	336.169
51.01	333.445	333.445
51.02	333.408	333.408
51.03	332.574	332.574
51.04	335.451	335.451
51.05	334.021	334.021
51.06	332.956	332.956
51.07	335.968	335.968
51.08	336.089	336.089
51.09	331.77	331.77
51.1	332.882	332.882
51.11	336.095	336.095
51.12	332.943	332.943
51.13	332.849	332.849
51.14	330.365	330.365
51.15	334.171	334.171
51.16	333.296	333.296
51.17	329.814	329.814
51.18	335.103	335.103
51.19	334.475	334.475
51.2	339.226	339.226
51.21	337.528	337.528
51.22	333.544	333.544
51.23	332.626	332.626
51.24	334.024	334.024
51.25	333.429	333.429
51.26	334.134	334.134
51.27	338.407	338.407
51.28	336.588	336.588
51.29	335.707	335.707
51.3	337.371	337.371
51.31	336.537	336.537
51.32	337.307	337.307
51.33	337.05	337.05
51.34	335.426	335.426
51.35	334.468	334.468
51.36	339.791	339.791
51.37	335.01	335.01
51.38	335.455	335.455
51.39	333.539	333.539
51.4	334.412	334.412
51.41	334.387	334.387
51.42	334.863	334.863
51.43	336.211	336.211
51.44	333.804	333.804
51.45	336.238	336.238
51.46	337.545	337.545
51.47	334.14	334.14
51.48	333.635	333.635
51.49	330.996	330.996
51.5	328.635	328.635
51.51	335.667	335.667
51.52	332.86	332.86
51.53	336.188	336.188
51.54	334.504	334.504
51.55	331.485	331.485
51.56	330.361	330.361
51.57	334.166	334.166
51.58	335.548	335.548
51.59	333.917	333.917
51.6	338.835	338.835
51.61	335.458	335.458
51.62	339.134	339.134
51.63	334.316	334.316
51.64	337.597	337.597
51.65	339.79	339.79
51.66	335.8	335.8
51.67	339.068	339.068
51.68	340.379	340.379
51.69	335.27	335.27
51.7	336.394	336.394
51.71	333.172	333.172
51.72	335.89	335.89
51.73	337.248	337.248
51.74	336.622	336.622
51.75	335.245	335.245
51.76	335.819	335.819
51.77	335.295	335.295
51.78	336.739	336.739
51.79	332.76	332.76
51.8	331.264	331.264
51.81	334.05	334.05
51.82	338.467	338.467
51.83	336.694	336.694
51.84	332.762	332.762
51.85	335.17	335.17
51.86	335.721	335.721
51.87	334.559	334.559
51.88	331.86	331.86
51.89	329.115	329.115
51.9	333.307	333.307
51.91	334.045	334.045
51.92	335.434	335.434
51.93	333.028	333.028
51.94	333.452	333.452
51.95	334.193	334.193
51.96	333.919	333.919
51.97	330.36	330.36
51.98	333.955	333.955
51.99	329.395	329.395
52.0	336.209	336.209
52.01	331.99	331.99
52.02	335.207	335.207
52.03	332.906	332.906
52.04	333.375	333.375
52.05	331.309	331.309
52.06	334.358	334.358
52.07	334.11	334.11
52.08	334.701	334.701
52.09	335.855	335.855
52.1	335.478	335.478
52.11	333.768	333.768
52.12	336.347	336.347
52.13	334.491	334.491
52.14	335.589	335.589
52.15	332.85	332.85
52.16	334.104	334.104
52.17	337.647	337.647
52.18	338.947	338.947
52.19	336.891	336.891
52.2	337.231	337.231
52.21	335.622	335.622
52.22	335.95	335.95
52.23	339.023	339.023
52.24	338.882	338.882
52.25	334.89	334.89
52.26	333.891	333.891
52.27	335.445	335.445
52.28	330.649	330.649
52.29	333.04	333.04
52.3	332.354	332.354
52.31	337.331	337.331
52.32	330.636	330.636
52.33	336.339	336.339
52.34	334.213	334.213
52.35	331.563	331.563
52.36	334.329	334.329
52.37	333.411	333.411
52.38	333.22	333.22
52.39	333.854	333.854
52.4	333.736	333.736
52.41	334.892	334.892
52.42	335.455	335.455
52.43	336.769	336.769
52.44	336.203	336.203
52.45	337.453	337.453
52.46	337.146	337.146
52.47	340.251	340.251
52.48	335.612	335.612
52.49	335.352	335.352
52.5	341.53	341.53
52.51	336.185	336.185
52.52	338.375	338.375
52.53	332.302	332.302
52.54	335.47	335.47
52.55	338.295	338.295
52.56	334.664	334.664
52.57	332.392	332.392
52.58	333.391	333.391
52.59	336.769	336.769
52.6	335.818	335.818
52.61	338.365	338.365
52.62	338.416	338.416
52.63	339.384	339.384
52.64	334.082	334.082
52.65	332.571	332.571
52.66	338.299	338.299
52.67	338.708	338.708
52.68	335.624	335.624
52.69	336.057	336.057
52.7	338.529	338.529
52.71	339.196	339.196
52.72	337.601	337.601
52.73	337.221	337.221
52.74	338.014	338.014
52.75	336.153	336.153
52.76	337.006	337.006
52.77	334.336	334.336
52.78	333.499	333.499
52.79	335.166	335.166
52.8	331.746	331.746
52.81	334.643	334.643
52.82	334.592	334.592
52.83	334.461	334.461
52.84	337.686	337.686
52.85	333.064	333.064
52.86	338.285	338.285
52.87	332.005	332.005
52.88	333.193	333.193
52.89	335.902	335.902
52.9	333.049	333.049
52.91	329.401	329.401
52.92	332.766	332.766
52.93	334.139	334.139
52.94	335.947	335.947
52.95	332.737	332.737
52.96	337.859	337.859
52.97	331.456	331.456
52.98	336.303	336.303
52.99	337.51	337.51
53.0	334.573	334.573
53.01	341.859	341.859
53.02	341.185	341.185
53.03	339.63	339.63
53.04	334.888	334.888
53.05	337.687	337.687
53.06	338.152	338.152
53.07	332.14	332.14
53.08	330.369	330.369
53.09	333.158	333.158
53.1	332.053	332.053
53.11	332.507	332.507
53.12	334.216	334.216
53.13	332.48	332.48
53.14	336.582	336.582
53.15	340.234	340.234
53.16	333.36	333.36
53.17	331.173	331.173
53.18	337.579	337.579
53.19	333.855	333.855
53.2	327.5	327.5
53.21	336.358	336.358
53.22	334.788	334.788
53.23	339.694	339.694
53.24	336.703	336.703
53.25	336.434	336.434
53.26	335.305	335.305
53.27	332.585	332.585
53.28	334.045	334.045
53.29	333.66	333.66
53.3	333.768	333.768
53.31	332.119	332.119
53.32	338.048	338.048
53.33	334.076	334.076
53.34	335.536	335.536
53.35	335.738	335.738
53.36	338.16	338.16
53.37	334.12	334.12
53.38	338.171	338.171
53.39	337.154	337.154
53.4	334.269	334.269
53.41	331.814	331.814
53.42	335.043	335.043
53.43	339.41	339.41
53.44	335.422	335.422
53.45	334.016	334.016
53.46	331.591	331.591
53.47	331.072	331.072
53.48	332.197	332.197
53.49	333.959	333.959
53.5	334.467	334.467
53.51	335.76	335.76
53.52	336.136	336.136
53.53	336.793	336.793
53.54	332.293	332.293
53.55	333.849	333.849
53.56	337.346	337.346
53.57	338.234	338.234
53.58	332.419	332.419
53.59	332.262	332.262
53.6	335.853	335.853
53.61	332.32	332.32
53.62	335.681	335.681
53.63	330.165	330.165
53.64	333.528	333.528
53.65	337.687	337.687
53.66	334.188	334.188
53.67	335.695	335.695
53.68	336.089	336.089
53.69	335.982	335.982
53.7	333.445	333.445
53.71	334.932	334.932
53.72	332.951	332.951
53.73	333.853	333.853
53.74	331.424	331.424
53.75	328.949	328.949
53.76	330.347	330.347
53.77	335.833	335.833
53.78	337.431	337.431
53.79	337.655	337.655
53.8	335.483	335.483
53.81	334.514	334.514
53.82	340.561	340.561
53.83	335.822	335.822
53.84	334.221	334.221
53.85	335.035	335.035
53.86	335.833	335.833
53.87	331.826	331.826
53.88	335.711	335.711
53.89	334.318	334.318
53.9	333.28	333.28
53.91	331.524	331.524
53.92	332.504	332.504
53.93	333.136	333.136
53.94	329.435	329.435
53.95	331.544	331.544
53.96	333.412	333.412
53.97	333.726	333.726
53.98	329.22	329.22
53.99	336.614	336.614
54.0	335.792	335.792
54.01	335.468	335.468
54.02	332.99	332.99
54.03	331.927	331.927
54.04	338.369	338.369
54.05	329.64	329.64
54.06	330.296	330.296
54.07	333.951	333.951
54.08	332.861	332.861
54.09	337.959	337.959
54.1	329.737	329.737
54.11	333.384	333.384
54.12	331.509	331.509
54.13	332.447	332.447
54.14	333.961	333.961
54.15	331.327	331.327
54.16	334.004	334.004
54.17	335.699	335.699
54.18	335.583	335.583
54.19	331.82	331.82
54.2	328.87	328.87
54.21	336.507	336.507
54.22	336.132	336.132
54.23	332.549	332.549
54.24	334.69	334.69
54.25	332.509	332.509
54.26	333.597	333.597
54.27	333.602	333.602
54.28	332.083	332.083
54.29	331.026	331.026
54.3	329.324	329.324
54.31	333.222	333.222
54.32	335.303	335.303
54.33	330.23	330.23
54.34	332.275	332.275
54.35	335.589	335.589
54.36	339.536	339.536
54.37	334.824	334.824
54.38	333.961	333.961
54.39	334.658	334.658
54.4	334.858	334.858
54.41	333.825	333.825
54.42	336.51	336.51
54.43	334.798	334.798
54.44	334.124	334.124
54.45	335.744	335.744
54.46	336.937	336.937
54.47	334.163	334.163
54.48	339.289	339.289
54.49	335.727	335.727
54.5	339.105	339.105
54.51	334.703	334.703
54.52	340.363	340.363
54.53	341.086	341.086
54.54	334.336	334.336
54.55	334.028	334.028
54.56	339.186	339.186
54.57	335.356	335.356
54.58	335.846	335.846
54.59	342.062	342.062
54.6	337.288	337.288
54.61	334.107	334.107
54.62	337.911	337.911
54.63	336.431	336.431
54.64	334.074	334.074
54.65	335.237	335.237
54.66	334.322	334.322
54.67	335.577	335.577
54.68	332.485	332.485
54.69	332.754	332.754
54.7	331.06	331.06
54.71	328.729	328.729
54.72	329.628	329.628
54.73	333.068	333.068
54.74	333.671	333.671
54.75	330.568	330.568
54.76	333.111	333.111
54.77	332.825	332.825
54.78	332.37	332.37
54.79	333.099	333.099
54.8	330.98	330.98
54.81	329.386	329.386
54.82	331.216	331.216
54.83	329.165	329.165
54.84	331.45	331.45
54.85	330.711	330.711
54.86	330.617	330.617
54.87	331.702	331.702
54.88	332.206	332.206
54.89	333.955	333.955
54.9	332.076	332.076
54.91	335.636	335.636
54.92	331.972	331.972
54.93	330.944	330.944
54.94	335.011	335.011
54.95	333.674	333.674
54.96	332.207	332.207
54.97	331.488	331.488
54.98	335.036	335.036
54.99	332.679	332.679
55.0	331.826	331.826
55.01	330.412	330.412
55.02	332.793	332.793
55.03	328.238	328.238
55.04	329.475	329.475
55.05	334.524	334.524
55.06	331.326	331.326
55.07	327.788	327.788
55.08	334.784	334.784
55.09	332.787	332.787
55.1	330.261	330.261
55.11	329.457	329.457
55.12	332.404	332.404
55.13	330.199	330.199
55.14	330.642	330.642
55.15	330.764	330.764
55.16	336.739	336.739
55.17	333.002	333.002
55.18	332.291	332.291
55.19	332.284	332.284
55.2	333.887	333.887
55.21	332.033	332.033
55.22	331.938	331.938
55.23	330.418	330.418
55.24	329.442	329.442
55.25	333.611	333.611
55.26	328.075	328.075
55.27	328.781	328.781
55.28	324.415	324.415
55.29	330.74	330.74
55.3	329.486	329.486
55.31	329.74	329.74
55.32	331.353	331.353
55.33	329.78	329.78
55.34	328.937	328.937
55.35	330.815	330.815
55.36	335.012	335.012
55.37	327.017	327.017
55.38	326.988	326.988
55.39	327.025	327.025
55.4	329.099	329.099
55.41	331.897	331.897
55.42	334.243	334.243
55.43	327.59	327.59
55.44	330.345	330.345
55.45	332.711	332.711
55.46	327.373	327.373
55.47	326.578	326.578
55.48	330.678	330.678
55.49	322.22	322.22
55.5	330.554	330.554
55.51	329.842	329.842
55.52	331.603	331.603
55.53	330.705	330.705
55.54	332.087	332.087
55.55	328.507	328.507
55.56	333.299	333.299
55.57	332.572	332.572
55.58	332.431	332.431
55.59	329.219	329.219
55.6	329.074	329.074
55.61	328.254	328.254
55.62	327.398	327.398
55.63	328.531	328.531
55.64	330.548	330.548
55.65	332.738	332.738
55.66	329.359	329.359
55.67	330.836	330.836
55.68	328.379	328.379
55.69	326.579	326.579
55.7	326.677	326.677
55.71	325.729	325.729
55.72	327.315	327.315
55.73	327.16	327.16
55.74	327.207	327.207
55.75	327.439	327.439
55.76	329.595	329.595
55.77	328.422	328.422
55.78	323.513	323.513
55.79	328.725	328.725
55.8	328.83	328.83
55.81	328.896	328.896
55.82	331.274	331.274
55.83	323.609	323.609
55.84	331.756	331.756
55.85	326.437	326.437
55.86	327.815	327.815
55.87	331.866	331.866
55.88	328.795	328.795
55.89	329.294	329.294
55.9	329.141	329.141
55.91	329.255	329.255
55.92	327.414	327.414
55.93	331.448	331.448
55.94	331.23	331.23
55.95	329.58	329.58
55.96	329.353	329.353
55.97	327.465	327.465
55.98	331.78	331.78
55.99	333.911	333.911
56.0	330.328	330.328
56.01	331.521	331.521
56.02	328.365	328.365
56.03	333.005	333.005
56.04	328.515	328.515
56.05	331.696	331.696
56.06	328.859	328.859
56.07	328.989	328.989
56.08	330.168	330.168
56.09	331.814	331.814
56.1	326.572	326.572
56.11	332.668	332.668
56.12	330.617	330.617
56.13	332.002	332.002
56.14	328.026	328.026
56.15	333.983	333.983
56.16	331.87	331.87
56.17	327.753	327.753
56.18	333.143	333.143
56.19	329.975	329.975
56.2	335.577	335.577
56.21	329.692	329.692
56.22	336.407	336.407
56.23	330.772	330.772
56.24	328.206	328.206
56.25	326.66	326.66
56.26	332.683	332.683
56.27	332.462	332.462
56.28	325.679	325.679
56.29	330.353	330.353
56.3	325.443	325.443
56.31	332.413	332.413
56.32	331.563	331.563
56.33	329.134	329.134
56.34	331.542	331.542
56.35	329.987	329.987
56.36	327.432	327.432
56.37	330.564	330.564
56.38	329.891	329.891
56.39	330.518	330.518
56.4	331.621	331.621
56.41	328.617	328.617
56.42	329.42	329.42
56.43	329.332	329.332
56.44	331.34	331.34
56.45	328.38	328.38
56.46	328.907	328.907
56.47	332.635	332.635
56.48	335.082	335.082
56.49	333.043	333.043
56.5	333.62	333.62
56.51	334.512	334.512
56.52	330.27	330.27
56.53	333.125	333.125
56.54	333.833	333.833
56.55	335.766	335.766
56.56	335.313	335.313
56.57	332.185	332.185
56.58	334.547	334.547
56.59	336.708	336.708
56.6	329.927	329.927
56.61	332.894	332.894
56.62	334.262	334.262
56.63	332.083	332.083
56.64	327.455	327.455
56.65	326.523	326.523
56.66	327.245	327.245
56.67	326.204	326.204
56.68	329.522	329.522
56.69	329.547	329.547
56.7	333.664	333.664
56.71	329.032	329.032
56.72	327.166	327.166
56.73	332.335	332.335
56.74	329.003	329.003
56.75	332.348	332.348
56.76	331.628	331.628
56.77	332.42	332.42
56.78	332.936	332.936
56.79	336.05	336.05
56.8	331.489	331.489
56.81	338.186	338.186
56.82	335.455	335.455
56.83	335.849	335.849
56.84	335.084	335.084
56.85	329.291	329.291
56.86	330.471	330.471
56.87	330.826	330.826
56.88	334.145	334.145
56.89	328.031	328.031
56.9	332.114	332.114
56.91	330.614	330.614
56.92	329.958	329.958
56.93	331.894	331.894
56.94	330.191	330.191
56.95	330.869	330.869
56.96	329.003	329.003
56.97	328.836	328.836
56.98	332.109	332.109
56.99	330.137	330.137
57.0	329.828	329.828
57.01	332.994	332.994
57.02	330.927	330.927
57.03	333.59	333.59
57.04	334.006	334.006
57.05	336.309	336.309
57.06	328.921	328.921
57.07	331.828	331.828
57.08	336.601	336.601
57.09	331.254	331.254
57.1	335.601	335.601
57.11	333.345	333.345
57.12	332.096	332.096
57.13	334.939	334.939
57.14	331.737	331.737
57.15	331.576	331.576
57.16	330.871	330.871
57.17	335.274	335.274
57.18	335.353	335.353
57.19	335.283	335.283
57.2	336.695	336.695
57.21	333.476	333.476
57.22	332.458	332.458
57.23	333.91	333.91
57.24	334.977	334.977
57.25	334.819	334.819
57.26	334.784	334.784
57.27	337.752	337.752
57.28	330.011	330.011
57.29	336.515	336.515
57.3	335.655	335.655
57.31	331.708	331.708
57.32	337.445	337.445
57.33	334.463	334.463
57.34	334.899	334.899
57.35	334.229	334.229
57.36	337.201	337.201
57.37	332.117	332.117
57.38	334.651	334.651
57.39	336.146	336.146
57.4	337.599	337.599
57.41	332.293	332.293
57.42	336.012	336.012
57.43	327.872	327.872
57.44	329.826	329.826
57.45	329.291	329.291
57.46	331.609	331.609
57.47	332.086	332.086
57.48	329.193	329.193
57.49	333.39	333.39
57.5	331.726	331.726
57.51	327.876	327.876
57.52	331.613	331.613
57.53	329.984	329.984
57.54	330.762	330.762
57.55	332.473	332.473
57.56	328.616	328.616
57.57	331.222	331.222
57.58	335.064	335.064
57.59	333.497	333.497
57.6	331.8	331.8
57.61	331.949	331.949
57.62	326.705	326.705
57.63	329.669	329.669
57.64	330.328	330.328
57.65	326.666	326.666
57.66	329.65	329.65
57.67	329.586	329.586
57.68	333.533	333.533
57.69	330.118	330.118
57.7	329.3	329.3
57.71	328.434	328.434
57.72	333.555	333.555
57.73	334.186	334.186
57.74	335.218	335.218
57.75	333.149	333.149
57.76	334.829	334.829
57.77	333.264	333.264
57.78	333.82	333.82
57.79	335.624	335.624
57.8	333.203	333.203
57.81	335.014	335.014
57.82	332.973	332.973
57.83	332.168	332.168
57.84	334.19	334.19
57.85	332.062	332.062
57.86	329.613	329.613
57.87	334.127	334.127
57.88	334.989	334.989
57.89	333.633	333.633
57.9	330.237	330.237
57.91	333.799	333.799
57.92	330.207	330.207
57.93	330.178	330.178
57.94	333.081	333.081
57.95	332.878	332.878
57.96	335.464	335.464
57.97	336.07	336.07
57.98	330.596	330.596
57.99	329.322	329.322
58.0	337.888	337.888
58.01	334.593	334.593
58.02	332.052	332.052
58.03	333.794	333.794
58.04	327.964	327.964
58.05	328.187	328.187
58.06	334.731	334.731
58.07	333.286	333.286
58.08	334.354	334.354
58.09	330.073	330.073
58.1	330.262	330.262
58.11	327.819	327.819
58.12	330.668	330.668
58.13	335.539	335.539
58.14	331.803	331.803
58.15	335.507	335.507
58.16	333.944	333.944
58.17	328.47	328.47
58.18	328.862	328.862
58.19	330.747	330.747
58.2	334.322	334.322
58.21	336.441	336.441
58.22	337.967	337.967
58.23	333.424	333.424
58.24	331.942	331.942
58.25	329.116	329.116
58.26	329.721	329.721
58.27	329.435	329.435
58.28	331.524	331.524
58.29	332.841	332.841
58.3	329.316	329.316
58.31	330.383	330.383
58.32	332.06	332.06
58.33	328.864	328.864
58.34	327.477	327.477
58.35	333.6	333.6
58.36	326.329	326.329
58.37	327.838	327.838
58.38	323.956	323.956
58.39	330.258	330.258
58.4	327.082	327.082
58.41	332.441	332.441
58.42	332.805	332.805
58.43	336.408	336.408
58.44	333.376	333.376
58.45	334.21	334.21
58.46	334.632	334.632
58.47	330.567	330.567
58.48	328.36	328.36
58.49	331.698	331.698
58.5	331.184	331.184
58.51	330.752	330.752
58.52	329.653	329.653
58.53	332.917	332.917
58.54	330.316	330.316
58.55	336.192	336.192
58.56	335.374	335.374
58.57	334.744	334.744
58.58	336.13	336.13
58.59	336.154	336.154
58.6	336.585	336.585
58.61	340.54	340.54
58.62	336.015	336.015
58.63	337.823	337.823
58.64	338.849	338.849
58.65	335.878	335.878
58.66	335.529	335.529
58.67	335.046	335.046
58.68	335.925	335.925
58.69	331.55	331.55
58.7	333.749	333.749
58.71	334.449	334.449
58.72	330.784	330.784
58.73	333.805	333.805
58.74	334.691	334.691
58.75	331.735	331.735
58.76	329.063	329.063
58.77	335.553	335.553
58.78	329.22	329.22
58.79	331.711	331.711
58.8	329.234	329.234
58.81	335.119	335.119
58.82	332.887	332.887
58.83	333.473	333.473
58.84	334.228	334.228
58.85	332.02	332.02
58.86	335.375	335.375
58.87	335.103	335.103
58.88	337.685	337.685
58.89	334.633	334.633
58.9	335.496	335.496
58.91	339.979	339.979
58.92	334.23	334.23
58.93	339.214	339.214
58.94	334.82	334.82
58.95	335.728	335.728
58.96	336.756	336.756
58.97	334.77	334.77
58.98	336.715	336.715
58.99	336.497	336.497
59.0	335.234	335.234
59.01	332.957	332.957
59.02	336.264	336.264
59.03	333.158	333.158
59.04	330.532	330.532
59.05	326.845	326.845
59.06	326.467	326.467
59.07	333.589	333.589
59.08	331.686	331.686
59.09	338.518	338.518
59.1	332.831	332.831
59.11	335.206	335.206
59.12	333.928	333.928
59.13	338.239	338.239
59.14	337.763	337.763
59.15	330.394	330.394
59.16	334.312	334.312
59.17	335.91	335.91
59.18	330.472	330.472
59.19	334.224	334.224
59.2	331.658	331.658
59.21	336.493	336.493
59.22	332.656	332.656
59.23	328.355	328.355
59.24	333.878	333.878
59.25	335.617	335.617
59.26	333.604	333.604
59.27	332.787	332.787
59.28	331.565	331.565
59.29	334.924	334.924
59.3	332.7	332.7
59.31	328.75	328.75
59.32	332.174	332.174
59.33	331.235	331.235
59.34	331.007	331.007
59.35	326.607	326.607
59.36	331.053	331.053
59.37	330.223	330.223
59.38	330.598	330.598
59.39	328.611	328.611
59.4	331.2	331.2
59.41	328.641	328.641
59.42	332.744	332.744
59.43	331.114	331.114
59.44	329.254	329.254
59.45	334.143	334.143
59.46	325.554	325.554
59.47	330.467	330.467
59.48	326.321	326.321
59.49	328.369	328.369
59.5	326.44	326.44
59.51	326.233	326.233
59.52	331.003	331.003
59.53	327.483	327.483
59.54	331.677	331.677
59.55	327.646	327.646
59.56	330.096	330.096
59.57	326.954	326.954
59.58	324.766	324.766
59.59	328.902	328.902
59.6	328.108	328.108
59.61	326.833	326.833
59.62	328.675	328.675
59.63	333.457	333.457
59.64	334.054	334.054
59.65	332.984	332.984
59.66	332.784	332.784
59.67	331.499	331.499
59.68	332.951	332.951
59.69	329.112	329.112
59.7	331.819	331.819
59.71	330.599	330.599
59.72	331.269	331.269
59.73	329.65	329.65
59.74	326.841	326.841
59.75	329.904	329.904
59.76	327.324	327.324
59.77	329.518	329.518
59.78	324.173	324.173
59.79	327.722	327.722
59.8	328.529	328.529
59.81	328.106	328.106
59.82	327.673	327.673
59.83	324.218	324.218
59.84	329.607	329.607
59.85	328.027	328.027
59.86	324.551	324.551
59.87	323.928	323.928
59.88	325.082	325.082
59.89	329.481	329.481
59.9	327.797	327.797
59.91	330.316	330.316
59.92	331.947	331.947
59.93	332.358	332.358
59.94	329.784	329.784
59.95	334.434	334.434
59.96	332.871	332.871
59.97	339.153	339.153
59.98	335.451	335.451
59.99	333.962	333.962
60.0	331.353	331.353
60.01	330.37	330.37
60.02	331.427	331.427
60.03	331.456	331.456
60.04	325.083	325.083
60.05	328.937	328.937
60.06	330.548	330.548
60.07	329.183	329.183
60.08	330.543	330.543
60.09	331.595	331.595
60.1	332.22	332.22
60.11	332.587	332.587
60.12	333.945	333.945
60.13	328.531	328.531
60.14	336.362	336.362
60.15	333.038	333.038
60.16	331.785	331.785
60.17	334.956	334.956
60.18	329.559	329.559
60.19	330.906	330.906
60.2	331.594	331.594
60.21	333.549	333.549
60.22	330.513	330.513
60.23	327.745	327.745
60.24	329.569	329.569
60.25	328.872	328.872
60.26	330.165	330.165
60.27	330.341	330.341
60.28	330.598	330.598
60.29	330.455	330.455
60.3	333.269	333.269
60.31	328.567	328.567
60.32	329.282	329.282
60.33	328.233	328.233
60.34	326.421	326.421
60.35	329.894	329.894
60.36	329.585	329.585
60.37	330.156	330.156
60.38	326.21	326.21
60.39	328.321	328.321
60.4	326.908	326.908
60.41	330.399	330.399
60.42	327.203	327.203
60.43	328.497	328.497
60.44	332.136	332.136
60.45	332.677	332.677
60.46	329.107	329.107
60.47	324.783	324.783
60.48	331.835	331.835
60.49	328.092	328.092
60.5	327.777	327.777
60.51	329.697	329.697
60.52	329.87	329.87
60.53	330.261	330.261
60.54	330.375	330.375
60.55	329.581	329.581
60.56	332.009	332.009
60.57	331.661	331.661
60.58	333.65	333.65
60.59	328.946	328.946
60.6	329.551	329.551
60.61	336.459	336.459
60.62	331.866	331.866
60.63	332.878	332.878
60.64	330.507	330.507
60.65	329.114	329.114
60.66	335.025	335.025
60.67	333.508	333.508
60.68	330.44	330.44
60.69	330.8	330.8
60.7	333.741	333.741
60.71	331.211	331.211
60.72	330.712	330.712
60.73	331.704	331.704
60.74	334.199	334.199
60.75	337.878	337.878
60.76	340.751	340.751
60.77	333.608	333.608
60.78	339.288	339.288
60.79	337.143	337.143
60.8	338.661	338.661
60.81	337.373	337.373
60.82	335.925	335.925
60.83	336.681	336.681
60.84	331.777	331.777
60.85	333.435	333.435
60.86	335.103	335.103
60.87	332.492	332.492
60.88	333.796	333.796
60.89	335.837	335.837
60.9	332.868	332.868
60.91	334.63	334.63
60.92	334.717	334.717
60.93	331.68	331.68
60.94	335.996	335.996
60.95	336.35	336.35
60.96	335.647	335.647
60.97	332.744	332.744
60.98	336.163	336.163
60.99	336.14	336.14
61.0	333.79	333.79
61.01	334.314	334.314
61.02	335.545	335.545
61.03	334.029	334.029
61.04	335.308	335.308
61.05	331.764	331.764
61.06	336.931	336.931
61.07	335.035	335.035
61.08	338.444	338.444
61.09	339.757	339.757
61.1	337.342	337.342
61.11	338.172	338.172
61.12	339.909	339.909
61.13	339.945	339.945
61.14	335.141	335.141
61.15	338.365	338.365
61.16	338.072	338.072
61.17	336.256	336.256
61.18	335.483	335.483
61.19	334.31	334.31
61.2	339.188	339.188
61.21	341.416	341.416
61.22	344.119	344.119
61.23	338.733	338.733
61.24	338.853	338.853
61.25	337.473	337.473
61.26	338.722	338.722
61.27	339.101	339.101
61.28	336.677	336.677
61.29	338.404	338.404
61.3	341.056	341.056
61.31	335.635	335.635
61.32	335.585	335.585
61.33	336.531	336.531
61.34	337.453	337.453
61.35	339.032	339.032
61.36	336.883	336.883
61.37	334.655	334.655
61.38	339.633	339.633
61.39	335.224	335.224
61.4	335.515	335.515
61.41	336.131	336.131
61.42	335.955	335.955
61.43	337.049	337.049
61.44	336.253	336.253
61.45	332.904	332.904
61.46	334.052	334.052
61.47	335.118	335.118
61.48	335.568	335.568
61.49	335.549	335.549
61.5	334.639	334.639
61.51	335.688	335.688
61.52	331.245	331.245
61.53	330.775	330.775
61.54	330.897	330.897
61.55	330.406	330.406
61.56	332.157	332.157
61.57	332.19	332.19
61.58	335.071	335.071
61.59	334.043	334.043
61.6	331.809	331.809
61.61	338.376	338.376
61.62	338.209	338.209
61.63	338.792	338.792
61.64	337.598	337.598
61.65	334.76	334.76
61.66	337.471	337.471
61.67	334.978	334.978
61.68	337.394	337.394
61.69	333.436	333.436
61.7	333.359	333.359
61.71	332.991	332.991
61.72	335.446	335.446
61.73	331.715	331.715
61.74	330.697	330.697
61.75	330.537	330.537
61.76	333.74	333.74
61.77	334.483	334.483
61.78	338.72	338.72
61.79	337.978	337.978
61.8	340.427	340.427
61.81	333.276	333.276
61.82	333.764	333.764
61.83	336.669	336.669
61.84	335.708	335.708
61.85	331.895	331.895
61.86	332.603	332.603
61.87	332.785	332.785
61.88	334.626	334.626
61.89	335.214	335.214
61.9	335.659	335.659
61.91	333.659	333.659
61.92	334.743	334.743
61.93	331.358	331.358
61.94	332.746	332.746
61.95	334.117	334.117
61.96	329.219	329.219
61.97	329.705	329.705
61.98	333.734	333.734
61.99	333.61	333.61
62.0	329.874	329.874
62.01	332.86	332.86
62.02	335.983	335.983
62.03	333.931	333.931
62.04	335.259	335.259
62.05	337.56	337.56
62.06	336.959	336.959
62.07	338.162	338.162
62.08	336.087	336.087
62.09	337.737	337.737
62.1	337.872	337.872
62.11	337.771	337.771
62.12	335.17	335.17
62.13	336.098	336.098
62.14	337.674	337.674
62.15	336.401	336.401
62.16	339.918	339.918
62.17	335.155	335.155
62.18	331.964	331.964
62.19	331.463	331.463
62.2	335.657	335.657
62.21	335.984	335.984
62.22	338.319	338.319
62.23	336.836	336.836
62.24	339.936	339.936
62.25	336.937	336.937
62.26	335.702	335.702
62.27	332.948	332.948
62.28	340.472	340.472
62.29	333.792	333.792
62.3	332.168	332.168
62.31	338.973	338.973
62.32	337.243	337.243
62.33	337.749	337.749
62.34	335.727	335.727
62.35	337.936	337.936
62.36	337.977	337.977
62.37	335.414	335.414
62.38	332.737	332.737
62.39	334.381	334.381
62.4	333.727	333.727
62.41	335.597	335.597
62.42	330.746	330.746
62.43	330.965	330.965
62.44	335.843	335.843
62.45	334.482	334.482
62.46	336.569	336.569
62.47	332.254	332.254
62.48	337.702	337.702
62.49	332.932	332.932
62.5	330.368	330.368
62.51	336.881	336.881
62.52	330.065	330.065
62.53	331.539	331.539
62.54	330.616	330.616
62.55	334.815	334.815
62.56	331.584	331.584
62.57	332.318	332.318
62.58	336.056	336.056
62.59	334.668	334.668
62.6	333.338	333.338
62.61	339.268	339.268
62.62	336.201	336.201
62.63	335.425	335.425
62.64	339.031	339.031
62.65	335.433	335.433
62.66	336.405	336.405
62.67	331.708	331.708
62.68	332.93	332.93
62.69	332.298	332.298
62.7	336.427	336.427
62.71	335.649	335.649
62.72	331.593	331.593
62.73	336.684	336.684
62.74	336.731	336.731
62.75	338.059	338.059
62.76	337.578	337.578
62.77	336.555	336.555
62.78	341.666	341.666
62.79	343.81	343.81
62.8	343.289	343.289
62.81	338.37	338.37
62.82	338.148	338.148
62.83	335.492	335.492
62.84	337.357	337.357
62.85	339.679	339.679
62.86	338.933	338.933
62.87	337.826	337.826
62.88	340.873	340.873
62.89	342.442	342.442
62.9	340.202	340.202
62.91	340.557	340.557
62.92	339.495	339.495
62.93	337.612	337.612
62.94	340.748	340.748
62.95	342.895	342.895
62.96	336.881	336.881
62.97	339.803	339.803
62.98	339.395	339.395
62.99	339.594	339.594
63.0	339.773	339.773
63.01	338.624	338.624
63.02	335.734	335.734
63.03	336.053	336.053
63.04	335.117	335.117
63.05	338.071	338.071
63.06	338.927	338.927
63.07	339.986	339.986
63.08	335.846	335.846
63.09	339.152	339.152
63.1	335.387	335.387
63.11	338.724	338.724
63.12	334.999	334.999
63.13	336.048	336.048
63.14	333.997	333.997
63.15	336.059	336.059
63.16	331.818	331.818
63.17	335.379	335.379
63.18	332.689	332.689
63.19	331.22	331.22
63.2	335.088	335.088
63.21	334.367	334.367
63.22	334.578	334.578
63.23	337.73	337.73
63.24	338.685	338.685
63.25	339.951	339.951
63.26	336.954	336.954
63.27	339.26	339.26
63.28	337.593	337.593
63.29	341.77	341.77
63.3	337.087	337.087
63.31	335.775	335.775
63.32	336.825	336.825
63.33	334.867	334.867
63.34	336.53	336.53
63.35	337.68	337.68
63.36	335.553	335.553
63.37	337.988	337.988
63.38	334.673	334.673
63.39	336.275	336.275
63.4	337.561	337.561
63.41	334.693	334.693
63.42	335.66	335.66
63.43	337.212	337.212
63.44	339.767	339.767
63.45	340.994	340.994
63.46	336.712	336.712
63.47	340.873	340.873
63.48	339.043	339.043
63.49	339.347	339.347
63.5	335.068	335.068
63.51	333.584	333.584
63.52	326.734	326.734
63.53	333.693	333.693
63.54	333.283	333.283
63.55	334.653	334.653
63.56	332.672	332.672
63.57	333.651	333.651
63.58	330.514	330.514
63.59	331.273	331.273
63.6	334.164	334.164
63.61	334.003	334.003
63.62	332.773	332.773
63.63	336.458	336.458
63.64	332.815	332.815
63.65	334.419	334.419
63.66	332.294	332.294
63.67	334.927	334.927
63.68	338.128	338.128
63.69	335.197	335.197
63.7	339.875	339.875
63.71	333.117	333.117
63.72	337.237	337.237
63.73	336.463	336.463
63.74	334.876	334.876
63.75	334.613	334.613
63.76	332.64	332.64
63.77	337.92	337.92
63.78	334.996	334.996
63.79	337.091	337.091
63.8	335.632	335.632
63.81	330.993	330.993
63.82	333.398	333.398
63.83	333.582	333.582
63.84	336.882	336.882
63.85	330.717	330.717
63.86	336.085	336.085
63.87	332.294	332.294
63.88	339.168	339.168
63.89	336.223	336.223
63.9	332.219	332.219
63.91	337.719	337.719
63.92	338.424	338.424
63.93	337.718	337.718
63.94	331.837	331.837
63.95	334.518	334.518
63.96	333.686	333.686
63.97	336.006	336.006
63.98	331.442	331.442
63.99	337.872	337.872
64.0	333.48	333.48
64.01	328.995	328.995
64.02	333.049	333.049
64.03	331.721	331.721
64.04	331.761	331.761
64.05	335.051	335.051
64.06	336.446	336.446
64.07	336.977	336.977
64.08	333.513	333.513
64.09	336.834	336.834
64.1	337.355	337.355
64.11	338.937	338.937
64.12	334.628	334.628
64.13	331.428	331.428
64.14	333.707	333.707
64.15	330.942	330.942
64.16	335.507	335.507
64.17	334.599	334.599
64.18	333.444	333.444
64.19	335.108	335.108
64.2	331.786	331.786
64.21	332.653	332.653
64.22	333.001	333.001
64.23	333.329	333.329
64.24	331.935	331.935
64.25	332.203	332.203
64.26	332.42	332.42
64.27	334.865	334.865
64.28	330.07	330.07
64.29	332.94	332.94
64.3	328.254	328.254
64.31	332.427	332.427
64.32	334.027	334.027
64.33	333.153	333.153
64.34	333.84	333.84
64.35	333.184	333.184
64.36	336.242	336.242
64.37	334.215	334.215
64.38	335.133	335.133
64.39	331.875	331.875
64.4	332.709	332.709
64.41	332.099	332.099
64.42	336.404	336.404
64.43	335.909	335.909
64.44	333.503	333.503
64.45	335.396	335.396
64.46	328.134	328.134
64.47	333.558	333.558
64.48	332.087	332.087
64.49	333.426	333.426
64.5	335.172	335.172
64.51	333.793	333.793
64.52	330.138	330.138
64.53	330.154	330.154
64.54	334.058	334.058
64.55	330.432	330.432
64.56	331.201	331.201
64.57	327.378	327.378
64.58	332.808	332.808
64.59	332.571	332.571
64.6	330.105	330.105
64.61	330.451	330.451
64.62	329.741	329.741
64.63	330.91	330.91
64.64	327.957	327.957
64.65	335.468	335.468
64.66	329.468	329.468
64.67	327.112	327.112
64.68	330.481	330.481
64.69	325.955	325.955
64.7	328.978	328.978
64.71	328.638	328.638
64.72	330.155	330.155
64.73	331.422	331.422
64.74	330.43	330.43
64.75	330.264	330.264
64.76	329.388	329.388
64.77	330.784	330.784
64.78	331.825	331.825
64.79	335.939	335.939
64.8	331.788	331.788
64.81	331.462	331.462
64.82	331.504	331.504
64.83	327.637	327.637
64.84	325.931	325.931
64.85	329.964	329.964
64.86	331.257	331.257
64.87	330.918	330.918
64.88	327.41	327.41
64.89	330.649	330.649
64.9	329.596	329.596
64.91	332.598	332.598
64.92	330.892	330.892
64.93	333.667	333.667
64.94	335.774	335.774
64.95	335.636	335.636
64.96	332.754	332.754
64.97	329.892	329.892
64.98	333.049	333.049
64.99	327.89	327.89
65.0	329.25	329.25
65.01	329.932	329.932
65.02	331.423	331.423
65.03	330.015	330.015
65.04	324.901	324.901
65.05	326.717	326.717
65.06	331.913	331.913
65.07	325.859	325.859
65.08	334.83	334.83
65.09	333.965	333.965
65.1	333.32	333.32
65.11	329.589	329.589
65.12	333.467	333.467
65.13	334.093	334.093
65.14	333.577	333.577
65.15	336.573	336.573
65.16	331.874	331.874
65.17	327.985	327.985
65.18	333.022	333.022
65.19	329.237	329.237
65.2	334.252	334.252
65.21	336.302	336.302
65.22	331.45	331.45
65.23	335.223	335.223
65.24	334.868	334.868
65.25	329.298	329.298
65.26	338.0	338.0
65.27	330.938	330.938
65.28	332.354	332.354
65.29	326.334	326.334
65.3	331.215	331.215
65.31	331.983	331.983
65.32	330.733	330.733
65.33	330.082	330.082
65.34	325.957	325.957
65.35	328.663	328.663
65.36	325.495	325.495
65.37	326.088	326.088
65.38	329.899	329.899
65.39	327.818	327.818
65.4	330.826	330.826
65.41	325.095	325.095
65.42	325.798	325.798
65.43	333.345	333.345
65.44	327.739	327.739
65.45	329.679	329.679
65.46	327.855	327.855
65.47	327.014	327.014
65.48	329.435	329.435
65.49	328.108	328.108
65.5	324.615	324.615
65.51	329.973	329.973
65.52	328.703	328.703
65.53	336.578	336.578
65.54	331.605	331.605
65.55	334.932	334.932
65.56	331.786	331.786
65.57	329.061	329.061
65.58	328.385	328.385
65.59	329.58	329.58
65.6	326.43	326.43
65.61	328.257	328.257
65.62	331.052	331.052
65.63	330.232	330.232
65.64	333.572	333.572
65.65	328.447	328.447
65.66	328.649	328.649
65.67	327.315	327.315
65.68	330.465	330.465
65.69	332.675	332.675
65.7	332.045	332.045
65.71	327.011	327.011
65.72	332.727	332.727
65.73	331.327	331.327
65.74	333.711	333.711
65.75	329.862	329.862
65.76	328.262	328.262
65.77	333.687	333.687
65.78	333.38	333.38
65.79	329.557	329.557
65.8	332.135	332.135
65.81	328.12	328.12
65.82	331.508	331.508
65.83	329.242	329.242
65.84	332.449	332.449
65.85	329.543	329.543
65.86	332.005	332.005
65.87	329.287	329.287
65.88	332.113	332.113
65.89	334.379	334.379
65.9	332.624	332.624
65.91	331.379	331.379
65.92	328.385	328.385
65.93	329.83	329.83
65.94	328.959	328.959
65.95	328.25	328.25
65.96	331.305	331.305
65.97	332.711	332.711
65.98	333.125	333.125
65.99	337.53	337.53
66.0	328.051	328.051
66.01	334.814	334.814
66.02	326.451	326.451
66.03	330.436	330.436
66.04	330.017	330.017
66.05	330.714	330.714
66.06	329.208	329.208
66.07	329.015	329.015
66.08	331.54	331.54
66.09	327.758	327.758
66.1	327.091	327.091
66.11	328.187	328.187
66.12	331.156	331.156
66.13	326.06	326.06
66.14	324.468	324.468
66.15	324.622	324.622
66.16	330.673	330.673
66.17	328.458	328.458
66.18	329.349	329.349
66.19	329.337	329.337
66.2	330.165	330.165
66.21	331.951	331.951
66.22	329.552	329.552
66.23	332.613	332.613
66.24	333.612	333.612
66.25	333.46	333.46
66.26	329.04	329.04
66.27	332.029	332.029
66.28	329.593	329.593
66.29	333.331	333.331
66.3	330.403	330.403
66.31	330.885	330.885
66.32	333.962	333.962
66.33	330.712	330.712
66.34	331.255	331.255
66.35	335.265	335.265
66.36	332.247	332.247
66.37	328.799	328.799
66.38	332.212	332.212
66.39	331.454	331.454
66.4	335.05	335.05
66.41	333.942	333.942
66.42	331.299	331.299
66.43	333.843	333.843
66.44	331.216	331.216
66.45	330.499	330.499
66.46	328.081	328.081
66.47	336.048	336.048
66.48	334.513	334.513
66.49	328.342	328.342
66.5	328.973	328.973
66.51	338.862	338.862
66.52	331.38	331.38
66.53	336.513	336.513
66.54	334.276	334.276
66.55	328.915	328.915
66.56	329.965	329.965
66.57	331.945	331.945
66.58	331.852	331.852
66.59	329.917	329.917
66.6	333.526	333.526
66.61	330.345	330.345
66.62	335.623	335.623
66.63	335.007	335.007
66.64	331.675	331.675
66.65	333.161	333.161
66.66	332.735	332.735
66.67	330.307	330.307
66.68	329.691	329.691
66.69	329.183	329.183
66.7	336.863	336.863
66.71	331.377	331.377
66.72	332.95	332.95
66.73	333.139	333.139
66.74	334.121	334.121
66.75	335.73	335.73
66.76	334.845	334.845
66.77	335.033	335.033
66.78	330.656	330.656
66.79	334.993	334.993
66.8	333.528	333.528
66.81	334.629	334.629
66.82	333.0	333.0
66.83	336.497	336.497
66.84	332.892	332.892
66.85	334.353	334.353
66.86	334.263	334.263
66.87	337.055	337.055
66.88	337.151	337.151
66.89	335.171	335.171
66.9	337.5	337.5
66.91	332.424	332.424
66.92	337.959	337.959
66.93	336.759	336.759
66.94	332.398	332.398
66.95	332.138	332.138
66.96	337.271	337.271
66.97	332.033	332.033
66.98	332.194	332.194
66.99	331.703	331.703
67.0	332.666	332.666
67.01	332.872	332.872
67.02	334.303	334.303
67.03	335.441	335.441
67.04	330.75	330.75
67.05	328.903	328.903
67.06	330.507	330.507
67.07	332.619	332.619
67.08	339.19	339.19
67.09	338.079	338.079
67.1	337.094	337.094
67.11	338.283	338.283
67.12	337.501	337.501
67.13	337.951	337.951
67.14	335.659	335.659
67.15	334.078	334.078
67.16	337.054	337.054
67.17	338.636	338.636
67.18	339.485	339.485
67.19	337.59	337.59
67.2	338.786	338.786
67.21	336.719	336.719
67.22	339.143	339.143
67.23	334.305	334.305
67.24	334.738	334.738
67.25	337.91	337.91
67.26	337.401	337.401
67.27	340.839	340.839
67.28	334.723	334.723
67.29	335.901	335.901
67.3	336.127	336.127
67.31	338.663	338.663
67.32	333.672	333.672
67.33	333.342	333.342
67.34	336.614	336.614
67.35	334.633	334.633
67.36	333.267	333.267
67.37	338.398	338.398
67.38	332.139	332.139
67.39	333.061	333.061
67.4	335.894	335.894
67.41	333.926	333.926
67.42	330.496	330.496
67.43	336.86	336.86
67.44	331.71	331.71
67.45	335.905	335.905
67.46	335.075	335.075
67.47	332.329	332.329
67.48	331.969	331.969
67.49	331.073	331.073
67.5	333.139	333.139
67.51	331.718	331.718
67.52	337.721	337.721
67.53	334.027	334.027
67.54	338.224	338.224
67.55	335.621	335.621
67.56	333.544	333.544
67.57	338.715	338.715
67.58	336.34	336.34
67.59	339.055	339.055
67.6	336.279	336.279
67.61	337.821	337.821
67.62	334.665	334.665
67.63	333.754	333.754
67.64	338.373	338.373
67.65	334.371	334.371
67.66	331.182	331.182
67.67	333.373	333.373
67.68	334.09	334.09
67.69	335.999	335.999
67.7	334.224	334.224
67.71	334.287	334.287
67.72	335.799	335.799
67.73	327.839	327.839
67.74	333.578	333.578
67.75	331.255	331.255
67.76	335.549	335.549
67.77	335.925	335.925
67.78	328.664	328.664
67.79	334.72	334.72
67.8	332.393	332.393
67.81	329.81	329.81
67.82	334.763	334.763
67.83	331.645	331.645
67.84	330.417	330.417
67.85	331.72	331.72
67.86	333.367	333.367
67.87	336.654	336.654
67.88	336.371	336.371
67.89	333.033	333.033
67.9	332.461	332.461
67.91	332.988	332.988
67.92	339.306	339.306
67.93	331.447	331.447
67.94	330.911	330.911
67.95	330.235	330.235
67.96	333.449	333.449
67.97	337.664	337.664
67.98	334.639	334.639
67.99	330.037	330.037
68.0	334.746	334.746
68.01	327.114	327.114
68.02	331.878	331.878
68.03	329.2	329.2
68.04	333.316	333.316
68.05	330.769	330.769
68.06	332.391	332.391
68.07	327.067	327.067
68.08	326.099	326.099
68.09	333.293	333.293
68.1	330.374	330.374
68.11	329.906	329.906
68.12	332.209	332.209
68.13	331.651	331.651
68.14	331.005	331.005
68.15	331.932	331.932
68.16	329.013	329.013
68.17	333.044	333.044
68.18	334.989	334.989
68.19	328.244	328.244
68.2	329.813	329.813
68.21	330.838	330.838
68.22	330.804	330.804
68.23	330.743	330.743
68.24	328.121	328.121
68.25	327.541	327.541
68.26	329.008	329.008
68.27	328.104	328.104
68.28	330.885	330.885
68.29	330.561	330.561
68.3	331.62	331.62
68.31	333.871	333.871
68.32	331.022	331.022
68.33	333.95	333.95
68.34	332.227	332.227
68.35	329.492	329.492
68.36	333.703	333.703
68.37	333.168	333.168
68.38	333.941	333.941
68.39	334.768	334.768
68.4	335.191	335.191
68.41	333.53	333.53
68.42	332.436	332.436
68.43	333.246	333.246
68.44	332.241	332.241
68.45	327.616	327.616
68.46	330.223	330.223
68.47	328.739	328.739
68.48	329.94	329.94
68.49	328.239	328.239
68.5	330.012	330.012
68.51	329.651	329.651
68.52	332.765	332.765
68.53	335.084	335.084
68.54	331.853	331.853
68.55	336.052	336.052
68.56	331.516	331.516
68.57	332.966	332.966
68.58	331.475	331.475
68.59	332.732	332.732
68.6	330.51	330.51
68.61	330.744	330.744
68.62	330.756	330.756
68.63	330.131	330.131
68.64	330.958	330.958
68.65	331.407	331.407
68.66	331.151	331.151
68.67	329.277	329.277
68.68	330.016	330.016
68.69	330.108	330.108
68.7	330.416	330.416
68.71	330.359	330.359
68.72	328.671	328.671
68.73	332.698	332.698
68.74	329.846	329.846
68.75	333.626	333.626
68.76	332.535	332.535
68.77	335.682	335.682
68.78	332.093	332.093
68.79	334.482	334.482
68.8	330.205	330.205
68.81	331.93	331.93
68.82	331.882	331.882
68.83	333.677	333.677
68.84	333.707	333.707
68.85	328.557	328.557
68.86	331.685	331.685
68.87	333.16	333.16
68.88	331.384	331.384
68.89	330.644	330.644
68.9	326.241	326.241
68.91	329.466	329.466
68.92	326.048	326.048
68.93	331.157	331.157
68.94	328.049	328.049
68.95	328.111	328.111
68.96	329.124	329.124
68.97	328.591	328.591
68.98	327.197	327.197
68.99	333.49	333.49
69.0	332.405	332.405
69.01	328.908	328.908
69.02	327.99	327.99
69.03	329.772	329.772
69.04	329.507	329.507
69.05	329.858	329.858
69.06	329.72	329.72
69.07	330.804	330.804
69.08	333.026	333.026
69.09	333.37	333.37
69.1	330.351	330.351
69.11	330.151	330.151
69.12	330.245	330.245
69.13	332.764	332.764
69.14	328.341	328.341
69.15	330.567	330.567
69.16	336.335	336.335
69.17	332.1	332.1
69.18	334.421	334.421
69.19	333.19	333.19
69.2	331.098	331.098
69.21	331.922	331.922
69.22	329.839	329.839
69.23	332.62	332.62
69.24	331.423	331.423
69.25	329.944	329.944
69.26	328.097	328.097
69.27	330.304	330.304
69.28	328.251	328.251
69.29	330.496	330.496
69.3	330.057	330.057
69.31	329.465	329.465
69.32	327.743	327.743
69.33	325.532	325.532
69.34	327.907	327.907
69.35	326.911	326.911
69.36	326.437	326.437
69.37	322.715	322.715
69.38	330.313	330.313
69.39	328.348	328.348
69.4	329.884	329.884
69.41	328.771	328.771
69.42	330.31	330.31
69.43	329.476	329.476
69.44	325.713	325.713
69.45	325.584	325.584
69.46	328.731	328.731
69.47	331.94	331.94
69.48	327.534	327.534
69.49	331.395	331.395
69.5	330.219	330.219
69.51	332.862	332.862
69.52	328.607	328.607
69.53	329.411	329.411
69.54	329.796	329.796
69.55	329.601	329.601
69.56	331.265	331.265
69.57	328.465	328.465
69.58	333.423	333.423
69.59	330.705	330.705
69.6	327.536	327.536
69.61	330.684	330.684
69.62	331.123	331.123
69.63	330.646	330.646
69.64	332.166	332.166
69.65	333.906	333.906
69.66	331.728	331.728
69.67	328.105	328.105
69.68	333.083	333.083
69.69	333.896	333.896
69.7	327.002	327.002
69.71	332.697	332.697
69.72	332.193	332.193
69.73	331.132	331.132
69.74	331.454	331.454
69.75	332.32	332.32
69.76	337.143	337.143
69.77	343.155	343.155
69.78	337.358	337.358
69.79	337.488	337.488
69.8	337.543	337.543
69.81	337.839	337.839
69.82	338.473	338.473
69.83	333.106	333.106
69.84	335.565	335.565
69.85	335.186	335.186
69.86	334.668	334.668
69.87	332.588	332.588
69.88	334.257	334.257
69.89	334.283	334.283
69.9	334.639	334.639
69.91	332.955	332.955
69.92	333.66	333.66
69.93	332.66	332.66
69.94	337.318	337.318
69.95	331.492	331.492
69.96	336.452	336.452
69.97	336.254	336.254
69.98	335.223	335.223
69.99	331.737	331.737
70.0	336.113	336.113
70.01	334.794	334.794
70.02	330.501	330.501
70.03	335.674	335.674
70.04	334.661	334.661
70.05	326.716	326.716
70.06	329.406	329.406
70.07	334.589	334.589
70.08	332.848	332.848
70.09	334.84	334.84
70.1	332.559	332.559
70.11	331.384	331.384
70.12	331.517	331.517
70.13	332.249	332.249
70.14	330.028	330.028
70.15	335.621	335.621
70.16	331.11	331.11
70.17	332.35	332.35
70.18	332.808	332.808
70.19	333.565	333.565
70.2	333.675	333.675
70.21	330.803	330.803
70.22	336.525	336.525
70.23	335.353	335.353
70.24	333.669	333.669
70.25	334.156	334.156
70.26	326.089	326.089
70.27	328.266	328.266
70.28	325.31	325.31
70.29	328.716	328.716
70.3	327.657	327.657
70.31	329.262	329.262
70.32	331.403	331.403
70.33	330.498	330.498
70.34	331.277	331.277
70.35	327.677	327.677
70.36	330.29	330.29
70.37	329.814	329.814
70.38	332.79	332.79
70.39	329.952	329.952
70.4	326.861	326.861
70.41	327.764	327.764
70.42	328.137	328.137
70.43	322.817	322.817
70.44	325.699	325.699
70.45	329.485	329.485
70.46	325.937	325.937
70.47	326.458	326.458
70.48	328.047	328.047
70.49	325.864	325.864
70.5	324.617	324.617
70.51	330.961	330.961
70.52	330.604	330.604
70.53	330.027	330.027
70.54	330.676	330.676
70.55	326.684	326.684
70.56	327.447	327.447
70.57	331.666	331.666
70.58	326.403	326.403
70.59	326.538	326.538
70.6	326.676	326.676
70.61	322.198	322.198
70.62	323.831	323.831
70.63	325.43	325.43
70.64	327.213	327.213
70.65	325.897	325.897
70.66	329.351	329.351
70.67	330.769	330.769
70.68	327.8	327.8
70.69	328.152	328.152
70.7	332.376	332.376
70.71	328.782	328.782
70.72	328.975	328.975
70.73	333.755	333.755
70.74	331.987	331.987
70.75	330.969	330.969
70.76	335.514	335.514
70.77	329.065	329.065
70.78	325.853	325.853
70.79	329.193	329.193
70.8	334.116	334.116
70.81	333.56	333.56
70.82	329.842	329.842
70.83	332.025	332.025
70.84	326.414	326.414
70.85	331.225	331.225
70.86	329.025	329.025
70.87	332.469	332.469
70.88	330.8	330.8
70.89	329.695	329.695
70.9	327.988	327.988
70.91	327.719	327.719
70.92	329.552	329.552
70.93	328.341	328.341
70.94	323.408	323.408
70.95	323.035	323.035
70.96	325.066	325.066
70.97	328.643	328.643
70.98	326.614	326.614
70.99	331.43	331.43
71.0	328.873	328.873
71.01	330.791	330.791
71.02	327.808	327.808
71.03	329.99	329.99
71.04	327.368	327.368
71.05	327.768	327.768
71.06	331.773	331.773
71.07	323.744	323.744
71.08	327.028	327.028
71.09	327.144	327.144
71.1	328.322	328.322
71.11	325.965	325.965
71.12	327.907	327.907
71.13	324.465	324.465
71.14	327.764	327.764
71.15	326.412	326.412
71.16	326.318	326.318
71.17	325.133	325.133
71.18	324.141	324.141
71.19	323.5	323.5
71.2	327.979	327.979
71.21	327.416	327.416
71.22	322.465	322.465
71.23	326.081	326.081
71.24	326.4	326.4
71.25	326.769	326.769
71.26	326.806	326.806
71.27	320.867	320.867
71.28	327.259	327.259
71.29	327.919	327.919
71.3	327.816	327.816
71.31	323.918	323.918
71.32	324.41	324.41
71.33	325.788	325.788
71.34	325.344	325.344
71.35	326.836	326.836
71.36	328.663	328.663
71.37	328.829	328.829
71.38	329.105	329.105
71.39	327.772	327.772
71.4	328.489	328.489
71.41	326.204	326.204
71.42	324.418	324.418
71.43	327.82	327.82
71.44	329.299	329.299
71.45	326.112	326.112
71.46	323.674	323.674
71.47	329.353	329.353
71.48	334.014	334.014
71.49	333.523	333.523
71.5	329.062	329.062
71.51	336.125	336.125
71.52	327.301	327.301
71.53	327.362	327.362
71.54	330.756	330.756
71.55	330.862	330.862
71.56	329.061	329.061
71.57	327.607	327.607
71.58	328.163	328.163
71.59	326.826	326.826
71.6	330.635	330.635
71.61	329.804	329.804
71.62	327.465	327.465
71.63	327.082	327.082
71.64	323.322	323.322
71.65	329.105	329.105
71.66	330.113	330.113
71.67	328.777	328.777
71.68	332.23	332.23
71.69	330.124	330.124
71.7	330.526	330.526
71.71	325.952	325.952
71.72	331.251	331.251
71.73	331.898	331.898
71.74	331.548	331.548
71.75	328.004	328.004
71.76	329.984	329.984
71.77	331.331	331.331
71.78	328.402	328.402
71.79	330.818	330.818
71.8	331.734	331.734
71.81	325.989	325.989
71.82	327.352	327.352
71.83	332.375	332.375
71.84	332.684	332.684
71.85	334.38	334.38
71.86	329.405	329.405
71.87	329.745	329.745
71.88	329.216	329.216
71.89	331.296	331.296
71.9	325.95	325.95
71.91	329.62	329.62
71.92	329.386	329.386
71.93	331.341	331.341
71.94	329.648	329.648
71.95	329.891	329.891
71.96	331.313	331.313
71.97	329.541	329.541
71.98	329.922	329.922
71.99	325.349	325.349
72.0	330.903	330.903
72.01	330.982	330.982
72.02	328.892	328.892
72.03	331.434	331.434
72.04	327.753	327.753
72.05	325.974	325.974
72.06	331.243	331.243
72.07	328.006	328.006
72.08	328.362	328.362
72.09	330.77	330.77
72.1	328.699	328.699
72.11	328.065	328.065
72.12	330.711	330.711
72.13	331.058	331.058
72.14	329.717	329.717
72.15	329.135	329.135
72.16	333.356	333.356
72.17	330.543	330.543
72.18	331.438	331.438
72.19	332.926	332.926
72.2	331.214	331.214
72.21	326.682	326.682
72.22	326.944	326.944
72.23	328.405	328.405
72.24	327.171	327.171
72.25	330.088	330.088
72.26	330.673	330.673
72.27	329.116	329.116
72.28	331.93	331.93
72.29	330.171	330.171
72.3	330.161	330.161
72.31	327.958	327.958
72.32	328.29	328.29
72.33	331.036	331.036
72.34	330.774	330.774
72.35	328.689	328.689
72.36	326.285	326.285
72.37	334.22	334.22
72.38	329.149	329.149
72.39	330.82	330.82
72.4	333.269	333.269
72.41	324.477	324.477
72.42	330.501	330.501
72.43	328.882	328.882
72.44	326.5	326.5
72.45	330.068	330.068
72.46	330.22	330.22
72.47	332.12	332.12
72.48	331.898	331.898
72.49	328.992	328.992
72.5	327.744	327.744
72.51	328.958	328.958
72.52	330.941	330.941
72.53	330.363	330.363
72.54	329.259	329.259
72.55	326.702	326.702
72.56	328.888	328.888
72.57	329.672	329.672
72.58	330.635	330.635
72.59	334.528	334.528
72.6	335.04	335.04
72.61	333.036	333.036
72.62	330.959	330.959
72.63	329.255	329.255
72.64	328.625	328.625
72.65	329.967	329.967
72.66	332.03	332.03
72.67	329.397	329.397
72.68	325.706	325.706
72.69	331.606	331.606
72.7	328.054	328.054
72.71	329.58	329.58
72.72	329.153	329.153
72.73	329.659	329.659
72.74	326.636	326.636
72.75	329.393	329.393
72.76	329.954	329.954
72.77	331.578	331.578
72.78	330.108	330.108
72.79	332.064	332.064
72.8	330.417	330.417
72.81	327.734	327.734
72.82	333.956	333.956
72.83	331.432	331.432
72.84	334.021	334.021
72.85	332.23	332.23
72.86	334.137	334.137
72.87	333.77	333.77
72.88	327.845	327.845
72.89	329.412	329.412
72.9	332.915	332.915
72.91	332.592	332.592
72.92	333.095	333.095
72.93	336.706	336.706
72.94	332.389	332.389
72.95	332.382	332.382
72.96	333.977	333.977
72.97	333.582	333.582
72.98	331.371	331.371
72.99	329.871	329.871
73.0	332.888	332.888
73.01	331.067	331.067
73.02	331.468	331.468
73.03	335.964	335.964
73.04	334.683	334.683
73.05	336.324	336.324
73.06	337.101	337.101
73.07	334.242	334.242
73.08	333.746	333.746
73.09	333.169	333.169
73.1	335.168	335.168
73.11	335.681	335.681
73.12	327.775	327.775
73.13	330.803	330.803
73.14	330.155	330.155
73.15	328.7	328.7
73.16	338.584	338.584
73.17	338.223	338.223
73.18	336.084	336.084
73.19	336.126	336.126
73.2	334.918	334.918
73.21	336.041	336.041
73.22	333.589	333.589
73.23	337.063	337.063
73.24	339.937	339.937
73.25	334.374	334.374
73.26	336.806	336.806
73.27	331.835	331.835
73.28	336.437	336.437
73.29	331.521	331.521
73.3	336.156	336.156
73.31	336.86	336.86
73.32	330.028	330.028
73.33	333.948	333.948
73.34	334.679	334.679
73.35	331.849	331.849
73.36	330.807	330.807
73.37	332.263	332.263
73.38	336.774	336.774
73.39	334.614	334.614
73.4	336.257	336.257
73.41	334.145	334.145
73.42	339.081	339.081
73.43	334.784	334.784
73.44	337.146	337.146
73.45	335.481	335.481
73.46	336.159	336.159
73.47	331.867	331.867
73.48	333.579	333.579
73.49	335.945	335.945
73.5	334.741	334.741
73.51	335.818	335.818
73.52	329.267	329.267
73.53	338.607	338.607
73.54	331.667	331.667
73.55	332.514	332.514
73.56	334.669	334.669
73.57	335.479	335.479
73.58	335.498	335.498
73.59	333.342	333.342
73.6	334.909	334.909
73.61	332.185	332.185
73.62	334.59	334.59
73.63	328.731	328.731
73.64	331.061	331.061
73.65	330.199	330.199
73.66	330.968	330.968
73.67	332.878	332.878
73.68	328.302	328.302
73.69	334.799	334.799
73.7	334.482	334.482
73.71	332.464	332.464
73.72	335.127	335.127
73.73	329.902	329.902
73.74	333.087	333.087
73.75	336.228	336.228
73.76	331.467	331.467
73.77	329.7	329.7
73.78	335.885	335.885
73.79	334.847	334.847
73.8	331.286	331.286
73.81	335.035	335.035
73.82	330.152	330.152
73.83	331.626	331.626
73.84	334.833	334.833
73.85	330.2	330.2
73.86	332.075	332.075
73.87	330.969	330.969
73.88	333.639	333.639
73.89	329.545	329.545
73.9	329.763	329.763
73.91	328.916	328.916
73.92	331.373	331.373
73.93	336.075	336.075
73.94	333.208	333.208
73.95	329.239	329.239
73.96	329.857	329.857
73.97	333.692	333.692
73.98	331.418	331.418
73.99	332.465	332.465
74.0	332.653	332.653
74.01	332.254	332.254
74.02	337.127	337.127
74.03	333.494	333.494
74.04	335.434	335.434
74.05	334.317	334.317
74.06	332.113	332.113
74.07	331.091	331.091
74.08	332.679	332.679
74.09	333.266	333.266
74.1	333.725	333.725
74.11	332.95	332.95
74.12	331.364	331.364
74.13	330.514	330.514
74.14	333.097	333.097
74.15	333.025	333.025
74.16	332.967	332.967
74.17	331.759	331.759
74.18	331.937	331.937
74.19	335.534	335.534
74.2	335.087	335.087
74.21	334.962	334.962
74.22	335.311	335.311
74.23	335.974	335.974
74.24	334.038	334.038
74.25	333.673	333.673
74.26	333.132	333.132
74.27	334.017	334.017
74.28	333.165	333.165
74.29	327.633	327.633
74.3	334.069	334.069
74.31	335.406	335.406
74.32	334.878	334.878
74.33	335.877	335.877
74.34	334.564	334.564
74.35	335.945	335.945
74.36	333.141	333.141
74.37	332.781	332.781
74.38	337.666	337.666
74.39	331.892	331.892
74.4	334.289	334.289
74.41	331.707	331.707
74.42	335.362	335.362
74.43	330.437	330.437
74.44	336.027	336.027
74.45	330.646	330.646
74.46	333.323	333.323
74.47	332.685	332.685
74.48	331.769	331.769
74.49	330.237	330.237
74.5	332.641	332.641
74.51	332.749	332.749
74.52	336.589	336.589
74.53	334.01	334.01
74.54	334.553	334.553
74.55	337.552	337.552
74.56	334.144	334.144
74.57	335.953	335.953
74.58	336.137	336.137
74.59	331.945	331.945
74.6	334.33	334.33
74.61	336.646	336.646
74.62	330.343	330.343
74.63	332.227	332.227
74.64	339.338	339.338
74.65	339.977	339.977
74.66	337.959	337.959
74.67	336.27	336.27
74.68	332.589	332.589
74.69	330.396	330.396
74.7	336.977	336.977
74.71	330.466	330.466
74.72	332.288	332.288
74.73	335.313	335.313
74.74	334.555	334.555
74.75	329.004	329.004
74.76	330.033	330.033
74.77	331.382	331.382
74.78	328.461	328.461
74.79	330.089	330.089
74.8	330.766	330.766
74.81	333.477	333.477
74.82	332.366	332.366
74.83	332.604	332.604
74.84	332.692	332.692
74.85	328.931	328.931
74.86	330.707	330.707
74.87	334.153	334.153
74.88	334.216	334.216
74.89	330.963	330.963
74.9	329.42	329.42
74.91	332.256	332.256
74.92	328.851	328.851
74.93	331.369	331.369
74.94	326.769	326.769
74.95	333.764	333.764
74.96	332.698	332.698
74.97	333.225	333.225
74.98	334.446	334.446
74.99	331.757	331.757
75.0	334.349	334.349
75.01	329.729	329.729
75.02	332.394	332.394
75.03	335.286	335.286
75.04	330.732	330.732
75.05	335.955	335.955
75.06	331.765	331.765
75.07	335.319	335.319
75.08	330.59	330.59
75.09	333.922	333.922
75.1	335.588	335.588
75.11	333.115	333.115
75.12	335.79	335.79
75.13	334.173	334.173
75.14	337.267	337.267
75.15	335.182	335.182
75.16	338.274	338.274
75.17	330.031	330.031
75.18	335.866	335.866
75.19	334.309	334.309
75.2	338.649	338.649
75.21	333.865	333.865
75.22	334.215	334.215
75.23	334.502	334.502
75.24	333.008	333.008
75.25	336.673	336.673
75.26	331.031	331.031
75.27	337.641	337.641
75.28	337.375	337.375
75.29	336.894	336.894
75.3	335.091	335.091
75.31	336.42	336.42
75.32	338.081	338.081
75.33	335.469	335.469
75.34	335.325	335.325
75.35	339.166	339.166
75.36	335.929	335.929
75.37	332.023	332.023
75.38	334.703	334.703
75.39	336.659	336.659
75.4	334.227	334.227
75.41	333.491	333.491
75.42	335.602	335.602
75.43	335.595	335.595
75.44	332.556	332.556
75.45	329.46	329.46
75.46	333.488	333.488
75.47	333.454	333.454
75.48	330.401	330.401
75.49	331.584	331.584
75.5	334.597	334.597
75.51	334.328	334.328
75.52	333.345	333.345
75.53	331.827	331.827
75.54	333.942	333.942
75.55	332.231	332.231
75.56	333.393	333.393
75.57	333.77	333.77
75.58	331.004	331.004
75.59	334.97	334.97
75.6	330.345	330.345
75.61	337.617	337.617
75.62	333.324	333.324
75.63	330.061	330.061
75.64	336.404	336.404
75.65	332.419	332.419
75.66	334.1	334.1
75.67	333.252	333.252
75.68	333.437	333.437
75.69	333.295	333.295
75.7	335.757	335.757
75.71	332.557	332.557
75.72	329.692	329.692
75.73	333.086	333.086
75.74	332.797	332.797
75.75	332.026	332.026
75.76	334.133	334.133
75.77	329.291	329.291
75.78	332.689	332.689
75.79	331.893	331.893
75.8	334.722	334.722
75.81	334.618	334.618
75.82	333.957	333.957
75.83	338.564	338.564
75.84	333.916	333.916
75.85	333.818	333.818
75.86	335.106	335.106
75.87	333.596	333.596
75.88	334.816	334.816
75.89	331.74	331.74
75.9	334.95	334.95
75.91	332.641	332.641
75.92	331.935	331.935
75.93	332.108	332.108
75.94	332.82	332.82
75.95	329.504	329.504
75.96	333.235	333.235
75.97	335.876	335.876
75.98	338.143	338.143
75.99	331.813	331.813
76.0	332.063	332.063
76.01	333.291	333.291
76.02	332.768	332.768
76.03	332.724	332.724
76.04	333.374	333.374
76.05	333.193	333.193
76.06	332.667	332.667
76.07	335.149	335.149
76.08	329.434	329.434
76.09	336.449	336.449
76.1	333.966	333.966
76.11	331.161	331.161
76.12	330.518	330.518
76.13	333.632	333.632
76.14	333.896	333.896
76.15	331.907	331.907
76.16	331.175	331.175
76.17	330.933	330.933
76.18	330.341	330.341
76.19	330.828	330.828
76.2	334.057	334.057
76.21	333.453	333.453
76.22	334.328	334.328
76.23	331.096	331.096
76.24	331.143	331.143
76.25	333.928	333.928
76.26	333.642	333.642
76.27	337.345	337.345
76.28	331.15	331.15
76.29	334.25	334.25
76.3	336.11	336.11
76.31	338.168	338.168
76.32	334.039	334.039
76.33	329.038	329.038
76.34	331.618	331.618
76.35	330.278	330.278
76.36	329.171	329.171
76.37	333.429	333.429
76.38	330.059	330.059
76.39	333.029	333.029
76.4	330.5	330.5
76.41	331.186	331.186
76.42	331.287	331.287
76.43	328.54	328.54
76.44	334.59	334.59
76.45	334.848	334.848
76.46	330.837	330.837
76.47	336.902	336.902
76.48	332.308	332.308
76.49	337.897	337.897
76.5	331.595	331.595
76.51	336.666	336.666
76.52	336.746	336.746
76.53	337.44	337.44
76.54	336.449	336.449
76.55	335.125	335.125
76.56	327.918	327.918
76.57	330.557	330.557
76.58	328.792	328.792
76.59	332.443	332.443
76.6	335.711	335.711
76.61	330.964	330.964
76.62	332.875	332.875
76.63	333.57	333.57
76.64	332.1	332.1
76.65	331.758	331.758
76.66	331.309	331.309
76.67	332.355	332.355
76.68	330.589	330.589
76.69	330.646	330.646
76.7	331.783	331.783
76.71	334.053	334.053
76.72	331.907	331.907
76.73	329.335	329.335
76.74	332.931	332.931
76.75	334.313	334.313
76.76	331.429	331.429
76.77	333.381	333.381
76.78	337.686	337.686
76.79	332.203	332.203
76.8	332.702	332.702
76.81	330.322	330.322
76.82	332.056	332.056
76.83	332.755	332.755
76.84	328.909	328.909
76.85	330.81	330.81
76.86	333.944	333.944
76.87	334.114	334.114
76.88	338.436	338.436
76.89	331.17	331.17
76.9	335.934	335.934
76.91	333.215	333.215
76.92	334.616	334.616
76.93	331.675	331.675
76.94	330.427	330.427
76.95	332.7	332.7
76.96	330.541	330.541
76.97	327.972	327.972
76.98	335.188	335.188
76.99	335.883	335.883
77.0	333.52	333.52
77.01	337.225	337.225
77.02	340.188	340.188
77.03	337.832	337.832
77.04	333.914	333.914
77.05	335.755	335.755
77.06	335.427	335.427
77.07	334.915	334.915
77.08	335.714	335.714
77.09	333.684	333.684
77.1	334.186	334.186
77.11	335.971	335.971
77.12	335.845	335.845
77.13	332.506	332.506
77.14	332.548	332.548
77.15	335.097	335.097
77.16	334.058	334.058
77.17	331.766	331.766
77.18	333.299	333.299
77.19	335.963	335.963
77.2	333.803	333.803
77.21	332.276	332.276
77.22	329.605	329.605
77.23	329.369	329.369
77.24	333.093	333.093
77.25	331.963	331.963
77.26	333.918	333.918
77.27	329.925	329.925
77.28	333.579	333.579
77.29	333.28	333.28
77.3	331.344	331.344
77.31	333.033	333.033
77.32	334.105	334.105
77.33	328.38	328.38
77.34	333.338	333.338
77.35	333.82	333.82
77.36	337.029	337.029
77.37	333.846	333.846
77.38	331.364	331.364
77.39	330.93	330.93
77.4	329.705	329.705
77.41	334.08	334.08
77.42	331.907	331.907
77.43	332.435	332.435
77.44	329.867	329.867
77.45	334.045	334.045
77.46	334.205	334.205
77.47	334.556	334.556
77.48	331.673	331.673
77.49	331.16	331.16
77.5	328.298	328.298
77.51	324.96	324.96
77.52	326.476	326.476
77.53	328.328	328.328
77.54	329.088	329.088
77.55	327.187	327.187
77.56	335.579	335.579
77.57	327.766	327.766
77.58	327.924	327.924
77.59	329.036	329.036
77.6	331.311	331.311
77.61	332.872	332.872
77.62	333.313	333.313
77.63	328.801	328.801
77.64	334.826	334.826
77.65	331.783	331.783
77.66	329.246	329.246
77.67	332.782	332.782
77.68	331.251	331.251
77.69	333.922	333.922
77.7	333.654	333.654
77.71	331.895	331.895
77.72	331.635	331.635
77.73	332.65	332.65
77.74	335.588	335.588
77.75	332.686	332.686
77.76	331.065	331.065
77.77	330.337	330.337
77.78	331.268	331.268
77.79	336.492	336.492
77.8	327.712	327.712
77.81	331.883	331.883
77.82	332.646	332.646
77.83	336.928	336.928
77.84	329.753	329.753
77.85	334.379	334.379
77.86	329.701	329.701
77.87	330.742	330.742
77.88	329.137	329.137
77.89	331.91	331.91
77.9	332.163	332.163
77.91	329.545	329.545
77.92	337.387	337.387
77.93	333.437	333.437
77.94	335.561	335.561
77.95	338.58	338.58
77.96	337.044	337.044
77.97	334.843	334.843
77.98	329.307	329.307
77.99	335.258	335.258
78.0	335.662	335.662
78.01	331.713	331.713
78.02	335.348	335.348
78.03	331.908	331.908
78.04	335.949	335.949
78.05	335.82	335.82
78.06	334.685	334.685
78.07	333.152	333.152
78.08	333.661	333.661
78.09	330.838	330.838
78.1	333.592	333.592
78.11	335.739	335.739
78.12	331.533	331.533
78.13	332.85	332.85
78.14	330.346	330.346
78.15	334.72	334.72
78.16	330.681	330.681
78.17	333.946	333.946
78.18	335.483	335.483
78.19	333.812	333.812
78.2	336.545	336.545
78.21	329.614	329.614
78.22	336.001	336.001
78.23	337.112	337.112
78.24	333.06	333.06
78.25	332.408	332.408
78.26	329.853	329.853
78.27	331.441	331.441
78.28	329.055	329.055
78.29	336.764	336.764
78.3	334.818	334.818
78.31	337.558	337.558
78.32	336.382	336.382
78.33	337.633	337.633
78.34	336.882	336.882
78.35	338.273	338.273
78.36	338.133	338.133
78.37	331.892	331.892
78.38	333.287	333.287
78.39	334.748	334.748
78.4	333.799	333.799
78.41	334.173	334.173
78.42	334.855	334.855
78.43	332.109	332.109
78.44	339.014	339.014
78.45	337.898	337.898
78.46	337.366	337.366
78.47	339.528	339.528
78.48	334.42	334.42
78.49	334.974	334.974
78.5	335.545	335.545
78.51	339.129	339.129
78.52	337.843	337.843
78.53	336.735	336.735
78.54	334.191	334.191
78.55	335.056	335.056
78.56	334.629	334.629
78.57	334.857	334.857
78.58	337.437	337.437
78.59	333.66	333.66
78.6	338.219	338.219
78.61	333.895	333.895
78.62	336.747	336.747
78.63	334.602	334.602
78.64	332.226	332.226
78.65	330.45	330.45
78.66	329.61	329.61
78.67	331.724	331.724
78.68	332.218	332.218
78.69	334.347	334.347
78.7	332.267	332.267
78.71	330.706	330.706
78.72	330.834	330.834
78.73	333.978	333.978
78.74	328.018	328.018
78.75	330.022	330.022
78.76	332.591	332.591
78.77	330.808	330.808
78.78	333.992	333.992
78.79	329.004	329.004
78.8	332.568	332.568
78.81	331.75	331.75
78.82	331.398	331.398
78.83	333.803	333.803
78.84	332.537	332.537
78.85	327.524	327.524
78.86	326.557	326.557
78.87	328.366	328.366
78.88	329.354	329.354
78.89	330.201	330.201
78.9	327.567	327.567
78.91	331.809	331.809
78.92	330.778	330.778
78.93	328.104	328.104
78.94	330.22	330.22
78.95	330.757	330.757
78.96	329.637	329.637
78.97	329.262	329.262
78.98	327.111	327.111
78.99	328.474	328.474
79.0	324.321	324.321
79.01	326.692	326.692
79.02	327.974	327.974
79.03	326.451	326.451
79.04	327.76	327.76
79.05	328.234	328.234
79.06	329.656	329.656
79.07	328.905	328.905
79.08	328.032	328.032
79.09	326.715	326.715
79.1	326.786	326.786
79.11	331.5	331.5
79.12	327.443	327.443
79.13	329.326	329.326
79.14	325.857	325.857
79.15	325.212	325.212
79.16	329.852	329.852
79.17	327.227	327.227
79.18	328.081	328.081
79.19	326.817	326.817
79.2	330.836	330.836
79.21	329.046	329.046
79.22	325.24	325.24
79.23	328.612	328.612
79.24	324.982	324.982
79.25	326.6	326.6
79.26	328.126	328.126
79.27	329.486	329.486
79.28	326.767	326.767
79.29	329.624	329.624
79.3	329.202	329.202
79.31	333.915	333.915
79.32	329.881	329.881
79.33	326.891	326.891
79.34	328.83	328.83
79.35	331.634	331.634
79.36	327.509	327.509
79.37	327.896	327.896
79.38	329.88	329.88
79.39	332.484	332.484
79.4	332.025	332.025
79.41	325.49	325.49
79.42	329.51	329.51
79.43	329.09	329.09
79.44	330.643	330.643
79.45	327.473	327.473
79.46	331.91	331.91
79.47	329.987	329.987
79.48	332.036	332.036
79.49	332.907	332.907
79.5	330.119	330.119
79.51	330.751	330.751
79.52	333.326	333.326
79.53	332.101	332.101
79.54	331.997	331.997
79.55	330.802	330.802
79.56	332.571	332.571
79.57	334.712	334.712
79.58	333.049	333.049
79.59	336.977	336.977
79.6	334.749	334.749
79.61	329.096	329.096
79.62	330.509	330.509
79.63	328.874	328.874
79.64	329.045	329.045
79.65	330.972	330.972
79.66	336.213	336.213
79.67	332.817	332.817
79.68	330.605	330.605
79.69	331.193	331.193
79.7	330.728	330.728
79.71	328.127	328.127
79.72	329.585	329.585
79.73	329.331	329.331
79.74	332.322	332.322
79.75	333.344	333.344
79.76	324.972	324.972
79.77	323.51	323.51
79.78	331.153	331.153
79.79	332.371	332.371
79.8	329.585	329.585
79.81	326.148	326.148
79.82	323.419	323.419
79.83	329.4	329.4
79.84	328.545	328.545
79.85	327.829	327.829
79.86	328.671	328.671
79.87	330.885	330.885
79.88	330.821	330.821
79.89	331.339	331.339
79.9	330.125	330.125
79.91	327.607	327.607
79.92	330.874	330.874
79.93	330.224	330.224
79.94	331.807	331.807
79.95	330.789	330.789
79.96	333.158	333.158
79.97	329.134	329.134
79.98	329.315	329.315
79.99	331.619	331.619
80.0	329.076	329.076
80.01	335.468	335.468
80.02	329.226	329.226
80.03	332.975	332.975
80.04	328.622	328.622
80.05	332.227	332.227
80.06	328.218	328.218
80.07	329.519	329.519
80.08	329.189	329.189
80.09	324.451	324.451
80.1	327.158	327.158
80.11	331.037	331.037
80.12	328.609	328.609
80.13	329.656	329.656
80.14	331.071	331.071
80.15	325.9	325.9
80.16	328.088	328.088
80.17	328.393	328.393
80.18	329.608	329.608
80.19	332.389	332.389
80.2	329.906	329.906
80.21	329.757	329.757
80.22	330.198	330.198
80.23	331.16	331.16
80.24	328.5	328.5
80.25	331.744	331.744
80.26	332.036	332.036
80.27	331.528	331.528
80.28	329.328	329.328
80.29	330.703	330.703
80.3	331.525	331.525
80.31	329.898	329.898
80.32	325.602	325.602
80.33	332.109	332.109
80.34	326.249	326.249
80.35	329.299	329.299
80.36	329.039	329.039
80.37	327.757	327.757
80.38	330.111	330.111
80.39	328.709	328.709
80.4	332.017	332.017
80.41	335.372	335.372
80.42	328.584	328.584
80.43	329.754	329.754
80.44	327.925	327.925
80.45	328.04	328.04
80.46	329.015	329.015
80.47	330.475	330.475
80.48	327.291	327.291
80.49	327.988	327.988
80.5	331.064	331.064
80.51	325.587	325.587
80.52	329.257	329.257
80.53	330.565	330.565
80.54	327.423	327.423
80.55	327.925	327.925
80.56	325.602	325.602
80.57	326.712	326.712
80.58	323.288	323.288
80.59	330.815	330.815
80.6	327.609	327.609
80.61	328.628	328.628
80.62	327.059	327.059
80.63	321.977	321.977
80.64	324.43	324.43
80.65	324.692	324.692
80.66	326.006	326.006
80.67	331.448	331.448
80.68	331.836	331.836
80.69	330.17	330.17
80.7	325.51	325.51
80.71	330.508	330.508
80.72	330.206	330.206
80.73	329.575	329.575
80.74	328.491	328.491
80.75	332.389	332.389
80.76	327.827	327.827
80.77	331.218	331.218
80.78	328.526	328.526
80.79	331.806	331.806
80.8	331.244	331.244
80.81	325.338	325.338
80.82	329.734	329.734
80.83	330.404	330.404
80.84	325.504	325.504
80.85	330.022	330.022
80.86	328.61	328.61
80.87	326.266	326.266
80.88	328.941	328.941
80.89	329.832	329.832
80.9	326.997	326.997
80.91	329.25	329.25
80.92	332.02	332.02
80.93	326.296	326.296
80.94	328.502	328.502
80.95	327.311	327.311
80.96	328.221	328.221
80.97	327.614	327.614
80.98	329.322	329.322
80.99	335.031	335.031
81.0	331.373	331.373
81.01	330.65	330.65
81.02	332.238	332.238
81.03	334.422	334.422
81.04	332.198	332.198
81.05	335.17	335.17
81.06	334.814	334.814
81.07	333.732	333.732
81.08	336.118	336.118
81.09	331.858	331.858
81.1	332.291	332.291
81.11	333.564	333.564
81.12	328.3	328.3
81.13	330.694	330.694
81.14	328.318	328.318
81.15	330.481	330.481
81.16	327.232	327.232
81.17	328.896	328.896
81.18	331.092	331.092
81.19	325.868	325.868
81.2	326.584	326.584
81.21	332.298	332.298
81.22	331.88	331.88
81.23	332.126	332.126
81.24	329.703	329.703
81.25	330.854	330.854
81.26	334.91	334.91
81.27	330.19	330.19
81.28	325.288	325.288
81.29	327.946	327.946
81.3	325.979	325.979
81.31	326.229	326.229
81.32	328.3	328.3
81.33	326.3	326.3
81.34	321.784	321.784
81.35	327.145	327.145
81.36	326.988	326.988
81.37	328.129	328.129
81.38	330.547	330.547
81.39	326.719	326.719
81.4	327.372	327.372
81.41	328.39	328.39
81.42	329.971	329.971
81.43	330.579	330.579
81.44	330.795	330.795
81.45	330.006	330.006
81.46	328.853	328.853
81.47	332.075	332.075
81.48	332.133	332.133
81.49	328.963	328.963
81.5	331.799	331.799
81.51	329.096	329.096
81.52	330.491	330.491
81.53	329.918	329.918
81.54	326.977	326.977
81.55	329.887	329.887
81.56	328.832	328.832
81.57	329.175	329.175
81.58	335.865	335.865
81.59	331.23	331.23
81.6	329.611	329.611
81.61	331.003	331.003
81.62	328.826	328.826
81.63	330.636	330.636
81.64	332.495	332.495
81.65	330.435	330.435
81.66	328.776	328.776
81.67	331.759	331.759
81.68	328.851	328.851
81.69	331.848	331.848
81.7	331.69	331.69
81.71	327.37	327.37
81.72	329.816	329.816
81.73	328.822	328.822
81.74	333.628	333.628
81.75	329.681	329.681
81.76	331.385	331.385
81.77	329.465	329.465
81.78	328.935	328.935
81.79	328.526	328.526
81.8	330.436	330.436
81.81	329.46	329.46
81.82	326.891	326.891
81.83	330.964	330.964
81.84	329.835	329.835
81.85	327.934	327.934
81.86	331.091	331.091
81.87	330.789	330.789
81.88	328.258	328.258
81.89	330.951	330.951
81.9	333.758	333.758
81.91	330.024	330.024
81.92	328.337	328.337
81.93	332.161	332.161
81.94	331.186	331.186
81.95	335.424	335.424
81.96	329.941	329.941
81.97	334.049	334.049
81.98	330.962	330.962
81.99	329.434	329.434
82.0	332.486	332.486
82.01	332.98	332.98
82.02	331.671	331.671
82.03	331.339	331.339
82.04	329.413	329.413
82.05	329.052	329.052
82.06	328.432	328.432
82.07	328.416	328.416
82.08	328.586	328.586
82.09	325.169	325.169
82.1	327.212	327.212
82.11	328.139	328.139
82.12	327.587	327.587
82.13	328.175	328.175
82.14	334.361	334.361
82.15	330.859	330.859
82.16	327.05	327.05
82.17	325.648	325.648
82.18	330.157	330.157
82.19	328.161	328.161
82.2	327.12	327.12
82.21	331.166	331.166
82.22	326.071	326.071
82.23	327.839	327.839
82.24	324.906	324.906
82.25	328.499	328.499
82.26	330.698	330.698
82.27	330.589	330.589
82.28	327.574	327.574
82.29	333.151	333.151
82.3	330.822	330.822
82.31	330.373	330.373
82.32	328.157	328.157
82.33	331.968	331.968
82.34	330.283	330.283
82.35	332.065	332.065
82.36	333.118	333.118
82.37	328.765	328.765
82.38	324.384	324.384
82.39	332.178	332.178
82.4	328.914	328.914
82.41	329.487	329.487
82.42	333.33	333.33
82.43	337.025	337.025
82.44	333.598	333.598
82.45	330.276	330.276
82.46	334.694	334.694
82.47	330.124	330.124
82.48	330.947	330.947
82.49	329.484	329.484
82.5	334.035	334.035
82.51	335.034	335.034
82.52	331.66	331.66
82.53	329.425	329.425
82.54	330.99	330.99
82.55	334.827	334.827
82.56	330.551	330.551
82.57	330.559	330.559
82.58	330.953	330.953
82.59	334.135	334.135
82.6	329.773	329.773
82.61	330.875	330.875
82.62	333.109	333.109
82.63	333.396	333.396
82.64	331.931	331.931
82.65	332.1	332.1
82.66	327.026	327.026
82.67	330.951	330.951
82.68	328.923	328.923
82.69	333.753	333.753
82.7	329.729	329.729
82.71	332.815	332.815
82.72	329.83	329.83
82.73	331.188	331.188
82.74	333.311	333.311
82.75	330.892	330.892
82.76	331.097	331.097
82.77	332.635	332.635
82.78	331.542	331.542
82.79	332.822	332.822
82.8	333.519	333.519
82.81	330.439	330.439
82.82	333.124	333.124
82.83	330.803	330.803
82.84	328.929	328.929
82.85	332.116	332.116
82.86	329.995	329.995
82.87	332.526	332.526
82.88	330.43	330.43
82.89	330.232	330.232
82.9	329.661	329.661
82.91	329.641	329.641
82.92	332.047	332.047
82.93	331.282	331.282
82.94	334.825	334.825
82.95	332.366	332.366
82.96	329.34	329.34
82.97	331.985	331.985
82.98	335.561	335.561
82.99	334.495	334.495
83.0	336.548	336.548
83.01	334.318	334.318
83.02	332.11	332.11
83.03	332.638	332.638
83.04	332.81	332.81
83.05	334.966	334.966
83.06	332.978	332.978
83.07	332.221	332.221
83.08	332.39	332.39
83.09	330.246	330.246
83.1	334.196	334.196
83.11	334.763	334.763
83.12	330.786	330.786
83.13	326.931	326.931
83.14	327.4	327.4
83.15	330.276	330.276
83.16	328.682	328.682
83.17	332.549	332.549
83.18	331.579	331.579
83.19	336.457	336.457
83.2	331.539	331.539
83.21	331.874	331.874
83.22	335.687	335.687
83.23	332.705	332.705
83.24	330.366	330.366
83.25	332.917	332.917
83.26	329.461	329.461
83.27	333.718	333.718
83.28	330.104	330.104
83.29	331.752	331.752
83.3	331.995	331.995
83.31	331.76	331.76
83.32	331.977	331.977
83.33	334.85	334.85
83.34	335.881	335.881
83.35	332.28	332.28
83.36	330.715	330.715
83.37	332.393	332.393
83.38	333.431	333.431
83.39	331.593	331.593
83.4	331.234	331.234
83.41	332.102	332.102
83.42	330.964	330.964
83.43	333.439	333.439
83.44	333.152	333.152
83.45	333.038	333.038
83.46	332.548	332.548
83.47	335.408	335.408
83.48	332.023	332.023
83.49	335.866	335.866
83.5	333.333	333.333
83.51	331.951	331.951
83.52	332.375	332.375
83.53	330.691	330.691
83.54	331.592	331.592
83.55	330.249	330.249
83.56	331.357	331.357
83.57	330.828	330.828
83.58	331.273	331.273
83.59	327.313	327.313
83.6	325.361	325.361
83.61	327.884	327.884
83.62	331.153	331.153
83.63	327.422	327.422
83.64	331.621	331.621
83.65	330.973	330.973
83.66	324.738	324.738
83.67	329.218	329.218
83.68	326.491	326.491
83.69	327.413	327.413
83.7	328.784	328.784
83.71	326.155	326.155
83.72	325.389	325.389
83.73	327.557	327.557
83.74	326.285	326.285
83.75	325.908	325.908
83.76	329.778	329.778
83.77	328.54	328.54
83.78	331.759	331.759
83.79	322.42	322.42
83.8	325.577	325.577
83.81	328.323	328.323
83.82	326.326	326.326
83.83	325.609	325.609
83.84	322.954	322.954
83.85	324.283	324.283
83.86	325.207	325.207
83.87	324.889	324.889
83.88	326.006	326.006
83.89	322.02	322.02
83.9	328.143	328.143
83.91	328.313	328.313
83.92	325.989	325.989
83.93	324.756	324.756
83.94	322.336	322.336
83.95	325.983	325.983
83.96	323.37	323.37
83.97	329.352	329.352
83.98	321.679	321.679
83.99	326.553	326.553
84.0	325.66	325.66
84.01	330.154	330.154
84.02	330.885	330.885
84.03	327.394	327.394
84.04	329.295	329.295
84.05	326.753	326.753
84.06	328.35	328.35
84.07	328.862	328.862
84.08	329.3	329.3
84.09	326.559	326.559
84.1	329.69	329.69
84.11	328.468	328.468
84.12	331.838	331.838
84.13	327.613	327.613
84.14	331.016	331.016
84.15	327.07	327.07
84.16	331.189	331.189
84.17	328.483	328.483
84.18	327.533	327.533
84.19	333.402	333.402
84.2	327.385	327.385
84.21	329.009	329.009
84.22	332.811	332.811
84.23	326.946	326.946
84.24	329.652	329.652
84.25	327.343	327.343
84.26	329.038	329.038
84.27	327.654	327.654
84.28	326.559	326.559
84.29	328.193	328.193
84.3	327.726	327.726
84.31	332.979	332.979
84.32	329.502	329.502
84.33	328.069	328.069
84.34	335.109	335.109
84.35	337.055	337.055
84.36	334.717	334.717
84.37	330.848	330.848
84.38	332.481	332.481
84.39	333.294	333.294
84.4	337.23	337.23
84.41	337.61	337.61
84.42	332.942	332.942
84.43	336.945	336.945
84.44	333.93	333.93
84.45	333.79	333.79
84.46	332.496	332.496
84.47	334.933	334.933
84.48	332.473	332.473
84.49	335.192	335.192
84.5	337.386	337.386
84.51	331.251	331.251
84.52	328.456	328.456
84.53	330.734	330.734
84.54	330.903	330.903
84.55	328.441	328.441
84.56	332.143	332.143
84.57	329.956	329.956
84.58	332.314	332.314
84.59	329.972	329.972
84.6	328.853	328.853
84.61	329.897	329.897
84.62	329.277	329.277
84.63	329.177	329.177
84.64	332.716	332.716
84.65	329.791	329.791
84.66	332.721	332.721
84.67	335.327	335.327
84.68	332.226	332.226
84.69	332.027	332.027
84.7	329.789	329.789
84.71	331.124	331.124
84.72	326.913	326.913
84.73	330.961	330.961
84.74	331.157	331.157
84.75	334.499	334.499
84.76	332.306	332.306
84.77	334.424	334.424
84.78	331.5	331.5
84.79	333.685	333.685
84.8	335.559	335.559
84.81	329.857	329.857
84.82	329.362	329.362
84.83	331.358	331.358
84.84	333.941	333.941
84.85	326.491	326.491
84.86	327.057	327.057
84.87	327.562	327.562
84.88	331.684	331.684
84.89	330.55	330.55
84.9	331.722	331.722
84.91	333.324	333.324
84.92	329.681	329.681
84.93	328.675	328.675
84.94	327.89	327.89
84.95	330.767	330.767
84.96	327.634	327.634
84.97	329.265	329.265
84.98	331.247	331.247
84.99	333.925	333.925
85.0	333.901	333.901
85.01	334.894	334.894
85.02	328.074	328.074
85.03	333.528	333.528
85.04	334.366	334.366
85.05	332.707	332.707
85.06	333.056	333.056
85.07	332.326	332.326
85.08	334.91	334.91
85.09	334.078	334.078
85.1	334.068	334.068
85.11	330.144	330.144
85.12	330.825	330.825
85.13	332.328	332.328
85.14	332.997	332.997
85.15	327.963	327.963
85.16	330.981	330.981
85.17	332.048	332.048
85.18	333.018	333.018
85.19	333.743	333.743
85.2	332.238	332.238
85.21	331.244	331.244
85.22	331.378	331.378
85.23	334.033	334.033
85.24	332.728	332.728
85.25	332.875	332.875
85.26	332.787	332.787
85.27	330.011	330.011
85.28	331.751	331.751
85.29	335.942	335.942
85.3	334.267	334.267
85.31	334.543	334.543
85.32	333.685	333.685
85.33	330.926	330.926
85.34	330.501	330.501
85.35	332.161	332.161
85.36	333.808	333.808
85.37	336.048	336.048
85.38	332.812	332.812
85.39	332.341	332.341
85.4	331.406	331.406
85.41	329.681	329.681
85.42	332.542	332.542
85.43	328.539	328.539
85.44	331.398	331.398
85.45	334.575	334.575
85.46	332.582	332.582
85.47	331.874	331.874
85.48	332.63	332.63
85.49	336.587	336.587
85.5	332.798	332.798
85.51	332.629	332.629
85.52	335.334	335.334
85.53	334.43	334.43
85.54	327.346	327.346
85.55	331.784	331.784
85.56	331.158	331.158
85.57	333.126	333.126
85.58	334.847	334.847
85.59	335.019	335.019
85.6	336.919	336.919
85.61	333.479	333.479
85.62	334.855	334.855
85.63	332.867	332.867
85.64	332.843	332.843
85.65	334.842	334.842
85.66	335.632	335.632
85.67	335.858	335.858
85.68	335.118	335.118
85.69	337.661	337.661
85.7	333.262	333.262
85.71	337.357	337.357
85.72	333.312	333.312
85.73	339.518	339.518
85.74	333.94	333.94
85.75	338.224	338.224
85.76	331.207	331.207
85.77	335.882	335.882
85.78	334.563	334.563
85.79	334.939	334.939
85.8	338.915	338.915
85.81	333.757	333.757
85.82	330.063	330.063
85.83	334.66	334.66
85.84	337.451	337.451
85.85	333.142	333.142
85.86	332.595	332.595
85.87	331.332	331.332
85.88	335.152	335.152
85.89	337.005	337.005
85.9	334.189	334.189
85.91	332.242	332.242
85.92	331.521	331.521
85.93	336.97	336.97
85.94	332.951	332.951
85.95	332.947	332.947
85.96	328.886	328.886
85.97	332.456	332.456
85.98	329.955	329.955
85.99	333.324	333.324
86.0	336.324	336.324
86.01	333.764	333.764
86.02	335.253	335.253
86.03	337.502	337.502
86.04	336.442	336.442
86.05	334.29	334.29
86.06	333.39	333.39
86.07	334.303	334.303
86.08	335.218	335.218
86.09	332.142	332.142
86.1	334.161	334.161
86.11	332.11	332.11
86.12	335.354	335.354
86.13	338.257	338.257
86.14	327.415	327.415
86.15	330.647	330.647
86.16	330.601	330.601
86.17	327.374	327.374
86.18	329.308	329.308
86.19	331.347	331.347
86.2	332.9	332.9
86.21	334.912	334.912
86.22	330.495	330.495
86.23	333.233	333.233
86.24	329.391	329.391
86.25	330.067	330.067
86.26	328.423	328.423
86.27	334.312	334.312
86.28	335.241	335.241
86.29	330.824	330.824
86.3	334.082	334.082
86.31	334.88	334.88
86.32	331.827	331.827
86.33	330.762	330.762
86.34	334.423	334.423
86.35	330.673	330.673
86.36	330.96	330.96
86.37	331.446	331.446
86.38	332.5	332.5
86.39	332.405	332.405
86.4	332.33	332.33
86.41	336.709	336.709
86.42	338.096	338.096
86.43	335.461	335.461
86.44	331.183	331.183
86.45	332.83	332.83
86.46	336.37	336.37
86.47	332.836	332.836
86.48	331.357	331.357
86.49	332.442	332.442
86.5	336.728	336.728
86.51	332.879	332.879
86.52	333.127	333.127
86.53	334.28	334.28
86.54	333.238	333.238
86.55	335.198	335.198
86.56	334.506	334.506
86.57	328.397	328.397
86.58	333.135	333.135
86.59	329.433	329.433
86.6	328.431	328.431
86.61	327.635	327.635
86.62	333.362	333.362
86.63	333.136	333.136
86.64	327.158	327.158
86.65	331.756	331.756
86.66	330.357	330.357
86.67	333.513	333.513
86.68	334.609	334.609
86.69	336.054	336.054
86.7	333.946	333.946
86.71	332.595	332.595
86.72	333.738	333.738
86.73	337.408	337.408
86.74	331.813	331.813
86.75	332.945	332.945
86.76	332.336	332.336
86.77	334.721	334.721
86.78	329.831	329.831
86.79	330.357	330.357
86.8	330.362	330.362
86.81	333.284	333.284
86.82	331.92	331.92
86.83	330.572	330.572
86.84	335.449	335.449
86.85	336.624	336.624
86.86	335.796	335.796
86.87	336.785	336.785
86.88	330.866	330.866
86.89	329.048	329.048
86.9	331.896	331.896
86.91	331.725	331.725
86.92	333.769	333.769
86.93	333.464	333.464
86.94	332.685	332.685
86.95	331.961	331.961
86.96	332.1	332.1
86.97	328.096	328.096
86.98	326.513	326.513
86.99	327.463	327.463
87.0	328.758	328.758
87.01	327.427	327.427
87.02	326.723	326.723
87.03	327.349	327.349
87.04	329.831	329.831
87.05	328.618	328.618
87.06	330.438	330.438
87.07	331.329	331.329
87.08	331.27	331.27
87.09	330.502	330.502
87.1	330.245	330.245
87.11	328.964	328.964
87.12	328.594	328.594
87.13	327.195	327.195
87.14	330.127	330.127
87.15	326.867	326.867
87.16	334.432	334.432
87.17	330.167	330.167
87.18	333.09	333.09
87.19	331.761	331.761
87.2	330.025	330.025
87.21	330.498	330.498
87.22	329.103	329.103
87.23	333.101	333.101
87.24	329.943	329.943
87.25	332.754	332.754
87.26	330.345	330.345
87.27	331.97	331.97
87.28	328.806	328.806
87.29	327.365	327.365
87.3	333.457	333.457
87.31	330.069	330.069
87.32	332.361	332.361
87.33	331.492	331.492
87.34	330.045	330.045
87.35	327.603	327.603
87.36	327.358	327.358
87.37	326.502	326.502
87.38	327.023	327.023
87.39	326.137	326.137
87.4	324.379	324.379
87.41	326.078	326.078
87.42	326.727	326.727
87.43	330.385	330.385
87.44	331.106	331.106
87.45	330.731	330.731
87.46	330.079	330.079
87.47	329.781	329.781
87.48	328.922	328.922
87.49	329.079	329.079
87.5	328.724	328.724
87.51	331.167	331.167
87.52	331.325	331.325
87.53	328.119	328.119
87.54	329.487	329.487
87.55	328.128	328.128
87.56	327.994	327.994
87.57	329.345	329.345
87.58	329.33	329.33
87.59	333.731	333.731
87.6	331.121	331.121
87.61	329.971	329.971
87.62	328.529	328.529
87.63	327.95	327.95
87.64	330.141	330.141
87.65	328.391	328.391
87.66	331.65	331.65
87.67	319.884	319.884
87.68	326.862	326.862
87.69	329.53	329.53
87.7	325.33	325.33
87.71	328.276	328.276
87.72	327.865	327.865
87.73	327.353	327.353
87.74	329.062	329.062
87.75	332.802	332.802
87.76	329.602	329.602
87.77	328.087	328.087
87.78	329.11	329.11
87.79	332.007	332.007
87.8	331.008	331.008
87.81	334.458	334.458
87.82	331.495	331.495
87.83	332.196	332.196
87.84	331.0	331.0
87.85	332.369	332.369
87.86	329.911	329.911
87.87	333.847	333.847
87.88	334.264	334.264
87.89	334.622	334.622
87.9	335.404	335.404
87.91	336.005	336.005
87.92	335.677	335.677
87.93	332.019	332.019
87.94	329.018	329.018
87.95	331.044	331.044
87.96	329.513	329.513
87.97	331.109	331.109
87.98	328.764	328.764
87.99	331.178	331.178
88.0	331.226	331.226
88.01	329.835	329.835
88.02	332.145	332.145
88.03	333.354	333.354
88.04	332.117	332.117
88.05	335.257	335.257
88.06	335.832	335.832
88.07	335.405	335.405
88.08	332.228	332.228
88.09	333.212	333.212
88.1	331.544	331.544
88.11	331.347	331.347
88.12	330.677	330.677
88.13	331.755	331.755
88.14	333.181	333.181
88.15	329.265	329.265
88.16	326.458	326.458
88.17	328.443	328.443
88.18	331.076	331.076
88.19	334.266	334.266
88.2	328.549	328.549
88.21	330.118	330.118
88.22	332.796	332.796
88.23	327.083	327.083
88.24	328.849	328.849
88.25	327.657	327.657
88.26	329.764	329.764
88.27	322.151	322.151
88.28	326.718	326.718
88.29	328.024	328.024
88.3	326.264	326.264
88.31	325.154	325.154
88.32	329.046	329.046
88.33	325.769	325.769
88.34	328.567	328.567
88.35	334.619	334.619
88.36	326.901	326.901
88.37	330.613	330.613
88.38	328.327	328.327
88.39	330.106	330.106
88.4	331.88	331.88
88.41	328.093	328.093
88.42	331.32	331.32
88.43	333.849	333.849
88.44	333.969	333.969
88.45	327.067	327.067
88.46	333.512	333.512
88.47	332.313	332.313
88.48	331.216	331.216
88.49	331.08	331.08
88.5	330.084	330.084
88.51	333.99	333.99
88.52	333.71	333.71
88.53	331.425	331.425
88.54	336.753	336.753
88.55	336.581	336.581
88.56	336.366	336.366
88.57	331.663	331.663
88.58	336.634	336.634
88.59	334.675	334.675
88.6	327.994	327.994
88.61	329.35	329.35
88.62	330.7	330.7
88.63	332.042	332.042
88.64	331.159	331.159
88.65	326.834	326.834
88.66	326.92	326.92
88.67	327.908	327.908
88.68	330.681	330.681
88.69	326.63	326.63
88.7	324.944	324.944
88.71	328.259	328.259
88.72	328.79	328.79
88.73	326.721	326.721
88.74	325.605	325.605
88.75	327.995	327.995
88.76	330.488	330.488
88.77	330.369	330.369
88.78	329.735	329.735
88.79	330.977	330.977
88.8	326.539	326.539
88.81	327.037	327.037
88.82	328.445	328.445
88.83	327.867	327.867
88.84	327.43	327.43
88.85	328.785	328.785
88.86	326.937	326.937
88.87	326.397	326.397
88.88	329.661	329.661
88.89	328.753	328.753
88.9	325.789	325.789
88.91	326.416	326.416
88.92	327.939	327.939
88.93	331.729	331.729
88.94	330.915	330.915
88.95	330.695	330.695
88.96	322.823	322.823
88.97	328.065	328.065
88.98	327.062	327.062
88.99	325.658	325.658
89.0	324.161	324.161
89.01	325.804	325.804
89.02	327.02	327.02
89.03	324.632	324.632
89.04	327.027	327.027
89.05	326.632	326.632
89.06	326.372	326.372
89.07	325.959	325.959
89.08	329.541	329.541
89.09	327.031	327.031
89.1	326.471	326.471
89.11	327.981	327.981
89.12	329.183	329.183
89.13	325.165	325.165
89.14	325.812	325.812
89.15	332.1	332.1
89.16	331.458	331.458
89.17	332.339	332.339
89.18	330.564	330.564
89.19	332.387	332.387
89.2	332.613	332.613
89.21	331.098	331.098
89.22	329.256	329.256
89.23	330.907	330.907
89.24	330.033	330.033
89.25	330.346	330.346
89.26	330.881	330.881
89.27	331.606	331.606
89.28	332.176	332.176
89.29	331.929	331.929
89.3	335.18	335.18
89.31	334.082	334.082
89.32	333.709	333.709
89.33	332.719	332.719
89.34	333.344	333.344
89.35	334.866	334.866
89.36	330.628	330.628
89.37	330.688	330.688
89.38	333.254	333.254
89.39	333.591	333.591
89.4	329.624	329.624
89.41	328.566	328.566
89.42	332.364	332.364
89.43	332.208	332.208
89.44	330.652	330.652
89.45	330.264	330.264
89.46	331.367	331.367
89.47	331.019	331.019
89.48	333.281	333.281
89.49	333.772	333.772
89.5	328.512	328.512
89.51	332.15	332.15
89.52	335.198	335.198
89.53	332.076	332.076
89.54	332.792	332.792
89.55	335.096	335.096
89.56	334.909	334.909
89.57	333.429	333.429
89.58	330.066	330.066
89.59	332.409	332.409
89.6	331.463	331.463
89.61	334.735	334.735
89.62	335.521	335.521
89.63	334.222	334.222
89.64	330.711	330.711
89.65	328.201	328.201
89.66	330.513	330.513
89.67	324.196	324.196
89.68	326.1	326.1
89.69	324.998	324.998
89.7	326.501	326.501
89.71	329.115	329.115
89.72	327.764	327.764
89.73	331.849	331.849
89.74	331.176	331.176
89.75	331.773	331.773
89.76	329.576	329.576
89.77	327.369	327.369
89.78	326.89	326.89
89.79	324.513	324.513
89.8	330.369	330.369
89.81	322.075	322.075
89.82	326.575	326.575
89.83	327.369	327.369
89.84	328.808	328.808
89.85	328.165	328.165
89.86	327.653	327.653
89.87	329.838	329.838
89.88	331.909	331.909
89.89	327.059	327.059
89.9	331.345	331.345
89.91	329.823	329.823
89.92	329.757	329.757
89.93	330.816	330.816
89.94	329.1	329.1
89.95	325.737	325.737
89.96	328.627	328.627
89.97	327.891	327.891
89.98	329.43	329.43
89.99	331.31	331.31
90.0	328.881	328.881
90.01	334.768	334.768
90.02	333.298	333.298
90.03	329.694	329.694
90.04	330.45	330.45
90.05	334.54	334.54
90.06	331.472	331.472
90.07	330.724	330.724
90.08	331.508	331.508
90.09	332.669	332.669
90.1	327.624	327.624
90.11	332.441	332.441
90.12	334.546	334.546
90.13	333.731	333.731
90.14	330.698	330.698
90.15	330.647	330.647
90.16	330.609	330.609
90.17	329.823	329.823
90.18	331.909	331.909
90.19	328.996	328.996
90.2	326.041	326.041
90.21	328.438	328.438
90.22	330.294	330.294
90.23	328.987	328.987
90.24	332.495	332.495
90.25	331.388	331.388
90.26	330.972	330.972
90.27	335.913	335.913
90.28	335.06	335.06
90.29	335.902	335.902
90.3	329.509	329.509
90.31	335.042	335.042
90.32	333.69	333.69
90.33	335.254	335.254
90.34	335.489	335.489
90.35	332.865	332.865
90.36	330.972	330.972
90.37	332.867	332.867
90.38	334.5	334.5
90.39	329.53	329.53
90.4	333.797	333.797
90.41	334.573	334.573
90.42	331.751	331.751
90.43	327.815	327.815
90.44	331.621	331.621
90.45	327.919	327.919
90.46	328.027	328.027
90.47	334.04	334.04
90.48	332.109	332.109
90.49	329.709	329.709
90.5	330.339	330.339
90.51	328.594	328.594
90.52	335.585	335.585
90.53	332.077	332.077
90.54	332.922	332.922
90.55	331.954	331.954
90.56	331.201	331.201
90.57	331.685	331.685
90.58	331.025	331.025
90.59	332.383	332.383
90.6	331.333	331.333
90.61	330.989	330.989
90.62	331.604	331.604
90.63	335.889	335.889
90.64	336.206	336.206
90.65	337.468	337.468
90.66	333.802	333.802
90.67	331.837	331.837
90.68	333.971	333.971
90.69	334.829	334.829
90.7	332.492	332.492
90.71	333.671	333.671
90.72	334.591	334.591
90.73	336.02	336.02
90.74	335.845	335.845
90.75	332.398	332.398
90.76	329.327	329.327
90.77	336.521	336.521
90.78	334.531	334.531
90.79	334.894	334.894
90.8	336.079	336.079
90.81	336.333	336.333
90.82	336.408	336.408
90.83	336.275	336.275
90.84	333.272	333.272
90.85	330.744	330.744
90.86	333.014	333.014
90.87	337.126	337.126
90.88	333.614	333.614
90.89	332.656	332.656
90.9	330.774	330.774
90.91	337.509	337.509
90.92	333.788	333.788
90.93	332.24	332.24
90.94	331.187	331.187
90.95	328.752	328.752
90.96	334.18	334.18
90.97	333.129	333.129
90.98	328.88	328.88
90.99	333.188	333.188
91.0	332.91	332.91
91.01	334.66	334.66
91.02	336.657	336.657
91.03	338.544	338.544
91.04	336.713	336.713
91.05	333.695	333.695
91.06	337.561	337.561
91.07	335.142	335.142
91.08	334.766	334.766
91.09	334.948	334.948
91.1	338.297	338.297
91.11	333.698	333.698
91.12	337.201	337.201
91.13	335.215	335.215
91.14	336.515	336.515
91.15	335.014	335.014
91.16	334.071	334.071
91.17	333.081	333.081
91.18	333.951	333.951
91.19	335.992	335.992
91.2	331.983	331.983
91.21	335.084	335.084
91.22	336.246	336.246
91.23	331.545	331.545
91.24	330.669	330.669
91.25	330.172	330.172
91.26	332.978	332.978
91.27	330.599	330.599
91.28	331.788	331.788
91.29	326.753	326.753
91.3	330.835	330.835
91.31	329.723	329.723
91.32	329.148	329.148
91.33	332.602	332.602
91.34	331.478	331.478
91.35	330.056	330.056
91.36	328.081	328.081
91.37	329.064	329.064
91.38	330.833	330.833
91.39	327.052	327.052
91.4	329.141	329.141
91.41	331.866	331.866
91.42	325.888	325.888
91.43	328.79	328.79
91.44	330.825	330.825
91.45	331.461	331.461
91.46	334.597	334.597
91.47	331.141	331.141
91.48	327.198	327.198
91.49	327.973	327.973
91.5	329.229	329.229
91.51	329.08	329.08
91.52	330.944	330.944
91.53	329.061	329.061
91.54	330.422	330.422
91.55	334.94	334.94
91.56	334.018	334.018
91.57	332.946	332.946
91.58	334.739	334.739
91.59	331.121	331.121
91.6	332.554	332.554
91.61	331.464	331.464
91.62	334.026	334.026
91.63	333.015	333.015
91.64	331.876	331.876
91.65	336.602	336.602
91.66	331.993	331.993
91.67	330.957	330.957
91.68	330.069	330.069
91.69	336.444	336.444
91.7	330.694	330.694
91.71	331.686	331.686
91.72	333.65	333.65
91.73	334.315	334.315
91.74	330.367	330.367
91.75	335.129	335.129
91.76	333.244	333.244
91.77	335.319	335.319
91.78	334.07	334.07
91.79	334.784	334.784
91.8	335.79	335.79
91.81	327.924	327.924
91.82	331.838	331.838
91.83	329.168	329.168
91.84	333.427	333.427
91.85	332.923	332.923
91.86	332.241	332.241
91.87	332.635	332.635
91.88	332.657	332.657
91.89	332.774	332.774
91.9	335.591	335.591
91.91	330.826	330.826
91.92	334.581	334.581
91.93	333.186	333.186
91.94	333.553	333.553
91.95	334.276	334.276
91.96	325.31	325.31
91.97	331.116	331.116
91.98	328.225	328.225
91.99	332.541	332.541
92.0	332.586	332.586
92.01	326.412	326.412
92.02	330.103	330.103
92.03	333.533	333.533
92.04	332.124	332.124
92.05	332.789	332.789
92.06	334.449	334.449
92.07	338.862	338.862
92.08	334.601	334.601
92.09	337.02	337.02
92.1	334.133	334.133
92.11	334.569	334.569
92.12	334.1	334.1
92.13	333.071	333.071
92.14	332.55	332.55
92.15	335.668	335.668
92.16	333.865	333.865
92.17	329.383	329.383
92.18	330.858	330.858
92.19	333.916	333.916
92.2	334.655	334.655
92.21	336.358	336.358
92.22	325.941	325.941
92.23	332.92	332.92
92.24	332.922	332.922
92.25	332.98	332.98
92.26	332.46	332.46
92.27	335.864	335.864
92.28	334.765	334.765
92.29	335.274	335.274
92.3	335.113	335.113
92.31	332.59	332.59
92.32	334.976	334.976
92.33	330.835	330.835
92.34	332.16	332.16
92.35	331.552	331.552
92.36	335.613	335.613
92.37	334.316	334.316
92.38	333.897	333.897
92.39	331.129	331.129
92.4	330.51	330.51
92.41	334.827	334.827
92.42	332.913	332.913
92.43	331.727	331.727
92.44	327.58	327.58
92.45	327.408	327.408
92.46	334.782	334.782
92.47	330.99	330.99
92.48	328.611	328.611
92.49	331.336	331.336
92.5	327.622	327.622
92.51	332.42	332.42
92.52	325.336	325.336
92.53	327.309	327.309
92.54	329.995	329.995
92.55	327.841	327.841
92.56	328.484	328.484
92.57	328.058	328.058
92.58	328.618	328.618
92.59	332.237	332.237
92.6	330.262	330.262
92.61	329.615	329.615
92.62	330.352	330.352
92.63	327.888	327.888
92.64	329.146	329.146
92.65	331.608	331.608
92.66	332.594	332.594
92.67	331.343	331.343
92.68	333.429	333.429
92.69	330.71	330.71
92.7	330.54	330.54
92.71	327.756	327.756
92.72	328.562	328.562
92.73	330.432	330.432
92.74	328.484	328.484
92.75	334.088	334.088
92.76	331.808	331.808
92.77	330.962	330.962
92.78	335.147	335.147
92.79	332.823	332.823
92.8	334.095	334.095
92.81	334.996	334.996
92.82	332.173	332.173
92.83	337.25	337.25
92.84	326.983	326.983
92.85	328.711	328.711
92.86	331.605	331.605
92.87	331.338	331.338
92.88	332.71	332.71
92.89	333.544	333.544
92.9	331.997	331.997
92.91	332.943	332.943
92.92	334.354	334.354
92.93	335.737	335.737
92.94	334.47	334.47
92.95	332.976	332.976
92.96	336.596	336.596
92.97	333.503	333.503
92.98	333.188	333.188
92.99	337.979	337.979
93.0	333.678	333.678
93.01	334.056	334.056
93.02	334.659	334.659
93.03	332.678	332.678
93.04	334.866	334.866
93.05	329.384	329.384
93.06	331.968	331.968
93.07	337.349	337.349
93.08	333.874	333.874
93.09	335.625	335.625
93.1	336.089	336.089
93.11	336.103	336.103
93.12	332.921	332.921
93.13	335.844	335.844
93.14	327.311	327.311
93.15	332.466	332.466
93.16	331.633	331.633
93.17	327.457	327.457
93.18	331.643	331.643
93.19	333.211	333.211
93.2	329.925	329.925
93.21	336.277	336.277
93.22	333.126	333.126
93.23	334.192	334.192
93.24	334.986	334.986
93.25	333.797	333.797
93.26	335.615	335.615
93.27	335.845	335.845
93.28	336.976	336.976
93.29	332.763	332.763
93.3	334.026	334.026
93.31	335.681	335.681
93.32	335.449	335.449
93.33	336.25	336.25
93.34	339.151	339.151
93.35	338.324	338.324
93.36	334.493	334.493
93.37	332.124	332.124
93.38	334.462	334.462
93.39	333.453	333.453
93.4	332.296	332.296
93.41	332.525	332.525
93.42	335.832	335.832
93.43	333.958	333.958
93.44	335.847	335.847
93.45	335.731	335.731
93.46	334.85	334.85
93.47	334.895	334.895
93.48	337.987	337.987
93.49	332.956	332.956
93.5	333.859	333.859
93.51	332.531	332.531
93.52	334.593	334.593
93.53	337.902	337.902
93.54	336.829	336.829
93.55	332.373	332.373
93.56	339.083	339.083
93.57	335.889	335.889
93.58	336.77	336.77
93.59	338.907	338.907
93.6	335.418	335.418
93.61	328.774	328.774
93.62	336.821	336.821
93.63	335.294	335.294
93.64	337.092	337.092
93.65	336.277	336.277
93.66	336.784	336.784
93.67	338.061	338.061
93.68	335.462	335.462
93.69	333.442	333.442
93.7	337.379	337.379
93.71	336.298	336.298
93.72	334.232	334.232
93.73	336.99	336.99
93.74	333.318	333.318
93.75	328.823	328.823
93.76	334.257	334.257
93.77	337.696	337.696
93.78	339.709	339.709
93.79	338.165	338.165
93.8	337.385	337.385
93.81	333.084	333.084
93.82	334.742	334.742
93.83	335.938	335.938
93.84	334.017	334.017
93.85	332.097	332.097
93.86	336.838	336.838
93.87	337.152	337.152
93.88	340.204	340.204
93.89	339.245	339.245
93.9	337.425	337.425
93.91	335.186	335.186
93.92	336.651	336.651
93.93	337.446	337.446
93.94	339.177	339.177
93.95	333.968	333.968
93.96	329.691	329.691
93.97	330.663	330.663
93.98	336.196	336.196
93.99	330.171	330.171
94.0	330.358	330.358
94.01	332.62	332.62
94.02	331.144	331.144
94.03	333.975	333.975
94.04	336.197	336.197
94.05	332.617	332.617
94.06	333.374	333.374
94.07	334.039	334.039
94.08	333.275	333.275
94.09	336.247	336.247
94.1	335.751	335.751
94.11	338.971	338.971
94.12	338.374	338.374
94.13	333.225	333.225
94.14	334.127	334.127
94.15	335.782	335.782
94.16	333.661	333.661
94.17	336.162	336.162
94.18	334.562	334.562
94.19	336.812	336.812
94.2	334.064	334.064
94.21	335.174	335.174
94.22	336.284	336.284
94.23	331.029	331.029
94.24	332.65	332.65
94.25	330.307	330.307
94.26	338.368	338.368
94.27	334.229	334.229
94.28	333.901	333.901
94.29	338.545	338.545
94.3	339.139	339.139
94.31	336.93	336.93
94.32	336.247	336.247
94.33	337.22	337.22
94.34	337.688	337.688
94.35	334.269	334.269
94.36	335.187	335.187
94.37	334.991	334.991
94.38	330.737	330.737
94.39	334.035	334.035
94.4	334.701	334.701
94.41	334.744	334.744
94.42	335.686	335.686
94.43	333.584	333.584
94.44	334.723	334.723
94.45	334.545	334.545
94.46	331.995	331.995
94.47	332.987	332.987
94.48	331.985	331.985
94.49	334.633	334.633
94.5	334.498	334.498
94.51	335.314	335.314
94.52	336.918	336.918
94.53	333.239	333.239
94.54	333.891	333.891
94.55	332.073	332.073
94.56	336.875	336.875
94.57	333.378	333.378
94.58	333.801	333.801
94.59	336.624	336.624
94.6	333.998	333.998
94.61	337.176	337.176
94.62	335.641	335.641
94.63	335.081	335.081
94.64	336.637	336.637
94.65	338.647	338.647
94.66	337.745	337.745
94.67	341.543	341.543
94.68	338.503	338.503
94.69	339.553	339.553
94.7	339.12	339.12
94.71	343.715	343.715
94.72	340.395	340.395
94.73	340.573	340.573
94.74	337.801	337.801
94.75	338.341	338.341
94.76	335.056	335.056
94.77	332.747	332.747
94.78	335.173	335.173
94.79	334.903	334.903
94.8	335.783	335.783
94.81	335.122	335.122
94.82	338.081	338.081
94.83	338.524	338.524
94.84	340.98	340.98
94.85	339.121	339.121
94.86	343.286	343.286
94.87	340.177	340.177
94.88	341.097	341.097
94.89	336.692	336.692
94.9	338.767	338.767
94.91	342.741	342.741
94.92	346.705	346.705
94.93	341.515	341.515
94.94	341.849	341.849
94.95	342.657	342.657
94.96	338.73	338.73
94.97	339.854	339.854
94.98	335.808	335.808
94.99	340.742	340.742
95.0	338.121	338.121
95.01	336.341	336.341
95.02	336.808	336.808
95.03	343.848	343.848
95.04	342.944	342.944
95.05	339.461	339.461
95.06	338.035	338.035
95.07	339.36	339.36
95.08	338.884	338.884
95.09	338.133	338.133
95.1	336.674	336.674
95.11	338.33	338.33
95.12	340.716	340.716
95.13	338.091	338.091
95.14	340.09	340.09
95.15	337.97	337.97
95.16	341.429	341.429
95.17	343.905	343.905
95.18	343.086	343.086
95.19	340.484	340.484
95.2	339.713	339.713
95.21	340.019	340.019
95.22	342.31	342.31
95.23	342.566	342.566
95.24	344.919	344.919
95.25	339.268	339.268
95.26	342.037	342.037
95.27	335.7	335.7
95.28	338.992	338.992
95.29	341.009	341.009
95.3	339.437	339.437
95.31	338.439	338.439
95.32	340.013	340.013
95.33	340.638	340.638
95.34	342.9	342.9
95.35	334.808	334.808
95.36	339.293	339.293
95.37	338.736	338.736
95.38	339.599	339.599
95.39	338.067	338.067
95.4	335.648	335.648
95.41	341.947	341.947
95.42	336.637	336.637
95.43	336.735	336.735
95.44	340.449	340.449
95.45	341.573	341.573
95.46	333.967	333.967
95.47	334.987	334.987
95.48	337.897	337.897
95.49	337.286	337.286
95.5	341.256	341.256
95.51	333.578	333.578
95.52	338.318	338.318
95.53	336.87	336.87
95.54	336.168	336.168
95.55	340.256	340.256
95.56	336.166	336.166
95.57	341.857	341.857
95.58	336.899	336.899
95.59	334.207	334.207
95.6	334.162	334.162
95.61	337.576	337.576
95.62	335.086	335.086
95.63	332.788	332.788
95.64	334.851	334.851
95.65	338.978	338.978
95.66	334.728	334.728
95.67	336.724	336.724
95.68	337.12	337.12
95.69	335.726	335.726
95.7	331.081	331.081
95.71	335.177	335.177
95.72	331.356	331.356
95.73	330.341	330.341
95.74	336.859	336.859
95.75	334.295	334.295
95.76	340.27	340.27
95.77	339.453	339.453
95.78	332.345	332.345
95.79	329.399	329.399
95.8	329.011	329.011
95.81	331.981	331.981
95.82	334.268	334.268
95.83	333.116	333.116
95.84	333.786	333.786
95.85	332.066	332.066
95.86	329.087	329.087
95.87	329.477	329.477
95.88	333.875	333.875
95.89	335.762	335.762
95.9	334.395	334.395
95.91	333.839	333.839
95.92	332.413	332.413
95.93	335.903	335.903
95.94	332.586	332.586
95.95	330.996	330.996
95.96	329.169	329.169
95.97	333.18	333.18
95.98	333.701	333.701
95.99	331.36	331.36
96.0	329.242	329.242
96.01	332.281	332.281
96.02	333.32	333.32
96.03	336.927	336.927
96.04	332.849	332.849
96.05	329.992	329.992
96.06	333.234	333.234
96.07	325.357	325.357
96.08	330.908	330.908
96.09	331.645	331.645
96.1	334.287	334.287
96.11	330.884	330.884
96.12	331.621	331.621
96.13	329.238	329.238
96.14	330.858	330.858
96.15	330.844	330.844
96.16	332.345	332.345
96.17	335.28	335.28
96.18	334.642	334.642
96.19	333.894	333.894
96.2	333.834	333.834
96.21	337.601	337.601
96.22	334.725	334.725
96.23	332.358	332.358
96.24	335.623	335.623
96.25	333.55	333.55
96.26	330.81	330.81
96.27	329.264	329.264
96.28	329.795	329.795
96.29	330.72	330.72
96.3	331.834	331.834
96.31	332.681	332.681
96.32	332.518	332.518
96.33	333.716	333.716
96.34	333.595	333.595
96.35	336.268	336.268
96.36	332.471	332.471
96.37	328.754	328.754
96.38	331.915	331.915
96.39	332.594	332.594
96.4	329.404	329.404
96.41	334.575	334.575
96.42	333.918	333.918
96.43	335.487	335.487
96.44	334.817	334.817
96.45	332.243	332.243
96.46	328.285	328.285
96.47	333.432	333.432
96.48	330.897	330.897
96.49	332.016	332.016
96.5	331.828	331.828
96.51	335.297	335.297
96.52	332.509	332.509
96.53	330.98	330.98
96.54	329.235	329.235
96.55	333.12	333.12
96.56	334.047	334.047
96.57	332.544	332.544
96.58	333.959	333.959
96.59	335.67	335.67
96.6	336.656	336.656
96.61	334.889	334.889
96.62	337.225	337.225
96.63	337.537	337.537
96.64	337.577	337.577
96.65	339.175	339.175
96.66	335.245	335.245
96.67	337.417	337.417
96.68	335.686	335.686
96.69	338.233	338.233
96.7	334.778	334.778
96.71	339.366	339.366
96.72	339.093	339.093
96.73	336.876	336.876
96.74	339.455	339.455
96.75	339.4	339.4
96.76	338.117	338.117
96.77	337.432	337.432
96.78	338.262	338.262
96.79	337.247	337.247
96.8	335.401	335.401
96.81	336.39	336.39
96.82	335.493	335.493
96.83	333.698	333.698
96.84	331.691	331.691
96.85	336.115	336.115
96.86	332.819	332.819
96.87	334.68	334.68
96.88	335.722	335.722
96.89	335.836	335.836
96.9	336.277	336.277
96.91	334.303	334.303
96.92	333.569	333.569
96.93	330.804	330.804
96.94	331.305	331.305
96.95	336.545	336.545
96.96	333.039	333.039
96.97	333.9	333.9
96.98	330.3	330.3
96.99	332.698	332.698
97.0	336.061	336.061
97.01	331.795	331.795
97.02	329.331	329.331
97.03	332.904	332.904
97.04	336.457	336.457
97.05	333.839	333.839
97.06	334.298	334.298
97.07	332.445	332.445
97.08	335.783	335.783
97.09	332.792	332.792
97.1	332.98	332.98
97.11	334.15	334.15
97.12	332.228	332.228
97.13	333.592	333.592
97.14	331.767	331.767
97.15	329.936	329.936
97.16	334.338	334.338
97.17	331.905	331.905
97.18	336.064	336.064
97.19	334.476	334.476
97.2	331.388	331.388
97.21	334.882	334.882
97.22	337.617	337.617
97.23	336.653	336.653
97.24	334.453	334.453
97.25	335.786	335.786
97.26	337.28	337.28
97.27	337.007	337.007
97.28	330.557	330.557
97.29	335.158	335.158
97.3	336.353	336.353
97.31	335.153	335.153
97.32	336.729	336.729
97.33	327.984	327.984
97.34	330.861	330.861
97.35	328.02	328.02
97.36	334.741	334.741
97.37	335.587	335.587
97.38	332.456	332.456
97.39	333.32	333.32
97.4	335.122	335.122
97.41	333.71	333.71
97.42	333.676	333.676
97.43	330.732	330.732
97.44	332.158	332.158
97.45	331.835	331.835
97.46	333.352	333.352
97.47	335.182	335.182
97.48	333.277	333.277
97.49	338.592	338.592
97.5	336.803	336.803
97.51	337.909	337.909
97.52	333.933	333.933
97.53	334.269	334.269
97.54	339.177	339.177
97.55	339.808	339.808
97.56	333.019	333.019
97.57	333.322	333.322
97.58	333.178	333.178
97.59	330.946	330.946
97.6	333.331	333.331
97.61	332.882	332.882
97.62	332.553	332.553
97.63	335.33	335.33
97.64	333.72	333.72
97.65	328.792	328.792
97.66	330.274	330.274
97.67	332.894	332.894
97.68	335.321	335.321
97.69	333.417	333.417
97.7	331.669	331.669
97.71	335.957	335.957
97.72	335.168	335.168
97.73	338.854	338.854
97.74	338.46	338.46
97.75	336.786	336.786
97.76	333.469	333.469
97.77	340.654	340.654
97.78	338.754	338.754
97.79	342.797	342.797
97.8	333.382	333.382
97.81	338.026	338.026
97.82	336.297	336.297
97.83	334.809	334.809
97.84	337.482	337.482
97.85	340.545	340.545
97.86	337.792	337.792
97.87	338.179	338.179
97.88	334.525	334.525
97.89	335.335	335.335
97.9	333.658	333.658
97.91	334.413	334.413
97.92	337.314	337.314
97.93	337.38	337.38
97.94	339.266	339.266
97.95	335.055	335.055
97.96	342.032	342.032
97.97	340.597	340.597
97.98	340.306	340.306
97.99	335.42	335.42
98.0	336.1	336.1
98.01	343.614	343.614
98.02	337.981	337.981
98.03	333.986	333.986
98.04	343.981	343.981
98.05	337.856	337.856
98.06	335.775	335.775
98.07	339.262	339.262
98.08	337.651	337.651
98.09	336.919	336.919
98.1	336.656	336.656
98.11	334.709	334.709
98.12	336.724	336.724
98.13	340.723	340.723
98.14	338.18	338.18
98.15	340.547	340.547
98.16	339.237	339.237
98.17	336.94	336.94
98.18	344.878	344.878
98.19	338.725	338.725
98.2	343.148	343.148
98.21	338.252	338.252
98.22	340.794	340.794
98.23	339.159	339.159
98.24	345.985	345.985
98.25	344.774	344.774
98.26	344.845	344.845
98.27	340.731	340.731
98.28	337.375	337.375
98.29	340.867	340.867
98.3	340.072	340.072
98.31	342.293	342.293
98.32	341.929	341.929
98.33	339.891	339.891
98.34	341.483	341.483
98.35	344.179	344.179
98.36	344.049	344.049
98.37	341.775	341.775
98.38	339.224	339.224
98.39	343.923	343.923
98.4	342.974	342.974
98.41	336.705	336.705
98.42	342.74	342.74
98.43	339.203	339.203
98.44	337.96	337.96
98.45	335.73	335.73
98.46	340.592	340.592
98.47	339.09	339.09
98.48	343.28	343.28
98.49	340.557	340.557
98.5	339.911	339.911
98.51	337.577	337.577
98.52	338.455	338.455
98.53	339.544	339.544
98.54	340.85	340.85
98.55	340.243	340.243
98.56	338.831	338.831
98.57	338.055	338.055
98.58	334.275	334.275
98.59	337.644	337.644
98.6	337.826	337.826
98.61	336.816	336.816
98.62	335.427	335.427
98.63	337.432	337.432
98.64	336.484	336.484
98.65	335.633	335.633
98.66	334.967	334.967
98.67	337.719	337.719
98.68	338.75	338.75
98.69	336.514	336.514
98.7	340.656	340.656
98.71	339.806	339.806
98.72	337.817	337.817
98.73	339.204	339.204
98.74	339.594	339.594
98.75	341.383	341.383
98.76	338.369	338.369
98.77	340.069	340.069
98.78	337.821	337.821
98.79	339.574	339.574
98.8	341.73	341.73
98.81	337.421	337.421
98.82	335.911	335.911
98.83	338.515	338.515
98.84	343.981	343.981
98.85	338.202	338.202
98.86	338.426	338.426
98.87	341.328	341.328
98.88	337.161	337.161
98.89	334.908	334.908
98.9	336.23	336.23
98.91	336.151	336.151
98.92	339.145	339.145
98.93	342.218	342.218
98.94	340.999	340.999
98.95	344.286	344.286
98.96	344.093	344.093
98.97	337.218	337.218
98.98	338.846	338.846
98.99	341.204	341.204
99.0	336.256	336.256
99.01	342.115	342.115
99.02	343.542	343.542
99.03	345.372	345.372
99.04	341.293	341.293
99.05	343.451	343.451
99.06	338.45	338.45
99.07	339.893	339.893
99.08	339.008	339.008
99.09	338.624	338.624
99.1	340.697	340.697
99.11	340.518	340.518
99.12	344.761	344.761
99.13	341.656	341.656
99.14	340.297	340.297
99.15	345.557	345.557
99.16	340.548	340.548
99.17	340.927	340.927
99.18	342.436	342.436
99.19	342.105	342.105
99.2	344.927	344.927
99.21	343.111	343.111
99.22	341.886	341.886
99.23	344.519	344.519
99.24	339.96	339.96
99.25	339.012	339.012
99.26	337.779	337.779
99.27	335.441	335.441
99.28	335.345	335.345
99.29	335.228	335.228
99.3	337.908	337.908
99.31	340.471	340.471
99.32	338.966	338.966
99.33	340.121	340.121
99.34	340.727	340.727
99.35	340.572	340.572
99.36	342.292	342.292
99.37	341.528	341.528
99.38	341.103	341.103
99.39	342.675	342.675
99.4	339.996	339.996
99.41	339.963	339.963
99.42	342.42	342.42
99.43	338.225	338.225
99.44	342.861	342.861
99.45	337.102	337.102
99.46	343.861	343.861
99.47	341.703	341.703
99.48	337.072	337.072
99.49	342.018	342.018
99.5	338.46	338.46
99.51	343.343	343.343
99.52	338.003	338.003
99.53	338.425	338.425
99.54	338.549	338.549
99.55	341.471	341.471
99.56	336.967	336.967
99.57	335.792	335.792
99.58	336.377	336.377
99.59	334.741	334.741
99.6	339.836	339.836
99.61	339.611	339.611
99.62	339.533	339.533
99.63	335.706	335.706
99.64	335.283	335.283
99.65	335.052	335.052
99.66	338.578	338.578
99.67	334.539	334.539
99.68	334.172	334.172
99.69	334.511	334.511
99.7	337.347	337.347
99.71	335.081	335.081
99.72	340.731	340.731
99.73	342.002	342.002
99.74	337.526	337.526
99.75	339.493	339.493
99.76	340.268	340.268
99.77	342.467	342.467
99.78	338.466	338.466
99.79	338.355	338.355
99.8	336.277	336.277
99.81	343.204	343.204
99.82	340.898	340.898
99.83	338.313	338.313
99.84	342.252	342.252
99.85	345.166	345.166
99.86	345.93	345.93
99.87	345.478	345.478
99.88	341.927	341.927
99.89	343.405	343.405
99.9	341.947	341.947
99.91	344.681	344.681
99.92	340.021	340.021
99.93	341.971	341.971
99.94	336.371	336.371
99.95	339.281	339.281
99.96	343.739	343.739
99.97	341.574	341.574
99.98	338.875	338.875
99.99	344.896	344.896
100.0	339.652	339.652
