time_ns	temperature_K	pressure_bar	density_kg_m3
0.0	297.940186	-57.41045	1027.42749
0.01	298.579651	-63.556141	1029.222656
0.02	299.371552	201.778564	1032.718994
0.03	300.143402	172.309616	1034.157349
0.04	300.638397	-75.873039	1035.472778
0.05	299.734772	73.321175	1032.588989
0.06	299.797028	133.595657	1037.989746
0.07	298.297791	95.054222	1033.227051
0.08	301.33548	163.13974	1034.504028
0.09	301.601654	-194.260178	1027.156616
0.1	298.656433	139.577835	1030.543457
0.11	300.628754	-54.715633	1035.546631
0.12	300.903595	201.411636	1037.229736
0.13	300.888245	98.052544	1031.395996
0.14	300.081146	251.025192	1037.64978
0.15	300.515656	231.550308	1037.583984
0.16	301.216797	-81.210747	1032.447388
0.17	302.739441	70.883217	1035.539673
0.18	298.758636	-88.20388	1029.536499
0.19	296.789001	72.511482	1029.667725
0.2	299.534454	-126.155983	1028.435913
0.21	298.467957	-67.104599	1024.38855
0.22	299.412628	-227.014236	1031.581177
0.23	299.815826	-1.107381	1032.088989
0.24	300.763031	239.971268	1039.837036
0.25	301.259583	-25.263	1032.65564
0.26	301.383209	151.738037	1036.476685
0.27	301.193909	-65.037727	1029.442627
0.28	300.58429	-329.578461	1024.92981
0.29	299.635101	-79.20285	1029.754639
0.3	298.502258	65.515694	1034.556885
0.31	301.017792	-53.422501	1028.16748
0.32	298.5672	-50.845112	1026.092407
0.33	302.88739	161.984818	1036.705933
0.34	299.984161	56.943344	1035.300049
0.35	298.376373	-96.219307	1029.904907
0.36	299.471588	9.25	1033.929443
0.37	299.315948	-37.919113	1030.149536
0.38	302.618195	151.998642	1039.415405
0.39	300.763458	-285.833221	1025.836182
0.4	300.525085	-102.310303	1036.248901
0.41	300.346588	-22.804068	1025.592773
0.42	300.846893	220.523544	1032.698242
0.43	300.237274	204.697998	1040.269043
0.44	299.442139	-114.349792	1027.825439
0.45	298.352112	-366.79483	1021.552734
0.46	301.133392	5.554206	1027.536987
0.47	301.564178	106.312439	1033.798462
0.48	300.696228	15.723948	1034.187012
0.49	299.982697	103.20153	1036.648926
0.5	301.043549	91.098572	1034.426758
0.51	299.416229	104.03022	1030.285889
0.52	300.764893	-148.826675	1028.164062
0.53	299.406433	-44.944172	1031.503418
0.54	301.402222	-24.673386	1024.249512
0.55	299.796997	-16.032644	1029.447876
0.56	300.87146	64.131111	1036.58606
0.57	299.61377	120.914528	1029.904175
0.58	301.794098	17.316557	1032.160034
0.59	299.609192	-79.512108	1031.076904
0.6	299.16391	149.245621	1036.130127
0.61	298.346008	125.554405	1039.065674
0.62	301.916718	-53.822201	1030.231323
0.63	299.929596	-162.374634	1031.470703
0.64	299.327087	-64.502625	1028.83728
0.65	298.90625	-11.951476	1028.614624
0.66	300.993164	-97.260872	1032.419922
0.67	299.751862	43.495789	1033.019043
0.68	298.548553	-36.042999	1034.050171
0.69	301.380981	-368.053619	1026.706543
0.7	299.579865	-119.534203	1030.814331
0.71	301.673004	248.159531	1038.515503
0.72	300.239227	-137.271713	1029.109985
0.73	299.342285	-49.631306	1032.900513
0.74	302.175842	-79.026985	1033.413574
0.75	299.98233	-99.398842	1029.30249
0.76	300.834717	-68.642303	1033.134888
0.77	299.787415	33.097675	1031.014771
0.78	298.219971	-10.089223	1030.612305
0.79	298.257263	130.087936	1035.990356
0.8	298.939697	95.252563	1038.08313
0.81	300.004425	40.3405	1032.357666
0.82	298.116913	129.229965	1031.823364
0.83	300.840088	124.516304	1039.06604
0.84	301.165588	158.142838	1029.137085
0.85	301.637085	41.486736	1033.131104
0.86	301.491974	82.893005	1033.080322
0.87	300.442078	-333.319977	1025.899536
0.88	300.306671	97.460136	1030.790405
0.89	299.665955	5.727915	1033.954468
0.9	299.38385	-206.245438	1031.164673
0.91	297.887848	-80.888336	1031.104126
0.92	300.267822	73.055717	1025.068481
0.93	298.666656	140.904587	1035.747192
0.94	300.06012	38.682358	1035.645874
0.95	300.040588	24.775106	1030.264404
0.96	298.11911	-120.967079	1029.86731
0.97	299.575684	91.157173	1035.505371
0.98	297.92514	-118.801819	1026.529541
0.99	300.242493	-32.314121	1026.376099
1.0	299.197876	-98.747292	1028.684814
1.01	301.645142	-290.257721	1028.764893
1.02	298.819855	-185.527664	1031.081299
1.03	300.636749	-163.498367	1026.958984
1.04	299.293518	170.925797	1034.452881
1.05	299.686615	-89.859276	1027.489624
1.06	300.746765	-98.431786	1032.134766
1.07	299.305542	-188.770218	1029.494629
1.08	300.826019	-156.332947	1021.866333
1.09	301.859283	55.54134	1030.016357
1.1	298.703003	109.694878	1034.009644
1.11	298.875031	64.401741	1029.973145
1.12	299.262329	78.97467	1036.561035
1.13	300.209351	-212.461304	1028.438965
1.14	301.387207	-232.057297	1023.671143
1.15	300.603363	63.208241	1034.152832
1.16	299.222626	85.507408	1038.171631
1.17	299.590454	-32.286919	1029.754028
1.18	300.177826	33.647781	1039.380005
1.19	300.511017	52.350773	1041.340088
1.2	300.549408	242.946854	1036.192505
1.21	299.776062	-165.689514	1029.298706
1.22	298.647522	-99.775696	1030.885986
1.23	302.098511	-30.9412	1032.355469
1.24	301.173065	-176.218582	1022.546631
1.25	301.490906	21.959867	1032.016968
1.26	300.328705	166.925644	1036.984497
1.27	299.435699	58.333782	1030.602173
1.28	299.157837	-316.296112	1022.938843
1.29	299.036102	-96.821716	1033.582886
1.3	300.089203	-136.984879	1029.147339
1.31	299.02301	-61.79707	1029.944214
1.32	299.01886	-118.334076	1030.437622
1.33	299.306091	-120.16745	1030.361694
1.34	298.503601	14.953522	1030.045044
1.35	300.24884	135.015228	1035.980713
1.36	300.462769	-83.83606	1029.452393
1.37	301.419373	-17.420876	1023.738708
1.38	300.544678	-176.177856	1033.498779
1.39	300.331879	-48.951992	1028.39856
1.4	297.112885	-34.424511	1027.998535
1.41	300.876282	-9.097746	1033.320312
1.42	298.853333	43.120392	1035.391113
1.43	300.347839	115.984009	1037.346436
1.44	299.247894	192.525681	1039.626953
1.45	301.515137	190.562729	1035.658447
1.46	299.135895	-185.363037	1031.163574
1.47	300.592316	-139.516586	1034.242432
1.48	299.655731	4.807734	1039.287109
1.49	300.233093	-13.992612	1034.209839
1.5	299.565094	83.771202	1033.23877
1.51	300.920837	38.787441	1037.595825
1.52	300.012878	-43.90456	1031.840942
1.53	298.073303	181.594055	1033.040283
1.54	300.134399	-26.018053	1033.008057
1.55	299.711823	14.561498	1027.86084
1.56	300.011566	73.283913	1039.164429
1.57	300.16571	111.890709	1035.372681
1.58	302.262421	59.589077	1037.991943
1.59	299.934509	139.301193	1035.646729
1.6	298.471039	-43.268417	1025.630249
1.61	300.46225	-304.695099	1022.024292
1.62	300.219543	100.953407	1037.796143
1.63	301.642883	52.280136	1032.107056
1.64	299.786346	-253.414383	1027.108521
1.65	300.699707	176.032898	1031.987915
1.66	299.853577	142.336609	1034.599854
1.67	300.094482	-66.619553	1030.323608
1.68	300.326508	-108.946693	1028.083862
1.69	301.493164	65.304771	1038.73999
1.7	299.422729	9.573743	1031.764648
1.71	300.186493	182.507874	1037.005981
1.72	300.710266	119.848198	1035.101562
1.73	298.911591	342.062622	1043.092041
1.74	301.419006	157.870911	1030.996704
1.75	300.204956	-201.154221	1025.711182
1.76	302.621033	-44.306072	1032.662354
1.77	300.654358	-18.643686	1029.762329
1.78	301.722626	-6.382627	1030.684692
1.79	300.645477	149.813095	1035.497681
1.8	299.197754	48.177425	1033.860107
1.81	299.337708	130.03511	1034.851196
1.82	299.962189	-40.536259	1034.068237
1.83	298.189362	94.606178	1033.916626
1.84	300.127625	-71.452454	1032.744873
1.85	299.620575	228.827988	1041.339233
1.86	300.422028	114.357246	1036.489868
1.87	299.577209	75.394295	1032.702271
1.88	301.087006	-13.201775	1030.510132
1.89	298.8349	-124.263359	1030.740845
1.9	299.664825	26.976267	1033.334106
1.91	300.517975	151.279373	1033.212891
1.92	298.345032	-74.440285	1024.87561
1.93	299.508209	28.888784	1031.050171
1.94	300.588257	69.366806	1033.733154
1.95	300.758484	142.908096	1034.217896
1.96	300.478699	-58.59573	1034.145142
1.97	301.136749	-19.852381	1033.966187
1.98	299.131927	20.350805	1034.912598
1.99	298.406616	133.369843	1033.899902
2.0	299.247559	66.0168	1031.113403
2.01	299.350616	93.049171	1032.023315
2.02	302.219513	-22.429939	1033.590088
2.03	298.805847	3.162298	1033.113525
2.04	299.108307	-29.916693	1031.894287
2.05	300.590057	-44.446003	1029.112549
2.06	299.684998	-20.63998	1033.31311
2.07	300.575104	108.060242	1037.012329
2.08	299.283356	337.727753	1039.987427
2.09	301.389648	95.543236	1037.720337
2.1	300.897766	23.019753	1034.676636
2.11	300.344269	-122.578308	1029.06604
2.12	298.692444	-61.677353	1031.065918
2.13	300.136108	9.577214	1032.679077
2.14	301.680908	148.576965	1037.908691
2.15	300.234406	144.334122	1036.883911
2.16	300.312469	-121.022919	1031.575073
2.17	300.537933	-155.869766	1029.140869
2.18	299.853699	22.962683	1029.399658
2.19	300.318878	188.576355	1039.5448
2.2	300.313232	21.462217	1028.754639
2.21	299.83255	27.274675	1032.47229
2.22	299.979645	-28.149216	1031.439331
2.23	302.006622	11.655364	1033.081909
2.24	298.573853	38.096642	1033.356201
2.25	300.84021	229.993729	1037.831787
2.26	299.189758	-286.783234	1026.288696
2.27	300.537933	1.724047	1025.460449
2.28	300.397217	-9.967438	1030.134155
2.29	300.542267	-153.677444	1017.444214
2.3	300.172974	-139.856323	1026.071045
2.31	300.249359	90.776367	1031.001221
2.32	301.529968	209.451782	1042.119263
2.33	299.484985	81.365051	1029.23877
2.34	300.490936	74.777954	1030.999146
2.35	298.034149	209.683289	1033.968018
2.36	299.464325	58.755077	1037.927979
2.37	299.69632	-42.111649	1034.46167
2.38	300.117432	-31.199961	1031.250977
2.39	299.729218	-140.16864	1030.217407
2.4	299.564148	-135.158249	1028.87085
2.41	300.774139	-119.722801	1029.442383
2.42	300.307587	111.808434	1034.269043
2.43	301.004547	-110.118111	1033.150024
2.44	300.063812	103.771278	1034.059204
2.45	298.751282	-116.211937	1026.654419
2.46	300.266968	-138.828018	1028.579102
2.47	300.983398	202.673889	1038.108276
2.48	301.228821	178.772705	1041.199463
2.49	298.726776	-166.013397	1031.893555
2.5	299.579926	-38.239582	1031.86853
2.51	300.438141	117.609596	1037.188232
2.52	299.83847	146.506836	1037.406982
2.53	300.674469	-74.327072	1026.356934
2.54	299.198486	105.957985	1038.593872
2.55	299.545135	-6.251526	1033.2052
2.56	299.800568	-39.479572	1033.943848
2.57	298.725586	79.995338	1035.458862
2.58	300.712128	-27.92507	1033.435059
2.59	297.90686	-7.135422	1031.33252
2.6	301.441467	243.812073	1039.133789
2.61	300.476074	238.769531	1039.505005
2.62	299.42749	-11.905426	1032.304932
2.63	301.635803	-102.501213	1030.107178
2.64	300.751953	-48.592205	1028.785156
2.65	302.57196	117.884697	1037.496948
2.66	301.272156	-30.850237	1028.444092
2.67	300.253448	-160.179245	1027.523804
2.68	300.292297	32.260967	1031.016113
2.69	300.195465	2.855474	1035.406372
2.7	300.185242	75.860809	1032.945557
2.71	301.309357	109.688232	1034.654541
2.72	300.559418	29.200411	1031.800781
2.73	299.276215	-125.640709	1034.887573
2.74	299.622803	6.902402	1032.579102
2.75	298.119385	18.124914	1037.787842
2.76	299.311371	145.165955	1034.541748
2.77	301.028198	64.532051	1030.587402
2.78	300.363678	17.182169	1032.477417
2.79	298.907898	-115.762352	1033.298096
2.8	300.733429	22.773584	1038.352539
2.81	298.511566	93.010963	1035.243652
2.82	299.270355	-123.20459	1029.849731
2.83	299.26413	-107.021797	1024.432251
2.84	300.570892	137.248688	1036.49292
2.85	300.330811	23.616272	1030.284546
2.86	299.69809	-9.47001	1029.955566
2.87	300.125153	-145.641739	1027.326782
2.88	301.659119	34.389317	1037.79541
2.89	299.189758	105.396614	1031.646606
2.9	299.284973	19.11305	1033.090454
2.91	299.557312	-65.267235	1030.856079
2.92	300.363281	-162.338867	1029.676636
2.93	299.132782	110.610748	1035.0271
2.94	299.530884	-42.538132	1032.309692
2.95	299.598877	201.705627	1035.988525
2.96	299.6026	-58.492306	1028.200317
2.97	299.686249	-272.762482	1027.151855
2.98	299.822571	-123.341667	1026.578979
2.99	299.831818	109.737282	1039.98291
3.0	300.259613	35.471455	1035.531616
3.01	298.865631	78.153404	1035.998901
3.02	302.306488	26.20643	1028.282349
3.03	298.834503	-46.173321	1029.592896
3.04	299.0	30.688194	1032.575928
3.05	301.09256	-64.323036	1034.852905
3.06	298.800964	86.387672	1036.480225
3.07	298.674347	-2.515218	1034.496582
3.08	301.364777	-62.237942	1025.807251
3.09	300.615204	132.305771	1036.860718
3.1	298.531799	-30.785934	1030.634399
3.11	298.991058	-165.794968	1031.467285
3.12	299.180573	-349.359161	1020.721375
3.13	300.000549	49.765873	1037.94165
3.14	296.740234	-21.991873	1035.543335
3.15	299.765442	-74.089256	1033.72229
3.16	300.105438	199.83136	1037.372437
3.17	300.944275	-165.450729	1023.931824
3.18	298.308228	77.182426	1032.369385
3.19	299.499908	-133.457947	1022.760437
3.2	301.784882	-32.324718	1030.757568
3.21	301.192291	-250.772903	1021.394836
3.22	302.431549	-25.594706	1029.459351
3.23	300.293274	187.314316	1035.730103
3.24	299.209076	3.365326	1030.045044
3.25	298.694214	-11.538025	1031.914551
3.26	299.788574	72.162498	1036.780029
3.27	300.519806	23.610519	1034.923584
3.28	300.081726	118.179787	1029.708252
3.29	300.786224	-49.057659	1026.635498
3.3	299.291687	151.224258	1035.791504
3.31	299.219696	-172.281082	1021.401855
3.32	298.94458	-45.568081	1026.873413
3.33	299.21228	-14.954381	1033.859009
3.34	300.476379	-47.998459	1035.2146
3.35	300.530334	-60.39043	1029.628174
3.36	300.206879	155.816147	1038.287842
3.37	299.625336	72.953926	1037.406982
3.38	301.64209	-32.073956	1026.62146
3.39	300.549957	-82.673286	1029.342407
3.4	298.839386	36.805275	1033.905884
3.41	300.784332	-207.479202	1030.900635
3.42	298.841675	111.172829	1036.995972
3.43	301.585388	169.911911	1037.675049
3.44	300.759064	-138.90892	1032.083496
3.45	299.980621	22.83639	1031.654053
3.46	298.757477	-117.86396	1031.894653
3.47	299.644623	26.820639	1031.518799
3.48	299.554626	89.120461	1025.617065
3.49	301.229736	-107.158821	1029.154541
3.5	301.206696	-27.203819	1036.287109
3.51	301.402588	-93.817566	1030.622314
3.52	300.485626	73.560593	1033.962524
3.53	299.909973	-6.979904	1038.885132
3.54	300.206207	28.383017	1030.428101
3.55	298.735535	-155.122421	1030.283203
3.56	298.907806	136.503433	1035.652344
3.57	300.819946	-26.053854	1032.474121
3.58	300.096191	-93.576897	1032.639771
3.59	299.706512	266.271698	1040.601685
3.6	299.386414	-59.076553	1028.677979
3.61	298.794495	-94.8461	1031.460815
3.62	299.992432	147.753601	1034.835571
3.63	299.586792	37.903145	1036.103149
3.64	298.04892	18.544384	1032.552979
3.65	301.957153	90.20118	1034.483765
3.66	300.235626	-179.344254	1028.612915
3.67	298.292786	-7.526217	1029.229004
3.68	300.865143	-159.59169	1028.61377
3.69	298.309387	4.8736	1027.956909
3.7	300.498444	46.211578	1032.253418
3.71	300.406464	181.594849	1033.974731
3.72	298.274475	-16.860588	1028.635132
3.73	302.347717	200.823013	1037.182007
3.74	301.02356	57.527058	1033.969727
3.75	297.609467	-133.699905	1031.956543
3.76	301.162842	227.41893	1040.572388
3.77	300.343048	98.384529	1033.923828
3.78	300.781738	71.623833	1034.826904
3.79	300.112061	293.246613	1032.227539
3.8	300.639832	-121.855568	1029.531128
3.81	298.678253	10.284943	1025.058716
3.82	298.392273	-119.280113	1036.078491
3.83	301.45932	-1.226433	1034.14917
3.84	300.186035	34.945225	1033.226562
3.85	299.749237	-245.287704	1030.157959
3.86	300.891968	106.542229	1031.759277
3.87	299.87262	56.260471	1037.182861
3.88	301.050476	-181.186035	1030.647095
3.89	301.27832	-41.921223	1031.972046
3.9	300.456726	-168.61174	1029.229736
3.91	298.484009	-18.329859	1034.708984
3.92	297.835297	79.612076	1037.35791
3.93	299.937592	-101.814453	1030.876953
3.94	300.470978	-113.788879	1029.52002
3.95	298.075073	16.499111	1028.890991
3.96	299.979462	189.993332	1039.576294
3.97	299.435516	207.214478	1039.159058
3.98	300.164185	141.097778	1034.803711
3.99	302.006714	110.429985	1034.350464
4.0	299.98349	65.359245	1033.812134
4.01	302.027222	-239.224442	1032.476562
4.02	300.440186	-23.528051	1032.908325
4.03	300.373383	86.455841	1028.293701
4.04	304.038879	100.022972	1037.863647
4.05	300.694977	156.284988	1037.60437
4.06	299.882385	69.883797	1033.260376
4.07	300.172607	-253.882675	1026.392822
4.08	301.392883	12.642331	1032.393799
4.09	299.820343	144.001968	1039.705078
4.1	300.58371	42.775036	1036.128052
4.11	300.792755	86.063164	1033.875366
4.12	299.466064	161.06131	1033.181519
4.13	299.36795	-104.070824	1032.568604
4.14	301.152222	26.261078	1036.95752
4.15	299.368439	-84.185555	1030.426025
4.16	299.824799	27.969732	1034.89209
4.17	299.263947	113.75808	1040.023438
4.18	300.708649	-85.278282	1028.168091
4.19	302.835205	29.921961	1031.032349
4.2	299.332397	39.44521	1035.389282
4.21	300.547272	-86.008942	1026.426147
4.22	298.86618	281.806671	1038.491943
4.23	302.6651	33.053635	1035.050049
4.24	300.327423	2.409963	1029.209961
4.25	301.388336	-207.790695	1027.53833
4.26	300.841888	-162.177811	1030.156982
4.27	300.891754	-80.996284	1030.192871
4.28	299.064087	252.264481	1037.650879
4.29	300.997467	-16.859167	1029.266113
4.3	300.918518	-84.183769	1028.937622
4.31	298.777344	-139.503326	1031.358276
4.32	301.426697	-239.676376	1032.542358
4.33	300.403748	-189.794022	1032.779663
4.34	300.205048	29.979027	1033.936279
4.35	299.861664	76.087883	1039.528687
4.36	299.765076	146.255508	1033.795654
4.37	298.224884	-45.864407	1031.55249
4.38	299.838928	219.1604	1037.836792
4.39	299.481873	10.442756	1037.207397
4.4	298.115082	-58.265156	1032.402954
4.41	301.443512	25.117243	1028.072876
4.42	299.400269	49.735714	1026.407349
4.43	300.678284	-71.195419	1034.559082
4.44	300.12738	31.564451	1033.148682
4.45	300.651154	-39.242859	1035.901978
4.46	299.910187	-37.897213	1028.234253
4.47	300.620941	9.05516	1033.136475
4.48	299.254639	17.785702	1027.631592
4.49	299.681152	-64.571953	1034.046997
4.5	300.128418	122.769569	1035.30188
4.51	300.100464	139.92775	1036.93042
4.52	299.271088	-95.099159	1030.936768
4.53	301.925079	58.845871	1029.082764
4.54	299.321136	-33.159576	1031.502075
4.55	300.179596	-388.946869	1022.333618
4.56	300.33255	-58.087337	1026.67688
4.57	299.270081	45.60561	1031.353027
4.58	300.086243	33.148289	1036.053467
4.59	300.665344	83.436806	1031.042236
4.6	296.658356	-112.540955	1031.29187
4.61	299.760651	23.703369	1035.566895
4.62	301.72995	0.576035	1030.581299
4.63	298.633423	180.798401	1035.871338
4.64	300.115692	-220.447525	1026.781006
4.65	299.533295	50.184437	1034.543823
4.66	300.89386	-7.469698	1033.156982
4.67	301.355652	-59.481243	1035.456299
4.68	298.525574	-155.033554	1028.394287
4.69	300.604126	-59.92786	1028.335449
4.7	299.86673	225.90802	1037.036621
4.71	298.6138	109.501801	1033.377075
4.72	299.422913	0.746047	1032.234253
4.73	299.427826	14.202182	1035.917969
4.74	299.283142	78.910469	1036.469727
4.75	301.12738	234.705521	1045.977905
4.76	301.354858	-10.124927	1030.368408
4.77	300.037842	-164.583191	1026.781006
4.78	300.737061	138.654922	1033.953369
4.79	300.249725	3.630442	1037.175659
4.8	299.459106	166.983963	1035.995239
4.81	300.242584	5.730447	1036.030518
4.82	298.051727	-15.818779	1024.750732
4.83	300.480865	-195.00354	1022.146667
4.84	300.517578	33.380177	1037.634888
4.85	299.172272	-6.859539	1032.438232
4.86	297.571106	-54.858875	1032.000977
4.87	301.684296	19.384645	1029.587036
4.88	300.955139	89.013329	1033.6698
4.89	299.174652	-57.150707	1030.47168
4.9	300.454346	-24.750877	1028.098389
4.91	300.869965	-73.211418	1028.053589
4.92	300.108795	162.423203	1036.465576
4.93	300.455658	161.99826	1038.178345
4.94	301.319519	45.598339	1033.067505
4.95	300.528564	-69.745872	1027.544678
4.96	299.679504	-122.282509	1031.802368
4.97	299.815643	-214.23378	1024.061401
4.98	299.76886	77.1549	1037.531494
4.99	300.189148	-54.099804	1031.189087
5.0	301.651794	98.734886	1033.282227
5.01	300.711365	217.994675	1042.816406
5.02	299.069122	-17.243402	1030.954224
5.03	301.112701	0.508779	1030.626709
5.04	301.325897	-110.173668	1028.263794
5.05	300.301117	67.21228	1039.320923
5.06	300.889435	109.547264	1032.686279
5.07	297.922974	-212.220963	1031.36145
5.08	299.909424	-31.523712	1029.743774
5.09	302.390472	-100.712029	1029.12207
5.1	298.558441	58.4958	1034.352295
5.11	300.69751	179.684448	1037.920654
5.12	299.510101	-54.580311	1030.806641
5.13	298.997925	28.04141	1032.24707
5.14	301.851318	-83.277939	1028.581787
5.15	299.676392	-18.473963	1033.294189
5.16	296.857849	156.939316	1036.141602
5.17	299.618652	-52.453033	1028.467896
5.18	300.014252	-49.410206	1032.5
5.19	299.506561	57.353607	1034.199463
5.2	300.951782	-137.880325	1033.55603
5.21	299.084229	-4.979655	1029.182983
5.22	300.670013	-51.894882	1032.454712
5.23	301.071503	135.415726	1037.213379
5.24	299.710297	111.810341	1040.648438
5.25	299.392822	-59.328396	1032.658569
5.26	298.074493	254.230225	1035.917725
5.27	299.737946	-35.405952	1032.838867
5.28	302.368683	39.548634	1031.165161
5.29	299.592438	-48.257278	1030.248779
5.3	301.384766	282.364594	1039.795898
5.31	299.724731	212.939209	1036.369873
5.32	300.113556	12.813518	1040.275513
5.33	301.319305	67.853523	1031.755005
5.34	300.194214	200.455261	1035.980713
5.35	301.531189	-240.029541	1024.410645
5.36	300.238892	16.662489	1031.543701
5.37	299.832672	-204.586166	1031.533081
5.38	298.851349	-118.6633	1031.936035
5.39	299.316864	-104.96917	1034.062988
5.4	299.515747	36.367062	1028.802002
5.41	300.410583	-63.560791	1029.738159
5.42	301.663635	1.180511	1034.082153
5.43	300.514801	107.099266	1037.295532
5.44	300.178955	17.290045	1029.628662
5.45	298.655273	194.795349	1042.604248
5.46	299.59729	20.148275	1032.665283
5.47	300.774231	49.56287	1031.075073
5.48	298.928558	151.905838	1037.520996
5.49	299.160919	171.296432	1043.092651
5.5	299.254974	303.995453	1040.424927
5.51	300.897797	74.742363	1031.239624
5.52	299.063141	121.041718	1037.206665
5.53	299.958038	-92.704346	1029.499634
5.54	300.284515	-223.3582	1026.56543
5.55	299.479218	92.004997	1032.221191
5.56	299.998993	138.146942	1039.061157
5.57	300.973145	-30.442627	1029.613037
5.58	299.260101	-17.885612	1031.211914
5.59	298.700867	-38.690907	1028.453613
5.6	299.656525	-45.986465	1025.901611
5.61	298.517792	29.192726	1030.630859
5.62	298.601105	72.805695	1034.955078
5.63	301.599518	-0.659392	1031.171509
5.64	297.394714	81.645302	1032.588379
5.65	300.902679	-3.952256	1025.568237
5.66	299.256165	-177.164429	1030.228271
5.67	300.434814	-125.652596	1031.262939
5.68	298.316254	78.510994	1029.014771
5.69	301.150604	-16.373735	1037.365234
5.7	299.733337	-153.277756	1027.22168
5.71	300.752045	28.211332	1032.431396
5.72	300.35788	-54.287354	1030.995483
5.73	300.834717	-30.062063	1033.790649
5.74	300.447266	40.450657	1032.413574
5.75	301.263	74.758507	1029.820068
5.76	302.76416	55.625195	1033.983521
5.77	299.046326	203.753662	1033.537842
5.78	299.142883	151.949356	1031.799927
5.79	301.52829	41.528835	1040.237305
5.8	298.145569	-88.990501	1031.279053
5.81	299.460815	-283.916809	1026.900879
5.82	299.601868	6.84253	1035.97998
5.83	302.157227	-152.205124	1035.474121
5.84	298.311249	-31.428034	1032.601685
5.85	298.793457	51.087749	1030.913086
5.86	299.391174	138.192154	1037.163818
5.87	298.853577	-46.739628	1033.735107
5.88	300.713684	-45.804424	1032.193237
5.89	300.960449	40.918209	1031.06189
5.9	300.312653	233.29364	1041.366699
5.91	300.04776	28.799606	1033.564819
5.92	300.012726	-37.838318	1032.364258
5.93	300.634979	-242.543579	1023.433655
5.94	300.104767	-136.517715	1027.591919
5.95	297.59082	-22.567675	1032.301514
5.96	300.118439	218.341263	1035.706787
5.97	301.36203	-82.981079	1028.145264
5.98	299.803162	189.063187	1033.586182
5.99	300.166565	203.347961	1032.975708
6.0	298.339539	72.280144	1028.570312
6.01	299.598816	-168.234268	1031.122681
6.02	299.743439	173.027954	1037.13208
6.03	298.262665	75.901878	1035.190063
6.04	299.703827	-76.692757	1032.143799
6.05	300.730377	-68.241516	1031.154053
6.06	299.856171	42.629147	1034.492432
6.07	300.381714	14.758471	1033.610107
6.08	301.892303	11.337712	1031.637329
6.09	300.081238	55.790661	1033.927856
6.1	301.776306	44.892456	1032.598145
6.11	299.708221	-25.646296	1034.300537
6.12	300.820618	147.485596	1037.549927
6.13	300.699677	0.105199	1035.009033
6.14	299.488159	53.448872	1037.896362
6.15	300.774841	-237.469894	1029.062988
6.16	299.156616	-154.391327	1031.085449
6.17	301.770752	-168.363342	1026.821899
6.18	299.613098	-24.488388	1034.641724
6.19	300.306793	8.911275	1032.870728
6.2	300.260162	151.106857	1037.167847
6.21	301.012573	-53.321896	1029.698975
6.22	300.663055	-19.967331	1029.797852
6.23	300.524536	-19.983154	1033.558105
6.24	300.061798	49.391922	1034.971313
6.25	299.515503	-223.340408	1022.315796
6.26	298.005219	-121.803772	1029.968018
6.27	301.434052	-36.09016	1033.500854
6.28	298.735291	-159.807922	1032.001221
6.29	300.90036	61.446377	1029.667969
6.3	300.790863	36.057709	1032.095703
6.31	298.029572	-43.343021	1030.624023
6.32	301.883453	2.251326	1027.772827
6.33	299.922241	-36.067657	1030.653931
6.34	299.625885	-46.748013	1033.663208
6.35	300.081848	81.27681	1034.900269
6.36	299.137634	15.855443	1031.046753
6.37	298.777863	78.752144	1034.424316
6.38	301.071198	-145.852585	1023.877441
6.39	298.286499	48.59129	1028.656372
6.4	301.230042	172.959061	1037.024414
6.41	299.184021	-132.504868	1032.772217
6.42	299.331451	207.466919	1039.97168
6.43	299.595184	47.972157	1027.853027
6.44	298.918274	93.967918	1033.133789
6.45	302.59198	68.04287	1034.939331
6.46	298.721588	0.972847	1031.556519
6.47	298.129181	-15.124939	1028.523926
6.48	301.91864	-131.631729	1032.201416
6.49	300.472748	-43.444855	1033.113525
6.5	301.405609	-72.900398	1031.328247
6.51	300.375763	-36.269367	1029.166504
6.52	299.880981	92.4058	1032.794556
6.53	299.458923	101.898354	1035.40686
6.54	300.273651	-27.639351	1031.154053
6.55	300.313538	-78.096886	1024.594971
6.56	299.904175	-32.2868	1029.247314
6.57	301.314575	67.894844	1034.2677
6.58	300.477539	-76.62088	1035.054932
6.59	300.287567	-135.843842	1021.466003
6.6	300.840729	-124.530701	1030.539917
6.61	299.609039	39.956478	1034.90271
6.62	300.994537	35.300381	1035.649414
6.63	301.311951	198.427856	1039.217285
6.64	299.963135	89.678947	1031.953613
6.65	300.812744	64.291557	1036.494629
6.66	298.705475	33.396503	1036.312744
6.67	299.61554	13.978897	1034.268311
6.68	301.882416	279.832855	1043.934326
6.69	300.052216	-92.014282	1029.32312
6.7	299.137543	182.919266	1035.60498
6.71	297.759064	66.324692	1036.086304
6.72	298.64917	174.579025	1033.799316
6.73	299.813599	81.170181	1034.725586
6.74	297.91629	116.135292	1033.543213
6.75	299.783569	-59.558823	1027.72998
6.76	301.225006	104.870789	1034.476318
6.77	300.920868	185.731308	1031.734253
6.78	300.467926	-16.111712	1026.643066
6.79	297.636108	-133.491165	1027.725464
6.8	298.498932	-1.486219	1026.943848
6.81	300.05777	54.797516	1031.169189
6.82	300.191528	105.987068	1036.366089
6.83	300.338013	98.500885	1035.844971
6.84	300.237823	-29.540331	1029.749268
6.85	299.01236	-137.523499	1025.500244
6.86	301.436249	-99.447968	1031.496216
6.87	300.098999	-33.634426	1034.766724
6.88	298.662262	109.57373	1030.808228
6.89	301.516052	-180.956421	1024.601929
6.9	300.514954	-60.051327	1028.140015
6.91	300.353394	189.859665	1040.40625
6.92	300.867798	256.772491	1042.069702
6.93	299.931824	-56.157867	1030.112427
6.94	300.439056	-52.013439	1031.673462
6.95	299.232666	94.160225	1035.956177
6.96	303.317261	-26.591089	1030.942627
6.97	300.107758	42.858734	1033.538696
6.98	300.558899	-41.099121	1030.342651
6.99	300.438385	122.653816	1031.283936
7.0	299.628387	-168.895676	1027.154419
7.01	300.555267	-23.061691	1035.393433
7.02	299.791199	-235.062683	1027.094971
7.03	300.483856	-253.50853	1025.288818
7.04	299.290802	-211.397827	1030.863159
7.05	299.008972	2.973346	1035.122437
7.06	299.825684	-142.20015	1029.629517
7.07	299.746002	85.199928	1037.436157
7.08	300.073822	-57.155865	1033.494507
7.09	300.13739	-92.657051	1029.102051
7.1	300.549408	-102.927208	1031.49646
7.11	302.227905	-110.213615	1029.326294
7.12	299.957214	-125.9076	1029.357056
7.13	303.750977	81.73558	1035.022095
7.14	298.707825	114.174988	1033.913086
7.15	301.606628	325.895508	1035.25061
7.16	298.79187	187.306839	1037.08252
7.17	299.735474	-244.883957	1027.16748
7.18	299.829895	218.554977	1034.921387
7.19	299.318268	4.49854	1034.357056
7.2	299.764252	111.910301	1037.803833
7.21	299.789551	121.357445	1040.546753
7.22	299.890259	180.41095	1039.753418
7.23	299.622467	188.927231	1039.192627
7.24	299.41571	237.015991	1032.375122
7.25	301.077881	-132.55571	1033.433472
7.26	300.571259	244.63765	1040.191406
7.27	300.140259	124.301323	1031.921997
7.28	302.040039	-63.382404	1034.674805
7.29	301.357666	18.784628	1032.142456
7.3	300.976532	148.359314	1032.646729
7.31	301.161102	-11.153476	1027.992432
7.32	300.789307	91.550865	1036.655884
7.33	298.134308	-32.958813	1032.662842
7.34	300.197021	44.10939	1035.50647
7.35	300.391693	54.751125	1035.977173
7.36	300.09259	27.562494	1030.129883
7.37	300.823334	-163.433487	1029.782715
7.38	300.059418	152.074112	1032.710205
7.39	301.387634	209.508865	1037.921509
7.4	298.321442	36.102207	1035.892822
7.41	300.593658	-9.873912	1029.429932
7.42	299.365356	-34.701542	1027.847412
7.43	299.633453	54.051189	1031.169434
7.44	299.00177	-202.905319	1027.59436
7.45	298.849121	-261.999542	1028.333618
7.46	300.411011	56.451797	1036.137451
7.47	299.78064	6.571828	1032.090942
7.48	300.621979	-8.2146	1031.537109
7.49	299.341827	-103.560783	1030.526611
7.5	300.727051	-52.885773	1033.830566
7.51	297.774567	-56.556515	1031.841797
7.52	299.448761	11.198697	1031.66626
7.53	300.107513	105.606812	1034.11499
7.54	299.322571	96.051765	1034.37207
7.55	300.042511	-78.098015	1033.035767
7.56	300.10788	-48.41103	1034.425903
7.57	301.251831	-21.384514	1035.446045
7.58	302.182343	27.181677	1031.41272
7.59	300.76181	-15.293918	1038.266724
7.6	300.449799	308.523224	1047.457764
7.61	301.897003	149.44873	1031.886963
7.62	301.09787	-80.836334	1028.432495
7.63	300.154602	-174.906418	1027.391113
7.64	298.810242	232.05249	1040.19812
7.65	299.899719	176.834549	1042.514526
7.66	299.987915	-85.867027	1026.111694
7.67	298.615784	27.831099	1026.838501
7.68	299.692444	-61.482861	1034.801147
7.69	298.966888	-55.687168	1034.578003
7.7	300.003815	107.235199	1037.129272
7.71	300.291168	230.500412	1037.61377
7.72	303.117432	91.694641	1038.316528
7.73	300.204163	-68.814056	1032.810425
7.74	298.855896	97.124939	1035.69812
7.75	298.214569	357.729401	1044.734497
7.76	300.145081	12.859271	1033.392578
7.77	301.700317	48.411144	1039.667603
7.78	299.630707	-118.467598	1035.524902
7.79	300.096863	25.58342	1031.811401
7.8	301.044342	-46.641872	1025.261353
7.81	301.269287	113.151947	1030.846191
7.82	301.473267	55.1199	1036.779541
7.83	298.267426	-25.655533	1035.859497
7.84	301.458435	87.605263	1028.826904
7.85	300.415619	11.121087	1028.709351
7.86	298.867706	23.039961	1034.365356
7.87	299.847473	-9.459324	1028.802734
7.88	301.783356	-95.280952	1026.696167
7.89	299.095276	48.664684	1031.970947
7.9	299.102997	-64.418785	1030.525513
7.91	297.546844	-143.703568	1032.824219
7.92	299.871246	258.341675	1036.721558
7.93	299.399353	121.83654	1029.99646
7.94	299.474762	35.980164	1029.019409
7.95	299.679443	26.771261	1031.116821
7.96	299.159088	-35.865257	1027.457886
7.97	299.234985	48.598118	1040.114868
7.98	299.807312	174.484558	1034.408325
7.99	300.151764	-106.592773	1032.074097
8.0	301.062134	-25.016825	1032.727539
8.01	300.480927	36.483898	1038.739746
8.02	300.816193	83.706505	1033.681519
8.03	299.585236	15.811345	1031.803467
8.04	299.507812	-75.278687	1036.306152
8.05	299.982697	97.99102	1032.986816
8.06	300.751923	16.533113	1032.292969
8.07	301.325836	-130.432297	1028.557617
8.08	301.35611	-33.592213	1031.643433
8.09	299.48996	179.010376	1032.404785
8.1	299.699036	78.338478	1031.931641
8.11	302.216766	160.644775	1033.070679
8.12	301.03949	4.369355	1030.563721
8.13	299.206757	-30.241816	1030.777466
8.14	300.907593	61.547939	1035.030884
8.15	299.4375	-69.456993	1032.51416
8.16	298.794373	-141.054459	1025.967041
8.17	301.34375	23.511566	1033.783569
8.18	300.018341	-47.460514	1029.701538
8.19	299.232056	-97.066505	1031.593994
8.2	300.705048	-49.594639	1034.086548
8.21	300.896851	46.933674	1026.920654
8.22	300.949707	-61.402222	1024.026855
8.23	300.213318	67.452782	1033.342163
8.24	300.32196	-119.806908	1028.362061
8.25	299.479767	110.088989	1036.819092
8.26	300.34848	-88.770599	1036.064453
8.27	300.430725	-35.69363	1028.993042
8.28	300.104065	37.191292	1032.865479
8.29	299.933624	-104.18457	1030.158569
8.3	299.10791	26.996887	1028.869263
8.31	300.540588	-69.642609	1034.26062
8.32	297.631775	75.621155	1034.309692
8.33	299.381805	-144.73761	1027.129639
8.34	300.808807	26.071398	1033.751099
8.35	300.575623	-240.152573	1028.384521
8.36	299.320709	115.902428	1033.36499
8.37	296.725586	-83.77597	1034.148071
8.38	300.913818	-21.330973	1042.781128
8.39	299.12027	41.480721	1028.038696
8.4	300.582855	122.835823	1031.615479
8.41	300.030212	352.83493	1041.585205
8.42	301.088226	106.288582	1034.560425
8.43	299.628113	74.095062	1036.775269
8.44	299.663788	59.633179	1039.818726
8.45	300.401306	118.166115	1032.145386
8.46	300.78891	126.748924	1034.909424
8.47	301.008057	127.551453	1036.259644
8.48	300.961029	5.939703	1033.735107
8.49	300.661682	85.560661	1036.486694
8.5	300.649231	-144.994507	1027.594116
8.51	300.016907	70.837746	1035.948486
8.52	298.879883	-348.473267	1025.928101
8.53	299.570099	84.042023	1035.821533
8.54	300.582306	239.040848	1036.444946
8.55	298.651337	171.636169	1038.151978
8.56	300.177856	51.728352	1037.941406
8.57	299.960297	-1.197311	1031.125
8.58	300.714813	-142.279678	1027.104248
8.59	300.357666	-78.901093	1034.705322
8.6	300.056305	40.994564	1035.488892
8.61	299.569214	-31.238325	1026.485474
8.62	299.411713	-11.735569	1032.694092
8.63	299.532379	-194.220261	1026.774902
8.64	302.170471	-145.541504	1029.328369
8.65	300.202881	135.132172	1033.109619
8.66	299.821228	-26.856867	1038.851318
8.67	299.558807	43.632172	1032.677979
8.68	301.243774	376.497528	1039.212769
8.69	298.311432	17.106451	1031.883911
8.7	299.121185	63.468445	1035.496826
8.71	300.262115	-147.234055	1027.813721
8.72	299.969757	-99.547447	1030.319336
8.73	301.50882	-102.1334	1030.264404
8.74	299.189728	193.106705	1037.866333
8.75	301.458435	56.994171	1037.303345
8.76	298.570923	13.061367	1034.781372
8.77	297.982269	-157.138428	1028.381348
8.78	302.636597	-106.685913	1026.718872
8.79	299.519348	-209.519897	1025.056885
8.8	299.066833	-33.506218	1028.048462
8.81	299.151093	-119.186363	1030.372314
8.82	298.463257	-160.531342	1029.433105
8.83	300.170013	225.268509	1036.083618
8.84	299.617126	73.781586	1031.096069
8.85	299.526581	6.311526	1038.647461
8.86	299.665039	-60.179138	1028.439575
8.87	296.699005	81.900932	1027.421997
8.88	300.625275	59.965031	1033.701782
8.89	299.580139	40.845135	1031.687378
8.9	299.305359	-77.797447	1035.291748
8.91	301.088684	84.161568	1035.29541
8.92	300.247284	-211.575027	1024.652954
8.93	298.951935	-169.50441	1031.664185
8.94	299.27301	95.072235	1036.804688
8.95	301.173584	-70.912407	1032.400024
8.96	300.048096	104.955055	1027.894165
8.97	299.544189	45.973469	1033.757812
8.98	300.527344	-14.976093	1030.776123
8.99	298.687744	71.638184	1038.290283
9.0	299.803162	-148.781799	1029.355713
9.01	298.184296	5.151375	1036.429688
9.02	299.858337	-160.350296	1026.065796
9.03	298.749298	-236.223923	1031.155273
9.04	300.560638	34.267712	1034.953125
9.05	301.445129	82.835991	1031.991211
9.06	302.656403	102.192596	1035.773438
9.07	298.612701	153.672348	1035.080322
9.08	300.423492	-0.094917	1040.155151
9.09	300.311798	86.924812	1034.688721
9.1	299.419464	169.810135	1031.362061
9.11	298.246948	-119.000244	1025.483887
9.12	298.764099	-295.016022	1025.369141
9.13	299.463776	27.690369	1029.774292
9.14	301.025024	154.46991	1033.414917
9.15	297.902679	-5.632755	1036.408081
9.16	300.796631	-112.578979	1034.456055
9.17	299.584198	172.989182	1039.854736
9.18	299.946472	-105.900642	1033.582886
9.19	299.692047	-27.707169	1030.986572
9.2	300.558258	-95.849426	1028.937866
9.21	300.431732	128.678787	1035.911255
9.22	300.598755	254.757126	1038.228149
9.23	299.148804	-119.235954	1024.413574
9.24	299.730042	-37.652027	1029.843262
9.25	300.697388	-23.104586	1030.644897
9.26	300.130615	120.880013	1034.003052
9.27	299.321716	182.538635	1035.399414
9.28	301.199005	-180.294556	1029.786377
9.29	302.681793	81.02774	1031.260498
9.3	300.658875	91.108177	1032.474976
9.31	300.140442	16.461958	1033.447876
9.32	300.178864	-53.679966	1033.782471
9.33	300.710266	-31.007765	1032.747681
9.34	297.829132	-154.691849	1031.877075
9.35	298.918671	-168.887619	1027.5177
9.36	301.252472	-255.990601	1024.498901
9.37	298.983765	-204.07106	1029.06897
9.38	299.582611	-160.177063	1031.206177
9.39	299.956116	188.275223	1037.06665
9.4	299.004364	32.477535	1028.148438
9.41	299.157715	-10.501175	1026.71167
9.42	300.972839	60.143433	1040.981079
9.43	299.466431	-19.152445	1033.594604
9.44	301.67691	162.57869	1036.62085
9.45	300.850494	100.57357	1035.511597
9.46	299.537689	114.266693	1035.232178
9.47	298.366608	-39.627796	1032.711792
9.48	300.12561	87.825806	1031.616089
9.49	300.225739	-14.02863	1031.97229
9.5	301.259277	26.003992	1033.114136
9.51	299.204193	122.95739	1027.963623
9.52	299.434906	25.936472	1032.929321
9.53	300.840118	-29.706083	1034.575073
9.54	297.812714	-32.498913	1032.643188
9.55	301.796906	209.732925	1038.084961
9.56	301.519958	-52.94696	1028.779541
9.57	299.541962	-139.681198	1030.647339
9.58	300.58905	-99.349648	1029.845581
9.59	300.574951	20.277681	1029.775024
9.6	298.879944	120.96701	1037.927124
9.61	301.342163	1.711919	1035.307495
9.62	301.646179	196.923843	1038.29541
9.63	299.238556	-13.54495	1030.845947
9.64	300.43158	166.751328	1035.762939
9.65	299.809479	-117.879478	1031.633301
9.66	299.187347	25.182547	1030.070435
9.67	299.686005	12.943603	1037.729614
9.68	301.493774	162.523788	1034.576904
9.69	300.99765	-83.999435	1028.69397
9.7	298.842255	-22.143799	1028.202393
9.71	300.208679	7.4037	1036.503174
9.72	300.716705	32.980244	1039.515503
9.73	301.908264	52.128845	1030.898315
9.74	300.49295	37.756855	1031.691772
9.75	298.773621	52.767986	1029.359131
9.76	300.410095	77.005348	1033.425659
9.77	298.24115	112.906555	1037.327515
9.78	298.880005	-183.62352	1031.351685
9.79	301.740601	196.575363	1035.615479
9.8	300.498352	191.262207	1040.106934
9.81	299.153992	12.105771	1029.763184
9.82	302.672638	-44.04842	1023.169861
9.83	301.189697	-61.423145	1033.740479
9.84	300.633911	28.877863	1033.20813
9.85	299.480804	29.296083	1033.748901
9.86	298.430939	-143.792343	1025.028931
9.87	299.934296	-186.608765	1036.386353
9.88	299.891449	314.769562	1034.310913
9.89	300.881592	-51.165466	1032.894653
9.9	299.625092	82.252495	1034.663086
9.91	297.623383	72.658028	1037.493408
9.92	299.860107	-219.35112	1029.465942
9.93	301.509735	-134.238358	1030.3573
9.94	299.894562	-18.799263	1027.846924
9.95	301.792206	69.790405	1037.624146
9.96	299.899994	62.874237	1030.417725
9.97	300.905945	94.299873	1039.802368
9.98	301.0047	-14.89888	1031.887451
9.99	299.974518	-84.346016	1035.831177
10.0	299.390045	39.660187	1031.582275
10.01	299.954681	-215.949844	1028.563232
10.02	301.021149	-130.688477	1029.637207
10.03	298.631866	64.588898	1035.706787
10.04	300.138397	211.949081	1039.586426
10.05	300.037933	49.966969	1033.179077
10.06	297.531433	-62.834881	1031.902832
10.07	298.894989	16.943922	1028.644531
10.08	299.472076	123.070824	1032.681519
10.09	300.898346	-31.901804	1031.533569
10.1	301.652832	19.021912	1033.547485
10.11	300.970184	100.071648	1036.11438
10.12	298.570251	65.99411	1036.278809
10.13	299.028046	84.831734	1030.46521
10.14	300.54007	124.277321	1031.515869
10.15	300.02356	-1.264448	1036.614502
10.16	301.173492	-8.055763	1031.88562
10.17	300.248505	37.200165	1031.752319
10.18	300.76709	119.649841	1034.887573
10.19	301.096466	27.256338	1035.068848
10.2	299.110962	60.425625	1039.75
10.21	298.669678	-43.964447	1032.003174
10.22	300.105377	-19.481989	1034.16748
10.23	299.8479	147.049026	1041.186401
10.24	301.552429	-102.49305	1027.858032
10.25	297.606415	46.188351	1026.019897
10.26	299.838593	132.107834	1034.725342
10.27	300.444855	212.820663	1038.721436
10.28	301.357208	105.87986	1035.856201
10.29	299.986053	-2.708133	1030.607788
10.3	298.809326	20.882898	1030.577271
10.31	300.386719	10.81195	1030.219849
10.32	300.47287	-59.260071	1028.27417
10.33	300.413422	-43.343555	1024.614746
10.34	301.244843	-23.900839	1026.324951
10.35	300.232605	195.243088	1041.017578
10.36	298.155182	90.858887	1033.289551
10.37	299.700226	44.920971	1036.914917
10.38	301.163483	-50.492634	1032.560181
10.39	300.734558	222.366165	1030.990356
10.4	298.831177	-65.95517	1035.012939
10.41	301.355347	-92.943672	1033.269165
10.42	297.956238	9.137291	1032.168823
10.43	300.564575	59.985859	1040.893188
10.44	300.285309	-81.319557	1029.34082
10.45	301.328064	-73.922134	1030.983154
10.46	301.955322	65.181252	1031.810669
10.47	300.865967	-79.448837	1037.496948
10.48	299.438049	5.708824	1033.447632
10.49	300.704285	-130.608994	1028.74292
10.5	300.768524	184.956253	1033.823608
10.51	300.003235	-62.267323	1028.937378
10.52	299.963806	-24.122892	1031.767578
10.53	300.044464	-9.792415	1031.162964
10.54	301.914612	-50.839916	1031.248535
10.55	298.152649	-41.607494	1029.671631
10.56	299.175049	-13.249627	1035.484131
10.57	299.671783	150.791946	1033.683105
10.58	300.897095	140.710342	1037.848389
10.59	300.895905	49.646973	1033.578735
10.6	297.831268	-143.441147	1035.43335
10.61	300.412689	261.548615	1033.857422
10.62	299.345734	135.945801	1040.555054
10.63	300.642273	-135.339874	1028.803711
10.64	300.769958	-238.337723	1031.582886
10.65	300.123138	205.725082	1041.385132
10.66	299.892181	-80.790161	1032.705444
10.67	299.761902	184.323624	1033.529907
10.68	300.936096	52.854919	1039.72229
10.69	300.163055	-98.461388	1032.39917
10.7	299.610687	109.039848	1036.490112
10.71	299.894226	77.291496	1034.690918
10.72	300.13562	172.406845	1042.221313
10.73	302.27356	-11.166196	1035.510742
10.74	300.018555	35.977009	1029.551025
10.75	301.115845	43.981152	1033.952271
10.76	298.331787	11.916219	1037.000854
10.77	300.255402	-159.932571	1033.891235
10.78	299.992249	11.04555	1027.035645
10.79	298.979675	64.529945	1032.133667
10.8	299.975311	-3.695048	1033.119385
10.81	301.435028	89.558235	1035.796631
10.82	297.815369	-23.629862	1033.437988
10.83	301.137787	-174.363571	1027.389526
10.84	300.557617	-56.934002	1025.966797
10.85	301.164124	-166.379654	1030.77478
10.86	300.86441	-13.630376	1034.586792
10.87	300.35788	88.061127	1035.118164
10.88	300.982635	183.653687	1038.7677
10.89	300.180237	80.04464	1032.271484
10.9	300.896576	98.749016	1035.367065
10.91	299.856903	96.795921	1037.094604
10.92	299.517517	38.584648	1039.274048
10.93	300.630615	41.585972	1035.091431
10.94	301.092377	-176.115921	1028.48645
10.95	300.251007	-158.236588	1030.202881
10.96	300.084595	-45.809265	1030.9729
10.97	298.37146	-115.455528	1034.586548
10.98	298.834045	131.759338	1033.41748
10.99	300.204956	27.984619	1030.603271
11.0	299.00946	-255.519821	1025.942627
11.01	300.425568	15.54658	1031.77478
11.02	300.223572	-43.805233	1030.043091
11.03	300.812134	-226.658035	1026.884766
11.04	301.281433	-6.939791	1032.129883
11.05	300.557617	116.939545	1033.511475
11.06	302.374847	195.351852	1036.536621
11.07	300.669556	-56.141949	1033.070435
11.08	300.544373	59.243134	1035.313721
11.09	299.493286	-68.465614	1034.863403
11.1	301.266144	-42.091282	1026.625122
11.11	301.42627	-145.283188	1028.091309
11.12	300.061249	-211.12706	1026.192383
11.13	300.921631	90.737732	1034.884033
11.14	297.796295	36.821693	1039.334106
11.15	299.893982	-47.88689	1027.644531
11.16	298.945831	213.787796	1042.235107
11.17	299.745483	87.294701	1035.1604
11.18	299.260223	252.307053	1038.278198
11.19	299.504395	204.533859	1042.115967
11.2	300.882111	135.217468	1038.293213
11.21	299.614258	-88.14785	1027.331299
11.22	301.589081	-139.084702	1024.823853
11.23	299.826416	50.027897	1028.933105
11.24	300.114258	36.172222	1034.396973
11.25	300.535522	-6.320892	1026.13916
11.26	300.16037	206.677368	1036.039062
11.27	299.981049	-112.718147	1033.765991
11.28	298.695831	4.650271	1028.441406
11.29	298.887817	4.956572	1033.717529
11.3	298.918579	-64.373177	1029.379517
11.31	300.42865	57.290955	1032.600586
11.32	302.320221	14.683751	1029.425537
11.33	299.976776	28.270178	1036.986694
11.34	299.869385	-43.468597	1029.872314
11.35	299.983185	-44.102337	1036.748535
11.36	300.034637	-130.244904	1030.686157
11.37	299.634766	-25.555792	1029.07666
11.38	298.846375	84.06562	1034.107178
11.39	297.55719	-67.061897	1032.701172
11.4	300.125946	-117.288124	1023.912659
11.41	300.852509	-67.744705	1028.348633
11.42	301.299133	-62.53587	1033.766846
11.43	300.063293	-78.730003	1037.547974
11.44	301.000549	125.91333	1040.780396
11.45	300.78241	-40.03598	1033.266479
11.46	299.931519	-106.467529	1032.023315
11.47	300.388947	-213.673782	1029.200317
11.48	300.219879	-29.672005	1030.885986
11.49	299.516632	95.726105	1028.321289
11.5	299.653107	89.64901	1030.929321
11.51	301.593048	-45.499191	1030.483887
11.52	300.767639	254.422729	1038.048218
11.53	297.689545	-64.680161	1028.396973
11.54	300.586121	-58.845333	1031.062134
11.55	299.185791	62.901485	1032.810425
11.56	300.027557	26.346151	1036.359375
11.57	299.853516	74.279633	1031.257324
11.58	299.039398	207.988602	1039.770142
11.59	299.160797	150.840134	1028.318359
11.6	301.244659	52.741146	1029.282227
11.61	298.935394	107.613365	1041.439819
11.62	299.719574	-107.264641	1033.80249
11.63	299.903442	-77.605553	1033.99353
11.64	299.606323	103.642967	1029.293457
11.65	298.806641	-265.167114	1027.808472
11.66	300.437317	-96.036354	1030.23999
11.67	302.297668	140.389847	1037.386353
11.68	300.12677	-161.729385	1025.954468
11.69	301.271729	23.819929	1032.403687
11.7	301.24707	3.197322	1029.560303
11.71	300.366974	6.198679	1032.283936
11.72	298.508423	-44.913559	1036.835083
11.73	301.382385	142.586105	1031.102905
11.74	299.565094	54.418018	1033.351196
11.75	300.05304	20.813828	1035.838867
11.76	299.666718	235.772385	1039.766357
11.77	299.571991	-25.097971	1033.314819
11.78	300.363312	-107.6922	1029.970215
11.79	301.114594	272.415192	1043.544067
11.8	298.918854	84.766144	1039.579224
11.81	297.70108	130.323593	1032.151001
11.82	299.709229	51.813679	1036.561523
11.83	299.443298	-66.924545	1029.877686
11.84	299.272217	68.892189	1040.341919
11.85	300.662994	132.110489	1033.455811
11.86	300.961639	53.655399	1029.062988
11.87	298.958527	-55.885712	1032.728394
11.88	299.894531	-38.926476	1031.23877
11.89	299.592957	-95.287682	1034.718872
11.9	298.526978	-57.510731	1027.604614
11.91	300.928467	-216.716736	1024.181396
11.92	298.30658	204.182144	1034.532349
11.93	300.985687	-27.190496	1028.278076
11.94	298.587921	150.317993	1031.242188
11.95	299.098572	19.62672	1037.919922
11.96	298.066406	-7.443227	1037.109009
11.97	299.981232	-21.561422	1030.921387
11.98	299.372284	-108.754234	1030.598022
11.99	299.131897	53.484997	1038.400513
12.0	299.717102	53.651661	1033.58728
12.01	301.255798	-5.411249	1033.620483
12.02	300.613434	-45.959919	1035.509399
12.03	299.653931	92.534676	1037.869507
12.04	300.036804	-11.189065	1030.113647
12.05	300.413239	-140.613602	1027.135742
12.06	300.634857	12.456391	1032.702759
12.07	299.513367	-133.632935	1033.481079
12.08	298.475433	-39.662991	1028.611328
12.09	301.335419	-97.322571	1036.254761
12.1	299.623291	252.15686	1037.634399
12.11	299.658325	28.876192	1035.133057
12.12	300.804474	-211.416092	1027.021606
12.13	299.373077	110.155602	1039.263428
12.14	300.483643	21.514204	1030.994141
12.15	300.687256	171.490402	1028.903687
12.16	299.920074	93.799263	1034.733887
12.17	300.426758	-39.964981	1028.258789
12.18	300.867126	-68.462379	1027.282715
12.19	298.702942	57.625469	1027.683472
12.2	299.337708	82.705643	1036.084473
12.21	299.27887	38.271492	1037.407227
12.22	298.3172	-18.200724	1033.638184
12.23	300.262512	-55.107525	1033.864868
12.24	300.468353	139.333511	1034.398438
12.25	299.414215	63.609558	1031.050415
12.26	298.449982	-219.392502	1025.563232
12.27	298.134033	-80.398613	1030.775879
12.28	300.207581	-110.223366	1034.53772
12.29	299.998322	-229.563065	1019.740906
12.3	299.420868	-31.99235	1033.549927
12.31	301.516663	-95.850792	1036.718506
12.32	298.820099	-221.516861	1026.886841
12.33	299.870575	-105.739349	1026.531982
12.34	299.36972	67.605858	1029.049927
12.35	299.670837	61.24062	1034.034424
12.36	299.336395	29.820951	1035.303955
12.37	301.157043	42.769558	1032.258911
12.38	301.303558	57.116016	1038.257935
12.39	298.63446	126.637512	1035.007935
12.4	302.04837	21.162279	1033.32312
12.41	298.624054	-90.682991	1023.458557
12.42	300.128204	-90.41629	1029.937622
12.43	299.17395	36.973633	1030.699097
12.44	300.38736	2.030946	1025.720215
12.45	299.189484	116.778374	1034.551392
12.46	298.567535	81.083534	1035.624512
12.47	300.146545	69.910782	1034.424561
12.48	299.221069	-13.019104	1034.825928
12.49	299.043976	203.104935	1036.224609
12.5	300.528351	-145.669128	1032.137573
12.51	300.041962	-88.441467	1031.273804
12.52	299.995911	15.05066	1031.629883
12.53	301.369415	0.583964	1026.955322
12.54	298.727661	-155.390717	1030.284302
12.55	299.271088	97.818077	1036.268921
12.56	300.179565	46.964977	1027.773071
12.57	298.483673	-73.428078	1031.636597
12.58	300.001129	72.721519	1035.753296
12.59	301.715057	129.224792	1038.631348
12.6	300.824615	-77.907356	1030.631958
12.61	298.197479	-0.872355	1037.804443
12.62	299.179382	-0.49785	1036.098877
12.63	300.493713	-85.474739	1030.550659
12.64	299.695831	-111.55468	1029.981567
12.65	298.977325	16.74172	1037.394043
12.66	300.233948	9.096352	1032.877686
12.67	299.093048	109.872894	1032.835205
12.68	300.378967	-124.96756	1028.97522
12.69	300.008087	71.726982	1031.025635
12.7	297.352417	-128.219193	1032.774902
12.71	299.426697	-49.144367	1030.674194
12.72	299.884644	-23.6716	1028.87439
12.73	298.022125	34.38298	1031.896729
12.74	298.802643	103.113258	1034.648438
12.75	300.055786	-14.909241	1031.719971
12.76	300.34259	-89.444954	1035.082397
12.77	300.163574	79.17981	1038.44873
12.78	299.852142	98.60067	1037.576416
12.79	299.740723	-78.832558	1030.837158
12.8	299.538055	11.713664	1032.426025
12.81	300.565979	-9.755235	1034.861328
12.82	300.345795	36.292797	1031.31604
12.83	300.143921	-113.506714	1034.586548
12.84	300.271179	36.575893	1035.305664
12.85	302.309937	95.971077	1031.463257
12.86	299.31485	173.559372	1038.225342
12.87	299.276428	-150.615402	1031.282471
12.88	300.272827	20.103716	1027.254639
12.89	299.758575	-35.833935	1029.788818
12.9	300.328857	65.314682	1031.894653
12.91	300.449219	9.156751	1034.185303
12.92	300.123047	85.534096	1037.988281
12.93	298.269592	-167.631088	1028.007202
12.94	296.879272	8.541794	1033.02417
12.95	299.402222	106.79142	1035.606079
12.96	299.791138	-102.077911	1026.959229
12.97	299.852814	-189.942383	1026.267944
12.98	300.873871	56.930851	1028.647949
12.99	299.473999	97.246651	1033.713013
13.0	299.117981	-92.229225	1032.228394
13.01	300.574127	-253.926285	1032.338989
13.02	300.16275	-4.431863	1033.927246
13.03	300.89917	162.489716	1037.273926
13.04	300.022034	-38.250111	1030.114258
13.05	300.593933	51.034199	1034.174072
13.06	300.512817	-36.723099	1037.423218
13.07	298.800934	-12.121484	1035.017578
13.08	299.190338	51.234619	1032.477051
13.09	300.046722	58.301289	1035.350708
13.1	301.366364	96.595093	1034.777832
13.11	298.868561	-107.281029	1025.377075
13.12	301.505951	61.220566	1036.432007
13.13	299.051056	82.550201	1030.22644
13.14	299.984161	-140.573425	1028.103516
13.15	300.09433	-202.41481	1032.17627
13.16	300.332703	189.190384	1037.76001
13.17	300.114594	140.869186	1037.56897
13.18	300.381317	-27.375586	1038.657959
13.19	300.349182	30.312691	1028.987915
13.2	301.010254	-109.133057	1026.319946
13.21	301.646179	-176.880615	1029.821533
13.22	298.796143	-99.398895	1026.869019
13.23	299.355194	126.738625	1037.218384
13.24	300.961273	193.735535	1033.474731
13.25	300.669647	16.646271	1032.970215
13.26	300.196625	-169.089615	1029.834229
13.27	300.389618	58.964325	1029.828857
13.28	298.614532	148.740524	1035.943604
13.29	301.384644	57.64922	1030.313232
13.3	301.347107	39.784679	1028.483521
13.31	301.256897	17.782572	1032.159546
13.32	298.787018	149.203415	1032.584961
13.33	301.229828	110.694603	1043.275757
13.34	300.37619	217.458267	1033.619995
13.35	300.218567	-249.528442	1028.196411
13.36	299.026398	-79.530418	1032.634888
13.37	300.05481	235.155319	1037.126343
13.38	299.448364	-53.831726	1031.008423
13.39	300.340637	116.453918	1032.125244
13.4	299.270569	-128.262451	1033.931519
13.41	298.964142	43.469563	1033.209717
13.42	299.359985	199.608902	1032.334229
13.43	299.333618	36.174126	1035.795044
13.44	299.536682	145.731445	1034.905396
13.45	298.507904	203.098953	1038.708252
13.46	300.604187	20.837442	1029.125488
13.47	300.396545	27.150152	1034.123291
13.48	299.990509	144.373642	1035.452759
13.49	300.812225	-74.286003	1026.213257
13.5	301.484222	174.253098	1035.114502
13.51	299.268921	-11.07283	1030.783203
13.52	300.155609	-123.557251	1030.881714
13.53	299.668732	-12.322894	1029.773193
13.54	299.513123	-60.597412	1026.294556
13.55	298.430237	3.545578	1033.901123
13.56	298.68103	-1.758158	1033.35144
13.57	300.804993	100.42202	1030.762817
13.58	300.285706	-95.160805	1031.390259
13.59	299.904846	-19.990217	1034.002197
13.6	299.545624	39.475773	1035.351562
13.61	301.451172	-48.021534	1034.390991
13.62	299.513916	99.142326	1032.55957
13.63	303.219818	1.613688	1031.75769
13.64	300.232971	-114.621605	1031.811157
13.65	298.445343	-24.01803	1034.866089
13.66	299.271118	-113.060875	1032.099609
13.67	299.696289	-204.527664	1026.179443
13.68	303.933411	323.604004	1036.755737
13.69	300.169891	26.743036	1033.842285
13.7	298.435364	-26.109573	1031.292725
13.71	298.274475	193.751602	1037.080933
13.72	300.100342	-50.29269	1027.881592
13.73	302.212738	106.492912	1034.842407
13.74	299.615753	185.382614	1034.160278
13.75	301.124603	140.252335	1039.799438
13.76	300.369476	-47.607254	1034.284058
13.77	299.792419	-48.945847	1031.27063
13.78	300.976105	119.72747	1035.258057
13.79	300.151978	17.796227	1028.780029
13.8	298.17981	152.897278	1036.112793
13.81	301.50412	146.427124	1033.880615
13.82	298.494141	-5.155773	1034.108032
13.83	301.151031	170.402634	1034.603149
13.84	300.28064	159.358688	1036.911377
13.85	300.895477	135.28772	1031.838013
13.86	298.799133	28.545191	1032.920044
13.87	300.953857	-85.853722	1030.141235
13.88	299.66748	6.686178	1025.725952
13.89	298.828003	-122.179405	1029.453125
13.9	299.999237	10.799065	1032.492798
13.91	301.468933	177.040482	1032.410645
13.92	297.928528	-60.310223	1027.855591
13.93	301.487396	-143.657349	1030.076782
13.94	299.842957	-120.549385	1027.398682
13.95	300.056732	-10.921623	1031.48877
13.96	300.234589	-39.107471	1030.596924
13.97	300.157227	-81.769897	1031.026855
13.98	302.610199	45.605701	1031.262329
13.99	298.635925	-22.341227	1032.505005
14.0	299.049255	59.82539	1035.449829
14.01	300.725464	-110.905853	1033.095703
14.02	299.239502	-29.864649	1034.458008
14.03	299.529175	17.89612	1027.172241
14.04	299.362549	-83.826912	1032.401245
14.05	299.590424	-96.045738	1031.371338
14.06	300.692139	-148.984055	1031.12561
14.07	299.870728	-160.350357	1028.020264
14.08	300.782318	-99.402405	1028.635742
14.09	298.988251	-175.825272	1029.491577
14.1	299.801361	-153.644012	1027.593018
14.11	300.815094	-85.885704	1025.503052
14.12	299.798737	66.258629	1036.927856
14.13	298.445801	36.422718	1030.709717
14.14	300.268982	88.877235	1033.036621
14.15	297.919495	129.483536	1037.631714
14.16	300.501831	107.836212	1037.207397
14.17	300.124573	-119.363533	1028.817993
14.18	301.382599	-16.861864	1032.629028
14.19	299.82962	-169.480667	1031.718628
14.2	298.98172	224.732971	1031.175415
14.21	297.670837	10.234952	1030.839233
14.22	301.935364	-110.930168	1029.452637
14.23	300.371857	-114.915596	1031.993286
14.24	298.890228	5.984573	1036.701172
14.25	298.992523	76.526245	1028.162231
14.26	298.095703	-25.07551	1030.949707
14.27	300.632843	-1.261988	1029.778198
14.28	298.465118	-42.880047	1036.734375
14.29	299.203644	20.455774	1036.840576
14.3	298.454987	121.758972	1034.407227
14.31	299.240356	61.611816	1036.997314
14.32	300.310638	101.94593	1034.512451
14.33	302.604584	215.037399	1035.148682
14.34	299.182251	21.752634	1037.157349
14.35	300.231323	45.631073	1033.638916
14.36	298.478668	-106.241814	1028.640503
14.37	299.600739	76.927269	1032.961304
14.38	300.533386	23.071335	1028.780273
14.39	301.702332	-116.813408	1027.961914
14.4	300.315735	-47.279846	1032.658081
14.41	299.138397	-52.272583	1027.380005
14.42	300.956177	30.376488	1030.998779
14.43	299.968628	76.160233	1040.465576
14.44	301.30011	161.797668	1036.548096
14.45	299.870239	-165.482834	1022.024841
14.46	302.694275	65.898888	1033.082642
14.47	300.518646	32.728771	1029.387207
14.48	300.484772	-116.437233	1029.202026
14.49	300.611633	184.217651	1030.176025
14.5	299.473724	85.04081	1034.042358
14.51	300.313904	247.882034	1034.411011
14.52	300.780579	195.068924	1035.050049
14.53	300.432434	-113.089409	1031.839111
14.54	300.631378	38.352863	1027.140747
14.55	300.214874	35.852188	1037.024414
14.56	298.466431	193.366379	1040.103516
14.57	300.159058	-16.234819	1031.040894
14.58	299.409424	-189.11145	1038.80603
14.59	297.599457	247.031235	1040.04895
14.6	298.802765	44.012409	1031.994263
14.61	298.585175	-53.413391	1033.463013
14.62	299.548004	92.087364	1032.821289
14.63	299.61087	147.071243	1033.956299
14.64	299.341339	19.125366	1033.374023
14.65	299.617126	-92.391502	1033.688965
14.66	300.260437	80.903465	1035.583984
14.67	299.342133	83.748055	1038.801514
14.68	299.261108	269.968292	1035.925171
14.69	298.485779	366.915436	1041.41687
14.7	299.129669	-29.927999	1034.183472
14.71	298.695374	41.222603	1031.767822
14.72	301.59079	15.717463	1032.584595
14.73	298.095123	-153.071365	1029.792847
14.74	297.019226	105.510773	1034.927612
14.75	301.084564	-302.707611	1026.589722
14.76	300.168304	-178.804703	1018.412842
14.77	300.377655	63.620975	1034.27771
14.78	299.23819	-165.545975	1033.982666
14.79	301.830902	-195.873291	1029.37207
14.8	299.533722	105.268341	1033.954468
14.81	300.73465	53.44836	1039.077759
14.82	300.736603	12.667994	1034.255493
14.83	300.40274	155.297745	1039.346191
14.84	300.671143	63.5937	1030.645752
14.85	300.030121	-90.893494	1026.744141
14.86	301.253265	77.992371	1033.055786
14.87	300.340576	283.151123	1038.466187
14.88	301.604248	-63.221832	1032.463501
14.89	299.881165	10.116834	1034.320435
14.9	301.075195	75.759094	1036.66394
14.91	300.331177	11.451978	1025.346191
14.92	298.075134	-72.944946	1030.338135
14.93	300.285156	-66.266678	1037.998901
14.94	300.095093	16.494413	1034.108276
14.95	298.687256	-0.341484	1036.876587
14.96	300.500366	-14.754974	1032.201294
14.97	299.514587	-131.792618	1028.595337
14.98	301.908783	-121.517738	1032.340332
14.99	299.010406	39.604004	1031.202881
15.0	299.209473	0.239037	1036.788086
15.01	299.291687	-117.993233	1033.9104
15.02	300.319977	37.989719	1028.314087
15.03	298.776062	-0.787702	1031.432373
15.04	301.3255	106.318321	1035.065308
15.05	301.385742	245.053467	1034.425659
15.06	300.926178	181.279129	1033.818481
15.07	300.846588	127.732948	1039.217285
15.08	301.251251	169.096878	1033.375122
15.09	301.549133	-115.369972	1033.692505
15.1	300.262268	273.000519	1041.723145
15.11	300.056213	-1.497152	1030.922119
15.12	301.250122	-23.321259	1027.214722
15.13	301.461823	0.6713	1029.580444
15.14	301.895996	110.470741	1032.121826
15.15	301.321075	36.903969	1031.163574
15.16	300.859711	32.280689	1032.226318
15.17	300.145599	119.186501	1034.694336
15.18	299.134399	-155.617264	1026.947632
15.19	300.712555	-157.778915	1024.362671
15.2	297.821228	-158.32338	1026.885254
15.21	301.673706	100.574547	1032.365112
15.22	300.135498	160.324387	1037.775757
15.23	300.684998	-21.244019	1028.285522
15.24	301.909882	131.461456	1039.162842
15.25	300.38855	11.029813	1032.186279
15.26	300.067871	-230.241318	1025.218384
15.27	299.572266	-234.838394	1022.478088
15.28	299.882843	-140.829605	1028.677002
15.29	299.201904	153.197983	1039.275391
15.3	300.210968	198.947067	1036.210449
15.31	299.35376	112.871887	1035.060181
15.32	300.701691	108.151894	1029.446533
15.33	299.965027	47.918018	1034.661987
15.34	299.357025	-26.948832	1030.372925
15.35	300.18692	29.081209	1037.863403
15.36	300.552979	81.017464	1035.316528
15.37	299.194	25.250006	1035.367065
15.38	298.433899	-103.947212	1030.524902
15.39	299.430847	-64.650482	1028.729492
15.4	300.657013	179.694214	1036.279419
15.41	300.728271	-82.484207	1031.122925
15.42	299.158264	214.194382	1039.268311
15.43	299.299683	-31.971216	1034.632446
15.44	298.060272	-101.636696	1026.724365
15.45	298.981689	-205.46904	1026.327637
15.46	298.67984	109.574715	1040.489502
15.47	300.855896	9.03127	1036.430786
15.48	300.95752	46.128857	1032.506104
15.49	299.06015	23.009497	1035.142334
15.5	299.527283	71.568497	1032.338501
15.51	299.896912	106.357155	1037.594604
15.52	299.684387	313.940094	1039.074585
15.53	298.717133	-1.396139	1035.438843
15.54	300.907837	-258.691193	1032.20874
15.55	298.356232	-269.979706	1025.193604
15.56	300.283539	34.268826	1033.341309
15.57	299.404785	71.508736	1033.550659
15.58	300.988617	89.46122	1039.506226
15.59	300.908173	-123.159996	1036.008789
15.6	300.259003	-241.326279	1032.053955
15.61	300.719513	-44.367146	1033.02063
15.62	300.01709	181.171997	1036.391968
15.63	301.188934	-79.904312	1035.473633
15.64	301.345276	16.95713	1031.452393
15.65	297.619934	-223.591507	1031.546631
15.66	299.627899	-50.828838	1028.949585
15.67	301.344513	87.141533	1036.88147
15.68	301.127411	105.082191	1036.922119
15.69	299.793732	-60.520203	1029.832642
15.7	300.105743	-134.436325	1024.95459
15.71	299.046295	202.492432	1039.56311
15.72	299.336212	138.141113	1034.948242
15.73	301.908813	66.612495	1030.415894
15.74	299.237488	157.227676	1031.095581
15.75	298.499146	-74.967072	1035.999512
15.76	299.137329	-3.973613	1029.490112
15.77	300.568695	-42.602306	1032.305542
15.78	299.937988	23.580027	1033.854004
15.79	300.042053	47.034504	1034.596924
15.8	298.990753	-44.981602	1028.68103
15.81	301.156372	70.091782	1032.459106
15.82	299.630707	36.896835	1038.858032
15.83	298.758026	148.232986	1037.721313
15.84	297.792084	5.12943	1035.169556
15.85	298.561066	155.475403	1030.680786
15.86	298.915802	-110.194885	1032.731201
15.87	298.058838	-74.560944	1025.469604
15.88	300.328827	55.975414	1033.26355
15.89	301.157776	288.120819	1037.051147
15.9	298.940094	-59.151871	1031.225464
15.91	301.178925	-114.886909	1032.683838
15.92	300.75824	-3.91401	1029.7323
15.93	300.738251	-13.564873	1034.447998
15.94	300.846863	135.176498	1032.123047
15.95	300.14267	81.271446	1034.92334
15.96	299.454651	155.967575	1033.590942
15.97	299.92453	80.312523	1035.637085
15.98	301.027344	87.637215	1035.223877
15.99	299.268219	12.320655	1032.140015
16.0	300.365936	30.737532	1034.483032
16.01	300.382782	-60.102997	1030.443726
16.02	300.707977	-47.561203	1027.962524
16.03	301.94339	93.466156	1033.103516
16.04	299.451447	-89.479774	1034.459351
16.05	300.563507	109.163879	1026.987061
16.06	301.081757	88.623756	1033.307373
16.07	300.045013	-76.393692	1031.685425
16.08	300.691864	55.507702	1035.295288
16.09	300.579376	113.862862	1039.727173
16.1	303.207031	197.049393	1035.333374
16.11	300.58728	-63.26569	1038.28418
16.12	298.661377	142.057297	1034.279419
16.13	299.410889	73.198364	1029.664185
16.14	301.594452	25.143682	1035.758179
16.15	300.023346	143.231979	1033.574585
16.16	298.421234	-53.894062	1034.282471
16.17	300.27951	-65.438148	1037.244629
16.18	300.784027	112.059975	1036.665771
16.19	300.802063	-31.784891	1031.150757
16.2	297.883728	82.915039	1032.439331
16.21	298.657104	18.733034	1034.900269
16.22	301.023895	24.040201	1031.760864
16.23	299.035675	-142.478195	1027.570312
16.24	298.86441	-61.599762	1025.071533
16.25	298.53125	-72.587837	1026.534302
16.26	298.680481	-99.764717	1030.864014
16.27	299.656525	19.186346	1033.680664
16.28	299.260773	82.490715	1031.118286
16.29	298.896271	-83.598297	1031.028076
16.3	299.401367	-70.992058	1030.303955
16.31	299.251404	152.215256	1031.963745
16.32	298.716064	132.400024	1033.715698
16.33	299.216736	9.269612	1036.672729
16.34	300.072357	23.067083	1032.789062
16.35	299.892212	-42.841492	1029.766846
16.36	299.73645	-130.597992	1028.106567
16.37	298.372986	-23.786013	1029.944458
16.38	298.986053	-25.709097	1034.49292
16.39	301.248047	99.572899	1035.750366
16.4	300.896576	-111.751892	1025.934692
16.41	300.848389	18.108492	1033.721558
16.42	299.327759	-62.139755	1027.11145
16.43	300.252167	54.662033	1034.496582
16.44	302.360168	-210.390823	1029.55896
16.45	298.917175	4.448649	1029.051514
16.46	299.472412	64.593361	1036.471924
16.47	298.612915	-99.764992	1032.509033
16.48	300.033997	-265.571503	1029.868896
16.49	300.508179	-36.631332	1027.894775
16.5	303.275208	228.127014	1033.960327
16.51	301.694824	-248.541931	1031.682251
16.52	299.054413	139.119781	1037.609863
16.53	299.447479	54.028839	1035.135376
16.54	301.295898	83.941612	1031.359375
16.55	299.645325	-307.343933	1029.199829
16.56	301.19101	-155.839127	1029.046265
16.57	300.104645	46.402782	1034.743408
16.58	300.006805	15.493169	1036.814575
16.59	300.42395	-37.093716	1024.188843
16.6	300.999054	-20.66077	1031.421021
16.61	301.19809	-155.162399	1029.221802
16.62	299.415131	-19.71726	1030.301758
16.63	298.730591	-8.789966	1034.095459
16.64	299.544159	14.034663	1037.29126
16.65	299.143341	-13.112607	1037.325073
16.66	301.801575	79.178581	1033.702271
16.67	301.237244	187.439072	1038.052856
16.68	300.437653	104.727661	1032.630615
16.69	299.36673	-252.169266	1025.560913
16.7	300.230957	28.348959	1036.971924
16.71	298.732635	52.891903	1037.292847
16.72	300.14447	-87.335274	1028.234253
16.73	300.31842	39.208412	1028.31604
16.74	299.700714	-104.401917	1026.156494
16.75	298.54306	65.939766	1039.427246
16.76	298.887787	155.504105	1040.500488
16.77	300.378326	351.477386	1037.570923
16.78	301.648743	-17.368856	1029.692505
16.79	299.924622	23.520315	1037.51355
16.8	301.673798	11.458266	1034.546265
16.81	299.744934	321.329926	1037.517456
16.82	299.416931	-36.288315	1034.561157
16.83	298.917877	31.290155	1031.389893
16.84	301.15329	41.833195	1026.532227
16.85	300.83017	-111.652794	1032.917969
16.86	300.488617	104.698158	1038.605347
16.87	300.3078	153.632431	1032.541992
16.88	299.65979	-245.077637	1025.990601
16.89	300.3349	-65.657722	1030.54541
16.9	299.48526	44.229115	1033.981689
16.91	299.063385	-69.617462	1029.744263
16.92	299.870239	-23.921202	1029.515015
16.93	299.90274	-297.604248	1019.938538
16.94	300.135254	116.078026	1036.324829
16.95	300.199036	-161.909271	1031.268677
16.96	298.656311	2.459	1034.659302
16.97	301.291107	-51.877277	1033.036865
16.98	298.440186	-62.743378	1034.309082
16.99	299.107391	-37.614609	1034.498291
17.0	300.433655	21.481482	1035.293335
17.01	301.19751	-1.326631	1029.501099
17.02	299.684174	-101.425682	1026.433228
17.03	299.506775	13.175061	1029.23877
17.04	298.737427	-113.942955	1028.447144
17.05	298.797577	-29.320414	1035.113281
17.06	298.763519	25.551374	1032.733154
17.07	300.919128	33.79063	1028.705322
17.08	300.119202	213.498734	1039.284058
17.09	298.869965	33.488659	1037.839844
17.1	298.98819	-64.966644	1031.271118
17.11	300.501099	19.081789	1031.820679
17.12	299.65451	90.992943	1043.230713
17.13	301.275879	67.117867	1036.73938
17.14	300.850403	2.082225	1033.807373
17.15	299.39389	-31.222643	1033.769775
17.16	300.045319	54.893269	1037.368652
17.17	300.273041	6.57267	1029.269531
17.18	300.978485	-129.08844	1028.273926
17.19	300.599274	-209.536057	1029.405518
17.2	299.430267	-126.052513	1028.143188
17.21	298.685913	25.050116	1028.664307
17.22	299.28894	-314.202881	1023.249023
17.23	299.141113	120.956184	1033.255859
17.24	298.418732	133.907486	1038.208496
17.25	299.25647	134.343384	1038.003296
17.26	300.877869	-128.643387	1036.587769
17.27	300.41272	-33.403877	1030.11853
17.28	300.869476	-0.805506	1031.358276
17.29	299.292664	49.390942	1034.250977
17.3	300.245117	247.477295	1033.551758
17.31	298.937653	-155.290909	1033.607178
17.32	300.98764	64.03199	1032.712158
17.33	299.41272	60.270935	1028.308838
17.34	300.390533	27.520584	1032.080322
17.35	301.162079	190.1203	1032.338867
17.36	300.13678	-75.342918	1026.999146
17.37	300.722046	-248.138199	1024.706177
17.38	300.243347	-2.087445	1031.081543
17.39	299.492126	-248.961548	1032.96106
17.4	299.648743	136.754684	1036.663696
17.41	300.744537	-29.524233	1034.062988
17.42	299.27002	-42.485054	1029.80127
17.43	299.939423	104.161888	1042.934326
17.44	300.600769	203.804581	1042.800171
17.45	299.57193	41.692852	1037.248657
17.46	299.505402	40.102421	1039.111572
17.47	302.170868	20.749176	1029.542725
17.48	299.50769	-63.579853	1032.42334
17.49	299.042725	-84.013878	1031.770996
17.5	300.482391	-39.147152	1032.945801
17.51	299.751221	40.188931	1034.571533
17.52	300.017426	-12.086041	1026.414185
17.53	301.19574	24.917015	1036.172974
17.54	300.678619	-26.357529	1035.702881
17.55	300.868286	105.636169	1034.160645
17.56	301.034058	98.863548	1035.666504
17.57	299.590332	-13.288777	1030.248413
17.58	299.642975	123.130066	1033.796631
17.59	299.808441	1.824402	1033.577271
17.6	300.087585	-24.570112	1033.415039
17.61	299.55188	70.411987	1037.350464
17.62	300.256989	-14.678344	1031.500977
17.63	300.638336	-181.249435	1031.982666
17.64	299.850189	-16.821466	1035.513672
17.65	301.284027	-54.757599	1032.574585
17.66	299.044312	-17.47209	1032.907471
17.67	298.890778	-75.848061	1027.520874
17.68	300.529846	-31.493467	1030.94812
17.69	300.897339	131.144211	1031.819336
17.7	300.627441	-142.803528	1028.041626
17.71	300.544006	-66.258339	1025.141968
17.72	298.736969	154.628555	1033.640991
17.73	300.188477	143.101837	1035.483276
17.74	299.008026	87.57386	1038.820679
17.75	299.912384	143.859604	1032.938354
17.76	300.136353	-124.14093	1029.262695
17.77	299.612488	85.33744	1030.742676
17.78	299.460358	121.140686	1036.710571
17.79	301.417023	-131.806168	1032.718262
17.8	301.93222	139.20961	1038.214966
17.81	297.891266	-61.869358	1032.439087
17.82	298.63562	-77.166969	1026.6875
17.83	299.991058	-8.465587	1030.464478
17.84	301.104156	61.856934	1037.595459
17.85	301.783813	186.025223	1038.315796
17.86	298.687836	-16.297743	1032.02356
17.87	299.77179	19.591988	1032.382202
17.88	299.699554	-57.928493	1031.776245
17.89	300.54184	-52.976299	1032.953613
17.9	300.53241	-23.519205	1031.876587
17.91	298.565277	-63.897705	1030.198242
17.92	300.67868	-107.663643	1028.103516
17.93	299.837769	-131.676392	1029.351196
17.94	299.599121	-4.463346	1031.273193
17.95	298.279999	-61.192932	1033.437744
17.96	299.231812	73.469002	1035.850342
17.97	300.294189	17.840723	1034.962769
17.98	301.151031	-2.259744	1034.108887
17.99	299.54129	-70.051277	1026.009888
18.0	299.709717	-222.316528	1025.589844
18.01	298.245239	-43.761768	1031.677979
18.02	299.624634	-60.724838	1035.849487
18.03	300.749542	21.284365	1032.470947
18.04	297.937134	44.653507	1034.016602
18.05	301.599762	-63.576435	1036.458008
18.06	300.946991	98.626457	1030.797852
18.07	301.253632	-57.75729	1036.518921
18.08	299.386719	15.77284	1024.838379
18.09	300.593811	-36.403927	1027.484375
18.1	299.712677	-151.034805	1033.678833
18.11	299.535339	129.544571	1038.349854
18.12	299.741852	-150.6548	1025.488403
18.13	299.412201	147.900208	1034.63208
18.14	297.937775	-19.586084	1032.796753
18.15	301.774506	211.85968	1034.779663
18.16	298.534149	-190.215286	1033.533936
18.17	299.375977	-84.725044	1027.74585
18.18	301.457977	98.971832	1031.454468
18.19	300.906128	13.774109	1029.556274
18.2	300.906921	81.252693	1034.816772
18.21	299.424713	-200.941833	1028.020264
18.22	298.193481	403.807129	1043.165527
18.23	300.290649	-117.975746	1030.705444
18.24	298.306213	-15.721578	1033.442505
18.25	301.930267	64.093605	1032.968994
18.26	300.198334	61.407169	1033.476074
18.27	301.240265	-23.336802	1029.096191
18.28	299.352234	75.390236	1032.375977
18.29	301.457428	117.614769	1037.227539
18.3	299.652313	8.078052	1033.468384
18.31	299.432892	45.561817	1033.430054
18.32	298.82254	-98.235161	1030.731812
18.33	299.88559	-162.911545	1029.151123
18.34	301.157898	304.29834	1037.50415
18.35	299.536957	-7.444361	1038.846436
18.36	299.635315	-62.991848	1032.734985
18.37	299.592834	55.842896	1037.612915
18.38	299.574341	-48.909851	1035.53479
18.39	299.025635	-38.744549	1032.300537
18.4	300.62384	-75.691826	1034.067505
18.41	300.430328	177.700256	1037.513184
18.42	298.569702	-64.019173	1032.114868
18.43	301.14032	-84.092537	1034.656616
18.44	299.012543	-80.639557	1029.714844
18.45	301.162476	-174.129288	1027.086426
18.46	299.821777	-52.036358	1030.450439
18.47	299.214874	-76.927826	1032.494751
18.48	300.068817	-87.837524	1025.987183
18.49	301.093506	153.87529	1034.430786
18.5	298.450592	55.414703	1034.763672
18.51	301.044312	-20.105093	1031.207031
18.52	301.088928	46.91954	1030.278809
18.53	301.399689	-90.620758	1031.295288
18.54	300.06488	-78.604103	1030.133423
18.55	299.275909	-202.219406	1032.805298
18.56	299.292419	203.66362	1039.305908
18.57	301.211212	108.610443	1036.816406
18.58	300.004791	-188.855774	1027.491211
18.59	299.866852	132.241943	1040.479492
18.6	300.133698	-13.231093	1030.07019
18.61	299.071442	-125.500488	1032.427856
18.62	299.888763	220.184525	1039.516602
18.63	299.658539	-83.174889	1034.467041
18.64	299.51123	68.668617	1030.539062
18.65	299.436157	105.432899	1034.682251
18.66	299.670197	116.182709	1031.966919
18.67	299.426208	131.308487	1037.804443
18.68	299.494995	-44.204494	1033.301636
18.69	300.658691	174.113174	1033.338379
18.7	299.281586	-107.498222	1026.359253
18.71	299.967194	58.08849	1037.48645
18.72	299.746582	-20.804903	1030.051147
18.73	298.054474	44.362366	1029.305298
18.74	298.361053	-260.813934	1027.119141
18.75	301.171265	147.010941	1038.066162
18.76	299.632355	-84.378899	1027.156372
18.77	300.941345	64.449669	1034.416382
18.78	300.279083	-32.082352	1031.440552
18.79	298.650055	1.284818	1034.517212
18.8	299.581696	156.000244	1035.658447
18.81	299.583923	-50.496204	1027.302246
18.82	298.791809	5.470168	1035.304321
18.83	299.853241	84.776772	1041.340576
18.84	299.524017	-128.205215	1032.510864
18.85	300.934662	16.905935	1033.218994
18.86	301.098694	8.222058	1028.849365
18.87	301.248962	27.335571	1030.9729
18.88	300.235748	18.334068	1033.66333
18.89	298.654572	26.944765	1030.541382
18.9	298.232361	50.279316	1039.185425
18.91	300.406372	-0.85851	1030.45813
18.92	301.54892	-133.017731	1028.493286
18.93	301.004059	158.69873	1040.333862
18.94	300.319275	178.724716	1035.037598
18.95	299.796082	-73.392151	1036.859009
18.96	300.221802	-50.356503	1032.368042
18.97	300.918518	221.537369	1034.62793
18.98	299.104279	143.398254	1038.521484
18.99	301.399109	-126.485741	1022.156616
19.0	299.025574	-81.83078	1027.219238
19.01	298.559723	-12.011139	1028.271729
19.02	298.727417	205.231735	1038.09436
19.03	300.659363	-110.481415	1035.008423
19.04	300.877075	-51.404469	1032.84021
19.05	298.673004	94.08606	1032.499512
19.06	300.958954	-73.096886	1031.089722
19.07	299.193573	-83.211143	1028.724731
19.08	299.421112	55.660534	1032.492065
19.09	298.836578	10.071559	1033.423584
19.1	297.445618	-146.730591	1025.946777
19.11	299.670135	-255.08345	1025.810059
19.12	300.137451	-188.126663	1029.277832
19.13	300.684448	156.301987	1029.730713
19.14	300.404785	174.507324	1040.292236
19.15	299.145294	-41.050476	1030.859497
19.16	300.15863	264.511261	1040.255981
19.17	300.868774	-51.085087	1029.637939
19.18	299.128052	28.19346	1033.768677
19.19	298.582611	79.581963	1029.98584
19.2	300.782196	-105.187584	1028.092407
19.21	298.675476	-109.181709	1032.774658
19.22	300.84787	4.628164	1031.07373
19.23	300.466614	64.970871	1034.919556
19.24	298.97168	-136.100296	1021.510315
19.25	303.111267	-120.82238	1029.106323
19.26	298.469818	-26.422361	1031.348999
19.27	299.041809	-19.926077	1028.768066
19.28	296.573669	63.667011	1030.922607
19.29	300.573517	-27.681383	1033.75061
19.3	299.910706	-138.232651	1024.203979
19.31	299.462646	-168.123993	1025.076416
19.32	298.997711	-59.16745	1029.258423
19.33	298.572723	-66.021645	1029.550537
19.34	300.305176	132.417542	1035.101318
19.35	300.065613	-64.154327	1033.804688
19.36	298.625275	-48.764587	1024.377563
19.37	299.703217	-163.157104	1023.236938
19.38	302.354218	-122.373268	1027.990234
19.39	300.829956	71.426292	1035.902954
19.4	300.941956	72.258507	1036.864624
19.41	300.641479	-65.212219	1027.992432
19.42	301.521057	8.39598	1029.488403
19.43	298.213745	23.9702	1036.505615
19.44	299.041046	50.315327	1034.798706
19.45	300.957642	-100.966759	1030.66272
19.46	300.36438	-78.799232	1028.375488
19.47	300.927368	-258.022125	1020.009949
19.48	300.328827	73.581169	1032.864014
19.49	299.248901	124.566376	1031.367798
19.5	300.062866	92.411194	1035.66687
19.51	299.329529	3.767325	1034.890991
19.52	299.978485	-144.274368	1026.786499
19.53	301.467804	24.506744	1031.39209
19.54	300.295197	107.177834	1030.89978
19.55	298.997894	60.251785	1034.839233
19.56	297.806335	104.986214	1034.353638
19.57	300.013947	22.887634	1031.11792
19.58	299.864166	-167.845215	1026.300903
19.59	300.817261	6.698439	1036.472778
19.6	300.968353	79.315361	1031.616821
19.61	302.125183	-248.930954	1022.345703
19.62	298.907684	-8.374944	1031.431396
19.63	300.112335	-45.299519	1035.152344
19.64	299.880676	-113.134285	1029.425903
19.65	299.586334	-90.226921	1028.74939
19.66	298.868195	-69.574959	1033.328979
19.67	299.212738	-71.834068	1035.945435
19.68	299.531158	-154.289871	1026.000366
19.69	299.317902	-134.504959	1023.176147
19.7	299.058441	-68.813187	1029.580933
19.71	299.989624	102.271729	1034.937988
19.72	299.750458	151.293442	1030.267822
19.73	301.703949	-124.873352	1030.257446
19.74	300.488525	130.197281	1037.540771
19.75	300.98941	274.334808	1039.084229
19.76	300.947174	-3.987561	1033.661255
19.77	300.324158	-17.11618	1030.0448
19.78	301.330109	43.769367	1035.303589
19.79	301.763367	-47.48579	1029.277466
19.8	298.794067	35.806263	1035.188232
19.81	300.677063	-54.884533	1029.325195
19.82	297.649231	-41.904453	1027.191772
19.83	300.778595	210.024704	1034.896118
19.84	300.261353	69.989586	1036.630493
19.85	300.742371	-91.530846	1028.946655
19.86	298.174652	31.716101	1032.83252
19.87	299.221893	126.861244	1032.115601
19.88	299.438477	160.087662	1037.684937
19.89	300.020691	32.929562	1034.038208
19.9	298.675873	-32.382236	1034.041992
19.91	300.01358	139.984268	1037.30603
19.92	300.983887	-2.081461	1030.46106
19.93	299.739929	-144.355347	1029.391724
19.94	299.677002	-0.168159	1031.50415
19.95	299.217041	-22.233316	1028.608765
19.96	301.299042	-62.622482	1030.915405
19.97	300.025421	83.78157	1035.494141
19.98	300.453278	65.145164	1034.651123
19.99	298.362946	-75.17485	1033.338379
20.0	301.049286	51.489948	1033.373047
20.01	299.355164	-81.58741	1031.071411
20.02	300.527863	-29.669794	1028.948975
20.03	299.50412	10.103271	1036.714233
20.04	299.600525	-22.94356	1032.063477
20.05	300.529083	93.488739	1033.3125
20.06	299.463104	39.794399	1036.321655
20.07	302.519653	-89.892937	1025.24292
20.08	298.295502	-185.473618	1025.869019
20.09	298.932465	-185.276993	1025.274292
20.1	300.246826	-289.896179	1026.740479
20.11	298.565857	-139.88916	1027.898438
20.12	299.522125	-162.698502	1032.49231
20.13	301.368561	-50.99823	1031.379028
20.14	297.302002	-181.149582	1028.561646
20.15	299.950378	-210.406326	1029.642212
20.16	300.779541	14.944359	1025.69458
20.17	299.511017	-27.222534	1033.438232
20.18	300.933685	-6.92463	1033.90918
20.19	301.044434	272.277466	1041.66626
20.2	300.094604	-20.523439	1032.216675
20.21	298.563385	116.428131	1029.903442
20.22	301.029114	-13.912098	1029.332642
20.23	298.476929	-4.924778	1033.111694
20.24	300.74411	177.088669	1035.260498
20.25	300.343872	-5.005034	1034.336304
20.26	299.387115	-124.691154	1026.280884
20.27	297.777985	54.817814	1033.911011
20.28	301.102783	-26.25691	1030.245605
20.29	300.616302	152.162964	1034.907837
20.3	298.954529	-135.429382	1032.253906
20.31	302.836853	-119.723694	1031.535767
20.32	299.684601	303.264069	1038.684204
20.33	300.516052	270.492889	1045.196655
20.34	298.948059	-7.166641	1029.789062
20.35	300.058044	-4.036845	1036.066528
20.36	300.993591	205.665222	1039.455933
20.37	300.187775	152.354279	1036.942261
20.38	300.57309	-2.883306	1036.451904
20.39	299.205292	22.702188	1031.315308
20.4	299.14093	266.114136	1033.060791
20.41	301.297577	94.594116	1034.482788
20.42	298.94104	9.227957	1034.559082
20.43	300.049469	18.701279	1040.551636
20.44	297.745667	160.780685	1039.183716
20.45	297.86142	-101.78775	1029.392822
20.46	300.810638	-23.511482	1031.835571
20.47	300.591309	23.08259	1038.794678
20.48	298.565338	106.818207	1033.725708
20.49	301.628265	-129.104202	1029.339233
20.5	299.924164	-141.693222	1029.255981
20.51	300.996338	314.106445	1039.498657
20.52	300.08847	-34.273651	1030.830566
20.53	299.004486	-325.607758	1033.055786
20.54	298.228119	84.970764	1034.044067
20.55	298.851685	4.133203	1028.770508
20.56	300.062805	-112.533813	1033.392456
20.57	300.026031	-91.951744	1031.609985
20.58	299.96637	-8.797908	1033.829712
20.59	301.239349	-30.87532	1031.542969
20.6	302.376923	66.575462	1034.982544
20.61	299.674133	-142.220871	1031.46582
20.62	298.74295	-6.803596	1031.099365
20.63	298.094208	-100.488983	1030.897705
20.64	299.739136	257.205566	1039.229126
20.65	300.406006	-156.582016	1027.514771
20.66	300.322662	56.753082	1037.767212
20.67	300.810516	-58.479504	1028.145874
20.68	300.116882	-50.826122	1035.911621
20.69	298.05011	-125.705627	1028.911621
20.7	298.215607	7.269997	1031.170166
20.71	299.997406	175.859573	1033.629639
20.72	299.4021	3.416106	1036.306396
20.73	298.259277	-112.341957	1028.834106
20.74	300.868042	67.658646	1032.044312
20.75	303.398895	-152.173538	1028.130737
20.76	300.639038	73.042747	1027.26123
20.77	298.8992	-56.190464	1029.562378
20.78	300.956726	13.650334	1031.674561
20.79	299.710785	270.706146	1036.838745
20.8	298.200043	-89.881462	1025.389526
20.81	298.606049	-42.524342	1029.039062
20.82	298.367523	-22.659279	1035.88855
20.83	300.776398	126.088326	1034.724243
20.84	302.294556	64.919044	1027.761108
20.85	299.892426	99.706413	1033.390869
20.86	301.13205	-14.719317	1031.118042
20.87	302.177521	142.750137	1037.70752
20.88	299.168915	-41.465405	1029.412842
20.89	299.352783	206.990128	1037.150391
20.9	299.891571	-37.080704	1034.96521
20.91	300.496216	-33.816994	1030.450439
20.92	300.448822	-24.82135	1034.063721
20.93	299.198029	129.457901	1034.784302
20.94	300.579987	329.133026	1041.42688
20.95	298.351898	-36.614231	1035.446655
20.96	296.581482	-17.730722	1032.939331
20.97	299.911133	-61.535107	1034.932373
20.98	298.520172	-18.95208	1031.057861
20.99	300.389648	-155.220581	1031.632812
21.0	301.266022	-27.29776	1033.786499
21.01	301.564117	-5.550049	1033.005737
21.02	298.536774	47.976269	1037.083008
21.03	300.813263	35.439342	1033.51001
21.04	298.973999	-82.676781	1037.120972
21.05	300.1409	-300.091095	1021.565063
21.06	298.800262	-168.60083	1027.214233
21.07	299.776276	-47.653332	1028.88147
21.08	299.674042	-85.198219	1033.359741
21.09	298.663879	118.622566	1031.851562
21.1	300.747772	33.217869	1035.742065
21.11	300.595947	-93.306984	1034.558716
21.12	300.301239	-4.101751	1025.428467
21.13	298.990295	-72.135658	1031.861084
21.14	298.357788	-138.501724	1035.631714
21.15	298.246887	127.595833	1039.31897
21.16	300.817902	-118.337975	1028.801758
21.17	299.903961	-111.816284	1028.207642
21.18	300.36496	-76.478226	1032.795654
21.19	299.274902	330.217041	1033.958984
21.2	299.812012	95.24839	1033.3479
21.21	299.734894	-137.125412	1024.741455
21.22	299.004669	-75.663811	1028.263062
21.23	299.621674	144.574768	1037.698608
21.24	297.823883	-155.858963	1029.292603
21.25	300.444519	29.892584	1034.002441
21.26	300.169739	-153.061707	1031.970459
21.27	300.872009	309.104431	1037.664062
21.28	299.243652	6.531599	1032.398315
21.29	300.552032	-40.335026	1029.680908
21.3	300.798065	180.172256	1036.514404
21.31	300.194366	232.867752	1033.68689
21.32	300.01297	-98.411217	1031.615723
21.33	299.415771	20.598434	1026.24231
21.34	299.440308	46.201813	1029.387573
21.35	299.366241	-150.589478	1028.19104
21.36	300.257538	62.88438	1030.747681
21.37	297.372345	-207.424927	1027.658936
21.38	301.172638	88.834007	1033.227539
21.39	301.234558	133.187012	1035.646484
21.4	301.401489	172.083969	1036.122192
21.41	301.220367	182.065796	1041.40271
21.42	300.273499	35.483479	1038.20752
21.43	302.021484	-94.710388	1026.626953
21.44	299.600555	-65.403572	1029.478882
21.45	300.612366	142.329163	1035.904785
21.46	300.584412	3.481476	1036.028564
21.47	300.744873	-3.295131	1026.264526
21.48	301.885498	-176.832779	1028.995605
21.49	300.110748	-115.61618	1034.784302
21.5	297.728088	-20.881611	1026.964111
21.51	300.037079	76.81282	1031.02417
21.52	299.713409	114.092407	1034.618774
21.53	299.037598	-86.346657	1032.224609
21.54	301.393677	26.707544	1029.905762
21.55	300.259705	180.987	1038.318481
21.56	300.397278	128.110611	1036.660034
21.57	300.665222	-108.013359	1023.839294
21.58	300.579132	162.433578	1034.324829
21.59	302.220367	20.438635	1035.136108
21.6	299.420074	19.618654	1037.236938
21.61	301.291656	132.961197	1036.626343
21.62	299.321045	80.316322	1035.025269
21.63	299.965424	-51.223652	1028.822388
21.64	299.344086	-72.714142	1028.105103
21.65	299.294891	221.213211	1039.863892
21.66	300.971802	52.348049	1032.330811
21.67	299.848358	-26.318449	1028.544189
21.68	299.680511	-158.670151	1030.198608
21.69	299.949005	-75.081169	1032.474731
21.7	301.893555	243.290283	1041.647217
21.71	301.714386	12.802777	1031.998047
21.72	296.357391	3.944794	1031.137207
21.73	298.5112	16.01631	1032.134277
21.74	299.979065	-26.664253	1032.258179
21.75	299.924957	24.719538	1032.100464
21.76	299.489105	-2.41438	1036.88501
21.77	299.677551	-45.176128	1026.675903
21.78	299.887207	-250.668777	1021.426331
21.79	299.665924	-252.759521	1029.177368
21.8	301.081787	13.723887	1042.067749
21.81	301.877289	33.985325	1031.419189
21.82	299.680145	0.14199	1036.691284
21.83	299.952393	44.798565	1036.772583
21.84	301.192139	-98.479736	1029.439697
21.85	299.519928	-142.211441	1027.894775
21.86	298.929657	8.337117	1034.427734
21.87	299.451569	31.379303	1037.119385
21.88	299.375031	30.490602	1033.359863
21.89	297.847229	-178.97551	1029.906006
21.9	301.704132	-219.958298	1034.137939
21.91	300.95755	-106.419273	1025.732788
21.92	299.715027	-98.318756	1030.066772
21.93	298.982056	140.921158	1039.685547
21.94	300.11261	-72.751991	1026.260986
21.95	299.14859	-6.940408	1029.755371
21.96	300.214508	-129.194107	1036.228271
21.97	299.641113	20.560646	1032.110229
21.98	299.557861	33.444935	1033.633789
21.99	298.859589	-114.215729	1031.921997
22.0	299.263275	-137.917404	1024.57605
22.01	300.304718	-247.730896	1030.685791
22.02	298.574493	50.972534	1033.925903
22.03	299.714447	-81.610695	1037.271729
22.04	300.52179	-6.486176	1034.576904
22.05	299.69693	-80.890717	1030.768188
22.06	299.645874	140.164566	1039.705933
22.07	301.178711	-14.438443	1034.326416
22.08	300.860352	67.243965	1031.719482
22.09	297.483582	15.073944	1032.527344
22.1	302.100189	124.327698	1037.223877
22.11	300.168396	130.855896	1038.916504
22.12	302.056335	37.495071	1035.292847
22.13	301.470673	-139.391739	1023.731628
22.14	302.238434	104.114586	1034.245728
22.15	301.472626	118.030251	1036.941772
22.16	302.064453	-11.400817	1030.664062
22.17	299.722778	42.892742	1035.067505
22.18	301.302582	115.274117	1033.84021
22.19	298.63028	128.087265	1034.190186
22.2	301.316589	-34.708088	1030.864746
22.21	300.894745	202.38176	1038.341553
22.22	299.77417	-28.794573	1037.802002
22.23	299.111938	39.976162	1030.909424
22.24	300.082794	212.933426	1034.889648
22.25	301.236572	-6.949068	1031.053589
22.26	300.948364	-341.306824	1022.168762
22.27	301.076172	-33.40535	1032.244629
22.28	301.689423	50.847946	1033.842529
22.29	300.370361	79.009132	1037.183105
22.3	299.722778	111.353821	1037.176758
22.31	298.650208	145.574448	1032.973022
22.32	300.493896	-34.065975	1028.064575
22.33	299.031281	-198.453674	1034.088379
22.34	298.428528	-60.401489	1027.724731
22.35	301.521973	51.586529	1028.419189
22.36	301.44519	262.11264	1034.667114
22.37	301.445587	-159.041962	1028.758545
22.38	298.34726	1.865417	1030.626709
22.39	298.635651	62.131947	1033.772705
22.4	301.074341	-63.445606	1031.099976
22.41	298.686707	66.397491	1034.47583
22.42	299.79599	-56.591351	1036.107178
22.43	298.485718	-7.356236	1027.864624
22.44	299.938721	21.805115	1030.593628
22.45	299.444153	-21.921127	1031.300049
22.46	299.228424	-101.740196	1028.902954
22.47	299.013977	70.908546	1033.510986
22.48	300.534637	-204.161499	1029.254517
22.49	301.337433	25.62221	1029.010498
22.5	299.331024	11.655835	1029.284912
22.51	299.603638	-68.116997	1035.993042
22.52	302.02655	114.414467	1036.510132
22.53	299.999847	-50.418842	1039.415161
22.54	299.874969	-60.696827	1027.678467
22.55	297.61676	-51.662769	1032.298096
22.56	301.050323	171.373703	1036.421631
22.57	301.610657	-76.491829	1027.579102
22.58	299.215027	57.090618	1037.828735
22.59	298.962769	-36.93441	1032.993774
22.6	300.8974	-14.736615	1028.009033
22.61	299.867035	-35.495159	1036.857666
22.62	301.442047	15.837505	1028.334229
22.63	300.602264	-213.449997	1028.098145
22.64	300.385742	0.506365	1030.977905
22.65	300.468353	23.970957	1037.808716
22.66	300.030487	-34.320553	1030.920532
22.67	298.462921	-47.715702	1034.493896
22.68	298.529144	35.290897	1031.050171
22.69	297.687073	113.751106	1033.348511
22.7	300.62323	354.843628	1034.522583
22.71	300.424835	222.416306	1036.758667
22.72	300.62323	9.814545	1032.354492
22.73	301.242218	-86.999115	1026.970947
22.74	300.52417	-275.044617	1024.261597
22.75	300.006073	-103.245979	1027.77124
22.76	300.880157	-66.571632	1035.523804
22.77	301.334808	262.300049	1041.598877
22.78	301.068176	75.064507	1037.668823
22.79	298.190155	30.88212	1030.819092
22.8	299.009094	-153.627396	1034.233643
22.81	299.842896	-18.741165	1026.190674
22.82	300.790283	-115.892906	1028.037109
22.83	300.575836	39.233681	1030.464478
22.84	301.198364	8.529549	1038.995361
22.85	301.113953	294.719849	1033.44458
22.86	300.269135	48.495205	1033.317139
22.87	299.927399	14.953801	1035.020752
22.88	299.551056	147.685593	1036.184448
22.89	300.783966	4.498293	1032.10144
22.9	299.237579	104.590424	1028.456543
22.91	300.812317	-28.267817	1029.991699
22.92	299.657104	12.565681	1036.762695
22.93	301.089142	16.505661	1032.470947
22.94	299.159576	44.898663	1028.40332
22.95	301.064331	-84.526382	1030.012451
22.96	298.136383	-25.82058	1025.28064
22.97	301.894684	98.98526	1035.315308
22.98	299.214386	120.147247	1035.851929
22.99	300.436005	-36.323528	1027.062256
23.0	298.899078	274.454102	1039.639893
23.01	299.266693	192.921188	1039.551147
23.02	301.60376	-19.743448	1033.601562
23.03	298.676056	-77.574982	1030.992554
23.04	299.209076	40.226295	1028.876465
23.05	299.066589	35.625034	1033.928833
23.06	299.796417	38.623348	1038.606445
23.07	300.332764	-89.97776	1027.685791
23.08	299.531982	-56.202534	1031.795288
23.09	300.0336	-216.890137	1025.930908
23.1	300.074036	10.932307	1030.189819
23.11	300.359833	176.703918	1039.04126
23.12	301.633545	-139.824158	1024.887817
23.13	300.033752	-39.20977	1033.875366
23.14	299.596222	-36.473667	1037.625
23.15	300.814697	-96.445885	1026.766724
23.16	300.484619	-110.800697	1035.332642
23.17	297.829773	-17.345652	1035.491699
23.18	299.596558	210.835526	1033.508911
23.19	298.393188	-176.530075	1032.179443
23.2	300.42923	55.236553	1030.843872
23.21	300.913055	-89.205528	1032.973022
23.22	301.170013	79.240303	1029.740845
23.23	298.683685	-284.639557	1021.385742
23.24	300.888702	200.009048	1042.564453
23.25	302.351196	4.140818	1031.533569
23.26	301.433655	151.338257	1038.185547
23.27	301.483704	6.408121	1034.122681
23.28	301.106812	-20.061335	1033.040894
23.29	300.321747	97.870659	1030.020264
23.3	299.192352	71.583717	1030.579956
23.31	300.235474	-124.821899	1030.623657
23.32	298.926056	-139.062119	1031.047485
23.33	299.945343	175.371353	1035.36438
23.34	298.586823	110.724525	1035.703369
23.35	300.089264	23.511358	1026.432617
23.36	299.884827	-22.89102	1026.788818
23.37	300.421234	67.575104	1035.542847
23.38	300.465179	154.248184	1041.134399
23.39	298.16217	69.707375	1034.938843
23.4	299.06308	67.8284	1036.819092
23.41	299.231415	-21.192196	1028.842529
23.42	298.219055	-54.777588	1030.012085
23.43	297.995056	86.605003	1034.653198
23.44	301.027802	46.49715	1035.953735
23.45	298.617188	-127.809662	1026.545288
23.46	298.571106	-133.408066	1025.962036
23.47	299.578735	-44.456436	1030.229614
23.48	300.452026	-89.524162	1027.793945
23.49	300.661499	21.722048	1035.690308
23.5	299.420929	-64.484444	1036.759521
23.51	299.955505	84.002319	1030.82019
23.52	299.420074	-18.543497	1029.164673
23.53	299.584656	97.358345	1036.71582
23.54	300.524292	458.763519	1046.921143
23.55	300.692505	36.594692	1038.333984
23.56	300.479675	-3.60058	1034.015015
23.57	299.379761	-30.095932	1029.255493
23.58	299.925018	99.452171	1042.930786
23.59	298.717316	-67.413673	1030.914917
23.6	299.961945	137.252579	1032.103149
23.61	301.361237	44.628941	1037.299072
23.62	299.916351	64.673149	1033.535278
23.63	298.322418	-95.211876	1028.17041
23.64	299.422638	-188.659134	1026.371094
23.65	300.457489	-92.254066	1029.930786
23.66	299.919678	-58.299652	1031.458618
23.67	299.891663	93.339806	1036.796631
23.68	299.833771	96.814796	1031.897339
23.69	300.526611	96.041298	1039.283447
23.7	299.826385	238.014084	1033.919312
23.71	299.751892	-152.509827	1027.216309
23.72	298.212616	-224.632996	1025.950195
23.73	299.726868	-166.965622	1025.451172
23.74	301.391541	143.089401	1036.662964
23.75	301.929565	180.304733	1034.097046
23.76	301.194519	108.30703	1036.956421
23.77	298.645844	55.254795	1033.873657
23.78	298.141907	-47.588223	1032.356079
23.79	299.19519	99.738678	1038.840942
23.8	299.405243	95.201813	1033.584229
23.81	300.649323	165.238785	1037.498047
23.82	300.384308	-9.926925	1031.948853
23.83	300.323578	-95.68396	1028.506592
23.84	299.079681	-51.59639	1026.014404
23.85	300.485748	95.306252	1037.848633
23.86	300.01059	22.194815	1032.443115
23.87	298.826324	98.669983	1036.01123
23.88	300.435547	48.733631	1033.467041
23.89	300.674225	96.99691	1036.140625
23.9	300.705261	-148.181442	1031.369263
23.91	301.348846	-163.680435	1031.634155
23.92	300.70285	40.959293	1031.905762
23.93	299.731445	68.367592	1029.299316
23.94	298.555084	147.686691	1038.303223
23.95	301.096039	184.657059	1033.115479
23.96	300.60495	-23.483301	1029.195068
23.97	298.189697	1.300448	1027.896851
23.98	299.890747	-92.596046	1034.337402
23.99	301.446716	-46.149124	1029.963867
24.0	299.504303	341.594269	1039.353882
24.01	301.040771	-3.185092	1033.34314
24.02	298.467743	-53.442654	1031.421997
24.03	299.332123	22.391603	1031.613647
24.04	297.364746	92.820625	1038.876465
24.05	299.681976	124.749687	1039.328491
24.06	301.450043	75.896904	1031.91272
24.07	299.540466	73.435883	1031.609375
24.08	299.682434	23.178217	1039.037842
24.09	300.387665	-8.59937	1027.603394
24.1	298.912689	-134.524918	1024.289307
24.11	300.757568	129.092941	1037.186401
24.12	299.281616	199.891464	1037.057617
24.13	299.247375	119.764076	1040.838013
24.14	299.918121	-22.772415	1030.327759
24.15	302.048676	-110.423698	1027.910645
24.16	300.000092	-162.024521	1026.344727
24.17	300.271545	6.866491	1030.892334
24.18	299.456268	43.138287	1030.03064
24.19	299.276062	-12.700737	1034.880615
24.2	300.659088	-73.495766	1032.72937
24.21	300.148926	136.300217	1034.382202
24.22	299.195862	-190.556717	1028.17749
24.23	299.569244	-269.988403	1028.406372
24.24	299.721252	42.702389	1035.349609
24.25	299.225739	-66.690323	1027.828979
24.26	300.715607	198.934326	1041.514648
24.27	299.529633	78.385155	1032.736084
24.28	301.371857	-107.037941	1030.305054
24.29	300.059448	92.79911	1036.487427
24.3	299.840546	-124.193901	1028.73584
24.31	302.062805	-88.58432	1028.686768
24.32	299.528076	-156.230698	1030.153687
24.33	300.454742	-6.371385	1031.88501
24.34	299.00885	141.809967	1040.328247
24.35	300.155975	156.25853	1035.295288
24.36	301.00708	68.547386	1032.069336
24.37	300.535187	-115.092461	1032.580444
24.38	300.999237	-193.887497	1030.632446
24.39	300.531158	10.733429	1032.955078
24.4	300.247009	246.925858	1041.578979
24.41	299.646545	150.911148	1033.680664
24.42	299.727356	-52.027496	1025.424683
24.43	302.146271	-204.154282	1026.039917
24.44	299.460052	-144.968872	1034.310181
24.45	302.547882	0.631841	1033.41748
24.46	300.439362	-69.881355	1020.233643
24.47	300.41922	-88.862312	1033.672485
24.48	299.049988	-52.622837	1037.365479
24.49	300.433228	-21.191702	1035.035156
24.5	302.471497	35.789848	1030.678711
24.51	298.781311	-187.901413	1028.589111
24.52	300.995331	-13.263969	1030.053711
24.53	299.571381	52.722309	1030.122803
24.54	299.830505	118.385002	1036.012085
24.55	300.470306	57.115753	1025.431152
24.56	299.434204	-71.871315	1023.266907
24.57	301.006927	141.092529	1035.262939
24.58	300.810089	31.324244	1034.583252
24.59	298.917633	74.413338	1036.448608
24.6	300.409576	-156.029556	1030.670166
24.61	300.000519	106.334084	1033.590454
24.62	299.808258	81.444824	1037.279785
24.63	299.51004	-46.677158	1032.624268
24.64	297.503082	-200.06813	1030.634888
24.65	299.436829	-112.75724	1029.914062
24.66	300.835449	40.546444	1034.193359
24.67	300.204773	8.149816	1031.092163
24.68	301.296265	80.714012	1032.448364
24.69	300.929016	-31.772284	1031.219604
24.7	299.453308	-64.592567	1034.091797
24.71	299.193909	17.658533	1026.419678
24.72	302.024323	138.018875	1036.029419
24.73	300.46405	74.829475	1033.566406
24.74	300.749268	46.01506	1036.816406
24.75	298.474976	-180.04924	1033.219604
24.76	299.67099	-46.256207	1029.443604
24.77	300.502594	-123.377167	1027.180176
24.78	300.823914	71.459045	1032.683838
24.79	299.760406	178.569214	1037.255981
24.8	298.152893	-3.890592	1030.56604
24.81	300.395813	127.603798	1036.027466
24.82	299.917877	154.194168	1034.643066
24.83	301.81955	23.849791	1029.398804
24.84	301.503052	35.651058	1037.319092
24.85	299.37796	-208.11731	1024.688232
24.86	298.119965	-6.347136	1032.561157
24.87	299.776337	166.445938	1035.636597
24.88	301.650909	-101.263588	1024.226318
24.89	301.296997	214.145004	1031.643433
24.9	299.328552	-267.646637	1027.272583
24.91	300.2323	-156.827316	1023.170166
24.92	298.386017	111.534233	1036.059082
24.93	299.881958	223.321121	1040.597534
24.94	299.419006	-82.057526	1028.469482
24.95	301.263123	-68.818947	1026.579468
24.96	300.540192	175.850479	1033.312744
24.97	303.26947	-70.405334	1033.268311
24.98	301.257172	-28.033539	1034.02356
24.99	299.502228	19.087885	1032.89978
25.0	300.665222	-56.920506	1034.961426
25.01	300.997406	79.198166	1036.601318
25.02	300.9935	-60.8367	1033.253052
25.03	299.658813	-49.724606	1033.953613
25.04	298.941467	-57.26474	1033.156738
25.05	300.820862	-75.407288	1026.091553
25.06	301.531006	63.829517	1035.493408
25.07	299.812439	-119.643013	1030.579224
25.08	300.166412	57.215851	1034.295776
25.09	299.002136	49.446331	1028.952759
25.1	302.076813	-37.799198	1032.799683
25.11	299.750763	81.508751	1039.849365
25.12	299.098267	3.265854	1035.207642
25.13	300.370575	-23.647652	1033.586182
25.14	297.754761	-239.697205	1026.019653
25.15	300.227234	-228.4991	1033.449951
25.16	299.674469	40.259251	1031.681885
25.17	301.097778	265.75354	1032.181519
25.18	299.622864	138.662003	1042.916748
25.19	299.114685	34.802135	1038.255127
25.2	300.333527	7.087971	1035.986084
25.21	301.801514	163.161987	1034.098389
25.22	301.420227	-48.197224	1033.179443
25.23	300.409821	15.772885	1025.885864
25.24	300.140594	-152.97319	1027.035645
25.25	300.165405	102.798943	1033.935059
25.26	300.54364	234.409988	1040.121826
25.27	300.530548	10.110694	1038.934326
25.28	299.149414	39.655121	1030.870117
25.29	301.247192	113.555603	1038.551392
25.3	299.708923	56.911121	1035.94519
25.31	298.340851	69.943932	1030.771606
25.32	300.389526	103.695557	1036.949219
25.33	300.586823	98.61779	1034.107788
25.34	300.137329	-67.349083	1028.642822
25.35	298.410828	-143.567871	1031.55542
25.36	298.563721	-2.416013	1037.161987
25.37	298.553436	-128.400223	1027.296143
25.38	301.067902	-25.827888	1033.035767
25.39	298.464752	-35.624592	1035.993286
25.4	300.656555	103.312927	1033.292847
25.41	300.921783	131.313614	1029.946045
25.42	300.599609	-13.591675	1037.012085
25.43	300.606537	87.778725	1033.858765
25.44	300.612183	1.561994	1032.780884
25.45	300.496674	-120.335518	1030.148682
25.46	299.582153	-27.253275	1034.149902
25.47	299.332916	150.52536	1027.052002
25.48	299.792725	-47.867664	1035.058838
25.49	299.076721	58.552471	1039.151611
25.5	301.394348	-3.333647	1031.391235
25.51	299.505035	-165.567917	1027.481689
25.52	298.60379	-38.096371	1031.358032
25.53	301.734253	-90.738747	1030.362061
25.54	300.762421	44.605591	1032.834595
25.55	298.165863	-45.553211	1029.313477
25.56	298.628387	-93.362122	1028.157715
25.57	300.893707	-6.860419	1032.677979
25.58	300.240326	-98.346313	1029.119629
25.59	300.519623	-133.172165	1026.475708
25.6	298.765747	-151.254639	1027.024048
25.61	299.710602	-24.929785	1028.873291
25.62	300.647919	78.45105	1034.330933
25.63	301.58786	28.23995	1034.245361
25.64	299.622742	212.86731	1038.108521
25.65	300.060303	72.027641	1037.850586
25.66	300.930237	102.090935	1028.255371
25.67	302.256042	-62.157505	1028.785767
25.68	299.57312	171.552979	1038.077148
25.69	298.705475	59.364643	1039.250122
25.7	299.956757	-146.395157	1032.283691
25.71	300.30481	-96.448395	1025.618408
25.72	299.516083	0.983248	1026.752441
25.73	299.903748	59.551392	1029.546021
25.74	299.358643	-377.599243	1025.44812
25.75	299.690063	-179.520203	1024.553467
25.76	299.919098	-177.492752	1026.163452
25.77	299.373169	-54.5103	1032.560425
25.78	299.188324	2.682606	1034.044556
25.79	300.787079	179.412796	1033.380981
25.8	299.384888	-52.955246	1029.234863
25.81	298.005524	12.534291	1029.547119
25.82	299.664886	-199.937134	1027.890991
25.83	298.909637	14.227979	1034.14917
25.84	298.556305	88.746559	1032.694092
25.85	298.11084	106.344269	1035.397217
25.86	298.639465	-58.967564	1034.342896
25.87	299.332397	40.412689	1034.395264
25.88	299.05545	-47.336456	1031.76001
25.89	299.137756	-10.259186	1032.550537
25.9	300.141296	21.802439	1035.871704
25.91	300.980042	-14.656418	1033.809448
25.92	299.78476	125.33506	1035.221802
25.93	300.347412	124.861122	1032.942627
25.94	303.287079	188.376236	1034.44165
25.95	300.675446	13.163849	1031.180298
25.96	299.503967	-24.016243	1032.408936
25.97	300.833374	31.280024	1028.976929
25.98	299.640503	-191.714355	1030.514771
25.99	300.497437	26.158529	1035.939819
26.0	299.979919	-137.837967	1029.116455
26.01	297.671967	48.12878	1035.942017
26.02	301.291016	24.558737	1027.373657
26.03	299.856689	71.190575	1027.669922
26.04	300.118866	-52.3288	1031.984741
26.05	300.81424	-29.844101	1026.771973
26.06	300.491852	34.178318	1031.473755
26.07	299.686401	97.702599	1035.398804
26.08	299.413208	-52.313736	1030.438477
26.09	300.953156	60.244812	1025.548462
26.1	300.817413	-81.434517	1029.003052
26.11	300.375946	46.011902	1034.181152
26.12	298.293793	-107.639351	1036.025635
26.13	301.310486	-87.794014	1026.963013
26.14	299.358887	-20.017811	1030.703003
26.15	301.323181	-95.300316	1033.179565
26.16	300.11615	-46.164078	1028.286865
26.17	300.11319	-139.416611	1033.509399
26.18	300.089813	59.732479	1031.040894
26.19	299.521271	55.434849	1033.192383
26.2	301.474762	129.532715	1036.4021
26.21	298.817505	9.642877	1027.424316
26.22	302.340057	-55.333454	1028.537476
26.23	299.792572	105.423248	1032.711548
26.24	300.593658	66.647827	1039.605835
26.25	299.503448	75.561485	1035.172607
26.26	301.748749	99.841301	1029.416382
26.27	297.833038	-28.020828	1028.431274
26.28	299.47644	-103.959969	1030.505615
26.29	301.368591	-121.848259	1025.633423
26.3	301.520233	-171.994888	1027.291382
26.31	299.155762	-248.188492	1024.10022
26.32	296.822388	-0.356252	1031.031494
26.33	299.177185	-117.036926	1025.438232
26.34	297.665192	-39.990726	1030.247681
26.35	300.28717	44.454838	1033.833008
26.36	300.098419	84.291924	1035.143799
26.37	300.306091	84.700371	1032.895264
26.38	299.771545	14.859006	1033.438721
26.39	300.295502	-101.871681	1026.592285
26.4	300.054321	31.738249	1030.647949
26.41	301.147461	110.037041	1035.036987
26.42	298.074768	154.37468	1038.193848
26.43	301.462097	211.424927	1036.341431
26.44	299.217682	-45.54364	1034.651367
26.45	299.840607	252.089249	1038.291626
26.46	299.78537	336.610077	1041.358276
26.47	299.645203	-67.055931	1031.234497
26.48	301.077362	221.118088	1032.200195
26.49	299.81839	129.763809	1037.167847
26.5	300.039307	-72.80201	1029.760986
26.51	298.186188	-17.656456	1029.66687
26.52	298.558014	-53.247997	1035.145996
26.53	300.963837	36.73941	1031.85498
26.54	301.515717	-76.032509	1026.434448
26.55	301.769836	116.898834	1035.450195
26.56	297.777679	3.560446	1034.99585
26.57	298.72287	119.805824	1033.795776
26.58	300.852356	51.061691	1036.180176
26.59	301.411072	214.4599	1040.025391
26.6	300.127441	-91.878227	1030.807983
26.61	299.001373	58.275639	1032.302002
26.62	299.296844	-85.194984	1030.533936
26.63	301.584412	-75.325409	1030.618408
26.64	300.318634	-57.940495	1035.639282
26.65	299.097778	-61.000134	1029.976807
26.66	297.152344	-9.056516	1031.671021
26.67	300.435822	57.163204	1036.631104
26.68	300.90451	26.328409	1024.866089
26.69	299.388184	-111.457787	1029.196411
26.7	299.88382	131.871109	1037.18396
26.71	299.427765	12.400172	1033.412476
26.72	301.429596	-45.305634	1036.604614
26.73	299.565247	19.366955	1032.912842
26.74	299.810547	-41.310349	1033.845215
26.75	298.8237	-46.289703	1032.887817
26.76	300.661346	-15.52563	1034.211182
26.77	301.731323	-55.446209	1030.182373
26.78	300.304749	-105.505318	1032.170166
26.79	300.562958	-191.099869	1031.084106
26.8	301.420288	124.052849	1035.903564
26.81	299.420013	16.99733	1031.534424
26.82	300.152985	216.554428	1043.410156
26.83	299.782806	-32.013424	1032.4375
26.84	300.20163	-80.442917	1029.944458
26.85	299.617188	8.284663	1027.787109
26.86	299.126984	150.775436	1036.048584
26.87	302.443756	-120.136009	1027.539062
26.88	301.048279	60.230373	1034.250122
26.89	299.806274	110.259666	1035.014648
26.9	300.624268	168.741226	1037.078735
26.91	301.07019	38.934872	1033.635132
26.92	300.248779	115.715004	1034.637817
26.93	298.13092	160.948013	1034.835815
26.94	298.004364	82.680916	1032.663452
26.95	299.003937	-222.022949	1023.99707
26.96	299.669678	25.896597	1036.620361
26.97	300.738617	61.08345	1038.512817
26.98	298.881012	-17.143244	1029.97229
26.99	299.564331	-75.025246	1030.976562
27.0	299.148407	-67.887367	1027.974487
27.01	301.878143	-20.082685	1034.071045
27.02	299.121155	76.844757	1033.04834
27.03	300.125336	161.995392	1031.179199
27.04	300.016022	-67.015144	1031.843506
27.05	298.083435	-81.680359	1036.891968
27.06	298.743683	-35.623062	1026.825317
27.07	300.75946	-108.449196	1036.928589
27.08	299.941772	25.369431	1031.272461
27.09	301.038849	17.309366	1034.69458
27.1	300.967804	155.073761	1038.867432
27.11	299.499908	-168.647934	1029.674316
27.12	298.628998	58.339359	1036.066772
27.13	301.469299	92.564903	1035.010376
27.14	299.348724	127.207741	1029.397339
27.15	300.126892	-133.766052	1034.607666
27.16	299.974457	6.277921	1031.295288
27.17	300.82959	-97.086571	1034.46936
27.18	299.815399	57.529724	1035.066162
27.19	300.673035	67.12072	1030.158569
27.2	300.696838	-97.849609	1032.186646
27.21	299.346558	-101.147766	1028.729492
27.22	301.250854	305.627991	1037.037231
27.23	298.155731	-93.047241	1037.408081
27.24	301.667084	-39.621494	1022.329407
27.25	301.733643	-32.430607	1027.772583
27.26	300.169891	35.62582	1033.967285
27.27	300.631927	98.335022	1031.339111
27.28	300.046509	-192.704346	1023.839294
27.29	297.496918	-113.943764	1021.647705
27.3	301.551605	119.951256	1034.666626
27.31	300.121857	132.771606	1033.156006
27.32	301.593109	119.422363	1031.609131
27.33	301.161133	-233.773483	1023.261963
27.34	300.243896	-15.091929	1037.648315
27.35	299.562622	61.31319	1039.16687
27.36	300.771149	80.53791	1038.599243
27.37	300.299408	-47.95171	1023.492554
27.38	299.876007	-191.070938	1031.628296
27.39	300.655762	210.003098	1039.824951
27.4	300.34491	38.79797	1030.405518
27.41	299.625397	-28.817863	1032.359497
27.42	297.234497	14.217275	1031.864624
27.43	299.63736	-157.704849	1026.257812
27.44	300.452148	10.131145	1035.352661
27.45	302.868011	5.689222	1036.592773
27.46	300.896454	122.573975	1032.557739
27.47	297.520416	-148.495529	1026.250732
27.48	302.106079	-87.823997	1024.334351
27.49	299.220886	123.382851	1033.876343
27.5	300.948212	-44.68475	1029.928833
27.51	301.077789	51.382687	1041.477173
27.52	299.836365	8.254079	1032.241699
27.53	300.092804	7.890395	1034.285889
27.54	300.459534	151.046173	1036.129395
27.55	299.967743	55.141071	1027.884521
27.56	300.360168	166.118393	1037.073364
27.57	299.411285	65.194023	1031.669189
27.58	299.225372	-138.994308	1025.002075
27.59	299.826599	16.512688	1034.888916
27.6	299.441223	44.959473	1034.537231
27.61	299.858643	-107.221748	1026.762207
27.62	297.723602	-54.524872	1027.605469
27.63	300.292328	-159.536789	1029.598267
27.64	296.952423	-178.04248	1031.848022
27.65	300.111603	11.801647	1029.574707
27.66	299.610474	45.476246	1028.097412
27.67	300.445251	29.491667	1035.097412
27.68	300.248871	47.705608	1029.592407
27.69	299.91391	-137.96965	1032.750366
27.7	299.692627	-25.805902	1033.305054
27.71	300.429474	114.009949	1035.570312
27.72	299.771118	-85.453423	1030.919678
27.73	297.659119	-71.317932	1032.048096
27.74	299.973602	-165.35614	1030.898315
27.75	298.352448	-269.472687	1025.02417
27.76	298.397125	141.109299	1038.524902
27.77	298.65979	-57.654858	1031.843018
27.78	299.702271	-20.274939	1028.595459
27.79	299.729553	-39.897152	1034.247559
27.8	298.780853	-127.076538	1029.035645
27.81	299.252014	-36.592648	1031.042358
27.82	301.944641	94.801872	1037.121826
27.83	298.69281	-62.016735	1027.314209
27.84	300.797028	35.32571	1028.202393
27.85	300.787292	-19.15654	1032.879272
27.86	299.007996	-17.490026	1034.995361
27.87	297.263947	-56.309353	1034.660767
27.88	299.154083	-21.264387	1034.935547
27.89	300.108368	50.106384	1034.539307
27.9	301.776611	-184.646317	1026.701172
27.91	300.313416	-33.643459	1029.966431
27.92	300.076569	-89.570702	1026.346069
27.93	300.842621	-61.387844	1030.036621
27.94	299.059906	-92.82476	1033.574585
27.95	300.111847	191.735962	1034.249878
27.96	299.429565	-38.204441	1028.505493
27.97	301.194977	-78.803192	1034.338379
27.98	301.173615	110.601074	1036.810669
27.99	299.33493	-154.137802	1029.653076
28.0	299.669037	-137.626785	1026.978027
28.01	300.583771	0.65743	1038.084473
28.02	299.207794	-74.331947	1028.762329
28.03	299.704742	136.28624	1034.927612
28.04	301.225098	-34.62199	1029.615112
28.05	300.952393	-4.404948	1026.631958
28.06	299.141907	-220.576599	1027.740356
28.07	298.873627	58.776234	1034.354736
28.08	301.309235	-144.722	1030.99939
28.09	300.332336	65.275612	1038.875488
28.1	299.633575	116.783531	1033.865234
28.11	301.088623	59.465992	1029.334473
28.12	300.201385	-246.961182	1026.142578
28.13	298.598511	-29.951014	1035.192749
28.14	300.147919	150.375626	1040.786011
28.15	299.683624	-84.269234	1032.283691
28.16	300.265381	-84.748878	1031.10376
28.17	301.288544	101.576569	1038.737549
28.18	299.313568	132.440613	1034.218506
28.19	300.4086	4.366895	1036.162598
28.2	301.617859	219.898758	1035.131836
28.21	299.588531	-75.99192	1031.054199
28.22	300.270111	15.46946	1034.562744
28.23	299.885712	4.487234	1034.496582
28.24	301.55127	-73.771896	1026.495728
28.25	301.489319	19.710623	1031.667847
28.26	300.069275	-81.493919	1029.865112
28.27	300.955933	-255.578018	1030.015625
28.28	301.566437	95.921104	1031.118896
28.29	301.066559	-39.484921	1032.167114
28.3	299.123413	-77.746391	1031.659668
28.31	300.249451	-169.069504	1028.689209
28.32	298.8414	15.850127	1027.248047
28.33	300.346863	-186.426346	1028.061768
28.34	299.162933	-107.754463	1027.823608
28.35	300.93219	140.248245	1032.51355
28.36	299.440308	188.124817	1038.619629
28.37	301.750061	-10.382991	1030.979004
28.38	300.239258	-147.234268	1035.848755
28.39	299.549255	69.339287	1029.287354
28.4	300.818237	99.277275	1031.738892
28.41	301.066864	-126.93914	1029.130737
28.42	300.401947	-102.17807	1034.955933
28.43	300.635651	-55.983093	1029.98645
28.44	300.724304	-120.520058	1025.221313
28.45	300.146851	-59.83836	1024.890259
28.46	299.531738	168.024353	1033.083496
28.47	299.748535	96.402893	1032.42688
28.48	300.732941	85.510376	1032.419189
28.49	299.321503	66.232285	1036.664551
28.5	299.577789	-12.784496	1035.481689
28.51	299.21344	-49.397266	1033.266968
28.52	300.233032	-60.093731	1032.275269
28.53	300.112457	35.115448	1028.87793
28.54	301.143951	32.264935	1027.656616
28.55	297.540527	133.843399	1029.025024
28.56	300.657562	57.174866	1033.632446
28.57	302.49353	-212.234924	1026.013306
28.58	300.26825	-106.986633	1027.007324
28.59	298.907623	138.125137	1042.03418
28.6	300.800262	83.710655	1036.070068
28.61	299.654999	145.378647	1035.708374
28.62	300.591431	4.995539	1033.613281
28.63	299.522217	-36.245548	1027.750854
28.64	300.805939	-184.288071	1028.689209
28.65	300.547852	11.637156	1028.38208
28.66	300.189301	-2.332329	1038.884277
28.67	301.520355	88.293068	1030.45459
28.68	300.220673	-15.542648	1036.396729
28.69	299.603394	131.470337	1035.311279
28.7	299.85791	73.504189	1026.653076
28.71	299.633209	-150.41243	1029.832397
28.72	299.277161	-185.298355	1021.643799
28.73	299.756836	-124.472038	1029.010498
28.74	299.953552	-136.669083	1033.476929
28.75	297.270203	5.786356	1036.100098
28.76	300.044281	-6.261776	1036.381226
28.77	298.861847	-135.89093	1026.097168
28.78	299.65036	65.399437	1033.904053
28.79	300.288757	-159.780075	1034.864868
28.8	300.291229	-98.804192	1029.268188
28.81	301.939331	-64.137245	1028.535889
28.82	299.922638	-118.1166	1025.28064
28.83	298.648376	-109.576561	1029.649048
28.84	299.286713	-11.220093	1035.537231
28.85	300.71991	30.992159	1030.703247
28.86	300.246765	-106.31324	1035.613892
28.87	299.984131	153.632675	1037.56543
28.88	300.782013	-65.496857	1029.25415
28.89	297.864594	-139.763046	1023.533813
28.9	299.576019	-39.638103	1028.501709
28.91	298.746521	40.527893	1030.366211
28.92	299.668976	-21.070129	1035.164429
28.93	299.817932	3.036212	1032.638184
28.94	297.908325	-25.5063	1032.559082
28.95	299.903137	162.370895	1038.462158
28.96	299.595764	-34.343761	1026.335571
28.97	301.209442	48.740124	1029.851685
28.98	299.67923	185.393677	1039.175659
28.99	300.154846	144.946564	1029.751221
29.0	302.292755	94.659569	1029.697876
29.01	300.64151	69.745262	1036.864868
29.02	302.138336	91.504372	1032.506714
29.03	297.318512	-184.244003	1029.420288
29.04	300.802643	29.990608	1034.026978
29.05	298.641907	-33.057774	1033.881592
29.06	300.65094	232.301437	1033.305054
29.07	302.139709	119.973358	1032.337769
29.08	299.120117	188.302048	1040.223999
29.09	300.878662	-167.309204	1025.555054
29.1	300.916626	41.212315	1031.713623
29.11	299.944611	82.771553	1036.529175
29.12	300.658569	48.634659	1035.179077
29.13	299.442078	34.259377	1037.922852
29.14	298.640381	55.029144	1031.673706
29.15	299.911438	182.584641	1032.742676
29.16	302.454376	22.717173	1033.650635
29.17	298.837372	-26.218069	1029.116699
29.18	301.159576	-159.632935	1025.222412
29.19	299.435791	-54.429108	1033.003052
29.2	301.256897	226.348129	1038.396729
29.21	300.55246	78.451836	1028.88147
29.22	298.239227	45.974163	1031.460327
29.23	299.239685	-177.649048	1030.721924
29.24	300.816956	-34.48727	1034.636719
29.25	300.351776	194.32576	1037.133911
29.26	300.227173	-159.654709	1031.483643
29.27	299.862244	-115.434105	1027.074219
29.28	300.249969	55.613445	1031.824219
29.29	300.129852	-15.84201	1029.784546
29.3	299.666443	19.703444	1031.689453
29.31	298.429077	49.474819	1035.817749
29.32	297.751068	-79.11544	1030.055908
29.33	299.579895	-52.102234	1034.528931
29.34	300.066772	168.09436	1032.762451
29.35	299.719574	-101.208069	1028.911377
29.36	299.018005	-215.570877	1023.6698
29.37	299.244232	180.862305	1042.709473
29.38	298.284393	146.532394	1032.844116
29.39	299.497711	-100.555443	1032.428711
29.4	298.525208	40.361973	1030.236572
29.41	300.036865	182.88295	1035.026001
29.42	300.664917	133.260025	1031.49646
29.43	299.315186	-125.843018	1032.26001
29.44	299.693359	-55.492065	1033.466553
29.45	300.653229	147.532654	1038.875122
29.46	300.726013	-16.529875	1033.146362
29.47	298.651428	-231.860916	1025.366089
29.48	297.940308	158.940048	1037.55481
29.49	299.081696	-86.409447	1031.883667
29.5	299.309021	-242.811966	1027.711914
29.51	298.771759	-87.535683	1030.805054
29.52	301.365295	56.761074	1030.080811
29.53	299.116699	-43.814442	1033.415283
29.54	302.104858	-140.717819	1029.709229
29.55	298.715179	89.73584	1033.797974
29.56	299.478912	-95.504089	1029.607788
29.57	300.294464	-53.592102	1030.10144
29.58	298.614624	-117.126228	1032.187134
29.59	298.865845	-5.90406	1029.548096
29.6	298.794922	-65.800926	1036.501587
29.61	299.969421	-172.910782	1028.865845
29.62	297.483185	122.778412	1038.924561
29.63	299.896729	150.945267	1034.749146
29.64	298.882141	92.556923	1036.143066
29.65	300.146301	120.529213	1043.572632
29.66	300.183075	-193.792038	1030.961182
29.67	300.444672	-142.512146	1029.507935
29.68	299.107147	-135.496063	1032.521484
29.69	300.024231	-26.280371	1031.064453
29.7	298.466766	-304.641907	1029.452393
29.71	300.200592	-52.720623	1028.461304
29.72	299.850952	-25.653334	1034.779541
29.73	298.210724	-137.139877	1030.89856
29.74	299.255493	-112.69883	1036.037964
29.75	299.553589	-80.99604	1031.293457
29.76	301.379547	-60.453049	1025.628662
29.77	299.0578	-205.879013	1028.282104
29.78	299.716461	95.778313	1038.108276
29.79	298.942871	43.728821	1035.463989
29.8	299.664368	132.194794	1033.874512
29.81	299.72934	-152.629486	1030.129639
29.82	302.487915	52.867199	1031.526245
29.83	300.301392	-58.125809	1031.525635
29.84	299.140015	10.707291	1036.61499
29.85	299.367645	-161.602386	1027.45105
29.86	298.670197	-117.920082	1025.962646
29.87	298.22171	18.084578	1032.432983
29.88	298.608215	118.427452	1036.333862
29.89	299.504242	-70.264214	1029.144165
29.9	299.021698	-31.40049	1034.439331
29.91	302.317322	32.492908	1031.005737
29.92	299.067047	52.289738	1034.990845
29.93	300.599915	-75.390892	1029.832031
29.94	299.900482	145.344101	1034.58252
29.95	299.565704	-187.661453	1027.805054
29.96	300.581299	28.373358	1029.508057
29.97	301.285004	-143.728317	1027.718628
29.98	299.770935	-129.811295	1032.647949
29.99	299.377686	68.463158	1033.037964
30.0	301.639709	-28.171446	1027.949341
30.01	301.25647	177.66626	1034.246704
30.02	298.514923	-34.453606	1029.871216
30.03	298.58493	-87.501854	1029.884521
30.04	297.784149	-177.980301	1036.186279
30.05	299.808563	63.882599	1032.06958
30.06	300.809692	-4.300044	1029.008911
30.07	297.689423	-249.546082	1028.702393
30.08	301.912994	6.912292	1035.990967
30.09	298.509064	34.263992	1033.705566
30.1	299.572906	16.336006	1029.047852
30.11	299.040283	-84.170753	1028.751099
30.12	296.693848	51.043198	1039.472046
30.13	298.88269	201.711502	1034.4021
30.14	298.748383	-1.996763	1032.842529
30.15	300.269501	85.497429	1033.237915
30.16	300.193665	-18.267485	1028.168091
30.17	300.336884	-196.925003	1031.213257
30.18	301.501648	-111.556213	1028.234497
30.19	300.096649	-85.493126	1027.334229
30.2	300.802612	13.345698	1031.572998
30.21	299.050385	215.862717	1039.870361
30.22	299.374634	175.703064	1038.057983
30.23	299.660461	4.865667	1030.537231
30.24	299.309357	86.538658	1035.254883
30.25	300.765869	-80.803902	1034.862427
30.26	299.569244	187.640121	1041.470825
30.27	298.998657	-44.121998	1032.123047
30.28	298.71344	-103.555153	1032.969482
30.29	300.352081	9.66851	1030.079468
30.3	299.218292	34.365341	1031.021729
30.31	299.088318	-110.124237	1031.888306
30.32	301.083923	-50.006092	1030.91333
30.33	298.527222	-116.404236	1032.088501
30.34	300.833435	-40.125702	1035.970947
30.35	299.24234	-81.924934	1032.436157
30.36	299.979553	-75.85041	1032.592041
30.37	301.057312	56.856949	1030.891113
30.38	300.500732	26.632666	1038.154663
30.39	301.928375	227.339188	1027.585815
30.4	300.911957	31.485718	1030.081421
30.41	298.866547	-103.650063	1025.322754
30.42	301.00116	10.446599	1028.023804
30.43	302.217255	241.179199	1040.529297
30.44	297.909729	97.010956	1031.802856
30.45	300.721313	38.872692	1029.457153
30.46	300.054749	-68.397499	1027.977051
30.47	299.443726	-202.726517	1028.405518
30.48	300.460724	96.98053	1033.862183
30.49	301.972046	-132.962845	1027.951904
30.5	298.897461	79.164345	1024.782837
30.51	299.223358	-65.683441	1032.793335
30.52	298.860138	258.832947	1037.426758
30.53	299.304749	35.041981	1034.091309
30.54	300.44458	-104.995079	1030.466064
30.55	301.917419	-161.458176	1030.218506
30.56	299.58905	-42.961536	1034.464844
30.57	300.711548	-126.083527	1031.22229
30.58	299.513031	-16.049911	1032.19751
30.59	301.585571	-16.858782	1030.626099
30.6	300.559479	-72.719749	1027.040283
30.61	299.17804	91.682259	1037.195923
30.62	300.06839	-33.621597	1033.018188
30.63	301.498444	278.116302	1039.106201
30.64	300.386414	40.413441	1033.853394
30.65	299.347107	-43.290264	1033.762085
30.66	299.188171	-6.851156	1031.59314
30.67	298.992432	137.516678	1037.789429
30.68	299.529114	-128.294495	1025.026001
30.69	298.716156	-93.418419	1033.190796
30.7	298.769501	127.979126	1035.07605
30.71	299.626221	33.326168	1030.923218
30.72	299.338623	93.467094	1043.506226
30.73	298.817902	267.117645	1035.351562
30.74	298.602417	-48.889923	1032.844849
30.75	299.227844	-61.096973	1026.744507
30.76	300.45816	-192.46431	1032.430054
30.77	301.673218	179.533493	1038.255981
30.78	300.2901	-124.060951	1029.360474
30.79	299.588593	204.780838	1038.266724
30.8	300.73642	119.841461	1038.035156
30.81	300.070679	-330.279266	1027.226196
30.82	301.36264	-111.552399	1024.747559
30.83	299.735748	-19.449837	1029.919312
30.84	299.578796	-197.507202	1030.062256
30.85	300.546356	155.433853	1032.035278
30.86	300.808289	62.427307	1037.109497
30.87	301.465546	129.745972	1037.631958
30.88	300.16571	127.807678	1035.78833
30.89	300.320709	-187.595337	1030.045776
30.9	299.490784	33.981922	1037.18335
30.91	299.569336	153.3125	1039.626831
30.92	299.987335	20.545544	1037.765869
30.93	299.19635	272.373962	1043.10083
30.94	299.783844	-50.235653	1034.97168
30.95	298.934937	-165.56868	1025.030273
30.96	300.303955	6.330411	1036.542236
30.97	298.570068	72.624855	1036.061646
30.98	300.748016	31.683863	1025.977173
30.99	299.257324	-82.52314	1025.229492
31.0	300.188324	-95.312645	1030.397339
31.01	299.565277	-143.680176	1029.597412
31.02	301.221924	97.158417	1038.95459
31.03	299.926758	-113.978508	1031.269531
31.04	300.066315	-26.615862	1037.594238
31.05	299.062744	-126.329803	1031.079102
31.06	299.467438	-175.614944	1021.763977
31.07	299.22821	-74.047951	1027.861694
31.08	300.019165	2.510264	1030.585693
31.09	299.936371	-27.489113	1032.992676
31.1	300.477386	41.169762	1037.681152
31.11	298.273743	-0.84432	1033.18335
31.12	299.530914	-0.358373	1036.391724
31.13	301.058594	128.281723	1036.434204
31.14	299.93631	-79.71891	1032.942139
31.15	298.293152	15.29099	1028.019653
31.16	300.44577	-164.33168	1027.752808
31.17	299.028564	-169.237686	1031.211426
31.18	300.083649	-51.440533	1028.428467
31.19	300.383636	-102.326363	1029.296509
31.2	299.334381	-129.375397	1032.65625
31.21	300.728546	-112.59906	1035.208984
31.22	300.745422	76.655701	1032.942383
31.23	298.292938	-7.584045	1036.891113
31.24	301.000366	-52.059952	1030.087646
31.25	299.749817	-352.07608	1029.660522
31.26	298.881653	-180.885559	1029.124878
31.27	298.307831	31.286804	1031.353027
31.28	301.393463	12.837407	1035.765137
31.29	298.784973	58.852459	1034.035522
31.3	297.728424	-88.509346	1030.767578
31.31	300.252045	22.749773	1034.001343
31.32	300.712219	68.691467	1034.528564
31.33	300.841553	-144.39888	1028.95459
31.34	298.955505	82.028229	1029.150879
31.35	299.360321	-44.501373	1025.677734
31.36	300.58905	44.320557	1037.381226
31.37	302.259216	48.997814	1040.108398
31.38	297.551971	43.555202	1036.631836
31.39	298.217926	-177.703659	1026.805054
31.4	300.425446	-32.914043	1029.180542
31.41	300.742584	-15.227336	1029.987183
31.42	298.428986	-47.156994	1032.842041
31.43	299.651703	111.787193	1033.804321
31.44	298.423737	293.768646	1034.2677
31.45	298.688019	89.597679	1029.631836
31.46	298.635315	-58.297138	1028.768433
31.47	299.990448	-34.967716	1027.398193
31.48	299.313019	-54.761974	1030.779053
31.49	302.105072	-90.147133	1032.211914
31.5	301.302734	-100.889854	1027.55835
31.51	299.764984	-102.030357	1028.495361
31.52	299.475891	-151.99736	1031.86377
31.53	301.972656	-12.819751	1032.55188
31.54	298.842255	48.211208	1037.435913
31.55	299.736084	-171.770798	1026.418335
31.56	299.264862	-123.35656	1031.458984
31.57	299.43335	-18.689522	1035.935059
31.58	302.294495	63.900257	1032.659668
31.59	300.916809	-219.178879	1026.592163
31.6	299.809784	6.842003	1033.2052
31.61	300.21933	-74.086922	1029.578003
31.62	301.412354	105.410675	1040.287109
31.63	300.560822	6.829319	1029.741699
31.64	303.320526	163.994385	1033.776978
31.65	301.629974	366.309814	1044.995728
31.66	299.015533	29.734976	1033.608521
31.67	299.36438	-74.359207	1030.642578
31.68	299.661469	30.14032	1029.109741
31.69	300.439636	-119.718567	1025.538452
31.7	300.709747	244.107132	1037.656372
31.71	300.326447	-49.688534	1033.428711
31.72	300.43457	-0.0294	1029.048096
31.73	301.780457	-148.929062	1026.515503
31.74	299.551453	-120.047523	1028.683594
31.75	301.432404	102.64048	1037.873047
31.76	300.58313	-41.675182	1030.790161
31.77	299.030273	-18.160498	1034.012329
31.78	301.379089	-92.209473	1024.734009
31.79	300.270111	-62.488556	1028.408936
31.8	298.841797	-184.217484	1029.148315
31.81	301.382355	-154.870605	1028.910034
31.82	298.601227	-5.61881	1031.935059
31.83	299.852844	44.388805	1029.534058
31.84	301.080505	-117.600769	1036.531006
31.85	299.407654	156.314346	1037.473633
31.86	299.432373	-115.889137	1032.378662
31.87	300.518005	-86.131935	1028.948486
31.88	300.903961	215.238724	1035.564575
31.89	299.467743	51.222225	1035.620605
31.9	301.525482	-10.056523	1033.239258
31.91	298.573395	-151.654648	1033.611694
31.92	301.020996	88.091301	1034.947266
31.93	301.683685	-44.33432	1026.392822
31.94	300.992889	-113.287605	1027.132812
31.95	300.468292	-127.703094	1030.163818
31.96	300.475403	-180.581604	1024.85083
31.97	297.790894	18.261744	1030.838867
31.98	298.972321	214.507309	1040.913574
31.99	299.694458	-166.080582	1026.801025
32.0	299.025177	-100.168449	1032.563599
32.01	299.167114	174.727798	1041.632812
32.02	298.477112	-253.319763	1032.362671
32.03	301.013855	40.26321	1029.918823
32.04	300.764832	-82.168861	1029.91748
32.05	298.678131	-51.460773	1032.373047
32.06	299.954193	-16.8482	1033.057739
32.07	299.303711	-81.184059	1030.531616
32.08	302.750214	-113.019737	1030.246826
32.09	298.650055	89.246925	1035.047119
32.1	300.922302	-35.850586	1033.285645
32.11	299.972168	-87.017151	1027.702759
32.12	299.479065	-45.966343	1031.304932
32.13	298.909698	-63.796391	1031.554077
32.14	300.156921	-73.484444	1028.838013
32.15	301.143036	144.942932	1035.307007
32.16	299.406433	59.986389	1035.510254
32.17	300.892487	228.71521	1034.216309
32.18	299.438019	4.499718	1030.872192
32.19	300.282623	-16.531649	1032.145874
32.2	299.004913	-175.163162	1036.5177
32.21	300.693665	-24.796814	1030.410278
32.22	300.073517	-112.009804	1034.813354
32.23	300.944153	-91.507118	1027.875732
32.24	300.218292	-90.931313	1038.529785
32.25	301.671448	173.273636	1036.37085
32.26	299.375061	160.079895	1035.43811
32.27	299.476624	35.921627	1026.783325
32.28	300.470856	61.442493	1038.198853
32.29	300.470886	-16.00263	1033.391968
32.3	299.961884	17.774979	1028.328735
32.31	299.547302	9.772574	1032.386597
32.32	296.766235	-10.196553	1026.39917
32.33	300.839539	-35.095379	1032.888306
32.34	300.189392	90.931664	1034.041992
32.35	300.057098	150.394211	1037.994995
32.36	300.085693	161.501297	1039.00293
32.37	301.818634	53.124237	1033.730103
32.38	300.645905	61.005604	1032.61731
32.39	298.942169	-48.77631	1028.388794
32.4	299.567535	-30.117088	1029.345093
32.41	300.844086	-84.032654	1030.78833
32.42	301.100159	-93.862999	1031.844727
32.43	302.123047	3.578344	1035.041504
32.44	298.686798	-137.513596	1030.247437
32.45	300.241699	88.072121	1030.546753
32.46	299.488342	-127.580437	1032.505005
32.47	299.379425	132.232819	1032.422852
32.48	300.65332	48.765018	1033.269897
32.49	301.531403	81.866951	1032.226807
32.5	299.706909	47.115616	1035.655273
32.51	301.89502	133.989456	1035.513184
32.52	300.680847	0.579397	1034.190918
32.53	301.603546	-221.370651	1029.594238
32.54	298.870636	72.213051	1034.911255
32.55	301.648102	-104.616058	1027.486694
32.56	300.431885	20.358253	1033.793945
32.57	302.300293	85.191078	1036.495728
32.58	298.593658	19.234535	1025.608887
32.59	298.501953	2.795639	1029.284668
32.6	300.507324	-95.114082	1026.541504
32.61	298.167542	188.622437	1037.435059
32.62	301.759705	25.744551	1029.617065
32.63	301.889404	-22.623871	1030.49707
32.64	300.705048	-48.216007	1029.196411
32.65	301.040497	-4.610119	1030.154541
32.66	301.206848	102.78315	1040.41687
32.67	299.558655	278.334381	1040.514771
32.68	300.927368	133.183838	1034.042969
32.69	299.785919	109.849678	1035.860229
32.7	298.730835	142.072556	1033.816895
32.71	300.289856	64.016945	1030.103394
32.72	299.585602	-51.712357	1031.727173
32.73	300.922424	104.659309	1033.11731
32.74	299.141022	26.86841	1032.544678
32.75	300.96524	-106.06369	1032.797729
32.76	301.720154	236.059647	1034.904419
32.77	300.341675	-26.307678	1033.599976
32.78	300.011444	57.190887	1031.12854
32.79	299.381866	-252.938797	1025.43689
32.8	300.164886	-78.542641	1031.539795
32.81	300.239777	97.969055	1029.469727
32.82	301.730804	123.841614	1034.88855
32.83	300.325104	-161.374374	1033.699951
32.84	300.869598	-164.383682	1030.887817
32.85	299.075287	145.685654	1038.196777
32.86	299.6716	95.594017	1035.651001
32.87	300.391113	-101.120094	1030.620483
32.88	298.717926	-102.313049	1028.065918
32.89	301.504639	26.506235	1032.518921
32.9	299.548096	-46.609161	1030.445068
32.91	300.728241	289.733032	1039.70813
32.92	299.585846	21.529541	1029.819336
32.93	300.393768	36.770302	1032.315918
32.94	300.685974	-234.028564	1024.952148
32.95	300.319855	87.043739	1034.000854
32.96	299.085663	37.655613	1033.607788
32.97	301.074799	88.643181	1034.541748
32.98	300.060455	6.064522	1032.373047
32.99	299.817902	-11.756465	1031.311279
33.0	300.418701	-236.769852	1027.439453
33.01	299.394379	-177.908203	1030.258301
33.02	299.372711	76.738014	1030.124268
33.03	299.341156	-9.775558	1027.841553
33.04	299.382843	1.773481	1034.670532
33.05	299.487793	-17.193954	1030.024292
33.06	299.731262	141.809982	1033.558105
33.07	300.301605	191.179733	1035.376953
33.08	301.467285	17.175768	1035.973267
33.09	299.163605	-129.639542	1028.212036
33.1	298.882874	-74.628586	1031.287231
33.11	300.193512	-0.459045	1031.543457
33.12	299.874817	55.719593	1035.615234
33.13	300.124634	20.494766	1036.80603
33.14	299.618286	-126.383583	1030.917603
33.15	300.650238	147.700348	1036.813232
33.16	299.966095	-23.77804	1034.657227
33.17	300.223907	73.199341	1031.989258
33.18	300.424805	-110.297546	1031.392822
33.19	299.758667	132.270767	1033.367432
33.2	300.147217	-85.092087	1028.199463
33.21	298.86322	-214.636826	1032.012085
33.22	299.453613	-95.409035	1031.255981
33.23	299.723175	-75.506737	1027.999512
33.24	300.586365	12.714742	1028.555298
33.25	300.24292	-56.181141	1033.360229
33.26	300.111298	226.066833	1034.101074
33.27	299.14267	96.415855	1038.384644
33.28	299.685455	-104.686584	1036.398926
33.29	297.970703	14.558177	1035.531006
33.3	299.376648	-110.727211	1034.870972
33.31	299.284241	52.170811	1035.769653
33.32	297.91156	-42.980484	1036.055054
33.33	300.573608	-104.663246	1036.400513
33.34	301.192322	223.255203	1037.67749
33.35	299.792847	166.720596	1029.756958
33.36	299.861267	-43.902985	1032.324951
33.37	298.305389	-53.391754	1036.086914
33.38	301.016083	-10.706717	1031.097656
33.39	299.367981	179.065842	1036.46167
33.4	301.899353	127.588112	1038.229736
33.41	300.894501	78.699463	1036.391113
33.42	300.224762	91.591187	1038.743774
33.43	299.911102	13.373736	1034.238892
33.44	297.48233	6.567502	1033.660522
33.45	300.585419	93.86335	1032.467773
33.46	300.013367	-63.563358	1034.944702
33.47	299.821655	-58.271351	1027.211548
33.48	300.358124	-211.068893	1025.809814
33.49	298.48642	-10.534944	1031.174194
33.5	300.361389	-7.803355	1031.444946
33.51	299.449219	-14.787883	1040.749756
33.52	302.234894	20.648119	1033.353271
33.53	300.784485	-63.141998	1028.466797
33.54	299.345093	62.403263	1036.672729
33.55	298.611145	-172.107132	1031.248779
33.56	299.590485	68.875954	1038.066528
33.57	300.493866	-60.591431	1032.107666
33.58	300.661377	-153.575439	1024.856812
33.59	299.799469	-207.449661	1027.749634
33.6	297.654663	52.741821	1035.499512
33.61	300.458405	-17.787741	1033.487793
33.62	300.049042	132.565201	1036.464722
33.63	299.057922	24.005827	1033.904419
33.64	300.08429	8.419139	1034.096069
33.65	301.628662	36.734962	1032.12915
33.66	301.045258	40.187374	1034.522217
33.67	297.883331	-33.622135	1034.096558
33.68	298.681183	-94.390747	1027.59436
33.69	298.36795	-59.060215	1033.391357
33.7	302.242828	-37.090199	1032.311646
33.71	300.631073	9.882145	1029.248413
33.72	299.251587	-20.839598	1028.510742
33.73	299.707855	-27.984594	1030.043945
33.74	300.857422	-74.392494	1035.051147
33.75	298.620056	331.796417	1040.744873
33.76	298.299866	-60.438808	1031.290283
33.77	299.5755	-61.729351	1029.004028
33.78	297.872681	21.300692	1030.769531
33.79	299.702606	-249.490295	1022.250061
33.8	298.898743	-148.83699	1031.297241
33.81	299.643341	119.955505	1042.672729
33.82	300.088684	-116.281563	1024.551025
33.83	298.083008	-166.140762	1029.920654
33.84	300.328857	76.413765	1033.332764
33.85	298.738373	44.829739	1034.60437
33.86	300.012695	103.866615	1032.784302
33.87	300.520111	30.70051	1026.884766
33.88	300.861206	-114.444008	1030.765259
33.89	299.220154	46.845409	1033.815796
33.9	299.570923	-84.24218	1033.837158
33.91	299.96344	-43.770954	1025.785034
33.92	298.232544	173.837082	1038.043701
33.93	300.162842	85.815651	1039.286865
33.94	300.610565	119.176178	1034.873047
33.95	299.808044	86.769012	1034.634033
33.96	299.489502	149.776794	1034.925903
33.97	300.315643	112.51461	1031.770752
33.98	301.689087	123.076393	1031.326416
33.99	299.339325	-11.157496	1034.9198
34.0	300.636597	-170.59404	1024.631958
34.01	300.040558	13.360982	1032.195435
34.02	300.921326	40.179287	1035.223145
34.03	299.149384	62.83255	1033.91687
34.04	300.745453	25.811121	1036.283936
34.05	301.349091	63.873764	1034.327026
34.06	297.711121	62.568119	1035.595459
34.07	300.096588	39.336163	1031.61499
34.08	299.771118	0.037814	1032.445557
34.09	299.068604	-50.376499	1029.217651
34.1	298.785675	-133.054443	1029.999756
34.11	301.616608	-54.714325	1032.329956
34.12	297.38858	-14.35126	1036.087769
34.13	298.956665	-9.938619	1036.663086
34.14	299.331482	-14.695862	1032.085083
34.15	301.040405	-165.360001	1031.609375
34.16	300.117615	-25.708694	1031.257324
34.17	300.731079	215.262756	1042.434326
34.18	300.220673	-70.285927	1033.505493
34.19	300.993835	35.092419	1032.572144
34.2	300.071381	7.095795	1032.621948
34.21	300.83255	-133.44574	1028.66272
34.22	298.686279	-15.69016	1029.601929
34.23	300.112061	-73.56665	1031.260254
34.24	298.087097	-41.18877	1033.703125
34.25	299.787292	178.072693	1036.449463
34.26	300.292816	-117.813141	1027.863525
34.27	299.89386	197.459763	1039.733276
34.28	298.279877	65.360603	1032.317993
34.29	299.581329	-154.969208	1030.393066
34.3	299.887146	-127.55381	1024.789673
34.31	299.392822	-199.508545	1028.092407
34.32	301.898712	68.617577	1035.443604
34.33	298.651672	-175.016418	1032.786865
34.34	300.381073	5.963409	1025.102173
34.35	298.979736	-165.203735	1029.55896
34.36	300.6875	-47.487213	1030.166748
34.37	297.889038	151.580933	1039.225098
34.38	301.332336	140.381729	1027.894531
34.39	298.402161	9.316222	1034.374512
34.4	299.718353	106.461975	1039.081543
34.41	298.528717	117.54734	1034.705322
34.42	300.689758	-69.496521	1031.789917
34.43	299.184113	-4.135401	1032.879272
34.44	301.027649	102.002441	1036.258423
34.45	300.308472	109.098969	1032.996216
34.46	300.114014	-65.097778	1030.427002
34.47	299.248352	-12.296249	1032.754395
34.48	297.929443	-202.923386	1022.169495
34.49	299.75946	-86.528633	1028.564209
34.5	299.938507	200.747787	1035.219727
34.51	300.518799	-15.644028	1037.711548
34.52	300.380035	-141.071854	1031.163818
34.53	300.628143	33.149776	1029.328735
34.54	300.766113	51.593983	1037.214478
34.55	300.291016	-3.804352	1037.511597
34.56	300.583252	145.735901	1036.570923
34.57	298.613495	-84.879715	1028.863525
34.58	299.583221	131.788101	1037.769043
34.59	299.29129	-70.754906	1031.366821
34.6	298.790894	79.519241	1036.006958
34.61	300.617859	29.035845	1030.645996
34.62	300.619507	129.974884	1034.270752
34.63	298.55899	53.95422	1035.583252
34.64	299.815887	113.460472	1029.91687
34.65	301.073822	84.627785	1036.22998
34.66	300.286469	25.777754	1035.692993
34.67	299.900452	30.09948	1026.513794
34.68	297.590027	22.550972	1033.854736
34.69	299.13559	184.35553	1040.033447
34.7	300.060852	-14.418288	1031.251709
34.71	300.824493	202.606308	1038.948364
34.72	298.585114	-167.443863	1026.571289
34.73	299.122894	-200.361588	1023.389221
34.74	300.628113	13.326989	1027.726807
34.75	300.979919	104.220581	1034.704956
34.76	298.766083	41.022861	1032.039551
34.77	300.422943	-34.906284	1028.324219
34.78	299.749023	18.215216	1040.055542
34.79	299.036652	-38.484726	1032.561401
34.8	297.619293	-45.352291	1029.065552
34.81	300.973846	-302.471954	1031.523071
34.82	301.300903	92.410561	1036.053955
34.83	300.945343	154.635193	1035.037842
34.84	300.221039	-45.372051	1032.912842
34.85	299.86026	-162.020615	1032.991943
34.86	299.165924	-2.266087	1038.657959
34.87	298.592285	330.342499	1044.397949
34.88	300.716492	44.268261	1033.311523
34.89	299.078217	29.768408	1032.809204
34.9	301.161621	31.820206	1036.301636
34.91	299.079346	140.149216	1039.895874
34.92	300.290497	-220.85881	1029.357056
34.93	301.581207	-63.137646	1031.616821
34.94	298.646118	8.767268	1033.151123
34.95	301.024811	68.228279	1030.095337
34.96	299.883667	43.141632	1036.327759
34.97	300.379822	-122.397133	1028.359863
34.98	299.727661	-9.013923	1032.542358
34.99	300.38266	-118.480003	1028.965454
35.0	299.439026	-74.891045	1029.122437
35.01	298.486908	-15.05985	1033.75061
35.02	301.635498	138.787338	1031.861694
35.03	301.401489	118.7911	1035.939575
35.04	297.956116	21.108437	1033.463867
35.05	301.0914	50.156757	1037.153442
35.06	300.186371	177.028503	1038.209839
35.07	300.973541	-43.974606	1033.68689
35.08	299.884491	2.400731	1032.634888
35.09	300.701813	-15.760713	1026.111206
35.1	299.871368	57.27467	1034.581787
35.11	299.666138	-88.605713	1034.995361
35.12	300.694458	148.646896	1037.60083
35.13	298.724121	138.325302	1038.429443
35.14	301.069336	50.313034	1032.378418
35.15	300.673828	-129.135361	1026.955688
35.16	299.7005	-102.199036	1033.673584
35.17	300.228882	34.949345	1033.490967
35.18	299.457092	-135.312424	1028.723633
35.19	299.998627	90.184013	1030.584717
35.2	299.635498	-67.884193	1030.930542
35.21	298.482391	-41.336231	1028.279175
35.22	298.791748	6.590263	1037.567871
35.23	298.8992	68.462242	1035.399414
35.24	298.756561	-66.964485	1031.933228
35.25	300.113434	-269.399933	1027.478271
35.26	299.973267	66.885231	1033.342285
35.27	299.986786	114.423584	1037.418457
35.28	299.891785	-200.735611	1026.783813
35.29	299.376007	-201.333115	1030.676758
35.3	298.614594	-26.924011	1028.263306
35.31	297.884003	-107.653038	1025.398682
35.32	299.239929	-134.32045	1029.359375
35.33	300.857666	-1.825202	1032.106079
35.34	301.097656	96.076714	1035.767456
35.35	300.759338	208.424088	1033.925659
35.36	300.083801	-75.461212	1023.323181
35.37	299.449158	-168.040604	1030.430054
35.38	299.707672	-14.362796	1036.751953
35.39	300.610291	-77.764702	1029.763916
35.4	300.843201	-216.803421	1024.756226
35.41	299.032196	-130.962479	1027.454224
35.42	299.946442	-16.476778	1031.574829
35.43	301.824738	-230.648972	1023.811096
35.44	299.26712	-188.563171	1035.864136
35.45	302.611603	192.883423	1042.273071
35.46	299.171967	-77.421562	1030.319336
35.47	301.332275	-135.371628	1028.270996
35.48	302.117676	-41.599384	1030.917603
35.49	299.351196	-235.50798	1029.216064
35.5	301.441528	157.101318	1033.251221
35.51	299.56015	92.358452	1031.182617
35.52	301.757507	150.8302	1044.940308
35.53	300.240173	50.10973	1035.335815
35.54	298.973053	74.877098	1037.691162
35.55	300.278168	46.536392	1035.739136
35.56	299.029816	143.422104	1035.857788
35.57	302.215057	28.466721	1033.668457
35.58	299.955719	207.245041	1036.579956
35.59	301.347351	153.782425	1037.60437
35.6	298.303741	173.54097	1040.89209
35.61	298.972321	45.515106	1035.126709
35.62	299.393372	-38.707455	1029.827271
35.63	300.470123	-29.52758	1031.689941
35.64	300.362	32.507607	1033.917725
35.65	298.599426	-59.097412	1029.545654
35.66	300.36908	34.598785	1029.715454
35.67	300.56192	183.781982	1035.627808
35.68	300.409241	-123.692108	1028.988403
35.69	300.785492	31.399794	1035.181274
35.7	300.094482	-228.217484	1028.463623
35.71	299.334076	126.087097	1036.832764
35.72	299.458405	-77.27935	1033.945923
35.73	300.551941	-39.547298	1031.619507
35.74	298.027161	-141.75824	1025.719116
35.75	301.71524	11.920418	1031.274292
35.76	298.875183	-88.577477	1031.487183
35.77	301.7099	111.455444	1038.370117
35.78	299.641388	54.717484	1042.231567
35.79	298.78302	-24.648851	1034.541748
35.8	300.2854	-71.001343	1029.543335
35.81	300.257629	11.517319	1027.865967
35.82	300.32605	-41.332058	1034.59021
35.83	299.807587	-27.46937	1026.383911
35.84	299.79361	57.598827	1029.581543
35.85	300.815247	-16.362635	1036.638794
35.86	299.714783	-154.456726	1032.316162
35.87	299.915771	-42.569485	1028.394897
35.88	301.0849	-70.856659	1030.950317
35.89	300.770264	168.128494	1036.319214
35.9	301.02182	-53.958195	1033.692749
35.91	299.952057	42.427017	1031.461914
35.92	302.3591	104.329582	1036.99231
35.93	298.671021	219.154297	1041.968384
35.94	299.971039	-0.769782	1031.710693
35.95	300.324921	-202.820267	1027.923828
35.96	301.247986	187.782455	1037.802002
35.97	300.988556	8.985194	1037.866577
35.98	301.895538	215.450851	1033.704468
35.99	300.426056	-69.155754	1029.090454
36.0	300.170258	163.286514	1036.39917
36.01	302.169464	21.664093	1034.721191
36.02	299.141632	-30.756845	1031.921753
36.03	300.583862	83.713081	1039.61145
36.04	299.169312	92.822838	1033.48645
36.05	301.298615	-55.885647	1030.119873
36.06	301.516052	-85.226082	1032.296997
36.07	300.486725	153.706421	1027.965698
36.08	299.0177	104.577171	1033.184204
36.09	299.670044	106.901283	1030.363403
36.1	300.273193	-169.741409	1030.554443
36.11	299.616241	149.609665	1039.441528
36.12	298.175842	-17.821136	1039.385864
36.13	300.291382	-10.305053	1034.75061
36.14	299.146515	-189.919067	1030.155151
36.15	301.697601	-37.798019	1035.791016
36.16	298.775787	-139.765915	1030.481689
36.17	301.738647	59.632664	1035.420776
36.18	301.617462	65.316963	1038.609009
36.19	299.622192	-52.739025	1030.745483
36.2	299.578674	244.955276	1043.268799
36.21	301.703064	-30.874174	1031.570312
36.22	299.839905	-157.194946	1026.665283
36.23	298.401459	9.241887	1032.802856
36.24	299.989075	168.368912	1042.95105
36.25	299.555206	99.471375	1033.805542
36.26	299.442078	-105.11425	1031.129272
36.27	299.67572	5.270195	1033.178101
36.28	298.922577	19.061401	1029.21521
36.29	299.903198	74.870338	1028.730225
36.3	300.758301	-58.525959	1027.556519
36.31	300.539917	164.452591	1038.296143
36.32	299.314117	119.779823	1032.298828
36.33	300.578644	28.691874	1039.951172
36.34	299.744751	-32.216312	1037.295044
36.35	298.818909	-34.88068	1033.413208
36.36	300.407501	-187.488113	1029.513306
36.37	299.59256	-18.056143	1031.55896
36.38	298.836853	64.883163	1034.377075
36.39	298.35733	-112.577263	1036.162354
36.4	299.421448	229.114914	1032.9104
36.41	299.597382	-101.36422	1030.302002
36.42	301.10965	13.786797	1033.843506
36.43	301.500519	-61.289383	1024.375366
36.44	299.11554	82.788063	1036.868408
36.45	301.023376	-215.314758	1027.782349
36.46	300.862183	-80.503609	1029.011841
36.47	299.98468	77.595581	1035.948486
36.48	302.79483	-34.975933	1030.785889
36.49	299.672211	63.128876	1031.837036
36.5	300.441956	12.664807	1035.188232
36.51	299.404907	36.133518	1033.914795
36.52	300.108215	165.719681	1034.077393
36.53	297.982635	-205.174744	1031.935791
36.54	299.385284	102.649139	1036.088501
36.55	300.076263	-165.888443	1024.515259
36.56	302.627716	155.769699	1030.830811
36.57	299.002899	-50.774296	1026.891357
36.58	299.862427	-36.122089	1028.048218
36.59	302.522522	145.766205	1035.357178
36.6	300.110382	-22.20841	1031.48877
36.61	301.387482	-0.343536	1030.385864
36.62	301.246613	14.788361	1030.828125
36.63	299.286743	-112.198143	1025.214966
36.64	298.832794	19.101641	1032.517334
36.65	300.99826	94.971497	1035.465576
36.66	300.909485	-72.398834	1028.933472
36.67	298.691223	-69.989105	1033.785278
36.68	301.035156	-136.354614	1034.619629
36.69	299.99411	-76.432762	1021.485657
36.7	299.423218	-307.74826	1028.44458
36.71	300.780426	13.992452	1027.720215
36.72	300.087677	-24.459101	1030.314087
36.73	300.881073	-58.490063	1028.037354
36.74	299.610352	79.003502	1039.526245
36.75	299.321503	-64.55674	1035.004517
36.76	299.19989	3.918091	1035.831299
36.77	300.791138	28.578478	1030.820679
36.78	300.380402	24.746088	1034.862427
36.79	299.101074	139.894638	1032.779663
36.8	298.366699	40.755753	1037.152344
36.81	299.675476	150.443497	1040.258423
36.82	299.369019	41.621334	1033.979492
36.83	299.350922	-84.217987	1029.172852
36.84	298.270813	100.143669	1038.154419
36.85	300.127228	-99.275124	1029.284668
36.86	302.333313	76.356743	1029.393066
36.87	301.074646	40.604813	1032.854004
36.88	301.746857	100.646431	1036.889282
36.89	299.586914	-87.732391	1025.024414
36.9	299.82843	179.01001	1037.62146
36.91	298.695557	-157.373596	1032.107666
36.92	299.576141	-216.120728	1020.363708
36.93	298.736938	-158.024048	1025.16748
36.94	302.830383	-175.946518	1027.572388
36.95	300.582916	-1.325457	1029.627319
36.96	300.713593	23.315893	1033.599976
36.97	298.960999	115.197266	1034.580688
36.98	300.146423	24.326447	1030.918579
36.99	300.664948	-77.059898	1033.78064
37.0	302.459198	-47.294384	1033.092896
37.01	300.051178	100.52523	1035.347046
37.02	300.683624	205.058121	1034.269531
37.03	301.093292	-71.809837	1031.066895
37.04	300.40036	104.50869	1038.619629
37.05	299.383026	13.394423	1028.573242
37.06	300.359192	3.119802	1036.767334
37.07	300.430969	-22.08564	1031.085205
37.08	299.854218	167.608139	1035.314087
37.09	299.102783	-36.825821	1035.334106
37.1	301.031311	-24.881308	1029.325806
37.11	300.290283	133.307053	1039.40979
37.12	298.810822	-6.624239	1031.66687
37.13	301.790497	-146.260834	1029.229736
37.14	300.621796	38.115597	1037.138916
37.15	298.95694	-44.736942	1033.627686
37.16	301.027679	-45.962849	1032.166748
37.17	301.016815	37.248676	1031.873901
37.18	301.682556	131.988113	1034.388672
37.19	303.495422	94.739479	1032.141968
37.2	300.160828	130.71965	1037.88269
37.21	302.084045	14.889099	1031.19751
37.22	300.511261	-45.67046	1026.422852
37.23	300.195892	-6.231138	1030.306519
37.24	297.917603	85.008583	1032.965454
37.25	300.033661	83.820862	1032.772705
37.26	299.295654	-20.196692	1033.16626
37.27	300.170288	37.611156	1038.709106
37.28	301.043427	12.37534	1032.229248
37.29	299.839172	99.989655	1035.947144
37.3	301.493774	-23.050322	1030.281372
37.31	299.775696	-21.492163	1031.589966
37.32	299.637299	146.465546	1035.969971
37.33	301.683441	-11.388717	1033.826538
37.34	298.97699	53.82555	1032.586792
37.35	299.317657	137.16806	1039.14624
37.36	300.232635	-66.830887	1027.581909
37.37	298.489258	-213.059799	1026.217773
37.38	302.077911	46.949993	1034.248535
37.39	299.557526	9.617864	1036.878052
37.4	300.686127	74.967155	1032.382812
37.41	300.720673	92.215492	1036.346436
37.42	301.447998	19.764061	1033.093018
37.43	300.383484	195.261551	1038.343628
37.44	300.864014	-115.032463	1028.814575
37.45	299.157074	-3.256683	1033.46228
37.46	299.901855	-5.832358	1031.49646
37.47	297.991913	107.993706	1034.364624
37.48	297.452393	19.693579	1038.820679
37.49	301.433014	-183.080444	1026.756714
37.5	299.541077	-31.802973	1029.58313
37.51	299.932251	-129.998322	1034.202148
37.52	300.15332	189.727463	1030.653442
37.53	299.892273	-93.905251	1029.752319
37.54	299.895172	73.559563	1031.76709
37.55	299.155823	33.545502	1033.47876
37.56	296.659424	85.135437	1035.049072
37.57	298.492859	-7.25762	1035.49292
37.58	301.692017	-165.674408	1022.806152
37.59	298.97287	-135.238724	1025.210938
37.6	299.591492	-7.522076	1029.271973
37.61	299.835785	-240.870895	1027.074707
37.62	302.427429	126.810493	1029.847168
37.63	298.979279	-113.109215	1033.924316
37.64	299.570862	138.683655	1036.781372
37.65	299.33847	-102.485146	1029.512085
37.66	301.147095	41.155697	1028.421753
37.67	298.839844	41.571278	1033.581055
37.68	301.566559	186.072342	1038.328369
37.69	299.259949	69.170937	1039.88269
37.7	300.439087	18.42354	1036.673584
37.71	299.501831	-34.327957	1026.934204
37.72	301.681213	78.780235	1029.954834
37.73	299.866638	65.204445	1035.640869
37.74	300.674835	62.167419	1032.766724
37.75	300.563446	98.443336	1033.029663
37.76	299.702911	48.210953	1032.504028
37.77	299.936371	152.689224	1036.115479
37.78	299.393738	170.399017	1040.858887
37.79	300.639435	81.395653	1031.523804
37.8	300.280426	105.525047	1035.094971
37.81	301.666992	250.041885	1039.990967
37.82	299.838928	-19.101191	1030.55896
37.83	299.165131	-7.488271	1029.745361
37.84	298.807587	-6.984183	1032.748047
37.85	300.36615	-5.215177	1030.437622
37.86	300.410339	6.133067	1030.524902
37.87	299.593933	-28.802927	1034.137085
37.88	300.46167	2.677411	1032.490967
37.89	298.258911	-115.060211	1030.44458
37.9	299.119873	-65.279671	1037.741699
37.91	298.770386	194.376999	1037.549683
37.92	300.622192	-66.068901	1031.129517
37.93	299.250397	-166.845398	1030.540894
37.94	299.640686	-44.748699	1029.070068
37.95	301.638184	-25.296959	1031.841797
37.96	299.41571	-205.769226	1028.869629
37.97	297.07489	-141.667923	1028.569092
37.98	299.575256	-163.800415	1028.156128
37.99	297.292053	167.684296	1033.729248
38.0	298.59137	40.413788	1038.291138
38.01	298.946533	-55.049137	1034.379028
38.02	300.345917	-10.403809	1035.565308
38.03	299.828979	-133.831116	1032.548462
38.04	300.561859	49.480732	1034.263672
38.05	300.84259	-108.808258	1022.639282
38.06	301.0242	23.232668	1032.3396
38.07	299.912292	-28.40756	1036.630249
38.08	299.213287	-38.348679	1030.08374
38.09	299.962097	-233.214035	1023.967651
38.1	299.725159	17.687155	1029.40918
38.11	300.334991	-19.342514	1032.324341
38.12	300.917633	-186.324142	1027.775269
38.13	298.95813	295.483307	1035.868774
38.14	301.330994	-77.062752	1035.272827
38.15	299.254791	51.366257	1034.085327
38.16	301.798431	64.487526	1032.464355
38.17	301.188477	69.526909	1035.564697
38.18	300.228058	135.495743	1036.49353
38.19	301.142456	-74.737358	1023.298706
38.2	298.792694	-100.057678	1033.708984
38.21	300.903137	39.76408	1033.035278
38.22	301.188873	84.821907	1030.680786
38.23	300.359467	-125.518066	1029.221802
38.24	300.697449	30.669167	1031.668091
38.25	299.832581	277.720215	1039.751587
38.26	299.711029	250.268188	1039.657959
38.27	301.093903	-89.254089	1031.957642
38.28	301.693451	96.096474	1031.651489
38.29	301.089752	130.049271	1030.960327
38.3	302.382965	67.277977	1034.99646
38.31	299.388458	85.357635	1038.929443
38.32	299.290741	34.749722	1035.084839
38.33	299.496185	-34.665096	1035.911621
38.34	300.206757	157.019241	1033.921387
38.35	301.975342	292.210724	1034.471313
38.36	301.128082	-98.155884	1032.37207
38.37	300.577637	-3.261245	1031.198608
38.38	298.502747	-95.805809	1028.203979
38.39	301.027496	-27.636482	1029.540405
38.4	299.480347	216.317703	1039.416504
38.41	301.240112	168.468674	1032.709961
38.42	300.147583	-115.261131	1033.171631
38.43	300.789246	17.61471	1040.172852
38.44	299.981781	-187.466751	1029.588379
38.45	299.914307	-84.191307	1026.002808
38.46	299.039307	-295.703949	1025.426392
38.47	299.619202	90.057556	1030.412964
38.48	300.385468	183.473007	1043.797974
38.49	300.022003	-18.679678	1030.931885
38.5	301.79303	180.845444	1041.183105
38.51	299.424286	-48.562286	1026.518433
38.52	301.470154	-88.25177	1029.911133
38.53	299.878571	69.841248	1027.297485
38.54	300.484955	87.034538	1036.106934
38.55	299.788574	230.73497	1044.299561
38.56	298.661835	166.861679	1037.515015
38.57	300.025513	131.296829	1034.615601
38.58	301.145935	103.097145	1033.961426
38.59	300.094543	-80.376518	1030.566895
38.6	299.646423	-51.206882	1036.297241
38.61	300.143372	42.946487	1031.061035
38.62	300.656311	111.58358	1035.718628
38.63	299.166168	48.142658	1032.950928
38.64	299.483795	92.980949	1032.914917
38.65	299.304443	106.042015	1029.574829
38.66	298.59848	-101.195427	1029.958496
38.67	300.455322	32.180882	1034.792847
38.68	301.214447	68.698647	1030.466064
38.69	301.142334	329.281616	1040.801392
38.7	298.581573	157.417831	1034.072754
38.71	300.955597	202.113235	1034.894165
38.72	300.107513	149.733871	1033.181152
38.73	301.76416	0.523946	1032.727783
38.74	299.234528	-90.673134	1031.074585
38.75	299.187103	21.779884	1033.29541
38.76	301.509338	112.134735	1036.980347
38.77	298.156891	64.434654	1037.768799
38.78	299.376129	-78.992889	1030.608276
38.79	299.280365	-203.104416	1025.026855
38.8	300.194031	174.940186	1034.051758
38.81	300.962677	172.016708	1039.562012
38.82	299.991943	-2.724832	1032.811646
38.83	298.489014	34.642048	1039.088501
38.84	300.469391	70.763145	1040.051025
38.85	301.233673	-90.59388	1028.128906
38.86	300.232666	239.842514	1033.75
38.87	301.47995	-38.830273	1036.358276
38.88	301.478241	-163.464645	1024.4552
38.89	299.529877	7.624686	1032.088013
38.9	301.024658	-22.666519	1034.017944
38.91	300.223938	209.294235	1033.637817
38.92	301.269379	10.255653	1027.539062
38.93	299.950745	-59.224884	1030.020264
38.94	301.867798	245.43132	1032.456177
38.95	299.717285	7.259794	1037.957397
38.96	300.854645	71.76429	1040.372559
38.97	300.860016	120.230339	1031.794922
38.98	301.283966	81.542755	1032.600586
38.99	300.966766	4.227762	1028.394897
39.0	299.572449	339.605103	1035.160889
39.01	299.69342	-17.201059	1033.306152
39.02	299.485413	-190.467224	1029.550293
39.03	300.459808	-126.55088	1030.357788
39.04	296.738159	64.550659	1033.225952
39.05	299.702545	-12.735631	1032.987061
39.06	301.22168	-174.387924	1026.153687
39.07	299.87674	-116.672325	1031.003174
39.08	299.301056	-20.664297	1033.218262
39.09	299.936554	-105.219574	1031.865479
39.1	299.815918	126.157471	1034.491211
39.11	299.959991	184.916504	1034.428345
39.12	299.822968	89.231911	1035.128906
39.13	299.381012	-35.561279	1035.486938
39.14	301.279022	-41.500332	1033.902222
39.15	301.888672	-22.177948	1037.525024
39.16	299.97934	-20.311749	1030.218506
39.17	300.56543	-131.246872	1031.955811
39.18	300.166931	-93.228859	1030.352539
39.19	299.299683	91.956367	1032.330566
39.2	300.755951	99.866943	1028.793823
39.21	299.807465	144.966965	1038.491089
39.22	300.906219	99.80323	1032.48938
39.23	299.924133	56.528522	1034.389648
39.24	299.496582	22.179504	1028.636475
39.25	299.675842	37.541256	1037.210205
39.26	298.549438	52.061707	1037.879761
39.27	300.807434	-22.928795	1026.167847
39.28	299.146606	65.131004	1038.386841
39.29	301.500641	-56.071621	1031.193115
39.3	301.704712	184.968948	1031.304932
39.31	298.535431	-15.662059	1031.379028
39.32	301.735077	-90.563454	1035.158569
39.33	297.879486	87.952026	1035.746704
39.34	300.14566	-184.47554	1027.86853
39.35	301.145416	88.563774	1033.729736
39.36	298.539978	19.077276	1031.958374
39.37	299.779144	-37.051819	1030.908081
39.38	301.553802	110.107788	1038.717163
39.39	299.956665	34.602535	1034.791504
39.4	300.086212	-82.219063	1030.78833
39.41	299.97522	-30.922491	1029.349609
39.42	299.535156	88.850929	1027.974487
39.43	299.190247	118.63076	1039.861206
39.44	300.815796	-54.522598	1030.383789
39.45	301.802887	-145.477951	1025.105347
39.46	299.125977	184.165726	1032.726196
39.47	300.17804	2.421113	1033.704468
39.48	300.642487	56.520615	1033.365845
39.49	299.19693	-7.171767	1030.69165
39.5	299.28949	75.439949	1029.559814
39.51	298.272308	143.636353	1037.66272
39.52	300.206787	-248.855835	1027.361206
39.53	299.925171	-119.396393	1029.834229
39.54	300.386475	-101.782921	1029.969727
39.55	300.099121	165.222977	1034.124268
39.56	299.330475	-30.166016	1037.355957
39.57	301.078369	-170.585892	1024.208008
39.58	299.143036	-114.380402	1028.634399
39.59	301.822571	11.556679	1034.063477
39.6	299.460846	207.723404	1035.979614
39.61	297.923248	338.561768	1042.924316
39.62	300.110931	85.128288	1030.006592
39.63	298.579895	-24.057838	1034.128052
39.64	299.746246	-6.842407	1033.711914
39.65	300.966003	84.657143	1036.080811
39.66	300.331726	170.197464	1034.562012
39.67	301.58609	150.307144	1041.269287
39.68	300.982697	189.252975	1038.004028
39.69	299.724915	234.540085	1033.191162
39.7	298.948181	-81.675484	1030.467285
39.71	299.509125	35.712479	1037.801758
39.72	300.681732	11.427226	1037.346924
39.73	299.910583	4.745745	1031.000488
39.74	298.283356	-107.95266	1027.439087
39.75	298.915894	100.601013	1038.669922
39.76	300.061127	120.782867	1033.578369
39.77	299.405914	196.664627	1037.372925
39.78	298.411652	53.927708	1035.711182
39.79	299.67804	-21.189436	1034.137573
39.8	303.52243	-162.350525	1028.878784
39.81	301.289856	-100.552582	1033.269165
39.82	299.516052	-69.165428	1031.273804
39.83	298.619659	-80.835381	1030.083496
39.84	299.99234	-165.781921	1028.836426
39.85	300.981201	157.761826	1035.656982
39.86	299.868652	-30.899811	1034.521729
39.87	298.144928	-151.50766	1023.356567
39.88	297.933472	47.518158	1035.050659
39.89	299.436401	231.61113	1040.456421
39.9	301.701263	9.238973	1035.261597
39.91	301.647583	135.439331	1034.223022
39.92	298.808655	-168.607803	1031.349731
39.93	298.93573	113.920189	1037.675537
39.94	300.292145	-120.523781	1028.442505
39.95	300.846436	-216.849243	1025.411133
39.96	300.094269	-162.097717	1024.804688
39.97	299.985077	101.099403	1034.6604
39.98	299.785553	36.17815	1028.698486
39.99	299.715302	14.417356	1028.319336
40.0	298.240051	-80.777153	1023.629272
40.01	299.604126	84.672348	1037.647705
40.02	297.384247	122.733528	1036.09082
40.03	301.104797	23.918734	1034.613281
40.04	300.862946	-20.356651	1028.157227
40.05	301.340637	112.111305	1033.730347
40.06	299.942078	-31.398771	1031.966187
40.07	300.043701	271.872101	1039.869019
40.08	299.143219	22.78161	1025.693359
40.09	301.197266	103.344116	1037.376709
40.1	302.530609	-95.124077	1031.108276
40.11	300.018921	-264.768494	1028.270386
40.12	300.365814	-21.338419	1036.167847
40.13	299.058929	19.975657	1035.581787
40.14	300.049286	149.440262	1035.403442
40.15	301.770782	238.610336	1035.876465
40.16	298.191589	-16.312059	1027.713013
40.17	300.726166	11.145003	1030.86377
40.18	299.126404	83.605537	1029.595825
40.19	301.805481	70.275826	1038.22998
40.2	300.286743	210.354965	1036.340942
40.21	300.290955	-132.879623	1029.296143
40.22	300.427765	-98.396278	1032.744019
40.23	299.397858	-117.88266	1034.198486
40.24	300.034454	-79.719307	1030.227051
40.25	299.414703	-19.597628	1031.902588
40.26	302.473175	-120.274071	1028.129883
40.27	298.871918	-116.766502	1033.445679
40.28	300.101318	-123.598663	1026.445068
40.29	300.579407	-182.100464	1027.300171
40.3	300.033875	-168.655167	1028.852051
40.31	298.489319	98.054283	1031.995972
40.32	301.06369	-26.229162	1032.218018
40.33	299.750061	52.986023	1035.962036
40.34	299.630157	-88.294586	1030.606689
40.35	300.576508	-48.392197	1030.367554
40.36	300.760468	-65.008385	1030.178223
40.37	299.776337	11.458699	1032.148926
40.38	300.446655	14.334592	1034.399536
40.39	299.976166	-54.419422	1030.46228
40.4	299.038544	-5.172308	1031.460327
40.41	300.755951	197.856552	1033.206787
40.42	301.39093	142.236954	1040.080933
40.43	301.648407	140.938416	1039.689819
40.44	300.430573	-86.722801	1028.778931
40.45	298.984802	-192.463608	1026.426147
40.46	302.760284	-137.305771	1028.846558
40.47	299.522919	65.897926	1036.054321
40.48	299.98996	-114.861084	1027.655762
40.49	298.478821	-14.351682	1034.43042
40.5	298.67981	-25.838806	1026.964722
40.51	301.52887	-56.530579	1026.265625
40.52	300.897675	24.091131	1033.95813
40.53	301.389557	21.217836	1030.732788
40.54	299.937653	-96.059258	1029.31543
40.55	298.59668	-142.328629	1030.387329
40.56	299.666199	49.428471	1032.173828
40.57	302.009003	-117.691986	1028.051392
40.58	299.559021	71.118454	1031.709106
40.59	301.825562	-142.114975	1032.236572
40.6	301.70462	-18.15863	1033.121826
40.61	298.101349	264.434845	1036.322144
40.62	300.868378	-169.722839	1028.958008
40.63	301.808655	112.224693	1028.268066
40.64	301.103607	70.304649	1037.065308
40.65	298.805634	92.773018	1034.640137
40.66	300.015015	-31.565962	1028.64209
40.67	299.796631	-79.100182	1033.255859
40.68	298.924622	-4.910629	1039.05127
40.69	300.298706	-39.686653	1028.013306
40.7	301.055298	-36.050491	1029.16272
40.71	302.598938	34.319141	1028.96228
40.72	299.891907	-125.629066	1029.94397
40.73	299.25119	115.843605	1036.212769
40.74	301.111176	102.206657	1033.748657
40.75	297.547913	-14.908321	1031.662842
40.76	299.320679	104.619179	1035.610962
40.77	301.679688	100.312721	1035.141113
40.78	302.05307	142.179504	1036.03186
40.79	300.629333	-146.940201	1024.075195
40.8	300.248901	94.78653	1035.18335
40.81	299.693481	-64.53614	1032.990845
40.82	300.958527	87.975792	1034.527832
40.83	301.530975	74.134621	1030.568237
40.84	302.557922	34.175236	1038.233154
40.85	298.431976	-151.485733	1025.210693
40.86	299.512909	-71.233711	1027.257812
40.87	297.771179	-36.493771	1026.308594
40.88	299.662659	-62.515533	1030.628174
40.89	300.463867	-107.196587	1028.239746
40.9	299.528473	-167.482834	1027.552246
40.91	299.81604	17.182638	1031.700562
40.92	302.766052	127.764709	1029.290771
40.93	300.835693	-81.430138	1031.340698
40.94	299.595154	-33.495609	1027.802246
40.95	300.329498	-120.613274	1032.234985
40.96	300.588684	-48.249187	1029.113525
40.97	301.285919	-31.650888	1032.548584
40.98	300.037018	-65.195755	1030.457031
40.99	299.002197	57.588684	1033.880371
41.0	300.415131	-118.875526	1032.996948
41.01	300.959015	47.77599	1034.595093
41.02	300.117676	-261.611145	1025.882935
41.03	300.166718	5.222618	1033.499023
41.04	298.684113	29.629744	1032.697998
41.05	300.906677	56.162495	1033.402344
41.06	299.566376	9.890006	1028.509033
41.07	300.449097	-9.287122	1029.69873
41.08	298.280579	-24.563454	1031.324829
41.09	300.636658	-144.903473	1034.393677
41.1	298.580933	28.505026	1033.068481
41.11	298.197174	18.854013	1035.354004
41.12	300.932495	-30.409388	1024.94751
41.13	300.948914	74.936127	1033.98584
41.14	300.830658	-79.258186	1032.920288
41.15	300.303925	-54.929157	1032.640259
41.16	300.707733	-232.795349	1023.569336
41.17	298.725677	-9.162913	1033.102905
41.18	299.887268	-26.352213	1027.818848
41.19	298.431824	-72.875229	1027.387085
41.2	299.908539	-30.329466	1030.805298
41.21	299.138	68.65831	1031.24585
41.22	300.310883	161.573486	1033.870972
41.23	298.344269	37.706818	1031.073242
41.24	299.87793	23.170328	1034.360474
41.25	300.933014	-145.648636	1028.640503
41.26	300.328583	209.765305	1035.294189
41.27	299.388611	-10.969581	1033.904419
41.28	299.537415	-45.931625	1033.364136
41.29	300.5755	-81.371101	1033.345215
41.3	300.512939	23.346079	1036.298584
41.31	299.35321	65.284035	1034.014526
41.32	301.554077	14.170303	1027.880737
41.33	298.590332	-20.995117	1029.674561
41.34	302.330292	-31.13233	1032.576172
41.35	301.572693	212.32074	1038.794434
41.36	300.358673	-194.103195	1029.19165
41.37	298.734772	-57.19165	1031.907349
41.38	300.954041	-286.264526	1026.099487
41.39	299.993469	27.792589	1030.797852
41.4	299.318176	76.556496	1032.919189
41.41	299.897797	52.929775	1035.746094
41.42	297.971832	-249.003784	1027.025513
41.43	300.898529	-160.017059	1031.505737
41.44	298.186188	-41.605549	1035.34436
41.45	299.883881	-84.079704	1029.32019
41.46	299.861847	-177.292358	1029.260254
41.47	300.034058	-85.622658	1031.405884
41.48	297.716827	-144.751663	1027.189697
41.49	299.197815	-276.459869	1028.055298
41.5	299.234131	173.813416	1032.949829
41.51	300.905945	191.938477	1036.46228
41.52	300.948608	17.505928	1033.036133
41.53	300.713959	6.645998	1028.055542
41.54	300.684601	18.565454	1035.988525
41.55	300.10968	20.38439	1026.712036
41.56	298.916473	-128.840073	1034.895508
41.57	301.252563	-232.051758	1024.864502
41.58	299.68335	-164.819443	1028.692627
41.59	299.81192	-109.403465	1030.993286
41.6	300.642822	-74.690834	1032.775146
41.61	299.282318	-90.550804	1029.142334
41.62	300.393097	160.426956	1031.995117
41.63	301.207397	44.504612	1032.203369
41.64	300.830566	-14.333743	1031.592529
41.65	302.165283	-24.095194	1035.906982
41.66	299.625	-229.610886	1028.552124
41.67	300.899139	100.631569	1030.89563
41.68	298.876373	25.564093	1028.833496
41.69	299.833557	48.083904	1034.264893
41.7	301.585419	69.137848	1032.910767
41.71	298.602539	40.491364	1033.107666
41.72	299.544586	10.960082	1027.867554
41.73	299.830261	184.643372	1039.106445
41.74	298.249146	248.284012	1036.019287
41.75	299.555725	-181.056717	1030.389648
41.76	298.272949	66.809059	1031.628418
41.77	300.074371	-171.703384	1028.509033
41.78	300.895996	234.13269	1037.342407
41.79	300.960571	207.417542	1037.734497
41.8	300.005585	-46.002747	1034.279175
41.81	299.471954	242.74791	1035.329468
41.82	298.961853	66.875809	1032.489624
41.83	300.678955	83.826721	1035.438354
41.84	296.861176	-56.450016	1037.5802
41.85	299.787476	-44.170979	1040.240112
41.86	300.683258	-308.679169	1030.732788
41.87	298.763123	-24.10203	1035.969604
41.88	300.981476	121.093719	1030.289307
41.89	301.204773	108.879234	1031.508423
41.9	300.244263	146.548889	1037.725098
41.91	299.792175	124.266144	1040.984009
41.92	300.777985	165.101654	1036.012085
41.93	300.571014	102.902763	1028.496826
41.94	301.121185	-39.534241	1029.678955
41.95	301.382202	-6.380037	1026.606567
41.96	300.280365	-74.834892	1030.641235
41.97	299.634857	-130.319595	1027.72583
41.98	298.594147	-105.663155	1027.068848
41.99	299.805847	-120.113441	1027.061035
42.0	299.715759	-139.819565	1029.553589
42.01	299.608124	61.175983	1033.798462
42.02	300.561188	-21.752157	1036.621216
42.03	300.610504	-84.514977	1026.592529
42.04	301.678467	-23.045036	1033.665283
42.05	299.440491	-62.660389	1031.216064
42.06	299.549194	170.97052	1031.05249
42.07	298.896606	211.799728	1034.162964
42.08	300.316223	-61.670227	1027.50708
42.09	299.812408	-51.682953	1037.998657
42.1	300.480621	-120.484673	1024.648438
42.11	299.204742	-219.339645	1024.973633
42.12	299.374268	120.604164	1033.203613
42.13	301.900574	-265.007355	1026.707764
42.14	301.069916	113.305908	1038.59082
42.15	299.625549	82.833008	1036.654663
42.16	300.675354	-40.198879	1028.198242
42.17	299.342651	-99.502907	1030.56665
42.18	299.729034	58.858486	1033.325806
42.19	302.020111	195.021408	1032.463013
42.2	299.8526	-17.500687	1032.188721
42.21	301.05835	291.129913	1036.500488
42.22	299.612213	-89.313179	1035.200439
42.23	299.993927	-211.416641	1027.766968
42.24	299.468811	-46.763554	1028.186523
42.25	299.386688	-84.820564	1027.971802
42.26	302.152771	61.780334	1032.942993
42.27	303.283051	-198.098923	1024.503418
42.28	300.545563	195.584106	1037.380981
42.29	299.072601	-73.056313	1033.337769
42.3	300.390503	-201.034546	1029.74292
42.31	302.0401	148.880875	1034.428589
42.32	300.966095	34.129166	1031.486084
42.33	301.059662	75.546494	1032.469238
42.34	298.755768	-67.506874	1030.078979
42.35	300.320801	168.770294	1037.367798
42.36	298.978729	15.425336	1033.760742
42.37	299.279877	41.753193	1037.913696
42.38	300.084778	-67.906273	1028.47229
42.39	301.291199	40.995426	1025.870483
42.4	299.491669	117.66626	1034.325317
42.41	299.548706	-115.664734	1037.417358
42.42	299.662354	-112.964516	1029.27356
42.43	301.754913	-79.895805	1026.942017
42.44	300.171967	159.531052	1031.807251
42.45	298.487061	-154.140701	1030.15332
42.46	297.440277	-107.067604	1030.334717
42.47	299.924835	22.733438	1033.133057
42.48	301.082886	67.516937	1032.459839
42.49	299.738983	110.866852	1034.089355
42.5	300.378113	-129.046432	1028.414917
42.51	299.431854	79.115959	1032.908325
42.52	301.331299	12.140896	1031.224365
42.53	300.292603	-107.065102	1029.857544
42.54	300.04776	147.892761	1030.89502
42.55	298.27829	15.618857	1031.456909
42.56	299.77124	-66.631355	1034.014771
42.57	300.042206	-77.22403	1035.421021
42.58	297.633636	-53.675236	1032.926636
42.59	301.50473	-13.690122	1033.146851
42.6	301.567596	-59.555939	1032.865234
42.61	300.913177	26.031954	1033.357788
42.62	300.962128	121.78286	1037.640747
42.63	300.256348	85.725769	1035.969238
42.64	299.932709	-35.587749	1033.542725
42.65	300.688568	91.594788	1039.551147
42.66	298.696716	-82.738319	1028.796997
42.67	300.745209	-44.462543	1028.724121
42.68	302.173584	132.227539	1033.056885
42.69	299.542511	54.215714	1033.854004
42.7	300.136932	-19.28595	1029.709595
42.71	301.054138	199.889847	1033.455811
42.72	301.359436	47.01268	1034.331543
42.73	300.296051	170.001373	1037.793945
42.74	299.87558	9.964569	1038.872681
42.75	299.504425	-58.077286	1035.031494
42.76	301.103912	-81.181198	1030.95752
42.77	300.131561	89.319405	1033.778809
42.78	298.953949	25.344755	1036.74585
42.79	299.603821	22.606718	1029.017944
42.8	298.326416	-269.869324	1025.798828
42.81	299.647583	32.427425	1033.94397
42.82	299.020996	105.915016	1039.007446
42.83	298.093536	44.469036	1036.155273
42.84	300.143829	-55.594189	1029.908325
42.85	302.180695	-105.735283	1030.616455
42.86	299.335358	-61.708042	1031.699707
42.87	299.797638	160.56456	1036.678223
42.88	299.229858	-70.824745	1032.79126
42.89	300.294128	149.057877	1030.293823
42.9	299.928802	18.596327	1032.627441
42.91	301.323914	-193.509689	1022.9599
42.92	302.050507	202.545776	1037.02063
42.93	299.852966	139.56012	1031.867188
42.94	300.03302	49.235981	1041.553955
42.95	300.170868	-103.870064	1026.565186
42.96	299.0802	-67.440811	1029.685791
42.97	298.883453	149.206558	1035.530273
42.98	300.487976	-180.139542	1032.199951
42.99	298.346344	5.751508	1035.656128
43.0	299.536865	-56.930164	1034.38147
43.01	300.538971	-109.679237	1029.211548
43.02	299.532288	-119.675018	1030.798096
43.03	300.211395	-104.99649	1028.209351
43.04	300.970673	-152.506943	1027.780762
43.05	300.361725	-37.26421	1027.636108
43.06	300.658112	42.884842	1029.089111
43.07	299.948792	-35.534443	1035.407593
43.08	299.846405	11.717788	1039.955566
43.09	300.93335	-123.31295	1031.100342
43.1	300.085114	-6.795949	1033.888306
43.11	300.456787	-34.888069	1029.757324
43.12	300.916046	-107.734581	1028.872681
43.13	301.689117	-119.382904	1025.608276
43.14	299.68222	-23.339777	1034.07959
43.15	301.092773	-77.220238	1031.060181
43.16	300.843506	162.821396	1037.264771
43.17	302.460266	235.472549	1035.938477
43.18	299.323792	148.80217	1043.161987
43.19	298.199707	-178.001083	1025.43457
43.2	298.597595	-173.96936	1026.459106
43.21	300.201965	-94.655113	1029.709595
43.22	299.554169	260.997009	1041.489624
43.23	299.713409	-387.506012	1019.695312
43.24	299.887817	-78.53833	1031.811646
43.25	299.117828	3.658126	1036.521851
43.26	298.837189	-20.462259	1035.17981
43.27	300.584808	220.979492	1035.262939
43.28	300.252411	-17.36422	1037.635376
43.29	299.920013	124.712463	1027.740845
43.3	300.747375	28.49206	1032.469238
43.31	298.761688	-94.496162	1032.533569
43.32	300.364441	159.383438	1042.007446
43.33	299.360779	-201.073105	1026.565186
43.34	299.749603	-235.135498	1025.352051
43.35	298.989044	-7.945486	1030.872803
43.36	300.889587	148.661865	1032.484131
43.37	300.476227	-289.807495	1022.732544
43.38	301.522247	-2.703028	1032.920044
43.39	300.565399	17.122854	1035.767212
43.4	300.937286	-182.85199	1030.769897
43.41	298.642303	-175.897339	1028.578247
43.42	300.552643	-76.571472	1031.811157
43.43	300.815399	-61.577984	1030.928223
43.44	298.03891	-45.878082	1028.537231
43.45	299.546692	-69.414024	1034.419434
43.46	298.091187	-172.014572	1032.353638
43.47	301.737793	-159.660385	1029.673706
43.48	301.92392	-102.964943	1027.245483
43.49	300.381775	65.615929	1037.020142
43.5	301.137299	73.370461	1028.479004
43.51	299.351288	85.459129	1034.058228
43.52	300.203949	94.429596	1029.255981
43.53	298.841461	66.468956	1032.121216
43.54	301.426727	125.851166	1038.547363
43.55	298.147369	114.925148	1037.92981
43.56	300.044556	129.646835	1035.746948
43.57	300.039276	122.333702	1038.020142
43.58	301.260895	200.392273	1038.794922
43.59	298.482727	-129.825043	1029.671875
43.6	299.157349	-97.47094	1033.597412
43.61	298.868011	23.248205	1029.437866
43.62	299.773285	-97.522606	1024.032104
43.63	300.565033	42.762039	1033.630371
43.64	300.464844	-71.457336	1027.798218
43.65	300.421051	-95.439751	1032.542603
43.66	300.333588	7.716187	1035.866821
43.67	300.763794	-58.215839	1030.828491
43.68	301.101868	-23.139826	1029.307007
43.69	300.155487	80.911987	1031.29187
43.7	299.028442	-120.920235	1028.936768
43.71	299.733398	-188.720871	1030.333618
43.72	300.233337	-84.394295	1029.353027
43.73	299.386688	-22.004694	1035.463501
43.74	299.774872	41.112194	1028.556274
43.75	300.295593	-1.993915	1034.194702
43.76	299.083313	127.670708	1027.695312
43.77	298.206757	15.534373	1034.763672
43.78	298.276367	-214.853622	1029.945312
43.79	299.190643	289.094849	1040.984375
43.8	300.980042	117.514946	1038.980103
43.81	298.197693	28.407104	1035.547119
43.82	299.450745	61.572796	1031.623291
43.83	299.132019	-147.10405	1024.713379
43.84	301.10614	-120.664551	1028.697388
43.85	299.902893	-144.3228	1032.679688
43.86	300.322327	5.220639	1033.125
43.87	299.392151	-24.987505	1031.299805
43.88	300.845062	12.249385	1035.724487
43.89	300.124451	-49.47015	1026.876831
43.9	301.346283	41.395103	1034.218506
43.91	300.290588	-64.781288	1027.947388
43.92	301.394897	-50.573742	1028.241943
43.93	298.479858	39.36705	1030.499268
43.94	300.145142	-85.604828	1030.671021
43.95	300.219147	55.260418	1035.814575
43.96	300.599121	-149.735718	1024.759399
43.97	300.851196	-28.379316	1036.96582
43.98	300.843262	171.676193	1032.418335
43.99	300.143127	75.106476	1039.017456
44.0	299.893646	-29.47081	1031.347656
44.01	298.45462	140.622894	1034.984741
44.02	297.929291	116.883888	1034.121094
44.03	300.850433	-32.82262	1030.97998
44.04	299.565002	252.102859	1036.443604
44.05	301.549957	87.960243	1037.633423
44.06	300.358002	-16.69195	1029.604248
44.07	300.287964	2.573369	1026.751099
44.08	300.407257	68.3228	1032.964355
44.09	300.300232	176.713272	1040.299927
44.1	298.443512	-236.643845	1026.764526
44.11	299.21698	57.164856	1033.783325
44.12	300.754944	-81.844627	1026.103027
44.13	298.805847	42.734623	1032.898438
44.14	298.200897	-69.196785	1033.367554
44.15	299.979462	34.917927	1031.922485
44.16	299.689087	-62.348602	1037.395386
44.17	301.174835	66.873108	1035.195923
44.18	299.754272	104.91256	1033.703613
44.19	300.26889	53.35902	1034.961426
44.2	299.409424	-40.233013	1032.230225
44.21	298.486938	-20.712214	1033.265991
44.22	299.056671	-55.867401	1033.103882
44.23	299.686646	-15.281367	1030.533936
44.24	300.353088	-84.323349	1033.692261
44.25	300.665344	73.2127	1036.944092
44.26	300.070984	105.987793	1037.697021
44.27	299.225037	228.713013	1037.317505
44.28	302.111542	28.023605	1035.47229
44.29	299.917694	55.689098	1030.818481
44.3	298.179077	-11.970241	1026.496826
44.31	299.685913	-127.655052	1031.106934
44.32	299.961121	14.674934	1034.515381
44.33	299.748138	-21.942976	1029.175537
44.34	300.525208	58.322735	1028.180176
44.35	299.925873	-109.800499	1030.121582
44.36	301.286377	-32.741173	1029.281006
44.37	299.903381	-9.090812	1033.661255
44.38	300.263306	147.875748	1037.84082
44.39	298.483215	55.408691	1039.734497
44.4	299.321899	-136.007355	1032.299438
44.41	299.45285	-99.158607	1029.502563
44.42	300.475464	170.772766	1036.422729
44.43	300.437195	49.888275	1030.8302
44.44	299.984589	-76.060928	1032.064209
44.45	299.979492	176.294846	1030.283447
44.46	299.750977	-26.145456	1036.271362
44.47	299.46817	33.121357	1033.972412
44.48	300.307373	44.963238	1035.310547
44.49	300.475922	-52.24147	1030.725464
44.5	298.889954	-132.302139	1026.206909
44.51	299.55014	-80.589996	1027.008667
44.52	300.524384	-59.3172	1034.004883
44.53	298.875916	-3.793006	1031.786743
44.54	299.328674	21.073448	1033.406616
44.55	299.072906	-69.188545	1030.275269
44.56	299.901215	-222.002579	1023.376587
44.57	299.413147	-171.371597	1032.627441
44.58	298.078949	-187.406937	1032.36853
44.59	299.541199	-210.61969	1028.150879
44.6	299.517822	-69.222641	1029.885376
44.61	301.256073	16.941111	1028.938965
44.62	300.010651	76.052246	1035.756104
44.63	300.374725	-105.991356	1032.053345
44.64	300.290497	-179.198288	1032.44043
44.65	302.325745	-171.141098	1030.090088
44.66	300.399017	-50.078888	1026.60376
44.67	299.463287	-52.721985	1035.224487
44.68	301.377075	-43.644764	1035.369263
44.69	299.649414	-82.007271	1034.047974
44.7	298.954407	129.378082	1034.99353
44.71	298.959351	106.42865	1033.529419
44.72	299.0242	-0.817752	1032.392822
44.73	300.505615	-51.19453	1032.492554
44.74	299.983948	-97.397102	1030.676758
44.75	297.016663	-140.326553	1029.50647
44.76	298.712982	-106.037529	1033.155396
44.77	299.80484	-156.125565	1029.512085
44.78	298.585693	130.951065	1029.943481
44.79	298.440002	-2.948914	1034.379517
44.8	299.806335	51.913708	1032.171509
44.81	299.24173	-99.224266	1028.26062
44.82	300.035522	5.327276	1031.500122
44.83	300.6409	-86.625313	1032.876831
44.84	298.739777	-102.446899	1030.891235
44.85	298.810883	-217.92012	1027.255737
44.86	300.262451	-110.515495	1027.541992
44.87	299.71405	-94.484566	1029.45105
44.88	298.52182	-202.009277	1026.322144
44.89	301.243591	37.693932	1031.802856
44.9	300.637726	-54.188049	1033.952881
44.91	299.183563	278.956543	1038.989014
44.92	299.709778	-212.743118	1026.133545
44.93	302.044006	30.214056	1025.23877
44.94	298.920013	79.894417	1032.644775
44.95	298.889587	32.26141	1037.001099
44.96	301.992554	126.893524	1030.696167
44.97	300.765778	-25.518927	1030.906006
44.98	299.80188	13.442474	1033.48645
44.99	300.422119	65.652603	1034.729858
45.0	299.321655	-14.476425	1032.105835
45.01	297.766571	-59.203613	1033.484619
45.02	298.477173	107.286339	1036.5
45.03	300.85907	-155.647476	1027.747192
45.04	300.470001	-137.346848	1028.892822
45.05	298.481354	-169.15657	1032.204102
45.06	300.021332	-112.817772	1029.107666
45.07	299.581238	64.162361	1033.759644
45.08	297.581177	-116.163124	1028.609253
45.09	298.074799	-89.975182	1030.063232
45.1	299.430328	-36.043026	1031.7854
45.11	298.956818	-57.876301	1031.841187
45.12	299.750183	-37.981091	1036.913574
45.13	301.110291	318.48642	1040.903564
45.14	299.983032	2.452418	1038.928589
45.15	299.963257	115.317101	1035.682495
45.16	300.709229	72.333473	1033.940552
45.17	301.220245	110.296822	1032.607544
45.18	300.556824	-34.863636	1030.357788
45.19	299.503906	-143.207947	1031.770996
45.2	301.519409	-156.86586	1031.4823
45.21	298.523865	-218.409225	1028.282593
45.22	300.041107	-36.016956	1032.823364
45.23	301.41745	173.216309	1037.074951
45.24	301.654663	19.653341	1034.058228
45.25	301.123016	-185.921463	1030.424927
45.26	300.579346	-112.930168	1028.351196
45.27	300.341095	34.941944	1033.576538
45.28	300.545715	154.847977	1033.800415
45.29	299.809265	215.085251	1036.62146
45.3	300.773163	3.318547	1028.922485
45.31	300.84491	6.582993	1024.634766
45.32	301.266449	323.015015	1040.70105
45.33	299.156525	-35.734821	1036.422485
45.34	299.862762	82.482475	1033.263062
45.35	301.936188	145.607498	1034.980103
45.36	300.665955	349.738983	1041.503418
45.37	299.182739	11.590626	1032.501587
45.38	298.918488	3.498953	1029.820068
45.39	300.400848	35.846767	1035.944092
45.4	298.884491	147.638916	1037.92688
45.41	300.661224	-6.787468	1031.293457
45.42	299.808258	-104.511108	1029.243286
45.43	300.861938	-210.252808	1024.021118
45.44	298.940308	-102.766991	1031.931274
45.45	299.051086	13.22395	1033.016113
45.46	300.075287	-136.188828	1027.002319
45.47	300.944305	-23.25975	1038.412598
45.48	300.19339	76.38485	1031.348999
45.49	299.512177	69.303581	1032.469971
45.5	300.508789	22.526918	1034.604248
45.51	299.901855	41.072693	1029.785034
45.52	299.522217	-348.380402	1026.320679
45.53	298.767761	-72.322945	1028.466064
45.54	300.368591	154.840317	1039.022827
45.55	298.546783	19.978949	1031.35022
45.56	300.485229	-260.354462	1020.969299
45.57	299.684906	-73.189697	1030.016357
45.58	300.388184	102.692383	1033.773193
45.59	301.020782	30.408838	1032.497314
45.6	299.565033	-10.336304	1031.352417
45.61	298.709961	59.89996	1034.002686
45.62	300.541595	32.079346	1033.03479
45.63	299.361816	109.159485	1038.220337
45.64	300.724579	38.732204	1038.075317
45.65	298.819855	39.896965	1034.611938
45.66	300.352661	-15.324543	1032.661743
45.67	301.431763	0.718389	1036.562134
45.68	300.991241	-105.062004	1033.342651
45.69	299.914642	52.073772	1024.473022
45.7	300.129303	-63.952496	1033.443115
45.71	300.588348	206.517944	1030.798096
45.72	300.304047	-95.610291	1030.707397
45.73	299.719208	-31.346609	1029.19751
45.74	299.903809	-230.987625	1028.956909
45.75	299.41214	-118.730904	1028.617798
45.76	299.710876	-119.62677	1021.459656
45.77	300.078796	11.739212	1029.844849
45.78	300.113739	173.802933	1034.896606
45.79	298.184998	92.294914	1036.356689
45.8	298.095581	-117.893044	1030.246338
45.81	297.898956	203.431076	1035.679321
45.82	302.665314	106.664024	1039.381226
45.83	300.782104	34.175125	1034.691895
45.84	300.300171	-39.127308	1032.773926
45.85	301.737885	44.297359	1034.105591
45.86	299.415619	-12.147113	1032.998291
45.87	300.182373	13.562335	1031.326416
45.88	300.452209	-20.672127	1032.546021
45.89	297.2565	75.821632	1032.312134
45.9	299.596069	-71.50956	1032.144409
45.91	297.449402	102.521446	1040.207275
45.92	302.714691	-3.378794	1035.650146
45.93	299.781616	-61.603291	1027.936768
45.94	300.759857	-83.81002	1028.010376
45.95	298.940033	-126.614258	1034.699097
45.96	299.283112	68.477531	1036.966553
45.97	299.204193	72.913696	1040.273682
45.98	299.704041	23.290842	1034.053101
45.99	299.89209	-144.850967	1032.537842
46.0	298.614563	-1.139755	1030.902222
46.01	301.212738	13.328015	1032.736084
46.02	301.673187	-124.983421	1031.236328
46.03	299.127411	-203.397461	1027.151245
46.04	299.062622	67.053673	1029.777954
46.05	300.95578	90.221672	1034.269043
46.06	299.156342	-64.034096	1030.426758
46.07	300.003998	15.94678	1032.955688
46.08	300.835144	43.510799	1035.174072
46.09	300.876648	200.056396	1042.706543
46.1	300.085175	76.822708	1028.267456
46.11	300.449921	-79.032677	1028.423096
46.12	299.277618	-57.162243	1027.634766
46.13	300.358246	-191.531662	1021.254028
46.14	299.11203	34.147533	1034.895508
46.15	301.563019	-178.928589	1025.922241
46.16	299.284515	73.721275	1031.789917
46.17	299.193085	140.019455	1040.109131
46.18	300.537964	118.532616	1041.506592
46.19	300.620514	-135.212967	1031.613892
46.2	299.140869	-80.792496	1031.360962
46.21	299.407318	-7.249435	1033.559814
46.22	299.763641	-107.293251	1027.742676
46.23	298.727417	79.333435	1036.206665
46.24	300.113892	-104.247101	1029.47229
46.25	299.923706	234.803268	1046.413086
46.26	299.660492	160.7043	1036.526489
46.27	298.427521	-37.415592	1033.451538
46.28	299.321838	6.831423	1036.431519
46.29	300.831726	157.527512	1033.368774
46.3	300.888367	116.203529	1037.560913
46.31	300.262238	155.616348	1032.1073
46.32	299.085449	-197.728653	1026.736816
46.33	301.910828	144.028671	1037.499634
46.34	299.815948	35.74226	1034.847778
46.35	299.155487	2.427783	1028.604736
46.36	302.222626	193.0	1036.877441
46.37	300.876831	201.267715	1035.378906
46.38	299.52121	239.697189	1036.498657
46.39	299.858307	-89.585175	1031.093384
46.4	300.772247	-32.365108	1023.161743
46.41	301.514923	69.570244	1031.582275
46.42	299.206665	-269.267212	1028.794556
46.43	300.017761	-66.603584	1028.061401
46.44	301.775879	102.504669	1043.249023
46.45	301.106567	-52.221554	1029.588379
46.46	299.594147	-143.492676	1028.384033
46.47	299.513885	-47.558132	1029.628174
46.48	299.546997	206.148056	1037.165405
46.49	299.945557	-3.563431	1032.303589
46.5	299.871735	169.27327	1035.095459
46.51	299.337921	39.81937	1036.01416
46.52	301.163879	-4.7015	1035.154053
46.53	300.768433	166.938171	1038.5354
46.54	301.528381	74.714897	1031.877563
46.55	300.445892	53.171322	1031.381348
46.56	300.737946	64.407066	1031.204712
46.57	299.707703	-13.313291	1026.040405
46.58	301.018402	-147.324097	1027.02478
46.59	299.597839	-160.231308	1025.965454
46.6	298.801514	69.072769	1037.592529
46.61	300.378479	142.685349	1038.055176
46.62	300.027954	-19.981642	1026.616455
46.63	298.675476	38.781124	1034.279175
46.64	300.232574	-167.211563	1029.486328
46.65	300.942444	-13.064538	1029.447388
46.66	299.561584	188.599976	1035.03064
46.67	300.617249	-123.210075	1032.657715
46.68	299.338379	139.880676	1026.692505
46.69	299.789307	-121.271759	1024.781494
46.7	299.297089	-108.634216	1035.007324
46.71	298.065094	180.902084	1042.314575
46.72	301.013824	23.060892	1031.947998
46.73	301.725616	-42.433437	1025.779785
46.74	300.239441	-14.110784	1029.082153
46.75	300.265839	21.596235	1037.089478
46.76	298.74826	-138.252518	1027.478027
46.77	300.271942	22.691282	1027.570312
46.78	300.17984	107.938576	1038.272339
46.79	299.962067	151.50618	1036.223267
46.8	298.475433	-30.472832	1034.068237
46.81	298.734314	-65.988525	1029.138184
46.82	299.930695	-208.107376	1033.742554
46.83	297.419617	230.417603	1036.962524
46.84	300.722015	-74.14695	1030.254883
46.85	299.562897	-90.865517	1034.238647
46.86	300.394836	11.885773	1030.508057
46.87	300.364532	-102.545715	1032.303223
46.88	299.135132	-131.658875	1025.072388
46.89	301.072479	-89.247993	1031.05835
46.9	300.106598	252.042603	1044.311401
46.91	299.119507	131.7547	1035.687866
46.92	299.188507	100.511787	1032.607544
46.93	301.017792	188.362183	1032.091675
46.94	299.783752	-125.903328	1030.055542
46.95	300.256439	-13.794835	1038.735107
46.96	299.152802	175.689453	1035.267944
46.97	300.274017	23.277361	1028.75708
46.98	301.12027	-82.652	1034.106934
46.99	296.741699	-43.16048	1022.249268
47.0	299.664917	48.684162	1031.904785
47.01	300.504364	128.265381	1031.600952
47.02	300.049744	-161.172226	1030.293823
47.03	301.979889	-16.566584	1030.927734
47.04	300.198273	174.806351	1033.602417
47.05	299.165833	-9.017116	1032.068237
47.06	299.990143	-2.935429	1033.069458
47.07	298.531494	-65.536949	1033.493652
47.08	297.122437	-178.153183	1031.808716
47.09	300.218445	-73.038589	1025.601807
47.1	300.543152	-58.472942	1025.205933
47.11	301.517334	-99.80957	1030.002319
47.12	298.963013	-139.978165	1026.895874
47.13	299.82605	-203.394302	1028.177368
47.14	299.350861	-25.179361	1031.628052
47.15	300.839661	-50.421814	1029.700806
47.16	300.438995	42.103539	1034.352539
47.17	298.688385	44.970516	1034.886108
47.18	299.40686	43.023754	1037.245239
47.19	299.79129	-113.507172	1032.354492
47.2	297.845001	94.576416	1032.783203
47.21	298.902863	-72.8339	1032.974854
47.22	298.645386	-4.891122	1025.213013
47.23	300.881927	-134.075684	1027.490967
47.24	299.563904	-73.090538	1033.323486
47.25	299.56778	-22.308899	1026.354248
47.26	300.531158	-67.888519	1027.152954
47.27	299.64801	-75.109322	1032.4021
47.28	300.274811	88.599236	1034.197144
47.29	299.373322	184.03363	1035.18042
47.3	301.579651	-91.415001	1032.61499
47.31	300.249512	-98.982735	1031.690186
47.32	299.910706	-93.179588	1028.324219
47.33	301.098083	37.427364	1028.976074
47.34	300.052765	84.415581	1032.95459
47.35	300.610382	-78.729736	1034.950317
47.36	299.233917	230.518387	1040.367432
47.37	297.53183	-115.502495	1034.427246
47.38	297.856445	-86.176231	1031.348511
47.39	298.834564	-204.667923	1025.788452
47.4	298.753113	-17.847425	1034.213867
47.41	297.333221	179.318176	1035.137207
47.42	297.365753	-101.542351	1033.15271
47.43	301.822418	78.993477	1033.366089
47.44	299.098663	112.313423	1030.639404
47.45	301.763824	-109.546532	1031.96106
47.46	299.226593	54.297619	1030.859741
47.47	301.243927	154.728317	1039.792969
47.48	299.592255	-32.984093	1026.604492
47.49	302.102356	-24.645281	1031.105835
47.5	298.412476	-90.834831	1027.119385
47.51	300.663116	53.319904	1036.5979
47.52	301.076355	-83.161003	1027.637329
47.53	300.42453	-263.924377	1026.770142
47.54	301.159241	-237.566162	1026.075562
47.55	299.086365	18.285757	1032.825195
47.56	299.258057	139.341843	1032.166748
47.57	300.248383	2.261195	1039.425903
47.58	300.625031	36.842319	1032.040039
47.59	300.881866	-75.639252	1030.933838
47.6	299.435883	-237.99762	1028.786621
47.61	299.069824	-31.246948	1025.957275
47.62	301.990051	80.056129	1033.971191
47.63	301.940216	206.393311	1039.993896
47.64	299.428741	-42.637226	1031.023315
47.65	300.645782	-28.55278	1028.3396
47.66	300.125366	44.861935	1026.900146
47.67	300.278931	16.909119	1032.932495
47.68	300.914642	311.780609	1039.746704
47.69	300.268555	317.502289	1039.411621
47.7	300.483551	106.217796	1035.73645
47.71	298.438843	66.726646	1034.398193
47.72	298.775055	295.033142	1040.113159
47.73	300.672699	19.519407	1032.642212
47.74	300.381042	-80.418968	1030.896118
47.75	300.657257	121.202843	1036.545776
47.76	300.129761	36.236546	1029.65918
47.77	301.946869	28.37352	1028.738525
47.78	300.700562	38.247379	1029.279907
47.79	300.42688	70.705215	1034.985229
47.8	299.490967	69.662506	1036.066528
47.81	300.450562	8.428441	1029.697632
47.82	301.429871	119.276245	1034.240601
47.83	300.148743	176.832764	1037.197876
47.84	298.977692	108.541687	1036.703979
47.85	299.776947	244.223755	1035.840454
47.86	298.563446	-133.582626	1026.748779
47.87	300.215393	-85.181595	1029.239136
47.88	300.299622	203.550919	1033.492065
47.89	301.59137	-58.396328	1030.799194
47.9	299.856781	-89.951271	1034.343506
47.91	299.314667	135.9086	1036.687012
47.92	300.186401	-0.153814	1034.109619
47.93	301.671082	0.389776	1030.926636
47.94	300.779266	-162.53154	1032.389648
47.95	301.130707	-199.414169	1029.469849
47.96	301.722412	1.957097	1025.971558
47.97	301.367157	20.771437	1029.064575
47.98	300.864746	115.648888	1034.594238
47.99	299.285828	-65.030663	1032.879272
48.0	299.023621	31.172018	1031.930786
48.01	301.277588	-60.748043	1026.219971
48.02	299.857483	-220.244263	1027.658936
48.03	300.984528	-147.069	1026.862793
48.04	299.836304	4.239965	1028.741699
48.05	299.519745	-23.80394	1031.486328
48.06	300.181244	-30.057936	1027.356689
48.07	298.063477	-208.526688	1030.697021
48.08	297.299988	-24.479349	1032.345703
48.09	300.108551	-17.482008	1034.987305
48.1	300.293427	39.436733	1034.482788
48.11	297.645264	115.652435	1038.31897
48.12	298.680237	-78.071327	1023.813232
48.13	301.386627	27.513414	1033.129517
48.14	300.47879	148.097961	1038.394531
48.15	299.42807	196.175049	1032.18689
48.16	299.601593	-133.211929	1027.138672
48.17	299.813049	36.907825	1033.278687
48.18	301.570618	-7.066631	1029.19458
48.19	300.727203	127.851685	1032.872925
48.2	299.570038	-307.392334	1029.684082
48.21	302.268402	-89.079475	1029.394653
48.22	299.581848	-1.647517	1032.191162
48.23	299.92926	-88.21508	1037.424072
48.24	298.643646	44.927231	1038.763916
48.25	300.00769	186.319702	1036.786499
48.26	299.927704	-109.773438	1032.506104
48.27	298.298187	-111.514565	1029.857544
48.28	300.33313	-60.808002	1028.989014
48.29	300.143127	132.4039	1040.812988
48.3	300.81369	-93.94825	1035.155273
48.31	298.953491	-172.098953	1027.511353
48.32	302.607849	24.489664	1026.938965
48.33	300.154419	-25.023947	1026.615356
48.34	301.222931	-9.90242	1030.013428
48.35	300.017029	-72.774963	1029.90686
48.36	298.686401	72.111885	1030.045166
48.37	301.150208	43.739643	1037.136597
48.38	300.456909	-26.302664	1028.13269
48.39	302.181702	-18.542643	1032.391479
48.4	299.016388	149.441986	1038.018799
48.41	300.652191	62.933807	1037.790527
48.42	298.252441	-48.478848	1033.214478
48.43	299.573303	49.576721	1039.132202
48.44	300.003082	-158.756302	1030.07373
48.45	297.988281	-49.059357	1029.741943
48.46	300.005676	72.990479	1039.106201
48.47	299.427307	20.294809	1032.328979
48.48	299.559357	-182.705078	1028.466064
48.49	299.613281	-226.751053	1028.601074
48.5	298.993073	-50.849415	1027.39978
48.51	299.219269	-95.661766	1027.991577
48.52	300.77359	280.109558	1031.935059
48.53	300.589111	234.047165	1042.064331
48.54	299.090942	-230.25264	1027.933105
48.55	299.91687	-10.781666	1032.221924
48.56	297.884399	63.735455	1034.993774
48.57	299.51355	139.84726	1035.748535
48.58	299.925446	213.106613	1040.053345
48.59	302.29718	210.835815	1032.686768
48.6	300.800873	-84.832085	1032.04541
48.61	299.463226	19.836046	1032.999023
48.62	300.541809	36.854713	1038.82666
48.63	300.385468	222.128464	1040.119141
48.64	301.861511	139.323914	1034.879761
48.65	299.12439	82.269569	1031.801025
48.66	300.368042	83.187065	1033.906982
48.67	300.888855	-157.073959	1026.51001
48.68	299.588715	-136.170547	1028.511841
48.69	298.171509	-121.65683	1033.899902
48.7	300.294952	-75.8274	1031.219116
48.71	302.776794	-78.996803	1030.204468
48.72	296.894897	-141.890457	1036.822632
48.73	300.923737	-98.428528	1031.895386
48.74	300.38855	-99.727661	1027.601685
48.75	301.29184	-40.532726	1028.677856
48.76	300.531372	-131.46843	1026.688599
48.77	301.019012	-1.076986	1030.022705
48.78	301.952545	80.646767	1034.438477
48.79	298.978729	27.34584	1032.297363
48.8	301.262878	-2.258244	1031.869629
48.81	301.099457	63.812428	1037.769897
48.82	299.591858	74.903717	1035.953247
48.83	300.148956	-448.844269	1021.620178
48.84	298.638	-215.512039	1026.707764
48.85	301.336945	-31.914854	1036.648193
48.86	301.882874	71.620262	1035.286865
48.87	301.070007	267.328125	1038.065918
48.88	297.529663	35.295502	1029.380249
48.89	301.635773	143.493179	1035.275757
48.9	302.351318	83.774635	1033.970215
48.91	300.876801	-144.379257	1027.513184
48.92	300.437256	-14.315018	1031.56897
48.93	298.55426	91.129417	1033.676147
48.94	301.234039	-201.502762	1029.80127
48.95	300.21936	27.15889	1032.182373
48.96	298.87674	157.817764	1035.257568
48.97	299.290588	93.600807	1034.339478
48.98	299.908081	93.848701	1035.514526
48.99	299.513611	38.085491	1028.87146
49.0	299.003357	122.681587	1029.627075
49.01	299.257202	11.521836	1031.721069
49.02	299.429047	124.846397	1035.442383
49.03	301.08783	98.570229	1034.188232
49.04	300.237946	55.874981	1032.873657
49.05	300.51413	19.845242	1034.270752
49.06	300.268951	110.098999	1036.29248
49.07	298.409973	-65.618217	1028.279419
49.08	299.766144	110.804909	1030.749878
49.09	299.821564	-84.277901	1032.489624
49.1	298.750488	92.812645	1035.747192
49.11	300.325439	33.013958	1035.595947
49.12	299.698242	44.762207	1037.205322
49.13	300.010834	-3.167691	1024.502075
49.14	299.281738	-12.36525	1031.111816
49.15	299.66095	-146.508179	1030.9646
49.16	301.39856	-79.760155	1030.005737
49.17	299.884888	-214.707382	1024.366943
49.18	298.068695	148.496475	1040.280029
49.19	301.218811	77.998032	1032.24292
49.2	298.666077	-119.91288	1029.687012
49.21	301.194702	152.09462	1039.148438
49.22	300.45752	-30.108809	1035.35791
49.23	298.481812	226.970261	1035.306396
49.24	300.135803	65.314392	1038.195068
49.25	303.00943	330.763062	1038.215576
49.26	300.78299	-39.587543	1028.916382
49.27	303.15921	-121.488319	1028.913574
49.28	299.412445	-20.213469	1035.4552
49.29	298.69162	-4.987198	1028.460205
49.3	300.14389	48.471863	1042.19812
49.31	298.569153	35.330067	1037.542969
49.32	300.227386	69.713112	1036.900757
49.33	299.32132	72.376915	1033.189453
49.34	299.953094	138.654831	1034.213013
49.35	301.052032	-10.055842	1030.255371
49.36	298.940674	-74.289772	1033.970703
49.37	298.587311	-225.069702	1034.160034
49.38	299.075684	70.295143	1032.914917
49.39	299.957336	-13.910797	1034.744507
49.4	298.127533	-123.891457	1026.782349
49.41	297.261169	-130.010452	1030.618652
49.42	301.236206	-179.198608	1030.716919
49.43	300.634949	-137.764725	1028.321045
49.44	300.13446	10.103156	1032.592896
49.45	297.939789	-216.073318	1026.108032
49.46	298.93457	-209.137924	1029.04541
49.47	300.027893	-118.866478	1027.786255
49.48	297.840454	-312.629028	1022.989319
49.49	300.371948	-20.198355	1027.530884
49.5	299.123535	53.283131	1040.927002
49.51	298.252014	187.383713	1041.614868
49.52	300.138062	148.882065	1035.288818
49.53	301.46701	30.724588	1033.691895
49.54	299.614197	-164.15506	1028.891479
49.55	301.344513	90.024132	1034.462524
49.56	300.413788	-33.323177	1030.907837
49.57	299.890717	132.064529	1036.310059
49.58	300.123505	89.391258	1033.582886
49.59	299.709503	53.367191	1034.381592
49.6	301.1362	136.870438	1035.012207
49.61	302.019318	-37.052155	1029.040894
49.62	299.947083	-12.724544	1024.59082
49.63	300.211456	154.656357	1035.707153
49.64	299.458252	142.06282	1039.529053
49.65	301.477051	-17.433102	1036.853882
49.66	300.63916	-54.14949	1025.482056
49.67	299.893463	-183.938187	1024.932007
49.68	299.991974	-30.806108	1030.393066
49.69	299.895081	122.831299	1039.057129
49.7	300.050537	103.030518	1035.425537
49.71	298.053162	-238.491989	1025.054565
49.72	300.779266	-14.191737	1038.994507
49.73	300.886475	-165.630127	1028.46582
49.74	300.120911	138.969299	1037.092285
49.75	299.149963	153.935242	1037.158203
49.76	299.353912	-129.238266	1032.118042
49.77	298.904327	7.339458	1030.945312
49.78	301.284058	11.715042	1029.475952
49.79	299.745026	300.452545	1037.316162
49.8	300.363007	28.188126	1033.11731
49.81	301.218292	-77.933113	1030.168091
49.82	300.535217	-13.427897	1030.575073
49.83	299.760742	5.958468	1034.584351
49.84	300.508972	-100.121361	1031.076172
49.85	300.094238	50.236843	1032.849731
49.86	302.093414	288.363892	1043.910278
49.87	301.088562	82.515038	1026.779907
49.88	299.764893	-146.607895	1032.526855
49.89	300.314423	15.966042	1034.244019
49.9	301.298492	153.768204	1034.406738
49.91	300.187958	133.05159	1035.036743
49.92	300.70105	53.44273	1036.505005
49.93	299.753418	16.190104	1031.672363
49.94	300.237915	-80.597008	1036.184448
49.95	299.524933	165.087906	1031.417236
49.96	299.294495	-219.765457	1025.928101
49.97	300.31662	-60.3344	1026.858643
49.98	301.075836	44.494282	1031.706909
49.99	299.821655	53.680904	1031.072144
50.0	299.005249	131.149429	1042.52478
50.01	301.300323	68.218361	1035.12915
50.02	300.045593	-45.626904	1026.394653
50.03	298.755096	30.451452	1035.822876
50.04	298.956512	18.242678	1037.32605
50.05	299.130524	-35.184326	1033.620239
50.06	300.879395	-62.660183	1032.939209
50.07	299.997162	-0.824385	1028.735596
50.08	299.476715	-12.492385	1033.239502
50.09	300.535919	127.605095	1036.353394
50.1	298.819061	-24.294022	1031.425049
50.11	298.553345	-126.925842	1032.073364
50.12	300.756531	6.534509	1031.404541
50.13	299.486938	-155.655655	1028.755127
50.14	302.005463	-41.418457	1035.926758
50.15	300.013184	44.327026	1035.690063
50.16	297.943451	60.775105	1033.943237
50.17	299.939819	188.260574	1037.25061
50.18	300.622742	-46.763508	1028.694824
50.19	299.543976	168.335617	1035.480835
50.2	299.284821	68.367424	1031.997803
50.21	301.730865	204.670609	1034.306396
50.22	299.469849	-212.196823	1026.86731
50.23	300.347656	-214.585571	1025.498901
50.24	301.313873	14.60551	1031.989502
50.25	299.163239	-13.719583	1032.025879
50.26	299.797333	110.854713	1036.259766
50.27	300.185089	142.026718	1036.685669
50.28	300.414398	210.944138	1034.043457
50.29	299.571289	83.144203	1039.14856
50.3	301.235016	-93.665489	1030.200928
50.31	298.851746	-122.137032	1029.039795
50.32	300.212677	218.466812	1041.83728
50.33	300.200867	75.070473	1036.056396
50.34	299.731903	-51.485657	1029.186401
50.35	298.820648	-15.183639	1032.430542
50.36	299.115082	323.862518	1043.354858
50.37	298.033844	142.800354	1038.76416
50.38	300.137207	-148.612427	1025.150391
50.39	301.171783	84.398285	1031.700317
50.4	299.524902	35.627651	1030.728638
50.41	299.21347	74.502037	1036.711304
50.42	299.549103	-92.863678	1032.518921
50.43	300.279877	65.575607	1034.083496
50.44	299.511719	-0.42554	1029.567139
50.45	300.201721	-125.058533	1032.070679
50.46	299.713196	46.531406	1039.852051
50.47	300.417328	130.759186	1041.200439
50.48	298.988037	-165.578568	1029.96167
50.49	300.475586	23.647791	1032.228882
50.5	299.585632	130.569077	1038.775635
50.51	302.885162	30.470688	1034.038208
50.52	300.824707	-72.282005	1029.99646
50.53	299.75296	-91.782402	1029.588867
50.54	299.42572	51.039352	1036.865479
50.55	298.819672	-51.321243	1027.790527
50.56	300.31601	-71.369194	1031.655151
50.57	299.131866	203.343155	1033.880615
50.58	299.233368	47.061413	1031.877563
50.59	302.945892	43.56477	1034.565674
50.6	300.39798	-94.569664	1027.14502
50.61	302.053833	-58.112492	1029.165649
50.62	301.663757	57.282211	1028.562134
50.63	300.957367	21.078751	1030.786987
50.64	299.908173	-85.249397	1031.213745
50.65	298.716919	-57.279606	1028.897583
50.66	300.608002	-20.264688	1026.002441
50.67	300.226898	61.99472	1034.969238
50.68	299.892303	61.726124	1034.657471
50.69	300.722748	59.199924	1039.927002
50.7	298.817291	-34.018879	1032.405029
50.71	297.792664	34.673847	1033.208374
50.72	298.679657	48.968384	1035.803833
50.73	302.615936	302.673615	1040.569092
50.74	298.951721	-22.33396	1033.21936
50.75	298.377563	127.585266	1033.930786
50.76	301.021667	148.109802	1033.865479
50.77	299.579437	15.069348	1033.800415
50.78	302.176697	133.258118	1034.957642
50.79	300.686371	15.333629	1034.946533
50.8	301.550385	88.132973	1036.812256
50.81	299.129303	-114.734749	1032.908569
50.82	300.156311	93.210136	1033.883789
50.83	298.456573	76.751465	1037.91748
50.84	300.104767	-19.789728	1028.40332
50.85	300.418701	-117.71627	1028.260376
50.86	299.299622	145.417313	1042.375977
50.87	301.075928	70.914162	1033.605835
50.88	300.69751	-321.858276	1018.774719
50.89	299.871338	-68.199242	1027.931763
50.9	300.485382	34.30241	1031.687622
50.91	300.103607	-1.400859	1035.54895
50.92	300.035736	30.409666	1035.133057
50.93	300.835114	133.148849	1034.238525
50.94	300.727814	280.181183	1041.380981
50.95	299.389038	-55.886154	1032.404541
50.96	299.191986	-5.69081	1034.87439
50.97	299.51889	-211.075073	1028.03833
50.98	301.578674	22.445374	1030.289673
50.99	300.439758	-152.034531	1024.965332
51.0	300.647583	23.573481	1032.054688
51.01	299.875946	145.300507	1038.204468
51.02	301.608887	-187.628906	1029.6427
51.03	300.695862	0.039224	1034.34668
51.04	300.408722	-81.494034	1027.227661
51.05	298.432953	56.576885	1039.12854
51.06	300.375031	171.015671	1033.637817
51.07	299.108185	-98.511444	1029.863281
51.08	301.480377	114.24942	1030.187744
51.09	302.295044	-93.013184	1030.117676
51.1	299.735016	12.495549	1035.354736
51.11	299.655579	-5.218897	1028.04187
51.12	298.939362	46.466793	1028.727051
51.13	299.769348	130.212753	1037.530151
51.14	300.89151	-76.447777	1033.674072
51.15	300.209839	59.470097	1034.612061
51.16	299.841003	-123.910683	1032.072754
51.17	299.298248	362.091278	1033.407349
51.18	301.438385	-26.998018	1032.164795
51.19	298.436981	-197.163162	1030.658936
51.2	299.246796	-39.059807	1026.359741
51.21	300.289276	-248.582535	1024.114258
51.22	299.477325	-14.699412	1028.582275
51.23	301.445496	-39.378159	1031.421265
51.24	301.684906	320.310211	1036.940308
51.25	300.635193	3.510249	1035.150024
51.26	300.339966	-121.148659	1027.863037
51.27	300.087769	-30.544876	1035.466675
51.28	301.161743	-45.866596	1030.325928
51.29	298.183228	56.785831	1035.137817
51.3	298.93335	-306.157928	1026.057007
51.31	299.411804	21.751719	1034.777344
51.32	301.631866	-175.183044	1030.931152
51.33	302.389526	172.108154	1034.133667
51.34	300.844543	78.540741	1033.830688
51.35	301.362427	48.023479	1034.72229
51.36	298.964539	-113.783691	1029.400513
51.37	303.085571	-159.076767	1026.229126
51.38	299.399567	85.488335	1031.895996
51.39	299.300262	193.057877	1035.86853
51.4	302.245361	99.99881	1034.97168
51.41	300.083008	79.98761	1039.153931
51.42	300.554321	-145.556458	1030.143677
51.43	298.86731	197.022293	1039.279297
51.44	299.438629	125.045738	1031.978882
51.45	298.756897	-97.12265	1032.391968
51.46	302.407898	50.541752	1038.338867
51.47	299.616333	-83.606941	1029.55603
51.48	300.937592	-185.971634	1029.953247
51.49	298.831696	205.324585	1041.222412
51.5	300.433899	58.556599	1036.711304
51.51	298.699677	-38.86301	1028.705566
51.52	297.02359	-110.913635	1034.887573
51.53	299.085083	-138.766953	1030.848877
51.54	299.7901	-58.500244	1033.328247
51.55	301.146667	-107.625336	1029.241211
51.56	300.201172	-121.697144	1031.764648
51.57	300.993042	-87.478554	1028.494385
51.58	300.072083	-12.185188	1035.382324
51.59	299.580017	19.874758	1033.640259
51.6	299.251587	-16.963911	1032.131104
51.61	300.125	-25.849854	1033.180908
51.62	300.148193	79.696907	1036.482544
51.63	300.266022	-67.080254	1031.859863
51.64	298.89386	114.401031	1037.143188
51.65	301.264038	38.825294	1033.879272
51.66	298.173492	-17.702532	1028.500977
51.67	300.316956	14.589958	1033.191284
51.68	299.623566	-155.078552	1025.6875
51.69	299.521301	44.440815	1036.499512
51.7	301.077881	-79.152473	1031.619507
51.71	299.525665	166.262665	1031.483887
51.72	301.311646	135.580322	1037.323364
51.73	299.679413	-36.138485	1030.228271
51.74	299.948853	-24.745817	1028.861206
51.75	298.90799	-82.591797	1031.705444
51.76	299.313629	4.503402	1027.903564
51.77	301.055176	-119.899231	1028.339844
51.78	300.431183	-76.868782	1034.863403
51.79	299.808136	-83.115097	1039.514771
51.8	299.552521	356.893555	1033.635986
51.81	299.399109	-161.296738	1026.46936
51.82	299.610168	-162.738403	1032.154175
51.83	298.201385	259.645966	1043.176025
51.84	302.093323	310.016083	1040.744385
51.85	298.127655	163.542923	1034.861938
51.86	299.612091	-92.788368	1023.823669
51.87	300.124573	-200.28064	1024.4552
51.88	301.192383	109.270241	1033.584961
51.89	299.550995	10.249626	1032.434204
51.9	300.541443	-112.379112	1027.758057
51.91	300.333221	133.879349	1035.553223
51.92	299.096985	-7.404928	1033.942261
51.93	300.298157	175.580505	1034.795532
51.94	302.719604	55.923096	1031.712524
51.95	299.011322	-35.569546	1034.705322
51.96	300.607422	-164.590317	1031.299561
51.97	300.355042	-43.31868	1029.210571
51.98	301.295441	-99.516502	1032.819824
51.99	300.527008	73.24131	1034.479858
52.0	300.029266	-167.005692	1030.664062
52.01	300.556702	-71.377785	1032.792725
52.02	299.825165	104.975647	1037.352539
52.03	300.862122	150.319366	1034.636475
52.04	299.419525	-157.599716	1030.483643
52.05	299.667755	-72.537277	1029.465698
52.06	298.673035	-104.391426	1034.027344
52.07	300.62851	-115.096596	1026.681152
52.08	300.451294	-2.103404	1020.847168
52.09	298.388916	-58.077312	1030.546143
52.1	300.063629	31.055799	1033.548828
52.11	300.013824	144.974396	1036.764038
52.12	301.09726	24.10248	1033.99585
52.13	301.494568	-9.952495	1038.842529
52.14	299.274323	-20.060324	1034.547607
52.15	300.917725	-8.08458	1025.118042
52.16	300.854462	-211.060104	1025.062134
52.17	301.981415	-149.829849	1023.971069
52.18	300.284058	-15.704396	1032.454224
52.19	299.782288	-72.754417	1030.498657
52.2	300.004028	-16.526255	1029.966309
52.21	299.668488	-4.960299	1032.164795
52.22	302.630707	-16.773029	1031.740112
52.23	301.185455	-201.936844	1029.300293
52.24	298.925934	-181.207031	1026.417847
52.25	298.891235	0.66308	1033.301392
52.26	301.179047	-59.303425	1033.474487
52.27	300.854919	233.780884	1033.592041
52.28	298.608704	17.000219	1034.220337
52.29	301.586945	39.499439	1031.794922
52.3	298.474365	64.490417	1027.175903
52.31	297.969604	-84.854065	1027.893433
52.32	299.250641	27.344923	1034.053711
52.33	301.763977	155.288574	1026.875
52.34	300.116608	34.958878	1030.819824
52.35	300.235748	33.069893	1035.213745
52.36	297.015381	-178.162903	1028.174927
52.37	300.235077	71.12516	1038.126221
52.38	300.729523	-0.630834	1028.133667
52.39	300.334778	0.519501	1032.066406
52.4	299.964844	-7.171057	1028.848633
52.41	301.166779	-92.818474	1029.446533
52.42	300.11203	20.236795	1029.024292
52.43	299.134338	-105.88343	1026.271851
52.44	300.858276	52.156906	1035.358276
52.45	299.647278	-42.805805	1035.613647
52.46	299.513947	11.390885	1029.114014
52.47	300.601135	-268.486664	1026.75061
52.48	299.056213	167.819046	1036.181519
52.49	298.677795	-57.603649	1031.303589
52.5	298.81839	-132.395477	1030.122803
52.51	300.905365	274.969421	1040.434937
52.52	298.194092	-133.63475	1031.060181
52.53	299.953674	28.949394	1029.611938
52.54	302.299164	-57.18224	1030.859985
52.55	299.26535	-18.195208	1034.846069
52.56	301.384613	80.42968	1033.729492
52.57	300.029938	80.612343	1038.711304
52.58	299.020599	187.262268	1037.165161
52.59	300.046173	-69.232384	1027.541992
52.6	300.289276	127.857262	1036.001831
52.61	300.70575	86.61924	1037.338379
52.62	299.953064	20.315477	1036.232056
52.63	299.03299	63.90868	1034.748779
52.64	303.428131	-90.266609	1025.657349
52.65	299.231354	37.271553	1030.059326
52.66	298.98764	208.584366	1035.726685
52.67	300.67392	84.324982	1035.638916
52.68	300.952301	67.848183	1035.34436
52.69	299.78363	30.149658	1031.105103
52.7	299.518616	-48.964314	1030.670776
52.71	298.104431	-99.824074	1031.852905
52.72	299.799011	-71.567413	1031.667114
52.73	301.585785	-117.84137	1024.542358
52.74	300.423981	71.268852	1030.781128
52.75	301.9487	-88.563332	1028.370728
52.76	300.523956	-9.658299	1034.843018
52.77	299.475677	-287.061188	1021.465454
52.78	301.086334	51.347	1028.581177
52.79	300.205383	233.451462	1032.278931
52.8	299.453735	-10.338277	1027.395508
52.81	297.816895	10.348992	1027.435181
52.82	300.585724	93.563087	1038.664673
52.83	299.970032	-102.110435	1027.766235
52.84	299.5495	-217.066757	1025.463257
52.85	299.842682	99.86483	1033.048096
52.86	298.870361	11.696874	1030.961914
52.87	299.382843	231.347824	1038.135376
52.88	300.691742	-42.697262	1033.535522
52.89	301.825348	-0.201199	1026.464355
52.9	299.69342	11.527733	1034.647339
52.91	299.597687	517.991943	1042.463135
52.92	301.040375	-4.428052	1027.910034
52.93	299.455658	15.524379	1035.543335
52.94	300.236694	82.909912	1031.700317
52.95	300.223663	273.250854	1040.683838
52.96	297.406647	-1.807049	1032.302002
52.97	301.748718	157.183548	1032.013794
52.98	300.738495	187.433914	1039.479614
52.99	302.471405	137.264877	1037.205933
53.0	300.687073	-17.348619	1035.160645
53.01	300.157654	74.326782	1033.182251
53.02	299.836029	145.331772	1034.391479
53.03	299.575226	-253.346909	1028.319702
53.04	301.174927	38.208187	1037.16626
53.05	299.292572	6.257128	1030.752686
53.06	300.647705	2.329854	1031.735596
53.07	299.992432	-36.77533	1029.3396
53.08	300.849426	28.367712	1032.930908
53.09	300.789764	8.721309	1036.587158
53.1	299.498444	-33.662643	1030.187988
53.11	299.143921	-44.51762	1034.390991
53.12	298.864594	-42.419022	1031.984253
53.13	300.432831	208.169388	1036.837769
53.14	300.69104	84.234497	1034.836792
53.15	299.379761	-161.245544	1023.930542
53.16	300.286743	55.364548	1032.283325
53.17	299.455414	93.028358	1030.948975
53.18	298.568329	-111.796837	1033.960571
53.19	299.709198	327.987183	1036.814087
53.2	299.828888	-0.962508	1031.388306
53.21	300.204071	247.363602	1036.49707
53.22	300.554535	-35.457668	1032.790039
53.23	299.167999	-184.192337	1028.274658
53.24	299.179596	-53.107174	1033.262207
53.25	299.003571	-7.206416	1029.891602
53.26	299.707825	182.946472	1037.21521
53.27	300.181122	26.927231	1033.786987
53.28	299.729889	-25.136223	1026.989868
53.29	300.175751	-1.200143	1028.270386
53.3	299.135986	-112.836922	1029.739624
53.31	301.411499	184.089294	1037.887207
53.32	299.120026	-53.948334	1033.246704
53.33	298.580078	13.16845	1035.741577
53.34	301.335266	-43.767349	1031.274902
53.35	301.043823	153.155167	1035.147583
53.36	299.890198	249.541138	1036.516113
53.37	300.876526	-252.871948	1029.737061
53.38	300.89859	-27.175385	1028.100342
53.39	302.085754	-173.802017	1026.637573
53.4	300.973724	-141.053192	1029.298218
53.41	300.354126	117.371399	1033.782104
53.42	301.833221	60.785786	1027.559448
53.43	299.372131	-131.417557	1031.440063
53.44	299.448029	108.677666	1037.166504
53.45	300.106873	64.494194	1030.163818
53.46	301.3349	-110.564568	1029.309082
53.47	300.190887	159.310837	1037.43689
53.48	301.169159	30.341011	1028.464966
53.49	298.489288	-87.269356	1029.797852
53.5	299.975281	78.82946	1034.727905
53.51	297.190582	40.426132	1035.765381
53.52	300.024689	14.83783	1032.040283
53.53	299.395996	-85.433678	1027.233276
53.54	300.788513	-83.539223	1025.094727
53.55	301.563416	177.12854	1036.695312
53.56	299.45636	145.557281	1036.351074
53.57	300.844086	-92.191368	1034.318115
53.58	299.882629	-17.423426	1030.885132
53.59	299.937592	51.804066	1033.355103
53.6	297.933197	10.095078	1029.544434
53.61	301.116119	-13.465425	1033.063965
53.62	301.350067	-32.212643	1029.155396
53.63	297.604462	-352.661957	1020.783447
53.64	300.499664	126.447327	1037.34668
53.65	301.09201	-21.029472	1032.62207
53.66	301.875916	116.056618	1036.374023
53.67	300.654724	181.907837	1034.571045
53.68	297.995178	-146.931213	1027.261841
53.69	298.653381	229.33728	1039.666382
53.7	300.193115	91.262421	1031.421997
53.71	299.563202	-83.509521	1025.337036
53.72	300.742798	101.972481	1037.771484
53.73	301.211853	-89.944847	1027.865967
53.74	298.829895	102.958824	1032.359741
53.75	300.482025	123.099953	1038.968506
53.76	297.987305	-31.652657	1034.590454
53.77	299.768646	-47.280346	1032.190918
53.78	303.83432	-22.662378	1028.72998
53.79	300.801453	-14.117894	1033.339478
53.8	299.63559	-92.858192	1034.434448
53.81	300.903809	-177.131546	1026.239746
53.82	300.580597	32.805008	1030.342651
53.83	299.192291	112.93222	1036.047852
53.84	300.315033	-87.123199	1032.9104
53.85	302.117737	75.926086	1036.03772
53.86	300.583466	38.095783	1031.874146
53.87	300.981659	36.97168	1038.320312
53.88	301.217438	-100.503761	1032.464355
53.89	300.19696	-20.863804	1031.424194
53.9	301.078613	-55.520527	1032.754395
53.91	299.306641	-188.303238	1022.0495
53.92	300.934143	132.978592	1033.540283
53.93	300.814514	124.827118	1037.906494
53.94	300.209625	81.959755	1039.032959
53.95	300.171082	82.254158	1032.661743
53.96	300.166077	-81.817894	1030.519409
53.97	297.315308	-190.700485	1026.665039
53.98	299.915741	-186.145142	1022.156372
53.99	300.579956	-74.579681	1031.175415
54.0	298.929535	-106.051392	1028.477173
54.01	299.750183	-41.630356	1031.784912
54.02	299.103424	29.345129	1031.408447
54.03	300.762207	-151.196533	1025.305908
54.04	302.071625	-147.735886	1027.416992
54.05	300.462921	26.63443	1033.28186
54.06	299.450592	83.623032	1039.259399
54.07	300.560974	-27.049627	1027.586914
54.08	299.278534	37.111217	1029.690674
54.09	300.549164	231.537552	1036.999023
54.1	301.445374	47.256184	1037.925293
54.11	302.05838	-1.38824	1027.537598
54.12	299.848663	-50.084614	1029.483765
54.13	298.92572	40.656036	1033.087524
54.14	299.49173	9.781175	1036.204712
54.15	299.990601	-73.591331	1030.323242
54.16	299.158447	38.636982	1033.240601
54.17	298.415039	-360.029297	1023.90979
54.18	302.826935	-104.070961	1024.230225
54.19	302.562012	99.293251	1035.190063
54.2	299.562256	250.525406	1038.788574
54.21	300.40799	-91.15107	1032.845703
54.22	297.276215	98.241905	1037.325317
54.23	299.631195	-28.216299	1029.166504
54.24	299.975739	-18.740213	1032.984619
54.25	299.972443	-3.631363	1029.671387
54.26	302.036682	-97.208778	1028.727295
54.27	297.740234	40.401157	1029.269287
54.28	300.055267	-20.517027	1035.532959
54.29	299.742035	26.660156	1038.80188
54.3	300.778809	199.819092	1043.005737
54.31	299.631378	123.765755	1032.428467
54.32	299.394775	-125.533043	1028.745117
54.33	298.686066	93.763939	1036.496216
54.34	302.119385	112.686699	1036.720947
54.35	298.046082	137.366501	1031.479736
54.36	300.917358	-78.347694	1029.337646
54.37	302.432648	46.603027	1034.276611
54.38	299.907806	-163.160156	1024.81189
54.39	299.391937	142.6539	1036.096313
54.4	300.506561	-209.763962	1032.627197
54.41	301.274292	118.757607	1031.09668
54.42	300.125549	79.668549	1034.329712
54.43	299.051086	87.312294	1031.509277
54.44	298.840424	-86.850594	1031.047974
54.45	300.501556	78.767952	1029.911865
54.46	299.820648	-47.276169	1026.928833
54.47	299.350433	-22.177551	1033.634155
54.48	300.427765	-29.93778	1030.258911
54.49	299.791504	327.607086	1045.788574
54.5	298.531281	55.708038	1033.549072
54.51	302.744141	-24.14534	1028.712524
54.52	299.423553	-73.806015	1033.450439
54.53	299.134491	-108.045227	1030.4823
54.54	300.660522	30.319551	1032.096191
54.55	299.54837	-163.285019	1026.884766
54.56	299.376526	86.333374	1030.653442
54.57	300.728485	-84.009148	1029.960571
54.58	298.612366	-200.014755	1027.484863
54.59	300.544922	34.247623	1031.613892
54.6	300.222534	84.962349	1036.233032
54.61	299.72937	52.422924	1038.192749
54.62	301.422424	-26.679861	1030.944702
54.63	300.567657	72.099991	1033.071777
54.64	300.557526	-5.155823	1034.477417
54.65	300.088287	-34.266617	1025.17334
54.66	298.42691	-111.786537	1028.496826
54.67	299.106903	151.342911	1038.629517
54.68	299.33963	135.172287	1035.477173
54.69	300.920288	-21.24482	1034.122681
54.7	299.036652	153.121964	1031.822021
54.71	300.329315	-22.144308	1033.987305
54.72	299.35379	126.035339	1032.51416
54.73	298.796326	45.144897	1034.656616
54.74	301.468628	166.311356	1038.010986
54.75	299.187988	-74.791847	1035.365723
54.76	297.712769	-31.808176	1031.381958
54.77	299.489868	-126.879852	1025.536133
54.78	299.307892	-55.864033	1029.299316
54.79	299.644348	-93.886543	1033.369507
54.8	299.087921	-224.291077	1026.881104
54.81	300.825806	-66.029564	1032.076294
54.82	299.633636	-119.692726	1032.794434
54.83	300.74234	-198.239792	1021.417114
54.84	299.926392	-99.580811	1028.337158
54.85	300.958496	-89.155037	1034.291992
54.86	299.022156	36.019596	1034.882446
54.87	300.682281	28.243073	1034.21228
54.88	300.357086	99.622993	1045.652832
54.89	298.739594	-127.821449	1030.457764
54.9	300.500763	-65.640327	1028.058228
54.91	299.763916	-118.95575	1027.524536
54.92	301.011353	61.258961	1033.392456
54.93	300.755768	40.650318	1031.821045
54.94	299.453552	-233.456009	1025.068726
54.95	299.66391	61.803661	1037.851807
54.96	299.601318	77.261353	1030.710815
54.97	301.46463	147.815063	1038.842773
54.98	300.976654	45.291416	1036.063965
54.99	300.574951	-1.226259	1034.379517
55.0	299.641022	172.899246	1034.345093
55.01	298.534058	40.280735	1036.98584
55.02	300.061493	-80.897026	1031.182983
55.03	300.752441	-142.646622	1033.912964
55.04	299.734833	-63.748333	1034.904663
55.05	301.651123	-30.12604	1034.767456
55.06	302.324188	-167.088974	1026.132324
55.07	299.171356	7.708435	1030.490234
55.08	299.218384	-103.852882	1027.111694
55.09	299.898743	-25.335394	1035.805176
55.1	301.022369	-123.617348	1026.119019
55.11	298.871674	30.301863	1031.460571
55.12	299.450287	-176.599655	1031.799683
55.13	299.312531	-45.913395	1034.535889
55.14	301.454865	325.29837	1037.140259
55.15	299.3974	-102.912941	1025.062134
55.16	299.871033	-176.622238	1023.793213
55.17	300.271881	84.433815	1032.36084
55.18	301.506622	110.311188	1033.729736
55.19	302.127991	37.694656	1036.179077
55.2	298.408356	-190.441177	1033.649292
55.21	302.085114	105.578514	1033.360474
55.22	301.47937	10.398185	1034.025391
55.23	299.722565	88.268921	1033.788208
55.24	301.182739	203.128586	1031.293457
55.25	298.51123	5.247555	1035.524414
55.26	300.341217	-81.089211	1031.607544
55.27	300.717499	53.204212	1034.40625
55.28	300.187714	94.214989	1034.812012
55.29	298.446503	-137.010864	1030.532959
55.3	299.063782	249.105957	1037.392456
55.31	299.973114	-31.365454	1034.119507
55.32	301.55365	145.684799	1031.591919
55.33	300.29718	-106.407349	1030.897339
55.34	298.934814	-117.588799	1028.98877
55.35	301.087067	29.509039	1033.797241
55.36	298.449799	97.750549	1038.484375
55.37	300.95047	-24.616961	1032.183228
55.38	298.244812	32.929501	1035.567993
55.39	300.215851	97.726173	1034.137329
55.4	298.432617	10.047942	1033.396362
55.41	298.872131	-41.406918	1034.36145
55.42	300.325256	92.024628	1032.965332
55.43	299.584991	280.170166	1037.245239
55.44	299.703064	83.252922	1036.086914
55.45	301.906616	109.2229	1038.466187
55.46	299.31366	67.849831	1037.047974
55.47	298.414856	5.39917	1034.099976
55.48	299.434387	-129.237793	1029.879761
55.49	299.100647	-120.436882	1030.836182
55.5	300.535461	-125.276405	1025.341187
55.51	300.337708	-147.976089	1033.653564
55.52	300.896729	81.574188	1034.280029
55.53	300.945801	-115.25412	1031.010864
55.54	301.39447	49.069729	1030.718262
55.55	299.463623	5.689722	1034.383301
55.56	299.150879	13.712463	1032.754761
55.57	300.983795	99.0112	1031.752197
55.58	299.843628	-130.87233	1030.523438
55.59	301.518738	-81.455086	1026.66394
55.6	300.502655	-259.482452	1026.045532
55.61	300.739868	3.710309	1035.581787
55.62	301.636353	-5.134595	1035.86853
55.63	300.456177	15.5983	1025.053223
55.64	299.599854	124.760017	1035.54541
55.65	299.729218	41.993412	1033.674072
55.66	300.097107	106.207176	1035.394287
55.67	298.96991	-210.389725	1028.846558
55.68	299.586609	143.802261	1037.381226
55.69	301.829498	-79.05648	1029.760742
55.7	299.788513	-67.609123	1027.86145
55.71	298.581512	-35.811382	1029.44043
55.72	301.933807	92.1576	1037.807373
55.73	298.462372	-135.447891	1033.855591
55.74	300.234711	117.612206	1037.870605
55.75	300.500702	16.001898	1033.604492
55.76	299.55542	-142.896225	1031.131104
55.77	300.20462	-10.462106	1031.536621
55.78	299.466797	-18.423962	1032.602661
55.79	299.868408	-84.540031	1029.18396
55.8	299.565308	34.38055	1032.553467
55.81	298.988251	162.714233	1038.579102
55.82	300.790161	4.58432	1028.947388
55.83	299.502716	41.5853	1025.378906
55.84	300.70752	216.586258	1034.637207
55.85	299.763794	-51.017262	1038.711304
55.86	300.666046	61.145214	1032.077881
55.87	300.523346	150.412628	1039.397217
55.88	301.153046	1.194387	1032.220947
55.89	299.826752	172.878616	1031.807617
55.9	300.900269	280.613281	1045.107788
55.91	299.653442	101.864227	1035.475464
55.92	300.506897	-105.011269	1029.586548
55.93	301.801453	31.187132	1031.452637
55.94	301.366577	34.346325	1032.1427
55.95	300.246033	-110.688698	1030.334961
55.96	300.969604	-206.874161	1024.398071
55.97	297.743835	-199.293869	1029.312988
55.98	299.601318	-129.808105	1027.105103
55.99	300.036865	-114.544312	1029.22644
56.0	299.975281	93.160027	1040.320312
56.01	300.156189	5.61263	1030.866089
56.02	299.819977	-19.266897	1031.376831
56.03	301.046356	-62.515728	1032.317017
56.04	300.636414	-65.462196	1033.518433
56.05	301.306274	-33.767094	1025.949951
56.06	300.747101	-56.952259	1034.595581
56.07	301.31958	230.682693	1041.157837
56.08	300.402588	-28.489822	1031.213745
56.09	299.593201	26.669153	1031.828979
56.1	301.245361	-116.250359	1029.425903
56.11	301.244659	-118.248436	1026.249634
56.12	296.787109	25.271034	1030.922607
56.13	301.89093	226.350769	1046.041504
56.14	300.244202	76.167587	1036.561768
56.15	299.120667	-135.708511	1027.248047
56.16	300.301361	-17.536844	1031.072998
56.17	301.834717	318.751465	1034.897583
56.18	300.358673	25.664034	1032.970825
56.19	300.002563	-219.739334	1025.854492
56.2	299.557159	-72.028801	1031.078247
56.21	301.363556	5.163147	1036.486694
56.22	298.342651	-90.433067	1031.363281
56.23	301.599579	216.495895	1038.332397
56.24	301.652893	97.118462	1035.369751
56.25	300.736237	50.182163	1033.642944
56.26	297.889191	-0.47614	1031.823364
56.27	299.478149	183.141281	1035.131226
56.28	300.322205	-25.717705	1024.990723
56.29	300.990387	16.646713	1028.395386
56.3	299.631989	28.214262	1035.622925
56.31	299.757416	50.889832	1031.116821
56.32	299.615509	-99.22274	1029.52124
56.33	298.628082	58.373257	1033.056885
56.34	300.548035	5.554682	1036.038452
56.35	298.640717	-41.92226	1032.81189
56.36	299.708344	53.455074	1032.666016
56.37	301.071777	-117.883934	1028.241943
56.38	299.926544	90.308784	1031.043457
56.39	299.909943	27.484261	1038.095947
56.4	300.299957	305.234253	1035.480225
56.41	296.982086	94.058342	1035.871094
56.42	300.13916	1.611913	1027.325195
56.43	299.229828	103.291115	1039.077759
56.44	300.884674	28.890627	1033.130127
56.45	299.829498	18.484392	1033.927612
56.46	299.870361	106.122589	1035.080811
56.47	298.975952	143.759476	1039.703857
56.48	299.663483	-134.101242	1034.104736
56.49	299.77771	5.724153	1029.558228
56.5	299.82901	71.598701	1035.63623
56.51	301.063049	155.045639	1032.04248
56.52	298.916656	22.016962	1034.300293
56.53	299.510071	-78.966591	1029.791748
56.54	300.349091	40.239132	1036.878418
56.55	301.510742	-86.764442	1030.668335
56.56	301.19458	-11.608134	1038.860352
56.57	301.02597	44.891972	1033.148682
56.58	299.198273	-219.774796	1030.85791
56.59	299.291168	-72.963295	1031.418335
56.6	299.549286	115.060814	1030.711304
56.61	300.68457	45.582367	1035.134155
56.62	299.874695	149.50882	1036.794434
56.63	298.645569	-137.224594	1031.2146
56.64	300.02063	67.255585	1025.65918
56.65	300.251984	-104.914551	1032.598511
56.66	300.957794	-73.072151	1031.460083
56.67	301.62439	-68.324371	1034.442505
56.68	299.047272	5.13186	1029.9198
56.69	299.69812	-117.941193	1033.593262
56.7	298.359131	48.934376	1034.711426
56.71	300.220215	-183.449539	1025.072388
56.72	298.371704	-107.368408	1029.107666
56.73	299.43396	121.433777	1035.96875
56.74	299.534027	281.162354	1041.539185
56.75	298.500732	-188.438431	1030.588135
56.76	300.455139	-58.777039	1026.526855
56.77	300.422607	-101.349945	1027.266113
56.78	299.699585	70.14679	1034.832031
56.79	301.800293	69.592232	1034.06543
56.8	299.127777	-128.422623	1027.096069
56.81	299.49826	-151.058899	1031.596558
56.82	298.587402	2.254907	1034.806885
56.83	298.616089	60.783844	1032.247803
56.84	298.898346	-211.77565	1024.10022
56.85	300.154388	41.524693	1030.461792
56.86	300.563019	68.71183	1034.228516
56.87	297.638245	23.190195	1038.812744
56.88	300.146637	111.486237	1032.132568
56.89	301.440918	301.25058	1037.010986
56.9	299.327606	-70.063606	1034.507324
56.91	300.070526	62.6521	1035.655518
56.92	300.044739	212.774399	1033.856079
56.93	299.511414	84.850098	1034.671875
56.94	299.62619	32.377274	1038.618408
56.95	299.850494	-113.99456	1031.619995
56.96	298.745789	5.587733	1033.507812
56.97	298.755768	-74.794807	1029.55896
56.98	300.87561	-56.819653	1035.615234
56.99	301.040405	64.119102	1035.023193
57.0	299.612793	231.494263	1037.061523
57.01	299.443207	-12.711123	1035.157227
57.02	300.873138	-15.550075	1029.23877
57.03	302.680664	37.159992	1031.401123
57.04	301.014648	-131.311295	1029.46167
57.05	298.86377	-126.687866	1028.861572
57.06	299.067047	14.168782	1033.540527
57.07	299.763794	433.04306	1041.312256
57.08	299.77948	-66.689781	1033.593628
57.09	300.455505	50.318756	1035.940918
57.1	300.61734	-92.397278	1031.629272
57.11	300.810944	126.252571	1037.549438
57.12	300.209442	-28.920601	1032.128418
57.13	300.516205	12.74627	1029.318115
57.14	301.05603	96.788635	1038.429688
57.15	299.035461	104.054146	1036.949463
57.16	298.647583	65.68335	1034.092529
57.17	299.141266	31.696579	1032.753052
57.18	298.762299	-51.893406	1032.283203
57.19	299.492249	-108.021545	1031.207397
57.2	299.609222	32.560135	1030.150635
57.21	300.155884	-3.309851	1037.282227
57.22	299.738159	56.469357	1034.885864
57.23	300.601807	29.936289	1031.916992
57.24	299.387024	-136.300217	1027.661987
57.25	300.71521	-271.686371	1023.468018
57.26	299.91922	240.366455	1036.689087
57.27	299.049377	-85.57373	1034.548584
57.28	301.095825	125.856506	1036.110107
57.29	300.937195	128.888351	1039.875488
57.3	300.359436	3.214932	1032.611328
57.31	301.067719	-18.370977	1029.828125
57.32	300.395935	-75.858597	1037.485962
57.33	297.993347	-60.971287	1032.408691
57.34	301.5625	58.216717	1032.401245
57.35	300.133728	-7.351555	1028.915649
57.36	299.378265	-69.002625	1027.920166
57.37	299.783112	-4.295509	1030.63562
57.38	300.884094	-202.349487	1025.870483
57.39	299.393311	88.28537	1036.440918
57.4	301.79895	-81.846764	1030.442383
57.41	300.803864	-12.439946	1030.880737
57.42	298.184326	-122.29995	1030.024902
57.43	301.326447	-44.69754	1027.854858
57.44	300.007874	-23.746569	1033.007568
57.45	299.023376	-56.541332	1038.751343
57.46	299.906372	150.809189	1038.309082
57.47	301.224762	-202.106125	1033.134888
57.48	301.289032	114.179138	1032.418579
57.49	300.38501	-3.765999	1034.748535
57.5	300.40332	-110.10508	1037.477661
57.51	301.466095	-20.064728	1029.241699
57.52	300.245789	-88.323402	1030.297607
57.53	298.998047	1.168058	1033.595703
57.54	302.381683	-141.817856	1030.557373
57.55	300.587341	2.956908	1028.346191
57.56	299.146545	159.54158	1037.808716
57.57	301.302094	-20.209131	1033.793457
57.58	300.367249	-90.070274	1034.330933
57.59	301.108032	143.391434	1034.229614
57.6	300.747345	-100.560112	1031.089966
57.61	300.859924	-3.807755	1034.847168
57.62	301.665161	160.742935	1031.860596
57.63	300.820221	-49.827026	1033.94458
57.64	300.164154	82.153145	1035.930298
57.65	297.644592	110.581116	1033.225708
57.66	298.837372	46.817627	1032.522095
57.67	300.282166	126.10788	1036.905518
57.68	299.257263	-123.082817	1020.787109
57.69	299.432343	-2.48425	1036.223389
57.7	300.070343	92.816719	1033.509155
57.71	298.947327	30.581823	1032.555054
57.72	298.575409	32.383343	1032.6698
57.73	299.33139	-97.347839	1034.464844
57.74	299.024475	-127.421814	1022.954468
57.75	300.247803	-16.25271	1033.865479
57.76	299.751953	-81.781494	1032.479248
57.77	300.056946	227.373657	1035.147583
57.78	299.663269	87.059044	1034.939331
57.79	297.995789	-4.403708	1033.370361
57.8	298.417969	-52.762543	1032.237427
57.81	300.02417	17.474119	1028.531616
57.82	299.503723	-86.764244	1032.416748
57.83	299.377167	213.227737	1036.713379
57.84	299.784454	-55.41951	1028.766235
57.85	299.505096	135.633408	1033.14502
57.86	300.898376	-16.893476	1033.195679
57.87	300.137939	11.597922	1029.989868
57.88	298.387787	-201.113083	1031.149414
57.89	298.969513	-163.437393	1037.600342
57.9	301.628235	-32.373035	1031.503906
57.91	298.805115	63.204361	1032.041138
57.92	299.816376	-217.857346	1029.146362
57.93	300.577393	-120.950722	1033.237427
57.94	299.043335	-302.299866	1018.250366
57.95	301.341858	49.016018	1037.049072
57.96	297.871368	-140.449173	1032.780273
57.97	298.634918	-90.261452	1028.80896
57.98	298.919312	-73.050232	1030.393799
57.99	300.481842	129.985229	1032.448975
58.0	300.359711	-10.924541	1031.966919
58.01	298.003967	-59.118118	1034.360474
58.02	300.826141	22.94066	1035.408691
58.03	298.885162	-99.472511	1022.658997
58.04	299.327759	-306.796173	1029.202271
58.05	300.154572	63.018024	1032.303833
58.06	299.905975	125.79303	1036.06604
58.07	302.040588	-60.549404	1030.523926
58.08	297.67688	-258.914673	1023.332397
58.09	300.915314	-79.623199	1033.240356
58.1	299.22229	98.527428	1037.119385
58.11	300.734222	48.499332	1027.696655
58.12	300.776062	130.965714	1028.628296
58.13	298.897705	170.666183	1038.117188
58.14	297.042084	169.063919	1034.717529
58.15	299.751801	-78.410164	1031.977905
58.16	301.120117	77.941856	1031.0802
58.17	300.111847	10.325946	1030.951294
58.18	300.152679	-72.597054	1031.110962
58.19	301.532593	149.17186	1027.680054
58.2	299.209808	23.820795	1036.002441
58.21	299.263794	-65.874809	1026.909912
58.22	299.647003	-37.214607	1028.66748
58.23	298.55661	96.125587	1036.427002
58.24	299.755798	250.045029	1039.546997
58.25	300.182098	-100.509621	1027.052002
58.26	301.706757	132.963821	1034.615967
58.27	299.550598	10.779408	1029.735474
58.28	299.453796	-96.122108	1033.098022
58.29	300.911285	217.3125	1035.142334
58.3	298.9505	98.331291	1036.654297
58.31	297.800781	5.011999	1028.086792
58.32	299.088318	12.992058	1032.420532
58.33	299.61731	-188.663651	1029.8927
58.34	299.633728	212.918777	1037.56543
58.35	299.034851	-62.139221	1035.639282
58.36	301.610779	69.160606	1030.261475
58.37	301.186188	-55.185303	1031.577515
58.38	298.514862	34.436878	1033.949463
58.39	298.965637	-106.907379	1035.178345
58.4	299.921265	-13.105362	1034.60498
58.41	300.858093	139.555252	1034.429321
58.42	299.905884	16.625484	1029.799438
58.43	299.176361	112.786041	1032.144043
58.44	298.510651	103.252075	1035.301147
58.45	300.754364	-98.181007	1030.685059
58.46	298.504791	-23.710938	1034.305054
58.47	301.397644	228.541489	1037.757568
58.48	300.609009	-11.212463	1031.634644
58.49	300.053406	46.194576	1035.182861
58.5	297.723785	-39.203114	1029.912109
58.51	298.751495	-30.406504	1023.739014
58.52	301.144287	45.694233	1034.347534
58.53	300.058563	19.123009	1033.797974
58.54	298.836395	-4.121764	1032.867798
58.55	298.734558	-91.722343	1032.35022
58.56	298.658142	-43.148106	1032.741699
58.57	301.075165	54.475143	1036.308228
58.58	299.134094	-279.386383	1022.418457
58.59	297.706665	-71.916573	1029.021606
58.6	300.613739	-96.758644	1032.268555
58.61	298.387421	-133.305191	1031.487427
58.62	300.414612	96.820961	1036.4198
58.63	297.596497	-42.728531	1035.507568
58.64	301.823853	-22.695749	1032.610718
58.65	300.390503	-59.545109	1031.404297
58.66	301.608551	-191.674316	1028.948242
58.67	297.876831	-135.507416	1031.038208
58.68	300.921661	30.553986	1031.196167
58.69	300.628235	31.055872	1034.502197
58.7	299.461243	-35.4394	1032.278931
58.71	301.153351	160.761276	1038.595703
58.72	297.596649	415.913788	1040.56311
58.73	297.588837	-59.19791	1033.36792
58.74	301.440674	-66.376846	1030.689575
58.75	300.058624	53.68924	1029.874268
58.76	299.99411	-100.070526	1033.05896
58.77	300.611633	-36.8545	1031.353271
58.78	299.855133	89.464508	1038.171997
58.79	300.631195	6.744347	1033.044678
58.8	299.082672	55.383846	1034.533691
58.81	300.074219	121.572151	1030.299683
58.82	300.682587	281.013733	1039.345337
58.83	300.453827	112.255867	1033.94397
58.84	301.207428	125.341553	1035.917725
58.85	299.445343	-49.270386	1034.622559
58.86	300.588959	53.800159	1028.224731
58.87	300.533417	10.32943	1029.066406
58.88	299.884552	219.609009	1038.157104
58.89	299.33429	173.667648	1042.655273
58.9	300.577606	-44.109619	1029.872803
58.91	299.742889	45.72842	1034.725708
58.92	302.461792	147.988449	1035.625122
58.93	300.357361	183.704849	1037.966797
58.94	301.676178	-45.824432	1036.796875
58.95	301.195251	-21.916529	1032.74939
58.96	299.701019	32.306644	1036.318237
58.97	299.51062	0.16984	1036.822876
58.98	299.720154	-7.862155	1034.104736
58.99	299.444336	-81.052864	1032.933594
59.0	301.270813	73.298157	1032.210571
59.01	301.532532	112.614143	1031.459229
59.02	300.408417	-121.485779	1026.460938
59.03	299.609833	106.939247	1032.285767
59.04	302.176361	232.868179	1039.194458
59.05	300.481323	164.709442	1037.674561
59.06	298.129272	-119.919563	1032.677979
59.07	300.288269	-162.6689	1025.496582
59.08	300.106384	-51.659817	1034.165894
59.09	300.911163	119.194908	1035.557983
59.1	300.679657	90.118935	1038.219849
59.11	299.020569	-16.312592	1029.734741
59.12	300.13446	-127.09787	1023.686401
59.13	301.066742	-97.019798	1030.752197
59.14	299.332092	73.002739	1032.558472
59.15	299.996185	195.573532	1042.353638
59.16	298.081085	-163.057968	1027.692993
59.17	299.679565	-78.275772	1032.622314
59.18	300.386322	-258.620209	1026.297974
59.19	301.058655	55.151806	1030.90625
59.2	298.285889	20.104544	1034.541382
59.21	300.710663	-46.132431	1026.2146
59.22	300.200928	-27.272242	1033.419922
59.23	300.522644	-66.90519	1034.714844
59.24	299.179535	-73.338524	1032.952759
59.25	299.631012	199.447617	1038.059692
59.26	299.891327	311.588562	1041.529175
59.27	301.622101	101.505318	1035.95813
59.28	299.368256	-183.202866	1029.009399
59.29	299.935364	-96.115105	1029.409668
59.3	298.248627	249.21965	1039.355225
59.31	302.316772	67.228767	1033.916016
59.32	299.425323	-178.67952	1030.891113
59.33	298.075439	-35.728626	1033.189209
59.34	301.432556	229.12854	1039.766357
59.35	300.725128	-135.791489	1034.413086
59.36	301.203796	-206.946793	1025.67981
59.37	301.313416	5.595535	1035.033325
59.38	299.867493	-83.021042	1032.431396
59.39	298.243958	-245.792892	1027.183838
59.4	298.721344	87.787514	1038.496826
59.41	298.378723	41.159752	1037.954468
59.42	299.1492	-235.691284	1028.430298
59.43	301.022614	-38.917881	1033.545044
59.44	298.203522	-39.622471	1035.043701
59.45	299.5625	-168.98793	1025.408447
59.46	300.34201	-142.17276	1034.590454
59.47	299.130371	-96.975586	1030.678955
59.48	300.246155	-34.946945	1036.588745
59.49	299.657959	-36.51791	1035.359253
59.5	299.671875	-121.817772	1026.953735
59.51	300.100342	-109.91391	1028.804077
59.52	299.238159	49.007473	1036.64978
59.53	301.696564	42.173306	1037.452148
59.54	299.491547	-93.260201	1030.501709
59.55	300.029785	86.684593	1037.501465
59.56	297.705444	22.303209	1034.689209
59.57	299.835114	-15.710407	1028.383179
59.58	300.222595	152.648499	1034.917969
59.59	301.287231	10.240926	1029.474976
59.6	299.344666	207.588379	1040.053345
59.61	300.184174	-37.646755	1034.717041
59.62	299.43103	4.58666	1030.474487
59.63	298.755341	156.15567	1035.749634
59.64	301.180389	-69.551048	1028.411499
59.65	300.644714	-51.142529	1037.113525
59.66	301.269531	73.272621	1036.373291
59.67	300.178802	-96.439148	1032.460938
59.68	300.138824	-19.220619	1029.03772
59.69	300.293365	188.634415	1036.077271
59.7	299.9021	15.571167	1028.583862
59.71	298.002991	-105.314087	1028.891846
59.72	298.549225	-194.946655	1026.930908
59.73	301.734161	68.943939	1032.315674
59.74	300.285522	-129.800659	1029.653931
59.75	302.074188	62.991886	1033.930176
59.76	302.148132	70.360313	1034.313354
59.77	301.706635	117.076881	1034.417358
59.78	300.516083	68.931976	1036.101318
59.79	300.259796	146.083603	1038.460815
59.8	299.573914	49.686096	1031.239014
59.81	299.612152	-143.549362	1028.115356
59.82	299.298981	-71.499016	1029.916138
59.83	298.597076	70.978363	1033.777222
59.84	300.174103	-226.492477	1026.981934
59.85	299.627655	163.569473	1037.685547
59.86	300.704559	-282.91507	1023.630127
59.87	299.309845	-141.312241	1027.856445
59.88	299.294739	92.297791	1035.804077
59.89	299.477783	-24.686104	1031.618164
59.9	299.625458	68.608208	1034.448364
59.91	299.700897	67.901802	1033.121582
59.92	300.016235	149.633194	1037.483276
59.93	300.473175	61.003666	1032.236572
59.94	299.697906	-76.322258	1029.622803
59.95	298.292389	-58.360218	1032.302612
59.96	299.922241	104.741112	1034.961426
59.97	301.433258	60.759022	1032.983398
59.98	299.405029	82.813385	1037.216064
59.99	300.733459	84.85511	1029.363647
60.0	299.581665	58.470901	1033.015259
60.01	300.170441	200.844604	1039.858276
60.02	298.722992	-100.446686	1032.318848
60.03	300.528717	50.171848	1029.077515
60.04	299.382385	-26.865881	1032.313232
60.05	299.507385	192.919479	1034.633789
60.06	300.13736	-56.969044	1027.919678
60.07	299.68515	-98.101318	1030.111572
60.08	299.980652	56.401745	1038.890137
60.09	300.941437	-64.610542	1031.611206
60.1	299.943604	-50.876728	1029.426392
60.11	299.921173	-163.566422	1028.160889
60.12	300.208008	58.954376	1028.698486
60.13	298.128571	43.828869	1030.103882
60.14	301.765106	-114.230232	1025.959717
60.15	300.57135	104.597939	1034.250122
60.16	301.533142	392.429077	1044.741333
60.17	300.476074	112.101837	1034.300293
60.18	300.772552	-19.271498	1034.586304
60.19	299.997986	-51.965076	1031.263184
60.2	299.572266	-69.974915	1026.711548
60.21	297.975739	-237.113159	1027.696411
60.22	297.915344	-118.584724	1032.93811
60.23	300.157318	-80.219398	1025.500488
60.24	300.949554	93.814819	1038.404297
60.25	300.631622	188.353043	1034.512695
60.26	301.406647	225.672043	1037.899292
60.27	300.742096	58.659302	1036.129883
60.28	300.918304	51.189991	1035.380371
60.29	299.094757	-26.295053	1024.392822
60.3	298.159576	-224.737061	1028.574097
60.31	300.237701	-138.45665	1030.931885
60.32	301.381378	-21.098764	1034.108032
60.33	299.490631	-134.083008	1025.986084
60.34	299.817078	-101.366371	1031.846802
60.35	299.342529	-51.553226	1031.195679
60.36	299.689758	-71.207031	1031.405884
60.37	300.616577	238.730331	1038.979004
60.38	300.565338	-55.099457	1033.540527
60.39	299.095154	83.367531	1034.607056
60.4	298.163666	-167.51825	1027.016357
60.41	298.397461	-68.27533	1029.249146
60.42	300.770264	-92.808083	1030.446411
60.43	299.268555	-12.136891	1036.095703
60.44	300.538513	35.95892	1031.655884
60.45	298.713226	194.381119	1038.389526
60.46	300.723053	-102.495728	1031.969849
60.47	297.946594	-221.05629	1024.902344
60.48	300.520599	-40.489391	1024.240601
60.49	299.626831	127.104637	1039.130981
60.5	300.405762	266.305939	1043.174683
60.51	299.465515	-230.647812	1029.891357
60.52	298.383575	-47.735931	1031.397339
60.53	299.210541	-63.561203	1027.056763
60.54	300.293976	-101.868401	1031.566895
60.55	301.135498	212.60994	1040.57666
60.56	300.547638	-32.784771	1028.99646
60.57	299.732666	-0.674906	1034.427734
60.58	300.628021	-116.007599	1022.929932
60.59	300.51062	-90.068504	1033.026733
60.6	299.96286	27.853811	1033.354126
60.61	299.328613	13.21217	1036.195679
60.62	299.643555	226.773682	1037.169189
60.63	301.657959	-251.146652	1024.06189
60.64	298.5625	20.698965	1034.579834
60.65	299.135254	133.615463	1035.427979
60.66	299.68927	-17.720261	1031.767822
60.67	298.574951	-15.001109	1027.788208
60.68	299.180511	255.592758	1036.731934
60.69	299.954773	64.017395	1033.182251
60.7	300.629517	-238.14949	1029.81604
60.71	301.425323	187.271164	1032.124634
60.72	299.473846	72.153694	1036.081543
60.73	299.131561	-67.618156	1031.353271
60.74	301.696533	-113.93232	1031.035034
60.75	299.38382	-120.13961	1028.442749
60.76	299.632294	-262.278229	1033.643677
60.77	301.01239	40.860546	1028.538574
60.78	300.239197	84.027351	1035.451782
60.79	299.841003	189.550095	1037.916138
60.8	300.045746	-59.88287	1028.724976
60.81	300.02417	-63.15414	1028.966431
60.82	298.912933	-77.837311	1031.739136
60.83	298.769928	-139.15918	1028.00061
60.84	301.435181	-31.233879	1032.596558
60.85	300.540833	79.194923	1029.951904
60.86	299.577332	-232.270523	1029.246216
60.87	301.070007	-55.835464	1033.125366
60.88	299.720612	-41.701546	1025.79248
60.89	299.238098	-75.848244	1021.105347
60.9	301.098938	15.852309	1029.324341
60.91	300.297455	-61.712738	1035.540649
60.92	300.274719	-112.058113	1030.267578
60.93	299.241608	86.303383	1040.538208
60.94	300.536652	-17.38497	1031.600952
60.95	300.151245	-194.261963	1032.070679
60.96	299.873047	63.256042	1037.409424
60.97	300.474701	138.771973	1033.110596
60.98	299.37204	-134.993851	1029.141235
60.99	300.390442	129.888992	1035.703613
61.0	299.013062	-43.687481	1031.379028
61.01	299.370697	-99.025459	1025.881104
61.02	300.813446	-25.998064	1031.675537
61.03	299.19281	-20.137045	1039.186523
61.04	299.244354	-18.928312	1030.385864
61.05	300.40802	-153.248947	1021.954773
61.06	299.274445	76.849266	1035.775513
61.07	299.588013	47.198605	1033.512329
61.08	298.353943	2.836205	1031.982666
61.09	298.853851	98.187096	1039.334595
61.1	298.910858	-85.725182	1031.180542
61.11	300.72522	-47.587666	1030.89563
61.12	299.375397	32.000767	1032.782104
61.13	301.580505	17.995319	1035.24292
61.14	299.25119	37.131374	1036.226685
61.15	302.584137	-120.879143	1027.338501
61.16	299.773346	13.264549	1035.081543
61.17	302.879822	204.351685	1038.623047
61.18	301.108398	207.764389	1036.31897
61.19	300.792236	175.89473	1038.400757
61.2	298.598145	127.132484	1036.842651
61.21	300.049866	-56.02306	1030.480347
61.22	298.58725	37.095978	1031.589966
61.23	299.875427	26.796671	1032.129639
61.24	300.47287	80.209251	1033.603638
61.25	301.072205	126.168892	1037.219482
61.26	299.440948	-84.77079	1031.217163
61.27	300.07428	18.066719	1033.901978
61.28	300.754913	-85.103508	1031.281738
61.29	300.069794	-30.860716	1032.022339
61.3	300.086853	-160.637344	1029.490234
61.31	299.37619	112.003044	1032.651123
61.32	300.292297	216.638062	1034.106689
61.33	300.361969	47.804516	1027.455566
61.34	302.143616	-141.545456	1028.521606
61.35	298.65686	-121.90554	1034.171997
61.36	300.110352	112.16967	1036.407227
61.37	300.985168	-121.297546	1031.854858
61.38	300.175873	-317.024323	1019.489441
61.39	300.604614	-182.989944	1023.843384
61.4	299.609375	4.427858	1029.126587
61.41	300.954254	-276.991241	1026.110596
61.42	299.929474	-114.479088	1027.661743
61.43	299.642853	123.075256	1037.159546
61.44	298.09726	-38.515224	1036.490356
61.45	298.45993	67.571747	1035.271851
61.46	299.849121	-193.031174	1035.518677
61.47	298.876831	-9.47642	1030.429443
61.48	301.932465	-267.56311	1026.651245
61.49	301.822418	41.41428	1031.197876
61.5	301.562592	-190.406723	1027.586182
61.51	300.500275	-176.475388	1025.623169
61.52	299.222137	109.269737	1033.245972
61.53	300.807068	78.405937	1037.852905
61.54	297.889923	-10.95782	1031.138306
61.55	299.107056	205.655441	1037.986572
61.56	300.215302	51.21471	1032.684937
61.57	301.759064	-40.314575	1027.993164
61.58	301.037689	85.33004	1031.322998
61.59	299.749847	-43.211628	1028.327637
61.6	299.398987	265.773315	1037.511597
61.61	298.667328	129.657776	1041.515747
61.62	302.855713	8.909401	1032.902466
61.63	300.794037	-121.650177	1033.300537
61.64	299.340088	29.470209	1039.277222
61.65	300.013123	274.043701	1037.030029
61.66	300.203369	21.61927	1034.784302
61.67	299.869965	54.974903	1032.701782
61.68	300.007935	3.748505	1028.962891
61.69	299.679657	-32.328995	1032.932739
61.7	299.307495	95.035057	1031.056763
61.71	300.976593	59.613361	1036.929688
61.72	299.340942	-14.906964	1035.745117
61.73	301.915833	86.744965	1032.338501
61.74	299.594177	-26.804459	1033.618896
61.75	301.040924	89.409668	1036.677612
61.76	299.631622	-147.413239	1027.389526
61.77	299.403809	-408.330933	1023.882935
61.78	299.875916	-153.079239	1029.664795
61.79	298.816925	-105.212891	1031.536255
61.8	299.129517	-40.05793	1031.764893
61.81	299.484344	203.556839	1037.675293
61.82	299.320862	-213.910721	1028.935181
61.83	300.573944	-33.64465	1032.095459
61.84	300.952332	101.707054	1034.578003
61.85	299.76535	27.987795	1034.668945
61.86	300.531464	-145.837524	1025.77478
61.87	300.444427	-378.688812	1026.226196
61.88	298.864563	56.632858	1031.819824
61.89	298.985535	-98.377617	1026.245239
61.9	299.579956	100.518402	1033.930786
61.91	301.022736	-112.47998	1033.524292
61.92	298.920654	222.242538	1038.991699
61.93	301.262665	63.376484	1036.463379
61.94	299.363007	-34.035877	1032.709106
61.95	300.302246	194.337891	1034.568359
61.96	297.270172	-151.046692	1027.821045
61.97	299.456848	-87.22113	1032.566528
61.98	298.064575	-100.799294	1029.995728
61.99	300.274048	2.973733	1029.856934
62.0	301.654572	51.264297	1033.459351
62.01	299.828461	-0.376974	1024.032104
62.02	300.123596	35.459705	1035.039429
62.03	300.980103	-107.005333	1031.730347
62.04	301.266968	7.08204	1031.126709
62.05	301.109833	101.670235	1037.994385
62.06	303.165344	2.437022	1032.142212
62.07	299.542053	31.969366	1035.805908
62.08	300.404755	-54.650028	1031.632568
62.09	301.575714	-8.959407	1030.066528
62.1	301.441132	-212.69928	1026.989136
62.11	300.055939	65.194328	1030.416138
62.12	298.962524	66.73085	1038.538818
62.13	302.299225	122.151009	1036.626709
62.14	301.410309	153.772537	1034.629272
62.15	300.468994	263.13858	1041.395752
62.16	298.815033	8.023552	1034.817383
62.17	300.123596	60.119778	1035.137939
62.18	299.671509	97.713768	1034.734985
62.19	300.065186	-54.560848	1035.406372
62.2	299.99826	-152.597534	1029.236206
62.21	300.587585	-14.327868	1034.38623
62.22	300.197418	78.913025	1034.908569
62.23	299.709564	-49.210709	1036.802002
62.24	301.579529	-37.029369	1028.803833
62.25	300.888367	-33.960918	1023.96582
62.26	299.861816	105.242867	1035.898682
62.27	301.83316	62.969769	1035.508057
62.28	299.079529	-97.912025	1032.677246
62.29	299.487579	-79.192635	1032.955444
62.3	299.119904	145.300064	1035.90271
62.31	298.745605	27.938919	1032.86853
62.32	301.395782	131.043518	1037.236938
62.33	299.322205	-199.324814	1028.003174
62.34	299.874725	22.715216	1031.261841
62.35	298.164917	-70.063179	1028.984253
62.36	300.353882	242.855301	1039.4104
62.37	299.053253	-11.093456	1030.842407
62.38	299.236176	45.157806	1034.240356
62.39	299.705383	31.985441	1030.812744
62.4	299.275421	129.456009	1029.556641
62.41	301.584198	-2.406408	1034.500732
62.42	300.155151	144.810226	1034.027344
62.43	300.785309	13.937535	1032.378662
62.44	299.866577	183.253174	1033.018555
62.45	299.577728	-43.412228	1034.885864
62.46	301.449707	115.619568	1035.49585
62.47	302.200439	-48.994648	1030.064941
62.48	301.229828	-137.146652	1030.173706
62.49	299.285065	-0.03979	1032.723877
62.5	297.457001	166.972824	1040.195679
62.51	299.828613	34.840248	1030.140991
62.52	300.458954	12.909446	1034.818848
62.53	299.670959	-46.732998	1032.303589
62.54	300.546356	106.971718	1032.40686
62.55	301.302795	-78.46154	1037.120972
62.56	299.057495	71.925438	1033.072266
62.57	299.185211	201.979568	1033.900146
62.58	300.465302	23.42531	1026.563843
62.59	303.322235	-99.807434	1024.600342
62.6	300.251312	-65.282104	1034.507324
62.61	298.985992	-77.186859	1034.484375
62.62	302.279266	100.165443	1037.738525
62.63	299.906158	-229.391113	1028.223633
62.64	298.775757	141.801834	1034.737549
62.65	300.122253	-109.625786	1035.724976
62.66	300.763824	143.43602	1033.916626
62.67	301.244873	-192.843582	1026.914917
62.68	300.129791	4.936426	1029.125122
62.69	299.845612	10.895818	1033.0979
62.7	299.331909	-45.690735	1031.389893
62.71	299.890747	202.999695	1038.104614
62.72	301.906708	6.218381	1034.983398
62.73	300.378387	85.964989	1033.958496
62.74	297.775452	-136.804489	1026.683472
62.75	300.449371	126.307823	1029.850342
62.76	302.264862	46.546917	1029.13208
62.77	299.379578	80.622322	1037.916992
62.78	300.640198	-12.993121	1026.080811
62.79	298.712433	-248.239258	1028.297729
62.8	300.198669	-4.739919	1034.776489
62.81	300.474731	224.204361	1036.134155
62.82	299.674591	-20.889818	1034.193115
62.83	298.386169	321.379425	1039.567139
62.84	299.219757	-12.722219	1028.799927
62.85	300.255676	30.662985	1032.32605
62.86	300.860779	24.639517	1035.651489
62.87	299.79425	210.51738	1040.607544
62.88	300.617126	241.52655	1038.979858
62.89	300.539612	385.332916	1039.326294
62.9	301.270447	10.017677	1031.763062
62.91	300.073273	-107.712746	1027.438354
62.92	300.926392	-20.797697	1031.883667
62.93	299.62384	-105.039978	1029.674072
62.94	299.691284	-158.831345	1028.546997
62.95	299.780304	30.278496	1035.517456
62.96	300.497162	79.013878	1033.958496
62.97	299.369934	123.107811	1032.310791
62.98	299.627502	137.295502	1031.446777
62.99	302.185669	112.799469	1030.037354
63.0	298.101654	22.054667	1034.384644
63.01	299.218964	88.558289	1033.399658
63.02	300.227295	-10.503551	1031.124512
63.03	300.488281	5.385559	1027.846924
63.04	298.40213	42.657909	1033.880615
63.05	300.733643	-101.079254	1030.424194
63.06	302.911713	78.434578	1032.485107
63.07	297.970428	163.241074	1031.726562
63.08	298.924164	22.076845	1033.234741
63.09	299.240601	-93.085854	1031.604858
63.1	299.114532	68.999435	1031.66333
63.11	298.997437	44.466919	1032.714478
63.12	300.739471	-141.422073	1031.026978
63.13	298.257935	-53.891251	1028.10791
63.14	299.488953	-151.185867	1030.192993
63.15	299.623108	-53.954945	1033.973389
63.16	300.326752	-159.073563	1029.874268
63.17	299.610718	-12.369553	1032.223022
63.18	299.907196	135.167648	1035.33313
63.19	300.289856	8.031547	1033.839844
63.2	300.145782	-48.407581	1032.801025
63.21	298.909363	-125.581749	1025.051025
63.22	301.312225	-52.105225	1023.48468
63.23	297.865509	87.749786	1036.107422
63.24	300.642181	44.357849	1034.647949
63.25	301.094849	64.126305	1033.289551
63.26	300.069611	64.013206	1038.842529
63.27	299.818817	147.741211	1037.180176
63.28	300.629456	20.456732	1031.223633
63.29	299.014954	-47.517124	1034.236206
63.3	298.840546	-43.812328	1036.387573
63.31	298.879059	8.979114	1036.024292
63.32	301.503662	88.239861	1033.11145
63.33	300.77301	-52.076847	1036.364136
63.34	300.959991	-35.704544	1026.517334
63.35	300.551208	82.353798	1030.225342
63.36	298.306885	18.42943	1028.134766
63.37	300.35379	-57.566853	1023.915588
63.38	299.60495	-25.955957	1034.443481
63.39	300.838104	-76.022522	1028.494629
63.4	300.547852	161.822144	1037.36145
63.41	301.092133	74.468025	1035.801392
63.42	298.965149	27.390701	1035.069824
63.43	300.275604	91.776955	1033.350586
63.44	300.866882	38.16618	1030.788574
63.45	299.086853	-7.382432	1038.016724
63.46	299.009308	-182.981033	1024.5802
63.47	299.346893	102.782623	1033.795166
63.48	298.494476	-193.61969	1033.089111
63.49	298.399078	102.84922	1034.939087
63.5	301.444122	56.430927	1035.859619
63.51	300.250427	27.702927	1034.441162
63.52	300.494781	1.142095	1033.748413
63.53	298.154602	-281.435913	1024.466064
63.54	299.363403	-294.439209	1027.642212
63.55	300.248779	19.56275	1030.489136
63.56	301.132629	-32.209911	1036.612427
63.57	299.198639	-78.770905	1031.016113
63.58	297.681091	106.624207	1038.177979
63.59	299.141907	-44.656551	1033.527466
63.6	300.231628	-86.578827	1030.04187
63.61	298.998535	-250.528397	1030.967285
63.62	299.922485	61.412121	1034.040039
63.63	299.816772	3.672348	1032.950317
63.64	300.948212	33.78577	1031.351929
63.65	300.569183	97.764526	1033.844116
63.66	302.007385	75.571831	1035.340332
63.67	298.312744	-31.867401	1034.243042
63.68	299.6409	-112.658058	1029.156128
63.69	301.137238	111.516014	1030.367554
63.7	298.283752	133.191299	1033.577026
63.71	299.395996	213.820618	1035.671387
63.72	301.1828	-62.626129	1031.828491
63.73	300.888489	-238.519165	1025.016846
63.74	300.574707	-71.636543	1030.968872
63.75	301.472351	160.286392	1035.54541
63.76	298.478424	87.196556	1030.201782
63.77	302.202209	-136.473709	1036.822144
63.78	300.023529	-104.006584	1029.226685
63.79	300.231171	64.358055	1037.342407
63.8	297.987366	75.254303	1034.396118
63.81	299.977051	98.05941	1033.271973
63.82	300.10144	-62.718456	1034.994263
63.83	298.865997	80.095299	1041.479736
63.84	300.310944	170.33197	1031.805542
63.85	300.608246	65.941597	1035.418823
63.86	300.39978	-30.925856	1030.414795
63.87	300.002716	162.701981	1036.971313
63.88	297.715637	-33.323547	1032.310059
63.89	298.70108	-175.682068	1033.094116
63.9	300.398254	170.61348	1035.818481
63.91	298.937805	22.340223	1026.80542
63.92	299.365021	-75.576591	1024.761475
63.93	299.256409	-70.687447	1029.067749
63.94	300.708069	36.676357	1037.069092
63.95	298.260712	-3.944831	1036.541748
63.96	300.441559	214.834274	1039.165527
63.97	299.574524	6.180875	1039.541138
63.98	299.874573	-128.236588	1030.220825
63.99	301.240051	66.33036	1030.810303
64.0	298.613861	-115.87793	1031.062134
64.01	299.948853	197.374924	1034.79895
64.02	302.237549	133.357925	1033.373291
64.03	299.602509	87.117767	1034.935547
64.04	301.240845	148.511673	1038.20166
64.05	299.535431	-148.429764	1022.950134
64.06	300.840942	-58.358776	1029.286743
64.07	301.23938	-223.701416	1024.659302
64.08	300.564026	59.436268	1037.119751
64.09	298.260864	-82.03038	1033.044678
64.1	298.318634	144.280624	1040.027954
64.11	298.287231	-29.722506	1032.705811
64.12	300.675415	132.173477	1041.772583
64.13	299.583069	-97.98175	1033.084351
64.14	298.383759	-76.85965	1027.188354
64.15	299.622894	62.774693	1037.324463
64.16	298.875549	-244.302856	1028.238159
64.17	299.33786	5.024981	1037.567139
64.18	299.843536	23.254988	1030.496826
64.19	299.635834	85.149651	1039.066284
64.2	300.998779	20.278124	1031.675293
64.21	300.639282	-202.766495	1027.344727
64.22	298.933807	66.608101	1029.916138
64.23	298.399902	-8.372414	1032.099365
64.24	300.62027	85.446861	1033.893433
64.25	300.958984	-25.503481	1032.86853
64.26	299.675323	-177.986313	1033.273315
64.27	299.79657	-161.528763	1029.09314
64.28	301.223846	106.57267	1033.119751
64.29	301.40387	-58.454479	1030.828491
64.3	300.595673	146.274094	1032.100464
64.31	298.9823	-26.519554	1034.974854
64.32	302.421356	-52.458843	1027.67627
64.33	301.062897	116.012383	1037.796387
64.34	300.265137	293.38266	1036.967896
64.35	299.859161	15.710994	1032.664551
64.36	299.919708	30.433222	1034.158203
64.37	300.106781	-79.526642	1029.112915
64.38	299.149323	54.927582	1039.251343
64.39	299.160034	-179.364807	1029.324707
64.4	298.186249	5.519201	1031.836182
64.41	300.663422	-45.322571	1033.115967
64.42	300.093597	37.739079	1031.196167
64.43	301.96637	-17.180922	1029.937622
64.44	298.696136	-68.03437	1030.923462
64.45	301.976074	-179.248169	1026.65625
64.46	300.436188	128.565872	1034.778687
64.47	299.163574	-122.806053	1029.500854
64.48	299.865967	13.785503	1029.93457
64.49	299.596161	-97.246071	1028.492554
64.5	298.476593	53.134647	1032.408936
64.51	300.438416	-19.463999	1032.733154
64.52	299.823608	29.161377	1033.212646
64.53	302.560883	-257.242279	1023.992432
64.54	299.248871	-146.587433	1030.400513
64.55	298.857758	-2.463526	1035.543335
64.56	299.617004	42.585831	1032.512695
64.57	299.154602	246.95549	1037.661865
64.58	301.640137	-149.513306	1028.363281
64.59	299.89859	-176.531021	1025.994019
64.6	299.516693	-71.703438	1025.92627
64.61	299.225342	-2.780304	1034.387451
64.62	298.862335	271.935944	1032.459595
64.63	300.2612	-149.006042	1026.728149
64.64	295.540253	-129.343781	1026.324951
64.65	300.682404	-117.561668	1026.977417
64.66	301.97641	-14.215213	1030.847046
64.67	299.797882	-55.573048	1029.994019
64.68	299.545959	223.963791	1032.512695
64.69	300.269806	5.388672	1033.083496
64.7	299.75531	233.839981	1034.914551
64.71	298.542725	32.245548	1036.5979
64.72	299.529205	119.690956	1033.412231
64.73	301.152679	-22.913986	1027.635376
64.74	299.121887	31.555166	1033.568237
64.75	299.17511	108.794281	1039.121826
64.76	298.60437	-53.851543	1036.742798
64.77	299.454987	53.891376	1035.502441
64.78	299.587189	139.494217	1035.73645
64.79	299.047485	-211.26033	1030.197021
64.8	300.759369	92.763618	1031.648804
64.81	300.769104	-202.795044	1032.043823
64.82	299.019226	6.0574	1035.986694
64.83	300.21701	-23.964882	1027.947632
64.84	299.737213	-94.642921	1027.974609
64.85	300.348755	53.061932	1032.999634
64.86	300.684021	171.003952	1032.223633
64.87	301.302063	56.046894	1031.010864
64.88	299.037048	-11.955193	1035.842651
64.89	301.842072	69.460548	1031.210571
64.9	299.412659	-121.096619	1028.045288
64.91	299.805786	-113.615791	1026.961426
64.92	302.362549	-9.052482	1029.61731
64.93	297.737518	76.312508	1029.023682
64.94	300.100739	-9.984622	1027.259033
64.95	299.514191	66.50972	1040.07959
64.96	300.549316	-99.782234	1028.029175
64.97	299.014679	-133.551224	1029.271729
64.98	299.940796	-59.724812	1031.210571
64.99	303.107971	-30.140524	1030.66748
65.0	301.505676	-57.016415	1034.849609
65.01	299.120819	49.793446	1033.587769
65.02	299.125824	91.522369	1035.086182
65.03	298.896698	-139.186295	1027.335571
65.04	300.51712	63.135395	1037.314575
65.05	301.315277	217.98436	1037.653687
65.06	300.93335	57.366333	1035.457031
65.07	299.779053	33.647602	1038.408081
65.08	301.082184	35.406155	1035.404663
65.09	302.55835	3.007484	1034.349976
65.1	301.408081	88.16037	1030.559448
65.11	300.331329	129.201584	1032.761841
65.12	298.167847	-142.728622	1034.577515
65.13	299.077362	20.643053	1031.343628
65.14	300.277863	-13.808909	1038.184204
65.15	299.949158	-96.768394	1029.166992
65.16	299.609161	58.545345	1033.562134
65.17	299.360596	87.921326	1038.362183
65.18	299.737152	-173.945511	1027.859863
65.19	298.851105	161.333389	1038.256226
65.2	302.245575	55.962265	1036.082397
65.21	298.602478	87.671257	1037.069458
65.22	299.832916	4.974455	1026.492554
65.23	301.131042	-30.03816	1032.974609
65.24	298.817322	136.176483	1037.394409
65.25	299.972839	-30.814543	1028.376099
65.26	299.298645	-242.215576	1022.967468
65.27	300.89444	98.291649	1034.023193
65.28	299.798706	-39.001209	1033.121216
65.29	299.078217	-24.147276	1034.883423
65.3	298.585022	94.833557	1037.127808
65.31	299.434387	109.823883	1039.739014
65.32	299.286621	59.918766	1030.21814
65.33	300.372742	-33.115883	1034.28772
65.34	299.958252	211.557053	1036.110107
65.35	300.902283	43.354931	1031.389404
65.36	299.775452	121.029686	1037.049072
65.37	299.249207	116.830811	1037.365479
65.38	300.169098	169.513626	1035.569092
65.39	299.89798	61.176128	1029.532227
65.4	299.523254	216.097427	1037.327148
65.41	300.580597	88.768272	1033.901733
65.42	300.061462	7.530467	1029.797852
65.43	300.721436	-146.312119	1024.205078
65.44	300.462555	202.872253	1033.005981
65.45	300.272827	-79.149452	1028.697998
65.46	300.285828	-82.523842	1036.040894
65.47	300.717499	33.855282	1035.150757
65.48	301.164307	57.34959	1033.365479
65.49	300.903168	22.466288	1035.327026
65.5	299.755127	-1.56634	1030.402954
65.51	300.288971	32.68169	1035.630371
65.52	301.127441	64.032745	1035.365723
65.53	301.403442	24.086226	1031.126831
65.54	298.372131	95.552483	1037.737793
65.55	299.056427	21.408966	1031.673706
65.56	298.020355	-115.505135	1029.421387
65.57	301.061462	4.485285	1035.473022
65.58	300.478363	102.081856	1032.110596
65.59	302.703857	121.306152	1039.989502
65.6	299.693176	119.148766	1035.475708
65.61	298.446564	-18.825502	1032.384521
65.62	299.986572	-119.228302	1032.667358
65.63	299.001038	-126.467957	1030.007812
65.64	299.035858	-211.233276	1023.053162
65.65	299.96759	-117.816742	1029.577271
65.66	300.787415	-56.38744	1028.718018
65.67	299.498779	-9.003222	1036.001587
65.68	299.860077	-82.965698	1030.905151
65.69	298.639587	-71.628815	1030.772949
65.7	300.859924	79.736153	1033.351196
65.71	301.663605	146.115952	1035.95105
65.72	298.533356	-90.491127	1031.600952
65.73	300.189941	268.621185	1038.160278
65.74	300.029266	46.470699	1033.466553
65.75	300.636169	112.971367	1034.937988
65.76	300.400391	138.582169	1033.360718
65.77	298.941772	-67.762115	1029.337891
65.78	299.259094	260.879822	1040.224976
65.79	299.123291	-122.615639	1032.133423
65.8	298.80072	310.643158	1038.433716
65.81	299.849518	-66.781609	1036.006714
65.82	300.660767	-41.846439	1033.949951
65.83	299.036957	66.054298	1039.164917
65.84	299.190704	-113.513611	1031.892212
65.85	297.286072	140.240128	1032.955444
65.86	299.490448	-33.139755	1033.019409
65.87	299.671265	-112.153481	1023.205627
65.88	299.59845	148.31691	1036.38855
65.89	300.526947	10.802596	1033.908813
65.9	299.512756	50.535847	1031.984009
65.91	301.521637	158.452332	1034.12854
65.92	299.870148	362.682373	1034.689209
65.93	299.684235	22.664904	1028.165649
65.94	301.178741	181.244492	1032.675659
65.95	298.925964	79.773109	1030.854248
65.96	300.504211	0.535027	1035.133667
65.97	299.957581	184.763412	1032.044922
65.98	301.374695	71.59655	1033.729492
65.99	299.370789	10.824759	1029.359863
66.0	300.697937	64.948677	1035.227173
66.01	299.791443	38.808247	1030.998535
66.02	299.330841	-136.631973	1033.449951
66.03	299.882355	3.265373	1026.350586
66.04	298.696136	65.441689	1034.853882
66.05	298.575897	-202.151062	1027.204102
66.06	299.434143	-237.883835	1028.439331
66.07	299.437256	151.691238	1036.185303
66.08	299.493286	127.496758	1032.091187
66.09	300.220154	-111.558655	1025.242065
66.1	301.206085	27.850054	1032.359009
66.11	299.828339	-86.097603	1035.661499
66.12	299.90744	43.11821	1034.667603
66.13	299.973572	101.744507	1034.956177
66.14	301.962158	90.061485	1033.126831
66.15	298.92746	101.433899	1034.681519
66.16	301.387024	28.748804	1035.812866
66.17	300.215759	-25.402494	1032.594727
66.18	299.544922	96.773125	1036.930176
66.19	298.883453	-30.920919	1030.619019
66.2	301.4263	198.470169	1033.845947
66.21	297.678864	9.230824	1033.316284
66.22	301.612061	25.375193	1034.773315
66.23	299.110382	44.038651	1036.559448
66.24	300.72052	-30.540232	1036.206299
66.25	300.862885	-233.75737	1032.165405
66.26	299.40802	226.640976	1037.834961
66.27	302.254181	161.24765	1035.646729
66.28	299.764435	36.018902	1036.27002
66.29	298.821503	43.616974	1032.974243
66.3	297.528503	-61.741497	1032.73291
66.31	299.082672	-6.436173	1028.589478
66.32	300.13974	-158.609055	1025.334106
66.33	299.217957	-116.006508	1032.454224
66.34	300.835144	-26.846046	1030.920288
66.35	301.158661	-267.373322	1027.582153
66.36	301.227722	-7.366857	1033.88855
66.37	298.520111	-16.317097	1032.332397
66.38	301.151062	-249.071671	1026.072632
66.39	300.02063	133.895523	1030.883057
66.4	301.352844	-144.499741	1028.97229
66.41	299.304871	-150.478073	1028.286377
66.42	300.38208	52.723339	1036.729736
66.43	299.18454	77.479797	1031.113403
66.44	301.982422	-63.739227	1031.795532
66.45	300.209198	76.217934	1033.595947
66.46	300.457031	67.516808	1034.295532
66.47	299.470856	54.85033	1033.265625
66.48	300.147858	-41.593155	1031.097412
66.49	300.665405	99.620689	1032.026245
66.5	299.246368	-67.666031	1031.666504
66.51	300.812927	-81.143288	1027.078247
66.52	300.459259	98.307045	1029.143188
66.53	299.82193	-102.516075	1031.239014
66.54	300.418823	47.571438	1037.339966
66.55	299.478241	132.408173	1037.968628
66.56	297.372528	-181.203415	1032.084717
66.57	300.783905	-32.348225	1028.565308
66.58	299.142151	-74.417435	1028.774536
66.59	300.330353	142.663986	1030.260376
66.6	299.559906	78.531227	1032.557007
66.61	301.014832	53.840954	1031.926025
66.62	299.703369	50.945332	1036.528564
66.63	300.525787	34.804409	1032.164795
66.64	301.998993	282.989471	1040.693848
66.65	298.523438	82.451561	1035.719971
66.66	300.238037	48.541393	1032.290283
66.67	299.571533	154.977142	1027.803467
66.68	299.616394	-39.993309	1039.87915
66.69	299.000183	265.409607	1030.662231
66.7	300.780212	-8.400715	1033.591797
66.71	300.008942	-2.883528	1029.643188
66.72	300.134644	48.757893	1034.688477
66.73	299.199951	226.583267	1039.616333
66.74	301.817749	-3.547129	1030.812988
66.75	300.667114	-37.124931	1030.576416
66.76	299.883698	-271.480957	1025.772949
66.77	300.201538	-132.566879	1031.812256
66.78	299.419952	-25.761406	1029.118774
66.79	300.273163	-80.802544	1028.65271
66.8	299.052917	-117.267792	1035.050415
66.81	299.977631	16.60235	1034.641724
66.82	299.818481	69.236061	1031.232788
66.83	299.473541	-123.361389	1027.094116
66.84	300.657013	-125.846657	1032.210815
66.85	299.379395	-146.055115	1029.69043
66.86	298.482056	-176.264969	1030.382202
66.87	299.888611	131.230331	1037.116455
66.88	300.880524	10.830063	1029.508301
66.89	299.794983	-20.184877	1030.795166
66.9	300.030151	-52.784573	1031.126343
66.91	300.390198	62.18602	1031.797852
66.92	298.935089	-175.15773	1032.939941
66.93	300.039337	184.435471	1039.857666
66.94	298.913879	46.548328	1035.135376
66.95	298.780945	-109.659126	1030.824097
66.96	299.719177	38.7192	1031.341797
66.97	300.781891	72.967995	1037.378296
66.98	301.583374	26.705847	1030.752197
66.99	298.48584	16.211756	1035.416992
67.0	300.010986	25.472837	1034.79126
67.01	299.448883	4.038874	1032.82251
67.02	300.301819	-237.050095	1023.798706
67.03	299.15332	-114.671608	1024.051392
67.04	298.330048	111.104675	1037.578613
67.05	299.666534	75.610497	1039.039917
67.06	300.064148	-36.686794	1036.210083
67.07	300.322784	48.799351	1032.203857
67.08	299.816193	92.436493	1033.809692
67.09	299.580658	31.852793	1032.055054
67.1	301.484283	-90.927032	1032.316406
67.11	301.813477	125.648079	1038.016724
67.12	299.959808	-84.325317	1033.750366
67.13	299.915588	-266.516235	1024.408447
67.14	302.169556	-24.091743	1034.942017
67.15	299.898041	12.520757	1033.50647
67.16	299.760864	-76.192108	1024.874512
67.17	298.562775	176.130981	1042.459839
67.18	299.125763	-40.99976	1028.173096
67.19	301.447021	128.048813	1033.324219
67.2	300.100037	35.731968	1029.317261
67.21	299.265594	-33.645687	1034.080078
67.22	298.610413	70.482552	1031.263184
67.23	298.182831	-74.014107	1030.567383
67.24	299.800201	-133.429977	1029.943481
67.25	300.453827	76.962379	1034.40332
67.26	299.380676	34.882969	1036.82666
67.27	299.622986	-77.941681	1031.788086
67.28	298.494995	-43.01939	1029.144775
67.29	299.489197	73.674156	1032.879028
67.3	300.854065	175.098328	1034.478271
67.31	299.905212	-91.681496	1032.097778
67.32	301.425232	-162.575378	1026.530029
67.33	298.032349	-328.152313	1021.906677
67.34	300.512939	12.544632	1034.64917
67.35	300.507446	53.594776	1044.676025
67.36	300.884155	56.750141	1035.75061
67.37	300.196381	-55.828098	1027.758545
67.38	299.19873	21.406366	1030.49939
67.39	299.384186	103.289124	1031.894165
67.4	298.969849	-57.097454	1029.557983
67.41	300.480408	0.997597	1039.762085
67.42	300.890503	-21.477011	1035.008789
67.43	299.356018	-205.065109	1030.215332
67.44	299.804199	-158.211731	1028.91748
67.45	297.698578	-176.368332	1031.665527
67.46	301.939972	-86.421722	1032.648438
67.47	300.564056	-66.694771	1035.769653
67.48	303.153931	75.116096	1028.872192
67.49	300.249237	104.70504	1041.603516
67.5	300.916229	102.155151	1036.456177
67.51	300.256104	42.710758	1032.723511
67.52	300.974823	262.791718	1039.986938
67.53	300.254059	156.873154	1033.937134
67.54	300.751801	35.262878	1035.377686
67.55	300.138916	206.557724	1036.432007
67.56	298.959473	123.028908	1040.394897
67.57	301.620605	-305.242096	1028.989258
67.58	300.722504	-89.128349	1024.092651
67.59	299.194977	82.014946	1035.064453
67.6	299.510803	66.834221	1038.440796
67.61	300.659393	-20.043999	1031.513428
67.62	298.865814	99.180946	1032.585693
67.63	299.08197	-126.083069	1026.415771
67.64	298.078827	8.836923	1036.084717
67.65	298.708588	32.66433	1032.236938
67.66	299.743866	-18.068314	1034.603271
67.67	300.525635	23.975454	1027.428101
67.68	300.521362	20.761074	1033.761108
67.69	299.476227	-35.892803	1026.276855
67.7	299.119629	-97.221527	1026.520264
67.71	297.982483	136.575089	1030.557007
67.72	298.261383	2.787895	1036.010986
67.73	300.788696	47.651093	1033.941162
67.74	300.827698	-99.653145	1027.957153
67.75	299.814514	-138.111221	1032.732666
67.76	299.255127	-33.316502	1027.196289
67.77	298.618652	-45.215977	1035.739136
67.78	301.568939	44.343426	1034.232056
67.79	301.808624	-149.442642	1032.919189
67.8	300.284119	-105.211555	1027.710205
67.81	299.457642	-130.216293	1022.453613
67.82	300.090881	-190.43634	1026.53772
67.83	298.928131	139.09404	1037.706055
67.84	299.14682	56.455097	1032.351074
67.85	301.460022	134.857376	1039.728149
67.86	298.661835	-70.932068	1033.002563
67.87	301.19873	-104.416626	1022.450256
67.88	302.23761	-45.365158	1027.577148
67.89	297.972992	-91.156311	1036.562866
67.9	301.692139	56.022045	1037.673096
67.91	299.142517	-49.600296	1030.391113
67.92	298.353149	-59.843353	1031.645874
67.93	298.400818	-13.919482	1032.272827
67.94	300.440155	-61.494862	1027.163208
67.95	300.297607	-49.905792	1029.998291
67.96	301.139923	-68.356537	1028.387695
67.97	298.988251	11.642406	1028.712524
67.98	298.530151	73.306053	1041.319336
67.99	300.382996	-40.037312	1037.443115
68.0	298.370544	2.439044	1030.201782
68.01	299.905762	-107.34481	1029.577026
68.02	301.017639	-10.693359	1035.257568
68.03	300.704803	299.151337	1036.776367
68.04	300.369507	72.781349	1027.83374
68.05	299.229218	125.97805	1036.642334
68.06	298.935547	-14.719371	1040.843384
68.07	298.206879	69.162384	1032.003662
68.08	300.018341	-121.643433	1030.300537
68.09	301.529907	-129.168106	1026.986206
68.1	300.415161	89.564453	1030.622925
68.11	299.204437	171.593552	1039.694702
68.12	299.673248	-158.446014	1029.843994
68.13	299.268463	-164.228821	1030.622314
68.14	298.377533	70.595497	1035.72876
68.15	300.037415	9.279504	1033.297363
68.16	300.995667	-96.570396	1022.167114
68.17	299.843414	-59.573406	1032.368042
68.18	300.576538	1.368889	1033.546143
68.19	300.739563	118.500969	1033.831909
68.2	297.650879	-148.865036	1031.207642
68.21	301.329803	125.205536	1036.814331
68.22	298.808289	73.281769	1031.230469
68.23	300.239349	67.832527	1033.393555
68.24	302.118866	-66.82618	1034.853638
68.25	299.443176	137.91861	1037.383667
68.26	300.174774	165.254837	1032.637817
68.27	299.11264	-49.107372	1032.678833
68.28	298.471527	-31.125053	1031.928955
68.29	299.845734	-3.362579	1028.576782
68.3	299.365112	67.613785	1033.25293
68.31	299.397614	-12.695953	1032.596802
68.32	300.887024	-68.123665	1029.499634
68.33	299.482849	-33.751431	1032.259521
68.34	299.307587	-38.709671	1034.976196
68.35	299.942291	-54.826649	1034.870239
68.36	299.372223	-74.834946	1030.663086
68.37	299.181274	-21.78161	1027.947632
68.38	300.804443	214.394226	1035.220947
68.39	300.499268	-108.966026	1036.31543
68.4	298.708099	-169.296875	1025.403687
68.41	299.523254	28.959648	1027.878052
68.42	298.516754	210.822998	1038.31958
68.43	300.894409	75.033287	1034.947144
68.44	298.635681	144.955139	1037.198364
68.45	299.609741	-204.551956	1029.838135
68.46	298.530121	-68.68119	1025.808228
68.47	298.85202	-33.279011	1032.425781
68.48	300.298859	30.703802	1035.284546
68.49	301.868073	148.981995	1036.051025
68.5	301.215271	71.720886	1027.734253
68.51	298.783478	77.804932	1030.214966
68.52	299.512512	27.967087	1031.187256
68.53	301.41806	104.478157	1033.463013
68.54	300.232635	-81.947365	1036.390259
68.55	298.922577	139.611206	1030.890869
68.56	300.607086	78.945686	1032.556152
68.57	298.748077	-138.944031	1032.459839
68.58	299.101929	-20.490852	1036.707886
68.59	299.435486	-36.286804	1027.782593
68.6	299.586151	129.738907	1035.854126
68.61	299.698883	2.40741	1033.623169
68.62	299.765625	-37.330509	1035.608765
68.63	299.410736	-68.719826	1034.788574
68.64	301.858978	19.245308	1033.636841
68.65	300.439575	107.350372	1035.024536
68.66	299.831451	-65.407265	1031.306396
68.67	299.786591	-188.695969	1024.833618
68.68	300.447693	-160.348312	1026.835815
68.69	297.697937	-173.636597	1033.623779
68.7	299.379364	-73.617363	1031.986084
68.71	298.027679	-59.447475	1032.549805
68.72	301.138336	130.034134	1034.406494
68.73	300.845276	-75.165489	1026.043335
68.74	300.726654	47.203094	1035.02124
68.75	300.077637	15.361232	1029.745361
68.76	301.639099	1.803232	1033.545898
68.77	299.48938	-47.210449	1026.812622
68.78	298.913666	275.235413	1035.540161
68.79	299.82193	109.711029	1034.386475
68.8	299.30307	318.842468	1039.511597
68.81	301.146484	-111.138245	1030.328003
68.82	298.787781	-148.649033	1022.993286
68.83	299.162292	-84.601295	1032.133911
68.84	300.667999	-114.198669	1027.505737
68.85	299.855438	6.386042	1031.020874
68.86	300.507477	-112.396393	1023.401855
68.87	300.510773	-143.861832	1029.492188
68.88	300.833221	-246.733322	1028.250366
68.89	298.585693	19.708923	1030.943481
68.9	299.31958	66.655205	1037.108765
68.91	300.012207	118.532867	1035.742676
68.92	300.93222	-58.851166	1031.589966
68.93	297.965149	-107.313728	1025.997925
68.94	298.959808	38.004642	1031.672363
68.95	299.304779	-18.315292	1034.913452
68.96	300.314117	-37.492863	1028.453613
68.97	298.780273	-71.264534	1031.044312
68.98	299.106171	-193.434433	1029.88269
68.99	299.638214	-35.301662	1037.26001
69.0	299.0896	13.09864	1028.269165
69.01	300.828064	-56.710529	1033.213989
69.02	298.693542	-120.860573	1032.838501
69.03	300.022156	212.444595	1035.68042
69.04	298.609161	-86.6325	1034.650024
69.05	297.885834	168.208496	1038.987061
69.06	300.212067	164.294815	1037.544067
69.07	300.384216	119.078667	1040.268066
69.08	302.48114	-112.888184	1029.25415
69.09	299.749329	-184.337753	1033.440796
69.1	301.28241	65.806389	1033.88916
69.11	298.932678	15.544429	1029.071655
69.12	299.733246	114.862244	1033.209961
69.13	297.766602	-11.516391	1034.352539
69.14	301.312866	7.769323	1032.440674
69.15	299.012024	-300.219757	1022.467041
69.16	300.615997	70.02272	1037.111938
69.17	300.114868	-54.217041	1031.891113
69.18	300.165649	114.285561	1026.28833
69.19	300.73053	-2.022741	1035.476807
69.2	300.963593	-38.354023	1030.999146
69.21	300.815521	114.182983	1034.284912
69.22	299.668793	48.11462	1032.535522
69.23	301.257721	-80.91172	1030.552612
69.24	302.17807	84.893059	1030.232788
69.25	301.550934	72.139198	1029.170166
69.26	299.216309	-38.01326	1032.105225
69.27	300.96582	45.123066	1030.225342
69.28	299.795593	44.898693	1031.494507
69.29	298.448517	19.970198	1035.601074
69.3	301.709015	-173.657791	1023.425232
69.31	300.093658	-8.165372	1034.136597
69.32	299.017578	83.829155	1030.583984
69.33	300.437805	-29.523134	1032.287109
69.34	299.08429	116.006287	1036.921021
69.35	299.01535	-6.208616	1037.409058
69.36	298.809265	-31.40815	1035.897095
69.37	300.309235	97.857643	1036.467651
69.38	300.322723	25.167044	1034.513916
69.39	302.40036	104.525002	1033.008057
69.4	301.671143	-101.443451	1030.710205
69.41	300.618988	53.988628	1033.300537
69.42	297.882172	23.92277	1034.183472
69.43	298.928436	36.482979	1033.065308
69.44	300.57309	331.997986	1038.862061
69.45	300.992523	153.667267	1033.115234
69.46	300.405792	-31.098944	1027.150757
69.47	299.620667	65.385414	1033.947021
69.48	301.276917	-86.283966	1030.192505
69.49	300.534943	-161.038528	1022.229858
69.5	301.700409	1.401161	1030.891235
69.51	300.538971	13.924416	1030.858154
69.52	300.457214	22.472198	1032.665771
69.53	300.075409	161.260941	1036.201782
69.54	298.893707	-35.817028	1032.650879
69.55	298.618073	16.374166	1036.539062
69.56	299.745026	-80.327354	1031.390625
69.57	297.023834	15.493182	1031.169678
69.58	301.408966	-57.590118	1029.317505
69.59	301.808136	-83.865791	1029.310913
69.6	300.53363	-211.778488	1030.19751
69.61	302.219818	-181.908508	1031.346558
69.62	301.221039	-193.860306	1028.161499
69.63	299.378601	-72.837471	1030.953125
69.64	298.811005	-22.513748	1036.980469
69.65	301.492859	9.202073	1038.045044
69.66	300.959625	253.343018	1037.474976
69.67	299.950256	-17.678938	1032.536743
69.68	300.921387	-28.378897	1035.973755
69.69	300.252045	-152.310394	1034.99939
69.7	298.757111	62.877003	1031.852417
69.71	300.204376	12.762657	1033.93042
69.72	299.499817	97.711365	1036.298096
69.73	300.558319	-75.150879	1028.630249
69.74	300.2883	-204.115036	1028.807129
69.75	298.497284	-80.060005	1027.937378
69.76	303.432556	62.706692	1030.682861
69.77	299.908112	-6.174731	1028.325562
69.78	300.177155	-176.322952	1025.386353
69.79	299.589355	58.18399	1029.59375
69.8	300.057373	71.568382	1034.719482
69.81	301.203949	-91.606316	1034.904663
69.82	301.265656	-54.794621	1032.874756
69.83	299.117554	80.89505	1034.185913
69.84	301.61731	-178.783127	1029.581177
69.85	300.831512	33.70787	1030.076294
69.86	300.670135	108.616646	1038.748901
69.87	300.353699	11.066281	1029.883545
69.88	301.29361	21.69294	1034.631592
69.89	298.154358	-88.6287	1026.572388
69.9	299.198181	-135.548141	1035.12915
69.91	298.75827	91.282593	1041.328735
69.92	297.207489	148.987152	1032.368042
69.93	299.742859	8.407191	1032.892334
69.94	300.143097	-134.790665	1025.340088
69.95	300.29361	-261.450165	1026.5979
69.96	300.173523	207.299561	1038.266724
69.97	300.089081	65.64798	1034.939331
69.98	299.630981	226.008713	1036.293823
69.99	301.790161	-29.691507	1033.902222
70.0	301.421936	-13.651326	1029.297974
70.01	298.335083	188.496536	1035.442871
70.02	300.67511	360.451935	1039.394165
70.03	301.884857	228.67775	1036.693115
70.04	299.550659	-161.99823	1026.51709
70.05	299.386505	-261.879639	1024.666992
70.06	300.239166	-70.378494	1032.26062
70.07	299.540833	-171.025314	1031.143921
70.08	300.968292	-132.095398	1033.003296
70.09	301.22113	50.743088	1028.576416
70.1	301.000458	51.892025	1032.179199
70.11	301.055511	95.510742	1029.057129
70.12	298.459656	253.622681	1042.116577
70.13	298.75061	-194.412918	1022.819824
70.14	301.222382	4.166723	1031.490356
70.15	300.656372	178.728287	1034.806641
70.16	300.094757	78.021431	1032.791748
70.17	300.910583	-123.360313	1033.619995
70.18	300.260162	53.246532	1027.238892
70.19	300.548248	37.601524	1032.876709
70.2	298.092682	-26.345114	1036.34668
70.21	300.566528	175.206467	1036.828491
70.22	301.117065	65.163383	1031.693115
70.23	299.094025	6.266482	1030.471069
70.24	299.727692	-13.650025	1032.231934
70.25	299.291504	-133.356628	1031.370483
70.26	299.90625	235.338211	1035.997925
70.27	298.229797	21.563658	1029.523926
70.28	300.425812	-4.192051	1029.595581
70.29	300.32605	-124.897827	1028.576416
70.3	300.689636	-57.638779	1037.328735
70.31	301.649261	-133.612915	1032.984619
70.32	298.316559	-7.740377	1030.431274
70.33	298.744904	-83.713745	1029.296509
70.34	300.969635	56.963394	1033.846802
70.35	300.779327	-145.852829	1030.419556
70.36	299.071991	10.01183	1030.113647
70.37	301.301514	-78.97332	1030.166748
70.38	300.103363	-137.286819	1027.522705
70.39	300.426544	77.955437	1031.916992
70.4	299.407806	8.382518	1033.103149
70.41	300.162781	222.088577	1031.857666
70.42	301.200928	-25.625755	1035.105713
70.43	300.664307	245.462448	1038.159546
70.44	299.249817	22.228125	1030.692993
70.45	301.157867	-11.923913	1033.287109
70.46	299.380798	-308.61554	1024.717163
70.47	299.869476	164.589981	1034.376953
70.48	300.221466	72.281136	1033.805176
70.49	299.71933	-109.878304	1029.216431
70.5	299.25238	48.030075	1031.071655
70.51	300.780029	-112.52066	1026.134888
70.52	299.344666	-12.44809	1034.107788
70.53	300.024109	-17.417671	1036.411133
70.54	300.378784	-19.298002	1029.487061
70.55	297.901642	-153.209396	1030.276123
70.56	298.499115	58.65836	1031.632812
70.57	298.58606	-36.788155	1031.265625
70.58	300.094482	-101.062111	1026.213623
70.59	300.354095	-179.994583	1029.212036
70.6	300.201233	10.731049	1028.245361
70.61	299.642273	64.122078	1031.05542
70.62	302.115814	183.020523	1027.620483
70.63	299.899139	-44.883865	1036.110474
70.64	299.877258	53.118435	1034.05957
70.65	300.308289	-34.559555	1031.767212
70.66	300.13031	-16.734015	1036.149658
70.67	299.400665	-182.692429	1028.643921
70.68	299.414856	215.865051	1037.920654
70.69	301.47879	-70.896477	1033.499268
70.7	302.666168	86.508881	1031.449219
70.71	299.055878	124.017609	1033.409058
70.72	301.518494	42.30962	1036.406372
70.73	300.690918	117.923393	1029.345581
70.74	299.764771	112.175224	1032.499756
70.75	298.898224	-84.43911	1031.770142
70.76	299.448181	-12.129715	1027.411133
70.77	300.557953	-48.618378	1026.464355
70.78	300.012848	72.668816	1031.200684
70.79	298.876099	18.107447	1034.147461
70.8	299.109497	13.208646	1032.281494
70.81	299.936951	255.542007	1030.223022
70.82	298.275879	5.789403	1028.3396
70.83	299.513	-91.22937	1030.424438
70.84	298.178741	146.094406	1031.337891
70.85	301.318481	44.914288	1035.269043
70.86	298.384033	315.589996	1038.924927
70.87	300.49646	38.379597	1032.722778
70.88	299.027832	-106.348	1032.102295
70.89	300.192261	-65.631447	1033.265625
70.9	299.324829	90.329979	1035.663818
70.91	299.671967	-108.778603	1030.157959
70.92	300.200348	-131.082901	1029.320679
70.93	300.240967	17.770536	1035.462402
70.94	299.205536	139.566315	1039.301025
70.95	300.454407	-141.324844	1030.452271
70.96	300.973389	-0.611075	1029.785278
70.97	298.391235	-61.118519	1034.057251
70.98	298.248199	-185.824417	1030.538208
70.99	300.305786	67.535835	1032.091675
71.0	301.464905	-152.002151	1029.037964
71.01	301.672302	-190.678482	1029.341309
71.02	299.398712	-31.323339	1033.86731
71.03	298.499695	-8.398385	1030.768921
71.04	299.097687	-107.717529	1029.614868
71.05	299.301575	43.315075	1034.085083
71.06	298.788269	-49.151875	1033.336304
71.07	300.096863	-45.733128	1028.051392
71.08	300.529633	-31.734621	1037.5896
71.09	300.950348	-14.875905	1035.736206
71.1	297.527588	-50.505615	1030.188232
71.11	300.256775	203.705566	1038.254395
71.12	300.895233	-18.57189	1035.416992
71.13	298.724487	4.693995	1029.869141
71.14	301.74057	-13.752095	1028.310181
71.15	300.526672	76.027901	1035.638184
71.16	299.453796	77.904915	1036.055908
71.17	299.768829	14.161107	1033.986206
71.18	299.603516	-107.040405	1032.771973
71.19	301.49411	20.312872	1024.436401
71.2	299.91275	-30.45561	1030.688965
71.21	301.459351	-4.315951	1035.497437
71.22	299.844238	-15.300801	1035.2052
71.23	300.940002	136.953659	1031.673462
71.24	299.912537	-82.766624	1029.842896
71.25	300.828857	74.210381	1032.824707
71.26	300.222412	-230.761002	1027.78186
71.27	300.464325	108.574776	1032.246216
71.28	299.888031	46.731979	1032.770996
71.29	299.488525	-98.056084	1030.334473
71.3	302.368378	-12.932495	1032.431885
71.31	300.100922	106.930725	1037.341064
71.32	301.151276	-208.022949	1028.370361
71.33	300.871918	75.512733	1039.873901
71.34	299.747131	17.032476	1036.209839
71.35	299.413635	-352.355225	1020.200623
71.36	299.056702	85.960022	1030.144287
71.37	301.391724	-3.541095	1030.797852
71.38	299.551758	-180.667862	1024.941162
71.39	300.275085	110.529335	1036.2146
71.4	300.333069	224.762939	1041.389038
71.41	300.330414	16.480301	1032.556396
71.42	302.613251	-31.966436	1035.391724
71.43	299.777344	51.901539	1033.475464
71.44	303.127472	123.324196	1035.958862
71.45	298.860138	-130.322784	1028.347656
71.46	299.512756	-148.985046	1031.827393
71.47	299.229645	-139.230362	1027.651489
71.48	299.970184	39.818531	1026.700195
71.49	299.380829	-102.774071	1028.392456
71.5	298.489105	-21.305504	1032.109131
71.51	301.204102	104.881195	1032.874023
71.52	300.101562	-50.628876	1026.097412
71.53	301.719116	-249.878708	1024.758789
71.54	299.938171	12.187317	1032.418823
71.55	299.719421	69.167412	1034.046387
71.56	302.255127	12.55618	1036.289795
71.57	300.641846	73.530663	1036.36792
71.58	298.525787	90.656609	1035.271484
71.59	298.125183	-273.658447	1028.535889
71.6	298.397675	46.348862	1030.570312
71.61	300.761292	116.973717	1036.339722
71.62	299.286743	-97.560265	1030.4823
71.63	297.522949	23.246485	1033.231812
71.64	299.902527	164.480667	1035.951294
71.65	300.596985	-95.453308	1030.637695
71.66	300.080566	-36.789455	1032.976685
71.67	300.111176	-176.192032	1029.216064
71.68	299.303802	-144.439133	1028.892822
71.69	301.960114	-32.410969	1032.60144
71.7	301.363098	-120.329956	1034.433716
71.71	302.312134	29.488831	1029.862549
71.72	299.974121	36.987999	1030.400757
71.73	300.019623	110.164635	1034.419312
71.74	300.457733	96.157143	1027.78894
71.75	300.031708	193.927841	1043.807495
71.76	299.572968	29.09873	1029.023193
71.77	299.664917	-40.315304	1032.976196
71.78	300.041443	308.963257	1044.011108
71.79	299.517822	221.638794	1037.906982
71.8	300.729553	-40.295856	1031.10083
71.81	298.69635	-0.689908	1031.815918
71.82	299.450073	233.111526	1043.116455
71.83	297.875153	-92.145592	1028.225708
71.84	300.271393	124.183311	1033.779907
71.85	298.152344	-52.278339	1032.482666
71.86	299.030365	23.109835	1035.920166
71.87	300.449371	14.607593	1035.290405
71.88	300.493774	199.728439	1038.133789
71.89	300.858826	116.314606	1036.076172
71.9	300.094879	75.816017	1036.827393
71.91	299.368958	100.108948	1041.153809
71.92	299.79953	-84.615959	1027.610718
71.93	299.358002	-40.993927	1032.35498
71.94	297.966461	14.007954	1033.941162
71.95	300.190613	24.928741	1034.411255
71.96	300.393677	90.166145	1027.988403
71.97	299.12616	3.189761	1030.515747
71.98	297.859619	48.451344	1033.963745
71.99	301.093811	13.21947	1034.688477
72.0	301.096802	-9.478137	1034.746094
72.01	298.816376	-53.454494	1035.924316
72.02	301.167511	78.706284	1035.587158
72.03	300.62674	-54.986465	1035.127808
72.04	298.846558	-122.608032	1033.245728
72.05	299.942993	177.442612	1039.835449
72.06	301.891754	-15.713801	1032.36145
72.07	300.428436	98.941032	1034.973511
72.08	300.264984	12.989205	1035.842285
72.09	300.219269	-44.152119	1024.772705
72.1	299.912872	86.711548	1035.555664
72.11	299.690643	-1.620651	1036.38501
72.12	301.267548	191.220886	1035.100098
72.13	300.37793	66.02327	1030.247681
72.14	300.92688	-166.892441	1028.961914
72.15	301.607635	78.358429	1035.510498
72.16	300.297455	33.923702	1031.606201
72.17	300.986847	-139.725388	1034.265625
72.18	300.86618	-23.259377	1036.856812
72.19	299.557709	143.460281	1031.708008
72.2	298.819153	-80.181519	1027.453125
72.21	301.171143	53.963501	1037.823975
72.22	299.973389	144.210907	1035.862061
72.23	301.185272	16.577417	1031.007446
72.24	300.006836	-231.541946	1024.586548
72.25	297.192352	13.197223	1028.244019
72.26	299.16745	142.034546	1036.214966
72.27	300.876007	165.459412	1036.774414
72.28	301.607697	216.962723	1039.883179
72.29	299.261566	143.520309	1037.957397
72.3	298.454559	12.718152	1031.518799
72.31	298.98822	58.655304	1036.246216
72.32	301.24707	13.93869	1029.901855
72.33	301.825989	99.571281	1036.387939
72.34	299.36145	-173.474014	1031.682983
72.35	299.534821	-51.739182	1032.845703
72.36	301.846466	-74.376396	1028.900513
72.37	299.308105	-40.56892	1032.461426
72.38	298.946686	-41.200069	1029.88269
72.39	299.190704	-76.930954	1027.470825
72.4	298.684204	21.608549	1033.688232
72.41	299.734039	-78.690163	1031.083374
72.42	299.846283	65.717987	1034.34314
72.43	300.682922	33.944016	1034.091797
72.44	301.076324	65.204094	1040.494385
72.45	299.616516	131.995026	1037.713379
72.46	300.518036	-111.635582	1031.792603
72.47	300.710052	-223.146896	1029.585449
72.48	300.483795	-155.675842	1020.765686
72.49	300.141724	-105.806396	1025.890015
72.5	300.416626	7.554224	1028.734985
72.51	299.580383	-182.254456	1027.689819
72.52	299.938354	-23.062897	1032.345703
72.53	301.389618	184.909866	1037.020874
72.54	298.076355	-162.553223	1029.561157
72.55	300.871002	-110.987785	1030.768188
72.56	300.361023	-113.1222	1033.255493
72.57	301.622437	-45.130924	1030.19519
72.58	301.61792	-81.257866	1030.95752
72.59	300.77002	3.264285	1028.218506
72.6	300.654022	-210.861771	1026.739746
72.61	300.14502	154.066025	1037.280029
72.62	298.800446	131.847733	1038.125488
72.63	299.692871	-53.888123	1034.749512
72.64	302.818298	35.98999	1027.643799
72.65	302.029633	-138.781326	1031.356445
72.66	299.37207	-17.715813	1027.365723
72.67	297.873505	-48.174366	1032.049683
72.68	301.110352	-37.835941	1030.337891
72.69	300.651215	-8.389714	1029.967285
72.7	299.380005	-372.618988	1026.891113
72.71	300.153992	88.812096	1037.152344
72.72	299.56192	-80.408684	1028.05896
72.73	300.788055	-115.412865	1027.731567
72.74	300.848602	-7.736494	1036.232666
72.75	297.063629	26.361643	1031.845215
72.76	300.113617	11.151245	1029.684814
72.77	300.263641	162.78566	1035.573853
72.78	299.911438	-33.383144	1029.366333
72.79	301.299683	123.111946	1036.23999
72.8	301.991058	-81.023155	1031.438477
72.81	301.216248	150.636948	1035.384155
72.82	299.778534	-13.029213	1032.403931
72.83	299.878693	-10.298767	1033.203369
72.84	298.921295	29.689301	1030.872925
72.85	298.332458	31.033371	1037.853149
72.86	298.869141	-23.645788	1030.832642
72.87	299.633179	-65.891998	1028.941528
72.88	300.164062	81.24411	1028.543579
72.89	300.613678	-26.89032	1032.545044
72.9	299.476379	2.758281	1035.971069
72.91	299.779022	26.396208	1032.197876
72.92	298.889374	142.209183	1032.265869
72.93	299.614838	-87.503166	1031.657837
72.94	299.791473	29.424322	1036.124634
72.95	299.362518	35.981445	1034.926758
72.96	300.290894	-144.197464	1032.702759
72.97	300.3862	-30.956266	1029.48584
72.98	298.582581	2.669802	1033.143433
72.99	300.260315	-48.12825	1033.963257
73.0	299.020935	20.335619	1036.225464
73.01	296.964752	-96.533142	1029.459595
73.02	300.226776	-17.055811	1032.945312
73.03	300.04129	-128.76973	1030.669312
73.04	300.499329	-144.433792	1021.462891
73.05	297.625885	-165.798157	1026.936523
73.06	299.232513	-19.406111	1030.679688
73.07	300.636169	-63.132767	1031.567627
73.08	297.899231	130.966003	1033.407593
73.09	299.691132	14.042544	1033.489136
73.1	301.111267	97.125343	1031.31311
73.11	298.929443	-163.916977	1033.02063
73.12	299.144073	-0.112038	1034.444824
73.13	299.79718	151.745865	1039.37915
73.14	300.390381	-69.69323	1033.533325
73.15	298.03717	-176.904251	1031.88501
73.16	300.583679	9.291237	1031.67981
73.17	299.403625	-79.273071	1033.124756
73.18	299.929382	57.883953	1035.022583
73.19	302.143921	61.863964	1036.456665
73.2	299.663544	-37.485382	1037.669434
73.21	300.635468	26.24465	1037.049805
73.22	299.159027	170.937683	1038.733521
73.23	299.869781	86.415749	1035.177124
73.24	299.408295	-258.729858	1031.089233
73.25	302.122345	-55.28101	1031.365234
73.26	299.268066	19.774973	1031.628052
73.27	299.901733	103.835571	1028.914062
73.28	301.351776	124.51812	1036.455078
73.29	299.626709	-104.847374	1028.164551
73.3	299.27533	99.491364	1037.141357
73.31	299.482178	88.414146	1030.927979
73.32	301.045288	38.033272	1026.023315
73.33	300.435669	-53.339203	1032.906616
73.34	301.427887	21.267385	1035.273315
73.35	300.306702	75.519165	1037.636475
73.36	299.737823	205.637405	1039.768555
73.37	300.725677	92.267677	1035.463989
73.38	299.451508	-35.191422	1028.089233
73.39	298.578857	-74.655228	1029.110596
73.4	299.123413	17.293505	1031.019775
73.41	299.653992	39.218754	1033.105347
73.42	300.393219	48.406796	1031.583618
73.43	300.295837	-130.400406	1033.125
73.44	301.886749	150.033539	1036.192993
73.45	301.324219	-22.395546	1030.090088
73.46	299.678406	-185.951431	1029.533813
73.47	299.442139	-173.106125	1024.196655
73.48	298.276611	-58.262592	1030.242676
73.49	299.94516	-260.183899	1024.715942
73.5	300.683807	141.20874	1034.309448
73.51	298.813324	28.145243	1034.766724
73.52	300.237701	24.126158	1036.624634
73.53	299.828186	-275.110138	1027.587646
73.54	301.766022	-183.5327	1027.21106
73.55	300.368378	90.653526	1032.571533
73.56	300.673248	-26.200735	1032.735596
73.57	299.345947	-9.068166	1033.834229
73.58	299.704163	-68.713051	1034.28186
73.59	299.17688	73.928062	1029.695679
73.6	300.469543	-76.411339	1025.431396
73.61	301.539581	108.195366	1038.861572
73.62	301.251312	99.888245	1032.424683
73.63	301.739166	-148.754959	1030.461792
73.64	299.792236	48.935757	1034.740479
73.65	299.577881	92.513031	1032.88855
73.66	300.574951	115.889427	1036.664185
73.67	300.99057	-62.257782	1032.807617
73.68	300.36145	-2.201632	1033.265137
73.69	299.730713	-56.832245	1036.980469
73.7	299.244415	-2.162572	1034.007324
73.71	300.047272	-79.849625	1029.465698
73.72	298.90686	-129.699203	1027.058838
73.73	301.900848	9.426091	1029.726318
73.74	301.512299	130.533157	1031.331421
73.75	300.49707	-82.181816	1030.02832
73.76	301.101837	16.317636	1039.581421
73.77	301.242401	12.047887	1032.381348
73.78	299.062225	-146.966049	1026.680054
73.79	301.766846	-25.373774	1026.682983
73.8	299.902222	70.975204	1029.008057
73.81	298.818054	-145.199768	1025.592041
73.82	299.830322	41.410328	1031.573242
73.83	300.306915	-87.50753	1030.560547
73.84	301.354156	-227.193069	1029.157471
73.85	300.807983	-184.506546	1025.412109
73.86	298.385651	-191.327805	1032.230469
73.87	301.235016	85.725502	1035.208984
73.88	299.794373	-3.591693	1032.772705
73.89	300.964996	27.255096	1034.759766
73.9	300.144196	-119.648308	1030.391113
73.91	301.248291	-44.838181	1030.106567
73.92	299.544922	40.821163	1030.710083
73.93	298.498474	-69.823143	1036.830933
73.94	298.508087	35.626812	1037.928955
73.95	299.791504	-108.034058	1031.353271
73.96	299.495453	-276.738007	1029.577026
73.97	300.236298	19.040512	1026.901489
73.98	301.507812	-100.3675	1031.224121
73.99	298.889709	14.458608	1035.032715
74.0	299.708832	57.991688	1030.302612
74.01	297.170044	-0.236629	1037.255615
74.02	299.099182	78.194244	1035.469604
74.03	298.189819	56.030666	1035.852661
74.04	300.19104	58.309467	1029.133667
74.05	297.917114	-89.52285	1028.409668
74.06	299.870026	104.130928	1035.091797
74.07	300.069183	-324.460114	1019.385254
74.08	299.365509	22.003649	1034.950317
74.09	300.131287	21.271414	1032.840332
74.1	298.920624	-280.246613	1022.844543
74.11	299.435699	-227.999069	1030.315063
74.12	297.680298	-53.519512	1034.118408
74.13	301.434753	154.236038	1033.597046
74.14	299.368378	108.115417	1035.696167
74.15	299.793457	17.404409	1033.779297
74.16	299.487091	29.770147	1033.040283
74.17	300.306854	-52.662262	1029.632202
74.18	300.609406	71.193573	1035.251221
74.19	301.072388	112.333893	1032.148315
74.2	300.436859	-119.437935	1030.137329
74.21	298.37381	-204.651535	1030.642578
74.22	299.817474	-174.693359	1028.867676
74.23	300.146332	84.700142	1033.884644
74.24	300.677063	156.262619	1036.942017
74.25	300.580322	-127.538025	1028.79187
74.26	300.007324	154.7939	1033.093018
74.27	299.204559	-156.493484	1026.97998
74.28	299.182007	-124.154808	1031.557617
74.29	299.527954	-60.589718	1032.032593
74.3	303.122955	108.331123	1035.994385
74.31	300.149872	19.275755	1032.789062
74.32	300.104767	-126.917839	1031.610352
74.33	300.082031	-2.78344	1031.368408
74.34	299.885925	-164.315536	1031.545776
74.35	298.564148	-46.955109	1035.190552
74.36	302.315338	145.658859	1039.135498
74.37	298.917633	-7.2301	1031.987183
74.38	298.763855	-13.090253	1037.625
74.39	299.57605	35.57233	1032.778076
74.4	299.967468	76.300606	1033.923218
74.41	299.679565	17.566139	1038.111206
74.42	300.191528	69.874489	1034.960083
74.43	299.083496	-28.375525	1031.800537
74.44	301.049377	-56.142109	1027.493164
74.45	299.682037	-6.036354	1032.692383
74.46	300.587677	-68.914856	1034.266724
74.47	296.855927	-4.775177	1038.50769
74.48	299.529846	86.444397	1036.235107
74.49	300.251068	-283.432098	1030.384033
74.5	299.188263	-62.434387	1028.381836
74.51	300.990082	-136.052017	1034.550049
74.52	301.814819	122.559471	1035.889648
74.53	300.81955	-227.966782	1025.161255
74.54	301.744537	62.065674	1032.921631
74.55	296.970917	112.808533	1037.892334
74.56	300.156982	-38.568501	1034.674561
74.57	300.351898	4.704323	1033.824097
74.58	299.028625	107.81781	1034.801147
74.59	300.315521	132.175827	1043.652588
74.6	300.073792	-18.266069	1029.583618
74.61	300.480133	167.97464	1029.977295
74.62	300.858246	-38.979794	1028.219849
74.63	300.426056	75.954659	1039.112183
74.64	298.685608	8.44192	1037.19165
74.65	300.424988	26.786871	1036.206299
74.66	299.034485	106.463341	1037.827759
74.67	300.08606	-14.874782	1029.095337
74.68	300.63147	34.414318	1035.676147
74.69	299.362213	64.463776	1028.68335
74.7	300.671783	22.302565	1031.378418
74.71	300.899292	-47.469921	1030.970825
74.72	299.878876	-3.248422	1026.834229
74.73	299.983307	-109.137207	1031.155273
74.74	300.601562	78.626945	1032.994507
74.75	301.093811	143.494614	1040.004395
74.76	298.533539	-44.199039	1030.392212
74.77	300.085327	-56.565174	1031.172363
74.78	299.56192	93.357277	1034.935547
74.79	299.007996	105.735115	1040.078247
74.8	300.734406	-147.421005	1026.759033
74.81	299.500458	45.637524	1031.059448
74.82	297.89325	2.681561	1033.089844
74.83	299.026398	86.855492	1036.779297
74.84	301.22348	39.184093	1032.847168
74.85	300.15979	-76.968689	1031.250488
74.86	300.457977	-43.257961	1033.061157
74.87	300.125732	148.459961	1035.040527
74.88	301.706909	86.026039	1032.908569
74.89	300.803864	104.098351	1033.377808
74.9	300.560852	-32.987484	1034.243042
74.91	300.298981	-59.257568	1034.807983
74.92	298.47995	-46.865314	1029.953491
74.93	301.537415	-169.828018	1024.990967
74.94	297.985107	64.428764	1037.021729
74.95	298.398621	-29.433401	1032.265137
74.96	299.072418	54.785427	1032.807617
74.97	298.957367	-15.046544	1032.665283
74.98	300.763092	-3.043241	1033.962524
74.99	300.017487	58.426083	1030.42041
75.0	297.271271	26.003294	1033.637329
75.01	298.514404	158.807739	1035.192139
75.02	298.580414	20.471125	1032.724365
75.03	300.420685	105.41748	1034.285645
75.04	299.758667	136.397995	1035.949219
75.05	299.263153	70.062836	1033.705688
75.06	299.046783	-155.023987	1029.579102
75.07	298.845642	190.22374	1037.468018
75.08	300.733185	24.66046	1029.994873
75.09	300.614014	62.418823	1028.310181
75.1	301.355133	110.700478	1032.992065
75.11	299.286438	103.704262	1033.381592
75.12	299.774933	59.697735	1036.573853
75.13	299.315125	-143.588837	1031.237915
75.14	300.037323	3.74974	1030.722778
75.15	299.279816	35.818813	1029.651489
75.16	300.871613	-106.726845	1030.489746
75.17	299.670746	-84.097893	1032.521484
75.18	299.782684	93.221397	1034.029663
75.19	300.125519	-133.449081	1037.153687
75.2	300.415009	165.906357	1037.549072
75.21	298.656006	166.277832	1033.167847
75.22	299.695221	-62.939362	1031.569824
75.23	298.160919	40.443943	1037.925537
75.24	299.847717	-67.700325	1038.558716
75.25	300.186768	-28.460623	1030.793091
75.26	299.397308	-30.327051	1030.286621
75.27	300.150024	-140.385025	1025.100342
75.28	299.493317	111.74337	1036.932617
75.29	299.681427	-54.890366	1036.63855
75.3	299.081696	49.649761	1033.9104
75.31	299.164215	20.121483	1031.699463
75.32	300.728699	73.542191	1036.306641
75.33	299.830048	297.688385	1037.084961
75.34	299.988281	-10.976517	1034.043457
75.35	299.887451	181.93428	1034.073364
75.36	301.342651	77.343132	1035.098999
75.37	299.108185	74.721062	1038.556763
75.38	299.522278	68.74675	1030.1604
75.39	300.572449	152.168167	1037.230957
75.4	300.121429	115.226013	1032.850464
75.41	299.889771	27.08848	1028.133057
75.42	300.088013	-36.209812	1033.626587
75.43	298.887634	121.098427	1033.435303
75.44	298.132294	-25.592031	1034.934204
75.45	300.728668	-128.664505	1035.032959
75.46	301.038086	-85.106392	1026.341064
75.47	299.602631	-87.688538	1026.686646
75.48	298.54715	-13.297465	1038.997559
75.49	300.359467	6.220629	1030.545654
75.5	300.703003	-54.843441	1028.516113
75.51	299.858765	-92.987511	1036.30188
75.52	303.269409	-3.083486	1030.388794
75.53	299.806824	-130.735092	1032.674927
75.54	300.64798	-24.785461	1037.752686
75.55	299.246826	84.708244	1031.576416
75.56	300.336456	189.750778	1033.440674
75.57	297.615845	-257.661285	1027.770508
75.58	299.471161	-1.595768	1033.052856
75.59	299.713867	-72.565666	1032.51123
75.6	300.028809	-139.85762	1024.960938
75.61	297.663391	-117.362854	1029.306641
75.62	298.605896	-28.59268	1035.42981
75.63	299.411591	21.731813	1032.79248
75.64	299.107208	60.372417	1035.218018
75.65	300.915985	-44.318272	1031.959717
75.66	298.839966	122.732994	1033.37561
75.67	299.400635	-79.006981	1034.475342
75.68	299.551422	-16.00791	1031.892456
75.69	300.703674	112.449768	1032.179199
75.7	297.23111	-211.403702	1030.639893
75.71	298.893677	116.787575	1034.837646
75.72	300.309723	21.877676	1031.992188
75.73	301.223206	-64.903938	1034.391235
75.74	297.775146	-25.996798	1033.126587
75.75	300.765259	159.611679	1034.994629
75.76	300.684143	79.745262	1032.387451
75.77	300.179443	66.651917	1034.64917
75.78	300.952423	-103.257591	1034.39209
75.79	299.89801	-11.840297	1031.909668
75.8	300.116089	-22.028376	1032.686035
75.81	299.449677	41.621311	1032.861694
75.82	301.392029	-21.502066	1030.600708
75.83	298.784576	-84.504272	1030.169922
75.84	299.155273	-45.586353	1030.88916
75.85	302.341461	-26.430788	1029.90625
75.86	299.911865	-11.511127	1035.683838
75.87	302.831573	9.750896	1032.684448
75.88	300.410004	-64.23851	1033.31311
75.89	300.080719	43.9086	1035.099487
75.9	298.895111	69.535126	1035.93689
75.91	299.093475	43.395374	1029.412842
75.92	301.227539	74.924088	1037.772095
75.93	299.707672	134.11467	1036.956177
75.94	299.694519	66.905144	1037.896606
75.95	298.168335	39.526005	1035.35022
75.96	298.495422	118.45211	1034.562012
75.97	299.619019	179.665649	1038.19104
75.98	298.706512	101.662453	1033.780151
75.99	300.527466	147.794205	1029.298706
76.0	300.799774	7.021717	1032.692383
76.01	298.011993	-59.821899	1031.824219
76.02	301.191681	18.780893	1032.241699
76.03	300.580109	170.041992	1040.970581
76.04	298.983398	175.345032	1035.995239
76.05	300.936493	-32.944214	1033.138916
76.06	298.99823	-130.494278	1026.380127
76.07	301.47699	125.883972	1034.178223
76.08	302.043121	168.580658	1036.924072
76.09	301.834229	61.275864	1034.947266
76.1	299.983734	-176.640915	1027.900879
76.11	298.71582	-53.314274	1034.456665
76.12	299.910645	39.523819	1031.365723
76.13	299.13678	77.358208	1033.371948
76.14	298.326111	82.970123	1034.954834
76.15	298.612122	77.651772	1035.858154
76.16	299.334717	67.10424	1032.293579
76.17	300.37793	34.632004	1032.582275
76.18	298.872772	61.074512	1038.374756
76.19	300.590576	15.405995	1032.584351
76.2	300.215729	-1.163203	1033.258911
76.21	299.957947	-26.721756	1031.383423
76.22	299.255341	-253.214478	1022.478333
76.23	297.871674	-171.446838	1026.40625
76.24	300.70517	-77.282944	1025.848389
76.25	300.235168	-59.948257	1032.090942
76.26	300.803314	60.271137	1034.494995
76.27	301.432343	223.883545	1042.343628
76.28	299.78418	44.323826	1036.705688
76.29	299.664124	-30.6085	1034.920044
76.3	299.80069	-213.742233	1028.036865
76.31	299.079193	-4.747736	1030.638062
76.32	300.105591	123.608482	1036.369263
76.33	302.024261	302.326355	1034.941162
76.34	300.765625	-48.602478	1035.360107
76.35	300.673798	22.625315	1038.252197
76.36	299.500488	126.131287	1036.435547
76.37	300.098114	-109.656525	1031.634155
76.38	300.736725	197.926682	1028.376221
76.39	299.023468	205.052536	1039.114258
76.4	301.118958	123.523384	1037.383057
76.41	299.931305	-22.540842	1036.183105
76.42	300.074188	-84.096779	1032.741821
76.43	299.664886	-36.314819	1027.03479
76.44	300.074677	-79.638634	1028.286865
76.45	297.644287	122.992165	1031.135986
76.46	299.474823	25.072088	1035.960327
76.47	298.688354	-377.252045	1023.338684
76.48	298.525543	79.062065	1038.687744
76.49	300.108093	-22.141569	1030.539307
76.5	299.412079	-45.011082	1032.15918
76.51	299.830566	66.631859	1038.068359
76.52	300.408081	236.610672	1037.734741
76.53	302.013397	153.002075	1031.852173
76.54	300.263092	-80.727554	1032.580444
76.55	299.386475	-138.055435	1024.686157
76.56	299.106049	61.707718	1036.670044
76.57	299.795044	-129.168152	1031.470947
76.58	301.242523	-55.852386	1033.751587
76.59	300.47998	-60.263935	1031.584351
76.6	299.57254	40.405338	1034.869873
76.61	301.389557	334.576202	1043.514404
76.62	299.350189	-73.664238	1033.115967
76.63	299.738556	0.108404	1030.579346
76.64	300.108765	50.903408	1034.515015
76.65	298.129944	-2.227104	1030.936401
76.66	299.997894	247.098068	1037.833618
76.67	301.49881	80.960541	1033.899292
76.68	301.84903	232.096375	1040.296021
76.69	301.001373	86.3797	1037.918823
76.7	299.949005	-29.177597	1032.068237
76.71	300.641266	4.569829	1028.533325
76.72	301.928253	-100.195763	1025.018311
76.73	301.089447	100.786186	1034.068848
76.74	298.928101	-117.049599	1031.440918
76.75	299.484955	-59.671947	1028.024902
76.76	300.440033	320.54422	1041.011963
76.77	299.492615	214.898941	1040.150024
76.78	300.511169	49.443253	1034.393677
76.79	301.83313	-35.197834	1031.873047
76.8	300.077545	114.82785	1035.900879
76.81	300.816162	-114.953285	1029.577271
76.82	301.175446	126.011253	1032.321167
76.83	300.69574	38.470016	1036.312012
76.84	300.320618	196.597153	1039.820435
76.85	299.572632	-23.733641	1030.477417
76.86	299.585938	-16.378141	1032.456421
76.87	298.780151	-229.871704	1029.600342
76.88	302.482788	35.914291	1033.929932
76.89	297.960541	-104.069069	1030.296997
76.9	299.508331	84.468071	1036.501343
76.91	300.240112	216.157059	1036.736938
76.92	301.277344	-81.980965	1036.183472
76.93	298.81601	39.372505	1028.939697
76.94	301.225586	51.709614	1031.579834
76.95	301.447235	30.681023	1031.31311
76.96	298.794861	-96.855995	1031.709106
76.97	300.201874	-48.598537	1029.426758
76.98	300.200714	50.070129	1031.77124
76.99	298.660553	-52.449615	1034.729492
77.0	298.672852	108.423622	1032.697754
77.01	300.582153	-91.063301	1034.407471
77.02	301.577454	-4.521978	1040.429565
77.03	302.059631	89.63636	1032.304932
77.04	300.266693	-80.638664	1030.529541
77.05	302.100098	56.293957	1037.35791
77.06	298.768646	193.756592	1037.322876
77.07	300.846375	-141.92012	1032.43396
77.08	299.934998	-202.042526	1026.167358
77.09	297.612976	-301.514252	1027.244629
77.1	298.390808	-119.968895	1032.823364
77.11	300.695557	4.453153	1030.320068
77.12	299.053101	-46.962086	1032.143066
77.13	299.043213	97.033043	1038.644775
77.14	299.227142	59.055069	1029.609375
77.15	301.020996	-42.558952	1031.685669
77.16	300.04068	-168.178787	1029.543579
77.17	297.484619	23.588026	1034.479492
77.18	301.11322	0.711456	1032.748291
77.19	299.024506	-18.840086	1035.702026
77.2	299.380554	143.171265	1034.65564
77.21	300.164276	-13.85714	1030.859497
77.22	299.53125	-92.419067	1034.042358
77.23	300.251007	-138.149963	1027.490723
77.24	302.742615	-129.631775	1024.450195
77.25	302.624573	79.620499	1037.420898
77.26	301.689575	22.947519	1027.961914
77.27	296.86322	-90.852562	1031.200195
77.28	298.000397	-91.088356	1028.217285
77.29	298.402832	-81.906677	1029.683838
77.3	299.693024	-44.258587	1033.474243
77.31	299.208618	-51.437328	1036.998169
77.32	299.545135	134.406433	1032.112915
77.33	300.333282	38.432907	1035.923584
77.34	299.876099	-155.037674	1027.066772
77.35	300.347717	-124.578026	1032.888062
77.36	300.323364	-24.546173	1032.599731
77.37	301.840942	122.656563	1034.483276
77.38	299.156586	55.897137	1038.308228
77.39	299.472626	-62.510818	1030.00354
77.4	300.45639	-69.877007	1023.835022
77.41	299.329926	55.173843	1030.18457
77.42	297.37915	-203.019608	1024.522827
77.43	299.924713	-228.755295	1028.939453
77.44	300.951996	31.526976	1029.538574
77.45	299.883636	-159.442642	1026.736572
77.46	299.903503	-277.895813	1029.27356
77.47	299.512329	-72.131477	1028.428711
77.48	300.721588	-47.044628	1029.988281
77.49	301.334045	111.176903	1034.597778
77.5	300.745483	-42.150639	1026.951904
77.51	299.043091	107.252205	1038.659302
77.52	299.205048	29.04365	1036.836792
77.53	299.963959	-42.98317	1031.180786
77.54	299.478241	145.928619	1037.570557
77.55	300.68161	-349.910065	1031.834839
77.56	298.299835	-109.287964	1028.619385
77.57	301.354767	86.281891	1036.051636
77.58	299.219666	76.459267	1038.432983
77.59	298.440552	-8.901998	1033.880371
77.6	299.868927	-51.942554	1025.777344
77.61	300.631836	0.655005	1038.084473
77.62	300.1521	-63.23291	1033.244873
77.63	300.001831	21.417002	1037.645508
77.64	299.92926	-214.722946	1031.044312
77.65	301.558563	223.888916	1037.13147
77.66	299.609283	-184.79747	1027.602051
77.67	299.911865	-124.873589	1024.885254
77.68	302.206024	-82.970879	1031.157959
77.69	300.637787	206.107803	1039.811768
77.7	300.472992	140.11351	1041.212158
77.71	300.957977	-36.15173	1033.110107
77.72	300.519196	-86.96151	1032.130249
77.73	300.93811	-38.604172	1034.120605
77.74	298.343536	43.561596	1032.702637
77.75	299.571014	-40.036678	1030.348999
77.76	298.236816	-100.171814	1031.378662
77.77	297.766937	-22.587944	1038.827759
77.78	299.87738	-5.891515	1037.54248
77.79	302.45636	-66.687721	1027.732666
77.8	298.565979	247.670975	1040.338745
77.81	301.672241	136.251205	1040.616333
77.82	299.572601	242.728622	1039.499756
77.83	298.388184	-179.924759	1029.50647
77.84	299.228363	-147.321106	1032.471313
77.85	300.793335	99.424644	1035.469116
77.86	298.626221	-104.140038	1031.391235
77.87	298.78125	-3.274606	1030.514404
77.88	299.755646	24.294252	1033.604248
77.89	300.333221	96.417107	1033.358154
77.9	301.082947	59.310772	1039.345093
77.91	301.320068	117.350334	1035.608765
77.92	299.58078	-140.259369	1031.398804
77.93	300.506897	57.86272	1029.396729
77.94	300.102539	-214.53981	1020.8125
77.95	299.480713	-87.585533	1027.720459
77.96	300.723358	121.116585	1033.047485
77.97	299.380219	159.838943	1038.626831
77.98	299.993134	105.138435	1038.897095
77.99	298.577698	6.471156	1034.395264
78.0	300.0047	-112.889244	1026.56543
78.01	300.124939	18.579407	1037.283325
78.02	297.48822	28.522837	1032.453979
78.03	298.8461	81.327904	1035.901367
78.04	302.118134	86.694481	1038.251099
78.05	301.181976	-93.913147	1028.159058
78.06	298.794434	-89.361023	1032.313477
78.07	300.109253	-2.200982	1028.863892
78.08	297.958374	-3.066417	1032.694092
78.09	298.689392	70.090797	1036.788086
78.1	301.116852	75.799644	1033.654053
78.11	299.434113	-217.15387	1024.964355
78.12	299.43927	65.742073	1035.306396
78.13	299.502472	25.759451	1036.038818
78.14	300.079254	96.499565	1033.347168
78.15	299.872559	179.147232	1038.089844
78.16	302.306549	116.709473	1036.183594
78.17	300.581879	78.927887	1029.666016
78.18	300.325714	132.788925	1039.984253
78.19	300.663849	-9.214825	1033.357544
78.2	298.423737	-16.191931	1033.265381
78.21	301.044861	-235.182846	1028.310181
78.22	299.448975	-84.483849	1026.015015
78.23	299.492706	-114.387856	1029.487061
78.24	298.29953	223.815292	1039.414062
78.25	300.615997	149.361679	1033.354126
78.26	301.411469	71.233101	1029.231934
78.27	300.208282	-274.707764	1028.560059
78.28	300.22171	21.03974	1031.250122
78.29	300.377319	-84.56485	1027.155396
78.3	298.554932	65.780945	1034.751709
78.31	301.764557	-84.533211	1029.504639
78.32	299.57016	58.238113	1034.602783
78.33	301.514191	-113.051933	1030.113647
78.34	300.007294	26.213799	1032.17627
78.35	300.217926	11.445195	1036.964966
78.36	301.168945	-70.052704	1036.472778
78.37	299.615265	-82.278732	1033.133301
78.38	302.717712	-174.225876	1026.856812
78.39	300.092255	56.699512	1031.537354
78.4	300.301575	-7.628708	1029.266724
78.41	302.524414	-178.798233	1025.973877
78.42	300.952789	49.264969	1034.674316
78.43	299.439667	3.321862	1034.617798
78.44	299.07785	146.429672	1035.879517
78.45	299.680511	-34.302383	1031.877563
78.46	301.832947	145.048782	1038.531128
78.47	299.408478	191.447922	1036.98877
78.48	300.236389	109.618385	1035.477295
78.49	302.066193	126.901161	1037.869263
78.5	299.580536	110.880516	1032.337769
78.51	300.788971	33.084522	1033.411621
78.52	300.159088	151.106583	1035.891724
78.53	298.67627	63.300831	1035.268799
78.54	301.017609	-161.626099	1031.266602
78.55	300.369324	-128.310181	1028.650513
78.56	300.65509	-350.388824	1024.845215
78.57	300.462097	24.090927	1031.221191
78.58	298.658173	-44.228565	1034.78772
78.59	299.254211	-51.836483	1033.134644
78.6	301.028351	151.059189	1034.958008
78.61	300.300568	-32.894276	1028.300659
78.62	299.538513	-278.92984	1026.394409
78.63	300.862579	11.931695	1031.462158
78.64	299.237061	-261.523102	1026.289307
78.65	300.873535	162.865753	1037.858765
78.66	297.208282	-37.521713	1038.515991
78.67	302.376129	-105.747459	1031.583008
78.68	299.193024	-54.682907	1025.458862
78.69	301.490662	-3.964951	1023.573303
78.7	300.812134	-101.976837	1028.525024
78.71	300.384338	273.3909	1039.77417
78.72	298.545929	156.91304	1030.418335
78.73	300.893005	-0.2659	1027.172729
78.74	300.635284	-44.2719	1034.96521
78.75	300.091553	-19.609932	1032.753052
78.76	299.189148	-315.903259	1032.231934
78.77	300.500916	-154.063751	1024.997559
78.78	299.428558	77.064613	1037.908936
78.79	300.241241	50.654957	1039.015991
78.8	299.563477	57.103439	1026.031494
78.81	298.206543	68.965553	1033.909912
78.82	301.493011	-3.826726	1037.19751
78.83	300.933624	-39.888329	1028.690308
78.84	300.251068	-103.131691	1033.658813
78.85	298.655731	180.017563	1041.006958
78.86	300.443024	97.543671	1029.449219
78.87	299.360077	-238.842728	1030.634644
78.88	298.82428	-29.668573	1033.907837
78.89	298.34668	-316.485229	1023.252197
78.9	300.960022	1.364792	1029.844971
78.91	300.958282	63.768353	1032.751709
78.92	300.417145	210.386353	1041.289062
78.93	301.368835	153.285339	1035.520752
78.94	300.210602	-85.230034	1028.720215
78.95	298.91391	9.640292	1030.285278
78.96	300.389252	-90.575356	1035.686035
78.97	301.723297	-40.907608	1033.832642
78.98	300.461639	69.254021	1035.21936
78.99	299.926544	15.261368	1033.742065
79.0	298.631012	125.680534	1037.044556
79.01	299.914825	-29.144264	1032.520752
79.02	301.418274	14.165013	1027.529053
79.03	299.531006	-38.909794	1034.122192
79.04	300.116577	70.905952	1032.687378
79.05	300.659424	125.168182	1034.373169
79.06	298.256348	117.092155	1033.933105
79.07	299.549042	-29.279318	1035.469604
79.08	299.720886	141.384445	1038.635986
79.09	299.023163	98.075035	1040.383301
79.1	298.897186	156.131638	1038.732666
79.11	301.03772	-52.945904	1029.618042
79.12	300.818573	-105.85218	1030.250122
79.13	301.388763	14.070523	1032.666626
79.14	299.840271	186.516556	1040.213623
79.15	298.255463	-22.899193	1037.905151
79.16	300.274933	-101.607994	1030.309204
79.17	299.495697	106.283791	1036.985107
79.18	300.996948	105.003334	1029.535889
79.19	300.263977	-181.965454	1024.95752
79.2	302.495483	-91.122047	1032.212036
79.21	299.095428	-46.851379	1033.349609
79.22	299.288788	94.615089	1032.140869
79.23	301.220337	9.211034	1030.082642
79.24	299.901947	74.041313	1031.341553
79.25	299.326416	91.824585	1035.352417
79.26	299.807312	13.108218	1029.111938
79.27	299.995392	-21.795847	1032.204346
79.28	300.70343	99.884239	1039.991211
79.29	298.702209	13.822433	1033.188477
79.3	300.371674	-113.182159	1026.770874
79.31	300.456116	22.409781	1033.279419
79.32	299.865662	256.904144	1037.926147
79.33	301.924194	-111.42984	1029.795532
79.34	300.955017	-117.17218	1027.04248
79.35	298.371399	-118.105354	1027.270508
79.36	298.94281	-99.315025	1033.782349
79.37	299.38797	162.525406	1033.213745
79.38	300.197205	-32.338657	1034.228516
79.39	300.025452	72.697723	1036.550781
79.4	302.070892	-94.956604	1030.217163
79.41	300.842682	222.742844	1027.933105
79.42	300.888916	46.433056	1036.284668
79.43	299.999695	156.650589	1033.597412
79.44	300.137451	179.297668	1041.0
79.45	300.866547	112.455727	1034.216309
79.46	299.568695	-76.725044	1029.874756
79.47	300.036957	-65.994774	1031.049683
79.48	298.538971	-82.364189	1030.530518
79.49	300.715149	66.108009	1037.600342
79.5	300.626129	-4.550664	1034.419067
79.51	302.088501	222.6931	1033.687134
79.52	300.172943	45.76263	1034.316772
79.53	300.204895	-182.109573	1030.841187
79.54	301.31842	4.830569	1036.772583
79.55	301.1633	100.377907	1035.505737
79.56	299.451965	145.046158	1037.603516
79.57	300.722412	-26.403524	1028.462402
79.58	299.623962	-68.425941	1030.568726
79.59	299.246429	71.556534	1033.333862
79.6	300.356476	-233.5121	1030.590332
79.61	299.586304	-57.323273	1028.948975
79.62	299.231934	-183.192581	1025.230469
79.63	299.335297	-81.859657	1025.077393
79.64	298.837891	-170.228989	1031.084961
79.65	299.857788	49.095448	1036.88147
79.66	298.597076	102.930176	1041.234497
79.67	300.016113	14.416649	1027.685303
79.68	300.664978	-132.177567	1027.343506
79.69	301.250366	-143.411652	1030.469482
79.7	301.214508	-116.841461	1029.021851
79.71	300.232422	-90.278076	1030.914917
79.72	300.731232	-192.772202	1023.610657
79.73	298.811737	-48.87225	1030.618408
79.74	299.683716	-46.138977	1030.703247
79.75	298.739136	-108.002258	1025.294922
79.76	298.410278	-234.918945	1029.861206
79.77	298.808533	-113.599617	1028.108765
79.78	300.311493	-125.015892	1032.280762
79.79	299.333191	-27.877213	1038.314209
79.8	301.636353	-186.513245	1026.620361
79.81	300.281128	72.584419	1032.518677
79.82	299.444061	99.856415	1037.82666
79.83	300.68396	135.714233	1039.723267
79.84	299.939148	88.891136	1031.544556
79.85	297.794128	-94.742157	1034.162964
79.86	300.573547	-132.365295	1024.531494
79.87	299.79425	-199.067551	1023.067078
79.88	298.250885	-13.718259	1030.483276
79.89	299.759216	-104.224602	1035.812378
79.9	300.111877	4.427952	1031.4104
79.91	298.926941	-61.310211	1030.716309
79.92	301.878723	30.795218	1032.330811
79.93	300.504211	117.177208	1034.082397
79.94	301.241028	193.429459	1037.500488
79.95	300.199036	171.031876	1037.834351
79.96	300.395233	122.86924	1030.269897
79.97	299.635986	197.417313	1037.208008
79.98	298.959503	48.238815	1035.000732
79.99	298.303802	-103.65023	1028.840942
80.0	302.173431	217.081589	1034.809082
80.01	298.931488	-7.147537	1033.666016
80.02	299.092682	194.229141	1036.428589
80.03	300.086121	131.780701	1039.599609
80.04	299.327423	-59.521557	1030.976074
80.05	301.670074	21.449472	1033.591187
80.06	298.577179	-57.796093	1034.811646
80.07	302.034454	117.137794	1034.593994
80.08	299.767365	-65.891151	1034.281128
80.09	300.654144	-67.054207	1032.994507
80.1	298.734039	29.989227	1035.543335
80.11	298.186554	-106.089699	1027.619995
80.12	299.357635	-12.263661	1035.529419
80.13	300.15332	-71.853477	1029.151733
80.14	300.094421	-178.492203	1025.237671
80.15	298.350616	23.32222	1031.825317
80.16	299.09726	88.138771	1034.603271
80.17	300.458496	80.368835	1036.371338
80.18	300.81366	287.259552	1032.605103
80.19	298.247345	62.108929	1032.357666
80.2	299.757385	172.910522	1035.992188
80.21	301.594421	76.346657	1029.552856
80.22	300.637329	134.470413	1033.705322
80.23	299.086029	-52.438511	1027.011475
80.24	300.338715	59.480297	1037.682495
80.25	300.397217	-84.194313	1040.270386
80.26	299.221313	-211.632248	1025.60791
80.27	297.51886	-65.612175	1029.291992
80.28	299.305725	-7.869009	1034.13501
80.29	299.077271	39.6367	1033.909668
80.3	299.211945	-63.496719	1037.202148
80.31	300.746399	69.696831	1030.59082
80.32	301.625031	-61.04575	1031.673218
80.33	301.046661	95.631462	1036.43689
80.34	299.379059	-52.271099	1031.338135
80.35	299.562683	-75.302872	1026.936768
80.36	299.077057	-13.976204	1032.197876
80.37	301.007202	236.254562	1039.881836
80.38	299.312958	-101.141319	1034.478027
80.39	299.507812	91.449646	1035.756592
80.4	300.400055	-10.652042	1035.345093
80.41	299.569824	60.107067	1031.365967
80.42	298.204712	-97.66806	1028.965454
80.43	300.674774	-62.223831	1028.7854
80.44	298.818237	36.595245	1031.379761
80.45	299.783112	25.989904	1028.873779
80.46	299.949921	137.201294	1038.754761
80.47	299.187897	-62.353836	1032.100464
80.48	300.067596	-92.020416	1027.153442
80.49	300.758514	62.18309	1035.520142
80.5	300.562317	25.876047	1034.374756
80.51	301.726318	-35.002262	1034.616211
80.52	300.334229	-126.822937	1026.741577
80.53	298.031128	-114.881981	1032.408203
80.54	298.908234	80.954117	1035.353394
80.55	298.609589	-68.613335	1033.321045
80.56	300.251953	107.424164	1035.552612
80.57	301.635956	54.510761	1035.512329
80.58	301.367798	-302.148682	1027.45813
80.59	300.341125	176.126419	1034.335449
80.6	302.416504	3.38739	1034.468628
80.61	301.091766	32.030563	1029.160156
80.62	300.009247	-56.629246	1038.786987
80.63	300.479095	107.367928	1039.899292
80.64	299.087036	37.988827	1031.492798
80.65	300.209991	-148.549637	1028.033325
80.66	299.69342	-119.052162	1025.314697
80.67	300.937836	-128.135727	1025.724976
80.68	299.823883	-54.629009	1032.540161
80.69	298.762695	58.433487	1032.092285
80.7	299.436096	180.224686	1036.230225
80.71	299.034943	163.11235	1033.185303
80.72	298.471313	-152.963104	1029.880371
80.73	300.087585	60.099155	1029.02771
80.74	299.886475	-91.582336	1029.489258
80.75	298.531311	68.044868	1035.227417
80.76	299.386292	-102.658165	1032.00769
80.77	298.399323	-213.589157	1027.001221
80.78	298.245758	-62.959225	1036.467896
80.79	299.071472	-75.932732	1032.002563
80.8	300.12384	99.553589	1036.638306
80.81	298.478149	-9.745291	1034.538208
80.82	301.491974	8.909201	1029.768188
80.83	298.303284	33.642792	1030.885986
80.84	299.878754	-111.433228	1032.531738
80.85	299.715485	-14.314536	1027.821533
80.86	300.105499	-137.070938	1033.513306
80.87	300.733917	56.348419	1034.715088
80.88	303.828217	13.549563	1034.715088
80.89	302.176422	98.218201	1035.650146
80.9	300.504242	35.371613	1027.906616
80.91	299.384918	-104.63401	1029.537231
80.92	298.511719	115.272583	1030.506348
80.93	298.667633	87.164589	1031.488037
80.94	300.237305	32.822842	1030.617065
80.95	300.142181	-45.459644	1032.089478
80.96	298.111267	-101.922173	1028.845947
80.97	299.581573	-90.197716	1030.255127
80.98	299.595123	-26.612333	1030.555542
80.99	300.091217	-85.806488	1026.580078
81.0	301.324524	175.307114	1033.842041
81.01	300.907654	41.20417	1032.761108
81.02	300.405334	-111.571953	1029.837402
81.03	300.767395	-137.129669	1030.18689
81.04	299.426208	-182.184067	1036.122681
81.05	301.853607	-146.82338	1031.169922
81.06	300.129517	37.140514	1035.886108
81.07	299.571106	-194.929672	1028.802368
81.08	299.862427	150.444458	1030.162842
81.09	301.474792	55.646912	1031.520386
81.1	300.221771	-83.38237	1028.642822
81.11	301.262054	-215.853317	1025.005981
81.12	299.036591	56.327129	1034.766724
81.13	299.654114	-42.819622	1023.517761
81.14	298.966492	-104.241241	1033.440796
81.15	298.045441	-171.886734	1028.500977
81.16	300.490692	-113.57235	1029.986206
81.17	299.529968	-157.582565	1028.518799
81.18	300.611572	2.649617	1029.814575
81.19	299.548309	24.368441	1031.694946
81.2	302.671814	-26.74015	1028.690552
81.21	299.59964	-14.008235	1030.248413
81.22	300.734009	124.349449	1040.126343
81.23	299.460632	212.480774	1033.78064
81.24	300.160767	-8.655948	1029.782959
81.25	299.700836	-149.50737	1027.139648
81.26	299.537567	-92.107735	1030.350464
81.27	301.866425	-146.895615	1031.983398
81.28	301.06665	57.436569	1031.946533
81.29	298.649048	122.281868	1034.983887
81.3	302.016174	-15.987697	1031.095825
81.31	300.180206	-28.947794	1036.117676
81.32	301.037445	-102.514832	1030.433105
81.33	298.411102	-79.699745	1034.207031
81.34	300.4617	117.060661	1035.547852
81.35	301.129791	-82.804436	1031.939819
81.36	300.527679	6.156576	1034.369629
81.37	299.492645	-84.789833	1031.253296
81.38	299.585052	-46.039516	1028.336426
81.39	299.898071	138.29985	1035.156372
81.4	298.823425	89.645348	1035.926514
81.41	299.857483	178.004028	1036.063354
81.42	299.870331	106.648926	1037.072266
81.43	301.745544	73.461182	1030.811401
81.44	299.436615	-137.909866	1031.699707
81.45	300.576477	-170.523682	1025.864502
81.46	298.564331	-131.081467	1027.868286
81.47	299.134735	-46.538937	1030.045776
81.48	299.758209	-67.413475	1030.4823
81.49	298.854462	70.008339	1032.874023
81.5	301.019196	20.49382	1033.047729
81.51	300.696808	85.654564	1037.290161
81.52	300.042206	-111.141563	1033.3479
81.53	298.361328	13.192721	1028.184448
81.54	299.223572	31.472466	1030.719238
81.55	299.437744	-370.275055	1025.473267
81.56	300.149841	63.285122	1027.971191
81.57	299.433746	106.777832	1038.977417
81.58	301.913727	-87.224945	1027.005493
81.59	299.606506	20.59062	1035.07251
81.6	299.850525	-5.311813	1036.289307
81.61	300.66626	-0.891721	1034.421387
81.62	299.151703	-1.438286	1033.00354
81.63	299.388824	-46.969604	1036.87561
81.64	299.920074	108.728783	1037.285156
81.65	298.045013	-44.542385	1034.188232
81.66	298.442505	152.385376	1037.206421
81.67	299.467926	-8.158071	1028.48645
81.68	300.557861	157.199036	1031.175293
81.69	300.3078	-20.982267	1031.729736
81.7	298.88559	-250.737793	1032.036377
81.71	300.349518	117.253876	1036.015991
81.72	300.557739	81.334343	1036.381226
81.73	299.470703	-73.010529	1031.227783
81.74	299.632233	105.326996	1034.565918
81.75	298.555634	-85.381905	1033.4823
81.76	298.614441	-44.101307	1028.433472
81.77	301.169067	210.120789	1036.744141
81.78	300.513275	96.688438	1039.234253
81.79	300.829193	-70.488083	1034.733887
81.8	297.478149	-54.906616	1034.019043
81.81	298.651611	85.898109	1029.777466
81.82	299.184021	32.911625	1033.449707
81.83	298.238251	-27.534945	1023.892151
81.84	297.764984	-123.191963	1027.276855
81.85	298.953522	-163.370499	1025.22522
81.86	301.874878	-78.33506	1033.964355
81.87	301.235565	208.393799	1038.885132
81.88	302.573059	-108.351418	1025.962646
81.89	299.029724	47.330582	1029.419678
81.9	299.789948	9.825089	1035.43457
81.91	300.354279	115.854858	1034.908325
81.92	299.538391	24.435034	1034.271729
81.93	300.515625	-28.424273	1028.892578
81.94	300.302032	-223.399597	1030.476929
81.95	299.589844	-101.221718	1030.997559
81.96	299.370941	-127.596252	1029.860718
81.97	298.034454	12.720508	1032.543579
81.98	300.226959	-76.956352	1031.331665
81.99	299.972504	66.277245	1030.439575
82.0	299.52356	105.730507	1039.463745
82.01	300.490082	44.62854	1027.565063
82.02	298.89978	-152.211075	1029.971191
82.03	300.377014	186.190201	1039.140747
82.04	301.793976	90.167908	1036.772583
82.05	302.410248	111.387978	1034.18396
82.06	298.419434	-20.457777	1031.07373
82.07	299.519012	-88.235954	1027.438599
82.08	299.568329	137.662292	1031.491211
82.09	298.495667	193.452148	1037.898193
82.1	298.974579	54.355915	1029.067383
82.11	298.293274	-203.792343	1035.859497
82.12	300.989441	239.650131	1041.619629
82.13	298.831512	-39.369133	1032.807983
82.14	300.003662	-200.224854	1028.446533
82.15	301.538208	-99.785522	1026.946533
82.16	299.558136	33.200466	1037.507324
82.17	297.878113	-186.906555	1033.137573
82.18	299.617065	-89.690239	1031.249268
82.19	299.481903	140.615158	1039.107788
82.2	298.763245	-86.544701	1026.291138
82.21	299.227814	-3.390472	1034.042358
82.22	300.050262	270.095734	1037.275269
82.23	300.834808	94.496857	1036.188477
82.24	300.994568	97.031616	1036.541138
82.25	300.496155	50.235474	1032.005981
82.26	298.863617	-87.949638	1030.373413
82.27	300.694336	140.798141	1035.065674
82.28	298.893555	62.558167	1038.767822
82.29	298.306335	-87.936523	1033.357056
82.3	301.418579	-63.705582	1025.484741
82.31	300.76239	13.783185	1031.523071
82.32	300.06076	106.220238	1034.965942
82.33	298.729584	75.622765	1035.306152
82.34	298.910339	-55.55022	1027.126709
82.35	300.275787	59.664734	1039.262939
82.36	301.265564	151.496597	1039.280396
82.37	299.764099	150.519165	1036.349976
82.38	299.844757	-59.326679	1032.873169
82.39	300.742798	-35.925983	1030.516235
82.4	299.038513	67.246506	1036.012329
82.41	300.986115	118.24865	1031.349243
82.42	300.985535	30.84281	1032.0271
82.43	300.056396	37.176136	1037.661377
82.44	298.070923	193.275146	1039.986694
82.45	297.389893	-18.513763	1037.006714
82.46	300.972534	39.086613	1034.297363
82.47	299.617065	240.858932	1034.92627
82.48	300.27597	376.386475	1044.278564
82.49	297.842346	-118.553589	1022.681641
82.5	298.399872	-40.272175	1031.642334
82.51	300.610168	210.314163	1035.275391
82.52	299.762451	-18.690079	1034.174072
82.53	300.839447	68.446053	1032.710938
82.54	299.772186	17.960806	1035.06665
82.55	299.929321	127.814575	1033.146851
82.56	300.611298	110.066154	1032.744019
82.57	298.440063	-23.791382	1034.567261
82.58	300.726868	127.948769	1035.222046
82.59	300.640472	40.064369	1029.29126
82.6	299.43869	-144.255615	1032.168213
82.61	301.184448	193.525192	1037.923706
82.62	302.094666	22.219383	1037.501221
82.63	298.518188	46.650208	1037.157104
82.64	300.872955	-40.76733	1031.86792
82.65	301.050537	34.181347	1033.349854
82.66	298.66095	90.117592	1037.014771
82.67	301.408875	122.882668	1040.833984
82.68	298.782104	100.428619	1034.840332
82.69	300.57016	110.884277	1036.177246
82.7	300.474854	-97.131371	1029.680664
82.71	298.984161	107.182579	1031.981934
82.72	300.410492	-141.828629	1028.623047
82.73	297.863495	31.888266	1031.439331
82.74	300.305298	-157.80452	1027.130493
82.75	300.014587	53.460743	1035.876831
82.76	300.154968	121.457176	1032.777588
82.77	301.454742	3.785105	1027.073364
82.78	298.400146	114.013298	1034.691895
82.79	301.558289	71.226585	1027.813354
82.8	301.447357	-59.522633	1029.295288
82.81	300.874054	111.779381	1038.056519
82.82	300.194214	104.586678	1033.630005
82.83	300.881683	-69.615837	1030.969116
82.84	301.086334	35.324848	1036.580566
82.85	300.941071	25.973696	1028.087524
82.86	300.355957	146.545883	1033.449463
82.87	300.501678	161.062744	1037.644775
82.88	300.943451	-93.893677	1029.007812
82.89	299.419983	107.61203	1036.65332
82.9	302.341248	83.015923	1035.426636
82.91	298.965424	147.547943	1041.165039
82.92	300.078552	251.509354	1040.453491
82.93	300.285309	185.595627	1039.730347
82.94	301.144104	122.71064	1035.788818
82.95	301.242126	-151.551346	1028.340576
82.96	300.388977	-47.036572	1028.710083
82.97	300.836151	73.822876	1036.866821
82.98	299.747192	178.672653	1033.061401
82.99	299.324554	-106.818024	1029.586548
83.0	298.18631	-188.387527	1023.358704
83.01	299.870483	72.456963	1040.229248
83.02	301.434814	-90.130699	1032.147583
83.03	300.329376	44.528278	1034.834351
83.04	299.994598	129.964828	1030.303711
83.05	301.02951	53.056652	1031.832642
83.06	300.502808	48.860947	1035.402832
83.07	299.836578	113.628845	1030.057739
83.08	298.517273	-41.363708	1027.820435
83.09	299.393433	130.670395	1039.342773
83.1	300.72821	-66.321724	1032.509888
83.11	299.799927	-90.071251	1029.447876
83.12	297.830811	-89.442055	1031.50415
83.13	302.135773	126.509735	1040.277954
83.14	298.896149	-114.833801	1034.423584
83.15	298.733673	-75.425171	1029.681641
83.16	298.114777	-14.138721	1035.113037
83.17	300.505249	7.564245	1032.08313
83.18	299.278534	32.183048	1032.866699
83.19	299.532379	116.377502	1038.510498
83.2	299.855896	-2.627636	1031.442749
83.21	300.164764	-29.673777	1031.91272
83.22	299.958649	-82.758514	1037.192261
83.23	301.706329	-120.56295	1026.920898
83.24	300.047241	-167.16217	1028.586182
83.25	299.176849	-34.371906	1034.540161
83.26	298.910675	-213.724243	1024.487549
83.27	300.2099	-16.82976	1035.847412
83.28	301.112274	108.172569	1040.940918
83.29	300.157654	118.765968	1038.184937
83.3	298.977203	-150.325256	1024.051636
83.31	300.056854	34.961884	1035.842896
83.32	299.438995	-55.01355	1030.167603
83.33	299.501953	133.481583	1034.737549
83.34	301.253662	107.722923	1036.864624
83.35	301.306946	40.322178	1039.424072
83.36	298.98407	-33.033192	1033.443237
83.37	300.658142	-49.214069	1025.70874
83.38	297.891602	-56.201298	1030.840088
83.39	300.49823	-46.159546	1030.738159
83.4	299.974335	-71.561592	1030.750854
83.41	299.587341	-50.657658	1033.703857
83.42	299.549194	73.549919	1035.585571
83.43	301.490906	70.475166	1031.65564
83.44	301.856171	-181.657852	1033.268921
83.45	301.278992	111.641212	1031.363525
83.46	300.694855	181.112991	1038.117676
83.47	300.203949	-178.789429	1023.384399
83.48	300.582764	19.114166	1029.609131
83.49	299.27713	0.979889	1032.959351
83.5	300.008667	-32.333118	1027.233765
83.51	297.983307	150.430405	1038.094116
83.52	301.078613	4.417796	1035.203857
83.53	300.989716	47.079952	1036.305054
83.54	301.528473	-301.523285	1025.243774
83.55	299.750824	-389.204254	1021.718323
83.56	302.116791	-164.085953	1028.61792
83.57	304.105896	58.479565	1035.439453
83.58	298.955444	-11.985127	1035.709229
83.59	298.951935	-38.364349	1033.865723
83.6	299.023499	-57.010956	1033.337769
83.61	300.584045	59.242687	1027.830566
83.62	299.079132	-77.56546	1029.700195
83.63	299.794342	-143.222565	1028.858154
83.64	298.846191	-220.30452	1028.409912
83.65	301.207733	-180.757065	1033.141235
83.66	299.815521	-7.337209	1032.286377
83.67	299.421997	91.824974	1036.861694
83.68	299.811554	-204.002197	1029.963989
83.69	298.647919	180.644119	1035.681396
83.7	299.60144	-95.504303	1031.1875
83.71	299.980804	42.328068	1031.348511
83.72	300.775757	-70.814232	1031.708008
83.73	300.476746	-375.468384	1024.935059
83.74	299.694	-100.70752	1026.751709
83.75	301.40918	-87.210663	1031.276733
83.76	298.481079	94.767662	1030.790161
83.77	300.071594	-29.669363	1034.734375
83.78	300.11676	128.966034	1027.398682
83.79	300.858276	-48.530991	1032.215332
83.8	300.059937	215.252686	1038.825073
83.81	298.977478	-110.001503	1033.654663
83.82	299.350067	-96.080437	1032.357178
83.83	299.866028	69.118385	1032.923218
83.84	299.419312	28.670021	1031.279053
83.85	300.21936	95.01133	1032.057739
83.86	300.970428	57.257252	1039.047729
83.87	300.921661	87.080421	1035.850342
83.88	300.973114	-69.276794	1029.138672
83.89	297.808105	-14.22934	1033.409058
83.9	300.60556	65.39669	1030.438965
83.91	299.846008	-73.843277	1031.687378
83.92	299.226715	-17.589432	1032.488037
83.93	301.228485	306.329315	1040.746582
83.94	300.732666	55.205322	1033.869141
83.95	299.689331	-203.926315	1029.001709
83.96	299.385071	-166.792526	1026.619019
83.97	299.174164	-119.104195	1032.877441
83.98	299.893433	-127.348885	1030.838501
83.99	300.0383	-10.330467	1027.326538
84.0	299.864044	-90.100624	1029.475952
84.01	299.762115	-4.365496	1032.838257
84.02	298.773163	-184.366287	1026.425537
84.03	299.258545	50.204021	1034.605957
84.04	300.912262	-72.543251	1028.381592
84.05	300.503784	11.932492	1034.348755
84.06	300.533173	-137.449448	1029.176514
84.07	299.788422	88.937416	1039.742798
84.08	301.267029	-157.258057	1028.493652
84.09	297.880981	-37.870926	1033.334473
84.1	302.117249	65.074753	1035.802979
84.11	299.976471	-58.922974	1028.274902
84.12	301.102997	-336.359009	1033.873413
84.13	300.442383	39.488247	1031.735596
84.14	298.65567	229.942139	1034.384277
84.15	299.516144	48.954395	1035.276733
84.16	299.953278	44.906067	1033.431885
84.17	300.706879	73.684967	1034.271973
84.18	299.015442	-109.275002	1033.121582
84.19	299.586029	-176.298843	1028.199951
84.2	299.686432	-0.908641	1036.764038
84.21	299.455078	140.65831	1037.500488
84.22	300.414459	100.326202	1036.363281
84.23	298.672852	-37.08329	1033.075317
84.24	303.583405	17.223749	1030.424683
84.25	300.648163	110.676064	1036.901855
84.26	300.80896	62.899567	1030.965942
84.27	299.517914	50.137508	1033.836548
84.28	301.313049	124.864075	1035.31543
84.29	298.059967	-3.258587	1027.741455
84.3	299.507965	-88.37632	1029.238037
84.31	298.664276	-93.286011	1026.399658
84.32	298.962708	44.815063	1035.915527
84.33	298.401062	123.162018	1038.414185
84.34	299.738129	-216.287125	1028.220947
84.35	300.49646	48.320087	1025.644775
84.36	300.255219	-112.367004	1030.112061
84.37	298.941254	-118.85556	1040.189819
84.38	299.377808	81.542725	1039.123657
84.39	298.980408	175.677368	1033.010742
84.4	300.792145	97.02993	1036.32373
84.41	301.281708	9.90179	1032.122803
84.42	300.201019	-79.958641	1032.244629
84.43	300.530548	-22.231817	1032.443115
84.44	298.43515	77.825012	1037.875366
84.45	298.272552	195.94519	1035.196655
84.46	298.798553	96.466064	1034.806519
84.47	299.55661	150.273666	1032.863037
84.48	300.124115	21.549383	1034.336304
84.49	299.536652	217.943054	1037.38208
84.5	298.325287	69.595551	1034.676392
84.51	300.141388	-20.800642	1027.782593
84.52	301.311646	24.913818	1032.812744
84.53	299.775146	-301.753174	1026.428955
84.54	301.938538	294.115234	1039.217651
84.55	298.43573	11.187537	1034.516357
84.56	300.616272	26.806427	1037.108765
84.57	299.329529	46.894699	1031.816284
84.58	298.216095	-93.519493	1029.66394
84.59	298.457214	83.790962	1031.606445
84.6	301.200134	-50.268204	1025.432495
84.61	300.043762	42.549458	1038.227783
84.62	298.9487	93.522919	1032.562012
84.63	297.787048	-66.892693	1033.358154
84.64	298.50824	110.807007	1030.712891
84.65	300.098541	-303.369141	1028.318848
84.66	299.73587	-58.384502	1030.845703
84.67	299.044342	-86.996056	1029.095947
84.68	300.582611	197.107422	1026.747681
84.69	299.413574	169.555969	1041.797852
84.7	299.585144	-7.165691	1031.577026
84.71	299.410309	-82.768974	1032.297485
84.72	298.908691	34.988964	1036.312744
84.73	299.362915	-54.471722	1028.949219
84.74	298.713684	-85.73658	1028.322266
84.75	299.617249	-29.547285	1033.588501
84.76	302.280548	240.688599	1034.03125
84.77	299.934235	-6.399284	1034.706299
84.78	300.647614	97.507057	1036.462036
84.79	299.273804	-154.166153	1028.360474
84.8	297.986298	74.074516	1030.773682
84.81	298.379517	235.000778	1040.994019
84.82	300.339935	34.663605	1040.03772
84.83	298.728485	92.166862	1030.328369
84.84	301.922638	-30.17347	1028.208252
84.85	299.696014	-33.052685	1030.39978
84.86	298.194519	-68.735374	1033.995483
84.87	299.976959	-10.260941	1026.866577
84.88	300.230103	26.504427	1032.869995
84.89	299.528351	174.204422	1043.175415
84.9	298.115814	-80.011971	1026.192383
84.91	301.550629	112.917015	1029.580444
84.92	301.800598	100.003265	1039.174438
84.93	298.598389	-5.711273	1038.611694
84.94	300.089752	46.00362	1038.30481
84.95	297.607117	-29.472672	1032.96814
84.96	299.266602	-272.604706	1028.223389
84.97	299.415497	52.683014	1033.50708
84.98	298.866913	-67.840965	1028.358276
84.99	301.231262	15.458496	1032.950073
85.0	299.075165	114.200081	1040.760986
85.01	299.996277	38.946636	1034.61084
85.02	300.137238	-9.504781	1029.529785
85.03	300.091431	-44.902599	1027.680298
85.04	300.397766	-46.705399	1031.155518
85.05	302.069763	11.181737	1035.961792
85.06	299.902649	-58.986767	1033.581055
85.07	300.310883	-257.506989	1030.03833
85.08	298.582428	-236.79686	1020.454163
85.09	299.562714	46.096378	1034.332764
85.1	300.970856	45.089245	1035.664429
85.11	299.102448	-68.491547	1029.46936
85.12	299.093903	181.587952	1040.355957
85.13	300.597015	-112.891335	1029.969971
85.14	298.22583	211.863388	1037.655273
85.15	300.467255	89.018181	1033.873657
85.16	298.412567	79.689629	1033.877075
85.17	298.929108	61.71904	1034.172485
85.18	300.909668	54.179211	1033.065674
85.19	300.581055	-267.81131	1027.914551
85.2	298.820709	6.709898	1036.759521
85.21	299.603394	-11.211697	1030.505127
85.22	298.580566	128.324265	1036.082031
85.23	299.1138	161.32634	1038.003296
85.24	299.066528	-54.201923	1031.278931
85.25	299.355133	-88.144867	1033.009766
85.26	301.561096	5.69194	1030.22998
85.27	299.015869	-62.80249	1032.755859
85.28	299.998199	46.830807	1033.090942
85.29	299.819397	-217.998581	1024.125854
85.3	301.980042	6.854902	1031.256226
85.31	299.723297	-103.404938	1026.845703
85.32	298.685028	130.158447	1034.454956
85.33	299.437317	26.957472	1035.43335
85.34	300.579529	3.720856	1032.958618
85.35	299.762756	154.723495	1036.806519
85.36	298.81308	113.759613	1036.963623
85.37	300.444641	-129.44841	1023.169861
85.38	299.886688	-54.122814	1031.006592
85.39	301.968567	-78.031853	1032.742676
85.4	299.879181	-225.411209	1030.719727
85.41	300.048737	128.697403	1033.49292
85.42	298.844849	83.757454	1035.860229
85.43	301.200592	215.892746	1039.323364
85.44	300.976654	-59.577869	1033.662842
85.45	297.47937	-213.554123	1025.541382
85.46	298.707703	-36.683216	1030.128784
85.47	301.042328	-59.568378	1035.827393
85.48	300.541534	-17.053141	1034.041382
85.49	301.977753	-210.752686	1029.264526
85.5	300.909271	61.234577	1035.635498
85.51	301.823364	-95.222282	1029.436768
85.52	300.536865	20.191019	1028.162964
85.53	298.342499	88.83123	1030.225098
85.54	301.05603	167.199417	1035.176636
85.55	300.128723	17.626312	1033.697021
85.56	300.811462	-42.717716	1030.226196
85.57	299.672913	-84.132034	1031.406128
85.58	299.219818	34.470936	1025.220703
85.59	298.513519	44.427898	1030.055908
85.6	298.989746	164.670883	1040.982178
85.61	299.056519	153.523026	1035.858887
85.62	299.403381	-167.120468	1030.084595
85.63	300.772614	-65.220169	1031.010864
85.64	300.593628	-74.210152	1029.53772
85.65	299.268188	-73.210831	1030.946777
85.66	299.107056	149.59816	1035.103516
85.67	301.177612	-75.689575	1032.056763
85.68	299.212769	-132.054184	1029.067139
85.69	298.847626	-55.510693	1027.637939
85.7	300.08728	218.965378	1042.382324
85.71	300.583344	53.182667	1032.244629
85.72	298.888458	-159.142731	1030.488403
85.73	300.506439	-101.877129	1027.071045
85.74	301.278381	-95.531097	1029.198486
85.75	301.26123	-51.475803	1038.268555
85.76	300.113312	62.555542	1029.674072
85.77	300.481812	-23.610931	1031.036865
85.78	300.594574	-48.042786	1030.216675
85.79	300.078674	25.732576	1030.361694
85.8	300.965637	226.346436	1040.257812
85.81	299.257141	276.199371	1041.360229
85.82	299.528351	-43.21394	1029.525879
85.83	299.358673	-48.335407	1030.493896
85.84	300.458862	1.876799	1038.456299
85.85	300.161865	43.252209	1035.606812
85.86	300.564514	-217.956894	1023.816833
85.87	299.714966	11.335385	1031.506592
85.88	300.378387	178.081497	1032.62561
85.89	299.667969	-90.403137	1034.121094
85.9	298.669525	-52.502441	1037.490479
85.91	300.565796	238.419113	1038.165405
85.92	301.452057	-36.744217	1023.725586
85.93	301.132355	-105.363274	1030.569092
85.94	298.605133	-155.872421	1029.243042
85.95	300.711639	165.843887	1034.856323
85.96	300.668518	85.560936	1037.769897
85.97	300.60022	180.528976	1036.667969
85.98	300.455078	127.075493	1034.953003
85.99	298.423462	128.186386	1039.612549
86.0	299.994965	-162.592239	1032.812744
86.01	299.337311	-86.132347	1030.400513
86.02	300.530792	-102.340393	1030.873291
86.03	300.380157	-15.24659	1026.34314
86.04	300.035767	-92.486122	1033.390259
86.05	299.917023	-3.887812	1027.802856
86.06	299.839691	-139.445801	1028.454346
86.07	299.012878	-47.526417	1031.995972
86.08	300.039307	-25.655838	1033.869385
86.09	300.347717	314.696869	1039.260742
86.1	300.32019	159.48558	1036.885498
86.11	299.152588	-177.321884	1028.42688
86.12	297.563568	-178.466324	1034.028076
86.13	299.16748	-127.536018	1025.991333
86.14	299.379456	13.442101	1037.816528
86.15	300.353943	205.824142	1039.635376
86.16	301.757172	27.32267	1029.95166
86.17	301.846893	197.781815	1039.047485
86.18	300.377777	14.29327	1029.532959
86.19	299.186218	117.104301	1031.395752
86.2	298.136444	62.712994	1035.960938
86.21	300.446991	188.933411	1035.301147
86.22	299.990784	-67.031456	1031.195923
86.23	300.196289	33.12262	1034.4729
86.24	300.624542	27.28536	1026.685547
86.25	301.107361	-31.203081	1027.554932
86.26	301.07373	123.410744	1032.403076
86.27	299.176636	47.612274	1034.647949
86.28	299.688141	16.977972	1028.846191
86.29	298.305847	-125.269997	1028.411987
86.3	298.508301	-30.896881	1026.187134
86.31	298.669128	43.752087	1034.598267
86.32	298.827087	-56.371475	1031.697388
86.33	300.88031	140.060501	1039.444702
86.34	298.611694	37.116974	1036.631348
86.35	298.223419	80.521996	1035.419434
86.36	300.70813	-55.615673	1028.465576
86.37	298.180695	-137.66011	1030.366821
86.38	300.653198	146.75531	1036.557739
86.39	299.861816	-141.675232	1022.257996
86.4	299.606995	-223.245132	1024.428345
86.41	299.895081	4.602984	1034.845947
86.42	299.930786	88.164833	1036.136841
86.43	301.164276	38.997448	1035.32959
86.44	299.207672	188.75795	1040.24707
86.45	300.265656	65.129128	1028.588867
86.46	299.762634	-184.36853	1028.893188
86.47	299.071136	130.396133	1039.159912
86.48	301.567291	66.880333	1036.463379
86.49	300.174194	96.487343	1025.896606
86.5	299.774994	-153.025253	1025.575439
86.51	301.246399	-26.232277	1028.866577
86.52	301.493195	69.220955	1031.212402
86.53	300.210052	-48.657841	1031.823975
86.54	301.694763	3.735001	1031.532593
86.55	301.66449	-9.488853	1033.513062
86.56	300.145081	-37.651138	1028.642334
86.57	298.697601	212.474014	1034.626831
86.58	298.769379	59.73151	1037.387939
86.59	300.462738	-123.652565	1034.541382
86.6	298.8172	-12.776799	1032.758179
86.61	299.783051	42.896175	1033.694824
86.62	299.144562	-1.902014	1029.958008
86.63	299.556427	-155.873383	1036.30957
86.64	299.257446	-16.065567	1029.073486
86.65	300.69516	-4.089406	1029.472046
86.66	299.37265	-84.861488	1030.813721
86.67	299.990601	57.334568	1030.157227
86.68	301.048401	31.160345	1025.790771
86.69	298.090179	217.450302	1032.463867
86.7	297.582031	-123.995445	1029.304199
86.71	299.827606	-26.770243	1036.681152
86.72	299.055817	-20.424002	1031.153198
86.73	301.371552	-28.669546	1032.416138
86.74	299.143646	-105.200623	1026.85144
86.75	301.929474	78.721466	1029.618896
86.76	300.91095	-164.377274	1025.462524
86.77	301.654968	97.650635	1032.712402
86.78	301.646301	-45.096966	1029.843262
86.79	298.861481	122.667686	1039.221069
86.8	300.975464	-158.46875	1032.073853
86.81	301.908142	-133.024963	1032.697754
86.82	301.914154	-16.953962	1033.136719
86.83	300.763397	146.462357	1032.001587
86.84	300.284302	38.766781	1033.975464
86.85	300.605469	15.146812	1035.302368
86.86	300.367004	14.966644	1032.130737
86.87	299.631134	14.46853	1041.799561
86.88	300.696075	312.230133	1044.939819
86.89	299.525208	16.348431	1035.824219
86.9	300.185608	33.622334	1034.273315
86.91	299.121002	149.76973	1035.168945
86.92	299.987152	-175.109375	1030.827393
86.93	301.783966	-103.01548	1030.587402
86.94	300.151672	55.007767	1032.644043
86.95	300.15625	34.03603	1038.283325
86.96	300.218506	-69.136093	1034.299805
86.97	299.592468	28.822397	1032.704712
86.98	300.759552	184.405472	1036.030151
86.99	299.921539	201.221191	1040.490845
87.0	300.156342	90.423279	1039.514526
87.01	299.193054	-84.104607	1036.502197
87.02	299.122437	-60.910847	1027.160034
87.03	299.743134	133.516312	1033.217163
87.04	299.790588	-76.66893	1028.006958
87.05	301.09201	52.550289	1030.140503
87.06	300.337769	34.25967	1032.501587
87.07	301.277985	-16.498796	1031.24292
87.08	300.775269	142.200394	1034.405151
87.09	300.289124	-138.026123	1027.746948
87.1	299.364227	-62.615467	1024.88562
87.11	300.727722	90.429909	1032.156006
87.12	301.738892	59.683659	1033.724976
87.13	300.148956	-58.289337	1032.454224
87.14	300.844391	12.818072	1030.397949
87.15	299.477692	33.278572	1032.137573
87.16	299.342102	-440.879395	1027.049683
87.17	300.417511	249.133972	1039.88855
87.18	302.559845	-53.917145	1029.785889
87.19	298.524811	-105.265175	1028.953491
87.2	299.744263	0.383514	1028.737183
87.21	300.505524	113.973938	1031.743164
87.22	299.668274	174.481689	1036.064697
87.23	297.874481	-129.166245	1031.155518
87.24	300.376709	-90.041481	1031.228027
87.25	299.551208	40.381744	1034.086792
87.26	298.267365	-19.709671	1042.444946
87.27	301.133759	110.945595	1036.839233
87.28	301.01889	172.283508	1041.470825
87.29	300.354034	-155.957596	1029.06604
87.3	298.671631	-244.739639	1030.228516
87.31	299.068787	-113.700356	1031.21582
87.32	299.129639	-224.464981	1026.056519
87.33	299.681122	-150.305984	1026.040649
87.34	299.500763	-192.112183	1028.130737
87.35	299.933502	246.048218	1039.999634
87.36	302.615631	188.088638	1038.140503
87.37	301.69519	132.082214	1033.469116
87.38	301.463501	-164.936142	1029.417725
87.39	300.965851	87.264671	1033.330933
87.4	300.23053	-75.199974	1024.762817
87.41	300.348358	-73.79377	1026.816162
87.42	300.595093	88.098137	1035.521729
87.43	300.381317	-110.218117	1028.41626
87.44	300.786346	42.625774	1032.672729
87.45	300.400177	-56.514828	1034.663696
87.46	300.175262	-197.136642	1026.127075
87.47	300.044006	-37.576786	1033.726074
87.48	298.963257	-59.77113	1028.782227
87.49	299.673615	-24.262711	1028.50415
87.5	301.677643	-7.817604	1029.640381
87.51	300.04007	-121.828575	1027.88208
87.52	299.931152	-163.340271	1030.434814
87.53	295.198395	-177.618576	1023.023254
87.54	299.032043	-46.183197	1031.30835
87.55	300.061432	91.738686	1034.877686
87.56	299.067108	-48.573994	1031.155273
87.57	300.121338	5.519002	1032.702026
87.58	300.255493	164.624634	1040.052246
87.59	299.347687	-77.026054	1030.80896
87.6	300.359589	-126.825317	1028.308228
87.61	298.984497	-27.646103	1030.118164
87.62	299.86911	-34.200817	1033.346069
87.63	300.513611	-164.260712	1032.821289
87.64	299.977234	-147.427078	1023.97583
87.65	302.058441	-20.589125	1035.110229
87.66	301.109711	-88.194847	1030.95105
87.67	299.64389	-54.490566	1031.721313
87.68	300.652954	217.283707	1040.903564
87.69	297.589966	-112.665398	1032.90979
87.7	300.256836	-53.135273	1038.553345
87.71	300.959656	69.849152	1033.532593
87.72	298.433014	-193.462173	1026.034302
87.73	299.277832	-134.801041	1026.957153
87.74	300.239288	-2.306265	1026.16626
87.75	299.994537	-4.928732	1036.519775
87.76	297.740051	-17.003195	1029.801636
87.77	298.503723	-105.593529	1028.202148
87.78	301.136536	-217.470291	1030.842163
87.79	297.677185	287.667938	1040.934814
87.8	299.775024	-104.514244	1032.377808
87.81	300.860168	-82.17411	1027.588013
87.82	300.449402	105.146767	1034.29187
87.83	301.26886	108.882286	1027.991821
87.84	299.537231	73.05864	1030.451904
87.85	301.942322	-1.391638	1033.960815
87.86	298.792023	-105.479408	1033.605347
87.87	300.311493	-148.034256	1033.026001
87.88	300.527283	83.465759	1032.524536
87.89	299.107788	-12.472501	1036.046509
87.9	298.4953	-67.113914	1025.404785
87.91	302.775787	23.352163	1033.87085
87.92	300.574921	199.203629	1037.379395
87.93	302.201385	120.030304	1038.672974
87.94	301.129181	-95.751884	1031.119507
87.95	299.691528	-24.678324	1031.311768
87.96	301.445282	177.683273	1036.892944
87.97	299.090668	47.183884	1036.043823
87.98	298.597992	-69.918602	1032.424194
87.99	300.274353	61.142307	1035.251465
88.0	298.956177	-88.543556	1034.867065
88.01	300.639496	-66.509758	1032.048584
88.02	301.054779	72.115341	1031.714844
88.03	299.649414	120.491791	1036.624878
88.04	300.903198	-49.194714	1028.974121
88.05	298.765228	-21.632948	1032.494995
88.06	299.948486	-162.665573	1032.074585
88.07	299.718536	91.947426	1030.150635
88.08	299.432434	96.854668	1032.680664
88.09	299.407776	-97.768547	1031.92334
88.1	299.93158	52.292053	1036.299194
88.11	298.819336	18.311037	1035.524048
88.12	297.773438	-61.722408	1031.674316
88.13	301.372833	-164.708176	1025.028442
88.14	298.878479	-212.422043	1021.865784
88.15	299.577057	205.63765	1039.032349
88.16	299.580383	130.443909	1038.130249
88.17	300.147217	-314.309937	1025.647949
88.18	299.193939	-14.817017	1025.768433
88.19	300.877899	-63.303646	1032.12439
88.2	300.394012	363.993622	1037.825562
88.21	299.832458	60.896534	1034.41687
88.22	299.901001	-71.570198	1032.359009
88.23	300.841949	218.029739	1041.109985
88.24	299.643158	147.412888	1034.388062
88.25	299.290009	197.960678	1033.655762
88.26	300.675903	52.664108	1032.376831
88.27	298.270874	-49.133358	1028.253296
88.28	300.740173	-103.096863	1037.712036
88.29	299.63028	-5.625104	1029.848999
88.3	300.333801	-177.954819	1025.504395
88.31	300.99118	91.163292	1030.145508
88.32	301.496613	-232.532547	1030.18457
88.33	301.868164	97.07843	1038.706177
88.34	298.794769	-21.223696	1030.246338
88.35	299.616394	-164.874512	1028.208496
88.36	300.383667	68.502235	1034.176025
88.37	300.439911	-130.498947	1029.33606
88.38	300.244202	35.485748	1027.925903
88.39	301.012726	-172.873032	1023.413147
88.4	299.110687	-197.14447	1025.540771
88.41	298.968933	115.096581	1033.816406
88.42	299.571808	57.307877	1030.390991
88.43	301.97403	260.401825	1035.693237
88.44	300.888763	174.488937	1034.514526
88.45	300.437775	138.166504	1033.843262
88.46	301.265961	-74.73951	1033.105835
88.47	298.667542	155.019485	1034.66626
88.48	300.694824	2.301376	1034.552368
88.49	300.159851	229.905518	1036.378906
88.5	300.493683	90.584557	1029.0979
88.51	299.553406	-25.132599	1032.301025
88.52	297.771637	-9.850827	1029.309326
88.53	299.867249	55.707569	1037.957153
88.54	300.496857	73.299187	1038.896362
88.55	300.049255	-32.720566	1029.748779
88.56	299.142944	51.684521	1032.81665
88.57	300.048218	109.14872	1034.125854
88.58	298.726471	100.92086	1029.356445
88.59	299.337708	-20.360209	1032.667358
88.6	300.095215	108.703056	1035.418823
88.61	300.433075	83.768311	1031.97998
88.62	298.553375	43.134296	1031.304077
88.63	300.904388	-36.999489	1032.269287
88.64	299.784821	-62.25703	1028.07605
88.65	301.649292	-54.188431	1033.040283
88.66	300.351746	187.967468	1038.753418
88.67	300.939178	81.694397	1035.338257
88.68	299.802399	4.645944	1029.950317
88.69	299.559082	-36.26395	1030.980835
88.7	299.354553	162.445572	1032.719849
88.71	300.041901	56.299973	1033.924072
88.72	299.922882	18.987448	1037.192993
88.73	301.214325	-201.932007	1027.377808
88.74	298.977264	117.036598	1035.023438
88.75	299.858551	292.365753	1037.956055
88.76	300.920746	-123.106377	1026.20752
88.77	300.671722	187.679565	1040.961426
88.78	300.228333	259.813385	1034.612671
88.79	301.74646	-49.338543	1032.945801
88.8	300.045593	-10.60098	1033.608521
88.81	300.380371	-42.669392	1035.184204
88.82	299.855255	-10.678574	1030.879395
88.83	300.503998	-32.563435	1032.293579
88.84	299.137604	-4.981804	1034.273193
88.85	300.93927	190.003708	1036.843262
88.86	301.137177	-86.70446	1028.407349
88.87	299.922821	117.29483	1032.897339
88.88	301.932373	91.199409	1037.883667
88.89	300.864502	-136.169769	1027.228149
88.9	299.308105	-93.818146	1027.654663
88.91	298.910553	-136.774246	1028.945557
88.92	300.674469	-16.169769	1023.42627
88.93	299.472229	78.127571	1034.876343
88.94	299.688629	20.394917	1034.950562
88.95	300.529541	26.014494	1032.817261
88.96	299.544739	154.612656	1038.152588
88.97	299.232208	-183.24559	1023.288513
88.98	297.694153	-166.219589	1025.693848
88.99	299.7453	-54.012161	1035.057861
89.0	301.289917	-78.669525	1034.702881
89.01	303.133179	186.770508	1038.727905
89.02	302.055786	163.891373	1038.062134
89.03	298.767792	158.819305	1033.563721
89.04	300.592163	-47.152348	1029.390625
89.05	297.603088	-58.434799	1035.523071
89.06	299.803558	-154.348557	1030.079224
89.07	299.836243	144.486206	1034.489746
89.08	298.943481	-139.925705	1026.233398
89.09	300.687317	-6.192133	1030.673828
89.1	299.780823	-105.672112	1029.469116
89.11	300.278076	-28.213236	1031.677124
89.12	298.770813	30.010384	1036.283325
89.13	298.790741	24.833885	1037.489624
89.14	300.901581	-86.116966	1027.663086
89.15	300.312347	-242.990494	1029.876831
89.16	301.306976	7.580864	1034.39978
89.17	300.169434	-26.769289	1029.643188
89.18	299.615021	-143.771896	1029.062988
89.19	299.361694	-181.147217	1025.209717
89.2	300.842072	-98.364281	1033.631104
89.21	299.352142	39.160511	1035.645386
89.22	300.519989	-20.20421	1034.838745
89.23	300.051147	34.632263	1032.552734
89.24	301.572876	-23.076401	1031.012207
89.25	298.976013	-111.557854	1030.257202
89.26	300.343384	11.994782	1030.598511
89.27	302.39032	161.903625	1041.471558
89.28	299.147217	60.062428	1034.366455
89.29	300.009033	129.246399	1035.684692
89.3	300.503113	-131.963989	1028.959839
89.31	300.415192	-157.133804	1027.416992
89.32	298.807495	-120.159645	1027.531494
89.33	300.704407	10.359602	1031.965576
89.34	300.442688	-82.261063	1033.161743
89.35	300.003082	124.391106	1036.984253
89.36	299.814362	83.299438	1030.724365
89.37	299.500153	-22.104883	1031.304321
89.38	299.419952	-103.472557	1035.463257
89.39	301.044983	83.4618	1031.78833
89.4	301.348114	213.341919	1039.92627
89.41	300.315552	60.123535	1038.973877
89.42	300.892334	58.174175	1029.936035
89.43	301.227997	-60.706741	1031.646606
89.44	300.784943	125.531738	1033.767334
89.45	300.550446	53.779972	1033.133301
89.46	299.948395	141.529037	1037.612061
89.47	299.48587	96.060158	1033.50354
89.48	298.881561	46.952435	1031.330322
89.49	300.917938	-245.113724	1030.707886
89.5	296.978821	-145.614487	1029.899414
89.51	299.1604	52.083439	1036.195312
89.52	299.816864	24.420977	1028.171997
89.53	300.310486	7.596222	1034.636963
89.54	299.216858	41.874874	1034.477661
89.55	299.741241	-82.978218	1032.845215
89.56	299.746124	-58.945282	1029.862183
89.57	300.167847	-126.987976	1027.200684
89.58	301.554932	-28.089127	1031.134644
89.59	300.727112	86.065956	1038.272827
89.6	300.390472	-35.768925	1035.349976
89.61	299.795868	-44.565655	1032.323608
89.62	299.004089	99.72171	1032.33667
89.63	300.214935	64.625565	1027.926514
89.64	301.16748	23.729948	1032.716309
89.65	300.120209	105.940788	1036.239746
89.66	299.91449	-0.751007	1030.094604
89.67	302.730164	21.880804	1030.040527
89.68	299.038177	-47.720276	1033.384766
89.69	301.044067	121.906639	1035.15686
89.7	300.60495	-121.552818	1033.531494
89.71	299.987274	-106.707008	1027.5177
89.72	300.25705	-73.584206	1033.00708
89.73	299.512238	-173.068008	1028.777466
89.74	299.239166	-177.641037	1024.793335
89.75	299.840332	133.060623	1038.014526
89.76	299.684753	-7.936005	1036.46521
89.77	301.09317	-16.960993	1035.181763
89.78	301.784149	-66.439163	1029.994019
89.79	297.558472	-89.565674	1034.722168
89.8	303.27063	69.294594	1026.660767
89.81	300.436066	-213.087173	1029.316528
89.82	299.634979	131.98584	1035.379639
89.83	301.234406	-30.224955	1025.77124
89.84	299.790039	-161.609009	1028.533813
89.85	300.566193	72.558571	1032.333984
89.86	300.313751	127.010216	1028.987793
89.87	300.998077	-6.992648	1036.893799
89.88	302.031525	22.53418	1037.52417
89.89	300.585266	25.973906	1033.977905
89.9	299.574066	18.098524	1033.433472
89.91	299.748779	168.088547	1039.307007
89.92	300.122803	15.686382	1033.293091
89.93	301.986359	92.971886	1031.472046
89.94	299.297058	-225.188766	1028.218506
89.95	298.762024	19.803766	1040.087158
89.96	300.450958	284.834625	1043.161377
89.97	299.097595	-1.658951	1025.888428
89.98	300.504181	110.635841	1035.425537
89.99	298.554199	-91.504097	1032.311157
90.0	299.120605	-1.378591	1031.233765
90.01	298.325134	-82.243561	1023.11969
90.02	299.455994	-184.368057	1029.860474
90.03	301.680298	89.863373	1033.829956
90.04	300.162201	-74.919434	1035.332642
90.05	298.915863	-37.083622	1028.603882
90.06	300.929291	177.093262	1036.698486
90.07	301.189056	-101.16024	1030.128784
90.08	300.542664	-156.67308	1025.559082
90.09	300.444824	127.900566	1032.365112
90.1	299.179993	-125.064697	1033.333862
90.11	298.231812	-26.705797	1029.838379
90.12	299.496277	-118.575287	1031.374268
90.13	299.953949	-129.747208	1027.862549
90.14	300.49118	-60.869202	1033.245972
90.15	298.511749	-107.189697	1031.844849
90.16	299.837006	144.028854	1037.782959
90.17	301.563202	-21.349192	1033.441162
90.18	301.100311	-63.805882	1032.828125
90.19	297.945587	56.895752	1029.822754
90.2	299.067505	34.562176	1032.886719
90.21	300.23175	99.393959	1032.015625
90.22	300.633362	-11.86296	1031.511108
90.23	300.688629	-93.078186	1030.130127
90.24	298.895966	-77.143349	1028.916748
90.25	300.358124	-81.253021	1035.485596
90.26	298.264557	-48.278748	1035.872803
90.27	300.562744	-14.111855	1034.996216
90.28	298.600616	-29.744825	1028.355347
90.29	299.645691	-169.3228	1023.543579
90.3	300.371094	-6.784157	1032.556763
90.31	299.313782	5.8414	1029.125122
90.32	301.315765	109.620018	1036.979126
90.33	300.972351	-226.73967	1024.990723
90.34	299.584045	-64.119545	1036.174561
90.35	297.97818	-54.487202	1029.248657
90.36	302.255829	-15.236705	1032.610352
90.37	300.417053	60.235367	1035.484375
90.38	299.861298	55.173817	1033.451782
90.39	299.931519	34.64481	1030.553833
90.4	301.354828	-219.333115	1024.197754
90.41	297.437958	6.198255	1033.539551
90.42	301.289978	31.673788	1032.604492
90.43	298.605774	-106.813904	1032.732056
90.44	301.469238	54.398106	1035.682007
90.45	299.968536	-161.591202	1030.989868
90.46	300.15329	-4.081197	1028.795654
90.47	300.563202	-13.856827	1026.15686
90.48	300.617004	-31.419165	1028.442993
90.49	298.811462	83.063622	1031.355103
90.5	298.767303	-203.195908	1023.941895
90.51	299.246246	-44.177795	1030.554443
90.52	299.366821	-30.093756	1038.761475
90.53	300.364197	46.2635	1035.459717
90.54	299.560181	-29.28628	1032.551025
90.55	301.441772	19.652334	1033.873413
90.56	299.751526	199.663391	1040.74353
90.57	300.546051	33.976875	1030.580688
90.58	301.212158	99.422737	1031.876587
90.59	298.555969	-20.070431	1029.141235
90.6	300.464874	-115.98922	1028.540649
90.61	300.839081	-68.169975	1033.538208
90.62	298.235413	-181.879654	1029.454834
90.63	301.267426	-190.075729	1030.685791
90.64	301.347778	-60.798321	1037.610229
90.65	300.321503	-19.803753	1036.725464
90.66	302.249603	-37.353889	1036.429077
90.67	298.802765	-92.789909	1029.454102
90.68	298.97464	-67.772057	1029.76123
90.69	299.182098	10.672791	1030.252686
90.7	300.917419	112.986816	1036.822876
90.71	300.306641	82.906662	1035.011719
90.72	302.069519	-141.481079	1030.960083
90.73	300.889587	-189.846146	1027.365723
90.74	302.226105	-166.932114	1028.08313
90.75	299.207458	87.555138	1028.791504
90.76	298.439423	15.407376	1034.435547
90.77	299.716125	17.214224	1030.655518
90.78	299.734833	237.147324	1038.455078
90.79	300.19754	376.085358	1037.99353
90.8	300.758453	132.116882	1033.543701
90.81	298.069519	167.463791	1036.973511
90.82	299.008759	20.463221	1035.69104
90.83	299.339203	231.490524	1039.05603
90.84	298.28717	-66.705467	1030.124023
90.85	299.55426	225.056564	1038.398682
90.86	300.972015	1.258748	1027.275391
90.87	300.42038	83.07814	1038.518433
90.88	301.654388	-114.705261	1026.205933
90.89	300.184692	-2.59096	1032.521362
90.9	301.036987	-2.593139	1037.686035
90.91	300.961395	50.788342	1033.09436
90.92	300.161926	-102.41571	1027.820679
90.93	300.314819	-47.888458	1030.231445
90.94	298.745514	-105.748657	1032.388306
90.95	300.751343	19.425932	1030.197876
90.96	302.267609	87.792931	1035.580444
90.97	298.638336	34.863804	1031.463257
90.98	298.727203	-27.250624	1032.082642
90.99	299.799255	160.170303	1044.985718
91.0	300.474182	80.040367	1035.563599
91.01	300.17572	41.301945	1035.978394
91.02	299.881195	-56.588726	1027.245117
91.03	298.60022	30.389429	1033.929443
91.04	298.176208	99.36013	1035.106079
91.05	299.244659	19.315636	1032.029419
91.06	300.233582	-45.247066	1030.746094
91.07	298.950409	118.265083	1035.074707
91.08	298.117432	42.459579	1039.923218
91.09	300.215637	-58.829723	1031.564697
91.1	298.879425	6.859107	1029.007568
91.11	300.371704	-37.420746	1033.312134
91.12	301.135162	155.332642	1035.054565
91.13	299.605865	-15.828175	1032.814331
91.14	298.970184	-110.506203	1031.953613
91.15	300.278687	-99.299309	1032.193481
91.16	301.376953	-142.461975	1026.971924
91.17	300.630859	-37.90012	1038.020142
91.18	299.703705	190.325485	1037.048462
91.19	301.428467	116.041931	1033.553345
91.2	299.31427	35.075031	1030.847412
91.21	300.474854	-102.05468	1034.349121
91.22	300.080872	-37.796177	1034.949951
91.23	300.159149	-100.092537	1028.10376
91.24	299.335938	120.09127	1035.848755
91.25	300.561676	28.074594	1031.647095
91.26	300.593781	-157.434372	1028.089478
91.27	298.982056	-8.27419	1034.678101
91.28	301.195557	49.46986	1034.676636
91.29	300.334473	-49.987423	1033.870239
91.3	298.47052	50.515461	1034.162109
91.31	299.655396	15.311638	1032.189819
91.32	299.890442	-73.957207	1031.47229
91.33	302.380035	-98.174919	1031.201294
91.34	300.189362	-55.602711	1032.655151
91.35	302.152069	-102.528107	1032.778442
91.36	299.374542	-43.233189	1033.082642
91.37	299.990143	-131.338638	1028.568726
91.38	300.247833	137.495728	1032.79248
91.39	299.145111	-34.845135	1035.243896
91.4	299.260376	156.014542	1036.237671
91.41	300.744476	140.147339	1038.106079
91.42	300.542572	184.947693	1041.715454
91.43	299.727783	-79.628151	1028.352783
91.44	300.206543	87.462189	1035.873535
91.45	300.125183	-139.313751	1026.744141
91.46	300.609741	-33.990475	1030.768433
91.47	301.346252	-58.458431	1033.443115
91.48	300.09021	139.973602	1035.965454
91.49	300.667969	62.41922	1035.949951
91.5	298.688904	86.624901	1033.02002
91.51	301.435059	135.419189	1033.386597
91.52	300.370239	123.603188	1035.592773
91.53	299.288971	-9.101756	1039.202271
91.54	301.842163	129.399734	1032.876343
91.55	300.84436	-20.749443	1025.801392
91.56	301.251221	41.665813	1038.950317
91.57	300.121979	127.187416	1039.636963
91.58	298.880341	112.694275	1033.91748
91.59	299.685852	-113.254799	1034.797363
91.6	300.341705	11.472911	1030.087402
91.61	298.924011	-122.75071	1029.489014
91.62	300.689911	24.068924	1038.604858
91.63	298.4245	-157.916519	1025.69873
91.64	298.275757	-120.267189	1027.628418
91.65	300.967773	108.015564	1036.921387
91.66	299.828369	141.683075	1035.865601
91.67	300.804901	13.490792	1031.871216
91.68	300.072906	44.798046	1025.106689
91.69	298.960876	-92.937531	1027.992432
91.7	296.707458	102.864723	1035.956909
91.71	300.074066	194.983887	1033.101074
91.72	298.306427	-51.839596	1030.337891
91.73	299.588501	177.618881	1034.473145
91.74	299.815674	-35.632217	1027.166138
91.75	301.995972	41.594059	1030.124878
91.76	299.1763	-157.409378	1029.69104
91.77	298.985748	124.182411	1037.967041
91.78	298.656769	-85.184044	1038.256226
91.79	299.014771	-128.455444	1028.692139
91.8	299.288971	7.321046	1035.435913
91.81	299.878937	-19.47052	1030.664551
91.82	300.176422	62.605145	1028.612671
91.83	302.21167	77.528114	1032.720093
91.84	299.33844	107.488708	1032.729858
91.85	300.523285	-191.810989	1023.607178
91.86	300.956299	119.542686	1032.125732
91.87	298.180481	-201.653702	1030.147949
91.88	300.043884	14.776553	1033.5979
91.89	300.492645	120.490044	1036.976807
91.9	300.335175	48.354156	1036.747437
91.91	297.922302	57.540203	1035.504639
91.92	299.230377	-33.407536	1035.533936
91.93	299.409576	31.130806	1034.676636
91.94	300.153442	-3.610641	1034.256836
91.95	299.171326	-165.693283	1030.331787
91.96	301.141998	138.396744	1043.650391
91.97	299.685303	38.081192	1033.247803
91.98	301.663574	-66.87748	1033.842041
91.99	300.096863	226.450241	1042.696045
92.0	301.525421	156.782043	1037.005371
92.01	299.545837	41.229614	1030.170776
92.02	300.614685	8.551312	1031.550659
92.03	297.471008	181.589218	1042.623901
92.04	301.097321	349.967285	1043.374268
92.05	299.182831	218.46611	1042.501831
92.06	302.370361	-95.388817	1030.455933
92.07	300.707062	125.021523	1033.371216
92.08	299.052582	164.946274	1038.150879
92.09	299.057526	39.541401	1035.265015
92.1	300.216675	-162.614944	1026.626099
92.11	299.256317	97.224663	1032.567871
92.12	301.889587	-79.189278	1032.692383
92.13	300.172241	-17.718981	1033.026489
92.14	300.55722	-22.961151	1030.198608
92.15	299.846893	-81.276329	1025.385498
92.16	301.246948	4.847816	1031.105347
92.17	300.206116	-47.155231	1033.77771
92.18	298.841064	149.080612	1029.682983
92.19	301.023499	-96.662239	1029.881714
92.2	299.417267	133.25676	1034.532715
92.21	300.565979	-90.222389	1031.421265
92.22	299.328857	-26.204847	1033.366577
92.23	298.509918	158.970215	1040.179565
92.24	299.243469	143.887512	1034.208496
92.25	299.963104	-88.580238	1027.384399
92.26	299.659119	-48.423584	1033.747681
92.27	299.690735	192.688293	1038.925049
92.28	301.215271	23.710814	1035.762695
92.29	299.764648	-26.237001	1032.663574
92.3	300.137482	119.375343	1035.907837
92.31	300.61853	205.057541	1033.401489
92.32	299.885559	-145.976974	1026.319458
92.33	299.573517	-146.501373	1030.582031
92.34	302.267731	61.927963	1034.858398
92.35	298.818512	122.618263	1033.190063
92.36	299.749451	-136.92775	1032.541504
92.37	301.392761	29.658636	1030.750122
92.38	300.489471	-206.135208	1027.164551
92.39	299.500336	-48.437347	1030.909058
92.4	298.893555	83.487488	1034.116821
92.41	299.568939	126.235565	1032.307129
92.42	299.144379	-13.546326	1031.392578
92.43	299.1362	98.720238	1035.588989
92.44	298.726898	12.659373	1029.230103
92.45	300.342712	-154.066269	1023.216125
92.46	300.184204	-169.704605	1031.613892
92.47	303.897247	-35.304806	1031.091309
92.48	300.4263	-144.612152	1025.325195
92.49	299.394562	103.06176	1032.103394
92.5	300.041687	137.212143	1039.538696
92.51	299.482422	-125.190422	1035.643799
92.52	299.832031	43.488384	1036.626587
92.53	299.732574	-107.32827	1030.646606
92.54	298.160278	23.994925	1036.081299
92.55	299.413025	-68.543449	1033.092896
92.56	298.829254	23.502092	1033.028931
92.57	298.100891	-106.052315	1032.960449
92.58	299.574982	148.329315	1038.023682
92.59	300.438354	-395.932465	1028.979004
92.6	300.852417	116.408638	1029.105225
92.61	300.419281	24.014944	1034.891235
92.62	300.899384	172.7556	1038.80188
92.63	301.489563	59.580669	1026.542725
92.64	299.286957	89.418388	1034.050659
92.65	300.289337	53.733868	1034.199829
92.66	298.515503	196.300186	1041.143311
92.67	301.094025	-78.400635	1027.87146
92.68	300.508331	89.994667	1035.061157
92.69	300.928528	208.72937	1031.67749
92.7	300.892059	33.297306	1035.900879
92.71	300.717926	91.746407	1031.716187
92.72	298.735687	5.23143	1039.5354
92.73	300.342194	86.720497	1036.015991
92.74	300.879639	-175.934814	1026.046753
92.75	298.986328	-14.170306	1028.817749
92.76	297.728027	215.041565	1038.368774
92.77	300.76059	24.555801	1034.704468
92.78	297.975311	-131.349289	1030.293091
92.79	301.969269	-40.659	1028.096558
92.8	299.307068	85.236824	1034.678589
92.81	296.813324	45.212734	1031.176025
92.82	299.520966	142.636139	1034.154907
92.83	300.379395	184.511734	1037.173706
92.84	300.38208	-16.928637	1037.235352
92.85	298.855286	-174.013504	1027.671875
92.86	300.310242	-161.633835	1028.685547
92.87	299.451904	142.40033	1041.308472
92.88	301.370422	4.153603	1031.159058
92.89	299.646698	-140.298935	1028.72229
92.9	301.337555	79.546753	1036.750122
92.91	299.642548	296.336456	1043.146362
92.92	301.530121	71.509697	1037.087769
92.93	299.039185	82.455833	1036.657593
92.94	301.590698	-10.572185	1028.700073
92.95	299.500214	-146.005753	1031.544922
92.96	300.239319	-12.024182	1028.709106
92.97	297.811615	-7.597404	1032.7771
92.98	299.736847	215.852295	1036.572998
92.99	301.364838	58.278332	1038.981445
93.0	300.021149	70.680923	1041.408081
93.01	297.996155	-99.470009	1028.74353
93.02	298.852417	-116.261253	1024.937378
93.03	300.451965	73.348656	1035.107544
93.04	303.382965	-129.051376	1032.526611
93.05	299.343567	-37.468346	1028.934326
93.06	299.113251	-79.021263	1028.564209
93.07	300.025421	98.122749	1038.983887
93.08	300.679138	82.653328	1034.03186
93.09	299.956299	77.30526	1034.387207
93.1	301.405914	41.451729	1031.154419
93.11	301.649506	190.311356	1038.208252
93.12	302.97702	-56.329651	1028.799561
93.13	299.928925	-229.050522	1024.739624
93.14	301.629761	-104.009766	1030.079712
93.15	301.075714	-60.730854	1031.220459
93.16	300.038055	-32.425594	1028.259888
93.17	297.478424	-11.501597	1036.311768
93.18	300.515167	86.835632	1033.837158
93.19	299.503418	-33.275921	1028.445923
93.2	298.766174	-225.744339	1026.047852
93.21	299.424896	-314.192352	1029.619385
93.22	300.143127	-37.250366	1030.573486
93.23	299.200287	187.46196	1037.540771
93.24	299.294495	24.459923	1033.802246
93.25	303.492249	-46.125927	1034.079712
93.26	302.014862	-133.724365	1028.168579
93.27	299.651611	109.13369	1033.233398
93.28	299.54129	-44.908558	1028.954346
93.29	298.17395	41.471615	1034.867554
93.3	300.862	59.56255	1031.697144
93.31	300.403503	-3.095428	1034.111816
93.32	300.307129	35.782894	1034.828369
93.33	299.224121	12.35793	1038.886963
93.34	301.759338	-190.203751	1029.072144
93.35	300.670868	22.870779	1031.67395
93.36	301.008362	115.416725	1037.401855
93.37	299.031769	173.667984	1037.361694
93.38	300.949677	199.205368	1036.011475
93.39	300.579529	-33.335056	1029.367554
93.4	299.2995	43.004871	1028.27356
93.41	298.748322	252.111984	1040.205688
93.42	301.316986	41.1833	1034.698853
93.43	301.109589	34.202499	1033.502441
93.44	299.596893	4.497406	1032.144409
93.45	299.780457	-79.026985	1028.2146
93.46	301.797089	-167.13385	1024.383545
93.47	299.379303	252.819458	1032.645264
93.48	299.387085	35.098076	1034.993042
93.49	299.247406	15.948082	1033.700928
93.5	299.040619	11.937364	1035.198608
93.51	301.45343	91.053833	1039.495239
93.52	300.182007	50.570751	1033.1698
93.53	299.865723	-225.501221	1025.412476
93.54	300.037933	73.511581	1035.948608
93.55	300.468811	258.184875	1042.789062
93.56	299.00061	166.321045	1039.141113
93.57	300.118713	-47.699875	1035.820923
93.58	300.89917	-266.304138	1024.300903
93.59	300.317841	-107.736046	1030.63269
93.6	298.450836	-107.249855	1029.471436
93.61	299.281403	-53.892441	1037.433228
93.62	299.126282	-150.017929	1031.834839
93.63	300.725433	146.560257	1036.219238
93.64	300.536774	75.527092	1036.133423
93.65	300.530121	-3.541042	1031.978882
93.66	299.813049	2.458126	1034.893921
93.67	301.37973	17.857285	1033.437256
93.68	299.350372	-55.97789	1034.593994
93.69	301.48056	110.592354	1033.939453
93.7	299.319672	27.624863	1031.833252
93.71	299.106873	-50.250824	1035.692383
93.72	298.215668	-91.500481	1029.548096
93.73	298.895172	-169.175858	1027.018188
93.74	298.988464	-88.033234	1028.976318
93.75	300.001221	-87.445686	1031.805786
93.76	301.208893	127.123932	1039.890503
93.77	300.839844	142.645126	1039.283691
93.78	300.010651	-223.713821	1024.760132
93.79	298.591614	0.25347	1030.873291
93.8	298.122925	-73.20768	1033.995972
93.81	300.18985	-0.586653	1032.624268
93.82	300.270599	90.472252	1035.70874
93.83	301.704132	153.558212	1038.411743
93.84	299.35498	49.306011	1028.035034
93.85	300.361237	88.822754	1034.093384
93.86	299.664703	-5.365616	1032.829834
93.87	298.462341	-186.644455	1030.4823
93.88	300.968292	-339.24585	1025.041748
93.89	299.727936	-123.327843	1030.161499
93.9	298.173615	9.436764	1029.072144
93.91	299.096466	76.951309	1035.736816
93.92	299.593475	19.30015	1032.195435
93.93	299.755066	37.30949	1035.227173
93.94	298.397095	-25.870537	1034.480103
93.95	297.429047	44.423187	1035.31897
93.96	300.97702	-108.495026	1025.493164
93.97	301.190338	44.639576	1033.267212
93.98	303.024597	-174.426407	1032.779175
93.99	299.467285	-207.221848	1025.334961
94.0	300.633331	135.817368	1035.826294
94.01	301.092285	-200.981934	1031.487183
94.02	299.936188	-59.140621	1025.243408
94.03	300.737732	-89.915558	1026.866699
94.04	301.52713	-30.367743	1030.263062
94.05	299.556854	9.062991	1031.442505
94.06	299.227234	123.992485	1036.535522
94.07	300.141357	53.823288	1031.180054
94.08	298.776917	302.165894	1036.155029
94.09	298.25351	31.570969	1033.860107
94.1	300.334961	-118.217888	1032.538086
94.11	302.02533	-112.435692	1028.000244
94.12	301.577759	-163.190628	1030.751953
94.13	299.428589	-53.292187	1035.900269
94.14	299.170868	79.661476	1034.337891
94.15	301.744995	-30.238325	1033.809937
94.16	298.264252	-20.765371	1032.084229
94.17	300.605011	96.576294	1032.685791
94.18	300.782471	0.121667	1030.269897
94.19	300.607849	-107.562813	1032.547607
94.2	300.743073	23.501627	1032.941528
94.21	298.470367	-75.82534	1031.728027
94.22	300.562744	-122.369667	1029.457397
94.23	299.823669	-12.411641	1035.182251
94.24	300.682343	89.572174	1035.880981
94.25	299.913513	-19.590385	1030.379883
94.26	300.630127	-1.931931	1032.505859
94.27	300.573456	89.522148	1033.4823
94.28	302.855652	-116.261238	1031.490601
94.29	298.057404	-73.043602	1036.160156
94.3	301.76535	11.886874	1033.645264
94.31	301.410004	-32.541641	1029.579712
94.32	300.800446	248.694046	1036.711792
94.33	299.507935	-53.711071	1030.506958
94.34	301.762909	60.72757	1034.383789
94.35	301.11087	124.958092	1038.020386
94.36	301.100861	45.882843	1030.819092
94.37	299.682892	-171.704468	1033.499023
94.38	299.282532	-2.151998	1034.003174
94.39	300.315186	-129.83165	1031.605713
94.4	302.435181	81.946732	1033.849976
94.41	299.83313	-221.769241	1029.047241
94.42	299.254517	-278.032867	1031.393799
94.43	301.330841	185.126038	1034.355591
94.44	302.471313	-89.331398	1029.842407
94.45	297.584412	15.98587	1030.724854
94.46	300.17688	-101.271843	1029.904175
94.47	300.183563	52.344421	1035.2146
94.48	299.231934	11.945133	1033.505615
94.49	301.297333	140.002609	1033.971191
94.5	299.437164	-16.695084	1030.276123
94.51	299.969818	-79.707268	1031.2677
94.52	300.328674	29.418083	1034.378784
94.53	300.485382	-55.539932	1035.147583
94.54	299.332153	-42.740223	1036.556396
94.55	301.15741	-100.741234	1024.022095
94.56	298.293274	-70.802483	1031.982056
94.57	301.279938	-68.829468	1034.813965
94.58	298.828918	-62.249256	1033.883789
94.59	299.521118	-116.612694	1029.893799
94.6	298.834686	13.697102	1032.803101
94.61	299.691986	69.242256	1031.788086
94.62	299.029633	-123.761421	1031.033936
94.63	299.378204	-116.487068	1027.866455
94.64	299.754425	4.453987	1031.505005
94.65	298.544373	-47.582458	1032.723511
94.66	299.827454	-148.180283	1026.268433
94.67	298.778839	-168.147171	1028.971558
94.68	299.147797	-408.061798	1023.455261
94.69	301.393219	-169.900208	1026.744995
94.7	298.917267	111.27597	1032.507446
94.71	302.213196	84.875175	1035.21936
94.72	299.282135	-43.211895	1038.806274
94.73	298.955811	17.556879	1031.458252
94.74	299.839355	-123.137848	1027.827271
94.75	299.796326	-41.430729	1027.302246
94.76	300.615692	114.593193	1035.393188
94.77	302.368835	96.289978	1032.567627
94.78	301.172424	152.891281	1037.875732
94.79	301.083008	-216.737854	1027.306152
94.8	301.817627	277.582428	1039.422119
94.81	299.299255	80.438515	1034.341431
94.82	300.364044	61.050289	1037.858765
94.83	299.206635	110.041664	1032.616577
94.84	299.507507	-58.068203	1029.49585
94.85	300.574738	95.785851	1027.898193
94.86	300.520203	-48.825748	1033.261841
94.87	299.755646	33.480415	1029.353882
94.88	301.991119	109.394859	1029.770508
94.89	298.497955	141.198196	1036.631104
94.9	301.374207	8.598984	1032.159546
94.91	298.942169	-116.098976	1031.617676
94.92	300.003296	36.480938	1031.838867
94.93	299.479156	-145.779785	1032.77417
94.94	298.95871	-133.075714	1032.346558
94.95	300.339722	60.39241	1030.963013
94.96	296.133026	-60.582653	1031.121582
94.97	300.557526	32.211941	1029.5802
94.98	298.634644	-22.120611	1034.658325
94.99	297.1539	34.99725	1034.176758
95.0	299.622864	-17.047205	1031.299561
95.01	299.693542	354.807587	1041.56665
95.02	300.990631	-7.697023	1037.103271
95.03	299.273987	-277.088959	1022.408203
95.04	301.664551	58.196842	1031.869873
95.05	299.202454	139.597641	1036.479126
95.06	299.583496	171.163742	1034.596069
95.07	300.958618	-96.026184	1027.564453
95.08	299.964294	15.86822	1034.276367
95.09	300.461884	-43.449574	1036.150513
95.1	300.003815	-364.395233	1023.72583
95.11	300.312378	-1.071266	1032.417847
95.12	299.987305	15.610672	1027.526733
95.13	301.53598	94.132599	1029.779541
95.14	298.051697	36.85284	1033.4375
95.15	297.501678	52.401875	1039.015747
95.16	300.085114	24.499306	1035.887451
95.17	300.674286	-248.576309	1022.631897
95.18	298.45459	-12.473053	1033.980347
95.19	300.089264	38.794842	1031.403931
95.2	300.632782	-67.314705	1031.737305
95.21	302.300232	214.771896	1036.415527
95.22	301.93573	-210.042892	1036.247803
95.23	300.930542	-36.802341	1033.225464
95.24	300.343079	52.849537	1032.250488
95.25	300.78775	191.453812	1033.902222
95.26	299.044922	149.870651	1037.477905
95.27	299.751556	116.114052	1033.569092
95.28	300.83667	-26.810404	1025.042847
95.29	297.747284	-255.464188	1027.038208
95.3	301.65332	48.268147	1030.347412
95.31	300.388428	-41.447639	1032.228638
95.32	299.270721	13.995893	1035.731323
95.33	297.198792	-185.815247	1030.982422
95.34	299.493744	17.76741	1036.938477
95.35	300.60376	-222.213333	1027.955444
95.36	300.348785	-30.397764	1028.252197
95.37	300.291229	151.870102	1038.599243
95.38	299.34964	51.481293	1041.585938
95.39	300.736725	188.718124	1033.86377
95.4	299.572388	-32.187641	1031.563965
95.41	300.928589	151.173294	1029.134155
95.42	301.56131	-100.320068	1032.631714
95.43	301.183807	76.679878	1034.721802
95.44	299.2099	121.700867	1029.27063
95.45	300.725555	144.187439	1035.588501
95.46	299.01001	-21.709314	1026.162598
95.47	301.563385	-277.330627	1024.628784
95.48	300.317108	-63.562054	1029.836548
95.49	301.019806	212.269211	1037.05188
95.5	299.913666	73.136368	1034.660156
95.51	298.832764	-170.925766	1032.040894
95.52	299.055634	157.861084	1036.467651
95.53	299.936554	28.599329	1036.385498
95.54	299.127289	-71.126564	1035.626099
95.55	299.080566	1.177851	1034.099243
95.56	300.111572	20.438879	1034.373169
95.57	300.428436	-117.269798	1028.849976
95.58	302.210541	-193.788574	1029.194092
95.59	300.088257	127.434059	1038.94873
95.6	298.539337	-159.201492	1026.163696
95.61	300.571991	-133.017258	1028.403076
95.62	300.301208	-125.972832	1028.445923
95.63	299.81366	40.593266	1032.742188
95.64	298.994965	223.038315	1035.949829
95.65	299.431915	28.857485	1032.10791
95.66	298.87793	119.433205	1036.903076
95.67	300.433533	150.860947	1034.562012
95.68	302.076935	-7.667887	1033.02063
95.69	299.791962	-28.785204	1033.651611
95.7	298.59079	43.517715	1030.106201
95.71	300.644318	-182.812576	1032.645874
95.72	301.365479	-229.872742	1031.38269
95.73	300.420685	27.228769	1026.881104
95.74	301.121368	-56.234711	1034.688477
95.75	300.940155	180.706116	1043.366211
95.76	300.620911	64.436638	1038.16272
95.77	300.420044	2.130862	1032.134521
95.78	300.988892	-136.607437	1029.469727
95.79	301.9552	-7.345103	1032.001831
95.8	299.80365	-37.109188	1035.55249
95.81	300.605804	-176.911209	1032.414673
95.82	300.879944	91.718079	1029.377075
95.83	299.530701	-205.939957	1027.610718
95.84	299.784882	-18.576864	1033.579102
95.85	299.347504	-61.927593	1027.405396
95.86	300.615753	-175.461426	1030.213745
95.87	300.070282	126.798828	1038.676758
95.88	297.903778	-134.5569	1029.578857
95.89	299.085266	12.162349	1032.682007
95.9	301.260834	-45.272934	1031.607788
95.91	299.437531	21.890844	1036.171875
95.92	300.073059	84.551079	1035.876831
95.93	300.106079	92.76516	1033.056274
95.94	299.658844	-73.379387	1027.95166
95.95	300.701355	74.150307	1034.314209
95.96	299.295471	55.24419	1034.067261
95.97	301.056366	-23.684137	1028.127075
95.98	299.121277	-23.472498	1026.066284
95.99	298.458038	24.692934	1034.497437
96.0	301.59494	276.727295	1043.413086
96.01	298.127014	49.107197	1030.394165
96.02	299.66684	-160.666855	1032.54126
96.03	298.771942	-114.655525	1030.366821
96.04	299.743195	-77.654732	1024.546509
96.05	299.990845	-30.639654	1034.232544
96.06	299.642731	-7.377322	1033.837158
96.07	299.102112	180.008362	1038.594116
96.08	299.344971	-8.724507	1032.758667
96.09	300.780518	-77.880989	1031.495361
96.1	299.429688	-19.742601	1033.060791
96.11	300.260834	-50.58865	1028.036499
96.12	300.550781	-135.753677	1032.399658
96.13	300.530853	-1.450775	1039.065674
96.14	298.617523	32.642773	1034.453979
96.15	299.586945	105.269836	1038.370117
96.16	300.862	-136.17543	1031.125
96.17	301.610748	-309.766083	1028.504517
96.18	299.462799	38.391323	1032.045166
96.19	299.998718	-114.420189	1028.470215
96.2	298.731354	-116.883087	1030.358887
96.21	300.081665	-122.176277	1029.241211
96.22	300.82254	-82.86618	1034.286133
96.23	300.659821	71.313248	1039.88855
96.24	298.223755	34.890484	1033.367188
96.25	300.657593	38.708981	1032.093018
96.26	301.03952	-57.882832	1030.85498
96.27	299.425354	-88.354332	1034.981445
96.28	301.307159	184.974609	1034.245972
96.29	300.890137	-112.605927	1025.684937
96.3	299.579773	-16.360361	1035.478149
96.31	299.623413	110.08252	1030.5802
96.32	301.245056	-109.711853	1033.856689
96.33	300.326874	-1.273125	1027.610229
96.34	300.053955	-251.125443	1025.475952
96.35	299.465118	-90.996422	1030.87085
96.36	299.794922	-61.220501	1030.440918
96.37	300.007416	-187.370911	1026.963257
96.38	300.340576	267.095856	1034.40564
96.39	298.115601	-171.397873	1025.553467
96.4	300.714081	40.421158	1037.16333
96.41	301.628998	-324.117188	1023.655579
96.42	299.315765	-105.30027	1026.897217
96.43	299.581726	165.538284	1037.066162
96.44	301.182434	-184.828018	1030.567749
96.45	298.124359	-0.862699	1036.458862
96.46	298.955719	25.325348	1031.60437
96.47	298.335724	-53.48103	1030.734985
96.48	298.725433	165.333664	1034.645508
96.49	300.031097	123.860748	1036.627808
96.5	300.824707	-49.146881	1031.444092
96.51	299.923462	-112.96521	1031.150513
96.52	300.217194	-40.049179	1028.560059
96.53	300.479431	125.642845	1035.478149
96.54	300.615021	246.508545	1038.165039
96.55	298.454071	-25.714674	1032.404541
96.56	300.940765	-184.441086	1019.374573
96.57	300.840637	-84.543816	1030.109497
96.58	299.380615	-43.315937	1034.920898
96.59	301.674744	8.638822	1033.71875
96.6	301.770813	129.207504	1036.806519
96.61	301.357025	-175.002548	1030.595581
96.62	300.742218	123.575104	1034.140625
96.63	299.976593	12.439054	1028.55603
96.64	299.773438	106.686638	1036.309082
96.65	299.002228	-37.130909	1034.312134
96.66	299.62738	-49.362106	1032.632568
96.67	300.192566	-152.77301	1030.859253
96.68	299.936493	-153.326279	1034.152588
96.69	300.471161	-154.31926	1023.57196
96.7	299.697632	22.926676	1036.677368
96.71	299.631287	-215.032959	1031.781616
96.72	299.526764	115.4394	1031.524414
96.73	300.800446	229.226761	1038.310425
96.74	301.494843	-99.372406	1027.889771
96.75	299.278809	-108.159187	1027.729004
96.76	299.403198	-40.936401	1032.545288
96.77	300.82547	-159.989609	1029.792969
96.78	302.288879	12.371459	1027.172974
96.79	301.246796	3.181661	1027.266357
96.8	299.385345	-105.471954	1029.084961
96.81	298.217499	23.947992	1036.263062
96.82	298.915039	142.303329	1040.763184
96.83	298.016846	119.175255	1041.542725
96.84	301.819824	48.806721	1034.415283
96.85	299.879578	-142.930771	1035.039185
96.86	299.719055	-30.50881	1034.948608
96.87	297.304413	-51.293812	1035.387939
96.88	300.64856	-71.586906	1027.725464
96.89	301.432831	-267.334564	1025.866577
96.9	299.389435	109.517784	1033.332031
96.91	302.412994	-21.727388	1029.789795
96.92	299.806091	-89.328209	1034.01416
96.93	300.805542	-96.542549	1027.634766
96.94	300.235596	-8.679891	1030.127197
96.95	299.703888	-151.007339	1028.069824
96.96	299.535858	223.724243	1038.665405
96.97	300.143005	-4.192429	1034.351074
96.98	302.000458	142.301041	1036.935059
96.99	300.222076	221.820389	1035.173218
97.0	301.016876	106.856621	1032.21106
97.01	301.60965	-63.276234	1032.592896
97.02	301.378052	-51.258316	1027.90979
97.03	301.099426	-76.639725	1032.316406
97.04	301.79248	188.395187	1038.679321
97.05	297.370117	24.829062	1037.453247
97.06	299.37384	-44.165741	1027.508911
97.07	300.187988	-7.901517	1031.867554
97.08	298.736847	2.611628	1036.537231
97.09	298.50235	-24.808786	1034.342529
97.1	298.906555	147.990128	1034.02063
97.11	299.684998	32.773163	1032.351929
97.12	298.499176	-53.851364	1030.345581
97.13	299.816986	-15.153102	1033.54248
97.14	298.193329	7.986083	1033.944946
97.15	299.457855	-37.145603	1030.281128
97.16	298.344269	-73.160187	1028.261719
97.17	298.812164	207.089676	1040.899536
97.18	299.675049	45.370712	1039.081543
97.19	298.889191	-14.716858	1024.872925
97.2	299.4375	-349.239105	1025.272461
97.21	299.967285	-167.081833	1029.60083
97.22	302.13562	-12.675044	1031.462769
97.23	300.169098	17.317141	1036.376953
97.24	300.549896	-194.47229	1026.950562
97.25	298.958649	-270.655426	1022.263977
97.26	301.883362	-145.562042	1024.339355
97.27	298.797913	-186.485123	1023.26593
97.28	299.309784	-66.564758	1035.720947
97.29	301.230927	-215.117935	1026.321533
97.3	299.28717	-150.102188	1028.637329
97.31	299.942566	84.740807	1031.428223
97.32	301.907166	-116.470978	1026.612183
97.33	298.755859	98.685219	1030.048462
97.34	299.502991	-62.481693	1033.550537
97.35	298.899994	-354.396362	1016.016418
97.36	299.952332	89.86158	1034.783203
97.37	301.018982	0.836126	1034.662598
97.38	301.200378	113.47744	1028.233398
97.39	302.558075	-107.928162	1031.891968
97.4	298.047729	30.744385	1031.063354
97.41	299.966705	302.988464	1036.720337
97.42	299.947632	-284.883942	1025.25769
97.43	300.405548	121.032715	1032.845459
97.44	300.903137	119.365242	1037.5896
97.45	302.772217	16.020079	1035.450806
97.46	299.520355	368.174713	1044.634644
97.47	301.621582	41.921421	1031.893311
97.48	299.819916	14.677833	1030.655884
97.49	299.411133	47.973984	1037.903809
97.5	301.05423	108.469582	1031.908447
97.51	299.567932	-137.751175	1031.845947
97.52	301.296295	31.593109	1032.907227
97.53	301.30188	207.834213	1038.929443
97.54	300.830292	62.900684	1032.481689
97.55	302.114746	43.041126	1029.914551
97.56	300.6716	-44.722569	1033.947021
97.57	300.730621	-161.553482	1030.193237
97.58	301.682007	-127.340538	1027.768066
97.59	297.443939	91.934715	1037.746826
97.6	300.518402	-144.514847	1035.00708
97.61	298.781586	-168.271057	1031.277466
97.62	299.651367	179.861282	1036.985107
97.63	300.490173	62.976822	1036.072388
97.64	301.865173	36.080135	1035.303223
97.65	301.865997	83.115074	1041.216919
97.66	298.947113	-1.937398	1026.830811
97.67	300.726654	111.294334	1033.690063
97.68	300.679413	191.923645	1036.737549
97.69	299.078949	88.382622	1034.864624
97.7	297.756622	-41.894993	1027.987305
97.71	299.776215	-173.8405	1023.140198
97.72	299.096252	-155.9039	1033.563965
97.73	300.061066	183.123474	1036.728638
97.74	300.588043	136.659042	1031.940063
97.75	300.442566	-134.99176	1032.68335
97.76	300.457825	-47.757702	1030.653198
97.77	301.287994	28.982943	1025.852051
97.78	301.556976	-67.336639	1031.862793
97.79	297.044586	13.578349	1034.608154
97.8	300.394958	101.127953	1035.547119
97.81	301.153168	147.477844	1036.311401
97.82	299.003052	-117.708923	1028.147949
97.83	298.869904	162.954529	1031.861084
97.84	301.786102	-91.191216	1029.623901
97.85	300.946838	175.070114	1036.567627
97.86	300.844238	-78.580498	1026.880737
97.87	297.819672	-64.250206	1035.576416
97.88	301.014069	173.152954	1031.054199
97.89	298.389099	80.115601	1035.676147
97.9	297.757721	-80.804344	1028.174927
97.91	299.843719	64.333244	1029.97583
97.92	298.870422	-323.715302	1020.148743
97.93	302.014191	164.542786	1042.013794
97.94	296.759583	40.983799	1034.77124
97.95	301.150269	-228.948608	1026.00293
97.96	300.988037	-104.0261	1029.158813
97.97	298.923187	-145.843796	1034.149902
97.98	298.905518	9.21241	1032.65564
97.99	300.876343	-187.411911	1031.074097
98.0	297.838867	-77.555153	1032.831299
98.01	299.503174	-107.021706	1028.180542
98.02	300.754791	65.540779	1027.803467
98.03	300.959076	-92.425392	1029.48291
98.04	299.068359	-37.778572	1032.38269
98.05	300.710999	98.464165	1032.47522
98.06	301.158661	101.842377	1035.756592
98.07	300.807983	-1.587306	1032.957764
98.08	300.034607	45.630718	1034.190674
98.09	298.273804	-109.028328	1027.692261
98.1	300.409576	-134.359711	1025.99646
98.11	300.566132	318.107544	1041.783936
98.12	299.625763	268.855194	1042.285278
98.13	299.643341	85.723328	1036.808594
98.14	301.599731	43.62529	1035.798462
98.15	300.711761	269.424591	1038.963013
98.16	299.390594	121.267555	1039.073242
98.17	298.511536	408.437714	1044.178589
98.18	301.034973	-39.752758	1034.160034
98.19	299.486481	201.038208	1032.883179
98.2	297.964905	-36.581631	1030.560791
98.21	298.589325	-94.983498	1029.06189
98.22	300.321686	178.513184	1038.395142
98.23	298.974915	168.784897	1040.278198
98.24	300.639404	-106.592506	1029.916626
98.25	298.645599	-179.595947	1028.309692
98.26	298.653412	-35.580952	1028.357544
98.27	298.796631	-96.8899	1033.143921
98.28	298.352112	185.062057	1037.481934
98.29	299.216034	-273.816132	1029.244385
98.3	298.41803	-34.934505	1030.432739
98.31	299.35144	82.122421	1033.713501
98.32	299.648102	-27.760147	1034.587891
98.33	299.900757	-51.15538	1029.901001
98.34	299.935303	-31.561981	1034.029175
98.35	300.580078	-155.455185	1027.126221
98.36	300.253601	-24.735077	1028.362793
98.37	301.626923	14.012978	1030.945557
98.38	298.753113	12.992897	1035.550537
98.39	299.990601	78.758064	1031.967285
98.4	298.997498	-143.784546	1025.635498
98.41	299.539551	52.27898	1027.297729
98.42	300.082642	212.862976	1038.999146
98.43	300.438202	126.374855	1039.695801
98.44	301.084839	-25.157782	1030.802368
98.45	300.046692	-43.368195	1032.032104
98.46	301.134827	118.819092	1040.979736
98.47	299.398987	98.604073	1040.064575
98.48	298.915466	173.060471	1036.4198
98.49	301.635986	-78.726158	1023.885315
98.5	299.016357	74.078232	1034.827148
98.51	300.27066	136.702103	1033.576294
98.52	302.147125	88.654297	1035.969604
98.53	302.234894	109.438484	1035.090698
98.54	299.569794	-115.312767	1025.909302
98.55	297.953186	317.197449	1038.067017
98.56	299.53537	29.587217	1033.339233
98.57	300.922699	-135.615768	1032.867554
98.58	300.917877	103.536385	1032.054199
98.59	300.076843	-296.796326	1025.948853
98.6	298.795319	78.61026	1034.861328
98.61	298.447784	8.525777	1030.89209
98.62	300.409912	93.765869	1029.667725
98.63	299.566193	-27.634176	1032.384521
98.64	302.348572	-257.477234	1020.785095
98.65	299.705017	28.325232	1030.847778
98.66	301.039856	-43.88171	1030.157471
98.67	299.801422	-194.421341	1027.251709
98.68	300.500854	-174.512863	1033.783813
98.69	298.144012	24.05718	1035.811035
98.7	301.996643	40.928524	1032.312744
98.71	299.229797	28.439468	1033.907593
98.72	300.365845	-139.783585	1028.55835
98.73	300.69693	-12.233378	1029.487671
98.74	297.26239	-71.656548	1034.642212
98.75	300.477661	168.477158	1034.297363
98.76	302.204529	0.42943	1033.351929
98.77	297.277924	32.496384	1037.033203
98.78	298.586731	-141.514297	1025.858398
98.79	300.951782	-176.467575	1026.592529
98.8	300.106018	156.906479	1034.101929
98.81	296.674377	-29.562586	1035.440796
98.82	299.668427	113.759926	1037.829102
98.83	299.373596	49.601059	1034.463013
98.84	299.790558	-77.196159	1033.21582
98.85	299.732391	13.949382	1029.131226
98.86	300.09848	-22.464041	1036.559082
98.87	299.913269	-70.734001	1029.96228
98.88	300.19278	-40.127186	1029.553955
98.89	300.335999	255.496826	1035.851318
98.9	299.151611	142.520035	1041.015503
98.91	298.854401	66.805359	1032.931641
98.92	298.67627	-166.189026	1029.957275
98.93	299.049744	34.622757	1033.720947
98.94	300.767029	-19.668137	1030.583374
98.95	301.87851	-126.325157	1029.21582
98.96	300.022522	153.398285	1039.66272
98.97	299.27887	84.126976	1029.994873
98.98	299.480286	-14.264995	1027.592163
98.99	299.612885	-55.213501	1033.651978
99.0	301.368317	-93.550682	1032.158081
99.01	298.956879	16.629133	1030.180054
99.02	299.660278	-52.168148	1037.258911
99.03	299.686218	-126.301933	1028.75061
99.04	299.201965	-200.521118	1028.822144
99.05	298.856018	-31.292807	1036.28894
99.06	300.323212	158.869156	1037.08374
99.07	301.223419	4.906158	1031.340698
99.08	299.031097	-56.582561	1030.827026
99.09	300.143433	-12.273136	1030.970947
99.1	299.177856	242.397629	1040.067749
99.11	301.209076	119.227379	1040.958496
99.12	299.064758	140.177414	1037.042114
99.13	300.315643	123.609253	1035.044312
99.14	300.671967	87.372108	1035.31958
99.15	299.923096	-152.693314	1028.288818
99.16	297.5354	-11.800197	1031.247192
99.17	301.256042	158.046082	1037.46582
99.18	297.83548	26.901833	1035.651855
99.19	299.853699	-149.649185	1024.702637
99.2	299.78421	58.784374	1036.581055
99.21	299.815918	275.202118	1042.738525
99.22	301.001068	40.690765	1036.759521
99.23	301.457092	17.178093	1030.880981
99.24	299.597839	-11.095936	1030.932251
99.25	299.072693	122.191689	1035.933228
99.26	299.347473	125.620972	1034.922729
99.27	298.98642	58.659805	1036.568481
99.28	300.712524	70.894714	1030.352783
99.29	300.234894	-163.245773	1027.212891
99.3	301.376495	36.455318	1039.155518
99.31	300.024689	76.212593	1037.807617
99.32	299.645294	-23.217117	1033.895752
99.33	300.546326	-59.384388	1028.305664
99.34	300.402649	-120.897858	1031.924194
99.35	299.34964	-56.385376	1030.012939
99.36	300.259003	-115.830589	1028.661377
99.37	300.59729	19.122858	1032.51416
99.38	298.054657	49.662312	1035.028442
99.39	298.522156	-49.875843	1032.044922
99.4	298.823059	-91.733917	1034.340088
99.41	300.432434	-29.882898	1029.935181
99.42	298.823303	50.872894	1029.346924
99.43	300.00647	61.877857	1034.045044
99.44	300.319702	-74.38446	1029.63855
99.45	302.487671	168.601486	1033.747437
99.46	299.466797	34.622639	1035.642212
99.47	301.415985	173.30394	1035.802612
99.48	300.593048	82.035881	1038.675659
99.49	301.847443	50.131817	1032.644531
99.5	300.392059	33.680538	1035.054932
99.51	301.681152	85.800903	1035.506714
99.52	302.358246	203.483032	1038.594116
99.53	300.028625	49.743793	1033.401978
99.54	300.073273	141.257599	1034.635132
99.55	301.092896	32.674885	1024.089233
99.56	299.700714	-130.587692	1030.487793
99.57	299.451508	-121.11718	1035.009033
99.58	301.05365	188.520401	1036.079102
99.59	300.104156	-44.041889	1033.229004
99.6	301.107361	62.019455	1038.621704
99.61	301.270752	3.887324	1035.926147
99.62	299.164795	-95.822968	1037.904663
99.63	301.662201	-28.361952	1027.467407
99.64	301.030884	-77.914154	1024.745728
99.65	301.256897	-75.195442	1023.714294
99.66	300.690826	-215.430344	1028.066406
99.67	299.225525	-164.324387	1027.924683
99.68	300.87085	234.921555	1037.754028
99.69	299.719177	101.023354	1038.327515
99.7	298.928192	74.029945	1031.397095
99.71	297.8974	-26.6306	1032.530029
99.72	298.577637	-158.285156	1030.075439
99.73	301.43576	115.882385	1037.137939
99.74	299.234955	-112.478096	1029.883179
99.75	299.09375	181.480591	1030.797241
99.76	301.345367	17.113195	1035.470459
99.77	301.809784	-53.144226	1030.141235
99.78	299.591797	-58.129406	1031.781128
99.79	298.262604	-64.442841	1033.733521
99.8	300.183716	191.268051	1039.199829
99.81	300.227478	18.172951	1033.056274
99.82	300.749634	101.812126	1032.270386
99.83	301.266663	15.499591	1030.930786
99.84	301.398163	1.586276	1037.433472
99.85	300.157501	7.029421	1030.66333
99.86	299.256561	-2.810661	1020.085327
99.87	300.857513	-100.888557	1028.876221
99.88	301.533966	13.75975	1033.754761
99.89	298.402618	116.738098	1035.703857
99.9	300.59314	-207.535278	1025.412476
99.91	300.230743	-52.061008	1031.824951
99.92	298.461212	-5.542402	1037.786255
99.93	299.894836	199.706482	1040.428223
99.94	300.086182	119.643799	1035.460205
99.95	301.348358	-9.242406	1035.084229
99.96	298.384369	-170.142441	1029.062622
99.97	301.210876	-108.243492	1031.609985
99.98	298.032013	115.61898	1034.920654
99.99	299.05658	47.212109	1034.143311
100.0	300.845947	305.377899	1037.896851
