"gene","distance","Z","FC","p.value","p.adj","candidate","significant","neg_log10_q","response_rank"
"PRSS57",2.52723689082382e-05,3.83572176248914,1681.25459580449,0,0,"CA2",TRUE,12,1
"SMIM24",6.09377270754821e-06,2.7084398813952,97.7493959546779,4.74828443427205e-23,4.74828443427205e-20,"CA2",TRUE,12,2
"GYPC",3.02709048573133e-06,2.23013721121159,24.1208376583052,9.04759507292505e-07,0.000678569630469379,"CA2",TRUE,3.16840558119946,3
"CDCA7",2.97702191008252e-06,2.21929014601813,23.3295113036337,1.36489665030169e-06,0.000818937990181013,"CA2",TRUE,3.08674898168497,4
"RPS18",2.719754083846e-06,2.16094175276119,19.4715648173719,1.02108467475162e-05,0.00510542337375809,"CA2",TRUE,2.29196823765877,5
"C1orf228",2.53366267563507e-06,2.11569316144437,16.8981502374946,3.94399982746936e-05,0.0169028564034401,"CA2",TRUE,1.77203989802367,6
"SPINK2",2.5078468487453e-06,2.10919136773292,16.5555495644739,4.72455195411155e-05,0.0177170698279183,"CA2",TRUE,1.75160810314832,7
"CD34",2.45046194784485e-06,2.09452961168821,15.8065651405454,7.01586477776399e-05,0.02338621592588,"CA2",TRUE,1.63104004477742,8
"RPS6",2.32061230933194e-06,2.06022854038108,14.1757734101863,0.000166500544898814,0.0499501634696441,"CA2",TRUE,1.30146308613974,9
"IMPDH2",2.21010715351963e-06,2.02970882539935,12.8578465999178,0.00033606709623162,0.0916546626086237,"CA2",FALSE,1.03784543693537,10
"ZFP36L2",2.05672278529151e-06,1.98508962291896,11.1350737646959,0.000847105615806019,0.211776403951505,"CA2",FALSE,0.674122430463325,11
"FABP5",2.03745029896807e-06,1.97928208705849,10.9273694470203,0.000947539391275911,0.218662936448287,"CA2",FALSE,0.660224824004413,12
"BST2",2.01842827047058e-06,1.97350340978173,10.7242818731,0.00105738698354239,0.226582925044798,"CA2",FALSE,0.644772821031442,13
"C1QTNF4",1.96719349004775e-06,1.95770207830652,10.1867520802854,0.00141453249782237,0.282906499564474,"CA2",FALSE,0.548357074838659,14
"RPS21",1.89355579417581e-06,1.9343585308572,9.4383872488542,0.0021249026784139,0.37680689978738,"CA2",FALSE,0.423881153352222,15
"ICAM3",1.88460776824547e-06,1.93146887649413,9.34939553539894,0.0022305902555107,0.37680689978738,"CA2",FALSE,0.423881153352222,16
"RPL18A",1.87595080323117e-06,1.92866194062435,9.26369972319666,0.00233740365432771,0.37680689978738,"CA2",FALSE,0.423881153352222,17
"LCP1",1.86854076577206e-06,1.92625042709342,9.19066071956782,0.00243253067435189,0.37680689978738,"CA2",FALSE,0.423881153352222,18
"IGFBP7",1.86254759486365e-06,1.9242939804674,9.13179888733553,0.00251204599858253,0.37680689978738,"CA2",FALSE,0.423881153352222,19
"HPSE",1.77188739492886e-06,1.89401619897492,8.26444734124523,0.00404289664587389,0.57755666369627,"CA2",FALSE,0.238405401005685,20
"RPS19",1.7619575618496e-06,1.89061929287753,8.17207732519766,0.0042540158790103,0.580093074410495,"CA2",FALSE,0.236502319437178,21
"RPS3A",1.73555391733663e-06,1.88150591234751,7.92898871810234,0.00486489796370887,0.620310418817861,"CA2",FALSE,0.207390924304798,22
"CALD1",1.73033417775511e-06,1.87969015496576,7.88136701182805,0.00499467115354611,0.620310418817861,"CA2",FALSE,0.207390924304798,23
"RPS5",1.72350228888275e-06,1.87730644308055,7.81925377757319,0.00516925349014884,0.620310418817861,"CA2",FALSE,0.207390924304798,24
"EEF1B2",1.71284774830287e-06,1.87357266738198,7.72287671103645,0.00545254465878064,0.629139768320843,"CA2",FALSE,0.201252861919707,25
"SELL",1.69651501122597e-06,1.86780997828607,7.57629703297221,0.00591408083125696,0.657120092361884,"CA2",FALSE,0.182355253447913,26
"TGFB1I1",1.67833566708479e-06,1.86133924646088,7.41479635393076,0.00646896361232059,0.693103244177206,"CA2",FALSE,0.159202068365485,27
"CCND1",1.63000522355913e-06,1.84383805600534,6.9939024719207,0.00817878415712423,0.812847586355794,"CA2",FALSE,0.0899908795104678,28
"DAAM1",1.62759988295229e-06,1.8429554165755,6.97327639657984,0.00827358729944147,0.812847586355794,"CA2",FALSE,0.0899908795104678,29
"FKBP4",1.62127412399086e-06,1.84062880268704,6.91917766426426,0.00852761817671185,0.812847586355794,"CA2",FALSE,0.0899908795104678,30
"RPS28",1.61779286576457e-06,1.83934505645521,6.88949535071501,0.00867037425446181,0.812847586355794,"CA2",FALSE,0.0899908795104678,31
"RPL12",1.59382108944525e-06,1.83044002516409,6.68683670664881,0.00971273983704594,0.882976348822358,"CA2",FALSE,0.0540509291670578,32
"RPL36",1.56436651174402e-06,1.81933880579449,6.44196855429572,0.0111455068877636,0.983427078332081,"CA2",FALSE,0.00725783772950888,33
"RBPMS2",1.55771386650977e-06,1.81680655522916,6.38729465810595,0.0114940073832402,0.985200632849164,"CA2",FALSE,0.00647531786134331,34
"F10",4.42089871028494e-17,-2.33319369357326,5.14473143752918e-21,0.99999999994277,0.99999999994277,"CA2",FALSE,2.48546725564023e-11,35
"SHISA5",6.26537574634708e-17,-2.32578390020397,1.03332234941335e-20,0.999999999918893,0.99999999994277,"CA2",FALSE,2.48546725564023e-11,36
"FLT1",6.74957159286047e-17,-2.32415527460137,1.19920656156562e-20,0.999999999912625,0.99999999994277,"CA2",FALSE,2.48546725564023e-11,37
"S100A12",1.0317275847517e-16,-2.31454471439551,2.80202279461875e-20,0.99999999986644,0.99999999994277,"CA2",FALSE,2.48546725564023e-11,38
"F2",1.24364079095492e-16,-2.31013192897721,4.07128491614441e-20,0.999999999839007,0.99999999994277,"CA2",FALSE,2.48546725564023e-11,39
"VEGFA",1.25795963289081e-16,-2.30985778687267,4.16557530274216e-20,0.999999999837154,0.99999999994277,"CA2",FALSE,2.48546725564023e-11,40
"CD164",1.53166714338732e-16,-2.30507497715565,6.17547505705692e-20,0.999999999801722,0.99999999994277,"CA2",FALSE,2.48546725564023e-11,41
"ABCB1",1.65853341375744e-16,-2.30310445478035,7.24085799852745e-20,0.999999999785299,0.99999999994277,"CA2",FALSE,2.48546725564023e-11,42
"PSMD5-AS1",2.07811436063468e-16,-2.29740070591236,1.13679058121976e-19,0.999999999730983,0.99999999994277,"CA2",FALSE,2.48546725564023e-11,43
"S100A8",2.45827940274084e-16,-2.29303485136756,1.59075781041056e-19,0.999999999681769,0.99999999994277,"CA2",FALSE,2.48546725564023e-11,44
"EHMT1",2.75950858186681e-16,-2.28997159458275,2.00449546315658e-19,0.999999999642774,0.99999999994277,"CA2",FALSE,2.48546725564023e-11,45
"ZMAT2",2.91038965926598e-16,-2.28854430475881,2.22968676974047e-19,0.999999999623242,0.99999999994277,"CA2",FALSE,2.48546725564023e-11,46
"ELANE",2.97935322824768e-16,-2.2879130685675,2.3366064484003e-19,0.999999999614315,0.99999999994277,"CA2",FALSE,2.48546725564023e-11,47
"CLC",3.56584102950652e-16,-2.28300110536649,3.34707570256549e-19,0.999999999538393,0.99999999994277,"CA2",FALSE,2.48546725564023e-11,48
"BOD1L1",3.64043376730399e-16,-2.28242731447715,3.48857326100189e-19,0.999999999528736,0.99999999994277,"CA2",FALSE,2.48546725564023e-11,49
"FCGR3A",3.83433063282898e-16,-2.28098186974555,3.87008673142821e-19,0.999999999503636,0.99999999994277,"CA2",FALSE,2.48546725564023e-11,50
"ETS1",4.02265409079712e-16,-2.27963707148211,4.2595817506231e-19,0.999999999479257,0.99999999994277,"CA2",FALSE,2.48546725564023e-11,51
"CD79A",4.05711403788177e-16,-2.27939689133062,4.33287349926205e-19,0.999999999474796,0.99999999994277,"CA2",FALSE,2.48546725564023e-11,52
"ZFC3H1",4.24253942716685e-16,-2.2781339087613,4.73798142377492e-19,0.999999999450792,0.99999999994277,"CA2",FALSE,2.48546725564023e-11,53
"TLR9",4.28163827604768e-16,-2.27787368591555,4.82571342698589e-19,0.999999999445731,0.99999999994277,"CA2",FALSE,2.48546725564023e-11,54
"ATM",4.30998298159272e-16,-2.27768631491006,4.88981794706945e-19,0.999999999442061,0.99999999994277,"CA2",FALSE,2.48546725564023e-11,55
"PLG",4.40850100321087e-16,-2.27704322276712,5.11591673579045e-19,0.999999999429308,0.99999999994277,"CA2",FALSE,2.48546725564023e-11,56
"CYP3A4",5.59449160710685e-16,-2.2701404633328,8.23877861197771e-19,0.999999999275778,0.99999999994277,"CA2",FALSE,2.48546725564023e-11,57
"PLAT",5.74434707901942e-16,-2.26936050149074,8.68606199291196e-19,0.999999999256379,0.99999999994277,"CA2",FALSE,2.48546725564023e-11,58
"IGKV4-1",5.79313585007065e-16,-2.26911035072941,8.83423617197095e-19,0.999999999250063,0.99999999994277,"CA2",FALSE,2.48546725564023e-11,59
"C5AR1",5.92413114465539e-16,-2.26844758130474,9.23827546404759e-19,0.999999999233106,0.99999999994277,"CA2",FALSE,2.48546725564023e-11,60
"C1QB",6.06248543197138e-16,-2.26776115562284,9.67482226966324e-19,0.999999999215195,0.99999999994277,"CA2",FALSE,2.48546725564023e-11,61
"HLF",6.19536889899518e-16,-2.26711446793805,1.01035948316779e-18,0.999999999197993,0.99999999994277,"CA2",FALSE,2.48546725564023e-11,62
"ACHE",6.39612415555925e-16,-2.26615979471122,1.07689993345734e-18,0.999999999172005,0.99999999994277,"CA2",FALSE,2.48546725564023e-11,63
"IGKV1-5",6.44615037452492e-16,-2.26592592384395,1.09381139759143e-18,0.999999999165529,0.99999999994277,"CA2",FALSE,2.48546725564023e-11,64
"IGHG1",7.13019184770178e-16,-2.26287558395177,1.33827082490816e-18,0.999999999076978,0.99999999994277,"CA2",FALSE,2.48546725564023e-11,65
"RASSF5",7.62223402188781e-16,-2.26083381932098,1.52934735651345e-18,0.999999999013282,0.99999999994277,"CA2",FALSE,2.48546725564023e-11,66
"ALOX5AP",8.15430252934782e-16,-2.25875003839854,1.75031098952616e-18,0.999999998944404,0.99999999994277,"CA2",FALSE,2.48546725564023e-11,67
"APOB",8.63916284296079e-16,-2.2569508167331,1.96464867700865e-18,0.999999998881638,0.99999999994277,"CA2",FALSE,2.48546725564023e-11,68
"UQCRHL",9.1705459975032e-16,-2.25507629402912,2.21376729259912e-18,0.999999998812849,0.99999999994277,"CA2",FALSE,2.48546725564023e-11,69
"GYPA",9.6081447318287e-16,-2.25360164561615,2.43008045487205e-18,0.9999999987562,0.99999999994277,"CA2",FALSE,2.48546725564023e-11,70
"TRAC",9.70342530732652e-16,-2.25328825718425,2.4785159267051e-18,0.999999998743866,0.99999999994277,"CA2",FALSE,2.48546725564023e-11,71
"C9orf78",9.94282548005846e-16,-2.25251239216785,2.60232307561851e-18,0.999999998712875,0.99999999994277,"CA2",FALSE,2.48546725564023e-11,72
"IL2",1.02424694045627e-15,-2.25156365919798,2.76153740591832e-18,0.999999998674086,0.99999999994277,"CA2",FALSE,2.48546725564023e-11,73
"NBEAL1",1.03256953333499e-15,-2.25130439634478,2.80659788161143e-18,0.999999998663312,0.99999999994277,"CA2",FALSE,2.48546725564023e-11,74
"XDH",1.03365823659002e-15,-2.25127061472066,2.81251934836293e-18,0.999999998661902,0.99999999994277,"CA2",FALSE,2.48546725564023e-11,75
"MAP2K1",1.03711508319389e-15,-2.25116355431824,2.83136253061811e-18,0.999999998657427,0.99999999994277,"CA2",FALSE,2.48546725564023e-11,76
"CXCR2",1.10676882748074e-15,-2.24906930480368,3.22444829109066e-18,0.999999998567259,0.99999999994277,"CA2",FALSE,2.48546725564023e-11,77
"LMO4",1.12808837054931e-15,-2.24845101165251,3.34986899965667e-18,0.99999999853966,0.99999999994277,"CA2",FALSE,2.48546725564023e-11,78
"USP3",1.1567239130543e-15,-2.24763620396801,3.52209452566539e-18,0.999999998502591,0.99999999994277,"CA2",FALSE,2.48546725564023e-11,79
"MBD4",1.23306545285818e-15,-2.24554596085712,4.00233871542255e-18,0.999999998403764,0.99999999994277,"CA2",FALSE,2.48546725564023e-11,80
"AZU1",1.24232231644019e-15,-2.24530014469807,4.06265695861954e-18,0.999999998391781,0.99999999994277,"CA2",FALSE,2.48546725564023e-11,81
"ARG1",1.2473424523402e-15,-2.24516749438713,4.09555711235467e-18,0.999999998385283,0.99999999994277,"CA2",FALSE,2.48546725564023e-11,82
"ALK",1.27076052037298e-15,-2.24455471774137,4.25078370650137e-18,0.999999998354967,0.99999999994277,"CA2",FALSE,2.48546725564023e-11,83
"CXCL12",1.35301239376342e-15,-2.24247686639329,4.81886909923683e-18,0.99999999824849,0.99999999994277,"CA2",FALSE,2.48546725564023e-11,84
"RP11-290D2.6",1.35344417326075e-15,-2.24246624936262,4.82194522904384e-18,0.999999998247931,0.99999999994277,"CA2",FALSE,2.48546725564023e-11,85
"ALPL",1.35402987193104e-15,-2.24245185227639,4.82611949503568e-18,0.999999998247173,0.99999999994277,"CA2",FALSE,2.48546725564023e-11,86
"JCHAIN",1.36212072377532e-15,-2.24225351787628,4.88396767155828e-18,0.999999998236699,0.99999999994277,"CA2",FALSE,2.48546725564023e-11,87
"NFKB1",1.42358221898907e-15,-2.24077917541978,5.33465931328548e-18,0.999999998157135,0.99999999994277,"CA2",FALSE,2.48546725564023e-11,88
"NOD2",1.51801165538853e-15,-2.23861752923907,6.0658517485977e-18,0.999999998034894,0.99999999994277,"CA2",FALSE,2.48546725564023e-11,89
"PARP8",1.54232666408727e-15,-2.23807972199926,6.26172965301677e-18,0.999999998003418,0.99999999994277,"CA2",FALSE,2.48546725564023e-11,90
"CCL4",1.54665749409971e-15,-2.23798469895317,6.2969447102342e-18,0.999999997997811,0.99999999994277,"CA2",FALSE,2.48546725564023e-11,91
"ANKRD36B",1.62855068083894e-15,-2.23622969634442,6.98142595853455e-18,0.999999997891798,0.99999999994277,"CA2",FALSE,2.48546725564023e-11,92
"CTSK",1.62885329105446e-15,-2.23622335370339,6.98402071609489e-18,0.999999997891407,0.99999999994277,"CA2",FALSE,2.48546725564023e-11,93
"PRPF38B",1.64761796746478e-15,-2.23583202037302,7.1458618907042e-18,0.999999997867115,0.99999999994277,"CA2",FALSE,2.48546725564023e-11,94
"KDR",1.65776243532145e-15,-2.23562205666323,7.23412765738376e-18,0.999999997853983,0.99999999994277,"CA2",FALSE,2.48546725564023e-11,95
"ABL1",1.82581678873357e-15,-2.23229561348868,8.77517875311951e-18,0.999999997636432,0.99999999994277,"CA2",FALSE,2.48546725564023e-11,96
"MTRNR2L12",1.83660148022551e-15,-2.23209128464261,8.87915095644492e-18,0.999999997622471,0.99999999994277,"CA2",FALSE,2.48546725564023e-11,97
"AR",1.84099068525224e-15,-2.23200842188109,8.92164137537867e-18,0.999999997616789,0.99999999994277,"CA2",FALSE,2.48546725564023e-11,98
"RNF5",1.90322029437433e-15,-2.23085155653614,9.53497809369298e-18,0.999999997536231,0.99999999994277,"CA2",FALSE,2.48546725564023e-11,99
"HBD",1.91312075980408e-15,-2.23067051930054,9.63443715830978e-18,0.999999997523415,0.99999999994277,"CA2",FALSE,2.48546725564023e-11,100
"C1QA",1.91643966066991e-15,-2.2306100114695,9.66789398802581e-18,0.999999997519119,0.99999999994277,"CA2",FALSE,2.48546725564023e-11,101
"LTF",1.94151273433928e-15,-2.2301557928837,9.9225219070164e-18,0.999999997486661,0.99999999994277,"CA2",FALSE,2.48546725564023e-11,102
"GZMA",1.97417835176701e-15,-2.22957155324228,1.02592201680879e-17,0.999999997444374,0.99999999994277,"CA2",FALSE,2.48546725564023e-11,103
"F8",2.01326342632651e-15,-2.22888334861756,1.0669468552252e-17,0.999999997393778,0.99999999994277,"CA2",FALSE,2.48546725564023e-11,104
"MS4A1",2.01717373585538e-15,-2.22881513165979,1.07109548681892e-17,0.999999997388716,0.99999999994277,"CA2",FALSE,2.48546725564023e-11,105
"DEFA4",2.11747082444217e-15,-2.22710321282979,1.18025663297584e-17,0.999999997258878,0.99999999994277,"CA2",FALSE,2.48546725564023e-11,106
"KLF1",2.18225932018015e-15,-2.22603416657691,1.25358646258366e-17,0.999999997175008,0.99999999994277,"CA2",FALSE,2.48546725564023e-11,107
"DNAJC8",2.20266789089793e-15,-2.22570307872649,1.2771432769059e-17,0.999999997148589,0.99999999994277,"CA2",FALSE,2.48546725564023e-11,108
"IDO1",2.20450683979179e-15,-2.22567337550538,1.27927667306467e-17,0.999999997146208,0.99999999994277,"CA2",FALSE,2.48546725564023e-11,109
"MON2",2.21212297232723e-15,-2.22555058450281,1.2881312348394e-17,0.999999997136349,0.99999999994277,"CA2",FALSE,2.48546725564023e-11,110
"TEK",2.21652716620719e-15,-2.2254797441146,1.29326551285124e-17,0.999999997130647,0.99999999994277,"CA2",FALSE,2.48546725564023e-11,111
"IGFBP3",2.22129997070308e-15,-2.22540311155239,1.29884103578068e-17,0.999999997124469,0.99999999994277,"CA2",FALSE,2.48546725564023e-11,112
"DEFA3",2.23874259179918e-15,-2.22512425295546,1.31931926168507e-17,0.999999997101889,0.99999999994277,"CA2",FALSE,2.48546725564023e-11,113
"EGFR",2.24748975414197e-15,-2.22498511467366,1.3296490287606e-17,0.999999997090566,0.99999999994277,"CA2",FALSE,2.48546725564023e-11,114
"FIS1",2.26609541945187e-15,-2.22469070574716,1.35175494021632e-17,0.99999999706648,0.99999999994277,"CA2",FALSE,2.48546725564023e-11,115
"PPARG",2.30292686269814e-15,-2.22411399133494,1.39605288655286e-17,0.999999997018801,0.99999999994277,"CA2",FALSE,2.48546725564023e-11,116
"KNG1",2.30747592357634e-15,-2.22404331375322,1.40157368888009e-17,0.999999997012912,0.99999999994277,"CA2",FALSE,2.48546725564023e-11,117
"CCDC47",2.32876158494645e-15,-2.22371419104804,1.42755101248824e-17,0.999999996985357,0.99999999994277,"CA2",FALSE,2.48546725564023e-11,118
"USP48",2.41720621473911e-15,-2.22237382225289,1.53804479356522e-17,0.999999996870863,0.99999999994277,"CA2",FALSE,2.48546725564023e-11,119
"EMC6",2.42819155612213e-15,-2.22221030413163,1.55205629167209e-17,0.999999996856642,0.99999999994277,"CA2",FALSE,2.48546725564023e-11,120
"PRSS57",4.57146045915666e-06,4.02249109319986,1942.46007282725,0,0,"CD38",TRUE,12,1
"SMIM24",1.07828978197639e-06,2.89110907781281,108.071989099525,2.59190835373673e-25,2.59190835373673e-22,"CD38",TRUE,12,2
"GYPC",5.66527321587347e-07,2.45155775954853,29.8321039483328,4.71125601852427e-08,3.5334420138932e-05,"CD38",TRUE,4.45180203134879,3
"CDCA7",5.27217030288105e-07,2.40469230416315,25.8357471942887,3.71739539133155e-07,0.000223043723479893,"CD38",TRUE,3.6516099934329,4
"RPS18",4.74274945707422e-07,2.33651915912529,20.9075204991838,4.8199854050768e-06,0.0024099927025384,"CD38",TRUE,2.6179842724675,5
"C1orf228",4.66466482825689e-07,2.32590960358099,20.2247449103768,6.8856478642471e-06,0.00295099194182019,"CD38",TRUE,2.53003197641255,6
"CD34",4.42090548649356e-07,2.2917651373679,18.1662223663578,2.02437593358877e-05,0.00759140975095787,"CD38",TRUE,2.11967756663283,7
"SPINK2",4.37911212626443e-07,2.28574719316468,17.8243744029284,2.42259890063617e-05,0.00807532966878723,"CD38",TRUE,2.0928397389148,8
"RPS6",4.07393615071939e-07,2.24022335379549,15.4266136011257,8.57717930536565e-05,0.0251142679891282,"CD38",TRUE,1.60007947579292,9
"IMPDH2",4.05617719825124e-07,2.2374838728671,15.2924124903001,9.20856492934701e-05,0.0251142679891282,"CD38",TRUE,1.60007947579292,10
"ZFP36L2",3.91343570872631e-07,2.21507753400624,14.2350360796024,0.000161338540339483,0.0403346350848707,"CD38",TRUE,1.39432186784818,11
"BST2",3.7925685417552e-07,2.19554191141629,13.3693114918948,0.000255775235192177,0.0590250542751177,"CD38",FALSE,1.22896360490365,12
"LCP1",3.76098734964656e-07,2.19034830447309,13.1475826790186,0.000287890417566744,0.0616908037643022,"CD38",FALSE,1.20977957133282,13
"C1QTNF4",3.54412080597635e-07,2.15362265026583,11.6750620982195,0.000633434264376496,0.126686852875299,"CD38",FALSE,0.897268452361768,14
"ICAM3",3.45956901013054e-07,2.13877247501568,11.1246450143629,0.000851881786408451,0.159727834951585,"CD38",FALSE,0.796619394991699,15
"FABP5",3.39537004184794e-07,2.12728459156387,10.7155974492757,0.00106236148999602,0.187475557058121,"CD38",FALSE,0.727055347279016,16
"RPL18A",3.3248647906276e-07,2.1144484763393,10.2751966697599,0.00134830500727965,0.224717501213276,"CD38",FALSE,0.648363102995332,17
"IGFBP7",3.25895679294316e-07,2.10223339101297,9.8718687036066,0.00167824968832322,0.25775223204729,"CD38",FALSE,0.588797565184604,18
"RPS21",3.25177901691284e-07,2.1008901506101,9.8284314717313,0.0017183482136486,0.25775223204729,"CD38",FALSE,0.588797565184604,19
"EEF1B2",2.98243787670457e-07,2.04852024706277,8.26770510537882,0.00403564854186183,0.545066590563366,"CD38",FALSE,0.263550436902114,20
"RPS19",2.97138432214459e-07,2.04628437589081,8.20653489339463,0.00417397850445698,0.545066590563366,"CD38",FALSE,0.263550436902114,21
"RPS3A",2.96423107318175e-07,2.04483358458542,8.16706997051704,0.00426577618151456,0.545066590563366,"CD38",FALSE,0.263550436902114,22
"SELL",2.95364875700856e-07,2.04268172943384,8.10886111769108,0.00440493931768883,0.545066590563366,"CD38",FALSE,0.263550436902114,23
"RPS5",2.94350230381858e-07,2.04061219758311,8.05324525551825,0.00454222158802805,0.545066590563366,"CD38",FALSE,0.263550436902114,24
"FKBP4",2.87812721669301e-07,2.0271271060393,7.69949316901667,0.00552363334834439,0.637342309424353,"CD38",FALSE,0.195627250295249,25
"RPS28",2.81578230596023e-07,2.01401651646155,7.3695389130406,0.00663379413304492,0.726860178177848,"CD38",FALSE,0.138549123784677,26
"RPL10A",2.80808033029951e-07,2.0123793766936,7.32927842718438,0.00678402832965991,0.726860178177848,"CD38",FALSE,0.138549123784677,27
"RPL36",2.7580009022709e-07,2.00163815214941,7.07018817988259,0.00783770232531736,0.81079679227421,"CD38",FALSE,0.0910879781590558,28
"RPL12",2.72435694697246e-07,1.99432639078373,6.898746429412,0.00862562104481977,0.862562104481977,"CD38",FALSE,0.0642096259209819,29
"RPL3",2.70130702366479e-07,1.98927153053283,6.78250403612321,0.00920556594165535,0.890861220160195,"CD38",FALSE,0.0501899458093273,30
"ZFAS1",2.66381789799922e-07,1.98096943880845,6.59555324143214,0.0102233782891132,0.958441714604362,"CD38",FALSE,0.0184342925880697,31
"F10",3.69871601931283e-17,-2.34209894162064,1.27158132717085e-19,0.99999999971548,0.99999999971548,"CD38",FALSE,1.23565450002837e-10,32
"FLT1",6.13295962481562e-17,-2.3259206733885,3.49608816712946e-19,0.999999999528229,0.99999999971548,"CD38",FALSE,1.23565450002837e-10,33
"SHISA5",8.10619343422917e-17,-2.31653011346429,6.10767741370394e-19,0.99999999937644,0.99999999971548,"CD38",FALSE,1.23565450002837e-10,34
"F2",1.18118368519845e-16,-2.30330380817498,1.29681207225739e-18,0.999999999091388,0.99999999971548,"CD38",FALSE,1.23565450002837e-10,35
"S100A12",1.18381596278089e-16,-2.30322366025558,1.30259842534199e-18,0.999999999089363,0.99999999971548,"CD38",FALSE,1.23565450002837e-10,36
"VEGFA",1.20554498398063e-16,-2.30256790948511,1.35085584429324e-18,0.999999999072648,0.99999999971548,"CD38",FALSE,1.23565450002837e-10,37
"CD164",1.4278047366926e-16,-2.29639259405706,1.89487166693312e-18,0.999999998901677,0.99999999971548,"CD38",FALSE,1.23565450002837e-10,38
"ABCB1",1.60106925839e-16,-2.29213476491325,2.38266180515983e-18,0.999999998768396,0.99999999971548,"CD38",FALSE,1.23565450002837e-10,39
"PSMD5-AS1",1.84571431843022e-16,-2.28675955553274,3.16643901464213e-18,0.999999998580205,0.99999999971548,"CD38",FALSE,1.23565450002837e-10,40
"S100A8",2.65658292988389e-16,-2.27253087978418,6.55977465821035e-18,0.999999997956454,0.99999999971548,"CD38",FALSE,1.23565450002837e-10,41
"EHMT1",2.71370255650453e-16,-2.27167868126684,6.84489283073235e-18,0.999999997912515,0.99999999971548,"CD38",FALSE,1.23565450002837e-10,42
"ZMAT2",2.89293045283274e-16,-2.26910237576479,7.77889933852223e-18,0.999999997774646,0.99999999971548,"CD38",FALSE,1.23565450002837e-10,43
"ELANE",3.17113842417077e-16,-2.26536592313715,9.34700694032637e-18,0.999999997560638,0.99999999971548,"CD38",FALSE,1.23565450002837e-10,44
"CLC",3.75154664694182e-16,-2.2584096138769,1.30816602900855e-17,0.999999997114165,0.99999999971548,"CD38",FALSE,1.23565450002837e-10,45
"BOD1L1",3.87869774774052e-16,-2.25701194584658,1.39834405788089e-17,0.999999997016355,0.99999999971548,"CD38",FALSE,1.23565450002837e-10,46
"FCGR3A",3.95488199078641e-16,-2.25619349612494,1.45381526166148e-17,0.999999996957752,0.99999999971548,"CD38",FALSE,1.23565450002837e-10,47
"ETS1",4.09813245174913e-16,-2.25469100429595,1.56104041386983e-17,0.999999996847558,0.99999999971548,"CD38",FALSE,1.23565450002837e-10,48
"CD79A",4.25147342902211e-16,-2.2531324810189,1.68004573165602e-17,0.999999996729602,0.99999999971548,"CD38",FALSE,1.23565450002837e-10,49
"ZFC3H1",4.30487544424102e-16,-2.25260118399271,1.72251632177967e-17,0.999999996688523,0.99999999971548,"CD38",FALSE,1.23565450002837e-10,50
"TLR9",4.41458184510295e-16,-2.25152746167196,1.81142897853503e-17,0.999999996604133,0.99999999971548,"CD38",FALSE,1.23565450002837e-10,51
"ATM",4.50399838734761e-16,-2.25066935574042,1.88555245167911e-17,0.99999999653535,0.99999999971548,"CD38",FALSE,1.23565450002837e-10,52
"PLG",4.57111519696538e-16,-2.2500349371451,1.94216667306965e-17,0.999999996483721,0.99999999971548,"CD38",FALSE,1.23565450002837e-10,53
"PLAT",5.77855975224688e-16,-2.23981685216973,3.10371176204374e-17,0.999999995554908,0.99999999971548,"CD38",FALSE,1.23565450002837e-10,54
"CYP3A4",5.81749411886483e-16,-2.23951950222646,3.14567659546793e-17,0.999999995524958,0.99999999971548,"CD38",FALSE,1.23565450002837e-10,55
"IGKV4-1",5.82840890646339e-16,-2.23943645439608,3.15749151106537e-17,0.999999995516562,0.99999999971548,"CD38",FALSE,1.23565450002837e-10,56
"C5AR1",6.12532643768989e-16,-2.2372276087693,3.48739099978838e-17,0.999999995288162,0.99999999971548,"CD38",FALSE,1.23565450002837e-10,57
"C1QB",6.2658123788749e-16,-2.23621479802923,3.64919388182605e-17,0.999999995180094,0.99999999971548,"CD38",FALSE,1.23565450002837e-10,58
"HLF",6.42054625374749e-16,-2.2351218786347,3.83165257122692e-17,0.999999995061067,0.99999999971548,"CD38",FALSE,1.23565450002837e-10,59
"ACHE",6.47101030052692e-16,-2.23477039305187,3.8921211272249e-17,0.999999995022248,0.99999999971548,"CD38",FALSE,1.23565450002837e-10,60
"IGKV1-5",6.58822792907576e-16,-2.23396307637978,4.03440410330142e-17,0.99999999493208,0.99999999971548,"CD38",FALSE,1.23565450002837e-10,61
"IGHG1",7.39738957288483e-16,-2.2287079784592,5.08626691167449e-17,0.999999994309641,0.99999999971548,"CD38",FALSE,1.23565450002837e-10,62
"RASSF5",7.7246958984237e-16,-2.22672350308749,5.54632031971536e-17,0.999999994057865,0.99999999971548,"CD38",FALSE,1.23565450002837e-10,63
"ALOX5AP",8.44840199638613e-16,-2.2225830278619,6.63424195260033e-17,0.999999993501162,0.99999999971548,"CD38",FALSE,1.23565450002837e-10,64
"APOB",8.85380462425606e-16,-2.22039673247141,7.28621586538296e-17,0.999999993189311,0.99999999971548,"CD38",FALSE,1.23565450002837e-10,65
"UQCRHL",9.24710861773363e-16,-2.21835737664522,7.94793090910058e-17,0.999999992886766,0.99999999971548,"CD38",FALSE,1.23565450002837e-10,66
"TRAC",9.90830644972153e-16,-2.21509307877184,9.12517129678961e-17,0.999999992378147,0.99999999971548,"CD38",FALSE,1.23565450002837e-10,67
"GYPA",1.00072887903124e-15,-2.21462082401262,9.30839985980958e-17,0.999999992302006,0.99999999971548,"CD38",FALSE,1.23565450002837e-10,68
"C9orf78",1.02245906942536e-15,-2.21359814259691,9.71704084833683e-17,0.999999992134849,0.99999999971548,"CD38",FALSE,1.23565450002837e-10,69
"NBEAL1",1.06054312550287e-15,-2.21185055517481,1.0454393232483e-16,0.999999991841891,0.99999999971548,"CD38",FALSE,1.23565450002837e-10,70
"MAP2K1",1.06221925601218e-15,-2.2117749030402,1.04874645410356e-16,0.999999991828998,0.99999999971548,"CD38",FALSE,1.23565450002837e-10,71
"IL2",1.06464291288143e-15,-2.21166569473943,1.05353774617803e-16,0.999999991810354,0.99999999971548,"CD38",FALSE,1.23565450002837e-10,72
"XDH",1.0671236625706e-15,-2.21155413760887,1.05845321289041e-16,0.999999991791271,0.99999999971548,"CD38",FALSE,1.23565450002837e-10,73
"CXCR2",1.14921320682098e-15,-2.20798415376421,1.22756184668189e-16,0.999999991159807,0.99999999971548,"CD38",FALSE,1.23565450002837e-10,74
"LMO4",1.15312874622584e-15,-2.20781947929809,1.23594106664918e-16,0.999999991129687,0.99999999971548,"CD38",FALSE,1.23565450002837e-10,75
"USP3",1.18411335899933e-15,-2.2065332527482,1.30325298064023e-16,0.999999990891341,0.99999999971548,"CD38",FALSE,1.23565450002837e-10,76
"AZU1",1.28487037171293e-15,-2.20254386126733,1.5344784535355e-16,0.999999990116279,0.99999999971548,"CD38",FALSE,1.23565450002837e-10,77
"MBD4",1.28495077775846e-15,-2.20254078799202,1.53467051213949e-16,0.999999990115661,0.99999999971548,"CD38",FALSE,1.23565450002837e-10,78
"ARG1",1.28982633226527e-15,-2.20235474670018,1.54633876469969e-16,0.999999990078156,0.99999999971548,"CD38",FALSE,1.23565450002837e-10,79
"ALK",1.3196428494891e-15,-2.20123013901524,1.6186575713093e-16,0.999999989848796,0.99999999971548,"CD38",FALSE,1.23565450002837e-10,80
"CXCL12",1.38877196417811e-15,-2.19870545655684,1.79268525543733e-16,0.999999989317028,0.99999999971548,"CD38",FALSE,1.23565450002837e-10,81
"JCHAIN",1.38989932289867e-15,-2.198665198157,1.7955969208482e-16,0.999999989308356,0.99999999971548,"CD38",FALSE,1.23565450002837e-10,82
"RP11-290D2.6",1.39504931689769e-15,-2.19848165043482,1.80892802368367e-16,0.99999998926874,0.99999999971548,"CD38",FALSE,1.23565450002837e-10,83
"ALPL",1.40191610829425e-15,-2.19823783013474,1.82677986909832e-16,0.999999989215918,0.99999999971548,"CD38",FALSE,1.23565450002837e-10,84
"NFKB1",1.47856521402705e-15,-2.1955845041388,2.03199733528452e-16,0.999999988626304,0.99999999971548,"CD38",FALSE,1.23565450002837e-10,85
"NOD2",1.55878849359527e-15,-2.19293265185812,2.25848155452816e-16,0.999999988009195,0.99999999971548,"CD38",FALSE,1.23565450002837e-10,86
"PARP8",1.57419149024066e-15,-2.19243712816916,2.30333594984946e-16,0.999999987890709,0.99999999971548,"CD38",FALSE,1.23565450002837e-10,87
"CCL4",1.60659452351588e-15,-2.1914083227311,2.39913523869267e-16,0.999999987641453,0.99999999971548,"CD38",FALSE,1.23565450002837e-10,88
"CTSK",1.67513930785554e-15,-2.18929016658025,2.6082188216916e-16,0.99999998711418,0.99999999971548,"CD38",FALSE,1.23565450002837e-10,89
"ANKRD36B",1.69089859223696e-15,-2.1888138572585,2.65752458192753e-16,0.999999986992953,0.99999999971548,"CD38",FALSE,1.23565450002837e-10,90
"PRPF38B",1.69595874016329e-15,-2.18866173804966,2.67345408694917e-16,0.999999986954028,0.99999999971548,"CD38",FALSE,1.23565450002837e-10,91
"KDR",1.70772442430539e-15,-2.18830955615968,2.71067683880188e-16,0.999999986863522,0.99999999971548,"CD38",FALSE,1.23565450002837e-10,92
"ABL1",1.88627771498954e-15,-2.18320858530033,3.30714649512331e-16,0.999999985490021,0.99999999971548,"CD38",FALSE,1.23565450002837e-10,93
"AR",1.88667441220556e-15,-2.18319772863586,3.30853767283986e-16,0.99999998548697,0.99999999971548,"CD38",FALSE,1.23565450002837e-10,94
"MTRNR2L12",1.89182480422765e-15,-2.1830569545375,3.32662614094333e-16,0.999999985447351,0.99999999971548,"CD38",FALSE,1.23565450002837e-10,95
"RNF5",1.94445094881298e-15,-2.18163733129681,3.51427828752583e-16,0.99999998504253,0.99999999971548,"CD38",FALSE,1.23565450002837e-10,96
"HBD",1.9639797394469e-15,-2.18111902298845,3.58522298307508e-16,0.999999984892307,0.99999999971548,"CD38",FALSE,1.23565450002837e-10,97
"LTF",1.98355199871231e-15,-2.18060403974179,3.65703692327876e-16,0.99999998474175,0.99999999971548,"CD38",FALSE,1.23565450002837e-10,98
"C1QA",1.98383434704811e-15,-2.18059664302226,3.65807811784242e-16,0.999999984739578,0.99999999971548,"CD38",FALSE,1.23565450002837e-10,99
"GZMA",2.03114179833652e-15,-2.17937006489406,3.83462281832185e-16,0.999999984375671,0.99999999971548,"CD38",FALSE,1.23565450002837e-10,100
"F8",2.06259524519754e-15,-2.17856822908855,3.95430523584514e-16,0.999999984133718,0.99999999971548,"CD38",FALSE,1.23565450002837e-10,101
"MS4A1",2.08937226089078e-15,-2.17789394713619,4.05764281526218e-16,0.999999983927739,0.99999999971548,"CD38",FALSE,1.23565450002837e-10,102
"DEFA4",2.16654612986072e-15,-2.17599181087932,4.36292800096594e-16,0.999999983334088,0.99999999971548,"CD38",FALSE,1.23565450002837e-10,103
"KLF1",2.23747163794383e-15,-2.17429496249429,4.65325918371139e-16,0.999999982788502,0.99999999971548,"CD38",FALSE,1.23565450002837e-10,104
"DNAJC8",2.25978036683892e-15,-2.17377091149774,4.74651248495586e-16,0.999999982616894,0.99999999971548,"CD38",FALSE,1.23565450002837e-10,105
"IDO1",2.26416774091652e-15,-2.1736683782536,4.76496112871996e-16,0.999999982583145,0.99999999971548,"CD38",FALSE,1.23565450002837e-10,106
"TEK",2.28524336969085e-15,-2.17317823545977,4.85408168517661e-16,0.999999982421023,0.99999999971548,"CD38",FALSE,1.23565450002837e-10,107
"MON2",2.29007360343687e-15,-2.17306645581317,4.87462315424741e-16,0.999999982383867,0.99999999971548,"CD38",FALSE,1.23565450002837e-10,108
"IGFBP3",2.29092244507421e-15,-2.17304683339591,4.87823749218964e-16,0.999999982377337,0.99999999971548,"CD38",FALSE,1.23565450002837e-10,109
"DEFA3",2.29344129603904e-15,-2.17298864307999,4.88897055587208e-16,0.999999982357961,0.99999999971548,"CD38",FALSE,1.23565450002837e-10,110
"EGFR",2.30223406663494e-15,-2.17278594791835,4.92652983518696e-16,0.999999982290324,0.99999999971548,"CD38",FALSE,1.23565450002837e-10,111
"FIS1",2.33798185048472e-15,-2.17196874564155,5.08071034524321e-16,0.999999982015338,0.99999999971548,"CD38",FALSE,1.23565450002837e-10,112
"KNG1",2.3626290338346e-15,-2.17141161287312,5.18839746540808e-16,0.999999981825742,0.99999999971548,"CD38",FALSE,1.23565450002837e-10,113
"PPARG",2.36334487936628e-15,-2.17139550735913,5.19154197413068e-16,0.999999981820236,0.99999999971548,"CD38",FALSE,1.23565450002837e-10,114
"CCDC47",2.38093061779489e-15,-2.17100117960184,5.26909034430585e-16,0.99999998168496,0.99999999971548,"CD38",FALSE,1.23565450002837e-10,115
"USP48",2.48147543491291e-15,-2.16879412133541,5.72350578205051e-16,0.99999998091153,0.99999999971548,"CD38",FALSE,1.23565450002837e-10,116
"EMC6",2.49593232863461e-15,-2.16848320121608,5.79038949502906e-16,0.999999980800322,0.99999999971548,"CD38",FALSE,1.23565450002837e-10,117
"IGKC",2.50976842486159e-15,-2.16818709604537,5.85476499610934e-16,0.999999980693889,0.99999999971548,"CD38",FALSE,1.23565450002837e-10,118
"SH3KBP1",2.52059963843436e-15,-2.16795628737663,5.9054079521397e-16,0.999999980610571,0.99999999971548,"CD38",FALSE,1.23565450002837e-10,119
"TTR",2.54843558898493e-15,-2.16736704867399,6.03655953335264e-16,0.999999980396446,0.99999999971548,"CD38",FALSE,1.23565450002837e-10,120
"PRSS57",3.4406789682841e-05,4.05135292048734,1934.42607919302,0,0,"CDK6",TRUE,12,1
"SMIM24",8.2408523753177e-06,2.90850568776834,110.970642807032,6.00534527283613e-26,6.00534527283613e-23,"CDK6",TRUE,12,2
"GYPC",4.2113701546687e-06,2.44277042236858,28.9808195714991,7.30985026360095e-08,5.48238769770071e-05,"CDK6",TRUE,4.26103025573223,3
"CDCA7",4.03233318801214e-06,2.41405163015606,26.5690883864292,2.54279848363113e-07,0.000152567909017868,"CDK6",TRUE,3.81653680584442,4
"RPS18",3.6044021989883e-06,2.34065618529483,21.229038514446,4.0754297525952e-06,0.0020377148762976,"CDK6",TRUE,2.69085658397699,5
"C1orf228",3.53409458982449e-06,2.32788262159326,20.4089269587095,6.253739456829e-06,0.00268017405292672,"CDK6",TRUE,2.571837001579,6
"CD34",3.3001930211992e-06,2.28374131844026,17.7968244345387,2.4579313081595e-05,0.00921724240559812,"CDK6",TRUE,2.03539899078618,7
"SPINK2",3.26236409310355e-06,2.27634935883032,17.3911655756935,3.04236777512437e-05,0.0101412259170812,"CDK6",TRUE,1.99390954235551,8
"RPS6",3.08726771628574e-06,2.24113652980593,15.5744391411197,7.9319670256711e-05,0.0237959010770133,"CDK6",TRUE,1.62349784516801,9
"IMPDH2",3.05130277922892e-06,2.23369040764751,15.2136857807059,9.60051285641244e-05,0.0261832168811248,"CDK6",TRUE,1.58197699690309,10
"ZFP36L2",2.90490767965394e-06,2.20257435703767,13.7888644531305,0.000204545010418337,0.0511362526045841,"CDK6",FALSE,1.2912711013543,11
"BST2",2.86297615004183e-06,2.19341181376429,13.393660715771,0.000252476151328659,0.0582637272296904,"CDK6",FALSE,1.23460173626327,12
"LCP1",2.77222037973111e-06,2.17317577882194,12.5579669792572,0.000394520717712503,0.0845401537955363,"CDK6",FALSE,1.07293696643731,13
"C1QTNF4",2.67751665926221e-06,2.15143839487764,11.7146197528998,0.00062010980963871,0.124021961927742,"CDK6",FALSE,0.906501402745133,14
"ICAM3",2.63682320681365e-06,2.14189293286397,11.3612432281618,0.000749926096275723,0.140611143051698,"CDK6",FALSE,0.851980261292684,15
"FABP5",2.49956476400996e-06,2.10872674019841,10.2092213663591,0.00139740159561603,0.246600281579299,"CDK6",FALSE,0.608006431843021,16
"RPL18A",2.48281346957726e-06,2.1045717458701,10.0728419276293,0.00150470760378546,0.24722374977739,"CDK6",FALSE,0.606909810679419,17
"RPS21",2.47376927087032e-06,2.10231832051606,9.99959046702108,0.0015657504152568,0.24722374977739,"CDK6",FALSE,0.606909810679419,18
"IGFBP7",2.45614148823585e-06,2.0979056565222,9.85758646715782,0.00169132844610209,0.253699266915314,"CDK6",FALSE,0.595680787705719,19
"RPS19",2.26631414764344e-06,2.04856371343239,8.39274548025888,0.00376721468656398,0.538173526651998,"CDK6",FALSE,0.269077669470315,20
"EEF1B2",2.25289038311706e-06,2.04494055853313,8.29361661027184,0.00397846758100608,0.542518306500829,"CDK6",FALSE,0.265585602588827,21
"SELL",2.24148907657679e-06,2.04184856700104,8.20988524116382,0.0041662785949661,0.543427642821666,"CDK6",FALSE,0.264858273868858,22
"RPS3A",2.21698885317048e-06,2.035157853897,8.03139252486789,0.00459734810756857,0.574668513446072,"CDK6",FALSE,0.240582597561335,23
"RPS5",2.20129203347676e-06,2.03083751627502,7.91806671671624,0.00489435448938806,0.587322538726567,"CDK6",FALSE,0.231123332620763,24
"FKBP4",2.18363607487976e-06,2.02594595870567,7.79155882674745,0.00524908879603802,0.605664091850541,"CDK6",FALSE,0.217768173692551,25
"RPL10A",2.11969005973532e-06,2.00793830200225,7.34190159730724,0.00673655400434039,0.748506000482266,"CDK6",FALSE,0.125804713736572,26
"RPS28",2.07340295712918e-06,1.99460768521208,7.02475626339553,0.00803904129398952,0.838595450516762,"CDK6",FALSE,0.0764474980269239,27
"RPL36",2.07119622040843e-06,1.993965735702,7.00981122994795,0.0081064226883287,0.838595450516762,"CDK6",FALSE,0.0764474980269239,28
"RPL3",2.03809315073162e-06,1.98426413115132,6.78753202947177,0.00917967299556625,0.910298785265673,"CDK6",FALSE,0.0408160368060679,29
"RPL12",2.03154489098022e-06,1.98232886802425,6.74398630546869,0.00940642078107862,0.910298785265673,"CDK6",FALSE,0.0408160368060679,30
"F10",4.24516769897e-17,-2.3344656862869,2.94478461276636e-21,0.999999999956702,0.999999999956702,"CDK6",FALSE,1.88040962999562e-11,31
"SHISA5",6.13726883819339e-17,-2.32607424916048,6.15480259554691e-21,0.999999999937404,0.999999999956702,"CDK6",FALSE,1.88040962999562e-11,32
"FLT1",7.43535571277707e-17,-2.32153927852743,9.03373473031321e-21,0.999999999924164,0.999999999956702,"CDK6",FALSE,1.88040962999562e-11,33
"S100A12",1.10441284763958e-16,-2.31181089689309,1.99308918838878e-20,0.999999999887357,0.999999999956702,"CDK6",FALSE,1.88040962999562e-11,34
"F2",1.33632804015481e-16,-2.30693658576394,2.91803163328881e-20,0.999999999863703,0.999999999956702,"CDK6",FALSE,1.88040962999562e-11,35
"VEGFA",1.42515934336185e-16,-2.30526248189964,3.31887336519556e-20,0.999999999854643,0.999999999956702,"CDK6",FALSE,1.88040962999562e-11,36
"CD164",1.43903187576358e-16,-2.30500924786321,3.38379980508125e-20,0.999999999853228,0.999999999956702,"CDK6",FALSE,1.88040962999562e-11,37
"ABCB1",1.82342942227886e-16,-2.29871682077333,5.43302557402607e-20,0.999999999814022,0.999999999956702,"CDK6",FALSE,1.88040962999562e-11,38
"PSMD5-AS1",2.07244288341243e-16,-2.29523037464063,7.01825224796833e-20,0.999999999788625,0.999999999956702,"CDK6",FALSE,1.88040962999562e-11,39
"S100A8",2.62094415993506e-16,-2.28867748403437,1.12248195889784e-19,0.999999999732681,0.999999999956702,"CDK6",FALSE,1.88040962999562e-11,40
"ELANE",2.92287846535944e-16,-2.28556371292431,1.39599977452658e-19,0.999999999701886,0.999999999956702,"CDK6",FALSE,1.88040962999562e-11,41
"EHMT1",2.95728361073729e-16,-2.28522680944382,1.42905777085367e-19,0.999999999698377,0.999999999956702,"CDK6",FALSE,1.88040962999562e-11,42
"ZMAT2",3.03395637723449e-16,-2.2844880532608,1.50412003894125e-19,0.999999999690557,0.999999999956702,"CDK6",FALSE,1.88040962999562e-11,43
"BOD1L1",3.88987981659132e-16,-2.2771821827168,2.4724994278671e-19,0.999999999603258,0.999999999956702,"CDK6",FALSE,1.88040962999562e-11,44
"CLC",3.97005279876383e-16,-2.27657153092192,2.57546942342545e-19,0.999999999595081,0.999999999956702,"CDK6",FALSE,1.88040962999562e-11,45
"FCGR3A",4.00253381093908e-16,-2.27632716901244,2.61778425661505e-19,0.999999999591768,0.999999999956702,"CDK6",FALSE,1.88040962999562e-11,46
"CD79A",4.26877364934752e-16,-2.27438644342284,2.97762558282844e-19,0.999999999564613,0.999999999956702,"CDK6",FALSE,1.88040962999562e-11,47
"ETS1",4.37202713973452e-16,-2.27366191182035,3.12341384772814e-19,0.999999999554082,0.999999999956702,"CDK6",FALSE,1.88040962999562e-11,48
"ATM",4.42823282468932e-16,-2.2732737215677,3.2042377061782e-19,0.99999999954835,0.999999999956702,"CDK6",FALSE,1.88040962999562e-11,49
"TLR9",4.56280711726385e-16,-2.27236132661486,3.40195099734642e-19,0.999999999534624,0.999999999956702,"CDK6",FALSE,1.88040962999562e-11,50
"ZFC3H1",4.68375956905461e-16,-2.27156095594332,3.58470168314884e-19,0.999999999522288,0.999999999956702,"CDK6",FALSE,1.88040962999562e-11,51
"PLG",4.73072138684955e-16,-2.27125501557254,3.65694623701047e-19,0.999999999517498,0.999999999956702,"CDK6",FALSE,1.88040962999562e-11,52
"CYP3A4",6.18141068753782e-16,-2.26289836608226,6.24365690873e-19,0.999999999369537,0.999999999956702,"CDK6",FALSE,1.88040962999562e-11,53
"IGKV4-1",6.26378432195189e-16,-2.26247692702938,6.41117193397195e-19,0.999999999361135,0.999999999956702,"CDK6",FALSE,1.88040962999562e-11,54
"PLAT",6.33421616085248e-16,-2.2621203732094,6.55616074256522e-19,0.999999999353952,0.999999999956702,"CDK6",FALSE,1.88040962999562e-11,55
"C1QB",6.36325787947576e-16,-2.26197435137939,6.61641718399982e-19,0.99999999935099,0.999999999956702,"CDK6",FALSE,1.88040962999562e-11,56
"C5AR1",6.5199249959777e-16,-2.26119644022956,6.9462279702087e-19,0.999999999335011,0.999999999956702,"CDK6",FALSE,1.88040962999562e-11,57
"ACHE",6.70287144735706e-16,-2.26030826875074,7.34151369910484e-19,0.999999999316352,0.999999999956702,"CDK6",FALSE,1.88040962999562e-11,58
"HLF",6.78546227175344e-16,-2.25991416561701,7.52354829606752e-19,0.999999999307928,0.999999999956702,"CDK6",FALSE,1.88040962999562e-11,59
"IGKV1-5",7.04703847609894e-16,-2.25869281850608,8.11478688107846e-19,0.999999999281249,0.999999999956702,"CDK6",FALSE,1.88040962999562e-11,60
"IGHG1",7.74213856140327e-16,-2.25562833453451,9.79457762020963e-19,0.999999999210353,0.999999999956702,"CDK6",FALSE,1.88040962999562e-11,61
"RASSF5",8.24703421820999e-16,-2.25354848232127,1.11137193631992e-18,0.999999999158857,0.999999999956702,"CDK6",FALSE,1.88040962999562e-11,62
"ALOX5AP",8.7138976855459e-16,-2.25172119849627,1.24076274723694e-18,0.99999999911124,0.999999999956702,"CDK6",FALSE,1.88040962999562e-11,63
"APOB",9.38950523323688e-16,-2.24922159086683,1.44061936947287e-18,0.999999999042333,0.999999999956702,"CDK6",FALSE,1.88040962999562e-11,64
"UQCRHL",9.90443315236582e-16,-2.24741901432167,1.60296146963761e-18,0.999999998989813,0.999999999956702,"CDK6",FALSE,1.88040962999562e-11,65
"GYPA",1.01180169718545e-15,-2.24669506469696,1.67284090741971e-18,0.999999998968029,0.999999999956702,"CDK6",FALSE,1.88040962999562e-11,66
"TRAC",1.04194351145337e-15,-2.24569559106597,1.77399414453511e-18,0.999999998937287,0.999999999956702,"CDK6",FALSE,1.88040962999562e-11,67
"C9orf78",1.06171432328494e-15,-2.24505352180823,1.84195571998057e-18,0.999999998917122,0.999999999956702,"CDK6",FALSE,1.88040962999562e-11,68
"IL2",1.09808980382546e-15,-2.24389878212916,1.97033263616406e-18,0.999999998880021,0.999999999956702,"CDK6",FALSE,1.88040962999562e-11,69
"MAP2K1",1.12669757999233e-15,-2.24301366992797,2.07433337993848e-18,0.999999998850843,0.999999999956702,"CDK6",FALSE,1.88040962999562e-11,70
"NBEAL1",1.12837568899901e-15,-2.24296235654641,2.08051702649521e-18,0.999999998849131,0.999999999956702,"CDK6",FALSE,1.88040962999562e-11,71
"XDH",1.1339773342242e-15,-2.24279154597252,2.10122510520433e-18,0.999999998843418,0.999999999956702,"CDK6",FALSE,1.88040962999562e-11,72
"CXCR2",1.17768413679692e-15,-2.24148332401456,2.26632131531472e-18,0.99999999879884,0.999999999956702,"CDK6",FALSE,1.88040962999562e-11,73
"LMO4",1.19096901741473e-15,-2.24109401590102,2.3177402364368e-18,0.99999999878529,0.999999999956702,"CDK6",FALSE,1.88040962999562e-11,74
"USP3",1.22344800782765e-15,-2.24015783504888,2.44587844230502e-18,0.999999998752164,0.999999999956702,"CDK6",FALSE,1.88040962999562e-11,75
"MBD4",1.32303928006424e-15,-2.23741556941655,2.86028500635214e-18,0.999999998650588,0.999999999956702,"CDK6",FALSE,1.88040962999562e-11,76
"AZU1",1.33853776662775e-15,-2.23700500620505,2.92769001467797e-18,0.99999999863478,0.999999999956702,"CDK6",FALSE,1.88040962999562e-11,77
"ARG1",1.34747271800145e-15,-2.23677018141936,2.96690605404586e-18,0.999999998625667,0.999999999956702,"CDK6",FALSE,1.88040962999562e-11,78
"ALK",1.36755469077106e-15,-2.23624727660143,3.05599922679061e-18,0.999999998605185,0.999999999956702,"CDK6",FALSE,1.88040962999562e-11,79
"ALPL",1.43564803836096e-15,-2.2345223718918,3.36790472156948e-18,0.999999998535734,0.999999999956702,"CDK6",FALSE,1.88040962999562e-11,80
"JCHAIN",1.45750506165195e-15,-2.23398371516307,3.47123468229899e-18,0.999999998513441,0.999999999956702,"CDK6",FALSE,1.88040962999562e-11,81
"RP11-290D2.6",1.46129782625117e-15,-2.23389095717543,3.48932409591313e-18,0.999999998509573,0.999999999956702,"CDK6",FALSE,1.88040962999562e-11,82
"CXCL12",1.48550984406179e-15,-2.23330367969938,3.60591015153119e-18,0.999999998484878,0.999999999956702,"CDK6",FALSE,1.88040962999562e-11,83
"NFKB1",1.51395882329747e-15,-2.23262413040221,3.74534613074478e-18,0.999999998455862,0.999999999956702,"CDK6",FALSE,1.88040962999562e-11,84
"NOD2",1.62487583097135e-15,-2.23007607086624,4.31423890341202e-18,0.999999998342734,0.999999999956702,"CDK6",FALSE,1.88040962999562e-11,85
"PARP8",1.65891374119836e-15,-2.22932433745871,4.4968814866039e-18,0.999999998308018,0.999999999956702,"CDK6",FALSE,1.88040962999562e-11,86
"CCL4",1.66533980935513e-15,-2.22918391752109,4.53178774520355e-18,0.999999998301464,0.999999999956702,"CDK6",FALSE,1.88040962999562e-11,87
"ANKRD36B",1.75659673279509e-15,-2.22723882022594,5.0420595921191e-18,0.999999998208388,0.999999999956702,"CDK6",FALSE,1.88040962999562e-11,88
"CTSK",1.76854334843206e-15,-2.22699069835616,5.11087490737018e-18,0.999999998196203,0.999999999956702,"CDK6",FALSE,1.88040962999562e-11,89
"PRPF38B",1.77216494611663e-15,-2.22691576726273,5.13182829200143e-18,0.999999998192509,0.999999999956702,"CDK6",FALSE,1.88040962999562e-11,90
"KDR",1.78422467981704e-15,-2.22666720279375,5.20191100178166e-18,0.999999998180209,0.999999999956702,"CDK6",FALSE,1.88040962999562e-11,91
"ABL1",1.94097971338955e-15,-2.22356200339387,6.15610226303492e-18,0.999999998020329,0.999999999956702,"CDK6",FALSE,1.88040962999562e-11,92
"MTRNR2L12",1.96381654229355e-15,-2.22312789806542,6.30181516560587e-18,0.999999997997037,0.999999999956702,"CDK6",FALSE,1.88040962999562e-11,93
"AR",1.97318286441318e-15,-2.22295111667247,6.36207088446189e-18,0.999999997987484,0.999999999956702,"CDK6",FALSE,1.88040962999562e-11,94
"HBD",2.03096828021802e-15,-2.22187626257416,6.74015857491238e-18,0.999999997928547,0.999999999956702,"CDK6",FALSE,1.88040962999562e-11,95
"C1QA",2.04227187094832e-15,-2.22166910956533,6.81539363526604e-18,0.999999997917018,0.999999999956702,"CDK6",FALSE,1.88040962999562e-11,96
"RNF5",2.05750291159165e-15,-2.22139154540788,6.9174296316716e-18,0.999999997901483,0.999999999956702,"CDK6",FALSE,1.88040962999562e-11,97
"LTF",2.09572025663334e-15,-2.2207028425572,7.17679358327158e-18,0.999999997862504,0.999999999956702,"CDK6",FALSE,1.88040962999562e-11,98
"GZMA",2.12097177175003e-15,-2.2202537354011,7.35078313022436e-18,0.999999997836749,0.999999999956702,"CDK6",FALSE,1.88040962999562e-11,99
"F8",2.16184135384783e-15,-2.21953657166482,7.63680099157549e-18,0.999999997795065,0.999999999956702,"CDK6",FALSE,1.88040962999562e-11,100
"MS4A1",2.16795336339865e-15,-2.21943033141025,7.6800439266318e-18,0.999999997788831,0.999999999956702,"CDK6",FALSE,1.88040962999562e-11,101
"DEFA4",2.28897162432759e-15,-2.2173784144602,8.56139728852873e-18,0.9999999976654,0.999999999956702,"CDK6",FALSE,1.88040962999562e-11,102
"IDO1",2.36878949814423e-15,-2.21607589919849,9.16889017866367e-18,0.999999997583992,0.999999999956702,"CDK6",FALSE,1.88040962999562e-11,103
"MON2",2.37104135227043e-15,-2.21603970654197,9.18633099987572e-18,0.999999997581695,0.999999999956702,"CDK6",FALSE,1.88040962999562e-11,104
"KLF1",2.37784556753083e-15,-2.2159305271488,9.23913097354573e-18,0.999999997574755,0.999999999956702,"CDK6",FALSE,1.88040962999562e-11,105
"DNAJC8",2.37981544356511e-15,-2.2158989693159,9.25444524088954e-18,0.999999997572746,0.999999999956702,"CDK6",FALSE,1.88040962999562e-11,106
"IGFBP3",2.39077738797149e-15,-2.21572376865632,9.33989754540821e-18,0.999999997561565,0.999999999956702,"CDK6",FALSE,1.88040962999562e-11,107
"DEFA3",2.40417157933552e-15,-2.21551063602134,9.44484316641415e-18,0.999999997547904,0.999999999956702,"CDK6",FALSE,1.88040962999562e-11,108
"TEK",2.41603551471467e-15,-2.2153227102377,9.53828864724292e-18,0.999999997535804,0.999999999956702,"CDK6",FALSE,1.88040962999562e-11,109
"EGFR",2.41959855234977e-15,-2.21526642742755,9.56644248938534e-18,0.99999999753217,0.999999999956702,"CDK6",FALSE,1.88040962999562e-11,110
"FIS1",2.42635095601844e-15,-2.2151599610192,9.61991137280759e-18,0.999999997525283,0.999999999956702,"CDK6",FALSE,1.88040962999562e-11,111
"PPARG",2.48070166011262e-15,-2.21431222310745,1.00557138779088e-17,0.999999997469849,0.999999999956702,"CDK6",FALSE,1.88040962999562e-11,112
"CCDC47",2.5130295484239e-15,-2.2138155851712,1.03195087399038e-17,0.999999997436876,0.999999999956702,"CDK6",FALSE,1.88040962999562e-11,113
"KNG1",2.51599094391581e-15,-2.21377036772027,1.03438444290491e-17,0.999999997433856,0.999999999956702,"CDK6",FALSE,1.88040962999562e-11,114
"EMC6",2.58504516932069e-15,-2.21272883096886,1.09194334338661e-17,0.999999997363425,0.999999999956702,"CDK6",FALSE,1.88040962999562e-11,115
"IGKC",2.5991907531126e-15,-2.21251845275144,1.10392645117026e-17,0.999999997348998,0.999999999956702,"CDK6",FALSE,1.88040962999562e-11,116
"USP48",2.61421873645569e-15,-2.21229603445193,1.11672870330404e-17,0.99999999733367,0.999999999956702,"CDK6",FALSE,1.88040962999562e-11,117
"SH3KBP1",2.62851720710791e-15,-2.21208543854726,1.12897800710281e-17,0.999999997319087,0.999999999956702,"CDK6",FALSE,1.88040962999562e-11,118
"ILF3-AS1",2.67061002857846e-15,-2.21147117923032,1.16542621820105e-17,0.999999997276155,0.999999999956702,"CDK6",FALSE,1.88040962999562e-11,119
"TTR",2.67530351115174e-15,-2.21140320784502,1.16952619097957e-17,0.999999997271368,0.999999999956702,"CDK6",FALSE,1.88040962999562e-11,120
"PRSS57",6.35384107211255e-07,2.16519783743528,38.0811792152061,6.78615711362443e-10,1.01792356704366e-06,"GSK3B",TRUE,5.99228483070003,1
"MYLK",4.63062672218592e-07,1.95528531029571,20.2263370569312,6.87991960552451e-06,0.00296559213856868,"GSK3B",TRUE,2.52788857823988,2
"ANKRD28",4.59765809412601e-07,1.95065560777494,19.9393518190972,7.99379123659914e-06,0.00296559213856868,"GSK3B",TRUE,2.52788857823988,3
"RAB27B",4.58285050374393e-07,1.94856698390087,19.8111220599031,8.54838158033401e-06,0.00296559213856868,"GSK3B",TRUE,2.52788857823988,4
"TLN1",4.57063906187992e-07,1.94684020921177,19.7056854751834,9.03322150080158e-06,0.00296559213856868,"GSK3B",TRUE,2.52788857823988,5
"PDE5A",4.54088964659448e-07,1.94261690859003,19.4499992244058,1.03267881474514e-05,0.00296559213856868,"GSK3B",TRUE,2.52788857823988,6
"TREML1",4.5263866422337e-07,1.940549453908,19.3259561505554,1.10198114035816e-05,0.00296559213856868,"GSK3B",TRUE,2.52788857823988,7
"GP9",4.52235920241653e-07,1.93997432469931,19.2915801662447,1.12200040566765e-05,0.00296559213856868,"GSK3B",TRUE,2.52788857823988,8
"GP6",4.47179650109277e-07,1.93271637173013,18.862608742111,1.4047943566744e-05,0.00296559213856868,"GSK3B",TRUE,2.52788857823988,9
"ARHGAP18",4.46515795428732e-07,1.93175825317217,18.806645835976,1.44662169718529e-05,0.00296559213856868,"GSK3B",TRUE,2.52788857823988,10
"GUCY1B3",4.44953199488467e-07,1.92949820241812,18.675247269373,1.54981397590645e-05,0.00296559213856868,"GSK3B",TRUE,2.52788857823988,11
"TUBA4A",4.44707486184849e-07,1.92914220012616,18.6546271695528,1.56666592307203e-05,0.00296559213856868,"GSK3B",TRUE,2.52788857823988,12
"LIMS1",4.43444937993055e-07,1.92731030119336,18.5488545737548,1.65604713067161e-05,0.00296559213856868,"GSK3B",TRUE,2.52788857823988,13
"ARHGAP6",4.41586495058656e-07,1.92460566765239,18.3937067748788,1.79650341683417e-05,0.00296559213856868,"GSK3B",TRUE,2.52788857823988,14
"SDPR",4.40251581155884e-07,1.92265693333076,18.2826666872143,1.90432044881939e-05,0.00296559213856868,"GSK3B",TRUE,2.52788857823988,15
"TPM4",4.40229228008837e-07,1.92262425882868,18.2808101816189,1.90617726340728e-05,0.00296559213856868,"GSK3B",TRUE,2.52788857823988,16
"PRKAR2B",4.4012683810346e-07,1.92247457324099,18.2723075532857,1.9147045739715e-05,0.00296559213856868,"GSK3B",TRUE,2.52788857823988,17
"ILK",4.3856571774125e-07,1.92018865358965,18.1429144799217,2.04930513128121e-05,0.00296559213856868,"GSK3B",TRUE,2.52788857823988,18
"VCL",4.38515645658471e-07,1.92011521903858,18.1387718777127,2.05376806673517e-05,0.00296559213856868,"GSK3B",TRUE,2.52788857823988,19
"C6orf25",4.37360362751324e-07,1.91841891654353,18.0433234736471,2.1593457036001e-05,0.00296559213856868,"GSK3B",TRUE,2.52788857823988,20
"LGALSL",4.37196128413541e-07,1.91817746065943,18.0297750264173,2.1747675682837e-05,0.00296559213856868,"GSK3B",TRUE,2.52788857823988,21
"FYB",4.30447228644704e-07,1.90818766402219,17.4774281311596,2.90739115023099e-05,0.00370943306157644,"GSK3B",TRUE,2.43069246155573,22
"CD226",4.29967544125834e-07,1.90747255071974,17.4384966207069,2.96754644926116e-05,0.00370943306157644,"GSK3B",TRUE,2.43069246155573,23
"RUFY1",4.26026013349886e-07,1.90157058272026,17.1202431776326,3.50863388919251e-05,0.00421036066703102,"GSK3B",TRUE,2.37568070012815,24
"DNM3",4.22062526089856e-07,1.89558853459098,16.80317230061,4.14639297456162e-05,0.00478429958603264,"GSK3B",TRUE,2.32018163326565,25
"CMTM5",4.20912893166589e-07,1.89384443290524,16.7117584934684,4.35104829488231e-05,0.00483449810542479,"GSK3B",TRUE,2.31564860562616,26
"MYL12A",4.1649529653422e-07,1.88710445016838,16.3628102994392,5.23014486888511e-05,0.00557654432247996,"GSK3B",TRUE,2.25363484166905,27
"MYL9",4.15765573010728e-07,1.88598523300801,16.305523373908,5.39065951173063e-05,0.00557654432247996,"GSK3B",TRUE,2.25363484166905,28
"PROS1",4.10115212913631e-07,1.87726172645483,15.8653424866012,6.80128833731975e-05,0.00633222948827213,"GSK3B",TRUE,2.19844335412487,29
"STX11",4.09663088806417e-07,1.87655927305918,15.8303808482503,6.92811289709719e-05,0.00633222948827213,"GSK3B",TRUE,2.19844335412487,30
"ITGB1",4.0959153938526e-07,1.87644804793473,15.8248516428821,6.948387016026e-05,0.00633222948827213,"GSK3B",TRUE,2.19844335412487,31
"GP1BA",4.09531466718334e-07,1.87635465086086,15.8202100854391,6.96545243709935e-05,0.00633222948827213,"GSK3B",TRUE,2.19844335412487,32
"ENDOD1",4.07667728789066e-07,1.87345120490824,15.6765452542127,7.51503407690088e-05,0.00663091242079489,"GSK3B",TRUE,2.17842670808809,33
"MMRN1",4.04576798191863e-07,1.8686108816795,15.439727782508,8.51786572695932e-05,0.00730102776596513,"GSK3B",TRUE,2.13661599992485,34
"NRGN",4.02484546042092e-07,1.86531651323886,15.2804488772533,9.267072743254e-05,0.00772256061937833,"GSK3B",TRUE,2.11223867395456,35
"CD36",3.98133384866893e-07,1.8584182717154,14.951848410466,0.000110289963902586,0.00894242950561506,"GSK3B",TRUE,2.04854447476782,36
"ESAM",3.97323009845648e-07,1.85712641476555,14.8910432951607,0.000113902507722302,0.00899230324123435,"GSK3B",TRUE,2.04612905611507,37
"YWHAZ",3.95628007687792e-07,1.85441704154406,14.7642622554465,0.000121822555344672,0.00929891144641822,"GSK3B",TRUE,2.0315678880572,38
"C2orf88",3.95183177627046e-07,1.8537043620448,14.7310800976245,0.000123985485952243,0.00929891144641822,"GSK3B",TRUE,2.0315678880572,39
"MYH9",3.90032912824705e-07,1.84540265230646,14.3496135645394,0.000151810851163726,0.0111081110607604,"GSK3B",TRUE,1.95435978675089,40
"CLU",3.87711389892001e-07,1.84162994982998,14.179300678089,0.00016618870252386,0.0118706216088471,"GSK3B",TRUE,1.92552653848233,41
"BIN2",3.83916989539416e-07,1.83542194503548,13.9031227056673,0.000192478413960062,0.0134287265553531,"GSK3B",TRUE,1.87196516947612,42
"DMTN",3.82511674956915e-07,1.83310941511335,13.8015252142584,0.00020317122688415,0.013852583651192,"GSK3B",TRUE,1.85846921859875,43
"PTGS1",3.81120845236669e-07,1.83081356723795,13.7013417441846,0.000214301326180262,0.0142867550786841,"GSK3B",TRUE,1.84506640042175,44
"SEPT5",3.80391259219718e-07,1.82960637484552,13.6489345383046,0.000220366330782855,0.0143717172249688,"GSK3B",TRUE,1.84249133647461,45
"SELP",3.79140812740931e-07,1.82753274732179,13.5593467287966,0.000231137529980327,0.0145805680814901,"GSK3B",TRUE,1.83622555490349,46
"FERMT3",3.78549735539078e-07,1.82655052504015,13.5171018789014,0.000236399208717525,0.0145805680814901,"GSK3B",TRUE,1.83622555490349,47
"GNB5",3.78346188214151e-07,1.82621197722537,13.5025694148151,0.000238237024037563,0.0145805680814901,"GSK3B",TRUE,1.83622555490349,48
"FRMD4B",3.77824417516844e-07,1.82534343713217,13.4653527741279,0.000243009468024835,0.0145805680814901,"GSK3B",TRUE,1.83622555490349,49
"TGFB1",3.76624122995201e-07,1.8233415310267,13.3799336449714,0.000254330726831401,0.0148296145992832,"GSK3B",TRUE,1.82887013552452,50
"RGS10",3.763436379482e-07,1.82287294011359,13.3600120645866,0.000257046653054242,0.0148296145992832,"GSK3B",TRUE,1.82887013552452,51
"F13A1",3.7567465525385e-07,1.82175410265211,13.3125571734628,0.000263634569723041,0.014922711493757,"GSK3B",TRUE,1.82615225730674,52
"SH3BGRL3",3.74581936146762e-07,1.81992292479316,13.235225741954,0.000274736785600123,0.0152631547555624,"GSK3B",TRUE,1.81635569237525,53
"CNST",3.73067198549601e-07,1.81737697029429,13.1284007342004,0.000290852939044399,0.0158647057660581,"GSK3B",TRUE,1.79956797810894,54
"ITGB3",3.69000115355431e-07,1.81049713319171,12.8437160837795,0.000338614469998079,0.0181400608927542,"GSK3B",TRUE,1.74136125942902,55
"CTTN",3.68290461938393e-07,1.80929006224614,12.7943620476453,0.000347665520330454,0.0182981852805502,"GSK3B",TRUE,1.73759197921618,56
"PPBP",3.67170904447653e-07,1.80738172902097,12.7166937194285,0.000362405917638313,0.0187451336709472,"GSK3B",TRUE,1.72711145829136,57
"EHD3",3.65503815877368e-07,1.80453087798188,12.6014791041359,0.000385441618603602,0.0195987263696747,"GSK3B",TRUE,1.70777215051059,58
"GOLGA2",3.63780753333977e-07,1.80157261514861,12.4829470640969,0.000410683787951833,0.0205341893975917,"GSK3B",TRUE,1.68752243656983,59
"CMIP",3.61599118259506e-07,1.79780983364518,12.3336726757455,0.000444860305632535,0.021878375686846,"GSK3B",TRUE,1.65998492440559,60
"LTBP1",3.57322417669325e-07,1.79037698768847,12.0436526191788,0.000519690376086532,0.0251463085203161,"GSK3B",TRUE,1.59952576038639,61
"TMEM55A",3.54540627820178e-07,1.7855013985472,11.8568605387485,0.000574493110459465,0.0269977237831773,"GSK3B",TRUE,1.56867285028833,62
"CLEC1B",3.54470033655354e-07,1.78537724512668,11.852139264121,0.000575951440707782,0.0269977237831773,"GSK3B",TRUE,1.56867285028833,63
"SSX2IP",3.53005683585343e-07,1.78279713075719,11.7544168598751,0.000606990251663903,0.0280149346921802,"GSK3B",TRUE,1.55261038561329,64
"ARPC5",3.51997001861921e-07,1.7810145613316,11.68733847208,0.000629268479518578,0.0286031127053899,"GSK3B",TRUE,1.54358670263263,65
"HLA-E",3.50575279160656e-07,1.7784946340407,11.5931183630972,0.000661963181346523,0.0296401424483518,"GSK3B",TRUE,1.52811971350025,66
"DIAPH1",3.4932170841803e-07,1.77626549787894,11.5103583282949,0.000692094351271448,0.0304159068207254,"GSK3B",TRUE,1.5168992309398,67
"NEXN",3.49018722327339e-07,1.77572569435059,11.490399843342,0.000699565856876684,0.0304159068207254,"GSK3B",TRUE,1.5168992309398,68
"TPM1",3.46729099484426e-07,1.77163348868284,11.3401363443437,0.000758497550409989,0.0325070378747138,"GSK3B",TRUE,1.4880226027363,69
"PF4V1",3.46095347040126e-07,1.77049671658019,11.2987191626015,0.000775605784372215,0.0327720753960091,"GSK3B",TRUE,1.48449605466602,70
"GMPR",3.4431970529994e-07,1.76730222603337,11.1830804389403,0.000825466112479033,0.034394421353293,"GSK3B",TRUE,1.46351199265967,71
"ALOX12",3.43915479055711e-07,1.76657303265561,11.1568383096733,0.000837224864398588,0.0344065012766543,"GSK3B",TRUE,1.46335948760855,72
"DGKD",3.4258566165324e-07,1.76416896823634,11.0707248638056,0.000877013907542968,0.0355546178733636,"GSK3B",TRUE,1.44910398461987,73
"SLMAP",3.41877171819472e-07,1.7628848941994,11.0249822279575,0.000898921406221091,0.0359568562488436,"GSK3B",TRUE,1.44421828616749,74
"NT5C3A",3.40864370526779e-07,1.76104533171797,10.9597566000289,0.000931120467685099,0.0367547553033592,"GSK3B",TRUE,1.43468646424221,75
"THBS1",3.4036306823345e-07,1.76013308338026,10.9275437228584,0.000947450261943635,0.0369136465692325,"GSK3B",TRUE,1.43281305026168,76
"CMTM6",3.38823946976988e-07,1.75732507036366,10.8289385035268,0.000999259090374961,0.0382091499739573,"GSK3B",TRUE,1.41783262380665,77
"LMNA",3.38624130059532e-07,1.75695972079096,10.8161698247322,0.00100617428264754,0.0382091499739573,"GSK3B",TRUE,1.41783262380665,78
"CORO1C",3.38017974669081e-07,1.75585028584593,10.7774814324094,0.00102742384592866,0.0385283942223249,"GSK3B",TRUE,1.41421909103672,79
"FLNA",3.37542088481066e-07,1.75497808921124,10.7471561565195,0.00104439686538244,0.0386813653845348,"GSK3B",TRUE,1.41249820448295,80
"PECAM1",3.36674158828895e-07,1.75338465426091,10.691958399191,0.00107602237275477,0.0388819688715798,"GSK3B",TRUE,1.41025175175983,81
"RAP1B",3.36507819200197e-07,1.75307887033636,10.6813959191475,0.00108218367870197,0.0388819688715798,"GSK3B",TRUE,1.41025175175983,82
"TPST2",3.3603440728543e-07,1.75220788522214,10.6513630769503,0.00109989814443152,0.0388819688715798,"GSK3B",TRUE,1.41025175175983,83
"MTURN",3.35987820310822e-07,1.75212211770727,10.6484099246929,0.00110165578469476,0.0388819688715798,"GSK3B",TRUE,1.41025175175983,84
"FAXDC2",3.35028644534506e-07,1.7503539960116,10.5876986890894,0.00113842596235292,0.0397125335704507,"GSK3B",TRUE,1.4010724050397,85
"CLDN5",3.33373470485976e-07,1.74729269751293,10.483342267949,0.00120455649030223,0.0412532984914851,"GSK3B",TRUE,1.38454132082608,86
"RGS18",3.32907367924908e-07,1.74642828391289,10.4540484144245,0.00122380941495476,0.0412532984914851,"GSK3B",TRUE,1.38454132082608,87
"SNCA",3.32906444100893e-07,1.74642656960307,10.4539903941552,0.00122384785524739,0.0412532984914851,"GSK3B",TRUE,1.38454132082608,88
"DAPP1",3.31936120710024e-07,1.74462372564528,10.3931386529178,0.00126484438507671,0.0421614795025571,"GSK3B",TRUE,1.37508415755541,89
"RGCC",3.29735547804618e-07,1.74051836552156,10.2557926599021,0.00136256075009618,0.044919585168006,"GSK3B",TRUE,1.34756426309797,90
"ACTN1",3.27870915797693e-07,1.73702138190384,10.1401290078764,0.00145076009762882,0.0468590591696586,"GSK3B",TRUE,1.32920643536192,91
"ABCC3",3.27573615232871e-07,1.73646224723538,10.121747997879,0.00146529965308461,0.0468590591696586,"GSK3B",TRUE,1.32920643536192,92
"TIMP1",3.27416635408202e-07,1.73616683967096,10.1120492344047,0.00147303084823403,0.0468590591696586,"GSK3B",TRUE,1.32920643536192,93
"ATP2C1",3.27197818793699e-07,1.73575486464301,10.0985377340245,0.00148387020703919,0.0468590591696586,"GSK3B",TRUE,1.32920643536192,94
"ITGA2B",3.25791948944944e-07,1.73310235040304,10.0119434579829,0.00155528315175787,0.0486025984924334,"GSK3B",TRUE,1.31334051096904,95
"KIF2A",3.2467911350089e-07,1.73099577763726,9.94366296889289,0.00161404057444211,0.0499187806528489,"GSK3B",TRUE,1.30173603154292,96
"MGLL",3.237753858958e-07,1.72928050029885,9.88838465988906,0.00166325312290131,0.0509159119255504,"GSK3B",FALSE,1.2931464734286,97
"HHEX",3.23315938039186e-07,1.72840689908222,9.86034068951636,0.00168879829337669,0.0511757058598998,"GSK3B",FALSE,1.29093615845646,98
"STOM",3.20531073504841e-07,1.72308891501403,9.69120920862581,0.00185151655553442,0.0555454966660327,"GSK3B",FALSE,1.25535114558669,99
"SH3BGRL2",3.17315238253119e-07,1.71689864161534,9.49772410558183,0.00205726917899122,0.0611070053165708,"GSK3B",FALSE,1.21390899931661,100
"CD84",3.15987413102318e-07,1.71432702918177,9.41840279346372,0.00214818550931341,0.0627940827387285,"GSK3B",FALSE,1.20208127911305,101
"PLXDC2",3.15876697916474e-07,1.71411218945045,9.41180393862304,0.00215593017402968,0.0627940827387285,"GSK3B",FALSE,1.20208127911305,102
"CCPG1",3.15377984159953e-07,1.71314365147612,9.38210823273838,0.00219113417359253,0.0632057934690153,"GSK3B",FALSE,1.19924311228235,103
"MAX",3.14228562277725e-07,1.71090640144574,9.31384507271236,0.00227428692438832,0.0644220227579897,"GSK3B",FALSE,1.190965643086,104
"TUBB1",3.14201965338007e-07,1.71085455014621,9.3122684541491,0.00227624480411564,0.0644220227579897,"GSK3B",FALSE,1.190965643086,105
"CD9",3.12761816544443e-07,1.70804133819371,9.22709828470621,0.00238459257994875,0.0668577358864134,"GSK3B",FALSE,1.1748483347235,106
"ZYX",3.12026125855163e-07,1.70659995629608,9.18374064898289,0.00244174479680007,0.0678262443555574,"GSK3B",FALSE,1.16860222982888,107
"PTPN12",3.11094290143095e-07,1.70477011137639,9.12896985658326,0.00251593345447034,0.0692458748936791,"GSK3B",FALSE,1.15960609322775,108
"F2R",3.10599724539216e-07,1.70379703149141,9.09996716610054,0.00255614083377477,0.0697129318302209,"GSK3B",FALSE,1.1566866522956,109
"PAIP2",3.10284577568e-07,1.70317627543142,9.08151014918937,0.00258206740635005,0.0697856055770283,"GSK3B",FALSE,1.15623414848216,110
"ANO6",3.09706551578934e-07,1.70203631678029,9.04770595919106,0.00263024642551244,0.0704530292547975,"GSK3B",FALSE,1.15210032888025,111
"OST4",3.09375331633403e-07,1.70138227968994,9.02836391953779,0.00265822290776238,0.0705722895866119,"GSK3B",FALSE,1.15136579246099,112
"RDH11",3.0542564577026e-07,1.69353667764226,8.79931154536804,0.0030134423751283,0.0793011151349554,"GSK3B",FALSE,1.10072070557581,113
"SLC2A3",3.04870183251559e-07,1.6924263754934,8.76733490343614,0.0030667322795669,0.0800017116408756,"GSK3B",FALSE,1.09690072115512,114
"HLA-C",3.03213626330387e-07,1.68910483130391,8.67231655082367,0.00323080235737108,0.0835552333802866,"GSK3B",FALSE,1.07802634341271,115
"MPP1",3.02493068274978e-07,1.68765521046651,8.63114767156824,0.00330463315631973,0.0847341834953778,"GSK3B",FALSE,1.07194135108036,116
"RHOF",3.02105776622507e-07,1.68687483729142,8.60906034550595,0.00334494827673084,0.0850410578829873,"GSK3B",FALSE,1.07037134596963,117
"LAMTOR1",3.01601846495859e-07,1.68585816362274,8.5803634659205,0.00339807534441352,0.0856657649852149,"GSK3B",FALSE,1.06719270256354,118
"GPX1",3.00983110155588e-07,1.68460788400381,8.54519433774452,0.00346435612601356,0.0866089031503389,"GSK3B",FALSE,1.06243746144316,119
"TBXA2R",2.98989373217619e-07,1.68056415811127,8.43236114408085,0.00368601404955288,0.0913887780880879,"GSK3B",FALSE,1.0391071293606,120
"PRSS57",9.65117903994871e-06,3.95279782419757,1926.08177390039,0,0,"HIF1A",TRUE,12,1
"SMIM24",2.28472890262948e-06,2.85760953342834,107.940227325879,2.77007522225486e-25,2.77007522225486e-22,"HIF1A",TRUE,12,2
"GYPC",1.18522718183484e-06,2.42101707562014,29.0480633401722,7.06046485896102e-08,5.29534864422076e-05,"HIF1A",TRUE,4.27610544079227,3
"CDCA7",1.13905667314684e-06,2.39572752671755,26.8290096920154,2.22275500930147e-07,0.000133365300558088,"HIF1A",TRUE,3.87495715195193,4
"RPS18",1.01201007423235e-06,2.32120290957474,21.1779368290033,4.18555218595039e-06,0.0020927760929752,"HIF1A",TRUE,2.67927723453141,5
"C1orf228",9.9361187429093e-07,2.30974044736789,20.4149125013841,6.23421046612696e-06,0.00267180448548298,"HIF1A",TRUE,2.57319532538158,6
"CD34",9.29229347400229e-07,2.26811198196694,17.8549982461583,2.38392283887031e-05,0.00893971064576367,"HIF1A",TRUE,2.04867653791346,7
"SPINK2",9.21807286595229e-07,2.26315223413364,17.5709098474005,2.7679029369282e-05,0.009226343123094,"HIF1A",TRUE,2.03497039823248,8
"RPS6",8.71435103948841e-07,2.22853789778496,15.7030523369492,7.41044883257707e-05,0.0222313464977312,"HIF1A",TRUE,1.65303423236062,9
"IMPDH2",8.65959286196505e-07,2.22467040615389,15.506326511055,8.22295802425234e-05,0.0224262491570518,"HIF1A",TRUE,1.64924335711752,10
"ZFP36L2",8.22930027222872e-07,2.19351264294102,14.0036031718998,0.000182460647061453,0.042665609876147,"HIF1A",TRUE,1.36992204203996,11
"BST2",8.22200700856378e-07,2.19297237372688,13.9787926268235,0.000184884309463304,0.042665609876147,"HIF1A",TRUE,1.36992204203996,12
"LCP1",7.89937607715976e-07,2.1686430404122,12.9032632505146,0.000328009752962244,0.0702878042061951,"HIF1A",FALSE,1.15312002384838,13
"C1QTNF4",7.60060881333518e-07,2.1453260924785,11.9456762064814,0.000547743474661235,0.109548694932247,"HIF1A",FALSE,0.960392791878718,14
"ICAM3",7.4200174957106e-07,2.13084067172566,11.3847588413519,0.000740491658208452,0.138842185914085,"HIF1A",FALSE,0.85747855746856,15
"FABP5",7.17657104469707e-07,2.11081801869373,10.6499594453095,0.00110073319587837,0.194247034566772,"HIF1A",FALSE,0.711645602545673,16
"RPS21",7.10786266045292e-07,2.10505961774333,10.4470105272033,0.00122848116774772,0.204746861291286,"HIF1A",FALSE,0.688782747122234,17
"IGFBP7",7.00660568947871e-07,2.09648404191703,10.1514792621634,0.00144185497796443,0.227661312310173,"HIF1A",FALSE,0.642710765071033,18
"RPL18A",6.90900253143856e-07,2.08811478190407,9.87062563310442,0.00167938393034913,0.25190758955237,"HIF1A",FALSE,0.59875874774182,19
"RPS19",6.51625425060168e-07,2.05335734634087,8.78031343529507,0.00304498873091801,0.434998390131144,"HIF1A",FALSE,0.361512350306178,20
"SELL",6.36767067311957e-07,2.03972914571123,8.38446131710929,0.00378442355016805,0.507659602046063,"HIF1A",FALSE,0.294427395008885,21
"RPS5",6.34552249152143e-07,2.03767394992274,8.32623669233637,0.00390765261411108,0.507659602046063,"HIF1A",FALSE,0.294427395008885,22
"EEF1B2",6.31878309368721e-07,2.03518435242356,8.25621268174932,0.0040612768163685,0.507659602046063,"HIF1A",FALSE,0.294427395008885,23
"RPS3A",6.27975245643242e-07,2.03153378921846,8.1545317107534,0.0042953690095445,0.51544428114534,"HIF1A",FALSE,0.287818274510391,24
"FKBP4",6.20554147152105e-07,2.02453775068821,7.96293813475932,0.00477448476367135,0.550902088115925,"HIF1A",FALSE,0.258925581492162,25
"RPS28",5.96651116880872e-07,2.00149567276428,7.36130636669914,0.00666423553262707,0.70752417921516,"HIF1A",FALSE,0.150258713796198,26
"RPL10A",5.9506839634505e-07,1.99994164737201,7.32230388292273,0.00681040521971463,0.70752417921516,"HIF1A",FALSE,0.150258713796198,27
"RPL36",5.94758070798983e-07,1.99963652465344,7.31466877587215,0.00683940039907988,0.70752417921516,"HIF1A",FALSE,0.150258713796198,28
"RPL12",5.78450174552451e-07,1.98340288404077,6.91904077343751,0.00852827099730031,0.852827099730031,"HIF1A",FALSE,0.0691390078059886,29
"CCND1",5.75080429255583e-07,1.97999870309938,6.83866222223981,0.00892056189111486,0.863280183011116,"HIF1A",FALSE,0.0638482284015975,30
"RPL3",5.72537297089446e-07,1.97741802142794,6.77831182184695,0.0092272120017952,0.8650511251683,"HIF1A",FALSE,0.0629582246480783,31
"HPSE",5.61916936965658e-07,1.96653140559343,6.52917369165067,0.0106119243441838,0.9647203949258,"HIF1A",FALSE,0.0155985400617125,32
"TGFB1I1",5.56520258147811e-07,1.96093036010415,6.40436289635412,0.0113840269054821,0.999244735911416,"HIF1A",FALSE,0.000328130954418514,33
"ZFAS1",5.54684227107389e-07,1.95901397691688,6.36217498916725,0.0116578552522999,0.999244735911416,"HIF1A",FALSE,0.000328130954418514,34
"F10",2.70001719873167e-17,-2.40791875344894,1.50746430755126e-20,0.999999999902037,0.999999999902037,"HIF1A",FALSE,4.25447777679618e-11,35
"SHISA5",4.59593148726164e-17,-2.39195748359208,4.36778315257458e-20,0.999999999833248,0.999999999902037,"HIF1A",FALSE,4.25447777679618e-11,36
"FLT1",6.21818407123268e-17,-2.38239729546379,7.99541710215049e-20,0.999999999774389,0.999999999902037,"HIF1A",FALSE,4.25447777679618e-11,37
"F2",1.04163126571348e-16,-2.36521664320889,2.24358222934973e-19,0.99999999962207,0.999999999902037,"HIF1A",FALSE,4.25447777679618e-11,38
"VEGFA",1.11945348076102e-16,-2.36272689544455,2.59135002525983e-19,0.999999999593834,0.999999999902037,"HIF1A",FALSE,4.25447777679618e-11,39
"S100A12",1.22062141165478e-16,-2.35970719920781,3.08088824220933e-19,0.999999999557128,0.999999999902037,"HIF1A",FALSE,4.25447777679618e-11,40
"CD164",1.31856477151363e-16,-2.35698538556686,3.59514916075913e-19,0.999999999521592,0.999999999902037,"HIF1A",FALSE,4.25447777679618e-11,41
"ABCB1",1.48128235190414e-16,-2.35283149264281,4.5372182917021e-19,0.999999999462554,0.999999999902037,"HIF1A",FALSE,4.25447777679618e-11,42
"PSMD5-AS1",1.88807714327668e-16,-2.34397089802492,7.3714588672256e-19,0.999999999314959,0.999999999902037,"HIF1A",FALSE,4.25447777679618e-11,43
"S100A8",2.62275728063285e-16,-2.33152864606399,1.42242762947244e-18,0.999999999048398,0.999999999902037,"HIF1A",FALSE,4.25447777679618e-11,44
"EHMT1",2.63063273404233e-16,-2.33141275195369,1.43098281018838e-18,0.999999999045541,0.999999999902037,"HIF1A",FALSE,4.25447777679618e-11,45
"ZMAT2",2.7949511539792e-16,-2.32906127713258,1.61533432470786e-18,0.999999998985922,0.999999999902037,"HIF1A",FALSE,4.25447777679618e-11,46
"ELANE",2.87650428030216e-16,-2.3279387674722,1.71097642729397e-18,0.999999998956333,0.999999999902037,"HIF1A",FALSE,4.25447777679618e-11,47
"CLC",3.5439153510577e-16,-2.31967210113098,2.59705206758239e-18,0.999999998714179,0.999999999902037,"HIF1A",FALSE,4.25447777679618e-11,48
"BOD1L1",3.66246342748099e-16,-2.31834852491563,2.77370692109935e-18,0.999999998671167,0.999999999902037,"HIF1A",FALSE,4.25447777679618e-11,49
"FCGR3A",3.73488171934234e-16,-2.31755829067338,2.88448099716049e-18,0.999999998644892,0.999999999902037,"HIF1A",FALSE,4.25447777679618e-11,50
"CD79A",3.92505324443443e-16,-2.31554513998868,3.18570151348094e-18,0.999999998575893,0.999999999902037,"HIF1A",FALSE,4.25447777679618e-11,51
"ETS1",3.92542845022459e-16,-2.31554125310139,3.18631060115935e-18,0.999999998575757,0.999999999902037,"HIF1A",FALSE,4.25447777679618e-11,52
"TLR9",4.14838468360772e-16,-2.31328703165021,3.55854138712591e-18,0.999999998494863,0.999999999902037,"HIF1A",FALSE,4.25447777679618e-11,53
"ZFC3H1",4.15925580963414e-16,-2.31317984859944,3.57721662756304e-18,0.999999998490919,0.999999999902037,"HIF1A",FALSE,4.25447777679618e-11,54
"ATM",4.25256363743881e-16,-2.31226982129535,3.73951792758548e-18,0.999999998457064,0.999999999902037,"HIF1A",FALSE,4.25447777679618e-11,55
"PLG",4.27576584659945e-16,-2.3120462420806,3.780435257426e-18,0.999999998448646,0.999999999902037,"HIF1A",FALSE,4.25447777679618e-11,56
"IGKV4-1",5.62013740903231e-16,-2.30061271053838,6.53142350518671e-18,0.999999997960874,0.999999999902037,"HIF1A",FALSE,4.25447777679618e-11,57
"PLAT",5.62202787906334e-16,-2.3005984012385,6.53581825078889e-18,0.999999997960188,0.999999999902037,"HIF1A",FALSE,4.25447777679618e-11,58
"CYP3A4",5.69415258526189e-16,-2.30005559228194,6.70458927996302e-18,0.99999999793402,0.999999999902037,"HIF1A",FALSE,4.25447777679618e-11,59
"C1QB",5.86518593833992e-16,-2.29879203098813,7.11340517166629e-18,0.999999997871965,0.999999999902037,"HIF1A",FALSE,4.25447777679618e-11,60
"C5AR1",5.99975256525084e-16,-2.29782031581871,7.44355937811913e-18,0.999999997823141,0.999999999902037,"HIF1A",FALSE,4.25447777679618e-11,61
"HLF",6.16259468108606e-16,-2.29666957228134,7.85310106267511e-18,0.999999997764057,0.999999999902037,"HIF1A",FALSE,4.25447777679618e-11,62
"ACHE",6.17207005758082e-16,-2.29660343478097,7.87726890071617e-18,0.999999997760619,0.999999999902037,"HIF1A",FALSE,4.25447777679618e-11,63
"IGKV1-5",6.31738067087623e-16,-2.29560013268053,8.25254823690044e-18,0.999999997707897,0.999999999902037,"HIF1A",FALSE,4.25447777679618e-11,64
"IGHG1",7.08325192216846e-16,-2.29062348361906,1.0374790919387e-17,0.99999999743002,0.999999999902037,"HIF1A",FALSE,4.25447777679618e-11,65
"RASSF5",7.44203879605282e-16,-2.28845219643908,1.1452435021693e-17,0.999999997299843,0.999999999902037,"HIF1A",FALSE,4.25447777679618e-11,66
"ALOX5AP",7.87675285400424e-16,-2.28594076486259,1.28294611193059e-17,0.999999997142118,0.999999999902037,"HIF1A",FALSE,4.25447777679618e-11,67
"APOB",8.38293980528136e-16,-2.28316472718743,1.45313737240494e-17,0.999999996958461,0.999999999902037,"HIF1A",FALSE,4.25447777679618e-11,68
"UQCRHL",9.05438022160161e-16,-2.27970018751075,1.6952409430047e-17,0.999999996714846,0.999999999902037,"HIF1A",FALSE,4.25447777679618e-11,69
"GYPA",9.41084345205332e-16,-2.27795121228977,1.83134882887894e-17,0.999999996585512,0.999999999902037,"HIF1A",FALSE,4.25447777679618e-11,70
"TRAC",9.43792563771732e-16,-2.27782071353092,1.84190437437888e-17,0.999999996575686,0.999999999902037,"HIF1A",FALSE,4.25447777679618e-11,71
"C9orf78",9.90862878698474e-16,-2.27560329893192,2.03021061380649e-17,0.999999996404903,0.999999999902037,"HIF1A",FALSE,4.25447777679618e-11,72
"NBEAL1",1.01904349828069e-15,-2.27431942776229,2.14733311609587e-17,0.999999996302657,0.999999999902037,"HIF1A",FALSE,4.25447777679618e-11,73
"IL2",1.02534886765923e-15,-2.27403641715198,2.17398873439735e-17,0.999999996279779,0.999999999902037,"HIF1A",FALSE,4.25447777679618e-11,74
"MAP2K1",1.02831713419517e-15,-2.27390371543365,2.18659384574364e-17,0.99999999626901,0.999999999902037,"HIF1A",FALSE,4.25447777679618e-11,75
"XDH",1.03401002361592e-15,-2.27365013844875,2.21087136380565e-17,0.999999996248354,0.999999999902037,"HIF1A",FALSE,4.25447777679618e-11,76
"CXCR2",1.09822812392366e-15,-2.27087113480458,2.4940152184312e-17,0.999999996015355,0.999999999902037,"HIF1A",FALSE,4.25447777679618e-11,77
"LMO4",1.10639257642112e-15,-2.27052806442312,2.53123509464644e-17,0.999999995985733,0.999999999902037,"HIF1A",FALSE,4.25447777679618e-11,78
"USP3",1.13208926233927e-15,-2.26946254224883,2.65017967775603e-17,0.999999995892499,0.999999999902037,"HIF1A",FALSE,4.25447777679618e-11,79
"MBD4",1.23462067038841e-15,-2.26541110584465,3.15196266417217e-17,0.999999995520489,0.999999999902037,"HIF1A",FALSE,4.25447777679618e-11,80
"AZU1",1.24118120183099e-15,-2.26516200977909,3.18554948405275e-17,0.999999995496686,0.999999999902037,"HIF1A",FALSE,4.25447777679618e-11,81
"ARG1",1.25846060511884e-15,-2.2645113942123,3.27486368096121e-17,0.999999995433992,0.999999999902037,"HIF1A",FALSE,4.25447777679618e-11,82
"ALK",1.27499796846658e-15,-2.26389598865718,3.36149881520929e-17,0.99999999537399,0.999999999902037,"HIF1A",FALSE,4.25447777679618e-11,83
"JCHAIN",1.32891869116431e-15,-2.26193675634819,3.65183205579003e-17,0.999999995178352,0.999999999902037,"HIF1A",FALSE,4.25447777679618e-11,84
"RP11-290D2.6",1.34089942638911e-15,-2.26151088374264,3.71797432995801e-17,0.999999995134883,0.999999999902037,"HIF1A",FALSE,4.25447777679618e-11,85
"ALPL",1.34416583523263e-15,-2.26139535146718,3.73611024052733e-17,0.999999995123032,0.999999999902037,"HIF1A",FALSE,4.25447777679618e-11,86
"CXCL12",1.3481089951729e-15,-2.26125620903495,3.75806242588406e-17,0.999999995108725,0.999999999902037,"HIF1A",FALSE,4.25447777679618e-11,87
"NFKB1",1.4068938070981e-15,-2.25922294867717,4.09295163587417e-17,0.999999994895439,0.999999999902037,"HIF1A",FALSE,4.25447777679618e-11,88
"NOD2",1.5000603232253e-15,-2.25614770041007,4.6529825637176e-17,0.999999994557408,0.999999999902037,"HIF1A",FALSE,4.25447777679618e-11,89
"PARP8",1.51095925431565e-15,-2.25579893354994,4.72084218990627e-17,0.999999994517864,0.999999999902037,"HIF1A",FALSE,4.25447777679618e-11,90
"CCL4",1.54063868924178e-15,-2.25486021344006,4.90812456938326e-17,0.99999999441018,0.999999999902037,"HIF1A",FALSE,4.25447777679618e-11,91
"CTSK",1.6136129088567e-15,-2.25261764613538,5.38409477510832e-17,0.999999994145411,0.999999999902037,"HIF1A",FALSE,4.25447777679618e-11,92
"ANKRD36B",1.61989448734597e-15,-2.2524287758613,5.42609548456343e-17,0.99999999412262,0.999999999902037,"HIF1A",FALSE,4.25447777679618e-11,93
"PRPF38B",1.62760139029734e-15,-2.25219792226982,5.47784931226113e-17,0.999999994094657,0.999999999902037,"HIF1A",FALSE,4.25447777679618e-11,94
"KDR",1.62789563107871e-15,-2.2521891274886,5.4798300826932e-17,0.99999999409359,0.999999999902037,"HIF1A",FALSE,4.25447777679618e-11,95
"ABL1",1.78560585526501e-15,-2.24766381580605,6.59303194021627e-17,0.999999993521378,0.999999999902037,"HIF1A",FALSE,4.25447777679618e-11,96
"MTRNR2L12",1.80469235525772e-15,-2.24714009403507,6.73473224881134e-17,0.999999993452127,0.999999999902037,"HIF1A",FALSE,4.25447777679618e-11,97
"AR",1.80900872502739e-15,-2.24702232693517,6.76698634262053e-17,0.999999993436466,0.999999999902037,"HIF1A",FALSE,4.25447777679618e-11,98
"HBD",1.86564570512007e-15,-2.2454993779539,7.1973450249742e-17,0.999999993230973,0.999999999902037,"HIF1A",FALSE,4.25447777679618e-11,99
"RNF5",1.86849246880264e-15,-2.24542390101124,7.21932644665957e-17,0.999999993220645,0.999999999902037,"HIF1A",FALSE,4.25447777679618e-11,100
"C1QA",1.89887071660858e-15,-2.24462467178502,7.45598063058572e-17,0.999999993110425,0.999999999902037,"HIF1A",FALSE,4.25447777679618e-11,101
"LTF",1.90710836343007e-15,-2.24440987175068,7.52081175321024e-17,0.999999993080537,0.999999999902037,"HIF1A",FALSE,4.25447777679618e-11,102
"GZMA",1.95248063906595e-15,-2.243241101695,7.88292598933121e-17,0.999999992915915,0.999999999902037,"HIF1A",FALSE,4.25447777679618e-11,103
"F8",1.96630177219765e-15,-2.24288979140294,7.99492360510033e-17,0.999999992865768,0.999999999902037,"HIF1A",FALSE,4.25447777679618e-11,104
"MS4A1",1.99407002584427e-15,-2.2421904429823,8.22232781679595e-17,0.999999992765018,0.999999999902037,"HIF1A",FALSE,4.25447777679618e-11,105
"DEFA4",2.08233915470027e-15,-2.24002252090051,8.96637519110997e-17,0.999999992444756,0.999999999902037,"HIF1A",FALSE,4.25447777679618e-11,106
"IDO1",2.16128804260559e-15,-2.2381505076048,9.65915818436713e-17,0.999999992158309,0.999999999902037,"HIF1A",FALSE,4.25447777679618e-11,107
"KLF1",2.16360452099364e-15,-2.23809648803652,9.67987474012188e-17,0.999999992149905,0.999999999902037,"HIF1A",FALSE,4.25447777679618e-11,108
"DNAJC8",2.16944087999068e-15,-2.23796060968184,9.73216842122822e-17,0.999999992128729,0.999999999902037,"HIF1A",FALSE,4.25447777679618e-11,109
"IGFBP3",2.17760854110735e-15,-2.23777099079069,9.80558704929379e-17,0.999999992099095,0.999999999902037,"HIF1A",FALSE,4.25447777679618e-11,110
"DEFA3",2.19682850543435e-15,-2.23732722403243,9.97944266569114e-17,0.99999999202936,0.999999999902037,"HIF1A",FALSE,4.25447777679618e-11,111
"MON2",2.19717331019227e-15,-2.2373192939166,9.98257557237288e-17,0.999999992028109,0.999999999902037,"HIF1A",FALSE,4.25447777679618e-11,112
"EGFR",2.19974055545103e-15,-2.23726028437442,1.0005917101054e-16,0.999999992018794,0.999999999902037,"HIF1A",FALSE,4.25447777679618e-11,113
"TEK",2.20180049548241e-15,-2.23721297902407,1.00246658939192e-16,0.99999999201132,0.999999999902037,"HIF1A",FALSE,4.25447777679618e-11,114
"FIS1",2.23804407102984e-15,-2.23638692928458,1.03574118444758e-16,0.999999991879819,0.999999999902037,"HIF1A",FALSE,4.25447777679618e-11,115
"PPARG",2.25820051689171e-15,-2.23593257682374,1.05448154151603e-16,0.999999991806687,0.999999999902037,"HIF1A",FALSE,4.25447777679618e-11,116
"CCDC47",2.28023842666702e-15,-2.23543985158128,1.07516346251326e-16,0.999999991726728,0.999999999902037,"HIF1A",FALSE,4.25447777679618e-11,117
"KNG1",2.28071250163939e-15,-2.23542929797772,1.07561057459459e-16,0.999999991725008,0.999999999902037,"HIF1A",FALSE,4.25447777679618e-11,118
"EMC6",2.39000234461775e-15,-2.23304602861656,1.18116516692117e-16,0.999999991328477,0.999999999902037,"HIF1A",FALSE,4.25447777679618e-11,119
"USP48",2.39418026954732e-15,-2.23295682560151,1.18529832825252e-16,0.999999991313319,0.999999999902037,"HIF1A",FALSE,4.25447777679618e-11,120
"PRSS57",1.3586866235341e-05,3.93880380738268,1918.51753380719,0,0,"KIT",TRUE,12,1
"SMIM24",3.23495224056154e-06,2.83392045901908,108.75842754914,1.83320404051189e-25,1.83320404051189e-22,"KIT",TRUE,12,2
"GYPC",1.66419538147449e-06,2.38804273846032,28.7829827911605,8.09593434533064e-08,6.07195075899798e-05,"KIT",TRUE,4.2166717590464,3
"CDCA7",1.59619304340824e-06,2.36132129290217,26.4787817911139,2.66448741161068e-07,0.000159869244696641,"KIT",TRUE,3.79623507686188,4
"RPS18",1.42076229526079e-06,2.28751315348958,20.9782868464678,4.64518210759884e-06,0.00232259105379942,"KIT",TRUE,2.63402725111796,5
"C1orf228",1.3971947090227e-06,2.27700076482891,20.2880841675698,6.66141602009733e-06,0.00285489258004171,"KIT",TRUE,2.54441022814416,6
"SPINK2",1.29700568402306e-06,2.23051419819712,17.4827976878133,2.89919106748511e-05,0.00987657117848296,"KIT",TRUE,2.00539380204404,7
"CD34",1.29547027538173e-06,2.22977780723271,17.4414295576281,2.96297135354489e-05,0.00987657117848296,"KIT",TRUE,2.00539380204404,8
"RPS6",1.21997812367009e-06,2.19259972172885,15.4678965700335,8.39185374916088e-05,0.0251755612474826,"KIT",TRUE,1.59902083878953,9
"IMPDH2",1.20140469295293e-06,2.18314657838942,15.0005029720523,0.000107482525621131,0.0293134160784904,"KIT",TRUE,1.53293356751895,10
"ZFP36L2",1.14638637895234e-06,2.15437863099045,13.6580660215651,0.000219297251497228,0.0548243128743071,"KIT",FALSE,1.26102680272872,11
"BST2",1.13535824344472e-06,2.14846816723126,13.3965512031208,0.000252087376798763,0.0581740100304838,"KIT",FALSE,1.23527099853468,12
"LCP1",1.09049073157906e-06,2.12389471276703,12.3586527768412,0.000438947325462883,0.0940601411706178,"KIT",FALSE,1.02659437377648,13
"C1QTNF4",1.0609714200188e-06,2.10724312022637,11.6986175599506,0.000625465497681712,0.125093099536342,"KIT",FALSE,0.902766646469204,14
"ICAM3",1.03553720347047e-06,2.09256948036329,11.1444486071139,0.000842835219565051,0.158031603668447,"KIT",FALSE,0.801256052752487,15
"FABP5",1.00422396827774e-06,2.07406723740075,10.4806529088513,0.00120631117875218,0.212878443309208,"KIT",FALSE,0.671868314258494,16
"RPS21",9.84887596834765e-07,2.06238962836021,10.0809279230404,0.00149811870234684,0.240670897448941,"KIT",FALSE,0.61857642256867,17
"RPL18A",9.83330117816418e-07,2.06144038114439,10.0490696291519,0.00152424901717663,0.240670897448941,"KIT",FALSE,0.61857642256867,18
"IGFBP7",9.75439638936673e-07,2.05661112620016,9.88844433912488,0.00166319918077496,0.249479877116245,"KIT",FALSE,0.602964478536851,19
"RPS19",9.00184921977829e-07,2.0087608554505,8.42152305160412,0.0037080504860859,0.523230589830566,"KIT",FALSE,0.281306873616766,20
"SELL",8.94801346667509e-07,2.00520590015709,8.32109406125339,0.0039187310210109,0.523230589830566,"KIT",FALSE,0.281306873616766,21
"EEF1B2",8.92515354708709e-07,2.00369075302714,8.27863177387867,0.00401143452203434,0.523230589830566,"KIT",FALSE,0.281306873616766,22
"RPS3A",8.87002071775197e-07,2.00002263380085,8.17666945615375,0.00424325978500212,0.530407473125264,"KIT",FALSE,0.275390365609692,23
"RPS5",8.8077572217735e-07,1.99585617110277,8.06227937996666,0.0045196288674718,0.542355464096616,"KIT",FALSE,0.265715980076084,24
"FKBP4",8.61148000146516e-07,1.98255213910381,7.70695401917862,0.0055008494144469,0.634713393974643,"KIT",FALSE,0.197422336934346,25
"RPL10A",8.2978250619257e-07,1.96073411908516,7.15575927988318,0.00747236557493034,0.830262841658927,"KIT",FALSE,0.0807843984534794,26
"RPL36",8.25121692492555e-07,1.95743102324772,7.07559852933024,0.00781407156323002,0.836529967607693,"KIT",FALSE,0.0775184963829548,27
"RPS28",8.21535441873743e-07,1.95487839818589,7.01422642854908,0.00808645635354103,0.836529967607693,"KIT",FALSE,0.0775184963829548,28
"RPL12",8.04611660390082e-07,1.94269997664658,6.72821432510355,0.0094899556809007,0.94899556809007,"KIT",FALSE,0.0227358157692524,29
"RPL3",7.98071195154362e-07,1.93793366682349,6.61927531968257,0.0100880873406039,0.976266516832632,"KIT",FALSE,0.0104316055002093,30
"SHISA5",3.99587033546749e-17,-2.34242515300242,1.65939565039318e-20,0.999999999897218,0.999999999897218,"KIT",FALSE,4.46376576688324e-11,31
"F10",7.15967163683104e-17,-2.32627541914101,5.32737640338832e-20,0.999999999815839,0.999999999897218,"KIT",FALSE,4.46376576688324e-11,32
"S100A12",8.93777061563931e-17,-2.31980385364186,8.30205454045325e-20,0.999999999770103,0.999999999897218,"KIT",FALSE,4.46376576688324e-11,33
"FLT1",9.44386011078087e-17,-2.31816779825747,9.26885875111725e-20,0.999999999757086,0.999999999897218,"KIT",FALSE,4.46376576688324e-11,34
"F2",1.3488397583841e-16,-2.30729104967117,1.89081000070981e-19,0.999999999653052,0.999999999897218,"KIT",FALSE,4.46376576688324e-11,35
"CD164",1.37089299115433e-16,-2.30678410584342,1.95314409670732e-19,0.99999999964738,0.999999999897218,"KIT",FALSE,4.46376576688324e-11,36
"VEGFA",1.42796861447884e-16,-2.30550429710666,2.11916365762812e-19,0.999999999632699,0.999999999897218,"KIT",FALSE,4.46376576688324e-11,37
"ABCB1",1.86253766088838e-16,-2.29700002163404,3.60526588688124e-19,0.999999999520919,0.999999999897218,"KIT",FALSE,4.46376576688324e-11,38
"PSMD5-AS1",2.37225271495105e-16,-2.28899721196796,5.84856172684711e-19,0.999999999389811,0.999999999897218,"KIT",FALSE,4.46376576688324e-11,39
"S100A8",2.44185182483828e-16,-2.28802359143413,6.19677584509314e-19,0.999999999371908,0.999999999897218,"KIT",FALSE,4.46376576688324e-11,40
"ZMAT2",2.76751013188968e-16,-2.28376589334278,7.95986335243939e-19,0.999999999288143,0.999999999897218,"KIT",FALSE,4.46376576688324e-11,41
"EHMT1",3.00083038984508e-16,-2.28097597768154,9.3585824713691e-19,0.999999999228128,0.999999999897218,"KIT",FALSE,4.46376576688324e-11,42
"ELANE",3.35116569194531e-16,-2.27712229281436,1.16712931018205e-18,0.999999999138015,0.999999999897218,"KIT",FALSE,4.46376576688324e-11,43
"CLC",3.56895923252681e-16,-2.27489983782321,1.32376333331152e-18,0.999999999081995,0.999999999897218,"KIT",FALSE,4.46376576688324e-11,44
"BOD1L1",3.64085196225163e-16,-2.27419209471424,1.37763197674792e-18,0.999999999063502,0.999999999897218,"KIT",FALSE,4.46376576688324e-11,45
"FCGR3A",3.78208953521757e-16,-2.27283638682242,1.48658855527255e-18,0.999999999027173,0.999999999897218,"KIT",FALSE,4.46376576688324e-11,46
"CD79A",3.89667907694747e-16,-2.27176845422248,1.57803434962221e-18,0.999999998997699,0.999999999897218,"KIT",FALSE,4.46376576688324e-11,47
"ATM",4.10640871620387e-16,-2.26988269931764,1.7524737415653e-18,0.999999998943752,0.999999999897218,"KIT",FALSE,4.46376576688324e-11,48
"PLG",4.13690863842095e-16,-2.26961547750119,1.77860305056653e-18,0.999999998935907,0.999999999897218,"KIT",FALSE,4.46376576688324e-11,49
"TLR9",4.20513655225817e-16,-2.26902385612386,1.83775401141826e-18,0.999999998918357,0.999999999897218,"KIT",FALSE,4.46376576688324e-11,50
"ETS1",4.37157490051119e-16,-2.26761492029995,1.98610873191798e-18,0.999999998875546,0.999999999897218,"KIT",FALSE,4.46376576688324e-11,51
"ZFC3H1",4.56016883644633e-16,-2.26607375031565,2.16117043598634e-18,0.999999998827036,0.999999999897218,"KIT",FALSE,4.46376576688324e-11,52
"CYP3A4",5.57157819090861e-16,-2.25864780503805,3.22614314072224e-18,0.999999998566882,0.999999999897218,"KIT",FALSE,4.46376576688324e-11,53
"PLAT",5.69508819652594e-16,-2.25782318811026,3.37076193935684e-18,0.999999998535113,0.999999999897218,"KIT",FALSE,4.46376576688324e-11,54
"C1QB",5.88269381370828e-16,-2.25659991844478,3.59649666797833e-18,0.999999998486857,0.999999999897218,"KIT",FALSE,4.46376576688324e-11,55
"C5AR1",5.9023510486894e-16,-2.25647371677434,3.62057247438642e-18,0.999999998481801,0.999999999897218,"KIT",FALSE,4.46376576688324e-11,56
"IGKV4-1",6.0699575827872e-16,-2.25541226403652,3.82911566924079e-18,0.999999998438689,0.999999999897218,"KIT",FALSE,4.46376576688324e-11,57
"ACHE",6.75926937028309e-16,-2.2512986181925,4.74817461441302e-18,0.999999998261385,0.999999999897218,"KIT",FALSE,4.46376576688324e-11,58
"HLF",6.78066865299086e-16,-2.25117685910847,4.7782868546053e-18,0.999999998255881,0.999999999897218,"KIT",FALSE,4.46376576688324e-11,59
"IGKV1-5",6.84273760069864e-16,-2.25082557623335,4.86616629108963e-18,0.999999998239915,0.999999999897218,"KIT",FALSE,4.46376576688324e-11,60
"IGHG1",7.61574143275029e-16,-2.24666815542356,6.0276989613222e-18,0.999999998041084,0.999999999897218,"KIT",FALSE,4.46376576688324e-11,61
"RASSF5",7.97539506356659e-16,-2.24485781690931,6.61045850680404e-18,0.999999997948574,0.999999999897218,"KIT",FALSE,4.46376576688324e-11,62
"ALOX5AP",8.15928683782308e-16,-2.24395946949595,6.91881271794444e-18,0.999999997901273,0.999999999897218,"KIT",FALSE,4.46376576688324e-11,63
"APOB",9.09870656374295e-16,-2.23962785815735,8.60372442196398e-18,0.999999997659637,0.999999999897218,"KIT",FALSE,4.46376576688324e-11,64
"UQCRHL",9.58081685518034e-16,-2.23755407583759,9.53964579946223e-18,0.999999997535628,0.999999999897218,"KIT",FALSE,4.46376576688324e-11,65
"C9orf78",9.95903686071536e-16,-2.23598978977025,1.03077019617277e-17,0.999999997438343,0.999999999897218,"KIT",FALSE,4.46376576688324e-11,66
"GYPA",1.02084132017113e-15,-2.23498642747493,1.08303789883753e-17,0.999999997374199,0.999999999897218,"KIT",FALSE,4.46376576688324e-11,67
"TRAC",1.0334969956365e-15,-2.23448535895553,1.11005784435886e-17,0.999999997341646,0.999999999897218,"KIT",FALSE,4.46376576688324e-11,68
"IL2",1.04404689606186e-15,-2.23407172585841,1.13283637687045e-17,0.999999997314509,0.999999999897218,"KIT",FALSE,4.46376576688324e-11,69
"XDH",1.0502716664305e-15,-2.2338293718484,1.14638494034071e-17,0.999999997298498,0.999999999897218,"KIT",FALSE,4.46376576688324e-11,70
"MAP2K1",1.0584056558752e-15,-2.23351456080986,1.16421040687447e-17,0.999999997277576,0.999999999897218,"KIT",FALSE,4.46376576688324e-11,71
"NBEAL1",1.08761477727121e-15,-2.2324011555905,1.2293551715563e-17,0.999999997202444,0.999999999897218,"KIT",FALSE,4.46376576688324e-11,72
"LMO4",1.14538794022504e-15,-2.23027346746068,1.36342855512373e-17,0.99999999705384,0.999999999897218,"KIT",FALSE,4.46376576688324e-11,73
"CXCR2",1.16764713974357e-15,-2.22947855272234,1.41693658179724e-17,0.999999996996585,0.999999999897218,"KIT",FALSE,4.46376576688324e-11,74
"USP3",1.16860003179534e-15,-2.22944481843215,1.41925018920552e-17,0.999999996994135,0.999999999897218,"KIT",FALSE,4.46376576688324e-11,75
"ARG1",1.25539549784947e-15,-2.226468038885,1.63790348466478e-17,0.99999999677088,0.999999999897218,"KIT",FALSE,4.46376576688324e-11,76
"MBD4",1.26077068512973e-15,-2.22628963910286,1.6519594311421e-17,0.999999996757054,0.999999999897218,"KIT",FALSE,4.46376576688324e-11,77
"AZU1",1.27190847940002e-15,-2.22592207721361,1.68127555463308e-17,0.999999996728405,0.999999999897218,"KIT",FALSE,4.46376576688324e-11,78
"ALK",1.30106091957172e-15,-2.22497309830473,1.7592292498968e-17,0.999999996653419,0.999999999897218,"KIT",FALSE,4.46376576688324e-11,79
"CXCL12",1.37208027644783e-15,-2.22273645040859,1.95652866932612e-17,0.999999996470744,0.999999999897218,"KIT",FALSE,4.46376576688324e-11,80
"RP11-290D2.6",1.3826997803628e-15,-2.2224107045812,1.98693180186984e-17,0.999999996443429,0.999999999897218,"KIT",FALSE,4.46376576688324e-11,81
"ALPL",1.41989736795985e-15,-2.22128659871815,2.09527524273102e-17,0.999999996347749,0.999999999897218,"KIT",FALSE,4.46376576688324e-11,82
"JCHAIN",1.43568277068761e-15,-2.22081729313593,2.14212174735494e-17,0.999999996307146,0.999999999897218,"KIT",FALSE,4.46376576688324e-11,83
"NFKB1",1.48806644216692e-15,-2.2192914225349,2.3012924836317e-17,0.999999996172405,0.999999999897218,"KIT",FALSE,4.46376576688324e-11,84
"CCL4",1.58503667691453e-15,-2.21658610463003,2.61099358769026e-17,0.999999995922979,0.999999999897218,"KIT",FALSE,4.46376576688324e-11,85
"NOD2",1.58919479905028e-15,-2.21647335155666,2.62471070992443e-17,0.999999995912283,0.999999999897218,"KIT",FALSE,4.46376576688324e-11,86
"PARP8",1.60086311284206e-15,-2.21615831443991,2.66339492956022e-17,0.99999999588227,0.999999999897218,"KIT",FALSE,4.46376576688324e-11,87
"CTSK",1.67300600705964e-15,-2.21425370616149,2.90885567458209e-17,0.999999995696705,0.999999999897218,"KIT",FALSE,4.46376576688324e-11,88
"PRPF38B",1.67501329485472e-15,-2.21420174202666,2.91584000489232e-17,0.999999995691542,0.999999999897218,"KIT",FALSE,4.46376576688324e-11,89
"ANKRD36B",1.67581279787326e-15,-2.21418105978765,2.91862419681764e-17,0.999999995689485,0.999999999897218,"KIT",FALSE,4.46376576688324e-11,90
"KDR",1.68541845835878e-15,-2.21393324093152,2.95217885344617e-17,0.999999995664777,0.999999999897218,"KIT",FALSE,4.46376576688324e-11,91
"ABL1",1.90833629382179e-15,-2.20850155136744,3.78474821896275e-17,0.99999999509139,0.999999999897218,"KIT",FALSE,4.46376576688324e-11,92
"MTRNR2L12",1.91168050811352e-15,-2.20842436077244,3.79802480899419e-17,0.999999995082788,0.999999999897218,"KIT",FALSE,4.46376576688324e-11,93
"AR",1.93133368030071e-15,-2.20797308872293,3.87651797023405e-17,0.999999995032236,0.999999999897218,"KIT",FALSE,4.46376576688324e-11,94
"HBD",1.94565150624096e-15,-2.20764683415204,3.93420768521375e-17,0.999999994995408,0.999999999897218,"KIT",FALSE,4.46376576688324e-11,95
"RNF5",1.97732956171301e-15,-2.20693235661724,4.06335991258155e-17,0.999999994913926,0.999999999897218,"KIT",FALSE,4.46376576688324e-11,96
"C1QA",2.00002957116852e-15,-2.20642647178365,4.15719127416096e-17,0.999999994855537,0.999999999897218,"KIT",FALSE,4.46376576688324e-11,97
"LTF",2.01736341802272e-15,-2.20604352764599,4.22956258613937e-17,0.999999994810951,0.999999999897218,"KIT",FALSE,4.46376576688324e-11,98
"GZMA",2.02586689400666e-15,-2.20585671192126,4.26529415977712e-17,0.999999994789078,0.999999999897218,"KIT",FALSE,4.46376576688324e-11,99
"MS4A1",2.04883961796046e-15,-2.20535540573801,4.36257694602234e-17,0.999999994729988,0.999999999897218,"KIT",FALSE,4.46376576688324e-11,100
"F8",2.09632993320403e-15,-2.20433439499829,4.56716229300339e-17,0.999999994607834,0.999999999897218,"KIT",FALSE,4.46376576688324e-11,101
"DEFA4",2.20087905169458e-15,-2.20215572482131,5.03407320494341e-17,0.999999994338913,0.999999999897218,"KIT",FALSE,4.46376576688324e-11,102
"KLF1",2.22777006128677e-15,-2.20160992827352,5.15784040120053e-17,0.999999994269744,0.999999999897218,"KIT",FALSE,4.46376576688324e-11,103
"TEK",2.26978658562826e-15,-2.20076850031931,5.35423246745737e-17,0.99999999416167,0.999999999897218,"KIT",FALSE,4.46376576688324e-11,104
"MON2",2.2700077115142e-15,-2.20076410799036,5.35527575238721e-17,0.999999994161101,0.999999999897218,"KIT",FALSE,4.46376576688324e-11,105
"DNAJC8",2.29161455449605e-15,-2.20033670538661,5.45770826101299e-17,0.999999994105524,0.999999999897218,"KIT",FALSE,4.46376576688324e-11,106
"IDO1",2.30919459232267e-15,-2.19999153521983,5.54176667595566e-17,0.999999994060304,0.999999999897218,"KIT",FALSE,4.46376576688324e-11,107
"FIS1",2.31414915152314e-15,-2.19989466929017,5.56557278285933e-17,0.99999999404756,0.999999999897218,"KIT",FALSE,4.46376576688324e-11,108
"IGFBP3",2.32863897697694e-15,-2.1996124123046,5.63548759457985e-17,0.99999999401029,0.999999999897218,"KIT",FALSE,4.46376576688324e-11,109
"DEFA3",2.33163913964321e-15,-2.19955416111778,5.65001820339133e-17,0.999999994002573,0.999999999897218,"KIT",FALSE,4.46376576688324e-11,110
"EGFR",2.33541413668708e-15,-2.19948095829997,5.66832812764423e-17,0.999999993992863,0.999999999897218,"KIT",FALSE,4.46376576688324e-11,111
"KNG1",2.35840953689926e-15,-2.19903725349029,5.78050282763173e-17,0.999999993933714,0.999999999897218,"KIT",FALSE,4.46376576688324e-11,112
"PPARG",2.39520993986234e-15,-2.19833494529753,5.96230713200285e-17,0.999999993839056,0.999999999897218,"KIT",FALSE,4.46376576688324e-11,113
"CCDC47",2.4154622806851e-15,-2.19795243924146,6.06356019444706e-17,0.999999993786963,0.999999999897218,"KIT",FALSE,4.46376576688324e-11,114
"EMC6",2.47004424001629e-15,-2.19693526967195,6.34069169416646e-17,0.999999993646568,0.999999999897218,"KIT",FALSE,4.46376576688324e-11,115
"IGKC",2.47865927120016e-15,-2.19677651325826,6.384999012142e-17,0.999999993624409,0.999999999897218,"KIT",FALSE,4.46376576688324e-11,116
"SH3KBP1",2.50622651880906e-15,-2.19627171365842,6.52781465951358e-17,0.9999999935535,0.999999999897218,"KIT",FALSE,4.46376576688324e-11,117
"USP48",2.52132956631534e-15,-2.19599719767378,6.60672768344167e-17,0.999999993514652,0.999999999897218,"KIT",FALSE,4.46376576688324e-11,118
"ILF3-AS1",2.5519521959059e-15,-2.19544495701556,6.76818533729114e-17,0.999999993435885,0.999999999897218,"KIT",FALSE,4.46376576688324e-11,119
"TTR",2.57640308270967e-15,-2.1950081395715,6.89850198290689e-17,0.999999993372993,0.999999999897218,"KIT",FALSE,4.46376576688324e-11,120
"PRSS57",1.21902034774068e-05,4.08169909296368,1945.13664280859,0,0,"PARP1",TRUE,12,1
"SMIM24",2.91803598310897e-06,2.93195681889814,111.457549768115,4.69756890392961e-26,4.69756890392961e-23,"PARP1",TRUE,12,2
"GYPC",1.49843349780644e-06,2.46683558009684,29.3902413144063,5.91748742784433e-08,4.43811557088325e-05,"PARP1",TRUE,4.35280139269812,3
"CDCA7",1.43227457778069e-06,2.43680112114441,26.852255597156,2.19617877366506e-07,0.000131770726419904,"PARP1",TRUE,3.88018105989654,4
"RPS18",1.26863708421606e-06,2.35700348589511,21.0670152769335,4.43497001599109e-06,0.00221748500799555,"PARP1",TRUE,2.65413930767067,5
"C1orf228",1.25234000391548e-06,2.34857562631163,20.5292324749849,5.87274855620943e-06,0.00251689223837547,"PARP1",TRUE,2.59913537852425,6
"CD34",1.16807694750322e-06,2.30342237773064,17.8595746580945,2.37819663158562e-05,0.00891823736844609,"PARP1",TRUE,2.04972097261947,7
"SPINK2",1.15189626303275e-06,2.29443049260339,17.3682053064936,3.07934361321714e-05,0.0102644787107238,"PARP1",TRUE,1.98866310170545,8
"RPS6",1.0987174948094e-06,2.264086998117,15.8015716642999,7.03440516850581e-05,0.0211032155055174,"PARP1",TRUE,1.67565136603375,9
"IMPDH2",1.0846056567393e-06,2.2558215738193,15.3982701897583,8.70679612990537e-05,0.0237458076270147,"PARP1",TRUE,1.6244130548884,10
"ZFP36L2",1.03372327862238e-06,2.22522479324279,13.9873936728691,0.000184040450236574,0.0460101125591435,"PARP1",TRUE,1.33714670427584,11
"BST2",1.02623892705325e-06,2.22061477004381,13.7855841583205,0.000204902469932008,0.0472851853689248,"PARP1",TRUE,1.32527490408897,12
"LCP1",9.97467143763886e-07,2.2026171446796,13.0234307071791,0.00030761774927668,0.065918089130717,"PARP1",FALSE,1.18099539069222,13
"C1QTNF4",9.51904229311369e-07,2.17317476076905,11.8608200872849,0.000573272940704206,0.114654588140841,"PARP1",FALSE,0.940608561393006,14
"ICAM3",9.4107641562567e-07,2.16599879117826,11.5925234970822,0.00066217496165783,0.124157805310843,"PARP1",FALSE,0.906025972872408,15
"FABP5",8.83879183684025e-07,2.12686175991058,10.2261937622888,0.0013846009735599,0.237198359717821,"PARP1",FALSE,0.62488831854539,16
"RPS21",8.81301603384699e-07,2.12504694007812,10.1666372028174,0.00143004869054452,0.237198359717821,"PARP1",FALSE,0.62488831854539,17
"RPL18A",8.77357632449776e-07,2.12226115740965,10.0758460337311,0.00150225627821287,0.237198359717821,"PARP1",FALSE,0.62488831854539,18
"IGFBP7",8.71605951132364e-07,2.11817901734712,9.9441708941292,0.00161359529054615,0.242039293581922,"PARP1",FALSE,0.616114123273575,19
"EEF1B2",8.05050347987323e-07,2.06916300521231,8.48348487020637,0.00358384927709808,0.505884435006472,"PARP1",FALSE,0.295948682708039,20
"RPS19",8.02063697813247e-07,2.06688222540221,8.42065599874078,0.00370981919004746,0.505884435006472,"PARP1",FALSE,0.295948682708039,21
"SELL",7.97260134138378e-07,2.06319847299691,8.32009532687146,0.00392088622661615,0.511419942602107,"PARP1",FALSE,0.291222340851759,22
"RPS3A",7.8910955146787e-07,2.05690376174301,8.15084821572924,0.00430410245550293,0.538012806937866,"PARP1",FALSE,0.269207386199325,23
"RPS5",7.8357880348526e-07,2.05260021484583,8.03699252401303,0.00458315673659282,0.549978808391139,"PARP1",FALSE,0.259654044280483,24
"FKBP4",7.76825858016024e-07,2.04730985389149,7.89906253954605,0.00494604245497636,0.570697206343426,"PARP1",FALSE,0.243594253388669,25
"RPL10A",7.57870101355482e-07,2.03224392323425,7.51826715126485,0.00610764058012778,0.678626731125309,"PARP1",FALSE,0.168369037482574,26
"RPS28",7.39067305907738e-07,2.01697369876429,7.14983776031542,0.00749707684044735,0.803258232905073,"PARP1",FALSE,0.0951448145011006,27
"RPL36",7.34113148111599e-07,2.01289434399376,7.05430463430513,0.00790749989439063,0.818017230454203,"PARP1",FALSE,0.0872375483917946,28
"RPL3",7.28984745756518e-07,2.00864632601897,6.95608830892721,0.00835344691489699,0.835344691489699,"PARP1",FALSE,0.0781342829325225,29
"RPL12",7.21672850242923e-07,2.00254468290355,6.81724559355386,0.00902817058159987,0.8736939272516,"PARP1",FALSE,0.0586406829105186,30
"ZFAS1",7.08937848523884e-07,1.99178858009812,6.57876739522493,0.0103202333346984,0.967521875127974,"PARP1",FALSE,0.0143392070429305,31
"SHISA5",4.97018307118665e-17,-2.31136162233787,3.23350083229776e-20,0.999999999856525,0.999999999856525,"PARP1",FALSE,6.23104049867973e-11,32
"F10",6.46753316828395e-17,-2.30433423159642,5.47526993117606e-20,0.999999999813301,0.999999999856525,"PARP1",FALSE,6.23104049867973e-11,33
"FLT1",8.60406326462863e-17,-2.2964313936529,9.69025923677784e-20,0.999999999751625,0.999999999856525,"PARP1",FALSE,6.23104049867973e-11,34
"S100A12",8.65183787610067e-17,-2.29627507604471,9.79816956496503e-20,0.999999999750246,0.999999999856525,"PARP1",FALSE,6.23104049867973e-11,35
"CD164",1.44193166892531e-16,-2.28134404775451,2.7215578240122e-19,0.999999999583755,0.999999999856525,"PARP1",FALSE,6.23104049867973e-11,36
"VEGFA",1.48737565230831e-16,-2.28040364309494,2.89580651928394e-19,0.999999999570637,0.999999999856525,"PARP1",FALSE,6.23104049867973e-11,37
"F2",1.53901967256258e-16,-2.27936467299735,3.10039157451124e-19,0.999999999555729,0.999999999856525,"PARP1",FALSE,6.23104049867973e-11,38
"ABCB1",1.99967361657622e-16,-2.27123426422845,5.23415330554372e-19,0.999999999422751,0.999999999856525,"PARP1",FALSE,6.23104049867973e-11,39
"PSMD5-AS1",2.32160135740801e-16,-2.26646973116603,7.05510535523457e-19,0.999999999329819,0.999999999856525,"PARP1",FALSE,6.23104049867973e-11,40
"S100A8",2.49902517077999e-16,-2.26408378590118,8.17465563081466e-19,0.999999999278602,0.999999999856525,"PARP1",FALSE,6.23104049867973e-11,41
"ZMAT2",2.92256861905017e-16,-2.25893240034657,1.11804076585582e-18,0.999999999156337,0.999999999856525,"PARP1",FALSE,6.23104049867973e-11,42
"EHMT1",3.03884621211857e-16,-2.25763175749458,1.20877550240109e-18,0.999999999122771,0.999999999856525,"PARP1",FALSE,6.23104049867973e-11,43
"ELANE",3.34489647946128e-16,-2.25440370508103,1.46451413714096e-18,0.999999999034423,0.999999999856525,"PARP1",FALSE,6.23104049867973e-11,44
"CLC",3.62980226820974e-16,-2.25162090057509,1.72462286983082e-18,0.999999998952179,0.999999999856525,"PARP1",FALSE,6.23104049867973e-11,45
"BOD1L1",3.66820959407913e-16,-2.25126035181995,1.76131279624006e-18,0.999999998941092,0.999999999856525,"PARP1",FALSE,6.23104049867973e-11,46
"FCGR3A",3.84437225609414e-16,-2.24964737453833,1.93454605955359e-18,0.999999998890239,0.999999999856525,"PARP1",FALSE,6.23104049867973e-11,47
"CD79A",4.20792817215915e-16,-2.24651141335249,2.31774066948004e-18,0.99999999878529,0.999999999856525,"PARP1",FALSE,6.23104049867973e-11,48
"ATM",4.24719183685454e-16,-2.24618692579702,2.36119557539583e-18,0.999999998773956,0.999999999856525,"PARP1",FALSE,6.23104049867973e-11,49
"PLG",4.43208165596051e-16,-2.24469299178456,2.57124648990697e-18,0.999999998720584,0.999999999856525,"PARP1",FALSE,6.23104049867973e-11,50
"ETS1",4.44535317760683e-16,-2.24458784469179,2.58666833790281e-18,0.999999998716752,0.999999999856525,"PARP1",FALSE,6.23104049867973e-11,51
"TLR9",4.45309225524031e-16,-2.24452665522906,2.5956826284142e-18,0.999999998714518,0.999999999856525,"PARP1",FALSE,6.23104049867973e-11,52
"ZFC3H1",4.64443198699316e-16,-2.24304234707745,2.82353659207232e-18,0.999999998659284,0.999999999856525,"PARP1",FALSE,6.23104049867973e-11,53
"CYP3A4",5.73157199830932e-16,-2.23549498104628,4.30007182761309e-18,0.999999998345457,0.999999999856525,"PARP1",FALSE,6.23104049867973e-11,54
"PLAT",5.91495265014042e-16,-2.23434638969805,4.57963378190049e-18,0.999999998292521,0.999999999856525,"PARP1",FALSE,6.23104049867973e-11,55
"C5AR1",6.10442865053983e-16,-2.23319156444736,4.87773553297109e-18,0.999999998237824,0.999999999856525,"PARP1",FALSE,6.23104049867973e-11,56
"C1QB",6.18234730381842e-16,-2.23272565118204,5.00305183834312e-18,0.999999998215331,0.999999999856525,"PARP1",FALSE,6.23104049867973e-11,57
"IGKV4-1",6.22154095474504e-16,-2.23249321242908,5.06668767684917e-18,0.999999998204017,0.999999999856525,"PARP1",FALSE,6.23104049867973e-11,58
"HLF",6.66604987111458e-16,-2.22994212167289,5.81654808064447e-18,0.9999999980757,0.999999999856525,"PARP1",FALSE,6.23104049867973e-11,59
"ACHE",6.67256994981891e-16,-2.22990581187707,5.82793200334369e-18,0.999999998073818,0.999999999856525,"PARP1",FALSE,6.23104049867973e-11,60
"IGKV1-5",6.95160035298635e-16,-2.22837998141827,6.3255428012907e-18,0.99999999799327,0.999999999856525,"PARP1",FALSE,6.23104049867973e-11,61
"IGHG1",7.53211529848152e-16,-2.225368355042,7.42612276156181e-18,0.999999997825692,0.999999999856525,"PARP1",FALSE,6.23104049867973e-11,62
"RASSF5",8.15467790492889e-16,-2.22235423065641,8.7044599066531e-18,0.999999997645975,0.999999999856525,"PARP1",FALSE,6.23104049867973e-11,63
"ALOX5AP",8.30421206579781e-16,-2.2216600437437,9.02661808835918e-18,0.999999997602809,0.999999999856525,"PARP1",FALSE,6.23104049867973e-11,64
"APOB",9.25310754034077e-16,-2.21749142153627,1.1207362638618e-17,0.99999999732889,0.999999999856525,"PARP1",FALSE,6.23104049867973e-11,65
"UQCRHL",9.69699696231085e-16,-2.21566725387846,1.23084318289362e-17,0.999999997200752,0.999999999856525,"PARP1",FALSE,6.23104049867973e-11,66
"C9orf78",1.01725300619213e-15,-2.21379157909948,1.35452233130539e-17,0.999999997063479,0.999999999856525,"PARP1",FALSE,6.23104049867973e-11,67
"GYPA",1.03348988861033e-15,-2.21316850902146,1.39810783474426e-17,0.999999997016607,0.999999999856525,"PARP1",FALSE,6.23104049867973e-11,68
"TRAC",1.03701118138713e-15,-2.21303450318424,1.40765129349311e-17,0.999999997006442,0.999999999856525,"PARP1",FALSE,6.23104049867973e-11,69
"IL2",1.05823312533139e-15,-2.21223512697487,1.46585465097409e-17,0.999999996945181,0.999999999856525,"PARP1",FALSE,6.23104049867973e-11,70
"XDH",1.06704785610539e-15,-2.21190717321747,1.4903765225503e-17,0.999999996919735,0.999999999856525,"PARP1",FALSE,6.23104049867973e-11,71
"MAP2K1",1.09468615686185e-15,-2.21089387610866,1.56858283339788e-17,0.999999996839951,0.999999999856525,"PARP1",FALSE,6.23104049867973e-11,72
"NBEAL1",1.11070854355935e-15,-2.21031655094216,1.61483602879253e-17,0.999999996793699,0.999999999856525,"PARP1",FALSE,6.23104049867973e-11,73
"LMO4",1.15589215428615e-15,-2.20872646533223,1.74889138071171e-17,0.999999996663267,0.999999999856525,"PARP1",FALSE,6.23104049867973e-11,74
"CXCR2",1.17031212143278e-15,-2.20823032892161,1.79279904409845e-17,0.99999999662164,0.999999999856525,"PARP1",FALSE,6.23104049867973e-11,75
"USP3",1.18352153180579e-15,-2.20778046686762,1.83349838777141e-17,0.999999996583509,0.999999999856525,"PARP1",FALSE,6.23104049867973e-11,76
"MBD4",1.27788949106517e-15,-2.20468743955067,2.13754271860654e-17,0.999999996311095,0.999999999856525,"PARP1",FALSE,6.23104049867973e-11,77
"ARG1",1.28580398760268e-15,-2.2044371161772,2.16410207811452e-17,0.999999996288248,0.999999999856525,"PARP1",FALSE,6.23104049867973e-11,78
"AZU1",1.29400932276266e-15,-2.20417899867129,2.19181056496883e-17,0.999999996264562,0.999999999856525,"PARP1",FALSE,6.23104049867973e-11,79
"ALK",1.3294975888949e-15,-2.20307870006077,2.31368011272474e-17,0.999999996162117,0.999999999856525,"PARP1",FALSE,6.23104049867973e-11,80
"CXCL12",1.40166570658476e-15,-2.20091743170194,2.57168103046911e-17,0.999999995953788,0.999999999856525,"PARP1",FALSE,6.23104049867973e-11,81
"RP11-290D2.6",1.41337530082411e-15,-2.20057588461791,2.61482844502386e-17,0.999999995919986,0.999999999856525,"PARP1",FALSE,6.23104049867973e-11,82
"ALPL",1.43643396333868e-15,-2.19991040847384,2.70084422117505e-17,0.999999995853422,0.999999999856525,"PARP1",FALSE,6.23104049867973e-11,83
"JCHAIN",1.44873232657387e-15,-2.19955924979745,2.74729001293421e-17,0.99999999581792,0.999999999856525,"PARP1",FALSE,6.23104049867973e-11,84
"NFKB1",1.50798307279343e-15,-2.19790278164379,2.97660453204228e-17,0.99999999564688,0.999999999856525,"PARP1",FALSE,6.23104049867973e-11,85
"NOD2",1.59931370845485e-15,-2.19545664714435,3.34807767562715e-17,0.999999995383234,0.999999999856525,"PARP1",FALSE,6.23104049867973e-11,86
"CCL4",1.610388842238e-15,-2.19516829711813,3.39460863146537e-17,0.999999995351264,0.999999999856525,"PARP1",FALSE,6.23104049867973e-11,87
"PARP8",1.63485088096849e-15,-2.19453744386221,3.49852109431716e-17,0.999999995280649,0.999999999856525,"PARP1",FALSE,6.23104049867973e-11,88
"ANKRD36B",1.69627152495299e-15,-2.19298876644138,3.7663350244591e-17,0.999999995103345,0.999999999856525,"PARP1",FALSE,6.23104049867973e-11,89
"CTSK",1.70846550778847e-15,-2.19268709495165,3.82067974494553e-17,0.999999995068144,0.999999999856525,"PARP1",FALSE,6.23104049867973e-11,90
"PRPF38B",1.71449379288178e-15,-2.19253864703125,3.84768969144257e-17,0.999999995050742,0.999999999856525,"PARP1",FALSE,6.23104049867973e-11,91
"KDR",1.73103540315688e-15,-2.19213361525307,3.92229365895901e-17,0.999999995002991,0.999999999856525,"PARP1",FALSE,6.23104049867973e-11,92
"ABL1",1.93424957870847e-15,-2.18741328397243,4.89726074036748e-17,0.999999994416369,0.999999999856525,"PARP1",FALSE,6.23104049867973e-11,93
"AR",1.93724412213793e-15,-2.18734700024791,4.91243604361968e-17,0.999999994407725,0.999999999856525,"PARP1",FALSE,6.23104049867973e-11,94
"MTRNR2L12",1.93983568317728e-15,-2.18728970804501,4.92558812199853e-17,0.999999994400244,0.999999999856525,"PARP1",FALSE,6.23104049867973e-11,95
"HBD",1.98298943427786e-15,-2.1863453083643,5.14717585033428e-17,0.999999994275671,0.999999999856525,"PARP1",FALSE,6.23104049867973e-11,96
"RNF5",2.01298714492241e-15,-2.18569925241114,5.3040817420101e-17,0.999999994189076,0.999999999856525,"PARP1",FALSE,6.23104049867973e-11,97
"C1QA",2.02178231087208e-15,-2.18551141286377,5.35053230351536e-17,0.999999994163687,0.999999999856525,"PARP1",FALSE,6.23104049867973e-11,98
"LTF",2.05270318096518e-15,-2.18485659963826,5.51544446630938e-17,0.999999994074427,0.999999999856525,"PARP1",FALSE,6.23104049867973e-11,99
"GZMA",2.06142089065192e-15,-2.18467352790168,5.56239148222794e-17,0.999999994049262,0.999999999856525,"PARP1",FALSE,6.23104049867973e-11,100
"MS4A1",2.0989177894173e-15,-2.18389365712414,5.76658983875385e-17,0.999999993941019,0.999999999856525,"PARP1",FALSE,6.23104049867973e-11,101
"F8",2.13706423459438e-15,-2.18311255901215,5.97810250836258e-17,0.999999993830901,0.999999999856525,"PARP1",FALSE,6.23104049867973e-11,102
"DEFA4",2.24291449217764e-15,-2.1810066882393,6.58496755716334e-17,0.999999993525341,0.999999999856525,"PARP1",FALSE,6.23104049867973e-11,103
"KLF1",2.26635475747922e-15,-2.18055201680158,6.72332320627011e-17,0.999999993457676,0.999999999856525,"PARP1",FALSE,6.23104049867973e-11,104
"MON2",2.30243762974605e-15,-2.17986001207988,6.93911291556115e-17,0.999999993353515,0.999999999856525,"PARP1",FALSE,6.23104049867973e-11,105
"TEK",2.31310663968863e-15,-2.179657198522,7.0035706810648e-17,0.999999993322716,0.999999999856525,"PARP1",FALSE,6.23104049867973e-11,106
"DNAJC8",2.31998781743562e-15,-2.17952681937842,7.0453020024206e-17,0.999999993302852,0.999999999856525,"PARP1",FALSE,6.23104049867973e-11,107
"IDO1",2.33944049323688e-15,-2.17916004822946,7.16394447484937e-17,0.999999993246698,0.999999999856525,"PARP1",FALSE,6.23104049867973e-11,108
"FIS1",2.35231227821711e-15,-2.17891880580423,7.24299451613514e-17,0.999999993209541,0.999999999856525,"PARP1",FALSE,6.23104049867973e-11,109
"IGFBP3",2.35599332237552e-15,-2.17885002602697,7.26568082688196e-17,0.999999993198915,0.999999999856525,"PARP1",FALSE,6.23104049867973e-11,110
"DEFA3",2.35851022161742e-15,-2.17880305167035,7.28121292058739e-17,0.999999993191649,0.999999999856525,"PARP1",FALSE,6.23104049867973e-11,111
"EGFR",2.37066451168296e-15,-2.17857681815071,7.35645194624147e-17,0.999999993156563,0.999999999856525,"PARP1",FALSE,6.23104049867973e-11,112
"KNG1",2.40469653408434e-15,-2.17794866493234,7.56917873115187e-17,0.999999993058322,0.999999999856525,"PARP1",FALSE,6.23104049867973e-11,113
"PPARG",2.43209816018505e-15,-2.17744846321613,7.74266383681938e-17,0.999999992979222,0.999999999856525,"PARP1",FALSE,6.23104049867973e-11,114
"CCDC47",2.45933695438543e-15,-2.17695604700502,7.91706620621407e-17,0.999999992900591,0.999999999856525,"PARP1",FALSE,6.23104049867973e-11,115
"EMC6",2.5147381396612e-15,-2.17596891706103,8.2777773830396e-17,0.999999992740663,0.999999999856525,"PARP1",FALSE,6.23104049867973e-11,116
"IGKC",2.53311966048913e-15,-2.17564555673328,8.39923276338475e-17,0.999999992687601,0.999999999856525,"PARP1",FALSE,6.23104049867973e-11,117
"SH3KBP1",2.54774018492844e-15,-2.1753898058308,8.49646905148467e-17,0.999999992645396,0.999999999856525,"PARP1",FALSE,6.23104049867973e-11,118
"USP48",2.55595821467543e-15,-2.17524660855848,8.55137013510736e-17,0.999999992621673,0.999999999856525,"PARP1",FALSE,6.23104049867973e-11,119
"ILF3-AS1",2.58788499831657e-15,-2.17469404771236,8.76633678942643e-17,0.999999992529509,0.999999999856525,"PARP1",FALSE,6.23104049867973e-11,120
"PRSS57",2.88279229485928e-05,3.99561696070045,1900.40642759007,0,0,"SYK",TRUE,12,1
"SMIM24",6.8938894409673e-06,2.88202105641531,108.679695740127,1.90748743450875e-25,1.90748743450875e-22,"SYK",TRUE,12,2
"GYPC",3.58345124397034e-06,2.43785417100601,29.3645118214149,5.9965774559939e-08,4.49743309199543e-05,"SYK",TRUE,4.34703528890366,3
"CDCA7",3.42817565978624e-06,2.40912803439694,26.8748419943306,2.17066161462024e-07,0.000130239696877214,"SYK",TRUE,3.8852566232404,4
"RPS18",3.0929472694807e-06,2.34303337920939,21.8758439801207,2.90872522392969e-06,0.00145436261196485,"SYK",TRUE,2.83732729860648,5
"C1orf228",3.00671920815552e-06,2.32502698997626,20.6730963875048,5.44760714540019e-06,0.00233468877660008,"SYK",TRUE,2.63177100443992,6
"CD34",2.81296019792796e-06,2.28286720249411,18.094515533664,2.10206031810812e-05,0.00788272619290546,"SYK",TRUE,2.10332355842703,7
"SPINK2",2.77612318828503e-06,2.27456737609758,17.6237065487717,2.69211484426107e-05,0.00897371614753691,"SYK",TRUE,2.04702767198905,8
"RPS6",2.652396688445e-06,2.24597072049867,16.0878029962916,6.04722642746378e-05,0.0181416792823913,"SYK",TRUE,1.74132251499802,9
"IMPDH2",2.62209788935409e-06,2.23879121511412,15.7223546079258,7.3352130001798e-05,0.0200051263641267,"SYK",TRUE,1.69885870101732,10
"BST2",2.47784966176251e-06,2.2035879295029,14.040083521157,0.000178954994488221,0.0440385544870981,"SYK",TRUE,1.3561669446635,11
"ZFP36L2",2.46716424863284e-06,2.20090984024914,13.9192524512576,0.000190833736110758,0.0440385544870981,"SYK",TRUE,1.3561669446635,12
"LCP1",2.36936287409122e-06,2.17591752338779,12.8375735177147,0.000339727882505175,0.0727988319653946,"SYK",FALSE,1.13787558875088,13
"C1QTNF4",2.27859666933047e-06,2.15190674361493,11.8728423686618,0.000569584178246868,0.113916835649374,"SYK",FALSE,0.943412087252711,14
"ICAM3",2.23674690204271e-06,2.14055465045268,11.4407230983498,0.000718518241457921,0.13472217027336,"SYK",FALSE,0.870560929628922,15
"FABP5",2.21202476098816e-06,2.1337614605096,11.1892184702424,0.000822739913379549,0.145189396478744,"SYK",FALSE,0.838065100019706,16
"RPS21",2.15455146332199e-06,2.11770995791165,10.6153307293258,0.00112153892020754,0.186923153367923,"SYK",FALSE,0.728336901097667,17
"IGFBP7",2.1123562175879e-06,2.10568656349973,10.2036158596966,0.00140165554955166,0.21650037226103,"SYK",FALSE,0.6645413525634,18
"RPL18A",2.10675624843529e-06,2.10407520033845,10.1495869103406,0.00144333581507353,0.21650037226103,"SYK",FALSE,0.6645413525634,19
"RPS19",1.97620114234514e-06,2.06541053415912,8.93062960314656,0.00280427663452647,0.400610947789495,"SYK",FALSE,0.397277186596111,20
"SELL",1.93153646976056e-06,2.05167169442863,8.53150423222272,0.00349051096163291,0.432873665514974,"SYK",FALSE,0.36363883430561,21
"EEF1B2",1.9278188300435e-06,2.05051572998499,8.4986945633708,0.00355401376917493,0.432873665514974,"SYK",FALSE,0.36363883430561,22
"RPS3A",1.92710989792067e-06,2.0502950742203,8.49244512781798,0.00356624204638792,0.432873665514974,"SYK",FALSE,0.36363883430561,23
"RPS5",1.92474675413506e-06,2.04955903324708,8.47162995366185,0.00360728054595812,0.432873665514974,"SYK",FALSE,0.36363883430561,24
"FKBP4",1.87187092872512e-06,2.03288085125416,8.0125653459192,0.00464538844431647,0.536006358959592,"SYK",FALSE,0.270830057985066,25
"RPS28",1.81043706804627e-06,2.01298060996883,7.49525912036706,0.00618616295359211,0.677942556908149,"SYK",FALSE,0.168807102998264,26
"RPL36",1.80468845374987e-06,2.0110885393458,7.4477358480608,0.00635162980853304,0.677942556908149,"SYK",FALSE,0.168807102998264,27
"CCND1",1.79785673786706e-06,2.00883315257629,7.39145520908343,0.00655344471677877,0.677942556908149,"SYK",FALSE,0.168807102998264,28
"HPSE",1.77537186256584e-06,2.00135709211047,7.20772901855866,0.00725902864617349,0.706130285221649,"SYK",FALSE,0.151115161649834,29
"RPL10A",1.77422804669833e-06,2.0009745843687,7.19844458725902,0.00729667961395704,0.706130285221649,"SYK",FALSE,0.151115161649834,30
"RPL12",1.745044968661e-06,1.99114206489936,6.96358740752342,0.00831850792675878,0.779860118133636,"SYK",FALSE,0.107983288810349,31
"RPL3",1.72760948007655e-06,1.98519913691928,6.82513022888952,0.00898840018536812,0.810318631559691,"SYK",FALSE,0.0913441752968384,32
"TGFB1I1",1.72274721590852e-06,1.98353252037485,6.78676636597885,0.00918361115767649,0.810318631559691,"SYK",FALSE,0.0913441752968384,33
"F10",4.39737876720529e-17,-2.36972302596542,4.42188593572054e-21,0.999999999946943,0.999999999946943,"SYK",FALSE,2.30423637320354e-11,34
"SHISA5",6.43181887144246e-17,-2.36008171551696,9.45991853885785e-21,0.999999999922396,0.999999999946943,"SYK",FALSE,2.30423637320354e-11,35
"FLT1",6.59953831730378e-17,-2.35941160848148,9.95971462766158e-21,0.999999999920372,0.999999999946943,"SYK",FALSE,2.30423637320354e-11,36
"S100A12",9.58914009659671e-17,-2.34942845424753,2.10270870569391e-20,0.999999999884301,0.999999999946943,"SYK",FALSE,2.30423637320354e-11,37
"F2",1.23986209878704e-16,-2.3422756575895,3.51533367125784e-20,0.999999999850403,0.999999999946943,"SYK",FALSE,2.30423637320354e-11,38
"VEGFA",1.33983393789504e-16,-2.34006963058656,4.10508102852872e-20,0.999999999838341,0.999999999946943,"SYK",FALSE,2.30423637320354e-11,39
"CD164",1.5153314635858e-16,-2.33652195508366,5.25091595375252e-20,0.999999999817166,0.999999999946943,"SYK",FALSE,2.30423637320354e-11,40
"ABCB1",1.69056870415594e-16,-2.33331985249031,6.53559956973305e-20,0.999999999796022,0.999999999946943,"SYK",FALSE,2.30423637320354e-11,41
"PSMD5-AS1",2.02828811120658e-16,-2.32788840456086,9.40760502729137e-20,0.999999999755274,0.999999999946943,"SYK",FALSE,2.30423637320354e-11,42
"S100A8",2.38359774234576e-16,-2.3229657345733,1.29922903101725e-19,0.999999999712404,0.999999999946943,"SYK",FALSE,2.30423637320354e-11,43
"ZMAT2",2.71978454595411e-16,-2.31886449295891,1.69156538286522e-19,0.999999999671841,0.999999999946943,"SYK",FALSE,2.30423637320354e-11,44
"EHMT1",2.83958341891542e-16,-2.31750930499973,1.84386469363407e-19,0.999999999657386,0.999999999946943,"SYK",FALSE,2.30423637320354e-11,45
"ELANE",3.05694567971124e-16,-2.31517265926505,2.1369542705856e-19,0.99999999963116,0.999999999946943,"SYK",FALSE,2.30423637320354e-11,46
"CLC",3.30770522692505e-16,-2.31265017573749,2.50191980231265e-19,0.999999999600905,0.999999999946943,"SYK",FALSE,2.30423637320354e-11,47
"BOD1L1",3.44651976810509e-16,-2.31132452464532,2.71632251260717e-19,0.999999999584156,0.999999999946943,"SYK",FALSE,2.30423637320354e-11,48
"FCGR3A",3.93696108124265e-16,-2.30698541585051,3.54439429312043e-19,0.999999999524981,0.999999999946943,"SYK",FALSE,2.30423637320354e-11,49
"ATM",4.08943210659337e-16,-2.30573232652976,3.82424572732405e-19,0.999999999506584,0.999999999946943,"SYK",FALSE,2.30423637320354e-11,50
"ETS1",4.09271969735889e-16,-2.30570575790378,3.83039700128918e-19,0.999999999506188,0.999999999946943,"SYK",FALSE,2.30423637320354e-11,51
"CD79A",4.12363959843623e-16,-2.30545678334061,3.88849180700189e-19,0.999999999502457,0.999999999946943,"SYK",FALSE,2.30423637320354e-11,52
"ZFC3H1",4.33282480117992e-16,-2.30381378666761,4.29301140842513e-19,0.999999999477217,0.999999999946943,"SYK",FALSE,2.30423637320354e-11,53
"PLG",4.34032897943532e-16,-2.30375613942082,4.30789473372162e-19,0.999999999476312,0.999999999946943,"SYK",FALSE,2.30423637320354e-11,54
"TLR9",4.44182378335511e-16,-2.30298485110447,4.51172308029302e-19,0.999999999464066,0.999999999946943,"SYK",FALSE,2.30423637320354e-11,55
"CYP3A4",5.28173412820551e-16,-2.29713153415008,6.37929751773815e-19,0.999999999362726,0.999999999946943,"SYK",FALSE,2.30423637320354e-11,56
"C5AR1",5.57893458316744e-16,-2.29525375492572,7.11741556092963e-19,0.999999999326866,0.999999999946943,"SYK",FALSE,2.30423637320354e-11,57
"PLAT",5.59842981603423e-16,-2.29513364546824,7.16724518633437e-19,0.999999999324514,0.999999999946943,"SYK",FALSE,2.30423637320354e-11,58
"IGKV4-1",5.76386076147304e-16,-2.29412881910797,7.59708083274463e-19,0.999999999304554,0.999999999946943,"SYK",FALSE,2.30423637320354e-11,59
"HLF",5.9143117878659e-16,-2.29323653177401,7.99886223312489e-19,0.999999999286401,0.999999999946943,"SYK",FALSE,2.30423637320354e-11,60
"C1QB",5.95448621199387e-16,-2.29300160947333,8.10789980808661e-19,0.999999999281554,0.999999999946943,"SYK",FALSE,2.30423637320354e-11,61
"ACHE",6.06414092943291e-16,-2.29236734381357,8.40927116093428e-19,0.999999999268323,0.999999999946943,"SYK",FALSE,2.30423637320354e-11,62
"IGKV1-5",6.47750095420934e-16,-2.29006272917156,9.5947741564326e-19,0.999999999218449,0.999999999946943,"SYK",FALSE,2.30423637320354e-11,63
"IGHG1",6.7859843575668e-16,-2.28842479396735,1.05304151680345e-18,0.999999999181228,0.999999999946943,"SYK",FALSE,2.30423637320354e-11,64
"RASSF5",7.53013846633801e-16,-2.28472539701186,1.29665879410583e-18,0.999999999091441,0.999999999946943,"SYK",FALSE,2.30423637320354e-11,65
"ALOX5AP",7.9334257259994e-16,-2.28285162261666,1.4392667941375e-18,0.999999999042782,0.999999999946943,"SYK",FALSE,2.30423637320354e-11,66
"APOB",8.5098259686252e-16,-2.28031249156203,1.65600308906476e-18,0.999999998973236,0.999999999946943,"SYK",FALSE,2.30423637320354e-11,67
"UQCRHL",9.01308762116e-16,-2.27821508508858,1.85766317322701e-18,0.999999998912514,0.999999999946943,"SYK",FALSE,2.30423637320354e-11,68
"TRAC",9.5028187823276e-16,-2.27626968815747,2.06502198754229e-18,0.999999998853425,0.999999999946943,"SYK",FALSE,2.30423637320354e-11,69
"GYPA",9.56607560302865e-16,-2.27602480475301,2.0926056963339e-18,0.999999998845793,0.999999999946943,"SYK",FALSE,2.30423637320354e-11,70
"C9orf78",9.58627723999842e-16,-2.27594689576225,2.10145335749227e-18,0.999999998843355,0.999999999946943,"SYK",FALSE,2.30423637320354e-11,71
"XDH",9.85124640304298e-16,-2.27493802722653,2.21922915507756e-18,0.999999998811385,0.999999999946943,"SYK",FALSE,2.30423637320354e-11,72
"IL2",9.86184419057161e-16,-2.27489816932678,2.22400653424519e-18,0.999999998810106,0.999999999946943,"SYK",FALSE,2.30423637320354e-11,73
"NBEAL1",1.01454789350458e-15,-2.27384503132334,2.35377471053503e-18,0.999999998775884,0.999999999946943,"SYK",FALSE,2.30423637320354e-11,74
"MAP2K1",1.01645004915108e-15,-2.27377532432821,2.36260907515103e-18,0.999999998773589,0.999999999946943,"SYK",FALSE,2.30423637320354e-11,75
"CXCR2",1.07965968845245e-15,-2.2715210878992,2.66559127394971e-18,0.999999998697323,0.999999999946943,"SYK",FALSE,2.30423637320354e-11,76
"LMO4",1.09273628237891e-15,-2.27106912452157,2.73055238013514e-18,0.999999998681545,0.999999999946943,"SYK",FALSE,2.30423637320354e-11,77
"USP3",1.10846930841464e-15,-2.27053154148707,2.80974644846616e-18,0.999999998662562,0.999999999946943,"SYK",FALSE,2.30423637320354e-11,78
"MBD4",1.18863395740294e-15,-2.26789129958972,3.23084446903983e-18,0.999999998565838,0.999999999946943,"SYK",FALSE,2.30423637320354e-11,79
"AZU1",1.19842803625549e-15,-2.26757943163756,3.28430670024208e-18,0.999999998554021,0.999999999946943,"SYK",FALSE,2.30423637320354e-11,80
"ARG1",1.2101305269438e-15,-2.26720968911081,3.34876150543489e-18,0.999999998539901,0.999999999946943,"SYK",FALSE,2.30423637320354e-11,81
"ALK",1.22886202786853e-15,-2.26662428709508,3.45323421008101e-18,0.999999998517301,0.999999999946943,"SYK",FALSE,2.30423637320354e-11,82
"CXCL12",1.29322946666227e-15,-2.26467012446785,3.82446744659076e-18,0.999999998439637,0.999999999946943,"SYK",FALSE,2.30423637320354e-11,83
"RP11-290D2.6",1.31000464110258e-15,-2.26417475764719,3.924329399793e-18,0.999999998419397,0.999999999946943,"SYK",FALSE,2.30423637320354e-11,84
"ALPL",1.32723039081019e-15,-2.26367179482001,4.02821294304274e-18,0.999999998398613,0.999999999946943,"SYK",FALSE,2.30423637320354e-11,85
"JCHAIN",1.3304834216804e-15,-2.26357744982349,4.04798337615474e-18,0.999999998394688,0.999999999946943,"SYK",FALSE,2.30423637320354e-11,86
"NFKB1",1.3888841045461e-15,-2.26191694894358,4.4111497399829e-18,0.999999998324224,0.999999999946943,"SYK",FALSE,2.30423637320354e-11,87
"NOD2",1.47118504769361e-15,-2.25967713700561,4.94942092479194e-18,0.999999998224923,0.999999999946943,"SYK",FALSE,2.30423637320354e-11,88
"CCL4",1.49408440299361e-15,-2.25907333673841,5.1046979507316e-18,0.999999998197293,0.999999999946943,"SYK",FALSE,2.30423637320354e-11,89
"PARP8",1.51292842018386e-15,-2.25858247400927,5.2342751406267e-18,0.999999998174557,0.999999999946943,"SYK",FALSE,2.30423637320354e-11,90
"ANKRD36B",1.57634728003796e-15,-2.25696865838908,5.68229254310206e-18,0.999999998098038,0.999999999946943,"SYK",FALSE,2.30423637320354e-11,91
"PRPF38B",1.58289780794063e-15,-2.25680520205797,5.72961632076022e-18,0.999999998090134,0.999999999946943,"SYK",FALSE,2.30423637320354e-11,92
"CTSK",1.59133322945644e-15,-2.2565955762302,5.79084644043901e-18,0.999999998079956,0.999999999946943,"SYK",FALSE,2.30423637320354e-11,93
"KDR",1.64093570637694e-15,-2.25538212228991,6.15747866802941e-18,0.999999998020108,0.999999999946943,"SYK",FALSE,2.30423637320354e-11,94
"AR",1.77508198592611e-15,-2.25225341701408,7.2053755040743e-18,0.999999997858252,0.999999999946943,"SYK",FALSE,2.30423637320354e-11,95
"ABL1",1.79998338775891e-15,-2.25169540717802,7.40895196948934e-18,0.999999997828207,0.999999999946943,"SYK",FALSE,2.30423637320354e-11,96
"MTRNR2L12",1.81284358576534e-15,-2.25140985062919,7.51519846244991e-18,0.99999999781269,0.999999999946943,"SYK",FALSE,2.30423637320354e-11,97
"HBD",1.8554236404647e-15,-2.2504767856088,7.87237832523602e-18,0.999999997761315,0.999999999946943,"SYK",FALSE,2.30423637320354e-11,98
"RNF5",1.86429339869973e-15,-2.2502847682499,7.9478252377285e-18,0.999999997750613,0.999999999946943,"SYK",FALSE,2.30423637320354e-11,99
"C1QA",1.87381745716758e-15,-2.25007946900167,8.02923828578376e-18,0.999999997739121,0.999999999946943,"SYK",FALSE,2.30423637320354e-11,100
"LTF",1.90127080988376e-15,-2.24949272653537,8.26623497866805e-18,0.999999997705997,0.999999999946943,"SYK",FALSE,2.30423637320354e-11,101
"GZMA",1.92564331491015e-15,-2.24897797242554,8.4795240831944e-18,0.99999999767659,0.999999999946943,"SYK",FALSE,2.30423637320354e-11,102
"F8",1.96419894328189e-15,-2.24817512557962,8.82248099593489e-18,0.999999997630071,0.999999999946943,"SYK",FALSE,2.30423637320354e-11,103
"MS4A1",1.9689830607078e-15,-2.24807646367442,8.86551043252795e-18,0.999999997624298,0.999999999946943,"SYK",FALSE,2.30423637320354e-11,104
"DEFA4",2.07127493399263e-15,-2.24601527839072,9.81059357284426e-18,0.999999997500877,0.999999999946943,"SYK",FALSE,2.30423637320354e-11,105
"KLF1",2.10192646666969e-15,-2.24541489540634,1.01031039820796e-17,0.999999997463894,0.999999999946943,"SYK",FALSE,2.30423637320354e-11,106
"TEK",2.14046266287218e-15,-2.24467078648697,1.04769554852558e-17,0.999999997417397,0.999999999946943,"SYK",FALSE,2.30423637320354e-11,107
"IDO1",2.14930168010774e-15,-2.24450175519653,1.05636630923852e-17,0.999999997406732,0.999999999946943,"SYK",FALSE,2.30423637320354e-11,108
"MON2",2.15379087926249e-15,-2.2444161382584,1.06078373587655e-17,0.999999997401316,0.999999999946943,"SYK",FALSE,2.30423637320354e-11,109
"DNAJC8",2.15846126621706e-15,-2.24432723034759,1.06538923598555e-17,0.999999997395681,0.999999999946943,"SYK",FALSE,2.30423637320354e-11,110
"IGFBP3",2.16402762520099e-15,-2.24422148456145,1.07089129041725e-17,0.999999997388965,0.999999999946943,"SYK",FALSE,2.30423637320354e-11,111
"DEFA3",2.17190766771656e-15,-2.24407218888187,1.0787045299444e-17,0.999999997379457,0.999999999946943,"SYK",FALSE,2.30423637320354e-11,112
"EGFR",2.19215879636227e-15,-2.2436906603923,1.09891425355701e-17,0.999999997355023,0.999999999946943,"SYK",FALSE,2.30423637320354e-11,113
"FIS1",2.20296262771186e-15,-2.24348837015219,1.10977271914588e-17,0.999999997341987,0.999999999946943,"SYK",FALSE,2.30423637320354e-11,114
"KNG1",2.23971237161421e-15,-2.2428066701204,1.14710793325814e-17,0.999999997297646,0.999999999946943,"SYK",FALSE,2.30423637320354e-11,115
"PPARG",2.24821654359122e-15,-2.24265030685531,1.1558355926514e-17,0.999999997287385,0.999999999946943,"SYK",FALSE,2.30423637320354e-11,116
"CCDC47",2.27638024497991e-15,-2.24213611816334,1.18497558271319e-17,0.999999997253404,0.999999999946943,"SYK",FALSE,2.30423637320354e-11,117
"EMC6",2.35492303773993e-15,-2.24073083951976,1.26815758052967e-17,0.999999997158637,0.999999999946943,"SYK",FALSE,2.30423637320354e-11,118
"SH3KBP1",2.35680598149805e-15,-2.24069765347317,1.2701863721341e-17,0.999999997156365,0.999999999946943,"SYK",FALSE,2.30423637320354e-11,119
"IGKC",2.36101874533572e-15,-2.24062348882684,1.27473131786079e-17,0.999999997151283,0.999999999946943,"SYK",FALSE,2.30423637320354e-11,120
"PRSS57",1.2698358953526e-07,2.46935884135599,1440.09826302495,4.06516738107026e-315,6.0977510716054e-312,"TERT",TRUE,12,1
"SMIM24",3.17090057125622e-08,2.07307129797654,89.7970720535077,2.63884522407332e-21,2.63884522407332e-18,"TERT",TRUE,12,2
"GYPC",1.66571165079562e-08,1.89105968629555,24.7797302602351,6.42697837080233e-07,0.000482023377810175,"TERT",TRUE,3.31693189825959,3
"CDCA7",1.64720347123076e-08,1.88791094838768,24.2321208011013,8.53961333015989e-07,0.000512376799809593,"TERT",TRUE,3.29041054314043,4
"RPS18",1.52969106860309e-08,1.86706255748721,20.8979838723573,4.84404169265828e-06,0.00242202084632914,"TERT",TRUE,2.61582212320504,5
"SPINK2",1.45956068080357e-08,1.85385100067492,19.0257260221537,1.28967915702869e-05,0.0049763038683261,"TERT",TRUE,2.30309310815888,6
"C1orf228",1.45747048518507e-08,1.85344766061517,18.9712726311517,1.32701436488696e-05,0.0049763038683261,"TERT",TRUE,2.30309310815888,7
"CD34",1.42589666175195e-08,1.84728427572158,18.158209909366,2.03291118972601e-05,0.00677637063242003,"TERT",TRUE,2.16900284836613,8
"RPS6",1.35791056323278e-08,1.83354106413106,16.4679394374778,4.94797473072336e-05,0.0148439241921701,"TERT",TRUE,1.82845127225685,9
"IMPDH2",1.30829298028293e-08,1.82307396713401,15.2864609090034,9.23762441223145e-05,0.0251935211242676,"TERT",TRUE,1.59871112992264,10
"ZFP36L2",1.26231738745989e-08,1.81301826207324,14.2309553610613,0.000161688761903841,0.0404221904759604,"TERT",TRUE,1.39338015579236,11
"BST2",1.22335450981845e-08,1.80420834102922,13.3660038641549,0.000256226726203659,0.0556347475461571,"TERT",FALSE,1.25465387830969,12
"C1QTNF4",1.22222195313758e-08,1.80394812275781,13.3412673716043,0.000259628821882067,0.0556347475461571,"TERT",FALSE,1.25465387830969,13
"FABP5",1.21268946757839e-08,1.8017484137575,13.133973601397,0.000289989093964148,0.0579978187928296,"TERT",FALSE,1.23658833926552,14
"ICAM3",1.19309722811665e-08,1.7971730654304,12.7130162223226,0.000363119281485708,0.0680848652785702,"TERT",FALSE,1.16694941755127,15
"RPL18A",1.18760838259098e-08,1.79587792084188,12.5963127893173,0.000386508483281795,0.0682073794026698,"TERT",FALSE,1.16616863618683,16
"LCP1",1.17521934516901e-08,1.79293269337731,12.3348760904246,0.000444573614061762,0.0740956023436271,"TERT",FALSE,1.13020756711611,17
"IGFBP7",1.16410196961237e-08,1.79026349059152,12.102608249734,0.000503513409182011,0.0777348275809317,"TERT",FALSE,1.10938436038334,18
"RPS21",1.16151564184943e-08,1.78963891380459,12.0488903780972,0.000518232183872878,0.0777348275809317,"TERT",FALSE,1.10938436038334,19
"EEF1B2",1.1049135158623e-08,1.7756137515691,10.9031879851697,0.000959989001139886,0.134325026978896,"TERT",FALSE,0.871843063532137,20
"RPS19",1.1007763269304e-08,1.77456088908172,10.8216900275674,0.0010031787619062,0.134325026978896,"TERT",FALSE,0.871843063532137,21
"RPS3A",1.098094326266e-08,1.77387625866676,10.7690209767285,0.00103213089845316,0.134325026978896,"TERT",FALSE,0.871843063532137,22
"SELL",1.09424251509463e-08,1.77289011091638,10.6936039861909,0.00107506566861231,0.134325026978896,"TERT",FALSE,0.871843063532137,23
"RPS5",1.09041378476939e-08,1.77190646072778,10.6189015393223,0.00111937522482413,0.134325026978896,"TERT",FALSE,0.871843063532137,24
"FKBP4",1.06629941671667e-08,1.76563145772007,10.1544234739335,0.00143955407857746,0.166102393682015,"TERT",FALSE,0.779624108936926,25
"RPL12",1.04817672736609e-08,1.76082243342213,9.81219009630977,0.00173358938467333,0.192621042741481,"TERT",FALSE,0.71529627044454,26
"RPS28",1.04313723487714e-08,1.75947052538601,9.71806553460212,0.00182465471175175,0.19402517049609,"TERT",FALSE,0.712141926263211,27
"RPL10A",1.04041915589375e-08,1.75873867946506,9.66748723097114,0.00187557664812887,0.19402517049609,"TERT",FALSE,0.712141926263211,28
"RPL36",1.02180578825886e-08,1.75367555737038,9.32467372898883,0.00226088574162207,0.226088574162207,"TERT",FALSE,0.645721385039378,29
"RPL3",1.00087400847072e-08,1.74787154963436,8.94655323079675,0.00277993618923394,0.269026082829091,"TERT",FALSE,0.570205611894966,30
"ZFAS1",9.8696884992287e-09,1.74394908499879,8.69969084456267,0.00318264024224497,0.29693398899847,"TERT",FALSE,0.527340087383359,31
"CCND1",9.81949653945894e-09,1.7425197832714,8.61143188134503,0.0033405957562815,0.29693398899847,"TERT",FALSE,0.527340087383359,32
"RPL7",9.81185765848677e-09,1.74230161916616,8.59803891031093,0.003365251875316,0.29693398899847,"TERT",FALSE,0.527340087383359,33
"TTK",9.70202900145042e-09,1.73914622140723,8.40663254379561,0.00373854514765867,0.320446726942171,"TERT",FALSE,0.494244159961373,34
"NPM1",9.67159151026637e-09,1.7382654874208,8.35396821311226,0.00384845935040134,0.320704945866778,"TERT",FALSE,0.493894342391213,35
"ITM2C",9.55910504762197e-09,1.73498661685558,8.16077485005004,0.00428060790709627,0.333214210962889,"TERT",FALSE,0.477276485022883,36
"MANF",9.54670293898727e-09,1.73462277219372,8.13961279364255,0.00433085309537892,0.333214210962889,"TERT",FALSE,0.477276485022883,37
"RPS14",9.52771311945134e-09,1.73406475394235,8.10726318607,0.00440882409753009,0.333214210962889,"TERT",FALSE,0.477276485022883,38
"RPL34",9.49856156891704e-09,1.73320598580606,8.05772816529083,0.00453099629788904,0.333214210962889,"TERT",FALSE,0.477276485022883,39
"RPS23",9.49316945303355e-09,1.73304685492464,8.04858238644116,0.00455392754982615,0.333214210962889,"TERT",FALSE,0.477276485022883,40
"RPS3",9.41773326725969e-09,1.73081116804106,7.92117667138093,0.0048859485169378,0.348996322638414,"TERT",FALSE,0.457179149161905,41
"RPL13",9.36522521710171e-09,1.72924450808089,7.83309474226047,0.00512981950646818,0.357894384172199,"TERT",FALSE,0.446245116201111,42
"HPSE",9.28928365555211e-09,1.72696322083758,7.70657442553964,0.00550200629992343,0.372153593934551,"TERT",FALSE,0.429277782614855,43
"TGFB1I1",9.27350999979976e-09,1.72648706446245,7.68042436953954,0.00558230390901826,0.372153593934551,"TERT",FALSE,0.429277782614855,44
"RBPMS2",9.20407841870467e-09,1.72438156925137,7.56584688802085,0.00594846962611568,0.387943671268414,"TERT",FALSE,0.411231328615136,45
"HSH2D",9.14806075403952e-09,1.72267135509511,7.47403294874423,0.00625951775743979,0.399543686645093,"TERT",FALSE,0.398435727409816,46
"RPL22L1",9.00473060664902e-09,1.71824785129887,7.24166410803241,0.00712309302236263,0.445193313897664,"TERT",FALSE,0.351451366707398,47
"CDK6",8.87997160406177e-09,1.71434037978323,7.04239015545117,0.00796027305914481,0.487363656682335,"TERT",FALSE,0.312146859826729,48
"GOLGB1",8.66186405386449e-09,1.70737680477232,6.70069197558512,0.00963755010375002,0.578253006225001,"TERT",FALSE,0.237882100738864,49
"RP11-620J15.3",8.54611032755787e-09,1.70361026380012,6.52279782867544,0.0106500332457299,0.617586436937464,"TERT",FALSE,0.209302250282257,50
"RPS9",8.54012903747448e-09,1.70341426719589,6.51367061370489,0.0107048315735827,0.617586436937464,"TERT",FALSE,0.209302250282257,51
"CNN2",8.41448270074119e-09,1.69926533493721,6.32341625829728,0.0119153854319522,0.674455779167108,"TERT",FALSE,0.171046519666327,52
"RPL26",8.333880484728e-09,1.69657137435386,6.20285263821763,0.0127544587199215,0.703321215996974,"TERT",FALSE,0.152846281702987,53
"GSN",8.32091342657564e-09,1.69613557031716,6.18356506226627,0.0128942222932779,0.703321215996974,"TERT",FALSE,0.152846281702987,54
"EIF3E",8.23076789087299e-09,1.69308719591484,6.05031013776169,0.0139038545505164,0.729874209187302,"TERT",FALSE,0.136751982294898,55
"RPL29",8.23063456660835e-09,1.69308266296873,6.05011413014066,0.0139053980655027,0.729874209187302,"TERT",FALSE,0.136751982294898,56
"PYCARD",8.21112479783107e-09,1.69241855753083,6.0214659302822,0.0141329027998828,0.729874209187302,"TERT",FALSE,0.136751982294898,57
"FHL2",8.1924120753412e-09,1.69178011391811,5.994051993688,0.0143541927806836,0.729874209187302,"TERT",FALSE,0.136751982294898,58
"VWF",8.11175302892538e-09,1.68901155050075,5.87660319592442,0.0153433948733947,0.767169743669735,"TERT",FALSE,0.115108533595982,59
"RPL14",7.96815014068264e-09,1.68401434309718,5.67037714201535,0.0172537462836976,0.842014893348174,"TERT",FALSE,0.0746802267405813,60
"CALD1",7.94322417144646e-09,1.68313787691341,5.63495647991692,0.0176057824330624,0.842014893348174,"TERT",FALSE,0.0746802267405813,61
"RPS25",7.93786331216628e-09,1.68294901849204,5.62735301453054,0.0176823127603117,0.842014893348174,"TERT",FALSE,0.0746802267405813,62
"EEF1A1",7.89455618974471e-09,1.68141869962424,5.56611747566616,0.0183113194461326,0.847051195094805,"TERT",FALSE,0.0720903404659095,63
"SH3BP5",7.88968408725137e-09,1.68124601712577,5.5592493690702,0.0183832948107925,0.847051195094805,"TERT",FALSE,0.0720903404659095,64
"BANK1",7.87276768064592e-09,1.68064562625305,5.53543556293587,0.0186351262920857,0.847051195094805,"TERT",FALSE,0.0720903404659095,65
"RPL7A",7.84487543040293e-09,1.67965289024373,5.49628230513175,0.0190569470802995,0.853296137923858,"TERT",FALSE,0.0689002200091671,66
"RPL11",7.76808011889507e-09,1.67690144307865,5.38920023527275,0.0202617552819192,0.890598940404193,"TERT",FALSE,0.0503178259091365,67
"KCNAB2",7.74974381280841e-09,1.67624050190993,5.36378819132812,0.0205590680080393,0.890598940404193,"TERT",FALSE,0.0503178259091365,68
"SPX",7.71944363968071e-09,1.67514491689625,5.32192719700974,0.0210587086101996,0.890598940404193,"TERT",FALSE,0.0503178259091365,69
"RPL37",7.68082863705028e-09,1.67374250016708,5.26881657402434,0.0217107674389899,0.890598940404193,"TERT",FALSE,0.0503178259091365,70
"RPL31",7.67040226762148e-09,1.67336263924132,5.25452193342245,0.0218898139855265,0.890598940404193,"TERT",FALSE,0.0503178259091365,71
"FCER1G",7.6441877875596e-09,1.6724053116999,5.2186674432044,0.0223456679351238,0.890598940404193,"TERT",FALSE,0.0503178259091365,72
"CSRP1",7.63229324266221e-09,1.67196986197238,5.20243932797574,0.0225552145804186,0.890598940404193,"TERT",FALSE,0.0503178259091365,73
"RSU1",7.62664985749485e-09,1.67176302713156,5.19474871292313,0.0226552302944593,0.890598940404193,"TERT",FALSE,0.0503178259091365,74
"CSF3R",7.62209434760121e-09,1.67159595328978,5.18854476703503,0.0227362468910666,0.890598940404193,"TERT",FALSE,0.0503178259091365,75
"PDLIM5",7.6152352457504e-09,1.67134420838175,5.17921065431489,0.022858706137041,0.890598940404193,"TERT",FALSE,0.0503178259091365,76
"DAAM1",7.53087148985723e-09,1.66822937020469,5.06509273435991,0.0244123992462392,0.929511760198833,"TERT",FALSE,0.031745111156042,77
"NASP",7.51467187742768e-09,1.66762730417475,5.04332519046685,0.0247209940507576,0.929511760198833,"TERT",FALSE,0.031745111156042,78
"PLAC8",7.51123069761613e-09,1.66749924569624,5.03870728686639,0.0247869802719689,0.929511760198833,"TERT",FALSE,0.031745111156042,79
"RPL32",7.42356086251149e-09,1.66421700043646,4.92177181214183,0.0265203058139104,0.979785504639391,"TERT",FALSE,0.00886898996816831,80
"RPS15",7.41081615292164e-09,1.66373666292841,4.90488700191298,0.0267808037934767,0.979785504639391,"TERT",FALSE,0.00886898996816831,81
"PDLIM1",7.37606898984751e-09,1.66242290525898,4.85899965171864,0.0275022779548897,0.987645129430162,"TERT",FALSE,0.00539907364624615,82
"EIF4B",7.35296895867447e-09,1.66154611983898,4.82861292816797,0.027991141690008,0.987645129430162,"TERT",FALSE,0.00539907364624615,83
"CMAS",7.3269341119632e-09,1.66055466589946,4.79447987472809,0.0285510758791454,0.987645129430162,"TERT",FALSE,0.00539907364624615,84
"PDLIM7",7.32363154974509e-09,1.66042864917616,4.79015869500888,0.0286227893500651,0.987645129430162,"TERT",FALSE,0.00539907364624615,85
"RPS24",7.29635684737723e-09,1.65938576526785,4.75454607089883,0.0292209991653548,0.987645129430162,"TERT",FALSE,0.00539907364624615,86
"PLEK",7.29090731778532e-09,1.65917693284665,4.74744653775951,0.0293418033908489,0.987645129430162,"TERT",FALSE,0.00539907364624615,87
"LAT",7.28878380671033e-09,1.659095515548,4.74468150818089,0.0293889932191195,0.987645129430162,"TERT",FALSE,0.00539907364624615,88
"FBL",7.27253284571872e-09,1.6584716606691,4.72354775545128,0.0297522975011796,0.987645129430162,"TERT",FALSE,0.00539907364624615,89
"CD151",7.25382393102267e-09,1.6577517366363,4.69927594180475,0.0301753271752581,0.987645129430162,"TERT",FALSE,0.00539907364624615,90
"RPLP0",7.22657552723477e-09,1.6566999157266,4.66403735067325,0.0308006852836976,0.987645129430162,"TERT",FALSE,0.00539907364624615,91
"RPL9",7.21636342471764e-09,1.65630470459175,4.65086486699199,0.0310379057499545,0.987645129430162,"TERT",FALSE,0.00539907364624615,92
"CDKN2D",7.21070135558882e-09,1.65608534231893,4.64356945072874,0.0311701064189867,0.987645129430162,"TERT",FALSE,0.00539907364624615,93
"UHRF1",7.20620518368674e-09,1.65591102822383,4.63778033917887,0.0312754290986218,0.987645129430162,"TERT",FALSE,0.00539907364624615,94
"PPP1R14A",7.18860234305127e-09,1.65522753831508,4.61515028742398,0.0316907180936788,0.990334940427463,"TERT",FALSE,0.00421789815173106,95
"CCND3",7.17456580142249e-09,1.65468133360283,4.5971447001754,0.0320252507562543,0.990471672873845,"TERT",FALSE,0.0041579406105391,96
"RPL30",7.1605970216889e-09,1.65413671443418,4.57926097336086,0.0323611689181384,0.990648028106278,"TERT",FALSE,0.00408062059351557,97
"F10",4.32536457717202e-17,-3.16364285163084,1.67086886406209e-16,0.999999989686377,0.999999989686377,"TERT",FALSE,4.47914956117678e-09,98
"FLT1",5.49763947123221e-17,-3.1081237690103,2.69928933977832e-16,0.999999986891144,0.999999989686377,"TERT",FALSE,4.47914956117678e-09,99
"SHISA5",5.50192062147571e-17,-3.10794334654282,2.70349498577364e-16,0.999999986880936,0.999999989686377,"TERT",FALSE,4.47914956117678e-09,100
"F2",1.05889665395047e-16,-2.95569466259837,1.00139191259601e-15,0.999999974751121,0.999999989686377,"TERT",FALSE,4.47914956117678e-09,101
"VEGFA",1.16805624407016e-16,-2.93279306857857,1.21849692754873e-15,0.999999972148263,0.999999989686377,"TERT",FALSE,4.47914956117678e-09,102
"S100A12",1.17717581732452e-16,-2.93097676813113,1.23759797865989e-15,0.999999971930811,0.999999989686377,"TERT",FALSE,4.47914956117678e-09,103
"CD164",1.41726444337412e-16,-2.88758678630458,1.79390198695224e-15,0.999999966206014,0.999999989686377,"TERT",FALSE,4.47914956117678e-09,104
"ABCB1",1.5216159441936e-16,-2.87095746778295,2.06779284588776e-15,0.999999963717803,0.999999989686377,"TERT",FALSE,4.47914956117678e-09,105
"PSMD5-AS1",1.97596300258309e-16,-2.80969723285437,3.48702085780899e-15,0.999999952884117,0.999999989686377,"TERT",FALSE,4.47914956117678e-09,106
"EHMT1",2.62663667939436e-16,-2.74277616784991,6.16164874455172e-15,0.999999937369118,0.999999989686377,"TERT",FALSE,4.47914956117678e-09,107
"S100A8",2.64661926726632e-16,-2.74099175960608,6.25575695396563e-15,0.999999936892643,0.999999989686377,"TERT",FALSE,4.47914956117678e-09,108
"ZMAT2",2.83767758851928e-16,-2.72457422116864,7.19155867500744e-15,0.999999932336949,0.999999989686377,"TERT",FALSE,4.47914956117678e-09,109
"ELANE",2.8854363147928e-16,-2.72064138857168,7.43566669766058e-15,0.999999931198165,0.999999989686377,"TERT",FALSE,4.47914956117678e-09,110
"BOD1L1",3.78274669868844e-16,-2.65674484058606,1.27794290028355e-14,0.999999909802233,0.999999989686377,"TERT",FALSE,4.47914956117678e-09,111
"CLC",3.80249054776426e-16,-2.65551467550151,1.29131802743082e-14,0.99999990933145,0.999999989686377,"TERT",FALSE,4.47914956117678e-09,112
"FCGR3A",3.93036286408256e-16,-2.64769732978208,1.37962870917151e-14,0.999999906282397,0.999999989686377,"TERT",FALSE,4.47914956117678e-09,113
"CD79A",4.09598437532021e-16,-2.63793833609114,1.49835082155741e-14,0.999999902333232,0.999999989686377,"TERT",FALSE,4.47914956117678e-09,114
"ETS1",4.11726580549938e-16,-2.63671278252707,1.51396117693814e-14,0.999999901825786,0.999999989686377,"TERT",FALSE,4.47914956117678e-09,115
"TLR9",4.20377464768427e-16,-2.63179464642039,1.57824993863367e-14,0.999999899763025,0.999999989686377,"TERT",FALSE,4.47914956117678e-09,116
"ZFC3H1",4.23209165638641e-16,-2.63020653438615,1.5995840221159e-14,0.99999989908782,0.999999989686377,"TERT",FALSE,4.47914956117678e-09,117
"ATM",4.33453639226567e-16,-2.62454767577337,1.67796243872164e-14,0.999999896645074,0.999999989686377,"TERT",FALSE,4.47914956117678e-09,118
"PLG",4.44259173520894e-16,-2.61872061341916,1.76266481842058e-14,0.999999894068547,0.999999989686377,"TERT",FALSE,4.47914956117678e-09,119
"IGKV4-1",5.7384544332275e-16,-2.55806480373562,2.94094432245121e-14,0.999999863169327,0.999999989686377,"TERT",FALSE,4.47914956117678e-09,120
"PRSS57",7.36556825695073e-06,3.78119670273564,1403.64170681876,3.39687176971168e-307,5.09530765456752e-304,"TOP2A",TRUE,12,1
"SMIM24",1.68365913783906e-06,2.55933248630672,73.3418888485186,1.09029281009214e-17,1.09029281009214e-14,"TOP2A",TRUE,12,2
"PGF",1.08585247080478e-06,2.24540845771038,30.5060090581947,3.32833978703847e-08,2.49625484027885e-05,"TOP2A",TRUE,4.60271108001634,3
"UBE2C",9.76298753269648e-07,2.1723525151008,24.6609167160779,6.83564412100983e-07,0.00041013864726059,"TOP2A",TRUE,3.38706930532554,4
"RRBP1",8.95958627555195e-07,2.11420856924482,20.7691947525086,5.18096690335042e-06,0.00259048345167521,"TOP2A",TRUE,2.58661917769421,5
"SH3BP5",8.37761432722431e-07,2.0692547894967,18.1586882877065,2.03240058471023e-05,0.00871028822018671,"TOP2A",TRUE,2.05996747411224,6
"SELK",8.13049148777101e-07,2.04935902901536,17.1031988869943,3.54026253679341e-05,0.0132759845129753,"TOP2A",TRUE,1.87693326288691,7
"GYPC",8.03562961218576e-07,2.04158503646487,16.7064266445412,4.36329384398558e-05,0.0137291904251979,"TOP2A",TRUE,1.86235507122904,8
"PLP2",8.0138465108396e-07,2.03978889240675,16.6159733644713,4.57639680839931e-05,0.0137291904251979,"TOP2A",TRUE,1.86235507122904,9
"HPSE",7.93384852398102e-07,2.03315678961182,16.2858922117,5.446797061573e-05,0.0148549010770173,"TOP2A",TRUE,1.82813023594033,10
"VWF",7.56904995278153e-07,2.00217361605066,14.8226717060459,0.000118107071332777,0.0295267678331942,"TOP2A",TRUE,1.52978409076044,11
"CDCA7",7.45129110868361e-07,1.99190099286057,14.3650389786425,0.0001505721756077,0.0347474251402385,"TOP2A",TRUE,1.45907737204703,12
"UROD",7.3063839263813e-07,1.97906902875364,13.8117505319372,0.000202068494480989,0.0433003916744977,"TOP2A",TRUE,1.36350817521006,13
"AURKA",7.24524516014386e-07,1.97359004020405,13.5815681743667,0.00022841733311981,0.045683466623962,"TOP2A",TRUE,1.3402409477015,14
"EPS15",7.04330491696721e-07,1.95520938169565,12.8350252507323,0.000340190868776503,0.0587743239432526,"TOP2A",FALSE,1.23081235768415,15
"C1orf228",7.03515773605726e-07,1.95445846824831,12.8053491839189,0.0003456297004483,0.0587743239432526,"TOP2A",FALSE,1.23081235768415,16
"CCND1",7.02482299158746e-07,1.95350486629061,12.7677543461155,0.000352645943659516,0.0587743239432526,"TOP2A",FALSE,1.23081235768415,17
"CKAP5",6.99221616116156e-07,1.95048835118941,12.6495023124353,0.000375665669937199,0.0593156320953472,"TOP2A",FALSE,1.2268308371907,18
"VIMP",6.68844360111049e-07,1.92179599366862,11.5742773697304,0.00066870417842846,0.0993153287814647,"TOP2A",FALSE,1.00298371533718,19
"MYH9",6.66753215016226e-07,1.91978036204143,11.5020164414185,0.000695207301470253,0.0993153287814647,"TOP2A",FALSE,1.00298371533718,20
"CKLF",6.61460009539386e-07,1.91465418542503,11.320117446111,0.000766718637163117,0.104552541431334,"TOP2A",FALSE,0.980665406020008,21
"MKI67",6.44405041048381e-07,1.89789679814838,10.7438912908427,0.00104624103481671,0.136466221932615,"TOP2A",FALSE,0.86497483172678,22
"ZFP36L2",6.34942804722931e-07,1.88843643385656,10.430688098566,0.00123938559030391,0.154923198787989,"TOP2A",FALSE,0.809883544466549,23
"PTMS",6.28170823438312e-07,1.88159195604348,10.2093776506326,0.00139728318077089,0.167673981692507,"TOP2A",FALSE,0.775534322510305,24
"CD34",6.16862116605913e-07,1.87002111210829,9.84509579984901,0.00170285122826993,0.196482834031146,"TOP2A",FALSE,0.706675386312482,25
"PF4",6.12863214744698e-07,1.86588634875101,9.71786489601272,0.00182485392009684,0.202761546677427,"TOP2A",FALSE,0.693014404611242,26
"RPL10A",6.06906567168153e-07,1.85968460938236,9.52987975472477,0.00202153364547429,0.216592890586531,"TOP2A",FALSE,0.664355802695517,27
"SPINK2",6.02023678863633e-07,1.8545621079529,9.37715065903514,0.0021970678777298,0.226635687964845,"TOP2A",FALSE,0.644671701419532,28
"ICAM3",6.00194195235937e-07,1.85263375191099,9.32024500031427,0.00226635687964845,0.226635687964845,"TOP2A",FALSE,0.644671701419532,29
"DCTN3",5.96880320725613e-07,1.84912802744865,9.21760869948503,0.00239698420625731,0.231966213508772,"TOP2A",FALSE,0.634575266640362,30
"UBC",5.93740518529155e-07,1.84579115868833,9.1208879806246,0.00252707267324772,0.236913063116974,"TOP2A",FALSE,0.625410992112999,31
"RPS18",5.84976687897534e-07,1.83639728026915,8.85361974530244,0.00292508225982775,0.262560758247917,"TOP2A",FALSE,0.580770182092282,32
"RPS9",5.83941598717588e-07,1.83527989322348,8.82231532479766,0.0029756885934764,0.262560758247917,"TOP2A",FALSE,0.580770182092282,33
"CDKN3",5.75042025651019e-07,1.82560264401037,8.55545118439816,0.00344489113157835,0.295276382706716,"TOP2A",FALSE,0.529771288119007,34
"CCNA2",5.6797255234006e-07,1.81782428022289,8.34638558604543,0.00386455336470315,0.31584765430817,"TOP2A",FALSE,0.500522344113292,35
"ZFAS1",5.6596991144629e-07,1.81560587238021,8.28763153093557,0.00399160168442093,0.31584765430817,"TOP2A",FALSE,0.500522344113292,36
"C1QTNF4",5.65828154290873e-07,1.81544858945205,8.28348048361442,0.00400073695457016,0.31584765430817,"TOP2A",FALSE,0.500522344113292,37
"LCP1",5.56133241442699e-07,1.80461154612757,8.00205360716197,0.00467243281037721,0.359417908490554,"TOP2A",FALSE,0.444400287369338,38
"RPL18A",5.49756011840579e-07,1.79739516212978,7.81958530200085,0.00516830534906816,0.387622901180112,"TOP2A",FALSE,0.41159057227571,39
"MAPRE1",5.46108637804177e-07,1.7932358043567,7.71617091378777,0.00547283513301331,0.400451351196096,"TOP2A",FALSE,0.397450236609446,40
"SLC30A5",5.38414119134868e-07,1.78438318615993,7.5002653300365,0.00616899039377262,0.421612949946536,"TOP2A",FALSE,0.375086058127702,41
"RPL13",5.37081644793595e-07,1.78283925297074,7.46318775640323,0.0062973393659326,0.421612949946536,"TOP2A",FALSE,0.375086058127702,42
"FLOT1",5.36889168119369e-07,1.78261596193803,7.45783947399078,0.00631607680603027,0.421612949946536,"TOP2A",FALSE,0.375086058127702,43
"PYCARD",5.36805942786965e-07,1.78251939166199,7.45552751428303,0.00632419424919803,0.421612949946536,"TOP2A",FALSE,0.375086058127702,44
"SBDS",5.35255747171506e-07,1.78071829676607,7.41252933877117,0.0064771198837988,0.422420861986878,"TOP2A",FALSE,0.374254641558404,45
"MANF",5.29368463335433e-07,1.77383751511688,7.25036511048426,0.00708865976326448,0.45246764446369,"TOP2A",FALSE,0.344412471338962,46
"TACC1",5.14760532364196e-07,1.75647930696026,6.85573827814435,0.00883570399395629,0.53692363637629,"TOP2A",FALSE,0.27008747716575,47
"LRRC59",5.14601295861057e-07,1.7562877959279,6.85149741323735,0.00885670114953883,0.53692363637629,"TOP2A",FALSE,0.27008747716575,48
"HSP90B1",5.13123986707584e-07,1.75450865623527,6.81221554122038,0.00905363644700283,0.53692363637629,"TOP2A",FALSE,0.27008747716575,49
"CKS2",5.12575802703684e-07,1.75384736472756,6.79766797401997,0.00912770181839694,0.53692363637629,"TOP2A",FALSE,0.27008747716575,50
"SLC44A1",5.02205334138371e-07,1.7412224975133,6.52538874495127,0.0106345302885052,0.599827211616221,"TOP2A",FALSE,0.221973836031141,51
"TROVE2",5.01833213987391e-07,1.74076538010146,6.51572206538772,0.0106924898458816,0.599827211616221,"TOP2A",FALSE,0.221973836031141,52
"PTTG1",5.00284264464478e-07,1.73885952903391,6.47556151562815,0.0109367755488344,0.599827211616221,"TOP2A",FALSE,0.221973836031141,53
"PPBP",4.99037011383912e-07,1.73732124164132,6.4433134650636,0.0111370721834651,0.599827211616221,"TOP2A",FALSE,0.221973836031141,54
"TGFB1I1",4.97709627258411e-07,1.73568053221906,6.40908202683492,0.0113538098508792,0.599827211616221,"TOP2A",FALSE,0.221973836031141,55
"CHD1L",4.97449518478951e-07,1.73535858982383,6.40238485723963,0.0113967170207082,0.599827211616221,"TOP2A",FALSE,0.221973836031141,56
"RPL3",4.93786071314808e-07,1.73080899537856,6.30843187581846,0.0120165076051325,0.621543496817196,"TOP2A",FALSE,0.20652847319019,57
"IMPDH2",4.87704570197903e-07,1.72319271665478,6.15399866502253,0.0131115326144543,0.666688099040048,"TOP2A",FALSE,0.176077297337864,58
"PLK1",4.84583318902984e-07,1.71925236885555,6.07548100310497,0.0137070971081605,0.685354855408026,"TOP2A",FALSE,0.164084506111137,59
"TESC",4.82015265019894e-07,1.71599418479614,6.01125749366685,0.0142148938887344,0.699093142068907,"TOP2A",FALSE,0.155464958171721,60
"RPS6",4.78804239918101e-07,1.71189942008212,5.93143427079356,0.0148731317087288,0.708475712027421,"TOP2A",FALSE,0.14967503364979,61
"ATP2A3",4.78279954386298e-07,1.71122862549344,5.91845166816783,0.0149831198364633,0.708475712027421,"TOP2A",FALSE,0.14967503364979,62
"CDK1",4.7765978102798e-07,1.71043434041436,5.90311301007094,0.0151141485232517,0.708475712027421,"TOP2A",FALSE,0.14967503364979,63
"P2RX1",4.68412609430819e-07,1.69848586246452,5.67676481674853,0.0171910380460929,0.793432525204288,"TOP2A",FALSE,0.100490000449696,64
"STIP1",4.65340539090861e-07,1.69447199732948,5.60254720387523,0.017934384207703,0.812243243934645,"TOP2A",FALSE,0.0903138923364493,65
"FAM50A",4.64510095979886e-07,1.69338310196838,5.58256852226514,0.0181400991145404,0.812243243934645,"TOP2A",FALSE,0.0903138923364493,66
"AKR7A2",4.57962207666202e-07,1.68473892747524,5.42629034186839,0.0198357723210935,0.856939076328755,"TOP2A",FALSE,0.0670500529364927,67
"TTK",4.57704626472431e-07,1.68439674033824,5.42018801617866,0.0199052163473302,0.856939076328755,"TOP2A",FALSE,0.0670500529364927,68
"PNPLA2",4.57371857781286e-07,1.68395442700932,5.41230951506834,0.0199952451143376,0.856939076328755,"TOP2A",FALSE,0.0670500529364927,69
"BST2",4.56274705039059e-07,1.68249416091005,5.38637434711837,0.0202945963083368,0.857518153873385,"TOP2A",FALSE,0.0667566770652721,70
"PF4V1",4.49577489698677e-07,1.67351517227317,5.22941204804818,0.0222080382108488,0.925334925452032,"TOP2A",FALSE,0.0337010456950182,71
"EEF1B2",4.45270214878171e-07,1.66768013894613,5.12968901987146,0.0235199413424349,0.96231425332492,"TOP2A",FALSE,0.0166830816022072,72
"EIF4G3",4.44577507651622e-07,1.6667372599444,5.11374091221438,0.023737084915348,0.96231425332492,"TOP2A",FALSE,0.0166830816022072,73
"CKAP2",4.42853765991132e-07,1.66438555720043,5.0741632028839,0.0242849912816114,0.971399651264457,"TOP2A",FALSE,0.0126020567760454,74
"PPIF",4.41209320629559e-07,1.66213477659759,5.03654946857163,0.0248178764530686,0.972208555731016,"TOP2A",FALSE,0.0122405613211154,75
"RTN4",4.39638528753429e-07,1.65997813936941,5.00075109531848,0.0253363213777983,0.972208555731016,"TOP2A",FALSE,0.0122405613211154,76
"TPX2",4.39217584265858e-07,1.6593990861948,4.99117945541451,0.0254768378592941,0.972208555731016,"TOP2A",FALSE,0.0122405613211154,77
"MZT1",4.38845836716134e-07,1.65888731624769,4.98273410357883,0.0256014919675834,0.972208555731016,"TOP2A",FALSE,0.0122405613211154,78
"RAB6A",4.3572534194927e-07,1.65457686828033,4.91212472866412,0.0266688163194495,0.990440262834524,"TOP2A",FALSE,0.00417171326394049,79
"FHL2",4.3551567844096e-07,1.65428631323219,4.90739860685614,0.0267418870965322,0.990440262834524,"TOP2A",FALSE,0.00417171326394049,80
"SHISA5",5.50413696482681e-17,-2.23491116262712,7.83830596091966e-20,0.999999999776616,0.999999999776616,"TOP2A",FALSE,9.70144289939894e-11,81
"F10",6.60072058911575e-17,-2.23128200217416,1.1272660971692e-19,0.999999999732112,0.999999999776616,"TOP2A",FALSE,9.70144289939894e-11,82
"FLT1",7.57268384381311e-17,-2.22847148430521,1.48369078133842e-19,0.999999999692665,0.999999999776616,"TOP2A",FALSE,9.70144289939894e-11,83
"S100A12",7.91996714685971e-17,-2.22754146194867,1.62289531764272e-19,0.999999999678571,0.999999999776616,"TOP2A",FALSE,9.70144289939894e-11,84
"CD164",1.22222524771944e-16,-2.21821155121215,3.86497108004845e-19,0.999999999503964,0.999999999776616,"TOP2A",FALSE,9.70144289939894e-11,85
"VEGFA",1.24851967496286e-16,-2.21773800486949,4.03305856303038e-19,0.999999999493293,0.999999999776616,"TOP2A",FALSE,9.70144289939894e-11,86
"F2",1.27523844293411e-16,-2.2172654202254,4.20752339821042e-19,0.999999999482449,0.999999999776616,"TOP2A",FALSE,9.70144289939894e-11,87
"ABCB1",1.71567482303932e-16,-2.21048366331549,7.61576796197855e-19,0.999999999303699,0.999999999776616,"TOP2A",FALSE,9.70144289939894e-11,88
"PSMD5-AS1",2.14839086704465e-16,-2.20513717666867,1.19418150868754e-18,0.999999999128083,0.999999999776616,"TOP2A",FALSE,9.70144289939894e-11,89
"S100A8",2.42764410271179e-16,-2.20215566504755,1.52480316379227e-18,0.999999999014749,0.999999999776616,"TOP2A",FALSE,9.70144289939894e-11,90
"ZMAT2",2.60175802248136e-16,-2.20044124597226,1.7513685708964e-18,0.999999998944085,0.999999999776616,"TOP2A",FALSE,9.70144289939894e-11,91
"EHMT1",2.87800744377288e-16,-2.19791145432946,2.14302665495775e-18,0.99999999883197,0.999999999776616,"TOP2A",FALSE,9.70144289939894e-11,92
"ELANE",2.95156290155674e-16,-2.19727276811837,2.25396845219592e-18,0.999999998802118,0.999999999776616,"TOP2A",FALSE,9.70144289939894e-11,93
"CLC",3.32236515553006e-16,-2.1942452817285,2.85587025875812e-18,0.999999998651629,0.999999999776616,"TOP2A",FALSE,9.70144289939894e-11,94
"BOD1L1",3.42712266131851e-16,-2.19344214865827,3.03880648439627e-18,0.999999998609114,0.999999999776616,"TOP2A",FALSE,9.70144289939894e-11,95
"FCGR3A",3.6363238475986e-16,-2.19189882170817,3.42112431270125e-18,0.99999999852421,0.999999999776616,"TOP2A",FALSE,9.70144289939894e-11,96
"CD79A",3.78780167759612e-16,-2.19082777281475,3.71208755548108e-18,0.999999998462733,0.999999999776616,"TOP2A",FALSE,9.70144289939894e-11,97
"ATM",3.98032980517096e-16,-2.18951780891754,4.09903724453721e-18,0.999999998384597,0.999999999776616,"TOP2A",FALSE,9.70144289939894e-11,98
"TLR9",4.01913145687359e-16,-2.18926034434328,4.17934448441897e-18,0.999999998368849,0.999999999776616,"TOP2A",FALSE,9.70144289939894e-11,99
"PLG",4.06047999883302e-16,-2.18898829470997,4.26578043715319e-18,0.999999998352068,0.999999999776616,"TOP2A",FALSE,9.70144289939894e-11,100
"ETS1",4.07207028074838e-16,-2.1889124598686,4.29016778111714e-18,0.999999998347364,0.999999999776616,"TOP2A",FALSE,9.70144289939894e-11,101
"ZFC3H1",4.3001194685023e-16,-2.187456434404,4.78415002613602e-18,0.999999998254811,0.999999999776616,"TOP2A",FALSE,9.70144289939894e-11,102
"CYP3A4",5.33940516601756e-16,-2.18155312903324,7.3761459561108e-18,0.99999999783302,0.999999999776616,"TOP2A",FALSE,9.70144289939894e-11,103
"PLAT",5.53482733740033e-16,-2.18055414624056,7.92596046493914e-18,0.999999997753709,0.999999999776616,"TOP2A",FALSE,9.70144289939894e-11,104
"C5AR1",5.61010045437095e-16,-2.18017734071372,8.14301102266577e-18,0.99999999772316,0.999999999776616,"TOP2A",FALSE,9.70144289939894e-11,105
"IGKV4-1",5.76514759853956e-16,-2.17941454657646,8.59932985678101e-18,0.999999997660234,0.999999999776616,"TOP2A",FALSE,9.70144289939894e-11,106
"C1QB",5.77230191644157e-16,-2.17937977174476,8.62068594935991e-18,0.999999997657331,0.999999999776616,"TOP2A",FALSE,9.70144289939894e-11,107
"HLF",6.22908440614141e-16,-2.17723184059136,1.00390398593082e-17,0.999999997471947,0.999999999776616,"TOP2A",FALSE,9.70144289939894e-11,108
"ACHE",6.27250507381374e-16,-2.17703470149775,1.01794845991657e-17,0.999999997454325,0.999999999776616,"TOP2A",FALSE,9.70144289939894e-11,109
"IGKV1-5",6.45569132007737e-16,-2.17621555589615,1.07827431386415e-17,0.999999997379979,0.999999999776616,"TOP2A",FALSE,9.70144289939894e-11,110
"IGHG1",7.10205613803139e-16,-2.17347475298495,1.30500431831715e-17,0.999999997117655,0.999999999776616,"TOP2A",FALSE,9.70144289939894e-11,111
"RASSF5",7.53136242440958e-16,-2.17176935047556,1.46754302135024e-17,0.999999996943422,0.999999999776616,"TOP2A",FALSE,9.70144289939894e-11,112
"ALOX5AP",7.81781461435409e-16,-2.17067683356224,1.58130077019232e-17,0.999999996827166,0.999999999776616,"TOP2A",FALSE,9.70144289939894e-11,113
"APOB",8.46050872836043e-16,-2.16834430943638,1.85198175032769e-17,0.999999996566331,0.999999999776616,"TOP2A",FALSE,9.70144289939894e-11,114
"UQCRHL",9.06024464718274e-16,-2.1662997914336,2.12384880582899e-17,0.99999999632293,0.999999999776616,"TOP2A",FALSE,9.70144289939894e-11,115
"GYPA",9.44626688363202e-16,-2.16504388618143,2.30868228215456e-17,0.999999996166264,0.999999999776616,"TOP2A",FALSE,9.70144289939894e-11,116
"C9orf78",9.52403494638995e-16,-2.16479616530042,2.34685202802918e-17,0.999999996134703,0.999999999776616,"TOP2A",FALSE,9.70144289939894e-11,117
"TRAC",9.61869030608496e-16,-2.16449696094652,2.39373258075202e-17,0.999999996096287,0.999999999776616,"TOP2A",FALSE,9.70144289939894e-11,118
"IL2",9.9146875116968e-16,-2.16357719477925,2.54332469782963e-17,0.999999995976158,0.999999999776616,"TOP2A",FALSE,9.70144289939894e-11,119
"XDH",9.98159082093236e-16,-2.16337254162093,2.57776470193845e-17,0.999999995949005,0.999999999776616,"TOP2A",FALSE,9.70144289939894e-11,120
