"gene","distance","Z","FC","p.value","p.adj"
"CDK6",0.000574346742345435,7.05684618890542,539029.032520262,0,0
"PRSS57",3.4406789682841e-05,4.05135292048734,1934.42607919302,0,0
"SMIM24",8.2408523753177e-06,2.90850568776834,110.970642807032,6.00534527283613e-26,6.00534527283613e-23
"GYPC",4.2113701546687e-06,2.44277042236858,28.9808195714991,7.30985026360095e-08,5.48238769770071e-05
"CDCA7",4.03233318801214e-06,2.41405163015606,26.5690883864292,2.54279848363113e-07,0.000152567909017868
"RPS18",3.6044021989883e-06,2.34065618529483,21.229038514446,4.0754297525952e-06,0.0020377148762976
"C1orf228",3.53409458982449e-06,2.32788262159326,20.4089269587095,6.253739456829e-06,0.00268017405292672
"CD34",3.3001930211992e-06,2.28374131844026,17.7968244345387,2.4579313081595e-05,0.00921724240559812
"SPINK2",3.26236409310355e-06,2.27634935883032,17.3911655756935,3.04236777512437e-05,0.0101412259170812
"RPS6",3.08726771628574e-06,2.24113652980593,15.5744391411197,7.9319670256711e-05,0.0237959010770133
"IMPDH2",3.05130277922892e-06,2.23369040764751,15.2136857807059,9.60051285641244e-05,0.0261832168811248
"ZFP36L2",2.90490767965394e-06,2.20257435703767,13.7888644531305,0.000204545010418337,0.0511362526045841
"BST2",2.86297615004183e-06,2.19341181376429,13.393660715771,0.000252476151328659,0.0582637272296904
"LCP1",2.77222037973111e-06,2.17317577882194,12.5579669792572,0.000394520717712503,0.0845401537955363
"C1QTNF4",2.67751665926221e-06,2.15143839487764,11.7146197528998,0.00062010980963871,0.124021961927742
"ICAM3",2.63682320681365e-06,2.14189293286397,11.3612432281618,0.000749926096275723,0.140611143051698
"FABP5",2.49956476400996e-06,2.10872674019841,10.2092213663591,0.00139740159561603,0.246600281579299
"RPL18A",2.48281346957726e-06,2.1045717458701,10.0728419276293,0.00150470760378546,0.24722374977739
"RPS21",2.47376927087032e-06,2.10231832051606,9.99959046702108,0.0015657504152568,0.24722374977739
"IGFBP7",2.45614148823585e-06,2.0979056565222,9.85758646715782,0.00169132844610209,0.253699266915314
"RPS19",2.26631414764344e-06,2.04856371343239,8.39274548025888,0.00376721468656398,0.538173526651998
"EEF1B2",2.25289038311706e-06,2.04494055853313,8.29361661027184,0.00397846758100608,0.542518306500829
"SELL",2.24148907657679e-06,2.04184856700104,8.20988524116382,0.0041662785949661,0.543427642821666
"RPS3A",2.21698885317048e-06,2.035157853897,8.03139252486789,0.00459734810756857,0.574668513446072
"RPS5",2.20129203347676e-06,2.03083751627502,7.91806671671624,0.00489435448938806,0.587322538726567
"FKBP4",2.18363607487976e-06,2.02594595870567,7.79155882674745,0.00524908879603802,0.605664091850541
"RPL10A",2.11969005973532e-06,2.00793830200225,7.34190159730724,0.00673655400434039,0.748506000482266
"RPS28",2.07340295712918e-06,1.99460768521208,7.02475626339553,0.00803904129398952,0.838595450516762
"RPL36",2.07119622040843e-06,1.993965735702,7.00981122994795,0.0081064226883287,0.838595450516762
"RPL3",2.03809315073162e-06,1.98426413115132,6.78753202947177,0.00917967299556625,0.910298785265673
"RPL12",2.03154489098022e-06,1.98232886802425,6.74398630546869,0.00940642078107862,0.910298785265673
"ZFAS1",1.97982128500274e-06,1.96684977929243,6.40495099218413,0.0113802567726913,0.999999999956702
"RBPMS2",1.95970641627438e-06,1.96073539336203,6.27546428282575,0.012242104141382,0.999999999956702
"RPL7",1.93900080821823e-06,1.95438441463069,6.14355588521265,0.0131891827964686,0.999999999956702
"CCND1",1.91900042141389e-06,1.94819374324164,6.01747054643867,0.0141649344043826,0.999999999956702
"NPM1",1.90117579185607e-06,1.94262926712318,5.90620319717146,0.0150876563669425,0.999999999956702
"TGFB1I1",1.8938792773161e-06,1.94033840956621,5.86095540766179,0.0154803888543605,0.999999999956702
"HPSE",1.87797779014094e-06,1.93531928818473,5.762948473624,0.0163675832680988,0.999999999956702
"RPS14",1.8536927250213e-06,1.92758251162311,5.61486506708526,0.017808752277081,0.999999999956702
"RPS3",1.81318136195297e-06,1.91447881422407,5.37212767236691,0.0204610044267357,0.999999999956702
"ITM2C",1.81228581647604e-06,1.91418629066766,5.36682230507538,0.0205233338514333,0.999999999956702
"RPS23",1.80920263655638e-06,1.91317823374945,5.34857705557509,0.0207391893974273,0.999999999956702
"RPL13",1.8030081945551e-06,1.91114843386822,5.31201428355485,0.0211788560103656,0.999999999956702
"RPL34",1.78178037379254e-06,1.90414637395985,5.18766800534971,0.0227477206100742,0.999999999956702
"MANF",1.70845034575931e-06,1.8793891479421,4.76945279809049,0.0289690318426306,0.999999999956702
"HSH2D",1.70603406244079e-06,1.87855782980987,4.75597134134777,0.0291968095491369,0.999999999956702
"RPL22L1",1.67895573211544e-06,1.86917116979527,4.60619504799368,0.031856642718705,0.999999999956702
"CALD1",1.65878404177255e-06,1.86209310878018,4.49617835161582,0.0339706936798955,0.999999999956702
"GSN",1.60606652618725e-06,1.84323682536695,4.21493512194098,0.0400695985745997,0.999999999956702
"RPS9",1.59110397232401e-06,1.83778733132509,4.1367659778411,0.0419612632816221,0.999999999956702
"RP11-620J15.3",1.58364467644496e-06,1.8350539964075,4.09806953769935,0.0429322068087017,0.999999999956702
"TTK",1.57276673521241e-06,1.83104790585177,4.04196420447522,0.0443821366559008,0.999999999956702
"RPL26",1.552186176798e-06,1.82340248286065,3.93687346088965,0.0472384960358442,0.999999999956702
"EIF3E",1.532640147065e-06,1.81605967036357,3.83834694934868,0.0500928853747379,0.999999999956702
"BANK1",1.52916554782751e-06,1.8147458959482,3.82096309079948,0.0506151369488703,0.999999999956702
"KCNAB2",1.52607741588279e-06,1.81357607666847,3.80554589338567,0.0510831217764379,0.999999999956702
"DAAM1",1.49812917853748e-06,1.80289471245831,3.66743443480404,0.0554855303898904,0.999999999956702
"FHL2",1.49025370123796e-06,1.79985368002036,3.62897729715429,0.0567816986495005,0.999999999956702
"GOLGB1",1.48212443768489e-06,1.79670002059171,3.58949348334589,0.0581459633290407,0.999999999956702
"RSU1",1.47867298313365e-06,1.79535653507503,3.57279509004971,0.0587333722009183,0.999999999956702
"RPL29",1.47551725422571e-06,1.79412578297302,3.5575615099737,0.059274755274771,0.999999999956702
"PYCARD",1.44739204947557e-06,1.78305495031861,3.42323093754694,0.0642850833822096,0.999999999956702
"CNN2",1.44094518762839e-06,1.78049107429002,3.39280387018802,0.0654815081951015,0.999999999956702
"RPS25",1.43797410338843e-06,1.77930614804665,3.37882705288075,0.066039037710323,0.999999999956702
"PLEK",1.4261794612248e-06,1.77458120450096,3.32362631261645,0.06829104157274,0.999999999956702
"EEF1A1",1.42214995633547e-06,1.77295922583129,3.3048718020306,0.0690747349520818,0.999999999956702
"RPL14",1.41976653294993e-06,1.7719979631217,3.29380361877557,0.0695417511927312,0.999999999956702
"FCER1G",1.40828548714703e-06,1.76734785317316,3.24074784212351,0.0718278449974542,0.999999999956702
"PGF",1.39727178763714e-06,1.76285607900219,3.19025658364575,0.0740783836383058,0.999999999956702
"EIF4B",1.39577535449146e-06,1.7622434172388,3.18342691838818,0.0743885650348665,0.999999999956702
"SPX",1.3943804122642e-06,1.76167179494917,3.17706704450361,0.0746786643074244,0.999999999956702
"CDKN2D",1.37034187349094e-06,1.75174261678738,3.06846864843572,0.0798246330527714,0.999999999956702
"RPL7A",1.36634240583462e-06,1.75007601491506,3.05058357534004,0.0807081378382961,0.999999999956702
"CD9",1.35865588997085e-06,1.74686110310481,3.01635730346322,0.0824284234733907,0.999999999956702
"THBS1",1.35688612256669e-06,1.74611866192411,3.00850428621806,0.082828688457104,0.999999999956702
"RPL37",1.35265142434262e-06,1.74433873994464,2.9897551409784,0.0837928378963411,0.999999999956702
"LAT",1.35144029844519e-06,1.74382879407071,2.98440365314353,0.0840702500190047,0.999999999956702
"RPL11",1.34517603490104e-06,1.74118488561409,2.95680086104494,0.0855169873301668,0.999999999956702
"RPL31",1.34316338066274e-06,1.74033315749804,2.94795954114329,0.0859860604305006,0.999999999956702
"CSF3R",1.33431606841749e-06,1.73657593832565,2.90925148751608,0.0880727417726844,0.999999999956702
"SBDS",1.32774121579553e-06,1.73376977545398,2.88065140724106,0.0896497484700051,0.999999999956702
"VWF",1.31540708048166e-06,1.72847292150017,2.82738001196097,0.0926694282040608,0.999999999956702
"NASP",1.31538914758595e-06,1.72846518902357,2.82730292135379,0.0926738773126136,0.999999999956702
"CTSW",1.31312701617009e-06,1.72748904891353,2.8175868137436,0.0932364833950663,0.999999999956702
"PDLIM7",1.30567601256266e-06,1.72426351126521,2.785702179372,0.0951089982055706,0.999999999956702
"PDLIM1",1.30382122443245e-06,1.7234580968751,2.77779329944148,0.0955797781201016,0.999999999956702
"TPM1",1.29226696594573e-06,1.71841837347414,2.7287787117483,0.0985546232456468,0.999999999956702
"PDIA6",1.27689773873412e-06,1.71165382637719,2.66425671319605,0.102625757550783,0.999999999956702
"PPP1R14A",1.27495249748647e-06,1.71079263655091,2.65614537544106,0.103150432890278,0.999999999956702
"RPL32",1.26988829839949e-06,1.7085452854911,2.63508649776807,0.104526368372446,0.999999999956702
"RPS29",1.26637746362106e-06,1.70698271528683,2.62053629706708,0.105488782660229,0.999999999956702
"RPL9",1.26238190321892e-06,1.70519983778353,2.6040262223803,0.106592612645806,0.999999999956702
"UHRF1",1.2605106620107e-06,1.70436318205324,2.59631199629533,0.107112707646295,0.999999999956702
"CD151",1.26036092443955e-06,1.70429618602022,2.59569519490992,0.107154412609949,0.999999999956702
"RPS15",1.2603176074805e-06,1.70427680373131,2.5955167766678,0.107166479664065,0.999999999956702
"SELK",1.24969031143016e-06,1.6995040698014,2.55192930242097,0.110159662001768,0.999999999956702
"CSRP1",1.24732957148896e-06,1.69843908974316,2.54229691412328,0.110833448480281,0.999999999956702
"RRBP1",1.24493293328832e-06,1.69735612845268,2.5325366831759,0.111520805178256,0.999999999956702
"PLAC8",1.24025976233342e-06,1.69523927563986,2.51355933305021,0.112870742653144,0.999999999956702
"FBL",1.22927956206344e-06,1.69023815656725,2.4692505277251,0.116093269500041,0.999999999956702
"RPLP0",1.22848975623247e-06,1.68987693681367,2.46607858536282,0.116327825121591,0.999999999956702
"CCND3",1.22509798925782e-06,1.68832341375468,2.45248007194678,0.11733934350739,0.999999999956702
"RPS24",1.21152960355093e-06,1.68207123126765,2.39845676420568,0.121455012832886,0.999999999956702
"CMAS",1.20970608285445e-06,1.68122635415772,2.39124217519163,0.122016640057786,0.999999999956702
"RPN1",1.19513777180654e-06,1.67443665172938,2.33399422756018,0.126576720846477,0.999999999956702
"SH3BP5",1.18814264742128e-06,1.67115100600851,2.30675251417754,0.128812922657587,0.999999999956702
"RPL30",1.18163043443876e-06,1.66807709668828,2.28153517900737,0.130922225567989,0.999999999956702
"RPS16",1.176538524906e-06,1.6656633666913,2.26191425614268,0.132590076289962,0.999999999956702
"LRPPRC",1.17360362886284e-06,1.66426801870261,2.25064356138272,0.133558847100629,0.999999999956702
"ACTN1",1.14464536974706e-06,1.65033585989558,2.14094615394459,0.143413416673837,0.999999999956702
"PDLIM5",1.14036090457566e-06,1.64824869842462,2.12494881131023,0.144917622190557,0.999999999956702
"VASP",1.13802135484523e-06,1.64710612764,2.1162387200669,0.14574408599988,0.999999999956702
"CD63",1.13123819174037e-06,1.64378188499341,2.09108627181247,0.148160689021515,0.999999999956702
"TNFSF13B",1.13075179326412e-06,1.64354285180671,2.08928844970526,0.148335144974643,0.999999999956702
"RPS4Y1",1.1275624280824e-06,1.64197327692328,2.07751910043794,0.149482960443564,0.999999999956702
"CD84",1.12281176946821e-06,1.63962820397604,2.06004992543781,0.15120521628699,0.999999999956702
"MYL6",1.12202224585878e-06,1.63923763831007,2.05715382787003,0.15149290144482,0.999999999956702
"PAICS",1.12169374609684e-06,1.63907506422473,2.05594943888329,0.151612722333702,0.999999999956702
"RPL5",1.12021132759718e-06,1.63834090415083,2.05051878806965,0.152154335165051,0.999999999956702
"RPS8",1.11484204522087e-06,1.63567473426601,2.03090922233456,0.154128376541042,0.999999999956702
"CITED2",1.1101680412099e-06,1.63334474427458,2.01391564165167,0.15586258930133,0.999999999956702
"AC090498.1",1.10390375919158e-06,1.63020864433059,1.99125214923072,0.158210017709546,0.999999999956702
"FLNA",1.10344198668748e-06,1.62997685692617,1.98958658162113,0.158384112589625,0.999999999956702
"MYB",1.10313160208066e-06,1.6298210117008,1.98846744676212,0.158501213544328,0.999999999956702
"RPSA",1.09984444305649e-06,1.62816818284153,1.97663446153428,0.159745408669208,0.999999999956702
"ACTB",1.09299673067034e-06,1.62471127704689,1.95209774073378,0.16236097842327,0.999999999956702
"PARVB",1.08755164678237e-06,1.62194904495764,1.93269629317134,0.164463758512551,0.999999999956702
"PPIF",1.08560427572049e-06,1.62095825708898,1.9257811140677,0.165220752219304,0.999999999956702
"TMSB4X",1.0834962476019e-06,1.61988399368236,1.9183094057117,0.166043150261409,0.999999999956702
"RPL39",1.07896166817858e-06,1.61756699842047,1.90228623313422,0.167822639916374,0.999999999956702
"PF4",1.07868735897398e-06,1.61742656671361,1.90131910277677,0.167930743767416,0.999999999956702
"CKLF",1.07364609056692e-06,1.61484018387511,1.88358892015455,0.169926803606113,0.999999999956702
"NAA38",1.06545562396916e-06,1.61061562275575,1.85496006954343,0.173207609204792,0.999999999956702
"PSMA6",1.0646481462277e-06,1.61019761250215,1.85214949470665,0.173533602227598,0.999999999956702
"COL1A2",1.06429941491923e-06,1.61001699847786,1.85093633008581,0.173674532890977,0.999999999956702
"CDK2AP2",1.05806039005273e-06,1.60677700849003,1.82929920470956,0.176210342354344,0.999999999956702
"PPBP",1.0459291754294e-06,1.6004295023264,1.78759194072021,0.181219836461704,0.999999999956702
"EEF2",1.04586856622067e-06,1.60039762962137,1.78738477297606,0.181245127253582,0.999999999956702
"FERMT3",1.04222932311468e-06,1.59848091506702,1.7749675135298,0.182768503016239,0.999999999956702
"CAMTA1",1.04180159934627e-06,1.59825526132918,1.7735109434785,0.182948168325631,0.999999999956702
"RPS12",1.03361940381968e-06,1.59392307030729,1.74576241904144,0.186410343385085,0.999999999956702
"FNBP1",1.03200917026392e-06,1.59306701201705,1.740327351589,0.1870973544787,0.999999999956702
"RPL23A",1.02626202758717e-06,1.59000216316796,1.72099795001393,0.189564637560722,0.999999999956702
"LTBP1",1.02212658599913e-06,1.58778759828606,1.70715597448973,0.191354784432463,0.999999999956702
"TACC1",1.01440166922784e-06,1.58362997466538,1.6814491707464,0.194732003064511,0.999999999956702
"VIMP",1.01256503232417e-06,1.5826374466803,1.67536594751588,0.195541348796046,0.999999999956702
"ABRACL",1.00661446609651e-06,1.57941098788405,1.6557324779246,0.19818050255189,0.999999999956702
"UROD",1.00409339445333e-06,1.57803905389503,1.64744928081169,0.199306453443443,0.999999999956702
"PTMS",9.98238114403629e-07,1.57484114324241,1.6282913991581,0.20193953500627,0.999999999956702
"LCN2",9.96486670790276e-07,1.57388142184331,1.62258262349393,0.202732053315834,0.999999999956702
"HMGA1",9.89486651349618e-07,1.57003104654983,1.59986638134906,0.20592214746903,0.999999999956702
"MYADM",9.84574186952426e-07,1.5673148267902,1.5840202306475,0.208182560801976,0.999999999956702
"ZYX",9.8283296939837e-07,1.56634924848402,1.57842251134964,0.208988064387327,0.999999999956702
"DHX29",9.81531176438648e-07,1.56562638145248,1.57424394069319,0.209591759506781,0.999999999956702
"GLTSCR2",9.67936429536253e-07,1.55802739284883,1.5309376504168,0.215971774670374,0.999999999956702
"ITGA2B",9.62973657995022e-07,1.55523033906505,1.51527915002386,0.218335298797872,0.999999999956702
"APBB1IP",9.57098873831864e-07,1.5519030900211,1.496847110916,0.221157123415601,0.999999999956702
"PPIB",9.55338676655337e-07,1.55090273999425,1.49134648113952,0.222007663177263,0.999999999956702
"FAM26F",9.53057402156848e-07,1.54960387565456,1.48423254611461,0.22311347358309,0.999999999956702
"RPL38",9.49725212277089e-07,1.54770181694491,1.47387199759991,0.224735771988169,0.999999999956702
"PRDX2",9.46542182499444e-07,1.54587949694982,1.46400910935548,0.226293305251613,0.999999999956702
"RPS13",9.44741104875135e-07,1.54484600803034,1.45844298572054,0.227178020548068,0.999999999956702
"SNCA",9.42834418200605e-07,1.54375005820732,1.45256203552563,0.228117296766247,0.999999999956702
"ACTR3",9.40753612650975e-07,1.54255183401307,1.44615759418,0.229145501104979,0.999999999956702
"ARHGEF6",9.40098844696605e-07,1.54217431363156,1.44414523278208,0.229469727819507,0.999999999956702
"HINT1",9.39697737105567e-07,1.54194293405548,1.44291316225221,0.229668508646493,0.999999999956702
"VIM",9.38479587178885e-07,1.54123971765892,1.43917462967578,0.230272949995646,0.999999999956702
"RPL41",9.36633514842725e-07,1.54017250484726,1.43351823095042,0.231191118464058,0.999999999956702
"TBXAS1",9.35262973544941e-07,1.53937901748383,1.42932607153703,0.231874455444455,0.999999999956702
"STOM",9.3493286295902e-07,1.53918774650696,1.42831725923356,0.232039259068642,0.999999999956702
"HSPD1",9.31289616830847e-07,1.53707290243452,1.41720721567894,0.233863629139651,0.999999999956702
"RPL17",9.23078461825705e-07,1.53228007051235,1.39232643366846,0.238012613293862,0.999999999956702
"TAOK1",9.19231659527689e-07,1.53002199111877,1.38074595694792,0.239974124607117,0.999999999956702
"RPL35",9.10268615227747e-07,1.52472875851976,1.35395107456784,0.244588570544934,0.999999999956702
"RAP1B",9.10169871437617e-07,1.52467019331902,1.35365734366885,0.244639751327621,0.999999999956702
"TROVE2",9.10119681524235e-07,1.524640423441,1.35350805709337,0.244665768594725,0.999999999956702
"HSP90B1",8.96599793460462e-07,1.51656892622325,1.31359383634678,0.251745001194535,0.999999999956702
"PFN1",8.94979173689077e-07,1.51559434009219,1.30884944045459,0.25260307611163,0.999999999956702
"RPS15A",8.94969961676398e-07,1.51558879593197,1.30882249664194,0.252607959445139,0.999999999956702
"LRRFIP2",8.93421276268301e-07,1.51465603151168,1.30429675693018,0.253429860619129,0.999999999956702
"LCP2",8.88869719537176e-07,1.51190652801321,1.29104106487915,0.255856184286727,0.999999999956702
"GATA1",8.87882024703454e-07,1.51130827223255,1.28817349925432,0.256384824494266,0.999999999956702
"SLAIN2",8.87626419855544e-07,1.51115335618618,1.28743192326163,0.256521754386159,0.999999999956702
"RCN1",8.87330370859952e-07,1.51097387961424,1.28657327516785,0.256680414044587,0.999999999956702
"GP1BA",8.83815721362945e-07,1.50883918944028,1.27640141832852,0.258569204397307,0.999999999956702
"DGKD",8.83331413537475e-07,1.50854445976667,1.27500293262703,0.258830227098398,0.999999999956702
"GNB2L1",8.80576801664451e-07,1.50686545113917,1.26706330323155,0.260318325986712,0.999999999956702
"CMTM5",8.78461165905032e-07,1.50557282480035,1.26098223403127,0.261465248961091,0.999999999956702
"IFI27L2",8.77821694638545e-07,1.50518158554668,1.2591470512275,0.261812603910808,0.999999999956702
"HSPA5",8.71833540089271e-07,1.50150590738225,1.24202683229722,0.265080791083835,0.999999999956702
"RPL27A",8.68848850117573e-07,1.49966566042297,1.23353732286553,0.266720214350175,0.999999999956702
"DSTN",8.64049115017993e-07,1.49669481434804,1.21994623895444,0.269371202900357,0.999999999956702
"MFF",8.63544153374474e-07,1.49638143290514,1.21852075042545,0.269651150793587,0.999999999956702
"AKR7A2",8.63117187347356e-07,1.49611633206277,1.21731609090047,0.269888014047433,0.999999999956702
"ILK",8.58832002765727e-07,1.49344937713464,1.20525869005619,0.272273163189382,0.999999999956702
"TSPAN32",8.57008310677996e-07,1.4923108759205,1.20014549672072,0.273292600127186,0.999999999956702
"AHCY",8.56723069680923e-07,1.49213261494621,1.19934673263803,0.273452284483838,0.999999999956702
"RPS2",8.53051252446345e-07,1.48983331718913,1.18908823696939,0.275513546856198,0.999999999956702
"PRDX1",8.48618960856332e-07,1.48704636601827,1.17676378678473,0.278015810298906,0.999999999956702
"RTN4",8.40744294663084e-07,1.48206366932793,1.15502581453697,0.282499536626742,0.999999999956702
"PLP2",8.38272978591544e-07,1.48049161217786,1.14824553982005,0.283916720921257,0.999999999956702
"PSTPIP2",8.35769738253814e-07,1.47889515096106,1.14139802600258,0.285357111319423,0.999999999956702
"DNAJC3",8.33975416625957e-07,1.47774825877565,1.13650233141643,0.286392617462974,0.999999999956702
"SEC11C",8.31987935069544e-07,1.47647540621583,1.13109189392811,0.287542555756255,0.999999999956702
"FAM162A",8.29568375343154e-07,1.4749222773339,1.12452265217939,0.288946689993055,0.999999999956702
"MAT2A",8.29029287134429e-07,1.47457569937529,1.12306160340342,0.289260165402029,0.999999999956702
"GFI1B",8.2509589114916e-07,1.47204100963856,1.11242997287626,0.291554335740784,0.999999999956702
"MLEC",8.24629472254859e-07,1.47173975469356,1.11117263609725,0.291827185482697,0.999999999956702
"MEF2C",8.10894297890213e-07,1.46280152295758,1.07446513077295,0.299939052118428,0.999999999956702
"PTTG1IP",8.1029149701436e-07,1.46240625263468,1.07286825733351,0.300298472023676,0.999999999956702
"DCTN3",8.06892774105302e-07,1.46017285572699,1.06388695945673,0.302330330873856,0.999999999956702
"TC2N",8.0433582149793e-07,1.45848723436567,1.05715496619584,0.303864969224903,0.999999999956702
"MMRN1",7.98305981305128e-07,1.45449373222938,1.0413640946073,0.307504431704567,0.999999999956702
"PAPSS1",7.9557110649051e-07,1.45267383677866,1.03424120665779,0.309164607659355,0.999999999956702
"RPL6",7.94219256222721e-07,1.45177225997034,1.03072938636228,0.309987417353488,0.999999999956702
"RCSD1",7.89767201315765e-07,1.44879366927186,1.01920611447405,0.312707395054592,0.999999999956702
"RPS7",7.83964666333563e-07,1.44488965748699,1.00428461940754,0.316275971699136,0.999999999956702
"RPL13A",7.83160516937788e-07,1.44434664412879,1.00222539222411,0.316772626592628,0.999999999956702
"PROS1",7.8312817750118e-07,1.44432479636628,1.00214262315022,0.316792610616305,0.999999999956702
"RPL4",7.79309102075724e-07,1.441739208789,0.992392173112942,0.319158408517979,0.999999999956702
"COX17",7.76796157579148e-07,1.44003190588253,0.986002396137753,0.320721390499797,0.999999999956702
"VPS13A",7.73168475279705e-07,1.4375587920065,0.976814525591629,0.322986515871198,0.999999999956702
"RIN3",7.70065814029688e-07,1.4354356185171,0.968990503661159,0.324932073453888,0.999999999956702
"NPDC1",7.58984719652739e-07,1.42779177850846,0.941303986593389,0.331942715159618,0.999999999956702
"WDR1",7.55942387398008e-07,1.42567624731155,0.933772820746732,0.333884475140429,0.999999999956702
"CAP1",7.55511026393367e-07,1.42537569750338,0.932707453156609,0.334160381909301,0.999999999956702
"EBNA1BP2",7.53027149139818e-07,1.42364216493373,0.926584650408786,0.335751976914738,0.999999999956702
"OCIAD2",7.43374051330231e-07,1.41685777483985,0.902981031854166,0.34198364258979,0.999999999956702
"PIP4K2A",7.38952222852847e-07,1.41372451874106,0.89227053712456,0.344862754744851,0.999999999956702
"YIF1B",7.38656471543525e-07,1.41351437410021,0.891556452064664,0.34505587245664,0.999999999956702
"ATP2A3",7.38295987982115e-07,1.41325813573523,0.890686458952232,0.34529135183937,0.999999999956702
"KIF5B",7.38034996533718e-07,1.41307255058269,0.890056845722326,0.345461903720398,0.999999999956702
"RPL22",7.37406681304798e-07,1.4126255365666,0.88854201722608,0.34587271341129,0.999999999956702
"MCM7",7.33794916202879e-07,1.41004953604905,0.879859302782757,0.348240218134533,0.999999999956702
"CDC42EP3",7.33536802924189e-07,1.40986502323038,0.879240428428449,0.348409804332858,0.999999999956702
"CMTM6",7.29073133492939e-07,1.40666523429161,0.868572394780072,0.351350833484642,0.999999999956702
"TAGLN2",7.27882554877215e-07,1.40580890083099,0.865737948344653,0.352137933322615,0.999999999956702
"NACA",7.22281915279818e-07,1.40176424993325,0.852466487805901,0.355855515522527,0.999999999956702
"PBX1",7.15492706747496e-07,1.39682466985075,0.836516006404729,0.360395099545532,0.999999999956702
"SYTL1",7.15401080662289e-07,1.39675772897877,0.836301771434996,0.360456612590771,0.999999999956702
"FYB",7.14819760976408e-07,1.39633285104584,0.834943201605816,0.360847034264656,0.999999999956702
"RPL35A",7.12885864517751e-07,1.39491723833348,0.830431548272872,0.362147772011092,0.999999999956702
"LSM1",7.10087813576208e-07,1.39286316710503,0.823925514450296,0.364034931971633,0.999999999956702
"PSMD6",7.09211567129566e-07,1.39221846663763,0.821893325357395,0.364627182970445,0.999999999956702
"FAM96B",6.9887609515458e-07,1.38456160844211,0.798112668849981,0.371658250211645,0.999999999956702
"RPL18",6.97409473362892e-07,1.38346715478554,0.794766435556045,0.372662740259219,0.999999999956702
"MYH9",6.88693514107196e-07,1.37692152708339,0.775025191211637,0.378666944607693,0.999999999956702
"EPS15",6.8344243762172e-07,1.37294329671833,0.76325159002362,0.38231285760159,0.999999999956702
"DNM1L",6.82986564163784e-07,1.37259667843154,0.762233713233955,0.382630390582077,0.999999999956702
"NDUFAF3",6.82487348247895e-07,1.37221687531695,0.761119840268862,0.382978298578442,0.999999999956702
"ARF3",6.79864780690997e-07,1.37021766769061,0.75528162785389,0.384809170759097,0.999999999956702
"RPL19",6.76358180329296e-07,1.36753409448689,0.747510551089489,0.387265551388424,0.999999999956702
"RPL8",6.75640507706238e-07,1.36698338076364,0.74592505022644,0.387769458734011,0.999999999956702
"DNAJC15",6.75304570894708e-07,1.36672542202105,0.745183468324517,0.388005470977188,0.999999999956702
"ARPC1A",6.72951392062234e-07,1.36491534435728,0.739999156495297,0.38966114831936,0.999999999956702
"CHD1L",6.72772319022067e-07,1.36477737613745,0.739605379859431,0.389787318337645,0.999999999956702
"DTD1",6.72151684447855e-07,1.36429895718683,0.738241432707645,0.390224792890337,0.999999999956702
"SFT2D1",6.69312803897707e-07,1.36210570508893,0.732018571241988,0.392229672493256,0.999999999956702
"HCST",6.67252018202545e-07,1.36050853924682,0.727517802584033,0.393688950387062,0.999999999956702
"HSP90AB1",6.66653446450492e-07,1.36004382916153,0.726213119287119,0.394113424681529,0.999999999956702
"MGST1",6.65101852941489e-07,1.35883754226374,0.722836623433604,0.395215018649576,0.999999999956702
"RAB27B",6.63344424109024e-07,1.35746828213007,0.719021702193906,0.396464996147839,0.999999999956702
"CLIC4",6.56243417846429e-07,1.3519035119614,0.703710050751111,0.401539864479409,0.999999999956702
"RALB",6.49903141946259e-07,1.34689066040948,0.690177991187983,0.406103845915461,0.999999999956702
"BCL11A",6.48124513737692e-07,1.34547680804788,0.686405458995675,0.407389715003779,0.999999999956702
"AIF1",6.45793731356945e-07,1.34361894728113,0.681477439739158,0.409078436908998,0.999999999956702
"FKBP2",6.44626173330717e-07,1.3426861061265,0.679015523006266,0.409925931457159,0.999999999956702
"ATP6V0D1",6.42126123093363e-07,1.34068371642226,0.673758891657521,0.411744147948147,0.999999999956702
"GNB5",6.41845241821416e-07,1.34045832582486,0.673169584176456,0.411948723563511,0.999999999956702
"GP6",6.41691822095159e-07,1.34033517950785,0.672847808323232,0.412060489947894,0.999999999956702
"RPLP2",6.40257712364113e-07,1.33918281959633,0.669843689236039,0.413106109380849,0.999999999956702
"HNRNPA1",6.40205003046556e-07,1.33914042315588,0.669733403800284,0.413144570032347,0.999999999956702
"SDF2L1",6.39211879417534e-07,1.33834104431505,0.667657155809654,0.413869623503074,0.999999999956702
"RPS20",6.36052948344193e-07,1.33579120701904,0.661074451236165,0.416180877700067,0.999999999956702
"RPL37A",6.33051182930684e-07,1.33335805060266,0.654849472959677,0.418384183667889,0.999999999956702
"DCXR",6.32719884008362e-07,1.3330888961579,0.65416423877536,0.4186277782652,0.999999999956702
"ATP8A1",6.30664562492383e-07,1.33141637623461,0.649921179218949,0.420140861442199,0.999999999956702
"LTA4H",6.30035889134208e-07,1.33090385007607,0.648626086691062,0.420604318059229,0.999999999956702
"PDIA3",6.29414989600836e-07,1.33039722670658,0.64734827634484,0.421062338344591,0.999999999956702
"TOP1",6.233329633794e-07,1.32541157915853,0.634898090822917,0.425564333512878,0.999999999956702
"GUCY1B3",6.20866053450111e-07,1.32337735299793,0.62988267460627,0.427398352881697,0.999999999956702
"SEPT7",6.16013697857682e-07,1.31935557055506,0.620075499438949,0.431019231285861,0.999999999956702
"SLC25A6",6.15010521211525e-07,1.31852068664119,0.618057561323161,0.43177002543606,0.999999999956702
"PEBP1",6.14843312194451e-07,1.31838141394408,0.617721532116922,0.431895241100906,0.999999999956702
"SEC61B",6.12275503873832e-07,1.31623849079945,0.612572648797676,0.433820803497333,0.999999999956702
"PF4V1",6.08761950118091e-07,1.31329366729859,0.605562303318668,0.43646359079552,0.999999999956702
"RPL28",6.07577048614206e-07,1.31229724410641,0.603207250156573,0.437356924768047,0.999999999956702
"DBNL",5.99296184752229e-07,1.305286235854,0.586876688063723,0.443629431884782,0.999999999956702
"TLN1",5.98631156234833e-07,1.30471955648749,0.585574917103624,0.444135390464847,0.999999999956702
"SSR4",5.95143697644431e-07,1.3017388931757,0.578771997804729,0.446794061511958,0.999999999956702
"TMEM167A",5.9492107267279e-07,1.30154810684872,0.57833907714754,0.446964087035272,0.999999999956702
"C12orf75",5.9350303959032e-07,1.30033142039222,0.57558534527838,0.448047945919719,0.999999999956702
"CYB5R3",5.91983132723856e-07,1.29902452722768,0.572641077523376,0.449211327091786,0.999999999956702
"SEPW1",5.91652318268186e-07,1.29873969120046,0.572001245053025,0.449464769043269,0.999999999956702
"GNAI2",5.91201588545224e-07,1.29835138437406,0.571130058547238,0.449810210365478,0.999999999956702
"PLXDC2",5.81474837435335e-07,1.28990862952092,0.552491606917993,0.45730140835603,0.999999999956702
"S100A4",5.79524525700262e-07,1.28820106968146,0.548791622897461,0.458811857096469,0.999999999956702
"SNRPN",5.78130644539456e-07,1.28697763098422,0.546154873854212,0.459893080822929,0.999999999956702
"MYDGF",5.77035083475485e-07,1.28601424016145,0.544086901551818,0.460743899785564,0.999999999956702
"GNA15",5.75829406287305e-07,1.28495218554482,0.541815608672482,0.461681251901899,0.999999999956702
"DIAPH1",5.75434393651445e-07,1.28460380880047,0.541072504550542,0.461988585397027,0.999999999956702
"TMEM165",5.72604142977258e-07,1.28210162779258,0.535763107527787,0.46419395579407,0.999999999956702
"ANGPT1",5.71229318254708e-07,1.28088229987875,0.533193457592297,0.465267349312194,0.999999999956702
"EIF3L",5.7118473617713e-07,1.28084271765002,0.533110233767042,0.465302179821834,0.999999999956702
"DYNLT1",5.67062571013473e-07,1.27717123981527,0.525443226880934,0.468528947186583,0.999999999956702
"SELP",5.63349544306595e-07,1.27384433196656,0.518584733726711,0.471446019421091,0.999999999956702
"EPB41L4A-AS1",5.57526759616762e-07,1.26858862740005,0.507919945096478,0.47604068492268,0.999999999956702
"UBE2C",5.56947908665501e-07,1.26806355683852,0.506865799046189,0.476498784395418,0.999999999956702
"HEMGN",5.56834217633948e-07,1.26796037319906,0.506658884851941,0.476588787220482,0.999999999956702
"ESAM",5.55769095853028e-07,1.26699280360009,0.504722447515109,0.477432436606668,0.999999999956702
"TIMP1",5.5366784033404e-07,1.2650792799475,0.500913146251471,0.479099168226558,0.999999999956702
"HHEX",5.50675877449719e-07,1.26234374721203,0.495514009846404,0.481477887202563,0.999999999956702
"SYK",5.48415293984217e-07,1.26026836202653,0.491454084021094,0.483279386936235,0.999999999956702
"DYNLL1",5.4794371163264e-07,1.25983448048188,0.490609244610179,0.483655660205667,0.999999999956702
"ANKRD28",5.41027091135777e-07,1.25343337567796,0.478301626390085,0.489192618834515,0.999999999956702
"RPS27",5.40710753083253e-07,1.25313892421327,0.477742464848863,0.489446670621258,0.999999999956702
"FHL1",5.40697110474161e-07,1.25312622214522,0.477718357425682,0.489457628628234,0.999999999956702
"MRPS26",5.3982142616488e-07,1.25231032761834,0.476172235913819,0.490161271426222,0.999999999956702
"EIF4G3",5.38852903286478e-07,1.25140659757411,0.474465115874232,0.490940146475363,0.999999999956702
"SYPL1",5.37873776539778e-07,1.25049154226641,0.472742421554442,0.491728224487761,0.999999999956702
"SPCS2",5.35843520550434e-07,1.24858953560568,0.469180334059083,0.493364495044549,0.999999999956702
"F2R",5.34112333068376e-07,1.24696277037276,0.466153603265773,0.494762033309663,0.999999999956702
"GSPT1",5.32153753929502e-07,1.24511681576272,0.46274111981424,0.496345685912312,0.999999999956702
"RPS11",5.31085215981624e-07,1.24410724059217,0.46088466377652,0.497210814405931,0.999999999956702
"HELLS",5.26027209912751e-07,1.23930433901872,0.452147623114679,0.501316842923795,0.999999999956702
"UHMK1",5.25292310930609e-07,1.23860318131283,0.450885138171376,0.501914915827496,0.999999999956702
"SLC50A1",5.24713579948966e-07,1.23805042344204,0.449892176920459,0.502386162265259,0.999999999956702
"CDK2AP1",5.2424058207969e-07,1.2375982612745,0.449081440789855,0.502771486529815,0.999999999956702
"TCEB1",5.24086701701281e-07,1.23745108321942,0.448817841662906,0.502896877727154,0.999999999956702
"RSL24D1",5.22865065690171e-07,1.23628132656037,0.446727908806627,0.503892928020809,0.999999999956702
"MGLL",5.20719816829189e-07,1.23422144158242,0.443069693249601,0.505644554265408,0.999999999956702
"NUDT3",5.19154309295729e-07,1.2327135860854,0.440409582199811,0.506924833711367,0.999999999956702
"UBE2J1",5.18808140565933e-07,1.23237963405864,0.439822453499976,0.507208161937227,0.999999999956702
"PLD3",5.15517584267331e-07,1.22919553479317,0.434260972154667,0.509905526712201,0.999999999956702
"TREML1",5.1502259788001e-07,1.22871504056711,0.433427440651229,0.510311929968169,0.999999999956702
"STX11",5.13461443275677e-07,1.22719696950002,0.43080378215958,0.511594807959978,0.999999999956702
"CORO1B",5.13432991181652e-07,1.2271692655429,0.43075603980122,0.511618204064029,0.999999999956702
"LMAN1",5.12472993993484e-07,1.22623373112176,0.42914672369596,0.512407935178265,0.999999999956702
"CFL1",5.12416421037321e-07,1.2261785524319,0.42905198013282,0.512454494121113,0.999999999956702
"NCOR1",5.10106027455331e-07,1.22392058048167,0.42519166593793,0.514357806206033,0.999999999956702
"PRDX4",5.08197647720949e-07,1.22204881307877,0.42201621110194,0.515932704847951,0.999999999956702
"MRPL41",5.06243464916111e-07,1.22012580380053,0.418776876110871,0.517547991072279,0.999999999956702
"FLOT1",5.06242513426855e-07,1.22012486592524,0.418775301922357,0.517548778190189,0.999999999956702
"RAB14",5.0488683799812e-07,1.21878703469411,0.416535414066684,0.518670887396047,0.999999999956702
"TKT",5.04685745716083e-07,1.21858832446993,0.416203674873696,0.518837440942904,0.999999999956702
"SPI1",5.03291064322489e-07,1.21720827424125,0.413906524736819,0.519993337723555,0.999999999956702
"RPL24",5.03139703028308e-07,1.21705830171242,0.413657603144505,0.520118864153823,0.999999999956702
"MRPL52",5.02564661031913e-07,1.21648817946193,0.412712598961559,0.520595898402216,0.999999999956702
"RPS4X",5.01352702114104e-07,1.21528473728949,0.410724446444978,0.521602033826747,0.999999999956702
"RASGRP2",5.00178034086846e-07,1.21411591765727,0.408802048634933,0.522578165187235,0.999999999956702
"PPA1",4.98526569228318e-07,1.21246864889761,0.40610697756936,0.523952092906475,0.999999999956702
"C1QBP",4.94983011499972e-07,1.20891808784424,0.400354228845001,0.526906375050838,0.999999999956702
"TPT1",4.94178707679611e-07,1.208109130803,0.399054205158424,0.527578109293281,0.999999999956702
"ERP44",4.94079431817683e-07,1.2080092015638,0.398893888777846,0.527661052253566,0.999999999956702
"MAPRE2",4.92477222373289e-07,1.20639403804374,0.396311003299357,0.529000584501329,0.999999999956702
"PDIA4",4.91321084217281e-07,1.20522572384431,0.394452430237843,0.529968251116901,0.999999999956702
"NDUFB3",4.91320494294937e-07,1.20522512710176,0.394451483011394,0.52996874510066,0.999999999956702
"RPS27A",4.9040205364847e-07,1.20429531494514,0.392978140586728,0.53073810411773,0.999999999956702
"ARF4",4.87963772079869e-07,1.20181950916688,0.389080076605419,0.532783349223231,0.999999999956702
"BCAP29",4.87935520118783e-07,1.20179075969882,0.389035024256868,0.532807070485967,0.999999999956702
"NDUFA4",4.87341870576112e-07,1.20118632260737,0.388088956749526,0.533305641443089,0.999999999956702
"P4HB",4.85855521174376e-07,1.19967016286895,0.385725293069022,0.534554971624716,0.999999999956702
"SERPINE2",4.83887701274802e-07,1.19765668593133,0.382607078947148,0.536211263882082,0.999999999956702
"TESC",4.83550779528043e-07,1.19731123635108,0.382074460462694,0.536495105965787,0.999999999956702
"P2RX1",4.80965027634414e-07,1.19465307671896,0.377999156244947,0.538676003972395,0.999999999956702
"LSP1",4.8003459636344e-07,1.19369356308145,0.376538085150047,0.53946184282509,0.999999999956702
"RPS17",4.79067060670627e-07,1.19269407580428,0.375021749067106,0.540279628439864,0.999999999956702
"TMEM91",4.77080641339987e-07,1.19063656769468,0.371918191885545,0.541960541355178,0.999999999956702
"MPO",4.75318386903911e-07,1.18880502800451,0.36917566187188,0.543453946232415,0.999999999956702
"PCBD1",4.73383180689165e-07,1.18678695075053,0.366175665695083,0.545096273616231,0.999999999956702
"MRPL27",4.71962255347996e-07,1.18530062426424,0.363980710677146,0.546303719450575,0.999999999956702
"TPM4",4.68874994990089e-07,1.18205786454011,0.359234449931787,0.548931710075333,0.999999999956702
"PDCD5",4.64530275663536e-07,1.17746285119318,0.352607772853341,0.55264063234344,0.999999999956702
"RHOA",4.62584311601027e-07,1.17539270625378,0.34965974173862,0.5543058052278,0.999999999956702
"THOC2",4.61081133226148e-07,1.17378843484377,0.347390979167254,0.555593762138589,0.999999999956702
"HLA-DPA1",4.57493550154936e-07,1.16994119698721,0.342006046580386,0.558673576255545,0.999999999956702
"SH3BGRL3",4.55343647110613e-07,1.16762315682752,0.338799215851089,0.560523158639305,0.999999999956702
"ACAP1",4.55330911607112e-07,1.16760939711051,0.338780264369996,0.56053412394744,0.999999999956702
"ARPC5",4.53509404634894e-07,1.16563796030899,0.33607517103042,0.562103516355312,0.999999999956702
"SNRPE",4.52182269439764e-07,1.16419726543765,0.334111090118205,0.563248298158456,0.999999999956702
"ARHGAP6",4.51626486392026e-07,1.16359283750128,0.333290274383088,0.563728048301419,0.999999999956702
"VPS28",4.50583406813502e-07,1.16245672169099,0.331752513317306,0.56462896241931,0.999999999956702
"RBM6",4.50017210198141e-07,1.16183906995813,0.330919286302678,0.565118279743902,0.999999999956702
"FXYD5",4.49961336520626e-07,1.16177808209203,0.33083711820227,0.56516657783278,0.999999999956702
"BTF3",4.44983777019763e-07,1.15631842588129,0.323558034819153,0.569477201331927,0.999999999956702
"COX7A2",4.42874157808549e-07,1.15398851281532,0.320497400913401,0.571308878469896,0.999999999956702
"HERPUD1",4.41810887856851e-07,1.1528105680194,0.318960322370567,0.572233123994166,0.999999999956702
"TGFB1",4.41184794274985e-07,1.15211580083172,0.318056960689384,0.572777686810875,0.999999999956702
"DYNLRB1",4.39045823207059e-07,1.14973575679055,0.314980401930544,0.574639971373877,0.999999999956702
"MTDH",4.35488493811742e-07,1.14575517257233,0.309896879196583,0.577743471272836,0.999999999956702
"PABPC1",4.35434330797654e-07,1.14569434790458,0.309819798375964,0.57779078530045,0.999999999956702
"PNPLA2",4.34199877843857e-07,1.14430628706828,0.308065614998341,0.578869634065712,0.999999999956702
"GDI1",4.32047018169602e-07,1.14187734171591,0.305018272647319,0.580753384128129,0.999999999956702
"ISCA1",4.29698699581558e-07,1.13921589206804,0.301711533150832,0.582811427474837,0.999999999956702
"BID",4.26505636945504e-07,1.13557678075466,0.297244196370216,0.585615242230862,0.999999999956702
"FAM127A",4.25383373400441e-07,1.13429214088372,0.295681978129009,0.586602182291927,0.999999999956702
"CHMP2A",4.24677288032187e-07,1.13348238974427,0.294701199568754,0.587223522108306,0.999999999956702
"TUBA1C",4.21828455101555e-07,1.13020341203185,0.290760614360549,0.589733522563592,0.999999999956702
"SLC30A5",4.20476302458517e-07,1.12864038308977,0.288899561074476,0.590926581832952,0.999999999956702
"NRIP1",4.1956838792737e-07,1.12758842982184,0.287653293799783,0.591728294175917,0.999999999956702
"HIGD2A",4.18879746669568e-07,1.12678922180953,0.286709812982897,0.59233671541559,0.999999999956702
"ACTG1",4.18256344510037e-07,1.12606474583738,0.285857050272394,0.592887744661081,0.999999999956702
"CYTL1",4.1777690846575e-07,1.12550694127838,0.285202085312552,0.593311681070428,0.999999999956702
"SCAMP2",4.17390507865209e-07,1.12505697620458,0.284674764190006,0.593653452840772,0.999999999956702
"MCM3",4.13525555681513e-07,1.12053626528178,0.279427111146529,0.597076954386869,0.999999999956702
"MCM4",4.11281190857447e-07,1.11789428569409,0.276402221809333,0.599069082973773,0.999999999956702
"PECAM1",4.10390628541355e-07,1.11684248956127,0.275206509942236,0.599860392125306,0.999999999956702
"GP9",4.09642437313673e-07,1.11595731167201,0.274203955860375,0.600525562876403,0.999999999956702
"POLR2L",4.08932361517097e-07,1.11511593211605,0.273254167347537,0.601157155735375,0.999999999956702
"MYL9",4.08693104096364e-07,1.11483214743613,0.272934510759862,0.601370036154301,0.999999999956702
"S100A6",4.08525743895235e-07,1.11463355496898,0.272711022663342,0.601518965903423,0.999999999956702
"APEX1",4.08390762799937e-07,1.11447333277463,0.272530839398269,0.60163909440062,0.999999999956702
"C1orf43",4.05278117239318e-07,1.11076585100905,0.268392356078206,0.604412237679949,0.999999999956702
"PABPC4",4.05244355327351e-07,1.11072550211633,0.268347640801071,0.604442348543198,0.999999999956702
"MYL12B",4.01060009006001e-07,1.10570210566362,0.26283460940575,0.608179394107144,0.999999999956702
"CKAP5",3.99697894989415e-07,1.10405706682588,0.261052318754328,0.60939811782623,0.999999999956702
"PROM1",3.97735712138256e-07,1.1016787653874,0.258495512361706,0.61115564691615,0.999999999956702
"CDS2",3.97578564849055e-07,1.10148785289709,0.258291287079183,0.611296501005322,0.999999999956702
"SEC61G",3.97159384674209e-07,1.1009782864667,0.25774692417925,0.611672290458648,0.999999999956702
"ACTN4",3.9659238950415e-07,1.10028829078431,0.257011516938776,0.612180756755193,0.999999999956702
"KRAS",3.95328868750233e-07,1.09874759163762,0.255376477570199,0.613314520707601,0.999999999956702
"RNH1",3.95029798391449e-07,1.09838229028829,0.254990233855824,0.613583013724016,0.999999999956702
"IL2RG",3.94898445224709e-07,1.098221772457,0.254820686109012,0.613700953557229,0.999999999956702
"OTUD6B-AS1",3.94687995222258e-07,1.09796449933018,0.254549159466345,0.613889933967628,0.999999999956702
"PLIN3",3.94415912414151e-07,1.09763170457507,0.254198327523728,0.614134297574922,0.999999999956702
"LGALSL",3.91977458555962e-07,1.09464023265096,0.251064910353322,0.616326237549816,0.999999999956702
"PRKACB",3.91590859138995e-07,1.0941644771531,0.250569914118575,0.616674069020974,0.999999999956702
"PAFAH1B3",3.90356338874765e-07,1.09264252884753,0.248992522663427,0.617785368216809,0.999999999956702
"NCL",3.88674340508243e-07,1.09056219667047,0.246851388091574,0.619300889944576,0.999999999956702
"OSGEP",3.87325067450743e-07,1.08888774416835,0.245140486338471,0.620517789151956,0.999999999956702
"NRDC",3.86854493318316e-07,1.08830257203287,0.244545189488478,0.620942441076033,0.999999999956702
"HLA-DPB1",3.86594731646616e-07,1.08797928704341,0.244216889617423,0.621176907351428,0.999999999956702
"MZB1",3.83526709701181e-07,1.08414669856993,0.240356052233786,0.623949073303408,0.999999999956702
"RPL21",3.80993036923987e-07,1.0809615557146,0.237190838325329,0.626242442279935,0.999999999956702
"PTPN11",3.79754041647549e-07,1.07939730160359,0.235650650177939,0.627365245418268,0.999999999956702
"BEX4",3.79454939006634e-07,1.07901901699755,0.235279589086782,0.627636427899749,0.999999999956702
"IFITM1",3.78059966239296e-07,1.07725133331951,0.233552873755544,0.628901848785087,0.999999999956702
"GPAA1",3.77177063606624e-07,1.07612961485293,0.232463291754579,0.62970331972288,0.999999999956702
"SEC62",3.76737724199147e-07,1.07557059139354,0.231922056279001,0.630102300665615,0.999999999956702
"NDUFS8",3.76243406621195e-07,1.0749409374607,0.231313845685079,0.630551338411763,0.999999999956702
"FGFR1OP2",3.76022852581327e-07,1.07465976808203,0.231042732628515,0.630751733591392,0.999999999956702
"RPLP1",3.75755459012261e-07,1.0743186945961,0.230714255917537,0.630994723542002,0.999999999956702
"DHRS7",3.75259591092194e-07,1.07368563436878,0.230105730832171,0.631445441760009,0.999999999956702
"EMB",3.74402744196366e-07,1.07259001355328,0.229056109249599,0.632224594120528,0.999999999956702
"ACTR2",3.70017137426228e-07,1.06694805923793,0.223721391026337,0.636218917665394,0.999999999956702
"YIPF3",3.69291105159473e-07,1.06600845950813,0.222844298715926,0.63688119925305,0.999999999956702
"SPCS3",3.6926423678347e-07,1.06597365693016,0.222811873095539,0.636905713970456,0.999999999956702
"CD226",3.68283401609038e-07,1.06470167873549,0.221629784733114,0.637800900283291,0.999999999956702
"MYLK",3.68175198480159e-07,1.06456117789929,0.221499572439027,0.637899687247491,0.999999999956702
"CAPZB",3.6681847285968e-07,1.06279643980989,0.219870128365804,0.639138891852937,0.999999999956702
"RHOF",3.66131519201527e-07,1.06190074010589,0.219047382671717,0.639766725499176,0.999999999956702
"CHST12",3.66034032337104e-07,1.06177351182326,0.218930750267968,0.639855843453522,0.999999999956702
"TADA3",3.65196327811642e-07,1.06067902837535,0.217929808276115,0.640621848010274,0.999999999956702
"ATP6V0C",3.6451470702913e-07,1.05978686735192,0.217117057167922,0.64124541083931,0.999999999956702
"EMD",3.62591558983831e-07,1.05726188370994,0.21483211907426,0.64300611606105,0.999999999956702
"RCAN3",3.62016677558517e-07,1.05650484598049,0.214151435335019,0.64353282898967,0.999999999956702
"ITGB1",3.6184505837721e-07,1.05627864597641,0.213948440363997,0.643690103177941,0.999999999956702
"TMBIM6",3.61792721327933e-07,1.05620964545509,0.213886554095207,0.643738068748811,0.999999999956702
"HLA-DRA",3.61142690047755e-07,1.05535193115029,0.213118666614567,0.644333929471098,0.999999999956702
"TSPO",3.61049839819975e-07,1.05522930646867,0.213009094561691,0.64441906066385,0.999999999956702
"EXOSC4",3.59092782444411e-07,1.05263830159461,0.210706137148565,0.646214503117234,0.999999999956702
"BLVRA",3.5658388227973e-07,1.04929875198394,0.207772110392848,0.648519233201221,0.999999999956702
"VDAC3",3.55564822967114e-07,1.04793648861894,0.206586248852961,0.649456327122339,0.999999999956702
"CLNS1A",3.55423572474091e-07,1.04774740037053,0.206422145929603,0.649586260322501,0.999999999956702
"MAP1A",3.55205944350573e-07,1.04745594004304,0.206169436124466,0.64978647247585,0.999999999956702
"C6orf25",3.54896901166128e-07,1.04704178551661,0.205810841102657,0.650070827538075,0.999999999956702
"PAIP2",3.54134720927134e-07,1.0460190372712,0.204927787386792,0.650772338271897,0.999999999956702
"UQCC2",3.53817246292697e-07,1.04559246460942,0.20456052482633,0.65106463327282,0.999999999956702
"PTP4A2",3.53104249688111e-07,1.04463324224612,0.203736913173633,0.651721276004891,0.999999999956702
"AKR1A1",3.53058138260113e-07,1.04457114900852,0.203683705167237,0.651763752181551,0.999999999956702
"SRPK2",3.51684303921489e-07,1.04271792701636,0.202101624486185,0.65302979643349,0.999999999956702
"KRTCAP2",3.51432526632125e-07,1.0423776147463,0.201812351498964,0.653261927963017,0.999999999956702
"SH3GLB1",3.51342841931771e-07,1.04225634231969,0.201709360629142,0.653344622825007,0.999999999956702
"MAPRE1",3.50897913126791e-07,1.04165430911637,0.20119880815323,0.653754937750894,0.999999999956702
"CAPNS1",3.5087477615572e-07,1.0416229844031,0.201172276348063,0.65377627761238,0.999999999956702
"EAF2",3.49840176186653e-07,1.04022042738256,0.199987660116675,0.654730806600507,0.999999999956702
"TFAM",3.48376455074845e-07,1.03822998418472,0.198317675928284,0.65608220998357,0.999999999956702
"IGLL1",3.46817132958098e-07,1.03610155586065,0.196546321653959,0.657523117679492,0.999999999956702
"FAM177A1",3.46643670664999e-07,1.03586427311851,0.196349763604021,0.65768348612252,0.999999999956702
"STIP1",3.44206699464089e-07,1.03251977361004,0.193598715245873,0.659938164719383,0.999999999956702
"ATP6V0E1",3.43060572358865e-07,1.03093973461502,0.192311585641165,0.660999628471569,0.999999999956702
"HLA-DRB1",3.42926141207605e-07,1.03075410984236,0.192160897368312,0.66112417405391,0.999999999956702
"RAB6A",3.41947731488327e-07,1.02940120411249,0.191065945094427,0.662030917598755,0.999999999956702
"UNC13D",3.41640903549307e-07,1.02897624435197,0.190723213951147,0.662315373308598,0.999999999956702
"TUFM",3.40512226494081e-07,1.02741016632038,0.189465113246391,0.663362172392119,0.999999999956702
"MICU1",3.39428662152785e-07,1.02590244917083,0.188261215237868,0.664367750114664,0.999999999956702
"VCP",3.37871093194829e-07,1.02372786463246,0.186537394762414,0.665814275888019,0.999999999956702
"RPL10",3.36216843456274e-07,1.02140877446234,0.18471525593345,0.667351952416143,0.999999999956702
"GNG5",3.35318749106559e-07,1.02014559644272,0.183729760007907,0.668187344940947,0.999999999956702
"MYL6B",3.3505024593608e-07,1.01976737543004,0.183435638237859,0.668437182037551,0.999999999956702
"MAGED2",3.34955642698597e-07,1.01963405216045,0.183332064785724,0.668525217303414,0.999999999956702
"LIPA",3.34436630702285e-07,1.01890203380674,0.182764360824914,0.669008277192316,0.999999999956702
"ATP5E",3.33761766397188e-07,1.01794872773945,0.182027499571373,0.669636598362034,0.999999999956702
"PRKAR2B",3.32993841400073e-07,1.01686193288551,0.181190838976907,0.670351843461252,0.999999999956702
"ERBB2IP",3.32638885926977e-07,1.01635885370324,0.180804763357512,0.67068254993,0.999999999956702
"ZNF580",3.32572462451885e-07,1.01626465993783,0.180732562047814,0.670744442733485,0.999999999956702
"HOPX",3.30416591964482e-07,1.01319858459117,0.178396992205614,0.672754474628974,0.999999999956702
"LAMTOR1",3.30122067270602e-07,1.01277836812111,0.178079097139978,0.673029257588791,0.999999999956702
"EIF3D",3.28573035323599e-07,1.01056291100276,0.176411816750056,0.67447517719013,0.999999999956702
"CAT",3.28341345544534e-07,1.01023076641104,0.176163114635521,0.674691547924992,0.999999999956702
"HSPB1",3.26788177567928e-07,1.00799892934637,0.174500431729679,0.676142716115072,0.999999999956702
"MSI2",3.26061304064194e-07,1.00695128614763,0.173725013985869,0.676822268205298,0.999999999956702
"TNIK",3.26036086735801e-07,1.00691490411638,0.173698143509266,0.676845848545258,0.999999999956702
"RPS19BP1",3.25775665667743e-07,1.00653904182588,0.173420771817488,0.677089382847327,0.999999999956702
"H3F3A",3.25178433506984e-07,1.00567608110957,0.172785503223505,0.677648015501819,0.999999999956702
"GOLGA2",3.25051849901435e-07,1.00549299998494,0.172651007496456,0.677766440707631,0.999999999956702
"CLTB",3.24347994736678e-07,1.00447386875491,0.171904112904024,0.678425077086458,0.999999999956702
"LINC00116",3.23662577111995e-07,1.00347959173475,0.171178339262165,0.679066696612028,0.999999999956702
"ADI1",3.23330340558443e-07,1.00299698824641,0.170827093759169,0.679377787026809,0.999999999956702
"SRSF5",3.22407033588491e-07,1.0016535434876,0.169852853952869,0.68024261412934,0.999999999956702
"RPL23",3.22291409268763e-07,1.0014850713228,0.169731047682701,0.680350944771059,0.999999999956702
"RP11-354E11.2",3.22230180844781e-07,1.00139583632586,0.169666563324205,0.680408313526933,0.999999999956702
"FYN",3.20956689354738e-07,0.999536499052604,0.168328129046573,0.681601946539682,0.999999999956702
"HSPA9",3.20680780262876e-07,0.999132821447279,0.168038848278289,0.681860659040523,0.999999999956702
"SPINT2",3.19656848990568e-07,0.997632092387182,0.166967467959995,0.682821098520028,0.999999999956702
"RPL15",3.17846407557288e-07,0.99496839551582,0.165081515588005,0.684520534887524,0.999999999956702
"GTF2H5",3.17776569187024e-07,0.994865379624453,0.165008978934227,0.684586123275112,0.999999999956702
"COA3",3.17737747874413e-07,0.994808107323352,0.16496866460971,0.684622583162769,0.999999999956702
"RAB7A",3.17728193504409e-07,0.994794011024514,0.164958743547616,0.684631556471717,0.999999999956702
"CD46",3.17645339492389e-07,0.994671754717087,0.164872722149685,0.684709373479095,0.999999999956702
"AFF4",3.1680658980954e-07,0.993432569731992,0.164003171419063,0.685497320731605,0.999999999956702
"YWHAZ",3.16326950987223e-07,0.992722664808073,0.163506952312763,0.685948062039773,0.999999999956702
"RAD23B",3.16136162090272e-07,0.992440022413872,0.16330977718472,0.68612738727199,0.999999999956702
"AURKA",3.15897285100839e-07,0.99208593207251,0.163063072036869,0.686351936112455,0.999999999956702
"PPCS",3.15445986265654e-07,0.991416332947834,0.162597492802415,0.686776241022109,0.999999999956702
"LIMS1",3.14955473215246e-07,0.990687609702449,0.162092213382777,0.687237526543067,0.999999999956702
"MYC",3.14814481834217e-07,0.990477966182116,0.161947123097342,0.687370138419367,0.999999999956702
"LRRC59",3.14248598113942e-07,0.989635721095798,0.161365441626225,0.687902486855756,0.999999999956702
"SCP2",3.13816222419078e-07,0.988991300024865,0.160921700609461,0.688309343470331,0.999999999956702
"PDE5A",3.12646903259778e-07,0.987244665327029,0.159724705401697,0.6894101003027,0.999999999956702
"HEBP1",3.11864094976449e-07,0.98607220590739,0.158925866259501,0.690147376789139,0.999999999956702
"ITGB3",3.11750345859637e-07,0.985901624969165,0.158809954358154,0.690254534217792,0.999999999956702
"SLC44A1",3.11445618967747e-07,0.985444383408801,0.158499641874232,0.690541632976155,0.999999999956702
"TMEM147",3.11224258250702e-07,0.98511198951669,0.158274413945787,0.690750216129081,0.999999999956702
"EBPL",3.10944737288959e-07,0.984691969986132,0.157990238480272,0.691013635899277,0.999999999956702
"HINT2",3.10876086604123e-07,0.984588762678219,0.157920483700995,0.691078337836119,0.999999999956702
"ARPC1B",3.10790125846233e-07,0.984459504114988,0.157833162171714,0.691159357362081,0.999999999956702
"STMN1",3.10630504458274e-07,0.984219400468051,0.157671078008601,0.691309812708441,0.999999999956702
"ADAM10",3.10543282734337e-07,0.984088155779481,0.157582545734494,0.691392030994176,0.999999999956702
"SEC11A",3.08212068408282e-07,0.980568438011606,0.155225516310049,0.693590861856557,0.999999999956702
"UBC",3.04593555142785e-07,0.975059199274635,0.151602112437525,0.697008999871074,0.999999999956702
"RER1",3.03816564325276e-07,0.97386883361159,0.150829652173447,0.69774377050544,0.999999999956702
"ARHGAP18",3.03739543670557e-07,0.973750692859189,0.150753188099986,0.697816621459482,0.999999999956702
"SEPT5",3.01518847152599e-07,0.970333195754254,0.148556876964573,0.699918290494718,0.999999999956702
"ITGA4",3.01185772059247e-07,0.969818738196077,0.148228849270308,0.700233711813007,0.999999999956702
"UNC45A",3.01156341357986e-07,0.969773256755488,0.148199881993341,0.700261585103941,0.999999999956702
"REXO2",3.00910974266147e-07,0.969393922964547,0.147958488699981,0.700493983598712,0.999999999956702
"SNRPD2",2.99776405876293e-07,0.967636407456276,0.146844853318583,0.701568949957337,0.999999999956702
"HLA-DRB5",2.9905595656634e-07,0.966517395470292,0.146139880251519,0.702251862402764,0.999999999956702
"SSRP1",2.98448612915143e-07,0.965572246036733,0.14554690091482,0.702827749048159,0.999999999956702
"CNBP",2.97616091104254e-07,0.96427396418606,0.144736027878768,0.703617428020338,0.999999999956702
"ARPC4",2.97362445057978e-07,0.963877789142507,0.144489427789786,0.703858084646735,0.999999999956702
"GUK1",2.97016306590839e-07,0.96333667588909,0.144153243840583,0.704186544936586,0.999999999956702
"VPS13C",2.96913726722522e-07,0.963176209381631,0.144053689257702,0.70428389639134,0.999999999956702
"RARRES3",2.96714857343659e-07,0.962864979635832,0.143860782893846,0.704472643358138,0.999999999956702
"CD74",2.96689701654184e-07,0.96282559821953,0.143836390695846,0.704496519924907,0.999999999956702
"TET2",2.96556827727244e-07,0.962617535132154,0.14370758389037,0.704622642276299,0.999999999956702
"EIF4EBP1",2.96307855807208e-07,0.962227460444108,0.143466388067582,0.704858985324572,0.999999999956702
"POMP",2.95430917577186e-07,0.960851260741872,0.142618452478426,0.705691668449399,0.999999999956702
"PDCD10",2.95355142778121e-07,0.960732179620216,0.142545301714489,0.705763635799276,0.999999999956702
"EIF3F",2.95209255092193e-07,0.960502840638024,0.14240451887169,0.705902200491423,0.999999999956702
"EIF4G2",2.94831628545416e-07,0.959908746458252,0.14204042911981,0.706260916935958,0.999999999956702
"GDI2",2.94741891964944e-07,0.95976747311395,0.141953977861472,0.706346169449761,0.999999999956702
"GAPVD1",2.93692402731142e-07,0.958112479246065,0.140944864871446,0.707343489806891,0.999999999956702
"GRB2",2.92608043469492e-07,0.956397109510709,0.139906004330203,0.708374474577125,0.999999999956702
"PNP",2.9211077351897e-07,0.955608626672015,0.139430884541311,0.708847446752626,0.999999999956702
"MTCH1",2.91076233380926e-07,0.95396450452811,0.138445015979624,0.709831796418437,0.999999999956702
"SERINC1",2.90944842688001e-07,0.953755332540661,0.13832005709284,0.709956847426231,0.999999999956702
"FAM50A",2.9079235719887e-07,0.953512475390296,0.138175106770201,0.710101985186098,0.999999999956702
"COX8A",2.90526684456657e-07,0.953089086175008,0.13792274394517,0.710354881231171,0.999999999956702
"TNFRSF1A",2.90195328593574e-07,0.952560551034519,0.137608311913857,0.710670346273083,0.999999999956702
"HLA-F",2.90104973329076e-07,0.952416337570679,0.137522633761759,0.710756376977158,0.999999999956702
"RPL27",2.89405049747778e-07,0.951297890083239,0.136859844580926,0.711422925753629,0.999999999956702
"COX6A1",2.88794299471899e-07,0.950320022484231,0.136282805664906,0.712004733617418,0.999999999956702
"SSR1",2.87487103010339e-07,0.948221048002715,0.135051858815652,0.713250547490074,0.999999999956702
"COPE",2.86945525273604e-07,0.94734901098756,0.134543507752399,0.713766918502791,0.999999999956702
"PNRC1",2.85409296708619e-07,0.94486763056451,0.133106745149793,0.715232359057733,0.999999999956702
"POLR2K",2.84510473789543e-07,0.94341044668222,0.132269694584825,0.716090252377425,0.999999999956702
"MBP",2.84383025445565e-07,0.943203503134171,0.132151218961888,0.716211926168495,0.999999999956702
"HLA-A",2.84182700130213e-07,0.942878063637287,0.131965104404433,0.716403189514936,0.999999999956702
"BIN2",2.83528095837935e-07,0.941813236091099,0.131357851172598,0.717028305964185,0.999999999956702
"POLD4",2.82580058112827e-07,0.94026730802661,0.130480872841288,0.7179339736572,0.999999999956702
"RPL36AL",2.82122358288516e-07,0.939519346796137,0.130058530887329,0.718371359810977,0.999999999956702
"CST3",2.81855317460107e-07,0.939082470099809,0.129812435534345,0.718626591454701,0.999999999956702
"MTURN",2.81590290008598e-07,0.938648532777239,0.129568426059081,0.718879929796517,0.999999999956702
"MIF",2.81567306855021e-07,0.938610885115826,0.129547276398641,0.718901900727871,0.999999999956702
"CD36",2.81124163993715e-07,0.937884472140711,0.129139823020514,0.719325572132812,0.999999999956702
"MCM5",2.80551822722328e-07,0.936944804657401,0.128614526222142,0.7198728926638,0.999999999956702
"CD44",2.79701283657087e-07,0.935545322479938,0.127835876071862,0.720686514396258,0.999999999956702
"MYL12A",2.78548941544587e-07,0.933643361918157,0.126784703129403,0.72178934400346,0.999999999956702
"TMEM55A",2.76823071503634e-07,0.930782001327389,0.125218471776395,0.723442140403131,0.999999999956702
"PSMD8",2.76312836775553e-07,0.929933112920621,0.124757296835889,0.723931019236976,0.999999999956702
"COMMD7",2.75005930261644e-07,0.927752577947433,0.123579931807142,0.725183738442991,0.999999999956702
"CISD2",2.74155340985131e-07,0.926328569644282,0.122816652237612,0.725999455901423,0.999999999956702
"TBCB",2.74120375845857e-07,0.926269951174408,0.122785326730747,0.726032994224538,0.999999999956702
"GTF2A2",2.73028691002456e-07,0.924436495220639,0.121809288617732,0.727080394805811,0.999999999956702
"TUBA4A",2.72210929937287e-07,0.923058924089595,0.12108070790625,0.727865317711588,0.999999999956702
"IFITM3",2.71005521379123e-07,0.921021787630829,0.120010739343551,0.729022842148549,0.999999999956702
"DMTN",2.70849611406298e-07,0.920757727560826,0.119872694267455,0.729172603883453,0.999999999956702
"TMEM256",2.67978335283044e-07,0.915871048369197,0.117344625372773,0.731932494759312,0.999999999956702
"FAM204A",2.67240813683377e-07,0.914608530546407,0.116699609770221,0.732641967520158,0.999999999956702
"SLMAP",2.65206071526755e-07,0.911109671273046,0.114929299019056,0.734600509256891,0.999999999956702
"ENSA",2.64894941361576e-07,0.910572617245718,0.114659795409258,0.734900140284951,0.999999999956702
"OXA1L",2.64487482317262e-07,0.909868459525954,0.114307329341674,0.735292600972984,0.999999999956702
"VCL",2.64255759868907e-07,0.909467585097266,0.114107123488017,0.735515824674719,0.999999999956702
"OSBPL8",2.64229427986231e-07,0.909422012297847,0.114084384110911,0.735541192212231,0.999999999956702
"CA2",2.62563337368614e-07,0.906530468664715,0.11265020876103,0.737146851421469,0.999999999956702
"RUFY1",2.60830834319928e-07,0.903506765670024,0.111168486782988,0.738817731829962,0.999999999956702
"MRPS36",2.58461860918379e-07,0.899343972472119,0.109158300842746,0.741104440485805,0.999999999956702
"SMAP1",2.57494847096405e-07,0.897635221297676,0.108343015231123,0.742038532830059,0.999999999956702
"CDC42SE1",2.57415042549396e-07,0.897493955478313,0.108275868835806,0.742115637470922,0.999999999956702
"MEIS1",2.55681863693463e-07,0.894416579671516,0.106822731667658,0.743790817602974,0.999999999956702
"ATP6AP2",2.5546554522471e-07,0.894031224743501,0.106642054365684,0.74399998256511,0.999999999956702
"GRINA",2.55017893580605e-07,0.893232869178544,0.106268644597994,0.744432890642279,0.999999999956702
"MRPS6",2.54862883304215e-07,0.892956136281518,0.106139495028602,0.744582814431225,0.999999999956702
"CLTC",2.54257515577974e-07,0.891874002586341,0.105635874302222,0.745168410356433,0.999999999956702
"TUBB4B",2.52900203568917e-07,0.889439588378386,0.104511045146933,0.746481926371788,0.999999999956702
"GPX4",2.52399454507782e-07,0.888538609884904,0.104097585641252,0.746966704193586,0.999999999956702
"HDGF",2.51924813339283e-07,0.887683176383409,0.103706439451336,0.747426299263285,0.999999999956702
"WRB",2.49624038581784e-07,0.883516666003814,0.101820832469507,0.749655409627182,0.999999999956702
"DNPH1",2.48754884794922e-07,0.881934044324569,0.101113016874091,0.750498036661991,0.999999999956702
"IFI16",2.48118961739468e-07,0.880773071027297,0.100596702112921,0.751114739886641,0.999999999956702
"TEX264",2.46858518829978e-07,0.878464308061367,0.0995772368006711,0.752337557390901,0.999999999956702
"SEPT11",2.46471926876957e-07,0.877754139158508,0.0992655958205902,0.75271273396288,0.999999999956702
"PLEKHB2",2.45809471642375e-07,0.876534964282534,0.098732710453391,0.75335576383464,0.999999999956702
"PTPN6",2.44507951764026e-07,0.874131353656126,0.0976899322021225,0.754619616856531,0.999999999956702
"SDCBP",2.44421740107195e-07,0.873971749466468,0.0976210548827432,0.754703356739382,0.999999999956702
"CNPPD1",2.43743487858841e-07,0.872714393701871,0.0970800241737148,0.75536226332394,0.999999999956702
"PJA2",2.4369587277716e-07,0.872626010281083,0.0970420988791921,0.755408526982075,0.999999999956702
"SHPRH",2.42422779589172e-07,0.870257324098555,0.096030830768043,0.756645811691346,0.999999999956702
"SDPR",2.42300042786829e-07,0.870028394129156,0.0959336160310209,0.756765129291114,0.999999999956702
"REEP5",2.41848315999576e-07,0.869184962837367,0.0955762459901372,0.757204321792387,0.999999999956702
"PPP1R12A",2.41755444583453e-07,0.869011391077997,0.0955028562127821,0.75729462598133,0.999999999956702
"STK17A",2.41609955161013e-07,0.8687393629491,0.095387942776311,0.757436100327001,0.999999999956702
"ALOX12",2.41462290576842e-07,0.868463122752816,0.0952713820443058,0.757579698115955,0.999999999956702
"ENY2",2.4134969325361e-07,0.86825238553574,0.0951825499419865,0.75768920004551,0.999999999956702
"AP2B1",2.41065223665079e-07,0.867719592624085,0.0949583061618139,0.757965870986029,0.999999999956702
"RHEB",2.40993895583099e-07,0.867585914437053,0.0949021206059427,0.758035248493096,0.999999999956702
"CDC5L",2.40713157579285e-07,0.867059441583197,0.0946811431110711,0.758308328213225,0.999999999956702
"CLIC1",2.39606397276106e-07,0.8649787216267,0.0938124874091597,0.759385190559426,0.999999999956702
"DBI",2.39497181993899e-07,0.864772944998276,0.0937269853329393,0.759491480839519,0.999999999956702
"POLR2E",2.38974967215499e-07,0.863787895957725,0.0933186944761379,0.759999772431968,0.999999999956702
"POLD2",2.3831319239225e-07,0.862536915012144,0.0928025696680449,0.760644052040769,0.999999999956702
"SPNS1",2.38266034780291e-07,0.862447656221919,0.0927658456031485,0.760689969298995,0.999999999956702
"SNHG8",2.37150124591682e-07,0.860331011791536,0.091898949571024,0.761776774160622,0.999999999956702
"COX7C",2.36938493333181e-07,0.859928619756679,0.0917350026834355,0.761982938711502,0.999999999956702
"TSPAN3",2.3668381566845e-07,0.859443967228647,0.0915379025843107,0.762231060120141,0.999999999956702
"ANXA5",2.3601705751283e-07,0.858172982121567,0.0910228891307795,0.762880769379152,0.999999999956702
"SETD5",2.35708163973591e-07,0.85758311021165,0.0907847878372244,0.763181821222634,0.999999999956702
"PNN",2.35247565704508e-07,0.85670229427613,0.0904303286645412,0.763630793071883,0.999999999956702
"PIN1",2.34512929531309e-07,0.855294332357755,0.0898664149799936,0.7643470500237,0.999999999956702
"GNB2",2.34254451975928e-07,0.854798040659796,0.0896684246156218,0.764599108944314,0.999999999956702
"FCGR2A",2.31637860786494e-07,0.84974715944117,0.0876764433374432,0.767152123560347,0.999999999956702
"PSMD2",2.31351419348369e-07,0.84919123730244,0.0874597374979913,0.767431759288698,0.999999999956702
"LYL1",2.30434258223954e-07,0.847407203742638,0.0867676676472638,0.768327332651509,0.999999999956702
"PPP3CA",2.303876785254e-07,0.847316434396388,0.0867325929725937,0.768372824239828,0.999999999956702
"EZR",2.29609682247419e-07,0.845798007593386,0.0861478073424506,0.769132764203294,0.999999999956702
"RSL1D1",2.29572723555878e-07,0.845725763990021,0.0861200763342343,0.769168870655547,0.999999999956702
"MEA1",2.28364668920279e-07,0.843358802610792,0.0852161011341201,0.770349343646839,0.999999999956702
"SSR3",2.28273056594172e-07,0.843178863134874,0.0851477431051836,0.770438886075481,0.999999999956702
"EIF3M",2.28228470776995e-07,0.843091267705869,0.0851144845944065,0.770482465623581,0.999999999956702
"BRK1",2.28034133119737e-07,0.842709289521857,0.0849695955091063,0.770672425683963,0.999999999956702
"CORO1C",2.27990681518406e-07,0.842623845163249,0.0849372169070105,0.770714900388505,0.999999999956702
"M6PR",2.27547493517133e-07,0.841751542473597,0.0846073212451876,0.771148163704912,0.999999999956702
"NHP2",2.27246175557053e-07,0.841157634358419,0.0843833958949811,0.771442774779516,0.999999999956702
"NRBP1",2.27078598252578e-07,0.840827038577783,0.0842589887130834,0.771606636332245,0.999999999956702
"NPR3",2.27001557496338e-07,0.840674982020459,0.084201825465656,0.771681972255513,0.999999999956702
"PHB",2.26589924702619e-07,0.839861777877405,0.083896727936768,0.772084532503047,0.999999999956702
"PA2G4",2.2623638700593e-07,0.839162322193369,0.0836351318669162,0.772430327076229,0.999999999956702
"SRC",2.25716610733407e-07,0.838132251725558,0.0832512712519842,0.772938801349137,0.999999999956702
"TMED4",2.25677672412412e-07,0.838055002753206,0.0832225504139095,0.772976896924181,0.999999999956702
"DNM3",2.25369422870802e-07,0.837443064892045,0.0829953609625417,0.773278494289175,0.999999999956702
"RPN2",2.24854228569905e-07,0.83641867998483,0.0826163400358576,0.773782646855855,0.999999999956702
"MKI67",2.2324328343785e-07,0.833202397008417,0.0814367879731423,0.77535968081207,0.999999999956702
"ANXA6",2.2312036298873e-07,0.832956159611665,0.0813471325038532,0.775480051870051,0.999999999956702
"UBE2L3",2.22876364654627e-07,0.832467027698226,0.0811693117830087,0.775719005616553,0.999999999956702
"UNG",2.22875279178969e-07,0.832464850660824,0.0811685211464807,0.775720068697809,0.999999999956702
"CD52",2.2271568729838e-07,0.832144672148432,0.0810523198420968,0.775876372617063,0.999999999956702
"EEF1D",2.21960245602696e-07,0.830626378873558,0.0805034006577048,0.776616373563409,0.999999999956702
"ADK",2.20515520708304e-07,0.827710254961427,0.0794588284194173,0.778032133388711,0.999999999956702
"C4orf3",2.19569949423492e-07,0.82579268463388,0.0787788499866456,0.778959146486539,0.999999999956702
"VDR",2.19554537937535e-07,0.825761371752575,0.0787677914922115,0.778974258108607,0.999999999956702
"FAU",2.19173443826347e-07,0.824986463045596,0.0784945847546873,0.779347963771832,0.999999999956702
"AK3",2.18979307305967e-07,0.824591261311438,0.078355590574221,0.779538356093678,0.999999999956702
"EIF3H",2.18959176475262e-07,0.824550263826756,0.0783411847324606,0.779558099429759,0.999999999956702
"PSIP1",2.18773531296833e-07,0.824172033851672,0.0782083974429914,0.77974017785953,0.999999999956702
"EIF2S3",2.18309766631062e-07,0.823225952817097,0.0778771704659736,0.780195085124495,0.999999999956702
"NOLC1",2.17447747813406e-07,0.821462799364535,0.0772633724722687,0.781040840174569,0.999999999956702
"RNASET2",2.1736410520367e-07,0.821291396750684,0.0772039442440763,0.781122918498119,0.999999999956702
"ATP2C1",2.17246032190646e-07,0.821049341221669,0.0771200920692792,0.781238787457168,0.999999999956702
"MT-ND3",2.17073411691735e-07,0.820695255559336,0.0769975837806523,0.781408194410975,0.999999999956702
"CDK4",2.17070308423161e-07,0.820688887787492,0.0769953822906388,0.781411240003287,0.999999999956702
"CARHSP1",2.15883332938792e-07,0.818247465072743,0.0761556381565366,0.782576400234168,0.999999999956702
"OST4",2.15571020914458e-07,0.81760315698696,0.0759354533265474,0.782883053510322,0.999999999956702
"ABCC4",2.15029787894716e-07,0.816484662259051,0.0755546305118911,0.783414559855363,0.999999999956702
"BZW2",2.14070345973855e-07,0.814495905973351,0.0748818999264157,0.784357007613897,0.999999999956702
"C20orf24",2.12801732524349e-07,0.811854408060049,0.0739970066543993,0.785603636156396,0.999999999956702
"DAD1",2.12690897635435e-07,0.811622981297857,0.0739199460580557,0.785712576462189,0.999999999956702
"USP10",2.12023603617693e-07,0.810227439259221,0.0734568424612723,0.786368552545211,0.999999999956702
"C9orf16",2.11773484480835e-07,0.809703373821927,0.0732836341519227,0.786614468529469,0.999999999956702
"CDC42",2.11262667980124e-07,0.808631411699955,0.0729305272274408,0.787116767063642,0.999999999956702
"PSAP",2.10879990381419e-07,0.807826881107472,0.0726665562905577,0.787493121486867,0.999999999956702
"ATOX1",2.10097969682925e-07,0.806178843891647,0.0721286068744935,0.78826237471687,0.999999999956702
"HN1",2.09889600287294e-07,0.805738828328757,0.0719856074787863,0.788467377100471,0.999999999956702
"CDKN3",2.09194111750387e-07,0.804267415539145,0.0715093359819021,0.789151733319781,0.999999999956702
"ARPC2",2.09085836463253e-07,0.804037961617809,0.0714353311250867,0.789258290152419,0.999999999956702
"IQGAP2",2.08875198464091e-07,0.80359128861887,0.0712914723527926,0.789465596373787,0.999999999956702
"SRSF4",2.07536190770808e-07,0.800742671740306,0.0703803650983016,0.790783772178137,0.999999999956702
"KDELR2",2.07102304276921e-07,0.799816203676584,0.0700863906499524,0.791211036999445,0.999999999956702
"CLINT1",2.07095094477909e-07,0.799800794564987,0.0700815109360715,0.791218137297821,0.999999999956702
"ATP5G2",2.06532692629533e-07,0.798597369945983,0.0697013913226617,0.791772050862878,0.999999999956702
"HMGN1",2.06528448939422e-07,0.798588278538874,0.0696985270006752,0.791776230903352,0.999999999956702
"TAF15",2.05534691482038e-07,0.796454849613307,0.069029400852223,0.792755247931841,0.999999999956702
"MCM6",2.05356337410525e-07,0.796071008651835,0.0689096514041929,0.792930991105806,0.999999999956702
"C2orf88",2.0511363378911e-07,0.795548215236891,0.0687468637441858,0.793170158720355,0.999999999956702
"RANBP1",2.04982501212574e-07,0.79526552744509,0.0686589898032893,0.793299388892399,0.999999999956702
"ARL6IP5",2.04629117500043e-07,0.794502943589823,0.0684224617654809,0.793647674144633,0.999999999956702
"FBXO9",2.04204012080303e-07,0.793584075595136,0.0681384694711813,0.794066700863467,0.999999999956702
"PPP1R18",2.03468758172888e-07,0.791990902796463,0.0676486761275219,0.794791581418984,0.999999999956702
"IARS2",2.03303878461295e-07,0.791632951773169,0.0675390831358175,0.79495415926836,0.999999999956702
"EHD3",2.03251693868078e-07,0.791519607549313,0.0675044153540983,0.795005617175516,0.999999999956702
"SRM",2.01615376365714e-07,0.787952702119467,0.0664218755756395,0.796619599800358,0.999999999956702
"ITSN2",2.015110517707e-07,0.787724442536711,0.0663531542052931,0.796722530001255,0.999999999956702
"LAIR1",2.01502707068619e-07,0.787706180119761,0.0663476588656119,0.79673076332147,0.999999999956702
"CCNDBP1",2.00938158964608e-07,0.78646914072226,0.0659764085247111,0.797287828545537,0.999999999956702
"VPS29",2.00296188468212e-07,0.785058791117931,0.0655555103854907,0.797921415425932,0.999999999956702
"PLK1",1.9925414068129e-07,0.78276115397524,0.0648751751545096,0.798950138185068,0.999999999956702
"CYCS",1.99148555060452e-07,0.782527765471827,0.0648064381061306,0.799054393151866,0.999999999956702
"SDHC",1.98168608405574e-07,0.780356545525631,0.0641702235605226,0.800022160595935,0.999999999956702
"NIPSNAP3A",1.97386402531438e-07,0.77861676805488,0.0636646413357592,0.800794865367839,0.999999999956702
"VAMP8",1.97305394885742e-07,0.778436250387742,0.0636123959494866,0.800874900203997,0.999999999956702
"RPL36A",1.97173205554287e-07,0.778141541459188,0.063527187298852,0.801005506580392,0.999999999956702
"H2AFY",1.97106764202886e-07,0.777993349469436,0.0634843810664618,0.801071154403555,0.999999999956702
"PYURF",1.96384232108867e-07,0.776379001932494,0.0630198061310549,0.801785147701068,0.999999999956702
"SHKBP1",1.95371623126724e-07,0.774107861890541,0.0623715881040864,0.802786068279611,0.999999999956702
"GSTK1",1.95304151114941e-07,0.773956169705721,0.0623285152178497,0.802852772988948,0.999999999956702
"ORAI1",1.95249052776618e-07,0.773832262647956,0.0622933524916221,0.802907245805613,0.999999999956702
"NREP",1.94815788698328e-07,0.772856866854677,0.0620171972293666,0.803335624464014,0.999999999956702
"GLG1",1.94528340328776e-07,0.772208705091683,0.0618343209771475,0.803619864222129,0.999999999956702
"ALDOA",1.9413918190821e-07,0.771329876658073,0.0615871664801909,0.804004720080236,0.999999999956702
"SERPINB1",1.93839322273952e-07,0.770651668745376,0.0613970632465366,0.804301296861391,0.999999999956702
"CLU",1.92917838821694e-07,0.76856180192594,0.060814705660129,0.805212868062439,0.999999999956702
"PFDN5",1.92208140996692e-07,0.766946351572994,0.0603680836483265,0.805915112372089,0.999999999956702
"SPG20",1.91886118262256e-07,0.766211643023393,0.0601659734712149,0.806233804766235,0.999999999956702
"NRGN",1.91855056743942e-07,0.766140718406385,0.0601464963433825,0.806264546750661,0.999999999956702
"PTGS1",1.91660220905837e-07,0.765695611204115,0.0600243964327322,0.806457385113352,0.999999999956702
"KIT",1.91595066682327e-07,0.765546677382484,0.0599835932010127,0.806521873995611,0.999999999956702
"ERBB2",1.91482874465412e-07,0.765290118210693,0.0599133646500886,0.806632923611759,0.999999999956702
"BTK",1.91378076622493e-07,0.765050350762174,0.0598478018866752,0.806736657682001,0.999999999956702
"C1orf186",1.89094557621337e-07,0.75979744232492,0.0584281172321792,0.808997838436695,0.999999999956702
"POLE3",1.88357007854751e-07,0.758089077735448,0.0579732167534705,0.809728515082964,0.999999999956702
"SMARCA2",1.88171369640066e-07,0.75765817717396,0.0578590002320999,0.809912449516856,0.999999999956702
"CERS2",1.87398856431878e-07,0.75586106913446,0.0573849101149164,0.810677985271333,0.999999999956702
"EIF4E2",1.87358210205499e-07,0.755766335745782,0.0573600195991697,0.810718269396553,0.999999999956702
"PTTG1",1.86437730889875e-07,0.75361621307139,0.0567977916282424,0.8116306825478,0.999999999956702
"RAB13",1.85763279819656e-07,0.75203493856242,0.0563875952426786,0.81229938590961,0.999999999956702
"SSSCA1",1.85360023141758e-07,0.751087112712399,0.0561430475183914,0.812699271446296,0.999999999956702
"CKS2",1.8506700816224e-07,0.750397281407329,0.0559656872541946,0.812989867528532,0.999999999956702
"SERBP1",1.84669169016503e-07,0.749459152257433,0.0557253266465352,0.813384463642126,0.999999999956702
"KXD1",1.83546209204254e-07,0.746801671035941,0.0550496639069006,0.814498524785822,0.999999999956702
"CCNA2",1.81277627405554e-07,0.741389848624431,0.0536972753650019,0.816750272263979,0.999999999956702
"CBX3",1.81195263570558e-07,0.741192264427024,0.0536484915315303,0.816832053490517,0.999999999956702
"PHB2",1.79739473623104e-07,0.737687043593702,0.0527898908463067,0.818277874137171,0.999999999956702
"CACYBP",1.79155652814421e-07,0.736274422634474,0.0524475088150886,0.818857870891623,0.999999999956702
"USP47",1.78886602239726e-07,0.735622081994219,0.0522900989158822,0.819125192561369,0.999999999956702
"LYN",1.78364145335721e-07,0.734352901513526,0.0519851076153875,0.819644352210669,0.999999999956702
"TXNL4A",1.7802874339766e-07,0.733536427441564,0.0517897823466257,0.819977679090522,0.999999999956702
"PHYKPL",1.7715215237331e-07,0.731396222080826,0.051281025284601,0.820849000275299,0.999999999956702
"TM9SF2",1.76459352889254e-07,0.729698248365124,0.0508807140528075,0.821537791321191,0.999999999956702
"ROCK1",1.7618361678833e-07,0.729020843919679,0.0507218254693255,0.82181197036477,0.999999999956702
"FEZ2",1.74906303748209e-07,0.725870826280854,0.0499890354587394,0.823082353968961,0.999999999956702
"NAPA",1.74390435070126e-07,0.724592978727912,0.0496945949743051,0.823595555733745,0.999999999956702
"TMED2",1.7427461578712e-07,0.724305635355291,0.049628608773816,0.823710786638285,0.999999999956702
"H2AFV",1.74211906443803e-07,0.72414998677924,0.0495928994133506,0.823773178995353,0.999999999956702
"ACADM",1.74017578313776e-07,0.723667343718433,0.0494823223518173,0.823966531898075,0.999999999956702
"ENDOD1",1.73887051425911e-07,0.723342898542235,0.0494081189143361,0.824096409741615,0.999999999956702
"LINC00989",1.73668796526445e-07,0.722799920149652,0.049284167229316,0.824313590129151,0.999999999956702
"UBR4",1.73399682798208e-07,0.722129600261004,0.0491315460310989,0.824581397474756,0.999999999956702
"HLA-B",1.73008604551831e-07,0.721153878537312,0.0489101775600435,0.824970613668708,0.999999999956702
"YWHAB",1.7272339942992e-07,0.72044110032184,0.0487490533737419,0.82525448797586,0.999999999956702
"NCF4",1.71886328497487e-07,0.718343210792764,0.0482776923948413,0.826087784818966,0.999999999956702
"LMNA",1.70796149947974e-07,0.715597673088123,0.0476672378030378,0.827173341723764,0.999999999956702
"SLC38A1",1.70681077698981e-07,0.7153069870871,0.0476030287624149,0.827287945450945,0.999999999956702
"RAC1",1.70401520138995e-07,0.7146000843758,0.047447219010399,0.827566380097126,0.999999999956702
"ZNF428",1.69728951821871e-07,0.712895272866449,0.0470734134306687,0.828236335606858,0.999999999956702
"XRN1",1.69632666538027e-07,0.71265073257771,0.0470200201667144,0.828332257077543,0.999999999956702
"TTC3",1.69147069715698e-07,0.711415604769967,0.0467512029410047,0.828816058061383,0.999999999956702
"BUD31",1.68723300739641e-07,0.710335226335465,0.0465172421397585,0.829238312919713,0.999999999956702
"SOD1",1.6856573262204e-07,0.70993291478087,0.0464303992232082,0.829395330638788,0.999999999956702
"UBA52",1.68563438441053e-07,0.709927054747606,0.0464291353955895,0.829397616856359,0.999999999956702
"TBXA2R",1.68535629777805e-07,0.709856017504631,0.0464138174155917,0.829425329106822,0.999999999956702
"STARD3NL",1.67954702463539e-07,0.70836971297859,0.0460944002726707,0.830004290817805,0.999999999956702
"MRPL3",1.67642465144496e-07,0.707569012592207,0.0459231753695677,0.830315509824219,0.999999999956702
"SNRPF",1.67377069457827e-07,0.706887416857983,0.0457778880122758,0.830580060896422,0.999999999956702
"TNFRSF14",1.6685049415615e-07,0.705532278303755,0.0454903027797051,0.831105017208549,0.999999999956702
"MRPL11",1.66662390487445e-07,0.705047296797475,0.0453877910136133,0.831292560823296,0.999999999956702
"TAPBP",1.66527461146234e-07,0.704699120906952,0.0453143291404393,0.831427094348259,0.999999999956702
"LSM7",1.6585070763015e-07,0.702949111145906,0.0449467703238239,0.832101937044877,0.999999999956702
"TCEB2",1.65523446362967e-07,0.702100630749558,0.0447695648746126,0.832428318718308,0.999999999956702
"GMPR",1.64671530091736e-07,0.699885061696491,0.0443099107009758,0.833278080615817,0.999999999956702
"FBXO7",1.64474271382684e-07,0.699370638460647,0.0442038173078892,0.833474868298223,0.999999999956702
"TRBC2",1.64232466346915e-07,0.698739315322207,0.0440739386535357,0.83371611016867,0.999999999956702
"MZT1",1.63770877988914e-07,0.697531927126745,0.0438265402165536,0.834176666931961,0.999999999956702
"RNF181",1.62991184950073e-07,0.695485756050134,0.0434102280347608,0.83495474658718,0.999999999956702
"PNISR",1.61159809250046e-07,0.690646086486367,0.0424401902786598,0.836782966930604,0.999999999956702
"ZCRB1",1.60929405315885e-07,0.69003384331912,0.04231892683262,0.837013036546484,0.999999999956702
"ZNF106",1.6055693000535e-07,0.68904247241469,0.0421232570141911,0.83738500086706,0.999999999956702
"GCSH",1.60249120925966e-07,0.688221711583868,0.0419619000143952,0.837692415106216,0.999999999956702
"N4BP2L1",1.60165139870984e-07,0.687997542379706,0.0419179299606805,0.837776292739464,0.999999999956702
"GARS",1.59982989430965e-07,0.687510981327054,0.0418226404654948,0.837958225197752,0.999999999956702
"FRMD4B",1.59793695733937e-07,0.687004830652849,0.0417237289667206,0.838147301544172,0.999999999956702
"STXBP2",1.59470909219575e-07,0.686140536073164,0.0415553336579439,0.838469738978721,0.999999999956702
"CDK1",1.58936363872996e-07,0.684705898094605,0.0412772142055617,0.839003765860232,0.999999999956702
"CAPG",1.58434953438803e-07,0.683356386674454,0.0410171833560947,0.839504757362755,0.999999999956702
"GGH",1.576697476961e-07,0.681289743123236,0.0406219323278587,0.840269449068482,0.999999999956702
"ARFGAP3",1.56248986579412e-07,0.677429456010898,0.0398931427883438,0.841689655089116,0.999999999956702
"HLA-C",1.56181710279714e-07,0.677245909980201,0.0398587965145929,0.841756917916371,0.999999999956702
"TUBA1A",1.55586402046163e-07,0.675618775146866,0.0395555209529686,0.842352157204472,0.999999999956702
"CALM1",1.55171064179075e-07,0.674480351415676,0.0393446159251734,0.842767500345749,0.999999999956702
"MRPL4",1.54740586565447e-07,0.67329764242464,0.0391266180262688,0.843198029587921,0.999999999956702
"BCAP31",1.54734661124655e-07,0.673281342797859,0.0391236215529493,0.843203956066637,0.999999999956702
"MGMT",1.54410258779667e-07,0.672388155159333,0.0389597475991225,0.843528428775978,0.999999999956702
"C19orf33",1.53245756929025e-07,0.669168451419073,0.0383743250755437,0.844693401621696,0.999999999956702
"TIMM13",1.53040740830448e-07,0.668599415426235,0.0382717174471699,0.844898535885397,0.999999999956702
"PSME2",1.52155834101571e-07,0.666135698930093,0.0378304102747371,0.845784073145005,0.999999999956702
"PCNA",1.51859816611465e-07,0.665308771108274,0.037683356171655,0.846080345106123,0.999999999956702
"RGS10",1.51787453530962e-07,0.665106411837791,0.0376474515577792,0.846152773705401,0.999999999956702
"HACD4",1.51219580668796e-07,0.663515481032577,0.0373662824139298,0.846721205811363,0.999999999956702
"MESDC2",1.51097481079282e-07,0.663172735943123,0.037305965280311,0.846843436074441,0.999999999956702
"TPI1",1.50803970988191e-07,0.662347843200093,0.0371611707781358,0.847137275356222,0.999999999956702
"DCTN2",1.50611266363616e-07,0.661805501966057,0.0370662587675636,0.847330207671714,0.999999999956702
"PCBP2",1.5053467868295e-07,0.661589789382494,0.0370285710557291,0.847406888386445,0.999999999956702
"SIVA1",1.49865501687058e-07,0.659700969572102,0.0367000940107826,0.848076939633469,0.999999999956702
"CNOT7",1.49620248050797e-07,0.659006887368804,0.0365800735055506,0.8483225412063,0.999999999956702
"ATP8B4",1.49504264739888e-07,0.658678304629598,0.0365233828682284,0.848438694190995,0.999999999956702
"ARPP19",1.49193623772723e-07,0.657797164885682,0.0363717634886106,0.84874980580473,0.999999999956702
"ARMCX3",1.49082150356273e-07,0.657480580819995,0.0363174318096076,0.848861453859619,0.999999999956702
"ARL8B",1.48984941285729e-07,0.657204340092846,0.0362700856613493,0.848958817696404,0.999999999956702
"ARL2BP",1.48594499301943e-07,0.656093239598766,0.0360802301247076,0.849349904500269,0.999999999956702
"PTPN12",1.48155438070629e-07,0.65484075713577,0.0358673282135496,0.849789735133483,0.999999999956702
"LDHA",1.47714303318137e-07,0.653579118793943,0.0356540553216441,0.850231690006582,0.999999999956702
"INPP5D",1.47342718597381e-07,0.652513858497215,0.0354749008569982,0.850604002068029,0.999999999956702
"CKAP2",1.45845068090204e-07,0.648196669162398,0.0347574036978415,0.852104920929639,0.999999999956702
"LAMTOR5",1.45111545044818e-07,0.646068164011701,0.0344086604333886,0.852840240564992,0.999999999956702
"PPM1K",1.4495138610295e-07,0.645602182995734,0.0343327489889614,0.853000808812251,0.999999999956702
"SF3B4",1.43917193626945e-07,0.642582429887467,0.0338445852541189,0.854037790664724,0.999999999956702
"CLEC1B",1.43808269636084e-07,0.642263288481391,0.0337933739687996,0.8541470231527,0.999999999956702
"SSX2IP",1.43238804705271e-07,0.640591371536949,0.0335262677853225,0.854718146408144,0.999999999956702
"CDK5RAP3",1.42920317241302e-07,0.639653799187002,0.0333773441015975,0.855037594544926,0.999999999956702
"PAK2",1.42655530750971e-07,0.638872935031053,0.0332537831821674,0.855303197818038,0.999999999956702
"FAAP20",1.42475784752574e-07,0.638342142688255,0.0331700364284482,0.855483507619846,0.999999999956702
"OSTC",1.41691027879155e-07,0.636017931608738,0.032805641505612,0.856270814279428,0.999999999956702
"CNST",1.41684154961755e-07,0.635997526932645,0.0328024590176405,0.856277710160986,0.999999999956702
"TARSL2",1.41646614410402e-07,0.635886059455732,0.0327850786795342,0.856315376338463,0.999999999956702
"CCPG1",1.41597779005284e-07,0.635741016387812,0.0327624759988355,0.856364375656721,0.999999999956702
"ANXA1",1.41205552758413e-07,0.634574515497326,0.0325812230808642,0.856757938452952,0.999999999956702
"SETX",1.41095205056074e-07,0.63424583012862,0.0325303205739362,0.85686866860019,0.999999999956702
"SLA2",1.40487515717844e-07,0.632431748163087,0.032250711377893,0.857478514496574,0.999999999956702
"SF3A3",1.39575296736927e-07,0.629695784311228,0.0318332479995539,0.858394130352932,0.999999999956702
"PLPP5",1.3949927871042e-07,0.62946708973586,0.0317985822419059,0.858470440067817,0.999999999956702
"RABGAP1L",1.39006473813583e-07,0.627981900165532,0.0315743112945628,0.858965167944772,0.999999999956702
"CASP3",1.38863559932996e-07,0.627550341057572,0.0315094209681523,0.859108649858954,0.999999999956702
"PSMD1",1.37522243162046e-07,0.623481095089758,0.0309036465641933,0.860455524041003,0.999999999956702
"ENO1",1.3746543136052e-07,0.623307983768538,0.0308781186328881,0.860512580218088,0.999999999956702
"MPHOSPH8",1.37433175617127e-07,0.623209669674865,0.0308636294655712,0.860544975033405,0.999999999956702
"CTTN",1.36737037909529e-07,0.621082988700626,0.0305517553997778,0.861244171258916,0.999999999956702
"FLT3",1.3653530506555e-07,0.620464948660885,0.0304616737929061,0.861446810776403,0.999999999956702
"INF2",1.36385863599032e-07,0.620006601397666,0.030395028086426,0.861596929778099,0.999999999956702
"UBE2V2",1.36358244525132e-07,0.619921844190152,0.0303827189290945,0.861624674618446,0.999999999956702
"BPTF",1.36345009458203e-07,0.6198812232473,0.0303768212614474,0.861637970013203,0.999999999956702
"NOP58",1.35705571981608e-07,0.617914588704522,0.0300925639935465,0.862280368794792,0.999999999956702
"CCT4",1.3565937923796e-07,0.617772209160359,0.03007208109821,0.862326778995115,0.999999999956702
"PCBP1",1.35460797184902e-07,0.617159642660244,0.0299841048033112,0.862526301302782,0.999999999956702
"AASDHPPT",1.3536855447422e-07,0.616874836852521,0.0299432830531954,0.862618983751993,0.999999999956702
"HLA-E",1.34861361452025e-07,0.615305834196148,0.0297193230169287,0.863128628412255,0.999999999956702
"CASP8",1.34804659800419e-07,0.615130110138256,0.0296943376478188,0.863185607688848,0.999999999956702
"IPO5",1.34526961358717e-07,0.6142685696817,0.0295721226171936,0.863464676081623,0.999999999956702
"CD53",1.34510490270665e-07,0.614217420894298,0.0295648816119411,0.863481228960922,0.999999999956702
"PSMA7",1.3423162743189e-07,0.61335062499971,0.0294424227519276,0.863761485651993,0.999999999956702
"ETV6",1.33570148782578e-07,0.611288282877722,0.0291529597130795,0.864426339095348,0.999999999956702
"TOMM7",1.33412527024537e-07,0.610795549140712,0.0290841954043417,0.864584779202638,0.999999999956702
"DCTPP1",1.33360237377551e-07,0.61063197766245,0.0290614013787256,0.864637341532823,0.999999999956702
"ZNF148",1.33235653582578e-07,0.610242033118849,0.0290071290020773,0.864762577427941,0.999999999956702
"STK4",1.32409586794034e-07,0.607648445799339,0.0286485531542289,0.865593053826675,0.999999999956702
"NQO2",1.32320108186158e-07,0.607366671048082,0.028609846493046,0.865683019005048,0.999999999956702
"PCMT1",1.32214939399217e-07,0.607035275767905,0.0285643860235726,0.865788761908235,0.999999999956702
"LAPTM5",1.32177940423178e-07,0.606918634752689,0.028548401367615,0.865825963433036,0.999999999956702
"TPX2",1.32072899261584e-07,0.606587333412186,0.0285030448477168,0.865931581256224,0.999999999956702
"VBP1",1.31440533154256e-07,0.604588006794476,0.0282307526631963,0.866567469496306,0.999999999956702
"ADD1",1.31312161147373e-07,0.604181121483346,0.0281756361999362,0.866696567065182,0.999999999956702
"FAXDC2",1.30741890548275e-07,0.602369429391642,0.0279314418037237,0.86727010378814,0.999999999956702
"CAPN1",1.30391904489169e-07,0.601254167975968,0.0277821012838142,0.867622128952408,0.999999999956702
"PARP1",1.2994732987307e-07,0.599833748360406,0.0275929766420371,0.868069331613615,0.999999999956702
"TPST2",1.29161253599894e-07,0.597311898535466,0.0272601559487992,0.868860157905758,0.999999999956702
"PRKCB",1.29145871016545e-07,0.597262416485532,0.0272536631866285,0.868875634752863,0.999999999956702
"NDUFB7",1.28651728287916e-07,0.595670157389227,0.0270455042259603,0.869372832262272,0.999999999956702
"POLR3GL",1.28548040961255e-07,0.595335377282309,0.0270019269493781,0.869477167144629,0.999999999956702
"AP2M1",1.28087610113383e-07,0.593845932472698,0.0268088434181395,0.869940500934287,0.999999999956702
"ORAI2",1.27282254999668e-07,0.59122951212237,0.0264727802627839,0.870751040946687,0.999999999956702
"UQCRH",1.27053475650115e-07,0.590483644526172,0.0263777005128701,0.87098131798437,0.999999999956702
"KMT2C",1.26268688405633e-07,0.587916209534031,0.0260528459598227,0.871771325778968,0.999999999956702
"ATP6V1F",1.26203429795591e-07,0.587702093994994,0.0260259234790081,0.871837024273381,0.999999999956702
"PIK3R1",1.26163451319453e-07,0.587570876006855,0.0260094372081935,0.871877272666538,0.999999999956702
"LSM5",1.24985447333127e-07,0.583688159123016,0.0255259979986768,0.873063378474267,0.999999999956702
"SNU13",1.23705994090412e-07,0.579435000963044,0.0250060629526594,0.87435195449886,0.999999999956702
"NGFRAP1",1.2305573179558e-07,0.577258781640992,0.0247438644516639,0.87500698126372,0.999999999956702
"PHPT1",1.22137638299767e-07,0.574169201418954,0.0243760240174573,0.875931947361257,0.999999999956702
"TGFBR2",1.21137448448503e-07,0.57078037838819,0.0239784262724332,0.876939817234465,0.999999999956702
"BCL2L1",1.20973079338011e-07,0.57022115006394,0.0239133986744176,0.877105467598906,0.999999999956702
"ANAPC15",1.20595838051746e-07,0.568935180876192,0.0237644885923512,0.877485669813887,0.999999999956702
"ATF4",1.20528081602261e-07,0.568703838570603,0.0237377920652685,0.877553961073632,0.999999999956702
"RFC1",1.2033495079668e-07,0.568043809415708,0.0236617794745533,0.877748621284342,0.999999999956702
"MZT2A",1.2025228586006e-07,0.567761019662694,0.023629281390765,0.877831943105518,0.999999999956702
"SHMT2",1.19288737741116e-07,0.564452327008379,0.0232521287595272,0.878803247507578,0.999999999956702
"ISYNA1",1.19130698379495e-07,0.5639074339294,0.0231905585323176,0.878962576494789,0.999999999956702
"SMARCC1",1.18543520814941e-07,0.561877446469552,0.0229625162588069,0.879554588406962,0.999999999956702
"TNF",1.18239454439601e-07,0.560822805770503,0.0228448687586667,0.879861184705183,0.999999999956702
"TMEM109",1.1820725284883e-07,0.560710978511364,0.0228324272103625,0.879893655278379,0.999999999956702
"MAPKAPK3",1.18080809509046e-07,0.560271620313038,0.0227836067834932,0.880021156762337,0.999999999956702
"SPCS1",1.1806433201375e-07,0.56021433524149,0.0227772485855517,0.880037772379124,0.999999999956702
"TOX4",1.18034591487351e-07,0.560110922864347,0.0227657748062738,0.880067762337173,0.999999999956702
"GOLPH3",1.1792298311845e-07,0.559722642120341,0.0227227425103703,0.880180308291192,0.999999999956702
"PDXDC1",1.17604602667209e-07,0.558613258976267,0.0226002098091988,0.880501376644734,0.999999999956702
"NT5C3A",1.17489992989965e-07,0.558213269821467,0.0225561819297977,0.880616958716651,0.999999999956702
"ARF1",1.17392766907062e-07,0.557873684665325,0.0225188656996181,0.880715011698747,0.999999999956702
"MRPL14",1.16910487145361e-07,0.556185599546455,0.02233421915246,0.8812014202123,0.999999999956702
"DOCK2",1.16904773128508e-07,0.556165563116669,0.0223320360294731,0.881207183415309,0.999999999956702
"HIST1H1B",1.16720050862499e-07,0.555517369809654,0.022261517691548,0.881393499154529,0.999999999956702
"LMAN2",1.1634522372827e-07,0.554199361120083,0.0221187689045854,0.881771579830268,0.999999999956702
"GSR",1.16321399072996e-07,0.55411546201403,0.0221097110666806,0.881795612197807,0.999999999956702
"C4orf48",1.16095398880599e-07,0.553318855936565,0.0220238808605725,0.882023588154062,0.999999999956702
"JARID2",1.15195523495815e-07,0.550133595957464,0.0216837823003776,0.882931427287241,0.999999999956702
"COTL1",1.15162772074579e-07,0.55001726099398,0.0216714541523538,0.882964471460747,0.999999999956702
"RASA3",1.1510137940335e-07,0.549799113435342,0.0216483544335303,0.883026413445924,0.999999999956702
"NEAT1",1.15093248568918e-07,0.549770214456889,0.0216452960345868,0.883034617085041,0.999999999956702
"F13A1",1.14811689232399e-07,0.548768391426336,0.0215395212705665,0.883318705277735,0.999999999956702
"UQCRB",1.14751784315976e-07,0.548554967893932,0.0215170499245512,0.883379150174055,0.999999999956702
"MTPN",1.14559900768675e-07,0.547870693446282,0.0214451501121402,0.883572767918791,0.999999999956702
"MAPK14",1.14504725535074e-07,0.547673749764905,0.0214244979254993,0.883628443100846,0.999999999956702
"ATP5A1",1.13877610932301e-07,0.545429519561457,0.0211904669955053,0.884261280379336,0.999999999956702
"SLC25A3",1.13691008321978e-07,0.544759666399643,0.0211210774692947,0.884449600089527,0.999999999956702
"SOCS2",1.13638458679169e-07,0.544570855534292,0.021101557041321,0.884502634467837,0.999999999956702
"ILF2",1.13579441456107e-07,0.544358716502601,0.0210796448835766,0.884562196702482,0.999999999956702
"NCKAP1L",1.13539607784072e-07,0.544215479316012,0.0210648617079015,0.884602398598855,0.999999999956702
"NSA2",1.13414011418647e-07,0.543763564536401,0.0210182840102407,0.884729157927734,0.999999999956702
"C10orf54",1.13389849442946e-07,0.543676576385475,0.0210093293993392,0.884753543970502,0.999999999956702
"RGS18",1.13387666487443e-07,0.543668716499959,0.0210085204734966,0.884755747175109,0.999999999956702
"RPS10",1.12736671018563e-07,0.541318894689517,0.0207679794767508,0.885412820963974,0.999999999956702
"CAPZA2",1.12735508464233e-07,0.541314687855783,0.020767551155074,0.885413994443652,0.999999999956702
"HSPE1",1.12686235287621e-07,0.541136352774983,0.0207494014237747,0.885463730906298,0.999999999956702
"PDCD4",1.12580472953821e-07,0.540753337600286,0.0207104707543623,0.885570489183259,0.999999999956702
"AUP1",1.12561012151294e-07,0.540682826941759,0.0207033112970282,0.885590133470669,0.999999999956702
"SEC13",1.11627308260693e-07,0.537287351324155,0.0203612641402416,0.886532723125373,0.999999999956702
"TMEM261",1.11378858984103e-07,0.536379707568824,0.0202707287363875,0.886783563912933,0.999999999956702
"CD59",1.10929770225022e-07,0.534734622879509,0.0201075917864444,0.887237004252897,0.999999999956702
"SELT",1.10334459186551e-07,0.532544990671767,0.0198923537715095,0.887838140610767,0.999999999956702
"TFDP2",1.09513766403849e-07,0.529509542091727,0.0195975266638229,0.888666969868142,0.999999999956702
"SERF2",1.09485509026951e-07,0.529404677858447,0.0195874146336861,0.888695509566022,0.999999999956702
"SKAP2",1.09093665499591e-07,0.527948110292204,0.0194474606413128,0.889091282879341,0.999999999956702
"FLI1",1.09080277771387e-07,0.527898265215241,0.0194426878373026,0.889104805361607,0.999999999956702
"DOK2",1.08889939503298e-07,0.52718902575807,0.0193748944859973,0.889297062966651,0.999999999956702
"MT-ND5",1.08504432725108e-07,0.525749253400944,0.0192379501266587,0.889686477063489,0.999999999956702
"BRD3",1.08340090610782e-07,0.525134129367998,0.0191797181997771,0.889852492971199,0.999999999956702
"TPM3",1.08158398310066e-07,0.524453123397686,0.0191154412548272,0.890036041395313,0.999999999956702
"MRPL18",1.08108336279079e-07,0.524265310445971,0.0190977498622148,0.890086615883723,0.999999999956702
"SNAP23",1.07852617163819e-07,0.523304777009302,0.0190075092023445,0.890344959627677,0.999999999956702
"GCLM",1.07848357248103e-07,0.523288759200821,0.0190060077313511,0.890349263364633,0.999999999956702
"HDAC8",1.07648238696324e-07,0.522535670705923,0.0189355397876636,0.890551444150602,0.999999999956702
"ATXN2",1.07543199915292e-07,0.522139902285556,0.0188986047543474,0.89065756821189,0.999999999956702
"CMIP",1.07112815247839e-07,0.520514782040916,0.0187476441287101,0.891092420130541,0.999999999956702
"RNF167",1.07065817431938e-07,0.520336977378575,0.0187311959562699,0.891139907754528,0.999999999956702
"YBX3",1.06869688249276e-07,0.519594240669559,0.0186626330971825,0.891338085195142,0.999999999956702
"GNAQ",1.06743800491959e-07,0.519116884483827,0.0186186914833928,0.8914652912276,0.999999999956702
"KPNB1",1.06676139431373e-07,0.518860117781196,0.0185950955246907,0.891533661977565,0.999999999956702
"SHARPIN",1.0615485496671e-07,0.516877155208818,0.0184138056747717,0.892060441138346,0.999999999956702
"SRP14",1.05906216287235e-07,0.515928363914666,0.0183276480982252,0.892311717433182,0.999999999956702
"MSH6",1.05815734396687e-07,0.515582611390158,0.0182963447072209,0.892403161860669,0.999999999956702
"ERLEC1",1.05137377116781e-07,0.51298226384202,0.0180625103842965,0.893088780921689,0.999999999956702
"ZCCHC17",1.04503671857048e-07,0.510539923189595,0.0178454265574623,0.893729342165812,0.999999999956702
"PUF60",1.04131091027454e-07,0.509097980185797,0.0177184068784289,0.89410598629074,0.999999999956702
"CCNG1",1.04085101844395e-07,0.508919685622773,0.0177027597722616,0.89415247868037,0.999999999956702
"MAP1LC3B",1.04050327467633e-07,0.50878482422835,0.0176909329191941,0.894187633794473,0.999999999956702
"CCNB1",1.0377533769195e-07,0.507716986870624,0.0175975473954299,0.894465641690618,0.999999999956702
"ETS2",1.03428803672499e-07,0.506367835014886,0.0174802176467678,0.894815997514604,0.999999999956702
"DCP2",1.03254159974271e-07,0.505686415328117,0.017421235383584,0.894992575078965,0.999999999956702
"CTSC",1.02477476082337e-07,0.502643831953431,0.0171601339772761,0.895777922257255,0.999999999956702
"TRAPPC6A",1.02165299710262e-07,0.501415283322463,0.0170557436449429,0.896093609528599,0.999999999956702
"SNRPG",1.01409450008043e-07,0.498427171836648,0.0168043101171678,0.896858027959429,0.999999999956702
"RRM2",1.01239066854259e-07,0.497750931139213,0.0167478900088824,0.897030355920111,0.999999999956702
"RGCC",1.00988830694475e-07,0.496755969952609,0.0166651996329487,0.897283457157387,0.999999999956702
"TMEM50A",1.00913331125207e-07,0.496455357771528,0.0166402910353838,0.897359823212149,0.999999999956702
"SRSF3",1.00869535344789e-07,0.496280889438518,0.0166258505965981,0.897404122059114,0.999999999956702
"SWI5",1.00387984285697e-07,0.494358206570116,0.0164674859298016,0.897891225582308,0.999999999956702
"RBMX",9.98357929732331e-08,0.492143625499972,0.0162868229983534,0.898449831216731,0.999999999956702
"ANAPC11",9.97197481917868e-08,0.491676875965474,0.0162489828143534,0.89856723039673,0.999999999956702
"NUTM2A-AS1",9.94731503491282e-08,0.490683458769168,0.0161687176762722,0.898816713735456,0.999999999956702
"AKIRIN1",9.8898784724749e-08,0.488361338673197,0.0159825379007195,0.899397838869068,0.999999999956702
"NDUFA11",9.88699607008504e-08,0.488244497734357,0.0159732230456784,0.899427003536909,0.999999999956702
"HNRNPM",9.88569324545386e-08,0.488191676812735,0.0159690136908506,0.89944018579634,0.999999999956702
"IRF2",9.87055029196915e-08,0.487577287617666,0.0159201283337,0.899593407486292,0.999999999956702
"CEP350",9.85014429451812e-08,0.486748070775091,0.0158543710495088,0.899799888410814,0.999999999956702
"SRP72",9.75993127193907e-08,0.483064261570775,0.0155652948514191,0.900712802508392,0.999999999956702
"SDHA",9.74340604059053e-08,0.482386268205016,0.0155126300667033,0.90088004448239,0.999999999956702
"CENPF",9.73865379665543e-08,0.482191109909783,0.0154975015123117,0.900928139913391,0.999999999956702
"PBRM1",9.71889241800907e-08,0.481378692724711,0.0154346712108654,0.901128140284751,0.999999999956702
"LINC01420",9.68698627887896e-08,0.480063963921289,0.015333496633242,0.901451068228586,0.999999999956702
"USP1",9.65347130030113e-08,0.478678897008028,0.0152275786936117,0.901790297097437,0.999999999956702
"MRPS21",9.64157857991968e-08,0.478186407911464,0.0151900821750553,0.901910676069711,0.999999999956702
"WBP1",9.62554797556905e-08,0.477521732007186,0.0151396124802497,0.902072942570262,0.999999999956702
"ABLIM1",9.614917095581e-08,0.477080415747996,0.0151061892351433,0.902180553726539,0.999999999956702
"DAPP1",9.5914412287032e-08,0.476104371126073,0.0150325124786963,0.902418194715715,0.999999999956702
"TPP1",9.54237345199105e-08,0.474057605906512,0.0148790996150636,0.902914925139623,0.999999999956702
"NDUFS2",9.53977075742438e-08,0.47394878534797,0.0148709841350584,0.902941274198577,0.999999999956702
"PTGIR",9.53200152467056e-08,0.473623795088952,0.0148467720038905,0.903019928693462,0.999999999956702
"TMBIM1",9.48169310158586e-08,0.471513804162373,0.0146904676584218,0.903529266287647,0.999999999956702
"PRRC2B",9.47252964978669e-08,0.471128435645288,0.0146620865787439,0.903622044107962,0.999999999956702
"MTSS1",9.45379179101243e-08,0.470339409972267,0.0146041370369733,0.903811764669585,0.999999999956702
"LBR",9.43979264527452e-08,0.469749040814151,0.0145609175381347,0.903953509411778,0.999999999956702
"IGHM",9.43838997051114e-08,0.469689845720088,0.0145565905968777,0.903967712002367,0.999999999956702
"KIF2A",9.40414290074736e-08,0.468242196548341,0.0144511454653066,0.904314485523672,0.999999999956702
"CANX",9.39884408410973e-08,0.468017803980056,0.0144348648966641,0.904368141068694,0.999999999956702
"SENP6",9.3555875037282e-08,0.466181880021437,0.0143023026296244,0.904806171289323,0.999999999956702
"COX7B",9.35077063208929e-08,0.465976984666972,0.0142875788892452,0.904854950295131,0.999999999956702
"SNRPD1",9.34992634175567e-08,0.465941061661234,0.0142849989264512,0.904863500205595,0.999999999956702
"EIF3K",9.32934098372743e-08,0.465064322148086,0.0142221667511934,0.905071966227583,0.999999999956702
"N4BP2L2",9.30965842496137e-08,0.464224465378958,0.0141622196779954,0.905271295802905,0.999999999956702
"AKR1B1",9.21412742420537e-08,0.460126176022431,0.0138730598805465,0.90623884368773,0.999999999956702
"NUMA1",9.15640026696066e-08,0.457631807285903,0.0136997730191053,0.906823577875917,0.999999999956702
"ZFP36",9.13962498173927e-08,0.456904400263045,0.0136496207604204,0.906993508819893,0.999999999956702
"DECR1",9.09647781486917e-08,0.455028135885582,0.0135210482425207,0.90743060222664,0.999999999956702
"CRLF3",8.97146870504522e-08,0.449548244672263,0.0131519735283921,0.908697138834464,0.999999999956702
"HIST1H1E",8.95270829415455e-08,0.448720166504068,0.01309702634909,0.908887231069592,0.999999999956702
"NEXN",8.85456193994681e-08,0.444363370086012,0.0128114413746097,0.909881796204959,0.999999999956702
"DEK",8.83941368212131e-08,0.443687205483009,0.0127676436099286,0.910035313550967,0.999999999956702
"LDHB",8.81705264400361e-08,0.442687251950697,0.0127031287757392,0.910261933683356,0.999999999956702
"IL1B",8.80209353980528e-08,0.442017075732433,0.0126600608179075,0.910413542267972,0.999999999956702
"NME2",8.79706360953948e-08,0.441791510491141,0.0126455958436067,0.91046452069319,0.999999999956702
"COX5B",8.74925394803821e-08,0.43964191144169,0.0125085185608609,0.910949090764538,0.999999999956702
"ANO6",8.7489696148233e-08,0.439629096971564,0.0125077055705131,0.910951972694828,0.999999999956702
"MAX",8.68742207798567e-08,0.436846717724498,0.0123323453324307,0.911575830629623,0.999999999956702
"SNRPA",8.64861366683529e-08,0.435083519205559,0.0122224094442405,0.911969228360921,0.999999999956702
"FO538757.2",8.63069289840722e-08,0.434267004401065,0.0121718098806953,0.91215089703192,0.999999999956702
"AHCTF1",8.60748054778182e-08,0.433207206951239,0.012106425471904,0.912386215020376,0.999999999956702
"COPA",8.60725386781057e-08,0.433196845314997,0.0121057878293262,0.912388513053685,0.999999999956702
"TGS1",8.60249416586165e-08,0.43297922276295,0.0120924028377223,0.912436766068299,0.999999999956702
"INTS10",8.59733369798847e-08,0.432743158609712,0.0120778991976977,0.912489082341569,0.999999999956702
"CEBPZ",8.58303314273853e-08,0.432088342049641,0.0120377525611769,0.912634061827601,0.999999999956702
"EP300",8.52768940706672e-08,0.429545239775021,0.0118830132523333,0.913195165747215,0.999999999956702
"NDUFC1",8.51306086267454e-08,0.428870655427706,0.0118422795712417,0.913343484871387,0.999999999956702
"EIF3A",8.50291943296234e-08,0.428402401653453,0.011814081461785,0.913446310815761,0.999999999956702
"TMEM183A",8.4672603375198e-08,0.426752088270395,0.0117151986975933,0.913807876869094,0.999999999956702
"AP1M1",8.46511518460551e-08,0.426652618188371,0.0117092634344241,0.913829628256077,0.999999999956702
"PSMD7",8.43113322602875e-08,0.425073966640679,0.0116154419013645,0.914174206571358,0.999999999956702
"KIFAP3",8.41268535117291e-08,0.424214651288905,0.011564666807854,0.914361275464045,0.999999999956702
"PRPF4B",8.40454179828975e-08,0.423834799512679,0.0115422882475045,0.914443855885232,0.999999999956702
"CHD2",8.34638111474719e-08,0.421112620710012,0.0113830922754769,0.915033666261377,0.999999999956702
"GPX1",8.32096330305692e-08,0.419917793477582,0.011313866408939,0.915291444260714,0.999999999956702
"NT5C",8.30845828818195e-08,0.419328804003934,0.0112798862669387,0.91541826874531,0.999999999956702
"TMED10",8.27170104519953e-08,0.417593073171734,0.0111803009151283,0.915791069112451,0.999999999956702
"SECISBP2",8.27140397352932e-08,0.417579017828665,0.0111794978660321,0.915794082156853,0.999999999956702
"SMC4",8.26265942068718e-08,0.417165091136581,0.0111558723644309,0.915882774178211,0.999999999956702
"RAB1B",8.24462008164983e-08,0.416309992518056,0.0111072137252754,0.91606574229453,0.999999999956702
"BLOC1S1",8.22980929798967e-08,0.415606721600665,0.0110673431729218,0.916215967375115,0.999999999956702
"CD55",8.21395886798152e-08,0.414852869413305,0.0110247533115019,0.916376740854003,0.999999999956702
"CALM3",8.20174632048846e-08,0.414271176634212,0.0109919943864359,0.916500617034593,0.999999999956702
"SNRPB",8.19632643110816e-08,0.414012782941941,0.0109774716965187,0.916555593535699,0.999999999956702
"RDH11",8.18465997555479e-08,0.413456081314484,0.0109462437940892,0.916673933265257,0.999999999956702
"MAP2K3",8.15406080711942e-08,0.411992674625753,0.0108645495406596,0.916984327417742,0.999999999956702
"CLDN5",8.13604246874917e-08,0.411128720867931,0.0108165869747476,0.917167109120496,0.999999999956702
"NGLY1",8.13222724058004e-08,0.410945573583743,0.0108064449255506,0.917205812135936,0.999999999956702
"ATP5J",8.12874498768202e-08,0.410778345584607,0.0107971921793544,0.917241137504478,0.999999999956702
"GABARAPL2",8.12552782581179e-08,0.410623792899258,0.0107886473323606,0.917273773828639,0.999999999956702
"MARCKSL1",8.10470397451782e-08,0.40962213024479,0.0107334205667518,0.917485023628169,0.999999999956702
"VPS36",8.09632658933595e-08,0.409218535104124,0.0107112429456929,0.917570010557476,0.999999999956702
"CLEC2B",8.09236447681986e-08,0.409027527461431,0.0107007619540945,0.917610205739867,0.999999999956702
"RIF1",8.08696310170135e-08,0.408767004593988,0.0106864819398496,0.91766500241744,0.999999999956702
"TAX1BP1",8.08675538819934e-08,0.408756983004375,0.0106859329827064,0.91766710966823,0.999999999956702
"SMU1",8.08224298296624e-08,0.408539217167306,0.0106740108200003,0.917712888103679,0.999999999956702
"CLEC11A",8.05995435595829e-08,0.407462035356843,0.0106152199615371,0.917939010640253,0.999999999956702
"ME2",8.05462386959228e-08,0.407204037395722,0.0106011837594333,0.917993090464716,0.999999999956702
"SRRM2",8.04537464906739e-08,0.406756019899198,0.0105768508072139,0.918086928247332,0.999999999956702
"NDUFS6",8.03332080610563e-08,0.406171481167457,0.0105451813827049,0.918209221983294,0.999999999956702
"CDV3",7.98515585805277e-08,0.403828165136852,0.0104191101085471,0.918697904631829,0.999999999956702
"GTF3A",7.9608312129749e-08,0.402640070374108,0.0103557287195013,0.918944714712635,0.999999999956702
"MEAF6",7.9476681396267e-08,0.401995831747006,0.0103215110561714,0.919078277132071,0.999999999956702
"SLC39A10",7.87841277771687e-08,0.398590979502067,0.0101424131048522,0.919781031522106,0.999999999956702
"HMG20B",7.84045637275699e-08,0.396713892125065,0.0100449208302092,0.920166212867817,0.999999999956702
"RRM1",7.83786033314803e-08,0.396585220899179,0.0100382700196064,0.920192558145939,0.999999999956702
"DCK",7.83558144397128e-08,0.396472238635605,0.0100324335340684,0.920215684972044,0.999999999956702
"MDH1",7.80661111432874e-08,0.395033468588292,0.00995838526726501,0.920509690126394,0.999999999956702
"YBX1",7.80578868671764e-08,0.394992556453823,0.0099562871431304,0.920518036685097,0.999999999956702
"PRDX5",7.8012069159492e-08,0.394764565292431,0.00994460247187568,0.920564535793286,0.999999999956702
"DR1",7.78667341399185e-08,0.39404060312498,0.00990758377135875,0.920712034030151,0.999999999956702
"FAM13B",7.77992084093962e-08,0.393703836794876,0.00989040758553681,0.920780565765633,0.999999999956702
"LY6E",7.77250984514799e-08,0.393333941976217,0.00987157375431845,0.920855780498102,0.999999999956702
"SSBP1",7.76214276072516e-08,0.392815991254705,0.00984525762487408,0.92096099797567,0.999999999956702
"MCUR1",7.72156776465764e-08,0.390783043562884,0.00974259854608165,0.92137281448181,0.999999999956702
"SEPT6",7.6344834625409e-08,0.386388398905338,0.00952408253650919,0.92225674890198,0.999999999956702
"TMEM258",7.62283613835652e-08,0.385797338432241,0.00949504443358897,0.922374980393089,0.999999999956702
"SPTLC2",7.59651241301816e-08,0.384458616405933,0.00942957972378733,0.922642197721614,0.999999999956702
"ARGLU1",7.5938883743096e-08,0.384324947967739,0.00942306639048177,0.922668835335238,0.999999999956702
"SLC25A5",7.58529897395479e-08,0.383887124325845,0.0094017617014221,0.922756030207245,0.999999999956702
"HIF1A",7.57221324891207e-08,0.383219285667331,0.00936935091635708,0.922888871080548,0.999999999956702
"NBAS",7.52083882133864e-08,0.380587656921154,0.00924264762424269,0.923410423803938,0.999999999956702
"EIF2S2",7.44643947281678e-08,0.37674886073698,0.0090606876781643,0.924165783631866,0.999999999956702
"NUSAP1",7.42486289894354e-08,0.375629358811642,0.00900825581126106,0.924384858548294,0.999999999956702
"ASPM",7.38288368406229e-08,0.373443168814272,0.00890668074406862,0.924811105426069,0.999999999956702
"ABCC3",7.35894448821534e-08,0.372191641755763,0.00884901409238439,0.92505418795115,0.999999999956702
"TMEM219",7.35073289983694e-08,0.37176153268986,0.00882927650106702,0.925137571380727,0.999999999956702
"SLIRP",7.32188039186981e-08,0.370246980931495,0.00876010059214842,0.925430556666715,0.999999999956702
"CSNK1A1",7.31641331188225e-08,0.369959415855837,0.00874702354415475,0.92548607374398,0.999999999956702
"PPIH",7.2749317349222e-08,0.367771428065667,0.00864811941607584,0.925907322462478,0.999999999956702
"PRKACA",7.25385295423131e-08,0.366655464123109,0.00859807696121469,0.926121387126718,0.999999999956702
"CPT1A",7.23593683178438e-08,0.365704729581299,0.00855565703196448,0.926303337754699,0.999999999956702
"C16orf13",7.22040199507649e-08,0.364878708698989,0.00851896017710178,0.926461107897639,0.999999999956702
"DAZAP2",7.20465040170067e-08,0.364039589726798,0.00848183182069181,0.926621082350681,0.999999999956702
"GAMT",7.18818769132418e-08,0.363160888727378,0.00844311393700383,0.92678828213574,0.999999999956702
"AP1S2",7.14192322343897e-08,0.360682149324273,0.00833478089052229,0.927258173999662,0.999999999956702
"EMC10",7.12590276876042e-08,0.359820570403369,0.00829743038580421,0.927420894022978,0.999999999956702
"SOX4",7.10362066820256e-08,0.358619447770047,0.00824562077639591,0.927647218732593,0.999999999956702
"EIF4G1",7.08746485901248e-08,0.357746522700317,0.00820815729216879,0.927811320874087,0.999999999956702
"METTL9",7.07512415142829e-08,0.357078572444271,0.00817959805867757,0.927936673305638,0.999999999956702
"JKAMP",7.05247699083591e-08,0.355850148799932,0.00812731680202568,0.928166719598949,0.999999999956702
"LARS",7.04904962207148e-08,0.355663944533758,0.00811941928085461,0.928201534795035,0.999999999956702
"MALAT1",7.04640990173663e-08,0.355520478685131,0.00811333931710648,0.928228349155706,0.999999999956702
"MIS18BP1",7.04163811183853e-08,0.355261019103331,0.00810235442060181,0.928276821351638,0.999999999956702
"NOP56",7.01260554709509e-08,0.353679123986374,0.00803568038926099,0.928571742028067,0.999999999956702
"CORO1A",7.00936307143728e-08,0.353502099611102,0.00802825106099361,0.928604680586124,0.999999999956702
"GNAS",6.98966910450077e-08,0.352425373145068,0.00798320103465693,0.928804743579927,0.999999999956702
"OLA1",6.92937047328318e-08,0.349112258094065,0.00784605585224146,0.92941732075901,0.999999999956702
"ATP5J2",6.87711574774017e-08,0.346220864263819,0.00772816704658041,0.929948213290102,0.999999999956702
"CCAR1",6.86662138507698e-08,0.345637890374925,0.00770459893739169,0.930054836672581,0.999999999956702
"GLIPR1",6.8526114301663e-08,0.344858417719417,0.0076731916523023,0.93019718064917,0.999999999956702
"LASP1",6.84525537575675e-08,0.344448595892495,0.00765672665344847,0.930271920544697,0.999999999956702
"HIST1H4C",6.84321137920339e-08,0.344334652689447,0.0076521547316037,0.930292688320965,0.999999999956702
"DKC1",6.82046541216384e-08,0.343064679294525,0.00760136968925873,0.930523799129097,0.999999999956702
"RAB10",6.81630475478189e-08,0.342831981058452,0.00759209846025726,0.930566074197855,0.999999999956702
"ATP5G3",6.80460850019352e-08,0.342177170698738,0.00756606590055912,0.930684917036004,0.999999999956702
"MT-ND1",6.79432264689715e-08,0.34160051525138,0.00754320944235665,0.930789430402171,0.999999999956702
"HECTD1",6.78172124102485e-08,0.340893011863802,0.00751525466317591,0.930917473456944,0.999999999956702
"HPRT1",6.72884452384722e-08,0.337911793724199,0.00739851945740416,0.931454773946795,0.999999999956702
"PARVG",6.72208884808942e-08,0.337529444922403,0.00738367087301074,0.931523423200377,0.999999999956702
"UBA7",6.70300375397438e-08,0.336447491510165,0.00734180352725911,0.931717363243582,0.999999999956702
"APLP2",6.69645387632528e-08,0.336075557439291,0.00732746236860732,0.931783923114408,0.999999999956702
"GCA",6.68668522335478e-08,0.335520259921141,0.00730609965065873,0.931883193073153,0.999999999956702
"ARRB2",6.66440150125853e-08,0.334250911816349,0.00725748488645494,0.93210964628955,0.999999999956702
"C17orf89",6.61585074941467e-08,0.331472538459428,0.00715212722630959,0.932603051177889,0.999999999956702
"NME4",6.61040395298748e-08,0.331159738745895,0.00714035545385441,0.93265840674896,0.999999999956702
"CHEK1",6.60674798974855e-08,0.330949658167115,0.00713245951937597,0.93269556233769,0.999999999956702
"COX20",6.60460939639692e-08,0.330826722702073,0.00712784273611815,0.932717296949992,0.999999999956702
"PIK3CG",6.58370927844588e-08,0.329623476949434,0.00708280236060017,0.932929708347597,0.999999999956702
"BACH1",6.57553857439736e-08,0.32915217997905,0.00706523306377616,0.933012749880063,0.999999999956702
"TCF4",6.57172100949686e-08,0.328931803978826,0.00705703171087374,0.933051549288284,0.999999999956702
"YWHAQ",6.56411002118912e-08,0.32849211459917,0.00704069508207347,0.933128903219842,0.999999999956702
"ANXA7",6.55331264128705e-08,0.327867588358392,0.00701755149204406,0.93323864297985,0.999999999956702
"SNX3",6.54561502037677e-08,0.327421809605801,0.00700107532842692,0.933316878945002,0.999999999956702
"ACADVL",6.53687841742065e-08,0.326915311830537,0.00698239876539973,0.933405675545854,0.999999999956702
"CDK5RAP2",6.51298827231877e-08,0.325527300348394,0.00693145527519462,0.933648493106247,0.999999999956702
"PSMA5",6.50238748098017e-08,0.324909984483324,0.00690890982925854,0.933756240696545,0.999999999956702
"TAF1D",6.49878034697772e-08,0.324699731541863,0.00690124665901527,0.933792904273719,0.999999999956702
"HLA-DMA",6.46047659875269e-08,0.322460823465583,0.00682013464074539,0.934182239303775,0.999999999956702
"SRSF1",6.45580252295503e-08,0.322186830823555,0.00681026964265575,0.934229749609675,0.999999999956702
"UBL4A",6.41216840881758e-08,0.319620694589135,0.00671852091136519,0.934673286025674,0.999999999956702
"TRAPPC2L",6.39278779661179e-08,0.318476062376176,0.0066779691780482,0.93487029452663,0.999999999956702
"RAD21",6.3860574024657e-08,0.318077857737397,0.00666391530777538,0.93493871150658,0.999999999956702
"UQCR11",6.3453863603613e-08,0.315663788371132,0.00657930431527893,0.935352158105664,0.999999999956702
"ZFAND1",6.33808181059728e-08,0.315228801204558,0.00656416538082821,0.935426415276088,0.999999999956702
"RNASEH2C",6.23900666064951e-08,0.309285575748243,0.00636055088785055,0.936433656498182,0.999999999956702
"TIMM17B",6.22762557280529e-08,0.308597634757192,0.00633736644005467,0.936549368150538,0.999999999956702
"PSME1",6.22424161824942e-08,0.308392878360108,0.0063304811405715,0.936583773114409,0.999999999956702
"UBA2",6.22355596280709e-08,0.308351378962121,0.00632908650005497,0.93659074424808,0.999999999956702
"NDUFB9",6.2229379687319e-08,0.308313971386285,0.00632782961611743,0.936597027465417,0.999999999956702
"TRAM1",6.20076942371088e-08,0.306969963283364,0.00628282549991602,0.936822420238364,0.999999999956702
"CENPC",6.19660043820449e-08,0.306716746344912,0.00627438003083322,0.936864807853468,0.999999999956702
"MPP1",6.17357952207843e-08,0.305315833876319,0.00622784688074822,0.937098873227303,0.999999999956702
"ADAR",6.17191012226445e-08,0.305214068588247,0.00622447918760023,0.937115847076705,0.999999999956702
"TMSB10",6.157836482215e-08,0.304355201955941,0.00619612452894199,0.93725894385908,0.999999999956702
"AK2",6.1535617367369e-08,0.304093992176511,0.00618752486513028,0.937302408660725,0.999999999956702
"SH3BGRL2",6.12957474298382e-08,0.302625337654198,0.00613938011551564,0.937546307327722,0.999999999956702
"C19orf60",6.12251440831688e-08,0.302192105777826,0.0061252450030336,0.937618097608362,0.999999999956702
"SNAP29",6.0978482313948e-08,0.300675151789663,0.00607599006590722,0.93786891005897,0.999999999956702
"LETMD1",6.07758426264044e-08,0.299424950210172,0.00603567450214395,0.938074964263294,0.999999999956702
"RP11-501J20.5",6.06996991735153e-08,0.298954244095642,0.00602056029936142,0.938152391820228,0.999999999956702
"RUVBL2",6.04259020923702e-08,0.29725744087109,0.00596636912122168,0.938430811116918,0.999999999956702
"TALDO1",6.03919138889863e-08,0.297046341451807,0.0059596591134661,0.938465373631699,0.999999999956702
"RASSF1",6.03500594350944e-08,0.296786243671336,0.00595140132445913,0.938507935475235,0.999999999956702
"MANBA",6.03183368082346e-08,0.296589004430258,0.00594514633594485,0.938540194368949,0.999999999956702
"STOML2",6.02064535664113e-08,0.295892639162434,0.00592311173146259,0.938653969787168,0.999999999956702
"PSMB1",6.01340803495903e-08,0.295441588626079,0.00590888013425859,0.938727567651569,0.999999999956702
"QARS",5.99074355190538e-08,0.294026026105012,0.00586442303505641,0.938958050986218,0.999999999956702
"RAB8A",5.98654760063722e-08,0.293763449734611,0.00585621096065395,0.939000721695521,0.999999999956702
"MRPS25",5.9795473753636e-08,0.293325031177718,0.00584252332946187,0.939071910847667,0.999999999956702
"SMARCB1",5.97099251600532e-08,0.292788643304513,0.00582581764658081,0.939158910592438,0.999999999956702
"MORF4L2",5.91706068559616e-08,0.289391725997145,0.00572105179844586,0.939707393969635,0.999999999956702
"ZNF24",5.91382040368795e-08,0.289186783023595,0.00571478762580609,0.939740348349501,0.999999999956702
"MAP3K7CL",5.9044343190097e-08,0.288592578013228,0.00569666163951464,0.939835807477777,0.999999999956702
"GLRX",5.89867869310392e-08,0.288227801849427,0.00568556087328208,0.939894344244126,0.999999999956702
"ARHGDIA",5.88619937323383e-08,0.287435836249608,0.00566152943062883,0.940021264488883,0.999999999956702
"WNK1",5.88422619044384e-08,0.287310480564004,0.00565773432981468,0.940041332776814,0.999999999956702
"NDUFS5",5.86660786374293e-08,0.286189577475386,0.00562390470470037,0.940220521943744,0.999999999956702
"CD47",5.86572321507219e-08,0.286133218049817,0.0056222087315508,0.940229519442101,0.999999999956702
"CREG1",5.86388536227392e-08,0.286016108118665,0.00561868617416721,0.940248211720351,0.999999999956702
"MRPS18C",5.86030887502523e-08,0.285788119425214,0.00561183439244951,0.940284587249594,0.999999999956702
"TERF2IP",5.80088017723469e-08,0.281982002364499,0.00549859360432247,0.940889039381368,0.999999999956702
"RNASEH2B",5.79695020973536e-08,0.281729118818379,0.00549114577792767,0.940929012473181,0.999999999956702
"ASB8",5.78512318683901e-08,0.280967182978616,0.00546876240227684,0.941049310210698,0.999999999956702
"MRPS15",5.77476130820055e-08,0.28029852728517,0.00544918947289979,0.941154706441163,0.999999999956702
"NEK2",5.77365264058824e-08,0.280226923062726,0.00544709734834738,0.941165983355705,0.999999999956702
"RHOG",5.7723757446994e-08,0.280144438923139,0.00544468826435126,0.941178971434242,0.999999999956702
"ITM2B",5.76840545830374e-08,0.279887867820064,0.0054372010394938,0.941219355712681,0.999999999956702
"ZMYND8",5.76258058915774e-08,0.279511171486936,0.00542622573815365,0.941278604391449,0.999999999956702
"CD81",5.75647101143925e-08,0.279115708524224,0.00541472589941061,0.941340749382609,0.999999999956702
"RTN3",5.74763647112742e-08,0.278543220002028,0.00539811853480656,0.941430612596249,0.999999999956702
"SIGIRR",5.70359974656019e-08,0.275678173266741,0.0053157177751838,0.941878556631894,0.999999999956702
"WSB1",5.68901778964217e-08,0.274725243562464,0.00528857194289426,0.942026889175447,0.999999999956702
"TIPRL",5.68507318505686e-08,0.274467100556324,0.00528124059200757,0.942067015358541,0.999999999956702
"LAGE3",5.68302531489177e-08,0.274333022573615,0.00527743647313175,0.942087847216378,0.999999999956702
"SEC63",5.6590226101275e-08,0.272758392808033,0.00523295127857137,0.942332016491477,0.999999999956702
"DUT",5.65348090054713e-08,0.272394023027864,0.00522270735517101,0.942388390709637,0.999999999956702
"JAK1",5.64645451446643e-08,0.271931590233725,0.00520973341760422,0.942459868529854,0.999999999956702
"UQCRC1",5.62513100839669e-08,0.270525153437666,0.00517045920762798,0.942676790519754,0.999999999956702
"RAB11A",5.61955018173198e-08,0.270156296122254,0.00516020482511202,0.942733564438846,0.999999999956702
"AP2S1",5.61939300910421e-08,0.270145903415104,0.00515991617866027,0.942735163364974,0.999999999956702
"CTR9",5.61921011173404e-08,0.270133809396984,0.00515958029905914,0.942737023990667,0.999999999956702
"FDPS",5.56613433490939e-08,0.266609707934705,0.00506257185144846,0.943276980147919,0.999999999956702
"PTPN2",5.54685253380822e-08,0.265322235741134,0.0050275578107001,0.943473146292643,0.999999999956702
"LINC00493",5.53231751039887e-08,0.264349148269704,0.00500124381516985,0.943621022686589,0.999999999956702
"COPB2",5.5185556728861e-08,0.263425781564975,0.00497639321660222,0.943761034634168,0.999999999956702
"MRPL57",5.51333773211339e-08,0.263075156324288,0.0049669870420213,0.943814122043785,0.999999999956702
"HLA-DQB1",5.50885851552355e-08,0.262773941198182,0.00495891963376435,0.943859693861283,0.999999999956702
"JUND",5.50213200107698e-08,0.262321202816163,0.00494681698858854,0.943928130166706,0.999999999956702
"RPA2",5.49859141980227e-08,0.262082706008053,0.0049404525566427,0.943964152600311,0.999999999956702
"UXT",5.48956901493847e-08,0.261474346821578,0.00492425270131278,0.944055948491623,0.999999999956702
"AURKAIP1",5.47335993819455e-08,0.260379229399629,0.00489521590413072,0.944220864996757,0.999999999956702
"C6orf48",5.47236945236576e-08,0.260312219209706,0.00489344434029434,0.944230942604592,0.999999999956702
"LPIN2",5.45283731044827e-08,0.258988644246075,0.00485857502905344,0.944429672424667,0.999999999956702
"SAFB2",5.43096184220777e-08,0.25750139393596,0.00481967036140606,0.944652248528808,0.999999999956702
"ANP32E",5.39102132371585e-08,0.254772520516424,0.00474904114541617,0.945058642050453,0.999999999956702
"CMTM7",5.37364460589804e-08,0.253579815358171,0.00471847560082302,0.945235454078608,0.999999999956702
"UBE2L6",5.36467255741705e-08,0.252962683020451,0.00470273244943659,0.94532674775479,0.999999999956702
"ATP5B",5.34719514586471e-08,0.251757948373224,0.00467214057089842,0.945504588483352,0.999999999956702
"DTYMK",5.3385535902121e-08,0.251161017540769,0.0046570515617377,0.94559252130422,0.999999999956702
"GADD45GIP1",5.32725410440039e-08,0.250379221954268,0.00463735836302115,0.945707501099796,0.999999999956702
"MT-ATP8",5.32045462908358e-08,0.249908083554885,0.0046255280728478,0.945776690835986,0.999999999956702
"YWHAG",5.29903407801875e-08,0.248420428897762,0.00458835760052156,0.945994663601884,0.999999999956702
"LSM2",5.27693369410083e-08,0.246880092414825,0.0045501646007858,0.94621955849651,0.999999999956702
"FKBP11",5.2748178086617e-08,0.246732328138082,0.0045465163848355,0.946241090104697,0.999999999956702
"DUSP23",5.26394635123435e-08,0.245972302370606,0.00452779485698396,0.946351720513541,0.999999999956702
"ELF1",5.24526209799431e-08,0.244662901527891,0.00449570929988891,0.946541858114734,0.999999999956702
"CENPT",5.22794717784419e-08,0.243445853690836,0.00446607708545465,0.946718063614368,0.999999999956702
"KCTD20",5.2141642956445e-08,0.242474571753543,0.00444255952860766,0.946858327149519,0.999999999956702
"FAH",5.19974159789316e-08,0.241455818747852,0.00441801673562467,0.94700510362563,0.999999999956702
"ARHGAP30",5.18748066330035e-08,0.240587836818227,0.00439720602869578,0.947129881750209,0.999999999956702
"THUMPD1",5.15196988121072e-08,0.238063879569546,0.00433721013450016,0.947491278211376,0.999999999956702
"ATP5C1",5.15149259599904e-08,0.238029853678433,0.00433640656211247,0.947496135660162,0.999999999956702
"CD82",5.14573539024153e-08,0.237619204533205,0.00432671941461471,0.947554728310399,0.999999999956702
"AKAP9",5.13071374236369e-08,0.23654586643473,0.00430149480304329,0.947707609044818,0.999999999956702
"G3BP2",5.1267726814744e-08,0.23626381623391,0.00429488911699984,0.947747718963575,0.999999999956702
"ENOSF1",5.11444303759784e-08,0.235380205641723,0.00427425595063174,0.947873204054188,0.999999999956702
"EMP3",5.07912499813942e-08,0.232838871154254,0.00421542760350982,0.948232660948021,0.999999999956702
"PPP6R3",5.05781704505823e-08,0.231298232307779,0.00418013265697931,0.948449532294636,0.999999999956702
"HMGB2",5.05578967526492e-08,0.231151353811164,0.00417678220910202,0.948470166968492,0.999999999956702
"GPCPD1",5.04728943369864e-08,0.230534974247205,0.00416274926308248,0.948556683239683,0.999999999956702
"MADD",5.01502846019471e-08,0.22818741928496,0.00410970488826786,0.948885044022483,0.999999999956702
"COPS3",5.01352943615797e-08,0.228078021262812,0.00410724842137162,0.948900301699962,0.999999999956702
"RALBP1",5.00876474553752e-08,0.227730108350286,0.00409944534808686,0.948948798787049,0.999999999956702
"RP5-1171I10.5",5.00141492940125e-08,0.227192869799329,0.00408742319702592,0.94902360877335,0.999999999956702
"ARHGAP4",5.00021211863913e-08,0.227104884652721,0.00408545743113849,0.94903585160631,0.999999999956702
"SLC40A1",4.99994246896979e-08,0.227085157367997,0.00408501680481513,0.949038596242415,0.999999999956702
"CLCN3",4.98606461648784e-08,0.226068622487043,0.00406237151049248,0.949179853137001,0.999999999956702
"SAP18",4.97418386421284e-08,0.225196424382026,0.0040430350069716,0.949300783647444,0.999999999956702
"PGD",4.97048294218653e-08,0.224924361235348,0.00403702099892355,0.949338454429147,0.999999999956702
"AZIN1",4.96814287310284e-08,0.224752246937258,0.00403322069043438,0.949362273479446,0.999999999956702
"CKS1B",4.94343133292921e-08,0.222930392251807,0.0039931979996143,0.949613809588354,0.999999999956702
"TBCA",4.92641281236032e-08,0.221671113408993,0.00396575093329568,0.949787042199544,0.999999999956702
"SNN",4.91791322740789e-08,0.221040778935803,0.00395207844560988,0.949873560908456,0.999999999956702
"HDLBP",4.90609423198801e-08,0.22016270530936,0.00393310557342867,0.949993869438408,0.999999999956702
"PTPMT1",4.90567594766338e-08,0.220131595990917,0.00393243494371826,0.949998127280758,0.999999999956702
"PMPCB",4.88345497938611e-08,0.218475630998721,0.00389689056320581,0.95022432327106,0.999999999956702
"VPS26B",4.84820180034395e-08,0.215835036490212,0.00384083110407426,0.950583187490836,0.999999999956702
"CD69",4.84442149558826e-08,0.215550891469456,0.00383484379083435,0.950621670180182,0.999999999956702
"SUPT4H1",4.84080853414487e-08,0.215279145253179,0.00382912588367075,0.950658449458226,0.999999999956702
"SUN2",4.83688978508583e-08,0.214984200837956,0.00382292885697932,0.950698341716368,0.999999999956702
"PRKDC",4.82442888361904e-08,0.214044954837376,0.00380325680324501,0.950825192582882,0.999999999956702
"CD2AP",4.82012284164454e-08,0.213719896615572,0.00379647064256377,0.95086902799633,0.999999999956702
"NDUFB4",4.81549511650844e-08,0.213370274461016,0.00378918427691501,0.950916138303095,0.999999999956702
"UCHL5",4.8085484504303e-08,0.212844911052609,0.00377825987080537,0.95098685578314,0.999999999956702
"HAX1",4.78681222794901e-08,0.211196785058858,0.00374417911577215,0.951208134331149,0.999999999956702
"IL17RA",4.78221617684199e-08,0.210847464624883,0.00373699263072879,0.951254923418005,0.999999999956702
"PSMB9",4.7775359162534e-08,0.210491445038124,0.00372968156821071,0.951302569953646,0.999999999956702
"CNIH1",4.7725961211184e-08,0.21011535537063,0.00372197285041446,0.951352858822031,0.999999999956702
"VAMP5",4.72756205830345e-08,0.206671070219615,0.00365206341437297,0.951811330480044,0.999999999956702
"PRMT1",4.71352568530843e-08,0.20559173596388,0.00363040928299756,0.951954231785133,0.999999999956702
"SRRM1",4.71228916594844e-08,0.205496519830802,0.00362850477123963,0.951966820597828,0.999999999956702
"ANAPC16",4.69517432171474e-08,0.204176392590814,0.00360219546929307,0.952141065414282,0.999999999956702
"MGST2",4.6876956977007e-08,0.203598231873253,0.00359072922387861,0.952217205386879,0.999999999956702
"CCDC85B",4.66686082984286e-08,0.201983298598543,0.00355888154489372,0.952429327757381,0.999999999956702
"NDUFA12",4.66539543554237e-08,0.201869479467756,0.00355664691817513,0.952444247245309,0.999999999956702
"PDCD6IP",4.63709260384966e-08,0.199665065496404,0.00351362469566669,0.952732407597666,0.999999999956702
"PPT1",4.62933796129771e-08,0.199059048984637,0.00350188280336124,0.952811361220603,0.999999999956702
"BUB3",4.61285039565162e-08,0.197767637742288,0.00347698304193502,0.952979230333957,0.999999999956702
"TGOLN2",4.60891162666162e-08,0.197458536892612,0.00347104780236314,0.95301933344966,0.999999999956702
"PPP4R2",4.60884805957454e-08,0.197453546494202,0.00347095205616785,0.953019980667636,0.999999999956702
"TM7SF3",4.59892239450079e-08,0.196673589970609,0.00345601799473564,0.953121040717658,0.999999999956702
"PCNP",4.56366670775489e-08,0.193891371186487,0.0034032329100406,0.953480009292116,0.999999999956702
"HOOK3",4.55435267948664e-08,0.193153243176523,0.00338935570848946,0.953574845031443,0.999999999956702
"B3GNT2",4.55161679307268e-08,0.192936178392356,0.0033852848305027,0.953602702041024,0.999999999956702
"SCCPDH",4.51918769084961e-08,0.190354615529515,0.00333721810195419,0.953932902006439,0.999999999956702
"CDC123",4.5185867585589e-08,0.190306626316944,0.00333633063769272,0.953939020900693,0.999999999956702
"TRMT112",4.50113094633704e-08,0.188910223770075,0.00331060318194773,0.954116763022197,0.999999999956702
"NKTR",4.49797580854073e-08,0.188657323815011,0.0033059635709627,0.954148890151755,0.999999999956702
"PIH1D1",4.45718595412291e-08,0.185373908710349,0.0032462752415943,0.954564238744008,0.999999999956702
"GNPTAB",4.45607280726882e-08,0.185283940853481,0.00324465398105985,0.954575573696327,0.999999999956702
"CFAP97",4.44963876910266e-08,0.184763541022997,0.00323529095803043,0.954641090403195,0.999999999956702
"SON",4.44280467258586e-08,0.184210069487978,0.00322536057380222,0.954710681171281,0.999999999956702
"MRPS18B",4.41788441839104e-08,0.182185593048211,0.00318927913901747,0.954964443989588,0.999999999956702
"PTRHD1",4.41638113108289e-08,0.18206315274449,0.003187109056374,0.954979752102655,0.999999999956702
"RNF11",4.40286973289767e-08,0.180961048607318,0.00316763771718197,0.955117340659111,0.999999999956702
"RYBP",4.38327191273341e-08,0.179357268569675,0.00313950123476635,0.955316910522245,0.999999999956702
"KAT6A",4.38206214397588e-08,0.179258064285687,0.00313776848970461,0.955329230014155,0.999999999956702
"NAA20",4.37172915916852e-08,0.178409764153271,0.00312298810247111,0.955434454791742,0.999999999956702
"GABARAP",4.35576900819142e-08,0.177096076392384,0.00310022714147321,0.955596984702833,0.999999999956702
"MTCH2",4.33899400713665e-08,0.175710817755526,0.00307639384373203,0.955767814615043,0.999999999956702
"IL6ST",4.32331276229987e-08,0.174411680239753,0.00305419767955021,0.955927507988246,0.999999999956702
"RALY",4.3207428101857e-08,0.17419837948687,0.00305056768130985,0.955953679824399,0.999999999956702
"NUTF2",4.31964516124704e-08,0.1741072433962,0.00304901793525853,0.955964858058116,0.999999999956702
"CEP57",4.31144451342078e-08,0.173425721065257,0.00303745208344811,0.956048372062879,0.999999999956702
"MT-ATP6",4.31045271741545e-08,0.173343220886223,0.00303605478547299,0.956058472377686,0.999999999956702
"OSTF1",4.30538387367648e-08,0.172921324404475,0.00302891853327779,0.956110092898879,0.999999999956702
"G6PD",4.23146014325832e-08,0.166719018816157,0.00292579802290933,0.956862944467834,0.999999999956702
"ARMC8",4.21478739622235e-08,0.165307196124095,0.00290278705962904,0.957032747839715,0.999999999956702
"HDDC2",4.17683938373074e-08,0.162075699769093,0.00285075164396269,0.957419236128699,0.999999999956702
"CARD19",4.1766490342671e-08,0.162059426424103,0.00285049181750932,0.957421174802007,0.999999999956702
"MCTP1",4.15366187837693e-08,0.160089472290802,0.00281920147731009,0.957655296488045,0.999999999956702
"COX6C",4.13065864102014e-08,0.158108667572452,0.0027880621169754,0.957889585618698,0.999999999956702
"IKZF1",4.12700300551001e-08,0.157793002335707,0.00278312942718428,0.95792681878593,0.999999999956702
"TPRKB",4.12383381515892e-08,0.157519145800507,0.00277885665088437,0.957959097514364,0.999999999956702
"SET",4.12265353602503e-08,0.157417108776707,0.00277726620989676,0.957971118870375,0.999999999956702
"SNHG7",4.09287317309297e-08,0.15483414069544,0.00273728745805484,0.958274440397857,0.999999999956702
"DDX18",4.07730547649451e-08,0.153477409784996,0.00271650390736961,0.95843300425457,0.999999999956702
"CD37",4.05348198673861e-08,0.151392473810043,0.00268485185899532,0.958675660188201,0.999999999956702
"FAM195B",4.04204142435731e-08,0.150387468349898,0.00266971777501581,0.958792190252813,0.999999999956702
"MRPL16",4.04119185396795e-08,0.150312738949297,0.00266859563173644,0.958800843751761,0.999999999956702
"SMARCA5",4.00109301918771e-08,0.146770020851545,0.00261589994867618,0.959209285365556,0.999999999956702
"USMG5",3.98408355476688e-08,0.145257947363714,0.00259370577418421,0.959382544840156,0.999999999956702
"IFNAR2",3.97076468300999e-08,0.144070045822105,0.00257639313934657,0.959518213045459,0.999999999956702
"SLC2A3",3.94863440447202e-08,0.142088610194322,0.00254775512236151,0.959743638271421,0.999999999956702
"LEPROT",3.93207800312423e-08,0.14059993443503,0.00252643472681359,0.959912288526407,0.999999999956702
"SRSF2",3.92884925767624e-08,0.140308988195479,0.00252228736984235,0.959945178053345,0.999999999956702
"WBP11",3.91000931373429e-08,0.138607157388035,0.00249815520583512,0.960137091983214,0.999999999956702
"DGKZ",3.8834135259271e-08,0.136192606981916,0.00246428600633066,0.960408015092542,0.999999999956702
"TYMP",3.8506583987578e-08,0.133199114677729,0.0024228906782021,0.960741687777326,0.999999999956702
"ZNHIT1",3.83662261724628e-08,0.131909631463815,0.00240525983067825,0.960884670765319,0.999999999956702
"SPEN",3.83025293076471e-08,0.131323093201348,0.00239727987823096,0.960949559395449,0.999999999956702
"SUMO3",3.82216203936374e-08,0.130576842696638,0.00238716271591789,0.961031982484328,0.999999999956702
"ABCE1",3.81287142915103e-08,0.129718249092561,0.0023755717663079,0.961126627797111,0.999999999956702
"ATP5F1",3.8079974699762e-08,0.129267096504965,0.00236950230411214,0.961176280017613,0.999999999956702
"DICER1",3.80640682878849e-08,0.129119752364963,0.00236752318474171,0.961192484303093,0.999999999956702
"GOLGA4",3.7994065731872e-08,0.128470670999649,0.00235882310171578,0.961263797962006,0.999999999956702
"DCAF7",3.79320566203253e-08,0.127894841406984,0.00235112983901702,0.961326968723259,0.999999999956702
"IMP3",3.77878290672718e-08,0.126552355068446,0.00233328461442971,0.961473899106297,0.999999999956702
"TMEM14B",3.77199553469829e-08,0.125919042974779,0.00232491014667782,0.961543045235851,0.999999999956702
"COMMD2",3.75898116316207e-08,0.124701940806098,0.00230889472648218,0.961675629526957,0.999999999956702
"SEC61A1",3.74829696026246e-08,0.123700025420718,0.00229578817416216,0.961784475949217,0.999999999956702
"RILPL2",3.74256824104657e-08,0.123161793671084,0.00228877598938675,0.96184283816231,0.999999999956702
"FAM96A",3.73780046484169e-08,0.12271330145519,0.00228294821541434,0.961891410775757,0.999999999956702
"NDUFS3",3.72822602131008e-08,0.121811160466603,0.00227126756835951,0.961988952640284,0.999999999956702
"C12orf76",3.71085664627475e-08,0.120169417959893,0.00225015371940566,0.962165908629044,0.999999999956702
"ATIC",3.70399244980967e-08,0.11951878357827,0.00224183692711678,0.962235840310692,0.999999999956702
"TOMM5",3.69955301877666e-08,0.119097428478143,0.00223646622710989,0.962281068902488,0.999999999956702
"ZNF706",3.68895147012928e-08,0.118089440879434,0.0022236668249454,0.962389077179076,0.999999999956702
"HSD17B11",3.66535464204674e-08,0.115836835846361,0.00219530989800765,0.962629483468549,0.999999999956702
"POLE4",3.65304225616659e-08,0.11465647885683,0.00218058602679646,0.962754924348019,0.999999999956702
"AIG1",3.64924022308564e-08,0.114291291554079,0.00217604934463974,0.962793660355295,0.999999999956702
"OAZ1",3.64589503111483e-08,0.113969711538055,0.00217206168367532,0.962827742030521,0.999999999956702
"B2M",3.63824867742133e-08,0.113233691733626,0.00216296052426061,0.962905645301372,0.999999999956702
"SNRNP40",3.58944860453746e-08,0.108504508276646,0.00210532579487678,0.963402842919469,0.999999999956702
"DPP7",3.57191814733787e-08,0.106792045010342,0.00208481167016474,0.96358145477581,0.999999999956702
"CCDC124",3.57149246627061e-08,0.106750371919734,0.00208431478757188,0.963585791917952,0.999999999956702
"CSK",3.5675516697984e-08,0.106364373661267,0.00207971764571079,0.963625943612584,0.999999999956702
"HMHA1",3.56655343670851e-08,0.106266538826523,0.00207855396108001,0.963636114350453,0.999999999956702
"SPG21",3.56493955507464e-08,0.10610831534102,0.00207667327646389,0.963652557784064,0.999999999956702
"ITGAE",3.55473470347512e-08,0.105106402575939,0.00206480109159486,0.963756532805186,0.999999999956702
"DHX9",3.55379752663044e-08,0.105014265700822,0.00206371249914069,0.963766081527857,0.999999999956702
"MFSD1",3.55230555764039e-08,0.104867542006871,0.00206198007138574,0.963781282936479,0.999999999956702
"EGFL7",3.55196605627865e-08,0.104834147202655,0.0020615859546194,0.963784742057751,0.999999999956702
"ATP5G1",3.53764752098686e-08,0.103423192317287,0.00204499829971013,0.963930631783125,0.999999999956702
"TSC22D1",3.52928204623261e-08,0.102596564670097,0.00203533812037599,0.964015867094971,0.999999999956702
"PARP14",3.52491577934699e-08,0.102164441476871,0.00203030518045816,0.964060354885242,0.999999999956702
"GOPC",3.51773114728228e-08,0.101452378902,0.00202203710785853,0.964133559175276,0.999999999956702
"JAK2",3.51081063232732e-08,0.100765301083404,0.00201408893186021,0.964204072659223,0.999999999956702
"FBXW5",3.49735913845972e-08,0.0994264573901435,0.00199868473837642,0.964341131424691,0.999999999956702
"PSMC1",3.4967769194979e-08,0.0993684078152898,0.00199801933614188,0.964347063742195,0.999999999956702
"HP1BP3",3.48876670696325e-08,0.0985689065644789,0.00198887592851634,0.96442868121554,0.999999999956702
"C7orf50",3.46973353179436e-08,0.0966628065734159,0.00196723426082889,0.96462261509961,0.999999999956702
"METTL5",3.45949526819444e-08,0.0956337356639402,0.00195564181589161,0.964726936249314,0.999999999956702
"TCF25",3.45286830181131e-08,0.0949662376386436,0.00194815658548315,0.964794460985524,0.999999999956702
"TUBB1",3.44436033509814e-08,0.0941076486166561,0.00193856778598124,0.964881152335268,0.999999999956702
"BANF1",3.43319353562337e-08,0.0929779499684069,0.00192601828227094,0.964994936310918,0.999999999956702
"SNRPC",3.43191057396517e-08,0.0928479543867699,0.00192457907071241,0.96500800907977,0.999999999956702
"MT-ND2",3.42205584045594e-08,0.0918480220653492,0.00191354207968176,0.965108424438588,0.999999999956702
"RPA3",3.41479792095919e-08,0.0911099856118369,0.001905433733725,0.96518237976957,0.999999999956702
"GABPB1-AS1",3.41234062100078e-08,0.0908598022293723,0.00190269240749041,0.965207418752799,0.999999999956702
"SERINC3",3.40179432690751e-08,0.0897842850443483,0.0018909495324075,0.96531488200189,0.999999999956702
"TAF7",3.40114987314193e-08,0.0897184697184149,0.0018902331374713,0.965321448793081,0.999999999956702
"CAPZA1",3.38565103501363e-08,0.0881323775455374,0.00187304502904042,0.965479378027159,0.999999999956702
"DNAJC4",3.37142952293886e-08,0.086671461317483,0.00185734253258667,0.965624292823851,0.999999999956702
"CCND2",3.36698205578482e-08,0.0862134963965174,0.00185244548734479,0.965669611993328,0.999999999956702
"VAPA",3.35687912075629e-08,0.0851712267066835,0.00184134530453369,0.965772560129998,0.999999999956702
"MMP24-AS1",3.35029295971148e-08,0.0844903017330321,0.00183412699290112,0.965839672915546,0.999999999956702
"TUBB",3.34898318776604e-08,0.0843547498851568,0.00183269319679416,0.965853019481653,0.999999999956702
"PSMD11",3.34256079756757e-08,0.0836894141979787,0.00182567077586153,0.965918463727045,0.999999999956702
"VMA21",3.3403034595967e-08,0.0834552994841412,0.00182320574103339,0.965941466086892,0.999999999956702
"BOLA3",3.32363160487465e-08,0.0817219609021271,0.00180505148288357,0.96611135379748,0.999999999956702
"IGF1R",3.32236098615568e-08,0.0815895487470966,0.00180367161046164,0.966124301580565,0.999999999956702
"CMC2",3.32204846041546e-08,0.0815569734803523,0.0018033322931539,0.966127486263091,0.999999999956702
"DNAJC1",3.31163495782786e-08,0.0804700303149155,0.00179204433465656,0.966233601670271,0.999999999956702
"ATP6V0B",3.30502498520167e-08,0.0797785564993703,0.00178489768802118,0.966300958754283,0.999999999956702
"SCAND1",3.3030226750686e-08,0.0795688571451698,0.00178273562502008,0.966321362785173,0.999999999956702
"FKBP5",3.28752040361378e-08,0.0779415888334344,0.00176604085758546,0.966479335475104,0.999999999956702
"NDUFB6",3.28222711374665e-08,0.0773844321334548,0.00176035837400348,0.966533275951947,0.999999999956702
"COX7A2L",3.27447131122374e-08,0.076566671574655,0.00175204885693225,0.966612310571336,0.999999999956702
"STAT3",3.27221274644933e-08,0.0763282164814452,0.0017496327410185,0.966635326279291,0.999999999956702
"PTBP3",3.26909730052506e-08,0.0759990594840115,0.00174630270611983,0.966667074005708,0.999999999956702
"NUCB1",3.26145365098468e-08,0.0751903309006585,0.00173814600739151,0.966744966287378,0.999999999956702
"LAMP1",3.2574382230983e-08,0.0747648248973605,0.00173386871005388,0.96678588545961,0.999999999956702
"SNW1",3.24085404649962e-08,0.0730026108580533,0.00171625880610382,0.96695488724806,0.999999999956702
"CRBN",3.23622531646082e-08,0.0725093740915976,0.00171135983470862,0.967002056792441,0.999999999956702
"HNRNPR",3.21629971647622e-08,0.0703791057366986,0.00169035085611736,0.967205111962507,0.999999999956702
"GIT2",3.21481838065679e-08,0.0702202785098169,0.00168879416000005,0.967220207848817,0.999999999956702
"MRFAP1",3.21196189322179e-08,0.0699138300162557,0.00168579437863401,0.967249317560553,0.999999999956702
"YLPM1",3.19812234668321e-08,0.0684257518763787,0.00167129833690923,0.967390353354545,0.999999999956702
"HSP90AA1",3.19299745386364e-08,0.0678732899272872,0.00166594622015847,0.967442580276202,0.999999999956702
"ICAM2",3.18807390283e-08,0.0673418089583093,0.00166081245642078,0.967492755489079,0.999999999956702
"TTC1",3.18031243001868e-08,0.0665025387644053,0.00165273569275589,0.967571851823052,0.999999999956702
"CNTRL",3.17769039482493e-08,0.0662186098327553,0.0016500115926307,0.967598572773608,0.999999999956702
"RBBP4",3.157288466577e-08,0.0640024159466951,0.00162889225861321,0.96780648843009,0.999999999956702
"EPB41",3.14875725491271e-08,0.0630720203555801,0.00162010139250546,0.967893430492988,0.999999999956702
"PPP2R1A",3.14172547141131e-08,0.0623035067759772,0.00161287347315411,0.967965092085226,0.999999999956702
"FOXP1",3.13873072931224e-08,0.061975754874302,0.00160980010595399,0.967995611872942,0.999999999956702
"ANP32A",3.12253923133608e-08,0.0601990139430449,0.00159323427245094,0.968160622245332,0.999999999956702
"RAB8B",3.10917645214302e-08,0.058726658028818,0.00157962708849724,0.968296805679655,0.999999999956702
"MDK",3.07671077184508e-08,0.0551265224846776,0.00154681073368092,0.968627675414364,0.999999999956702
"OFD1",3.06998019078934e-08,0.0543760510808563,0.00154005056129907,0.968696269928667,0.999999999956702
"CSDE1",3.06266768886916e-08,0.053559078057937,0.00153272268962229,0.968770795334436,0.999999999956702
"MIEN1",3.06061562758068e-08,0.053329512594969,0.001530669455303,0.968791708978004,0.999999999956702
"ATF6B",3.05455751353593e-08,0.0526510089907165,0.00152461590667256,0.968853450552377,0.999999999956702
"MTF2",3.04708420282033e-08,0.0518123974689671,0.00151716475206639,0.968929615432056,0.999999999956702
"FEN1",3.04066638275929e-08,0.0510908043962251,0.00151078052653598,0.968995023415476,0.999999999956702
"CUX1",3.03710617227446e-08,0.0506899402139668,0.00150724475698434,0.9690313078179,0.999999999956702
"RNF138",3.03402019593018e-08,0.0503421434030553,0.00150418331736499,0.96906275904605,0.999999999956702
"GSTP1",3.0255174814929e-08,0.0493822803465392,0.00149576430946961,0.969149416087318,0.999999999956702
"WBP2",3.01365637537166e-08,0.048039382569372,0.00148405944048492,0.969270301428377,0.999999999956702
"KAT6B",3.01157036956059e-08,0.0478027348691155,0.00148200566605665,0.969291561535845,0.999999999956702
"CPNE3",3.01100154120712e-08,0.0477381792984198,0.00148144587357271,0.969297358911749,0.999999999956702
"MAN1A2",3.00540992622178e-08,0.047103031649005,0.00147594871046167,0.969354347532109,0.999999999956702
"PUM2",2.99647303106559e-08,0.0460857682410602,0.00146718399103797,0.969445430902983,0.999999999956702
"HMGB3",2.9605265417655e-08,0.0419673549923399,0.00143219367351459,0.969811795644705,0.999999999956702
"PPP1CC",2.93468229099024e-08,0.0389795218412505,0.00140729782265096,0.97007520284029,0.999999999956702
"COX14",2.91468522930578e-08,0.0366520028534526,0.00138818437952703,0.970279017139976,0.999999999956702
"IL18",2.91100928496586e-08,0.0362226447959098,0.00138468508524337,0.970316483356994,0.999999999956702
"PTGS2",2.88711363538694e-08,0.0334200816579489,0.00136204541525151,0.970560035861435,0.999999999956702
"PPP6C",2.883393111718e-08,0.0329819203329013,0.0013585372353357,0.9705979569387,0.999999999956702
"XRCC6",2.8732869646547e-08,0.0317892566227933,0.00134903071588206,0.97070096319941,0.999999999956702
"SNRNP200",2.84832547364256e-08,0.0288278196693076,0.00132569329851645,0.970955383698651,0.999999999956702
"CYBA",2.84722062173944e-08,0.0286962211860517,0.00132466503773424,0.970966644992399,0.999999999956702
"SSR2",2.84568911594647e-08,0.0285137309781565,0.00132324035954732,0.970982255000527,0.999999999956702
"DNAJC2",2.83715279386955e-08,0.0274950045297902,0.00131531351757337,0.971069262421116,0.999999999956702
"SUMO2",2.83637008058609e-08,0.0274014625860782,0.00131458788069308,0.971077240331331,0.999999999956702
"COMMD6",2.82947429101921e-08,0.0265763805492784,0.00130820359263261,0.971147526717181,0.999999999956702
"PSMB8",2.82116210518191e-08,0.0255795090883303,0.00130052862699456,0.97123225023564,0.999999999956702
"CENPU",2.81991694413381e-08,0.0254299593139335,0.00129938086577975,0.971244941801938,0.999999999956702
"HNRNPC",2.81924238828507e-08,0.0253489180629521,0.0012987592870984,0.971251817357574,0.999999999956702
"HIST1H2AC",2.77672431291625e-08,0.0202065884761861,0.00125988051394502,0.971685196279946,0.999999999956702
"MRPL43",2.75183834121232e-08,0.0171650488039294,0.00123739873507864,0.971938858299606,0.999999999956702
"ATP1B3",2.73725273147284e-08,0.0153713218728869,0.00122431629185447,0.972087530336342,0.999999999956702
"PTPRA",2.73330576229728e-08,0.0148845040524763,0.00122078804280012,0.972127762208165,0.999999999956702
"CCNB1IP1",2.71973807234478e-08,0.0132064143274332,0.00120869853186592,0.97226605963876,0.999999999956702
"NUDCD2",2.71546853099708e-08,0.0126768461161172,0.0012049065948601,0.972309579865365,0.999999999956702
"SKP1",2.69806613962353e-08,0.0105108725831177,0.00118951251670588,0.972486966518866,0.999999999956702
"NOL7",2.69593199588348e-08,0.0102444161480461,0.00118763147557508,0.972508720440004,0.999999999956702
"TOMM22",2.69571954878492e-08,0.010217881278326,0.0011874443054831,0.972510885973529,0.999999999956702
"PRPF8",2.69333649530848e-08,0.00992011121511103,0.0011853457989709,0.97253517712733,0.999999999956702
"AFG3L2",2.69196380669258e-08,0.00974848587003707,0.00118413785778007,0.972549169351248,0.999999999956702
"FNBP1L",2.68289741619354e-08,0.00861302080450047,0.00117617506325724,0.972641585982017,0.999999999956702
"ZNF644",2.67977441179076e-08,0.00822112967490395,0.00117343842338428,0.972673419854222,0.999999999956702
"FXN",2.65900127893654e-08,0.00560429700268983,0.00115531636580502,0.972885168741994,0.999999999956702
"NUDT1",2.64828528091082e-08,0.00424745332926292,0.00114602308638258,0.97299440196269,0.999999999956702
"KLF2",2.6463370028308e-08,0.00400025470165631,0.00114433750486536,0.973014261734294,0.999999999956702
"TIMM8B",2.64225573644603e-08,0.00348191009005869,0.00114081055814082,0.973055864175301,0.999999999956702
"WASF2",2.62905708224654e-08,0.00180084455065055,0.0011294418197423,0.97319040532673,0.999999999956702
"ZC3H15",2.62719347039047e-08,0.00156289451219084,0.00112784117351062,0.973209402210315,0.999999999956702
"CLPP",2.61275493531438e-08,-0.000285618085576294,0.00111547845513556,0.973356583141446,0.999999999956702
"SUPT16H",2.61055322303655e-08,-0.000568272032331613,0.00111359926793453,0.973379026638262,0.999999999956702
"COX4I1",2.59964476590874e-08,-0.00197174268395369,0.00110431214083725,0.973490224004561,0.999999999956702
"ARID1A",2.56944880214947e-08,-0.00588349018707762,0.00107880703546807,0.973798034801773,0.999999999956702
"RPL7L1",2.56732476653221e-08,-0.0061601450680296,0.00107702418035754,0.97381968688594,0.999999999956702
"TMF1",2.55777896067054e-08,-0.00740593493792828,0.00106902990523939,0.973916995563686,0.999999999956702
"CALM2",2.54986756461434e-08,-0.00844147823224443,0.00106242695850635,0.973997643579121,0.999999999956702
"FOS",2.54939098651017e-08,-0.00850394758357008,0.00106202985387592,0.974002501779274,0.999999999956702
"CDK12",2.5414385126072e-08,-0.00954784435879305,0.001055414476288,0.974083568822343,0.999999999956702
"SCN1B",2.54044647079348e-08,-0.00967826498454415,0.00105459068225428,0.974093681656025,0.999999999956702
"COPS5",2.53640607848978e-08,-0.0102098986477328,0.00105123885275968,0.97413486929295,0.999999999956702
"PPP4C",2.53190995171442e-08,-0.0108023604197939,0.00104751522663648,0.97418070275437,0.999999999956702
"LAT2",2.5246045887939e-08,-0.0117669450967105,0.0010414791201973,0.974255173716471,0.999999999956702
"KIAA1551",2.5164203972667e-08,-0.0128504430609142,0.00103473759026264,0.97433860373504,0.999999999956702
"TYMS",2.50342544912307e-08,-0.0145771178614774,0.00102407828832088,0.974471075400591,0.999999999956702
"REL",2.50169707718464e-08,-0.0148073558559091,0.00102266472341962,0.974488694632109,0.999999999956702
"DNAJB6",2.49339282949249e-08,-0.0159154965653722,0.00101588663176767,0.974573349305788,0.999999999956702
"FAM212A",2.48964865139089e-08,-0.0164161751123883,0.00101283793075971,0.97461151807984,0.999999999956702
"RBX1",2.48499308096499e-08,-0.0170396368933342,0.00100905351761256,0.974658977819848,0.999999999956702
"LSM8",2.48475628761512e-08,-0.0170713746581494,0.00100886122268798,0.974661391737147,0.999999999956702
"BIRC6",2.47897483030943e-08,-0.0178470856937303,0.00100417190772178,0.974720329105329,0.999999999956702
"CCNI",2.47488253750425e-08,-0.0183971051161972,0.0010008592693265,0.974762046865654,0.999999999956702
"H2AFZ",2.46735173440893e-08,-0.019411334387252,0.000994777520872114,0.97483881775952,0.999999999956702
"SNX6",2.45985802675414e-08,-0.0204232318508358,0.000988744127653619,0.974915210724546,0.999999999956702
"PSMD13",2.45974091223909e-08,-0.0204390673411863,0.000988649981136858,0.974916404624704,0.999999999956702
"NR3C1",2.4563248941703e-08,-0.0209012473613762,0.000985905870103983,0.974951228552411,0.999999999956702
"SATB1",2.42954071501673e-08,-0.0245445060719852,0.000964522128822819,0.975224276274915,0.999999999956702
"GRSF1",2.42300108774643e-08,-0.0254393244989385,0.000959336682840077,0.975290944070342,0.999999999956702
"IVNS1ABP",2.41572677386399e-08,-0.0264371303114304,0.000953585104136018,0.975365101782368,0.999999999956702
"EIF3I",2.41538793739071e-08,-0.026483671342703,0.000953317617964115,0.975368556042909,0.999999999956702
"AQP10",2.40580470849675e-08,-0.0278023266070396,0.00094576790952921,0.975466252237865,0.999999999956702
"DDX21",2.39814601404328e-08,-0.0288594391525597,0.000939755935159556,0.975544329037573,0.999999999956702
"PRKAR1A",2.39302888996444e-08,-0.0295673745978601,0.000935749742729024,0.97559649584938,0.999999999956702
"SSNA1",2.39143016676451e-08,-0.0297888208513692,0.000934499858026456,0.975612794145176,0.999999999956702
"NUDT4",2.38629765380486e-08,-0.0305006154025978,0.000930492895390831,0.975665117977321,0.999999999956702
"ARL6IP4",2.38431291438583e-08,-0.0307762213471151,0.000928945713782372,0.975685351597225,0.999999999956702
"DYNC1H1",2.36636310899452e-08,-0.0332778399662376,0.000915011611576731,0.975868343350903,0.999999999956702
"EGLN3",2.36449896414332e-08,-0.0335385819814897,0.000913570545896994,0.975887347704305,0.999999999956702
"SCAMP3",2.33700710849558e-08,-0.0374047442650968,0.000892450012148877,0.976167619858236,0.999999999956702
"USP33",2.33659627032049e-08,-0.037462818194177,0.000892136260166813,0.976171808266526,0.999999999956702
"STRAP",2.33558336242604e-08,-0.0376060353193722,0.000891362950710611,0.976182134651053,0.999999999956702
"IL16",2.30918154696791e-08,-0.0413581450865589,0.000871324628226176,0.976451297050935,0.999999999956702
"SEC31A",2.30351553108954e-08,-0.0421682124748979,0.000867053952907602,0.976509061551581,0.999999999956702
"PRKCD",2.29871961238328e-08,-0.0428552318445156,0.000863447299160158,0.976557955589419,0.999999999956702
"ATP6V1E1",2.29016634461498e-08,-0.0440835810248386,0.000857033680029692,0.976645155742596,0.999999999956702
"PPP2R5C",2.28820343491779e-08,-0.0443660380984493,0.000855565176415235,0.976665167551887,0.999999999956702
"PYGL",2.28059098024907e-08,-0.0454634368099102,0.000849882012676527,0.976742776452474,0.999999999956702
"CALCOCO1",2.27800770010186e-08,-0.0458365589821516,0.000847957739616184,0.976769113018274,0.999999999956702
"OXR1",2.27286530586971e-08,-0.0465804046967741,0.000844133686487015,0.976821539851995,0.999999999956702
"URI1",2.27035318107651e-08,-0.046944312713155,0.000842268730161857,0.976847151061512,0.999999999956702
"FAM46C",2.2641485033474e-08,-0.0478446225705601,0.000837671326581174,0.976910408093384,0.999999999956702
"FO538757.3",2.26014283381529e-08,-0.0484269878204247,0.000834709978123312,0.976951246192486,0.999999999956702
"STRA13",2.25920869725441e-08,-0.048562925990608,0.000834020135020108,0.976960769792962,0.999999999956702
"GSTO1",2.2498543140266e-08,-0.0499268926562702,0.000827127817202893,0.977056138694327,0.999999999956702
"TMED5",2.24203280170627e-08,-0.0510711252931208,0.000821386872016101,0.977135880070582,0.999999999956702
"TIMM10",2.23226878456178e-08,-0.0525043932919835,0.000814248196853907,0.97723542586689,0.999999999956702
"HSPA8",2.23178948176347e-08,-0.0525748902151102,0.000813898570909847,0.977240312448641,0.999999999956702
"LAP3",2.22300383933225e-08,-0.0538694301170213,0.000807503212081612,0.977329883868965,0.999999999956702
"MOB2",2.19951444968769e-08,-0.0573524089151252,0.000790528391107224,0.977569364398214,0.999999999956702
"GGCT",2.19829645377562e-08,-0.0575338887458292,0.000789653112698677,0.977581782243443,0.999999999956702
"PIK3CA",2.19748638980986e-08,-0.0576546354528415,0.000789071251527907,0.977590041099254,0.999999999956702
"GAS2L1",2.190013460604e-08,-0.0587703585629954,0.000783713632656105,0.977666230065924,0.999999999956702
"CTSG",2.18999144898392e-08,-0.0587736498075257,0.000783697878670702,0.977666454481918,0.999999999956702
"MINPP1",2.17227166821308e-08,-0.0614325051665327,0.000771066986292718,0.977847114278914,0.999999999956702
"OGT",2.16527230581845e-08,-0.0624879369069621,0.000766106020830097,0.977918475711788,0.999999999956702
"PAFAH1B1",2.14307896252907e-08,-0.0658541112033947,0.000750481825171728,0.978144747313128,0.999999999956702
"MDH2",2.12418910945519e-08,-0.0687430920296357,0.000737310109743836,0.978337339659884,0.999999999956702
"C22orf39",2.1227010837192e-08,-0.0689716120680935,0.000736277478389383,0.978352510947014,0.999999999956702
"AURKB",2.10963270786977e-08,-0.0709845374353637,0.000727239623557945,0.97848575096911,0.999999999956702
"ELF2",2.10397002829474e-08,-0.0718601159157051,0.000723340747693682,0.978543485610288,0.999999999956702
"ADRM1",2.10066716021069e-08,-0.0723717567034156,0.000721071491191236,0.978577160515456,0.999999999956702
"SDF4",2.10010997372017e-08,-0.0724581380202001,0.000720689024118144,0.978582841400732,0.999999999956702
"SMS",2.09721876919135e-08,-0.072906683957297,0.000718706056447023,0.978612319163079,0.999999999956702
"SMC2",2.09626455859009e-08,-0.0730548391815196,0.000718052199125664,0.978622047984265,0.999999999956702
"MRPL28",2.09569880528127e-08,-0.0731427082769226,0.000717664666372208,0.978627816222641,0.999999999956702
"SYNGR2",2.09092358685867e-08,-0.0738851833237655,0.000714397879013746,0.97867650285497,0.999999999956702
"SPN",2.08946861255194e-08,-0.0741117018970297,0.000713403993899884,0.978691337333372,0.999999999956702
"GUSB",2.06583105680487e-08,-0.0778109954102439,0.000697354226288025,0.978932339738249,0.999999999956702
"UBQLN1",2.05646820374242e-08,-0.0792864287764057,0.000691047390008451,0.97902780149944,0.999999999956702
"LRP10",2.05393093482456e-08,-0.0796872626777658,0.000689343214466069,0.979053671033301,0.999999999956702
"FAM110A",2.03676983748335e-08,-0.0824096596688248,0.000677872073928762,0.979228643047375,0.999999999956702
"CCT6A",2.03166589058644e-08,-0.083223169856257,0.0006744789678303,0.979280682329356,0.999999999956702
"RTF1",2.00659480333481e-08,-0.0872450930993504,0.000657935317082567,0.979536305657519,0.999999999956702
"STX7",2.00091868962854e-08,-0.0881616966663056,0.00065421833974583,0.97959417927104,0.999999999956702
"SMOX",1.99663932995193e-08,-0.0888542360388815,0.000651422981982844,0.979637811661795,0.999999999956702
"CCT8",1.98919194298436e-08,-0.0900625355562974,0.000646572480253253,0.97971374543323,0.999999999956702
"AP001189.4",1.986994370713e-08,-0.0904198285713825,0.00064514465938297,0.979736151978384,0.999999999956702
"ZNF280D",1.98432847051896e-08,-0.0908537244235381,0.000643414672090997,0.97976333363744,0.999999999956702
"MRPL21",1.98206490105697e-08,-0.0912225342472562,0.000641947593285966,0.979786413129567,0.999999999956702
"PSMB8-AS1",1.97447661312522e-08,-0.0924615819651217,0.000637041640532392,0.979863783898913,0.999999999956702
"UXS1",1.96278731574764e-08,-0.0943783515623302,0.000629521139618328,0.979982969247436,0.999999999956702
"LGALS12",1.95730890919433e-08,-0.0952800850562712,0.000626011885495847,0.980038827830961,0.999999999956702
"SF3A1",1.95517945122431e-08,-0.095631178990526,0.000624650484812706,0.980060540102499,0.999999999956702
"WDR33",1.9487407613529e-08,-0.0966947744074914,0.000620543129504527,0.98012619003596,0.999999999956702
"EMC3",1.94559306314378e-08,-0.0972158447185267,0.000618540087315429,0.980158284529978,0.999999999956702
"PSMC6",1.94389289640037e-08,-0.0974975941907445,0.000617459530622013,0.980175619747591,0.999999999956702
"TMOD3",1.94012422650479e-08,-0.0981228948509874,0.000615067685429554,0.980214045842991,0.999999999956702
"BRD7",1.93766019133719e-08,-0.0985322983473908,0.000613506356538145,0.980239169652347,0.999999999956702
"GRAP2",1.92844219418646e-08,-0.100067892271883,0.000607682994999403,0.980333158420815,0.999999999956702
"WAPL",1.92261119223577e-08,-0.101042543466954,0.000604013666796676,0.980392612766868,0.999999999956702
"TP53",1.92197942856654e-08,-0.101148296299848,0.000603616778235225,0.980399054392904,0.999999999956702
"POLR2B",1.91900789321535e-08,-0.10164611468991,0.000601751740566005,0.980429352954285,0.999999999956702
"AIMP1",1.91825808176461e-08,-0.101771835317976,0.000601281589089595,0.980436998234869,0.999999999956702
"PGAM1",1.91802690811303e-08,-0.101810604706251,0.000601136674193868,0.980439355344379,0.999999999956702
"VTI1B",1.90992723744711e-08,-0.103171535353537,0.000596070292328029,0.980521941900067,0.999999999956702
"PLEKHO1",1.89949588853403e-08,-0.104931622949705,0.000589577021472251,0.980628303220616,0.999999999956702
"YTHDF2",1.89699443232611e-08,-0.105354938965903,0.000588025209728295,0.980653808907612,0.999999999956702
"RSRC1",1.89590848546046e-08,-0.105538861875976,0.000587352164676141,0.98066488159246,0.999999999956702
"HIST1H1C",1.8913261283528e-08,-0.106315965154023,0.000584516368751379,0.980711604910372,0.999999999956702
"FUS",1.88669793519175e-08,-0.107102498129018,0.000581659172780451,0.980758795655901,0.999999999956702
"FTL",1.87871240577302e-08,-0.108463526299439,0.000576745798389088,0.980840219184672,0.999999999956702
"ASH1L",1.87748985338593e-08,-0.108672336194807,0.000575995420064498,0.980852684816581,0.999999999956702
"RAB32",1.87215649510316e-08,-0.109584644188188,0.000572727624331597,0.980907065920165,0.999999999956702
"RCN2",1.87118229199364e-08,-0.109751531416649,0.000572131725575683,0.980916999303327,0.999999999956702
"TXN2",1.85180883126998e-08,-0.113086053333987,0.000560345817747697,0.981114539840151,0.999999999956702
"CGGBP1",1.85104753934018e-08,-0.113217701151676,0.000559885188059244,0.981122302339494,0.999999999956702
"TWF2",1.85057139522962e-08,-0.113300063086426,0.00055959718708432,0.981127157335184,0.999999999956702
"MORC3",1.83171459976999e-08,-0.11657669927316,0.000548251018308588,0.98131943090396,0.999999999956702
"XRN2",1.82547844961125e-08,-0.117666746895244,0.000544524285277877,0.981383018132348,0.999999999956702
"PDE4D",1.81769554659619e-08,-0.119031691293378,0.00053989103921835,0.981462377072306,0.999999999956702
"ADSS",1.81725239743149e-08,-0.119109561760658,0.00053962782341306,0.98146689568071,0.999999999956702
"CHD3",1.81616674002842e-08,-0.119300403709657,0.000538983250382288,0.981477965681897,0.999999999956702
"IFNGR1",1.81495601386874e-08,-0.119513347369088,0.000538264876242515,0.981490310961866,0.999999999956702
"ATPIF1",1.81419304984787e-08,-0.119647601386198,0.000537812424048848,0.98149809059653,0.999999999956702
"UQCRQ",1.81256425896151e-08,-0.119934373216191,0.000536847156605329,0.981514698722452,0.999999999956702
"LYST",1.8119910272264e-08,-0.120035351909947,0.000536507649562974,0.981520543737931,0.999999999956702
"TCEAL4",1.81111375145475e-08,-0.120189943612261,0.000535988274777017,0.981529488971163,0.999999999956702
"RSF1",1.80917374126629e-08,-0.120532038512917,0.000534840620964736,0.981549270494147,0.999999999956702
"LST1",1.79914845290983e-08,-0.122304942557881,0.000528929552144987,0.981651494607944,0.999999999956702
"PIK3CB",1.79022422218961e-08,-0.123890343064946,0.000523695317652792,0.981742491902574,0.999999999956702
"SIGMAR1",1.78569876350688e-08,-0.124696912899344,0.00052105099409523,0.981788636530696,0.999999999956702
"EIF4E",1.78010795717052e-08,-0.125695806532239,0.000517793406662402,0.981845644245952,0.999999999956702
"KLF6",1.76348076814215e-08,-0.128682676388604,0.000508165630641311,0.982015187073447,0.999999999956702
"GBAS",1.75846816677713e-08,-0.129587912189309,0.000505280868194652,0.982066299336777,0.999999999956702
"SVIP",1.75650300416429e-08,-0.129943414645323,0.000504152153722574,0.982086337636733,0.999999999956702
"HTATSF1",1.74662834383176e-08,-0.131734993648046,0.000498499629657248,0.982187027391419,0.999999999956702
"EIF2A",1.74372047254256e-08,-0.132264245966881,0.000496841158802272,0.982216678374006,0.999999999956702
"SNRPA1",1.74244874475082e-08,-0.132495949286093,0.000496116712067956,0.98222964593595,0.999999999956702
"ZSWIM7",1.73946259426492e-08,-0.133040589138595,0.000494417712644875,0.982260095152454,0.999999999956702
"EIF5A",1.73098562697495e-08,-0.134591114541661,0.000489610537898615,0.98234653333887,0.999999999956702
"CD68",1.73020298113876e-08,-0.134734599915339,0.000489167894106594,0.982354513855144,0.999999999956702
"MAGOH",1.72706136211612e-08,-0.135311130771823,0.000487393091989815,0.98238654846707,0.999999999956702
"CYB5R1",1.72562587079048e-08,-0.135574865735557,0.000486583210180569,0.982401185963507,0.999999999956702
"CAPRIN1",1.72338135335919e-08,-0.135987619612007,0.000485318238160119,0.982424072993445,0.999999999956702
"ZCCHC7",1.72239645978614e-08,-0.136168882838031,0.000484763688546822,0.982434115819859,0.999999999956702
"SERPINE1",1.72022781326931e-08,-0.136568324641303,0.000483543737992864,0.982456229224576,0.999999999956702
"IER2",1.7188407292651e-08,-0.136824039566437,0.000482764253592571,0.982470373145706,0.999999999956702
"DHX15",1.71656882327915e-08,-0.137243261505251,0.00048148889383937,0.982493539497197,0.999999999956702
"RNF10",1.70259987920526e-08,-0.139831480788163,0.000473684342512295,0.982635979459851,0.999999999956702
"RBPJ",1.68584375680113e-08,-0.142960486416502,0.00046440670023599,0.982806840738439,0.999999999956702
"UQCRC2",1.66749015348872e-08,-0.146418856920338,0.000454349850190941,0.982993992348657,0.999999999956702
"SMC1A",1.66681029314316e-08,-0.146547594953928,0.000453979435439047,0.983000924899575,0.999999999956702
"PPP1CA",1.66672497326747e-08,-0.146563754296068,0.000453932960470873,0.983001794908317,0.999999999956702
"CD99",1.66581785004809e-08,-0.14673560516171,0.000453438984463653,0.983011044865979,0.999999999956702
"MT-ND4L",1.64902380533522e-08,-0.149931897133738,0.000444342325235318,0.983182294562061,0.999999999956702
"MT-CO3",1.64855601977331e-08,-0.150021330232332,0.000444090264056101,0.983187064605466,0.999999999956702
"SRP54",1.64641809297244e-08,-0.150430347463159,0.000442939175671744,0.983208865208232,0.999999999956702
"YWHAH",1.63980723347264e-08,-0.15169801950379,0.00043938925131849,0.983276276726389,0.999999999956702
"MFSD10",1.63785013083693e-08,-0.152074154603137,0.000438341058966261,0.983296233497737,0.999999999956702
"ANKRD36C",1.63478231746592e-08,-0.152664540807341,0.000436700506964412,0.983327516318589,0.999999999956702
"RIOK3",1.63282007578506e-08,-0.153042668184287,0.0004356527862389,0.983347525520191,0.999999999956702
"WEE1",1.63143573253144e-08,-0.153309670310936,0.00043491438603636,0.983361641832105,0.999999999956702
"GADD45A",1.62520624470389e-08,-0.154513601913719,0.000431599365745042,0.983425164720783,0.999999999956702
"CTSD",1.62509858623173e-08,-0.154534443449275,0.000431542186799964,0.983426262528997,0.999999999956702
"TAL1",1.61572910875359e-08,-0.15635287056852,0.000426580433740752,0.983521804496529,0.999999999956702
"MTR",1.6127860849546e-08,-0.156925936764072,0.000425027830666863,0.983551815000587,0.999999999956702
"MT-CYB",1.61111892866253e-08,-0.157250967641556,0.000424149572116707,0.983568815281416,0.999999999956702
"LSM12",1.60850548219539e-08,-0.157761074997273,0.00042277463557897,0.983595465061712,0.999999999956702
"KRT10",1.60228754243537e-08,-0.15897761877346,0.000419512344908906,0.983658870577286,0.999999999956702
"CAPN2",1.60197671030376e-08,-0.159038540487477,0.000419349596007938,0.983662040194424,0.999999999956702
"COQ4",1.59724380769074e-08,-0.159967435028568,0.000416875391591795,0.983710302576604,0.999999999956702
"PPDPF",1.59434193107087e-08,-0.160538145842187,0.000415362007054778,0.983739893639321,0.999999999956702
"STON2",1.59429774941951e-08,-0.160546841977286,0.000415338986741812,0.983740344169336,0.999999999956702
"CCDC109B",1.58713539338074e-08,-0.161959352433205,0.000411615562345813,0.983813380357481,0.999999999956702
"LAMTOR4",1.57794240976365e-08,-0.163780439914791,0.000406861063904394,0.98390712351976,0.999999999956702
"ERGIC3",1.57719836769706e-08,-0.163928232723154,0.000406477462609153,0.983914710713277,0.999999999956702
"RP11-1000B6.3",1.57543549866225e-08,-0.16427864135186,0.000405569312961241,0.983932687160354,0.999999999956702
"RAP2B",1.57257455684053e-08,-0.164848039111591,0.000404097647930928,0.983961860966708,0.999999999956702
"DGCR6L",1.57034744120027e-08,-0.165291911096822,0.000402953873974389,0.983984571488957,0.999999999956702
"ACRBP",1.56805720786944e-08,-0.165748931487931,0.00040177937537735,0.98400792565352,0.999999999956702
"ILF3",1.56721515133649e-08,-0.165917110786974,0.000401347975163238,0.984016512348365,0.999999999956702
"BSG",1.56704962124207e-08,-0.165950180399873,0.000401263198469103,0.984018200306994,0.999999999956702
"SRRT",1.56504758261073e-08,-0.166350387508445,0.000400238557968238,0.98403861568424,0.999999999956702
"SRPK1",1.55575457147238e-08,-0.168213882933396,0.000395499559942632,0.984133379390967,0.999999999956702
"SCAF4",1.54955127262627e-08,-0.169463180472706,0.000392351877456679,0.984196636471207,0.999999999956702
"PRPF40A",1.54109866546259e-08,-0.171172460626762,0.000388083091923315,0.984282830648606,0.999999999956702
"TMEM18",1.53738035545823e-08,-0.171926946686763,0.000386212643977194,0.984320747608142,0.999999999956702
"CTSA",1.53711490925929e-08,-0.171980869048176,0.000386079287482228,0.984323454460936,0.999999999956702
"SSU72",1.53632355673112e-08,-0.172141671131893,0.000385681859584359,0.984331524175607,0.999999999956702
"NPTN",1.53479574386989e-08,-0.172452324253517,0.000384915150371181,0.984347103853452,0.999999999956702
"NIPBL",1.52596192933315e-08,-0.17425378850784,0.000380496994261035,0.984437185673452,0.999999999956702
"NFKBIA",1.52396844291818e-08,-0.174661565121382,0.000379503496167065,0.984457514052142,0.999999999956702
"TLK1",1.52271429567889e-08,-0.174918343327621,0.000378879129669498,0.984470303098575,0.999999999956702
"VPS37B",1.52038858811983e-08,-0.175395001337204,0.000377722656469188,0.984494019289364,0.999999999956702
"LYSMD2",1.51056157962546e-08,-0.177416060463431,0.000372855627170917,0.984594229463547,0.999999999956702
"FNBP4",1.50698347942768e-08,-0.178154773801149,0.00037109133667409,0.984630716929523,0.999999999956702
"NOP10",1.49788067630596e-08,-0.180040953651112,0.00036662178640735,0.984723542372853,0.999999999956702
"USP14",1.49257640279594e-08,-0.181144626735568,0.000364029832247605,0.984777632569288,0.999999999956702
"MIR4435-2HG",1.49225928373062e-08,-0.181210718000754,0.000363875162059311,0.984780866385243,0.999999999956702
"RAP1A",1.48769938350363e-08,-0.182162400872939,0.000361654771288301,0.984827365913278,0.999999999956702
"IMMT",1.48144724641308e-08,-0.183471379336732,0.000358621411181941,0.984891122090249,0.999999999956702
"MCTP2",1.47641347677307e-08,-0.184528754837319,0.000356188451620024,0.984942454033531,0.999999999956702
"PPP1R7",1.47473455837163e-08,-0.184882116611396,0.000355378825674572,0.984959574843611,0.999999999956702
"EIF3G",1.46830300310537e-08,-0.186238996415231,0.000352285856128782,0.985025160844473,0.999999999956702
"TOP2A",1.46402659975698e-08,-0.187144050237407,0.000350236793282787,0.985068769667307,0.999999999956702
"HM13",1.46264444038971e-08,-0.187437058587887,0.000349575801798173,0.985082864311542,0.999999999956702
"ZFAND2B",1.46205689639806e-08,-0.187561686526507,0.000349295009141385,0.985088855824301,0.999999999956702
"MCFD2",1.46105276886673e-08,-0.187774779244856,0.000348815388553867,0.985099095472982,0.999999999956702
"MARCH2",1.45427320693071e-08,-0.189216843616866,0.000345585759912196,0.985168230512796,0.999999999956702
"TRIM44",1.45426004243803e-08,-0.189219649462078,0.000345579503260293,0.985168364758706,0.999999999956702
"TTC17",1.4509465612979e-08,-0.189926576481139,0.000344006515444366,0.985202154246635,0.999999999956702
"HNRNPA3",1.44678356063986e-08,-0.190816731461921,0.0003420353265311,0.985244606815151,0.999999999956702
"DDX5",1.44583364685041e-08,-0.191020157810238,0.000341586334130366,0.985254293651146,0.999999999956702
"SPAG9",1.44215139152786e-08,-0.191809817106804,0.000339848642655034,0.985291843819701,0.999999999956702
"UQCC3",1.43336814206646e-08,-0.193700456066139,0.0003357216340645,0.985381412019811,0.999999999956702
"GPSM3",1.42857962465926e-08,-0.19473543787459,0.000333482260192656,0.985430243556426,0.999999999956702
"UVRAG",1.42319014101646e-08,-0.195903910652854,0.000330970804900091,0.98548520359062,0.999999999956702
"UROS",1.42131669231902e-08,-0.196310983192904,0.000330100016531731,0.985504308369171,0.999999999956702
"GABPB1",1.41763908778014e-08,-0.197111424946594,0.000328393983295286,0.985541811325981,0.999999999956702
"RPS26",1.41330117550289e-08,-0.198057899120565,0.000326387316318868,0.985586047916965,0.999999999956702
"CD38",1.41064651706656e-08,-0.198638351333307,0.000325162335943249,0.985613119265301,0.999999999956702
"MCL1",1.41017464588888e-08,-0.198741626935393,0.000324944834152341,0.985617931256723,0.999999999956702
"METAP2",1.40356493706702e-08,-0.200191408188092,0.000321905838623898,0.98568533500922,0.999999999956702
"LUC7L2",1.39450920729968e-08,-0.202187330507214,0.000317765398527965,0.985777682687499,0.999999999956702
"IDH3G",1.39028102194264e-08,-0.203123086798276,0.000315841375182325,0.985820800547984,0.999999999956702
"ZNF185",1.38964743891575e-08,-0.20326351976974,0.000315553568424425,0.985827261655375,0.999999999956702
"PLA2G12A",1.38543732385281e-08,-0.204198097778487,0.000313644444802974,0.985870195287339,0.999999999956702
"IDH2",1.38466484553544e-08,-0.204369842504174,0.000313294784830939,0.985878072819901,0.999999999956702
"RNF24",1.37950621973721e-08,-0.205518888844227,0.000310964748057413,0.985930679176643,0.999999999956702
"PADI4",1.37798119533765e-08,-0.205859289423648,0.000310277593922383,0.985946231000177,0.999999999956702
"LITAF",1.37398800315213e-08,-0.20675215730176,0.000308481919426834,0.985986952616686,0.999999999956702
"AGPAT1",1.37047854575059e-08,-0.207538720278892,0.000306908075183166,0.986022741251992,0.999999999956702
"UBXN11",1.3692232416371e-08,-0.207820490916838,0.000306346101371,0.986035542559989,0.999999999956702
"LEPR",1.36495307664311e-08,-0.208780666969146,0.000304438291873968,0.986079088765614,0.999999999956702
"SRSF7",1.36237959018096e-08,-0.209360589967339,0.000303291396409432,0.986105332635905,0.999999999956702
"ZNF800",1.35821528843717e-08,-0.210301008005737,0.000301440125827214,0.986147799335595,0.999999999956702
"COX5A",1.35780995570977e-08,-0.210392676966073,0.000301260234880987,0.986151932838161,0.999999999956702
"NDUFAB1",1.35105975709712e-08,-0.21192277733198,0.000298272318069372,0.986220770076109,0.999999999956702
"PTMA",1.35097817391335e-08,-0.211941310636669,0.000298236297056221,0.986221602046485,0.999999999956702
"C19orf43",1.34865396765603e-08,-0.212469709567169,0.000297211015631429,0.986245303882782,0.999999999956702
"CCL5",1.34344566753137e-08,-0.213656664723694,0.000294919879129937,0.986298417232312,0.999999999956702
"ZFR",1.34152560605128e-08,-0.214095246011542,0.000294077478638491,0.986317997704622,0.999999999956702
"RBM8A",1.34075749426591e-08,-0.214270850664764,0.000293740817587383,0.986325830785038,0.999999999956702
"FARSA",1.3299927116339e-08,-0.216741090255648,0.000289042932729362,0.986435608444856,0.999999999956702
"CNOT2",1.32871829755049e-08,-0.217034680384501,0.000288489269694349,0.986448604748075,0.999999999956702
"NFATC3",1.32634230938447e-08,-0.217582694676707,0.000287458450384472,0.986472834765058,0.999999999956702
"MEST",1.32226543702497e-08,-0.21852499632729,0.000285694003486743,0.986514410205949,0.999999999956702
"CIR1",1.31396977403372e-08,-0.220450194971251,0.000282120459846527,0.986599008465702,0.999999999956702
"U2AF2",1.3112471429257e-08,-0.221084337958162,0.000280952527115664,0.986626773591499,0.999999999956702
"LGALS8",1.29414913831337e-08,-0.225092992650308,0.000273673337175367,0.98680113773944,0.999999999956702
"GGNBP2",1.2904252986057e-08,-0.225972129984855,0.000272100644528963,0.986839113256867,0.999999999956702
"UBXN2A",1.28797001977854e-08,-0.226552983377005,0.000271066183448822,0.986864152074854,0.999999999956702
"ARRB1",1.28729458363639e-08,-0.226712941676696,0.000270781953401531,0.98687104014313,0.999999999956702
"RAD23A",1.28139654671253e-08,-0.228112824440128,0.000268306337827398,0.986931188107598,0.999999999956702
"EIF4A3",1.27491521235553e-08,-0.229657599987645,0.000265599002333156,0.986997284603569,0.999999999956702
"HNRNPDL",1.2594953678669e-08,-0.233360313725533,0.000259213121649413,0.987154536174409,0.999999999956702
"HNRNPA0",1.25275642632556e-08,-0.234990850473866,0.000256446698009895,0.987223260055891,0.999999999956702
"CST7",1.25124899967327e-08,-0.235356622646651,0.000255829910900938,0.9872386328407,0.999999999956702
"MLH3",1.22769493806568e-08,-0.241122074929946,0.000246288857099763,0.987478838519804,0.999999999956702
"LAMTOR2",1.22429126433903e-08,-0.241963115387728,0.000244925122757282,0.987513549475198,0.999999999956702
"SMIM5",1.21979711122305e-08,-0.243076717841786,0.00024313027092289,0.987559381268745,0.999999999956702
"MED30",1.21868959496852e-08,-0.243351693910676,0.000242688970509569,0.98757067582934,0.999999999956702
"MMD",1.21143111918038e-08,-0.245159215883522,0.000239806684240215,0.987644698546799,0.999999999956702
"CHCHD5",1.21039926313292e-08,-0.245416931833113,0.000239398339778228,0.9876552215345,0.999999999956702
"MSN",1.20655020740605e-08,-0.246379951791338,0.000237878192721724,0.987694474670348,0.999999999956702
"FUNDC2",1.20487310096789e-08,-0.246800390067417,0.000237217350300755,0.987711578013975,0.999999999956702
"NFE2",1.20453509941113e-08,-0.246885185925042,0.000237084276390728,0.987715024997295,0.999999999956702
"HTT",1.20415667356567e-08,-0.246980147641867,0.000236935331417001,0.987718884232979,0.999999999956702
"MYCBP2",1.20357299761012e-08,-0.247126665245327,0.000236705693625893,0.987724836636379,0.999999999956702
"PPM1G",1.19556955822137e-08,-0.249141964279485,0.000233568101057908,0.987806456822232,0.999999999956702
"DHPS",1.19440761592551e-08,-0.249435516556362,0.000233114324405497,0.987818306481685,0.999999999956702
"CRYL1",1.19357938863597e-08,-0.249644910289752,0.000232791143771822,0.987826752867768,0.999999999956702
"CCDC88A",1.19043981289745e-08,-0.250439806880302,0.000231568092830075,0.987858770744277,0.999999999956702
"BZW1",1.18677295318711e-08,-0.25137050573923,0.000230143711798572,0.987896165968623,0.999999999956702
"MRPL34",1.18458704237327e-08,-0.251926504869068,0.000229296691612138,0.987918458250889,0.999999999956702
"YPEL3",1.17757155350443e-08,-0.253716956135575,0.000226588802813398,0.98799000343754,0.999999999956702
"NEK7",1.17620746759307e-08,-0.254066162092251,0.000226064150920411,0.988003914636284,0.999999999956702
"SP100",1.17386008151844e-08,-0.25466791463683,0.000225162727780317,0.988027853719289,0.999999999956702
"ARPC3",1.1729480633466e-08,-0.254901991620472,0.000224812988097775,0.988037154654394,0.999999999956702
"CWC15",1.17273360559695e-08,-0.254957056854938,0.000224730787561388,0.988039341735626,0.999999999956702
"PCF11",1.17122754065257e-08,-0.2553440073592,0.000224153944143594,0.988054700877104,0.999999999956702
"CHD9",1.16392622219268e-08,-0.257226051173873,0.000221367947382384,0.988129161197009,0.999999999956702
"UFD1L",1.15280945435112e-08,-0.260111319666645,0.000217159529515347,0.988242532438458,0.999999999956702
"SUMO1",1.15154979836783e-08,-0.260439771172038,0.000216685215482142,0.988255378702013,0.999999999956702
"MED28",1.14343923078351e-08,-0.262562058539974,0.000213643660340538,0.988338092222069,0.999999999956702
"NUCKS1",1.13983548468699e-08,-0.263509233695158,0.000212299112729529,0.988374844132287,0.999999999956702
"SEP15",1.13508993098071e-08,-0.264760474271905,0.000210535034304655,0.988423240521666,0.999999999956702
"FXR1",1.1321621592699e-08,-0.265534688865136,0.000209450356248545,0.988453098719336,0.999999999956702
"IGBP1",1.13034651365266e-08,-0.26601568619376,0.000208779104899809,0.988471615166274,0.999999999956702
"HIST1H3H",1.12701508487479e-08,-0.266899984384235,0.000207550264449785,0.988505589997551,0.999999999956702
"ADIPOR1",1.12599091526898e-08,-0.26717229597722,0.00020717321521433,0.9885160347664,0.999999999956702
"PSMA1",1.11610675413467e-08,-0.269811429742886,0.000203551967975835,0.988616836314363,0.999999999956702
"PRR13",1.11337508024955e-08,-0.270544372776856,0.000202556799473413,0.98864469475069,0.999999999956702
"SNX17",1.09942046484702e-08,-0.274313048191883,0.000197511081259386,0.988787008353668,0.999999999956702
"PTPN1",1.09653010283384e-08,-0.275098812376469,0.000196473938276157,0.988816485228854,0.999999999956702
"RBBP6",1.09633680292471e-08,-0.275151426199906,0.000196404674246213,0.9888184565663,0.999999999956702
"EIF2AK1",1.09531201199325e-08,-0.275430495749923,0.0001960376708598,0.988828907729818,0.999999999956702
"HMGN3",1.09428630530636e-08,-0.275710041151264,0.00019567068319204,0.988839368234438,0.999999999956702
"CUL5",1.09190909261521e-08,-0.276358798348479,0.000194821461949948,0.988863611862971,0.999999999956702
"TNFAIP8",1.08932725096262e-08,-0.277064787029096,0.000193901232429208,0.988889942379328,0.999999999956702
"RNF19A",1.0877017694657e-08,-0.277510008500939,0.000193322989831943,0.988906519609434,0.999999999956702
"PSMB3",1.08551015287932e-08,-0.278111208004939,0.000192544719472657,0.988928870491217,0.999999999956702
"SUCLG1",1.08507818858447e-08,-0.278229827484896,0.000192391508754047,0.988933275817038,0.999999999956702
"NDFIP1",1.08482902486621e-08,-0.278298267639976,0.000192303162162319,0.988935816877586,0.999999999956702
"FAM63A",1.08366076461381e-08,-0.278619346366834,0.000191889199839133,0.988947731214195,0.999999999956702
"ADSL",1.08010232841011e-08,-0.279599179125732,0.000190631048958409,0.988984021436666,0.999999999956702
"TSC22D4",1.07813810749033e-08,-0.280141234799123,0.000189938334918175,0.989004053283477,0.999999999956702
"LINC00657",1.07806098617681e-08,-0.280162535001247,0.000189911162573805,0.989004839795117,0.999999999956702
"MPC2",1.07127703271237e-08,-0.282041383706667,0.00018752856105661,0.989074025099889,0.999999999956702
"ZRANB2",1.06837393648433e-08,-0.282848559399395,0.000186513556015311,0.989103631990454,0.999999999956702
"FDFT1",1.06564597712106e-08,-0.283608772712756,0.00018556229390801,0.989131452781668,0.999999999956702
"TXN",1.06423780673223e-08,-0.284001853834425,0.000185072204916167,0.989145813856478,0.999999999956702
"FKBP8",1.06362305083511e-08,-0.284173599967564,0.000184858453125241,0.989152083379721,0.999999999956702
"LYPLAL1",1.06355459561975e-08,-0.284192729817086,0.0001848346587594,0.989152781513063,0.999999999956702
"RSBN1L",1.06175124521056e-08,-0.284697061510959,0.000184208383303908,0.989171172796281,0.999999999956702
"SOD2",1.06018727245523e-08,-0.285135048864541,0.000183666100525449,0.989187122815836,0.999999999956702
"CAST",1.05950572877883e-08,-0.285326088807678,0.000183430036128808,0.989194073472134,0.999999999956702
"WIPF1",1.04993470920096e-08,-0.288020192704709,0.000180130983036522,0.989291682662393,0.999999999956702
"FTH1",1.04215473541918e-08,-0.290225856710193,0.000177471346963335,0.989371026149868,0.999999999956702
"UBXN4",1.04195600353122e-08,-0.290282384763783,0.000177403668236095,0.989373052903717,0.999999999956702
"PRPF38A",1.04156211591229e-08,-0.290394451248499,0.000177269566795125,0.989377069940418,0.999999999956702
"RPA1",1.04090034516667e-08,-0.290582816837987,0.000177044377065644,0.989383818965989,0.999999999956702
"PPP3R1",1.03910378966392e-08,-0.291094709487292,0.000176433760376442,0.989402141023349,0.999999999956702
"ETFA",1.03514142018444e-08,-0.292226422096961,0.00017509075145195,0.989442551016942,0.999999999956702
"DAB2",1.03427804941494e-08,-0.292473511431296,0.00017479880062837,0.989451356056881,0.999999999956702
"ANKRD11",1.03140941075141e-08,-0.293295775813776,0.000173830513199139,0.989480611721832,0.999999999956702
"GNPTG",1.03047764102922e-08,-0.293563283640117,0.000173516579961986,0.989490114330818,0.999999999956702
"PTOV1",1.02944888489111e-08,-0.293858879310196,0.000173170299488587,0.989500606052863,0.999999999956702
"PHTF2",1.02345026355189e-08,-0.295587593079192,0.000171158045042234,0.989561782752134,0.999999999956702
"RBM33",1.02307805881198e-08,-0.295695145785143,0.000171033575385523,0.98956557866928,0.999999999956702
"PWP1",1.02274903715885e-08,-0.295790248472823,0.000170923584363006,0.989568934185408,0.999999999956702
"NUDC",1.02229062009825e-08,-0.295922796678019,0.000170770395801028,0.989573609336501,0.999999999956702
"PPP1R15A",1.02081822125396e-08,-0.296348879285801,0.000170278830969651,0.989588625549396,0.999999999956702
"HNRNPL",1.02005457373849e-08,-0.296570073119045,0.000170024163945984,0.989596413585806,0.999999999956702
"PMVK",1.01788077195244e-08,-0.297200510213749,0.000169300271281134,0.989618583043907,0.999999999956702
"TMEM40",1.01248046300785e-08,-0.298771745775211,0.000167508610645576,0.989673657981734,0.999999999956702
"RAB1A",1.00988043512833e-08,-0.299530820838553,0.000166649398321766,0.989700174329249,0.999999999956702
"ZFAND6",1.0079550830822e-08,-0.300094016346669,0.00016601456495358,0.989719810012164,0.999999999956702
"DDAH2",1.00622125684888e-08,-0.300601985241492,0.000165443918801944,0.989737492426388,0.999999999956702
"KIAA0125",1.00377618720721e-08,-0.301319620664144,0.000164640854036515,0.989762428459902,0.999999999956702
"PGLS",1.00276787244551e-08,-0.301616005000981,0.000164310249614117,0.989772711757107,0.999999999956702
"FKBP1A",1.00135578121978e-08,-0.302031509548697,0.000163847814183403,0.98978711297108,0.999999999956702
"SRSF6",9.96287045822762e-09,-0.303527164224118,0.00016219325885884,0.98983880650217,0.999999999956702
"EIF4H",9.93924982884025e-09,-0.30422640055959,0.000161425093629258,0.98986289603108,0.999999999956702
"MTHFD2",9.91560398798553e-09,-0.304927825856929,0.000160657934797409,0.989887011281193,0.999999999956702
"DDX3X",9.88006560406416e-09,-0.305984758086569,0.000159508374637382,0.989923255178498,0.999999999956702
"R3HDM4",9.86242264966845e-09,-0.306510693110134,0.000158939211148533,0.989941248391227,0.999999999956702
"VDAC1",9.85619280046733e-09,-0.306696599030684,0.000158738478606312,0.989947601920291,0.999999999956702
"MRPL13",9.80376250952591e-09,-0.308265223952361,0.000157054143010214,0.990001073123791,0.999999999956702
"C14orf2",9.79284624053996e-09,-0.308592733433817,0.000156704585221421,0.990012206122035,0.999999999956702
"MRPS12",9.78919018461098e-09,-0.308702492949218,0.000156587599052769,0.990015934764948,0.999999999956702
"UBB",9.76350207017459e-09,-0.309474685671658,0.000155766864674608,0.990042132894887,0.999999999956702
"MAP3K8",9.76346010030384e-09,-0.309475948737755,0.000155765525503257,0.990042175698042,0.999999999956702
"DDT",9.75342045917182e-09,-0.309778222786783,0.000155445346810958,0.990052414670573,0.999999999956702
"PCMTD1",9.63464113431172e-09,-0.313375038004227,0.000151682304719122,0.990173552415671,0.999999999956702
"DAP",9.57582018317735e-09,-0.315170459998758,0.000149835871223954,0.99023354136893,0.999999999956702
"CCT2",9.53715500189028e-09,-0.316355865832933,0.000148628301600615,0.990272974351201,0.999999999956702
"SUDS3",9.49852503612977e-09,-0.317544354850253,0.000147426710916651,0.990312371442376,0.999999999956702
"NDUFA2",9.45386378158075e-09,-0.318923630040186,0.000146043594586537,0.99035791962291,0.999999999956702
"JUNB",9.42435864614032e-09,-0.319837936318749,0.000145133424528612,0.990388010716849,0.999999999956702
"SFXN1",9.35434084599828e-09,-0.322017610407216,0.000142984912413672,0.990459419093127,0.999999999956702
"TBPL1",9.33390154936368e-09,-0.32265655518898,0.000142360749100794,0.990480264335234,0.999999999956702
"NCOA4",9.32653842795268e-09,-0.322887027667234,0.000142136232905466,0.990487773697409,0.999999999956702
"PSMB10",9.25358117581518e-09,-0.325179211547197,0.000139921196815413,0.990562180016896,0.999999999956702
"CD48",9.25351898004975e-09,-0.325181172290511,0.000139919315927025,0.99056224344802,0.999999999956702
"HIST1H2BK",9.23277909370154e-09,-0.325835641704147,0.000139292817252457,0.990583395282296,0.999999999956702
"U2SURP",9.19115722087235e-09,-0.327152914528216,0.000138039768770478,0.990625843893411,0.999999999956702
"ATG3",9.18306429024872e-09,-0.327409643824523,0.000137796784255169,0.990634097577589,0.999999999956702
"TRIM22",9.1499833368111e-09,-0.328461100991867,0.000136805777721671,0.990667835643433,0.999999999956702
"MTOR",9.11824432792870e-09,-0.329473003844487,0.000135858333592194,0.990700205124331,0.999999999956702
"CCT3",9.09812054303245e-09,-0.330116171208495,0.000135259322015145,0.990720728661314,0.999999999956702
"MT-ND4",9.07210362912467e-09,-0.330949514418336,0.000134486855081117,0.990747262401394,0.999999999956702
"RB1CC1",9.03239944210829e-09,-0.332225269610459,0.000133312263862387,0.990787755332072,0.999999999956702
"APH1A",9.02190853907539e-09,-0.332563169006095,0.000133002766072185,0.990798454646142,0.999999999956702
"HK1",9.02170641343418e-09,-0.332569682570279,0.000132996806586315,0.990798660787204,0.999999999956702
"CSTB",9.01008039680122e-09,-0.332944547543031,0.000132654249041695,0.990810517766874,0.999999999956702
"DENND4C",8.97885664856706e-09,-0.333953391341393,0.000131736435689641,0.990842361817716,0.999999999956702
"APP",8.9700507613589e-09,-0.334238459951573,0.000131478165091304,0.990851342648598,0.999999999956702
"MRPS5",8.96672132915837e-09,-0.334346305136579,0.000131380581162669,0.990854738225838,0.999999999956702
"ERP29",8.92626000730812e-09,-0.335659685237026,0.000130197576084775,0.990896003396392,0.999999999956702
"AES",8.91210573358809e-09,-0.33612035212072,0.000129784997685141,0.990910438880091,0.999999999956702
"TRIM58",8.86475687080462e-09,-0.337665992537917,0.000128409599327309,0.990958728467822,0.999999999956702
"KIAA0922",8.85841099311702e-09,-0.337873688158733,0.000128225819905428,0.990965200427625,0.999999999956702
"CAMLG",8.84095860418407e-09,-0.338445556299626,0.000127721069688677,0.990982999569786,0.999999999956702
"NONO",8.83480910233013e-09,-0.338647291942757,0.000127543453700971,0.990989271254242,0.999999999956702
"C9orf142",8.82007434198257e-09,-0.339131163847842,0.000127118372631615,0.991004298777374,0.999999999956702
"UQCR10",8.81857456805426e-09,-0.339180453868022,0.0001270751456463,0.991005828350268,0.999999999956702
"BLOC1S6",8.79226061888488e-09,-0.340046443954749,0.00012631791214937,0.991032665135933,0.999999999956702
"DPYD",8.78180472563005e-09,-0.34039116974068,0.000126017652335719,0.991043328781993,0.999999999956702
"APOA1BP",8.76677079926717e-09,-0.34088745446367,0.000125586552238439,0.991058661426946,0.999999999956702
"PKM",8.76567550837624e-09,-0.340923639887459,0.000125555173474904,0.991059778480993,0.999999999956702
"GTF2B",8.76418929168829e-09,-0.340972746694198,0.000125512601427893,0.991061294228464,0.999999999956702
"BAZ1A",8.74802292495647e-09,-0.341507373770768,0.000125049989026393,0.991077781819252,0.999999999956702
"LRRFIP1",8.69211548843526e-09,-0.343362869861305,0.000123456741181334,0.991134800160159,0.999999999956702
"TST",8.68869796346825e-09,-0.3434766279526,0.000123359679987813,0.991138285594263,0.999999999956702
"TXNRD1",8.68576993180981e-09,-0.343574123252861,0.000123276551263864,0.991141271808543,0.999999999956702
"C15orf40",8.68488891111732e-09,-0.343603464358047,0.00012325154399677,0.991142170335932,0.999999999956702
"TPTEP1",8.67683824041674e-09,-0.343871699608525,0.000123023147823726,0.99115038098144,0.999999999956702
"STAU1",8.65283736267664e-09,-0.344672650636977,0.000122343503974593,0.991174858785968,0.999999999956702
"NDUFS4",8.60546978055038e-09,-0.346259050088298,0.000121007698424493,0.991223167644223,0.999999999956702
"PFKL",8.60240420283893e-09,-0.346361980398662,0.000120921499195797,0.991226294141399,0.999999999956702
"RPS27L",8.59111762341035e-09,-0.346741214259557,0.000120604403008971,0.991237805010014,0.999999999956702
"IFRD1",8.5586904636463e-09,-0.34783318582103,0.000119695678986876,0.991270876578986,0.999999999956702
"ITGB2",8.55440552605454e-09,-0.347977747222345,0.000119575856888636,0.991275246670186,0.999999999956702
"HNRNPH3",8.51332554337996e-09,-0.349366858177283,0.000118430159624617,0.99131714303945,0.999999999956702
"TMCO1",8.49839689701291e-09,-0.349873105283499,0.000118015174478692,0.991332368370232,0.999999999956702
"MT-ND6",8.4914325089759e-09,-0.350109538922474,0.000117821828202526,0.991339471166096,0.999999999956702
"TXNIP",8.47470638489826e-09,-0.350678059814345,0.000117358122789957,0.991356529702153,0.999999999956702
"ANAPC5",8.41726122579769e-09,-0.352638047489572,0.000115772508651517,0.991415116546047,0.999999999956702
"UBE2G2",8.41628014662889e-09,-0.352671621677525,0.000115745522349393,0.991416117123923,0.999999999956702
"VPS4B",8.40269401479562e-09,-0.353136910819418,0.000115372135377294,0.991429973278167,0.999999999956702
"JTB",8.3791672247072e-09,-0.353944184171615,0.00011472697656096,0.991453967665926,0.999999999956702
"DNAJB1",8.3612172290724e-09,-0.354561422285621,0.000114235962863005,0.991472274424997,0.999999999956702
"CPSF3L",8.32099564175648e-09,-0.355948679935966,0.000113139543498238,0.991513295448944,0.999999999956702
"PQBP1",8.26812854809759e-09,-0.357780944127111,0.000111706455934152,0.991567213353022,0.999999999956702
"TMEM30A",8.23629097753927e-09,-0.358889268343489,0.000110847829988109,0.991599683760221,0.999999999956702
"EFCAB14",8.20961325517757e-09,-0.359820828958588,0.000110130910578533,0.991626891767433,0.999999999956702
"ZFAND3",8.18746308305569e-09,-0.360596285577648,0.000109537428844526,0.991649482235694,0.999999999956702
"BAX",8.17397764308545e-09,-0.361069288172655,0.00010917689130011,0.991663235739486,0.999999999956702
"SEMA4D",8.17035359441154e-09,-0.361196517078029,0.00010908010252134,0.991666931827488,0.999999999956702
"TSTD1",8.133888745519e-09,-0.362479409503461,0.000108108611316612,0.991704121539501,0.999999999956702
"IPO7",8.1216276889032e-09,-0.362911892162163,0.000107782930257039,0.991716626330449,0.999999999956702
"RBM39",8.10733923189765e-09,-0.363416600909758,0.000107404016790435,0.991731198826514,0.999999999956702
"ELAVL1",8.06045798868075e-09,-0.365078006053942,0.000106165466040769,0.991779012037449,0.999999999956702
"PFDN2",8.0129465904501e-09,-0.366770301392342,0.000104917595532201,0.991827467960579,0.999999999956702
"CENPK",8.00551773188266e-09,-0.367035692875176,0.000104723146045302,0.991835044507319,0.999999999956702
"NUP214",7.99638150461619e-09,-0.367362371615424,0.000104484253686531,0.991844362366823,0.999999999956702
"KLF3",7.9129775800356e-09,-0.370359633040579,0.00010231603539369,0.991929424449574,0.999999999956702
"OSBPL9",7.89410357202824e-09,-0.371041696080996,0.000101828529746462,0.991948673705571,0.999999999956702
"TMED9",7.8729287516408e-09,-0.371808587903946,0.000101282981045304,0.991970269523664,0.999999999956702
"H1F0",7.87160486290025e-09,-0.371856594689084,0.000101248921007782,0.991971619734151,0.999999999956702
"CASP4",7.85933159744649e-09,-0.372301980345162,0.000100933436136925,0.991984137019533,0.999999999956702
"GCC2",7.83079012011777e-09,-0.373340057870859,0.000100201679627462,0.992013245972799,0.999999999956702
"SLC3A2",7.79888421164168e-09,-0.374504387847337,9.93868161049297e-05,0.992045786263099,0.999999999956702
"SMIM3",7.77930895172976e-09,-0.375220783347372,9.88885188958085e-05,0.992065750742398,0.999999999956702
"ATXN7L3B",7.77235188107881e-09,-0.375475767137592,9.87117250989552e-05,0.992072846143279,0.999999999956702
"RNPS1",7.73136239721094e-09,-0.376982098595724,9.76733075024298e-05,0.992114650650229,0.999999999956702
"TOP2B",7.72254945946115e-09,-0.377306870098956,9.74507598761713e-05,0.992123638824724,0.999999999956702
"SNRNP70",7.6437391408836e-09,-0.380225516902008,9.54718960862887e-05,0.992204016254583,0.999999999956702
"WDR43",7.60548599868453e-09,-0.381651580702377,9.45187077394006e-05,0.992243030073601,0.999999999956702
"NBN",7.58359571761582e-09,-0.382470438963568,9.397539900181e-05,0.992265355658748,0.999999999956702
"SF3B5",7.58307880694521e-09,-0.382489799964369,9.39625883951305e-05,0.992265882848634,0.999999999956702
"MIA3",7.57460001048037e-09,-0.382807538329573,9.37525828591128e-05,0.992274530253785,0.999999999956702
"PDAP1",7.56803352037036e-09,-0.383053825712775,9.35901033719771e-05,0.992281227325229,0.999999999956702
"ELOVL5",7.53450268691327e-09,-0.384314348904283,9.27626223023143e-05,0.992315424961881,0.999999999956702
"MTIF3",7.45251501128307e-09,-0.387417088745163,9.07547891194437e-05,0.992399043125869,0.999999999956702
"FGFR1",7.44038992459401e-09,-0.387878456306849,9.04597170499377e-05,0.992411409351185,0.999999999956702
"TMEM126A",7.43397529496334e-09,-0.388122800570368,9.03038070900399e-05,0.99241795155301,0.999999999956702
"NUP98",7.40300797568259e-09,-0.389304973222784,8.95530264730955e-05,0.992449534748041,0.999999999956702
"ENKUR",7.37198311932027e-09,-0.390493643914743,8.88039936653026e-05,0.992481176636311,0.999999999956702
"VPS51",7.35642788982427e-09,-0.391091250264401,8.84296278792455e-05,0.99249704123746,0.999999999956702
"XPO1",7.31270235280376e-09,-0.392776993522427,8.73815263622054e-05,0.99254163642983,0.999999999956702
"AKT1",7.30766940672366e-09,-0.392971587560167,8.72612875917822e-05,0.992546769477459,0.999999999956702
"PHF20L1",7.29880625156508e-09,-0.393314555255836,8.70497450957205e-05,0.992555808914922,0.999999999956702
"SNX1",7.29685132244513e-09,-0.393390251520777,8.70031201311631e-05,0.99255780272642,0.999999999956702
"CIAO1",7.26194111259156e-09,-0.394744965322107,8.61726162873894e-05,0.99259340728741,0.999999999956702
"SPTAN1",7.24908396571427e-09,-0.395245316512764,8.5867752015474e-05,0.992606520161893,0.999999999956702
"SLBP",7.22770265337125e-09,-0.3960790997549,8.53619618694738e-05,0.992628326751222,0.999999999956702
"ABHD14B",7.21650219210504e-09,-0.396516724436177,8.50976033077326e-05,0.992639749993267,0.999999999956702
"NMI",7.21429762540785e-09,-0.396602930580824,8.50456183760219e-05,0.992641998409683,0.999999999956702
"GHITM",7.20640676307507e-09,-0.396911677505153,8.48596775423209e-05,0.992650046224922,0.999999999956702
"PHF14",7.19708577329795e-09,-0.397276758572062,8.46402992373497e-05,0.992659552614465,0.999999999956702
"KCNA3",7.1946415174963e-09,-0.397372562028151,8.45828183573043e-05,0.992662045488072,0.999999999956702
"SMARCA4",7.14792964393983e-09,-0.399208887431224,8.34880603434413e-05,0.992709686504288,0.999999999956702
"STK10",7.14677151781973e-09,-0.39925454724664,8.34610086304956e-05,0.992710867666946,0.999999999956702
"ABTB1",7.12647407263178e-09,-0.400055828069056,8.29876089627551e-05,0.992731568855609,0.999999999956702
"TMEM140",7.11784667811766e-09,-0.400397009713666,8.27867990093298e-05,0.992740367862082,0.999999999956702
"FLII",7.11108503972289e-09,-0.400664657961961,8.26295861488545e-05,0.992747264000335,0.999999999956702
"TSC22D3",7.07102006053194e-09,-0.402255100058155,8.17011127746129e-05,0.992788125947473,0.999999999956702
"TFPI",7.03557372726389e-09,-0.403668716558724,8.08840464525836e-05,0.992824277390889,0.999999999956702
"LYRM2",7.03222398134436e-09,-0.403802624717899,8.08070444864469e-05,0.992827693771822,0.999999999956702
"IARS",7.03208244927157e-09,-0.403808283765788,8.08037918387944e-05,0.992827838119332,0.999999999956702
"SNX5",7.01908181454113e-09,-0.404328524924301,8.05052943373144e-05,0.992841097371203,0.999999999956702
"NEMF",7.00603604946354e-09,-0.404851411405426,8.02063158733391e-05,0.992854402653171,0.999999999956702
"THOC7",6.98980465415937e-09,-0.405503159198222,7.98351067182325e-05,0.992870956939268,0.999999999956702
"PIM1",6.98253003269106e-09,-0.405795686280925,7.96690168223252e-05,0.992878376275618,0.999999999956702
"USP8",6.93677153872152e-09,-0.407641800821414,7.86282510539172e-05,0.99292504506267,0.999999999956702
"CYFIP2",6.9244512734975e-09,-0.408140660189113,7.83491988641525e-05,0.992937610424286,0.999999999956702
"LIMD2",6.91872617052752e-09,-0.408372736694273,7.82196949422028e-05,0.992943449421673,0.999999999956702
"SENCR",6.88460397135195e-09,-0.409759395354746,7.74500600971705e-05,0.99297825045105,0.999999999956702
"FOPNL",6.87309183187765e-09,-0.410228568590304,7.7191259318822e-05,0.992989991617114,0.999999999956702
"ATF7IP",6.86679341573167e-09,-0.410485546394984,7.70498499153043e-05,0.99299641533683,0.999999999956702
"TRAPPC1",6.83447552538798e-09,-0.41180734793156,7.63263014491831e-05,0.993029376181187,0.999999999956702
"AP003068.23",6.82175066670581e-09,-0.412329279942887,7.60423477685404e-05,0.993042354200099,0.999999999956702
"LAPTM4B",6.73754316402293e-09,-0.415804600191544,7.41766053186548e-05,0.993128237051768,0.999999999956702
"GMPS",6.73294498295995e-09,-0.415995452127258,7.40753930322852e-05,0.993132926718169,0.999999999956702
"ARID4B",6.71605792151778e-09,-0.416697335595714,7.37042784633294e-05,0.993150149766351,0.999999999956702
"SRI",6.70913591304913e-09,-0.416985479347318,7.35524278591869e-05,0.993157209496747,0.999999999956702
"RBM25",6.70707163343571e-09,-0.417071459332556,7.35071733223235e-05,0.993159314847863,0.999999999956702
"UBE3A",6.69329100334741e-09,-0.417646028630351,7.32054218071727e-05,0.993173369662557,0.999999999956702
"MOB1B",6.6794219499092e-09,-0.418225319749691,7.29023607198523e-05,0.993187514662045,0.999999999956702
"ATP6AP1",6.66439732865656e-09,-0.418854053789683,7.25747579859124e-05,0.993202838223554,0.999999999956702
"SAT1",6.64593197123551e-09,-0.419628455315664,7.21731425914596e-05,0.993221670983932,0.999999999956702
"DHX36",6.62575516172571e-09,-0.420476764793639,7.17355777067388e-05,0.993242249253269,0.999999999956702
"CCS",6.61667969699878e-09,-0.420859061215956,7.15391962164534e-05,0.993251505294815,0.999999999956702
"CCT5",6.61431108324666e-09,-0.420958911813872,7.14879867269727e-05,0.993253921037624,0.999999999956702
"MOB1A",6.61058219630175e-09,-0.421116168450745,7.14074052496021e-05,0.993257724119538,0.999999999956702
"SSB",6.60411193278494e-09,-0.421389218256783,7.12676902875933e-05,0.993264323124515,0.999999999956702
"USP16",6.59794652220864e-09,-0.421649618652735,7.11346854346178e-05,0.993270611211198,0.999999999956702
"CNOT1",6.5804212050648e-09,-0.422390964920059,7.07572946068466e-05,0.993288485240194,0.999999999956702
"INSIG1",6.57486523105600e-09,-0.422626347562505,7.0637861605281e-05,0.993294151765487,0.999999999956702
"NAP1L1",6.53942393030967e-09,-0.424131908859166,6.98783782837316e-05,0.993330298275701,0.999999999956702
"ASAH1",6.53609944757005e-09,-0.424273496467613,6.98073474361415e-05,0.993333688909558,0.999999999956702
"GID8",6.53414813365198e-09,-0.424356630732126,6.97656725147364e-05,0.993335679051105,0.999999999956702
"YPEL5",6.49327917227884e-09,-0.42610278117966,6.88956788455621e-05,0.993377361240633,0.999999999956702
"STK26",6.48099941860783e-09,-0.426629300073182,6.86353413592759e-05,0.993389885345656,0.999999999956702
"HSPA4",6.45979579111564e-09,-0.427540484737968,6.81869729938921e-05,0.993411510901978,0.999999999956702
"CMPK1",6.45596478992481e-09,-0.427705390713881,6.81061200000095e-05,0.993415418136389,0.999999999956702
"FUBP1",6.42672352595701e-09,-0.428966884078013,6.74905655520042e-05,0.993445241278439,0.999999999956702
"H3F3B",6.41844393926405e-09,-0.429324975362046,6.73167805626994e-05,0.99345368562404,0.999999999956702
"TDP1",6.37826742711352e-09,-0.431068305576391,6.64766738806775e-05,0.99349466163556,0.999999999956702
"VIM-AS1",6.36898306592687e-09,-0.431472522621042,6.62832846078243e-05,0.993504130754924,0.999999999956702
"TIAL1",6.353490067819e-09,-0.432148185114688,6.59611993528784e-05,0.993519932064711,0.999999999956702
"STK38",6.33478424256316e-09,-0.432965865312403,6.55733676874678e-05,0.993539010140504,0.999999999956702
"STX10",6.30487267407435e-09,-0.434277732380414,6.49555813410041e-05,0.993569516964256,0.999999999956702
"RAB4A",6.29925166175765e-09,-0.434524861067649,6.48398126697593e-05,0.993575249838597,0.999999999956702
"CXCR4",6.28716342809722e-09,-0.435056969667866,6.45911968674305e-05,0.993587578637572,0.999999999956702
"C20orf27",6.27759249707284e-09,-0.435478898536078,6.43946925593686e-05,0.993597340038704,0.999999999956702
"C17orf62",6.27030306536989e-09,-0.435800622667199,6.42452313818002e-05,0.993604774537276,0.999999999956702
"ATRX",6.16812658813045e-09,-0.440344678484697,6.21685000620366e-05,0.993708984485171,0.999999999956702
"SS18L2",6.15963881493287e-09,-0.440725077387101,6.19975213818278e-05,0.993717641183095,0.999999999956702
"SMDT1",6.13794925374144e-09,-0.441699210279147,6.15616739009498e-05,0.993739762416012,0.999999999956702
"C14orf166",6.12524689252282e-09,-0.442271090118057,6.13071362883398e-05,0.993752717585418,0.999999999956702
"IRF2BP2",6.11602844559691e-09,-0.442686762158126,6.11227416626455e-05,0.993762119503112,0.999999999956702
"NFKBIZ",6.10962690644714e-09,-0.442975735355287,6.09948564330618e-05,0.99376864844984,0.999999999956702
"MACF1",6.10066411863021e-09,-0.443380767210726,6.08160294855654e-05,0.993777789621567,0.999999999956702
"PHKB",6.08338931427581e-09,-0.444162878014923,6.04721005105526e-05,0.993795408243921,0.999999999956702
"CD96",6.04574298103764e-09,-0.445873986732777,5.97259675108228e-05,0.993833803857301,0.999999999956702
"NDUFA10",5.99640644619049e-09,-0.448130463450541,5.87551524873327e-05,0.993884122365583,0.999999999956702
"APRT",5.97973151760355e-09,-0.448896750478019,5.84288318007629e-05,0.993901129190377,0.999999999956702
"HPCAL1",5.94692999072283e-09,-0.450409541527017,5.77895728952811e-05,0.993934583603835,0.999999999956702
"TFG",5.92895281556989e-09,-0.451241707896154,5.7440712887573e-05,0.993952918603942,0.999999999956702
"ABI1",5.86981642941175e-09,-0.453994642314023,5.63005803980475e-05,0.994013232087092,0.999999999956702
"TACC3",5.86799498413484e-09,-0.454079815346854,5.62656448879722e-05,0.994015089788388,0.999999999956702
"RNPC3",5.8487346130217e-09,-0.454981857737214,5.58968924577239e-05,0.994034733540773,0.999999999956702
"TSPYL1",5.82759317556447e-09,-0.455974964150826,5.5493521502001e-05,0.994056295806639,0.999999999956702
"MED10",5.8257946977359e-09,-0.45605959047891,5.54592746132425e-05,0.994058130084058,0.999999999956702
"MTHFD2L",5.82267690984656e-09,-0.456206349787104,5.53999302677726e-05,0.994061309933131,0.999999999956702
"AFF1",5.80458892409376e-09,-0.457059125394558,5.50562681657754e-05,0.994079757971476,0.999999999956702
"ZNF326",5.80200979251673e-09,-0.457180908425775,5.5007353138367e-05,0.994082388442527,0.999999999956702
"NDUFA8",5.782466108072e-09,-0.458105260644822,5.46374000430928e-05,0.994102321160194,0.999999999956702
"C11orf58",5.75811544791082e-09,-0.459260759510214,5.41781996330883e-05,0.994127156545558,0.999999999956702
"CUEDC2",5.74030260958691e-09,-0.460108705225558,5.38435155538185e-05,0.99414532397055,0.999999999956702
"MRPL36",5.73250236002492e-09,-0.460480738489224,5.3697283714812e-05,0.994153279494723,0.999999999956702
"ACIN1",5.69817914744371e-09,-0.462123011720402,5.30561865041271e-05,0.994188285964579,0.999999999956702
"ATXN10",5.69711149075145e-09,-0.462174233437613,5.30363062987789e-05,0.994189374874829,0.999999999956702
"CFDP1",5.67690375526388e-09,-0.463145287168262,5.26607324994325e-05,0.994209984882365,0.999999999956702
"PRKCSH",5.67113311744685e-09,-0.463423136242906,5.25537264356635e-05,0.994215870396025,0.999999999956702
"SEPT9",5.66748354770261e-09,-0.463598984907429,5.24861079292718e-05,0.994219592617762,0.999999999956702
"CCDC12",5.66347687239392e-09,-0.463792153075517,5.24119231676997e-05,0.994223679054109,0.999999999956702
"G3BP1",5.59358404794203e-09,-0.467180977218248,5.112627705631e-05,0.994294963261976,0.999999999956702
"ISCU",5.57881937457729e-09,-0.467901544671596,5.08567301908561e-05,0.994310021867233,0.999999999956702
"SYNCRIP",5.57706614107477e-09,-0.467987218214942,5.08247701266748e-05,0.99431181000386,0.999999999956702
"UBE2K",5.56062971954475e-09,-0.468791536838995,5.05256356585284e-05,0.994328573640732,0.999999999956702
"SEPT2",5.5559664811274e-09,-0.469020107930086,5.0440927881684e-05,0.99433332971509,0.999999999956702
"XRCC5",5.5531200740605e-09,-0.469159707728676,5.03892577947154e-05,0.994336232788643,0.999999999956702
"ADD3",5.53714840214073e-09,-0.469944176983431,5.00998193116475e-05,0.994352522427203,0.999999999956702
"MPST",5.52318720698392e-09,-0.470631505562753,4.98474975337424e-05,0.994366761566031,0.999999999956702
"SEC14L1",5.52204612739063e-09,-0.470687748937516,4.98269028718429e-05,0.994367925362659,0.999999999956702
"IKBKG",5.48395120680231e-09,-0.472571233625325,4.91417928682632e-05,0.994406778697892,0.999999999956702
"SF3B2",5.47778216779342e-09,-0.472877307728215,4.90312932993214e-05,0.994413070554775,0.999999999956702
"HERC1",5.47580776654841e-09,-0.472975329808513,4.89959541795736e-05,0.99441508426396,0.999999999956702
"ARF6",5.4399705370031e-09,-0.474759862535215,4.8356730333056e-05,0.99445163497556,0.999999999956702
"IDS",5.43984620471686e-09,-0.474766071420601,4.83545199408893e-05,0.994451761783193,0.999999999956702
"WTAP",5.43232955399429e-09,-0.47514166515493,4.8220982002285e-05,0.994459428084121,0.999999999956702
"SYF2",5.42626697636503e-09,-0.475444929411241,4.81134110923953e-05,0.994465611362953,0.999999999956702
"HCLS1",5.38538572723008e-09,-0.477497598431838,4.73911735211312e-05,0.994507306534605,0.999999999956702
"PARK7",5.37813165184633e-09,-0.477863237970143,4.72635883754632e-05,0.994514705036092,0.999999999956702
"TRA2B",5.37344431520935e-09,-0.47809972897442,4.71812386594499e-05,0.994519485696212,0.999999999956702
"SHFM1",5.36037787737585e-09,-0.478759916474146,4.69520593342162e-05,0.994532812283988,0.999999999956702
"BTN3A2",5.32564003224919e-09,-0.480521862123923,4.63454869901027e-05,0.994568241759484,0.999999999956702
"RNF115",5.2887459570358e-09,-0.482404104953957,4.57055822335525e-05,0.994605870407326,0.999999999956702
"LYAR",5.2882936517515e-09,-0.482427250886993,4.56977648823168e-05,0.994606331718225,0.999999999956702
"TAOK3",5.28693869267933e-09,-0.48249659881152,4.56743506497365e-05,0.994607713655193,0.999999999956702
"SNRPB2",5.28535566654391e-09,-0.482577638891638,4.56470029272306e-05,0.99460932820017,0.999999999956702
"CTDSP1",5.28240521088657e-09,-0.482728738089538,4.55960538992682e-05,0.994612337400934,0.999999999956702
"MAP4K5",5.25348880529256e-09,-0.484213490033631,4.50982256534557e-05,0.99464182955125,0.999999999956702
"KIAA1033",5.24058187414163e-09,-0.484878499133655,4.48769004809719e-05,0.994654993470285,0.999999999956702
"UBE2A",5.2349991819673e-09,-0.485166577912809,4.47813383916364e-05,0.994660687319019,0.999999999956702
"HNRNPH1",5.19964391721809e-09,-0.48699718615449,4.41785074629787e-05,0.994696746546064,0.999999999956702
"UBE2D3",5.17367138287454e-09,-0.488348859263909,4.37382611364679e-05,0.994723236229103,0.999999999956702
"PTPRC",5.1401107235611e-09,-0.49010416460872,4.31726574007804e-05,0.994757465135671,0.999999999956702
"BAZ1B",5.13550807269582e-09,-0.490345667883976,4.30953751343195e-05,0.994762159433547,0.999999999956702
"SLC25A36",5.11842536203161e-09,-0.491243647549765,4.28091477960199e-05,0.994779582293118,0.999999999956702
"HTATIP2",5.10467191734417e-09,-0.491968506728171,4.25793965837524e-05,0.994793609596572,0.999999999956702
"PNMA1",5.1008612519522e-09,-0.492169642539603,4.25158488090207e-05,0.994797496140267,0.999999999956702
"BCLAF1",5.08074459937598e-09,-0.493233607733714,4.21811641321152e-05,0.994818013359435,0.999999999956702
"HMGB1",5.01554073420113e-09,-0.496707480570157,4.11054452558223e-05,0.994884515599791,0.999999999956702
"TOLLIP",5.00205345649574e-09,-0.497430920672713,4.08846694048603e-05,0.99489827144803,0.999999999956702
"NDUFA5",4.9973946736718e-09,-0.49768120424426,4.08085470297072e-05,0.994903023000986,0.999999999956702
"NFE2L2",4.99167988890555e-09,-0.497988495414833,4.07152669375943e-05,0.994908851584252,0.999999999956702
"PITHD1",4.9812427179506e-09,-0.498550502286965,4.0545180737437e-05,0.994919496591274,0.999999999956702
"UBR2",4.96495491524301e-09,-0.499429586667952,4.02804627711642e-05,0.994936108735868,0.999999999956702
"MBNL1",4.95671787721351e-09,-0.499875106734251,4.0146920178254e-05,0.994944509800324,0.999999999956702
"PACSIN2",4.9305197178662e-09,-0.501296371909556,3.97236578827428e-05,0.994971229654617,0.999999999956702
"PPA2",4.929101062233e-09,-0.501373521268585,3.97008018404303e-05,0.994972676560697,0.999999999956702
"MMADHC",4.88875011820586e-09,-0.503575978392431,3.9053459553978e-05,0.995013831041504,0.999999999956702
"EIF1AX",4.8490364449256e-09,-0.505759075115465,3.84215365826815e-05,0.995054335574097,0.999999999956702
"SMIM19",4.84152791842585e-09,-0.506173564833338,3.83026404793828e-05,0.99506199362706,0.999999999956702
"HRAT92",4.83303576067501e-09,-0.506643024767802,3.81683907949267e-05,0.995070654900074,0.999999999956702
"FOSB",4.82162930232646e-09,-0.507274717105411,3.79884407895677e-05,0.995082288510817,0.999999999956702
"HIST1H2BC",4.81493465527814e-09,-0.507646071059452,3.78830230434718e-05,0.995089116478008,0.999999999956702
"UPF2",4.81361076446393e-09,-0.507719560596874,3.78621936470616e-05,0.995090466733408,0.999999999956702
"SND1",4.80630502121977e-09,-0.50812541942297,3.77473519746727e-05,0.995097917966922,0.999999999956702
"PDCD2",4.78675356523448e-09,-0.509214202655242,3.74408734598704e-05,0.9951178587826,0.999999999956702
"NDUFA6",4.77504627016733e-09,-0.509868004126757,3.72579539431208e-05,0.995129799225387,0.999999999956702
"PPM1A",4.7349900959349e-09,-0.512115515764882,3.66354881674194e-05,0.995170653116086,0.999999999956702
"NSMCE1",4.73103259181936e-09,-0.512338459980004,3.6574273886925e-05,0.995174689434363,0.999999999956702
"MARCH7",4.72945381548391e-09,-0.512427444695954,3.65498678138583e-05,0.995176299652251,0.999999999956702
"HIST1H2BJ",4.72590767798823e-09,-0.5126274097742,3.64950782881509e-05,0.995179916411642,0.999999999956702
"MDM2",4.71894762748078e-09,-0.513020261883749,3.63876616556551e-05,0.995187015072958,0.999999999956702
"SELPLG",4.70452043874848e-09,-0.513836188511764,3.61655065446205e-05,0.995201729583274,0.999999999956702
"SNRPD3",4.66645114235327e-09,-0.515999637270673,3.55825672864082e-05,0.995240557048399,0.999999999956702
"AMD1",4.62854544544066e-09,-0.518169026272308,3.50068390186951e-05,0.995279217667077,0.999999999956702
"GATA2",4.62142934976634e-09,-0.518578003088575,3.48992801660629e-05,0.995286475486631,0.999999999956702
"JMJD1C",4.58538259649278e-09,-0.520658100156984,3.43569805967346e-05,0.995323240151598,0.999999999956702
"GRHPR",4.56417327594604e-09,-0.521888620773811,3.4039884714478e-05,0.995344871884297,0.999999999956702
"HSD17B12",4.5560837207482e-09,-0.522359264573642,3.39193268484403e-05,0.995353122554772,0.999999999956702
"ATP6V1G1",4.54740580619896e-09,-0.522864943744065,3.37902384837083e-05,0.995361973303185,0.999999999956702
"PRDX6",4.52746477952595e-09,-0.524030120204601,3.3494538168271e-05,0.995382311487886,0.999999999956702
"NAE1",4.51640037632554e-09,-0.524678543758175,3.33310275709713e-05,0.995393596257995,0.999999999956702
"HIST1H2AE",4.51262118953145e-09,-0.524900336173531,3.32752701237849e-05,0.995397450714103,0.999999999956702
"ANKRD12",4.48752485234311e-09,-0.526377280404963,3.2906187388572e-05,0.995423046892788,0.999999999956702
"TRIP12",4.48588584326907e-09,-0.526473986293023,3.28821546791207e-05,0.995424718546022,0.999999999956702
"MINK1",4.45669838982814e-09,-0.528201267499366,3.24556507094093e-05,0.995454487329634,0.999999999956702
"PNKD",4.45173934979391e-09,-0.528495710934184,3.23834630440415e-05,0.99545954514012,0.999999999956702
"HNRNPA2B1",4.41850048942275e-09,-0.530476635140627,3.19016868672859e-05,0.995493446031965,0.999999999956702
"RNF130",4.39357200693239e-09,-0.531970773821788,3.15427337442257e-05,0.995518871030201,0.999999999956702
"RAC2",4.366089529082e-09,-0.53362652243017,3.11493584819811e-05,0.995546900898549,0.999999999956702
"ID2",4.34648073530747e-09,-0.534813427137643,3.08701934578857e-05,0.995566900259718,0.999999999956702
"CNPY3",4.34485549290015e-09,-0.534912009705333,3.08471117186692e-05,0.995568557873782,0.999999999956702
"POLR1D",4.3063560149146e-09,-0.537256666037317,3.03028652699578e-05,0.995607824191813,0.999999999956702
"PUM3",4.26358888692005e-09,-0.539882602021711,2.97039685298378e-05,0.995651443176198,0.999999999956702
"KIF22",4.25605845972246e-09,-0.540347335919093,2.95991338276884e-05,0.995659123599445,0.999999999956702
"RB1",4.25228300715714e-09,-0.540580602775931,2.95466436839079e-05,0.995662974254133,0.999999999956702
"DHFR",4.22833257289661e-09,-0.542064574805869,2.92147457088745e-05,0.995687401752356,0.999999999956702
"KIAA1109",4.20521457747151e-09,-0.543503888067786,2.88961614719189e-05,0.995710980234394,0.999999999956702
"HBS1L",4.19402284844251e-09,-0.544203141513073,2.8742558054729e-05,0.995722394892463,0.999999999956702
"YY1",4.17645561352277e-09,-0.545303998533891,2.8502278108963e-05,0.995740312052454,0.999999999956702
"UGP2",4.17232008004673e-09,-0.545563736130203,2.84458600465793e-05,0.995744529962715,0.999999999956702
"DNAJC10",4.15574433748111e-09,-0.546607039784712,2.82202902738533e-05,0.995761435883073,0.999999999956702
"LEPROTL1",4.13689135918551e-09,-0.547798065080052,2.79648223448107e-05,0.995780664402499,0.999999999956702
"LUC7L3",4.13232576210158e-09,-0.548087200621859,2.79031307765858e-05,0.995785320944176,0.999999999956702
"LENG8",4.13196066871547e-09,-0.548110333630345,2.78982004787052e-05,0.99578569331006,0.999999999956702
"ATP5S",4.11836193946185e-09,-0.548973238091449,2.77148706675477e-05,0.995799562920628,0.999999999956702
"MED13L",4.09289435259684e-09,-0.550595936535752,2.73731578756217e-05,0.995825537815173,0.999999999956702
"NDUFV2",4.08609244099575e-09,-0.551030807769913,2.72822515041141e-05,0.995832475219827,0.999999999956702
"PSMG2",4.06051797160939e-09,-0.552671506741598,2.69418061493369e-05,0.995858559131599,0.999999999956702
"SPG7",4.04835961391928e-09,-0.553454651530399,2.67807046831047e-05,0.995870959684832,0.999999999956702
"DNAJC9",4.04178683025059e-09,-0.55387886645271,2.66938147316485e-05,0.995877663399339,0.999999999956702
"KMT2A",4.0138338501949e-09,-0.555689682297301,2.63258629113143e-05,0.9959061732102,0.999999999956702
"UBR5",4.00301884590965e-09,-0.556393217367394,2.6184187516141e-05,0.995917203653655,0.999999999956702
"RTFDC1",3.98915519187821e-09,-0.557297483521582,2.6003134202569e-05,0.995931343478307,0.999999999956702
"GLA",3.9614065315909e-09,-0.559115612452611,2.564263553269e-05,0.995959644909017,0.999999999956702
"HBP1",3.95013178272675e-09,-0.559857500881016,2.54968777860159e-05,0.995971144259285,0.999999999956702
"PPIP5K2",3.94453811266035e-09,-0.56022625001691,2.54247180966558e-05,0.995976849359741,0.999999999956702
"EIF3J",3.94311256429619e-09,-0.560320298231564,2.54063445304883e-05,0.995978303306203,0.999999999956702
"EIF1B",3.9256487611456e-09,-0.561474839927348,2.51817966123293e-05,0.995996115003789,0.999999999956702
"DUSP1",3.86156630300278e-09,-0.56574982550329,2.43663694676187e-05,0.996061474058315,0.999999999956702
"TMEM179B",3.84627235601298e-09,-0.566779169010355,2.4173742969691e-05,0.996077072682269,0.999999999956702
"NDUFB2",3.83611207652846e-09,-0.567464957249126,2.40461973573072e-05,0.996087435369659,0.999999999956702
"SMPD1",3.81674924957906e-09,-0.568776255797326,2.38040629869373e-05,0.996107183934799,0.999999999956702
"PDZK1IP1",3.80947639597346e-09,-0.569270279865428,2.37134316618115e-05,0.996114601675787,0.999999999956702
"RAB31",3.80344801143356e-09,-0.569680390110057,2.36384394266766e-05,0.996120750156064,0.999999999956702
"ORMDL1",3.77575132413812e-09,-0.571571856110335,2.32954229434377e-05,0.996148998611724,0.999999999956702
"TUBA1B",3.77037017671089e-09,-0.571940739281743,2.32290696449233e-05,0.996154486961952,0.999999999956702
"HIST1H1D",3.76206600150425e-09,-0.572510894533856,2.31268590779817e-05,0.996162956572649,0.999999999956702
"DOCK10",3.75079256673637e-09,-0.57328666214886,2.29884625157462e-05,0.996174454597085,0.999999999956702
"HLTF",3.73012837446888e-09,-0.574713900255119,2.27358601973856e-05,0.996195530464003,0.999999999956702
"ITFG1",3.72950030787388e-09,-0.574757386771506,2.27282044650961e-05,0.996196171043061,0.999999999956702
"ANKRD10",3.70405990094524e-09,-0.576524200488823,2.24191857729581e-05,0.996222118280736,0.999999999956702
"NUDT21",3.70295105087013e-09,-0.576601447844307,2.24057649344665e-05,0.996223249221716,0.999999999956702
"CHCHD10",3.69949056658342e-09,-0.576842649199384,2.23639072012763e-05,0.996226778647051,0.999999999956702
"UBE2E3",3.69778682188307e-09,-0.576961474738258,2.23433132227558e-05,0.99622851633441,0.999999999956702
"BDP1",3.6778430148433e-09,-0.578355967467272,2.21029483447115e-05,0.996248857470994,0.999999999956702
"CHCHD3",3.67226463684182e-09,-0.578747185466586,2.20359497840991e-05,0.996254546984402,0.999999999956702
"ATP5D",3.67088039866323e-09,-0.578844343347373,2.20193402763177e-05,0.996255958800137,0.999999999956702
"JPX",3.66372915774611e-09,-0.579346785514803,2.19336321024093e-05,0.996263252512209,0.999999999956702
"CHD1",3.59768772496184e-09,-0.584027391793445,2.11500189974424e-05,0.996330609675268,0.999999999956702
"NDUFV1",3.59702297182899e-09,-0.584074882296008,2.11422038430677e-05,0.996331287672279,0.999999999956702
"TNRC6B",3.58914360948305e-09,-0.584638369968731,2.10496803147301e-05,0.996339324015374,0.999999999956702
"EHD1",3.58376968683785e-09,-0.585023297386581,2.09866933290752e-05,0.996344805003038,0.999999999956702
"IRF1",3.55836872772873e-09,-0.586849528813362,2.06902496388073e-05,0.99637071202948,0.999999999956702
"DERA",3.5529093934395e-09,-0.587243507130283,2.06268113900923e-05,0.996376280131452,0.999999999956702
"ACAP2",3.52784276979809e-09,-0.589059221543932,2.03367839648178e-05,0.996401846165966,0.999999999956702
"GLOD4",3.51939240982812e-09,-0.589673846005563,2.02394738897737e-05,0.996410464886168,0.999999999956702
"ARL5A",3.51508310916104e-09,-0.589987768745942,2.01899400092639e-05,0.996414860043085,0.999999999956702
"MLF2",3.50346260302123e-09,-0.590835960066548,2.00566689006721e-05,0.996426712070647,0.999999999956702
"COMT",3.487983464019e-09,-0.591969588138908,1.98798300657257e-05,0.996442499609857,0.999999999956702
"PUM1",3.47720085913686e-09,-0.592761838342264,1.97571087117748e-05,0.996453497043892,0.999999999956702
"LNPEP",3.46072715440287e-09,-0.593976358542284,1.95703482667853e-05,0.996470298966723,0.999999999956702
"UIMC1",3.45089557863635e-09,-0.594703576588769,1.94593114538474e-05,0.996480326425167,0.999999999956702
"POLR2I",3.44308035839256e-09,-0.595282930562063,1.93712725112515e-05,0.996488297354953,0.999999999956702
"GNAI3",3.44072508972567e-09,-0.595457753437105,1.93447794053677e-05,0.996490699549789,0.999999999956702
"PCIF1",3.41497308020882e-09,-0.597376020721239,1.9056292140495e-05,0.996516964642182,0.999999999956702
"FAM208A",3.40445540323202e-09,-0.598163086728773,1.89390910532129e-05,0.996527691874376,0.999999999956702
"GPBP1",3.39606516690574e-09,-0.598792461746484,1.88458557934165e-05,0.996536249279035,0.999999999956702
"ATP5I",3.38075947975483e-09,-0.599944060356638,1.86763662486123e-05,0.99655185992003,0.999999999956702
"CPSF6",3.37149544997526e-09,-0.600643280124869,1.85741517256632e-05,0.996561308528998,0.999999999956702
"BCCIP",3.36555362627689e-09,-0.601092626429369,1.85087403465766e-05,0.996567368739551,0.999999999956702
"ZFAND5",3.36204961020454e-09,-0.601357937303135,1.84702199904693e-05,0.996570942570888,0.999999999956702
"SPARC",3.3499828649331e-09,-0.602273421371912,1.83378748415426e-05,0.996583249738816,0.999999999956702
"CYC1",3.34126955168258e-09,-0.602936263037815,1.82426051906479e-05,0.996592136660109,0.999999999956702
"RNF213",3.32868805219059e-09,-0.60389601221263,1.81054793475321e-05,0.996604968839904,0.999999999956702
"NEDD8",3.32228555856902e-09,-0.604385617388957,1.8035897138508e-05,0.996611498900456,0.999999999956702
"UBE2I",3.32068091998187e-09,-0.604508453756695,1.80184789444197e-05,0.996613135510812,0.999999999956702
"A1BG",3.30812528147843e-09,-0.605471376360706,1.78824792418895e-05,0.996625941315782,0.999999999956702
"MEF2A",3.27130223235082e-09,-0.608313789633099,1.74865918351412e-05,0.99666349805558,0.999999999956702
"GLUL",3.26083767026596e-09,-0.609126615671597,1.73748951281278e-05,0.996674171122978,0.999999999956702
"SRSF8",3.24709746954487e-09,-0.610197310855728,1.72287783370156e-05,0.996688185096675,0.999999999956702
"PSMA3",3.2422610305007e-09,-0.610575120432769,1.71774932237922e-05,0.996693117901827,0.999999999956702
"RAB11B",3.21884462914824e-09,-0.612411276610878,1.69302691096386e-05,0.996717000877046,0.999999999956702
"NUP50",3.21210113596772e-09,-0.612942200682633,1.6859405445813e-05,0.996723878735471,0.999999999956702
"EML4",3.20063819313229e-09,-0.613846911893052,1.67392887031871e-05,0.996735570079944,0.999999999956702
"CTD-2336O2.1",3.19740556540744e-09,-0.614102553728292,1.67054925918298e-05,0.996738867118608,0.999999999956702
"RP6-159A1.4",3.19624098134168e-09,-0.61419470590181,1.66933255976414e-05,0.996740054907325,0.999999999956702
"TXNDC17",3.19128138314108e-09,-0.614587478936896,1.66415598178546e-05,0.996745113326935,0.999999999956702
"FDX1",3.17994074175022e-09,-0.615487585500884,1.65234939953211e-05,0.996756679934333,0.999999999956702
"AKIRIN2",3.17662131201352e-09,-0.615751574429287,1.64890153968116e-05,0.996760065504928,0.999999999956702
"RHOH",3.17297642419676e-09,-0.616041721790856,1.64511977752558e-05,0.996763783018541,0.999999999956702
"PRKAR1B",3.13809814456139e-09,-0.618832860666361,1.60915128802831e-05,0.996799356264904,0.999999999956702
"H2AFJ",3.13420401054841e-09,-0.619146153967405,1.6051601045082e-05,0.996803327991832,0.999999999956702
"AP3B1",3.11636183791772e-09,-0.620585927784257,1.58693664169945e-05,0.996821525681278,0.999999999956702
"EIF1",3.0974905477781e-09,-0.622116534045013,1.56777528053015e-05,0.996840772995863,0.999999999956702
"FRG1",3.08669087037504e-09,-0.622996106942987,1.5568619618464e-05,0.996851787865672,0.999999999956702
"GSK3B",3.08586614203106e-09,-0.623063385881557,1.556030121725e-05,0.996852629027427,0.999999999956702
"HNRNPU",3.08579817231955e-09,-0.623068931347258,1.55596157581353e-05,0.996852698351493,0.999999999956702
"COA4",3.08408329756634e-09,-0.623208878367967,1.55423266312957e-05,0.996854447396592,0.999999999956702
"HSBP1",3.06518688919721e-09,-0.62475544959941,1.53524521176733e-05,0.996873720333049,0.999999999956702
"TMX1",3.06227298105155e-09,-0.624994671842711,1.53232764928139e-05,0.996876692303622,0.999999999956702
"HBA2",3.04021751201529e-09,-0.62681177254284,1.51033450909187e-05,0.99689918725053,0.999999999956702
"MAPK1IP1L",3.03946912514138e-09,-0.626873630440988,1.50959102583979e-05,0.996899950549824,0.999999999956702
"PTPN7",3.03243064951462e-09,-0.627456041624215,1.50260762391369e-05,0.996907129274853,0.999999999956702
"RBMS1",3.0296072908759e-09,-0.627689994433111,1.49981090685567e-05,0.996910008892102,0.999999999956702
"RAB2A",3.02018735471855e-09,-0.628471929478519,1.49049870405133e-05,0.996919616531418,0.999999999956702
"LINC00152",3.01159329080522e-09,-0.629187154384454,1.48202822541241e-05,0.996928381842418,0.999999999956702
"SUGT1",3.01081593008024e-09,-0.629251935900709,1.48126323377064e-05,0.996929174693011,0.999999999956702
"SMCHD1",3.0027064350749e-09,-0.629928607334401,1.47329455033835e-05,0.996937445779854,0.999999999956702
"TBL1XR1",2.93342946360347e-09,-0.635774612830515,1.40609651720025e-05,0.997008103195014,0.999999999956702
"RBM42",2.91422777846731e-09,-0.63741611747489,1.3877486712253e-05,0.997027687505629,0.999999999956702
"PPP1R2",2.90834989673101e-09,-0.6379204752434,1.38215624881135e-05,0.997033682514284,0.999999999956702
"HIST1H2AG",2.87376107134924e-09,-0.640906410207278,1.34947594621842e-05,0.99706896058497,0.999999999956702
"CDC42SE2",2.85499013720891e-09,-0.64253989035844,1.33190441207145e-05,0.997088105566542,0.999999999956702
"GTF2I",2.82888784956271e-09,-0.644826883572954,1.30766136800897e-05,0.997114727995907,0.999999999956702
"BRAF",2.80851556863044e-09,-0.646624563550325,1.28889489735935e-05,0.997135506238633,0.999999999956702
"FIBP",2.80679426000911e-09,-0.646776971139103,1.28731548220495e-05,0.997137261848143,0.999999999956702
"BAZ2A",2.77287463800392e-09,-0.649796905738245,1.25638951683531e-05,0.997171857396611,0.999999999956702
"FRYL",2.7630484050397e-09,-0.650677730467704,1.2475007618842e-05,0.997181879440857,0.999999999956702
"LDLRAP1",2.74691698535037e-09,-0.652129651676637,1.23297679351971e-05,0.997198332318775,0.999999999956702
"RP11-879F14.2",2.73900909859323e-09,-0.652844105805487,1.22588796899222e-05,0.997206397790068,0.999999999956702
"EPS15L1",2.70295390496433e-09,-0.656124396140245,1.1938262170149e-05,0.997243171477734,0.999999999956702
"PKN2",2.70085823692068e-09,-0.656316222084145,1.19197572776365e-05,0.997245308907626,0.999999999956702
"HIST2H2AC",2.68929633389395e-09,-0.657376857934821,1.1817922909056e-05,0.997257101213163,0.999999999956702
"SARAF",2.67884381739923e-09,-0.658339127420405,1.17262357448922e-05,0.997267762025127,0.999999999956702
"ADH5",2.6616441979896e-09,-0.659929641473329,1.15761416470393e-05,0.997285304395861,0.999999999956702
"RBCK1",2.65755965827071e-09,-0.660308661652922,1.15406395839535e-05,0.997289470331842,0.999999999956702
"SUB1",2.65455951066748e-09,-0.660587378348944,1.15145975881769e-05,0.997292530266106,0.999999999956702
"HDAC1",2.63147184917612e-09,-0.662741418469674,1.13151753828986e-05,0.997316078017687,0.999999999956702
"SUMF2",2.63122431535969e-09,-0.662764601481496,1.13130467210915e-05,0.997316330484361,0.999999999956702
"MRPL33",2.61131845165936e-09,-0.664635114935005,1.11425221990097e-05,0.997336633033297,0.999999999956702
"ARPC5L",2.57079902797252e-09,-0.66848110300212,1.07994114317317e-05,0.997377959935783,0.999999999956702
"RASAL3",2.55492765526525e-09,-0.67000188710535,1.0666478137221e-05,0.997394147598155,0.999999999956702
"ATP1A1",2.55298857141606e-09,-0.670188249151354,1.06502934545758e-05,0.997396125324746,0.999999999956702
"HPGD",2.53274824747674e-09,-0.67214086387975,1.04820898981354e-05,0.997416769005893,0.999999999956702
"NUFIP2",2.52884515560938e-09,-0.672518954161116,1.04498079406029e-05,0.997420749880324,0.999999999956702
"TMA7",2.52693932224534e-09,-0.672703754780923,1.0434063134714e-05,0.997422693694012,0.999999999956702
"LRBA",2.52546801244504e-09,-0.672846504048682,1.0421916210616e-05,0.997424194324762,0.999999999956702
"PPIA",2.50667021910435e-09,-0.674676667498527,1.02673469013002e-05,0.997443366730112,0.999999999956702
"ATP5L",2.48543258450128e-09,-0.676758728077331,1.00941047780738e-05,0.997465027600901,0.999999999956702
"SRGN",2.46567204588312e-09,-0.678709860596508,9.93423560986355e-06,0.997485181940938,0.999999999956702
"CRTAP",2.46510735812154e-09,-0.67876581591855,9.92968585726528e-06,0.997485757882205,0.999999999956702
"NFAT5",2.45381996789699e-09,-0.679886626319546,9.83896068973933e-06,0.997497270215946,0.999999999956702
"IL10RA",2.44814740840991e-09,-0.680451584110981,9.79352330688107e-06,0.997503055822619,0.999999999956702
"SORL1",2.42510160673421e-09,-0.682758547752913,9.61000717068908e-06,0.997526560900336,0.999999999956702
"FAM111A",2.42404387331882e-09,-0.682864885411054,9.60162598869584e-06,0.997527639713201,0.999999999956702
"ATG16L2",2.41789341664392e-09,-0.683484009653025,9.55296394358436e-06,0.997533912741719,0.999999999956702
"RSRC2",2.41164718312332e-09,-0.684114172321541,9.50367064613825e-06,0.997540283455966,0.999999999956702
"ARF5",2.3989660251366e-09,-0.685397893236909,9.40398716739008e-06,0.997553217336295,0.999999999956702
"ELMO1",2.38162132291516e-09,-0.687163255039083,9.26849570228613e-06,0.997570907701505,0.999999999956702
"POLR2F",2.37278199664979e-09,-0.688067217096439,9.19982380952069e-06,0.997579923187376,0.999999999956702
"RGS19",2.36008436789219e-09,-0.689370868258571,9.1016239875449e-06,0.997592873868684,0.999999999956702
"ALKBH7",2.3561084619237e-09,-0.689780318582777,9.07098379491395e-06,0.997596929011085,0.999999999956702
"NDUFB11",2.34907049032149e-09,-0.690506578390865,9.01687255459735e-06,0.997604107243642,0.999999999956702
"ARHGDIB",2.34516267476825e-09,-0.69091064614145,8.98689732298293e-06,0.997608092938812,0.999999999956702
"CCT7",2.33013900533141e-09,-0.692469541230096,8.87212174409438e-06,0.997623416018435,0.999999999956702
"SLC25A39",2.32733074808392e-09,-0.692761898286587,8.85074946855854e-06,0.997626280242188,0.999999999956702
"MKRN1",2.32014158176086e-09,-0.693511729497012,8.79615367574482e-06,0.99763361268346,0.999999999956702
"ACBD6",2.3169241883682e-09,-0.693847955961421,8.77177493581383e-06,0.997636894197269,0.999999999956702
"LONP2",2.30935747946973e-09,-0.694640294101286,8.71457402681746e-06,0.99764461170558,0.999999999956702
"ZEB2",2.28533658269384e-09,-0.697170593981503,8.53422672502978e-06,0.997669111324107,0.999999999956702
"EIF2AK3",2.26583114166505e-09,-0.699242245889842,8.38916847018644e-06,0.99768900549824,0.999999999956702
"ARL6IP6",2.25930140338074e-09,-0.699939212891368,8.34088584085901e-06,0.99769566537107,0.999999999956702
"TPP2",2.24407665544007e-09,-0.701571061306881,8.22885119343087e-06,0.997711193541542,0.999999999956702
"CBX5",2.23767192739112e-09,-0.702260411264655,8.18194696278885e-06,0.997717725913263,0.999999999956702
"PTCRA",2.23119002341951e-09,-0.702959809397739,8.13461403543704e-06,0.997724336999149,0.999999999956702
"PTDSS1",2.22763992721572e-09,-0.703343611135338,8.10874829799496e-06,0.997727957847504,0.999999999956702
"UBE2B",2.22104128517659e-09,-0.704058401103525,8.06078051037061e-06,0.997734687998251,0.999999999956702
"CD79B",2.21003271626351e-09,-0.705254994150426,7.98107218196092e-06,0.997745915964583,0.999999999956702
"HDAC2",2.1756691256037e-09,-0.709023688686276,7.73480787350993e-06,0.997780964413979,0.999999999956702
"NOSIP",2.1736087110532e-09,-0.709251290636998,7.72016468703591e-06,0.997783065892271,0.999999999956702
"SPSB3",2.16291613418698e-09,-0.71043544600301,7.64439629810391e-06,0.997793971570778,0.999999999956702
"SLC9A3R1",2.16154477299656e-09,-0.710587684694115,7.63470576513963e-06,0.997795370263045,0.999999999956702
"ACP1",2.16081853140624e-09,-0.710668340705132,7.62957636927968e-06,0.997796110978553,0.999999999956702
"IQGAP1",2.15812910016454e-09,-0.710967232083456,7.61059610668384e-06,0.997798854009888,0.999999999956702
"PPP4R3B",2.13869054028931e-09,-0.713137188255621,7.47411421159673e-06,0.997818679979074,0.999999999956702
"NUDT5",2.13274787321528e-09,-0.713803985752356,7.43263606115425e-06,0.99782474108341,0.999999999956702
"XPNPEP1",2.12454921955963e-09,-0.71472656210815,7.37560120748416e-06,0.99783310313631,0.999999999956702
"KMT2E",2.1238966629921e-09,-0.714800125228375,7.37107106263684e-06,0.997833768698346,0.999999999956702
"GNG11",2.12239066497728e-09,-0.714969972078054,7.360621512115e-06,0.997835304710945,0.999999999956702
"HCFC1R1",2.12074360932638e-09,-0.715155846958981,7.34920170202567e-06,0.997836984592471,0.999999999956702
"EIF5B",2.11402165644549e-09,-0.715915736720025,7.30268717180197e-06,0.997843840514204,0.999999999956702
"SPTBN1",2.10435927575626e-09,-0.717011703317349,7.23608417471392e-06,0.997853695466895,0.999999999956702
"POLR2J3",2.08786726821708e-09,-0.718892434144341,7.12310923945022e-06,0.997870516162188,0.999999999956702
"MICU2",2.08531209989117e-09,-0.719184972815088,7.10568513764615e-06,0.99787312225542,0.999999999956702
"GOLGA7",2.0772705168493e-09,-0.720107675508814,7.05098754024324e-06,0.997881324108623,0.999999999956702
"CAPN7",2.06900146975906e-09,-0.721059708724262,6.99496315681604e-06,0.997889757959507,0.999999999956702
"ATRAID",2.05840860978081e-09,-0.7222841127008,6.92352097898664e-06,0.997900561937687,0.999999999956702
"CLTA",2.05156615881767e-09,-0.723077919128477,6.8775678929355e-06,0.997907540760519,0.999999999956702
"BAZ2B",2.0228059952377e-09,-0.726439715562956,6.68609121680225e-06,0.997936874123559,0.999999999956702
"KHDRBS1",2.0039645147414e-09,-0.728664618342704,6.5621157541937e-06,0.997956091122434,0.999999999956702
"YME1L1",1.98394632639153e-09,-0.731048406800521,6.43166876963875e-06,0.997976508282728,0.999999999956702
"WDR83OS",1.97786572582296e-09,-0.731776615435235,6.39230432056794e-06,0.997982710072799,0.999999999956702
"TMX4",1.96909818167016e-09,-0.732830030660591,6.33575792203621e-06,0.997991652358839,0.999999999956702
"DDX6",1.96132458106901e-09,-0.73376742640193,6.2858320886989e-06,0.997999580891708,0.999999999956702
"USP15",1.95932294713159e-09,-0.734009318335546,6.27300859717182e-06,0.998001622419376,0.999999999956702
"MPG",1.94364503532034e-09,-0.735911387634255,6.17302079119133e-06,0.998017612801561,0.999999999956702
"SHOC2",1.93669036920766e-09,-0.736759395398586,6.12892375672441e-06,0.998024706078679,0.999999999956702
"RNMT",1.92342399572068e-09,-0.738384351005571,6.04524480622341e-06,0.998038236860024,0.999999999956702
"SEPT1",1.91704135556975e-09,-0.739169600415925,6.00519060787215e-06,0.998044746710741,0.999999999956702
"EMC4",1.90585884058139e-09,-0.740550847169587,5.9353358032887e-06,0.998056152101535,0.999999999956702
"ANXA11",1.90548010618e-09,-0.740597750586894,5.93297708453109e-06,0.998056538384401,0.999999999956702
"ERH",1.89759456832357e-09,-0.741576153692182,5.88397325651216e-06,0.998064581087115,0.999999999956702
"RBBP7",1.88006411701074e-09,-0.743763931101136,5.77576020437787e-06,0.998082460934561,0.999999999956702
"NIFK",1.87838469092684e-09,-0.743974447304791,5.76544605619914e-06,0.998084173833022,0.999999999956702
"ITM2A",1.86600603897161e-09,-0.745531159830926,5.68970726897718e-06,0.99809679920221,0.999999999956702
"PHIP",1.859190181688e-09,-0.746392128383092,5.64821822048062e-06,0.998103750905624,0.999999999956702
"AP1B1",1.84940269166549e-09,-0.747633261404691,5.5889059806514e-06,0.998113733469327,0.999999999956702
"SFPQ",1.84804890742375e-09,-0.74780537970464,5.58072668728704e-06,0.998115114235757,0.999999999956702
"KDM6A",1.84469768879617e-09,-0.748231919200615,5.56050506002772e-06,0.998118532247337,0.999999999956702
"CREBZF",1.84011487852854e-09,-0.748816301780579,5.5329112854382e-06,0.998123206397397,0.999999999956702
"TRAF3IP3",1.82676599842988e-09,-0.750525710869052,5.45292685311653e-06,0.998136821333812,0.999999999956702
"CHTF8",1.82554947842294e-09,-0.750682031233954,5.4456666065117e-06,0.998138062100287,0.999999999956702
"SMARCC2",1.81547916464148e-09,-0.751979521402101,5.38575224556946e-06,0.998148333125728,0.999999999956702
"YWHAE",1.81413032573117e-09,-0.752153782918393,5.37775235915982e-06,0.998149708848401,0.999999999956702
"NPC2",1.80987763374498e-09,-0.752703939437992,5.35256881181396e-06,0.998154046301001,0.999999999956702
"IFITM2",1.79619936629645e-09,-0.754481073332497,5.2719697623414e-06,0.99816799719104,0.999999999956702
"EXOSC8",1.79465612036525e-09,-0.754682312815788,5.26291458623413e-06,0.998169571195558,0.999999999956702
"RC3H1",1.77670490878446e-09,-0.757034228820729,5.15815558384737e-06,0.998187880195036,0.999999999956702
"DNAJA2",1.76820206314925e-09,-0.758155435974514,5.10890255188398e-06,0.99819655251231,0.999999999956702
"PRDX3",1.76662795720406e-09,-0.758363513584929,5.09981040743414e-06,0.998198157992048,0.999999999956702
"ETHE1",1.7602209554411e-09,-0.759212101028894,5.06288668039634e-06,0.998204692693005,0.999999999956702
"PSMB7",1.75386732566736e-09,-0.760056264770585,5.02640301991198e-06,0.998211172958325,0.999999999956702
"TMED3",1.74112982320686e-09,-0.761756616405138,4.95365939483599e-06,0.99822416433501,0.999999999956702
"PBXIP1",1.74084473118991e-09,-0.761794796916126,4.95203730657035e-06,0.99822445510927,0.999999999956702
"EIF4A2",1.73002161097982e-09,-0.763248286296669,4.89065344510314e-06,0.998235493948071,0.999999999956702
"PSMD4",1.70601372810645e-09,-0.766500735640717,4.75585796854105e-06,0.998259980339875,0.999999999956702
"OTUB1",1.70518769074465e-09,-0.76661334600605,4.75125359141606e-06,0.998260822841285,0.999999999956702
"PNRC2",1.70102121384901e-09,-0.767182066116546,4.72806341295209e-06,0.998265072361766,0.999999999956702
"RET",1.68209911323827e-09,-0.769780191246541,4.62345885105272e-06,0.998284371606348,0.999999999956702
"ODC1",1.67644960027795e-09,-0.7705608110237,4.59245422525435e-06,0.99829013372221,0.999999999956702
"SLC38A2",1.6619069774198e-09,-0.772580761917892,4.51312388859956e-06,0.998304966200825,0.999999999956702
"KDELR1",1.65999266071336e-09,-0.772847796811232,4.50273272625924e-06,0.998306918672708,0.999999999956702
"NENF",1.64948375769193e-09,-0.774318488710972,4.44590235303986e-06,0.998317637033967,0.999999999956702
"GNB1",1.6390830962488e-09,-0.775782042412353,4.39001269301365e-06,0.998328244996529,0.999999999956702
"MTERF4",1.61984590993779e-09,-0.778510370217432,4.28757016578436e-06,0.998347865610216,0.999999999956702
"MRPL42",1.61797941951289e-09,-0.778776577391142,4.2776950313729e-06,0.998349769302784,0.999999999956702
"DDX17",1.61111210697408e-09,-0.77975831856391,4.24145980314686e-06,0.998356773491938,0.999999999956702
"SH3BGRL",1.61066970669455e-09,-0.779821687624434,4.23913077170579e-06,0.998357224709973,0.999999999956702
"NSD1",1.61066732302557e-09,-0.77982202910008,4.2391182245312e-06,0.998357227141153,0.999999999956702
"SDCCAG8",1.58661185665759e-09,-0.783290620236254,4.11344053914225e-06,0.99838176207279,0.999999999956702
"ATAD2B",1.57473642430255e-09,-0.785019774125207,4.05209462997742e-06,0.998393874202738,0.999999999956702
"PRKCH",1.54693188204505e-09,-0.789112921454878,3.91026520639513e-06,0.998422232938321,0.999999999956702
"TRABD",1.54534812735406e-09,-0.78934798063745,3.90226261652309e-06,0.998423848260083,0.999999999956702
"TMEM106C",1.54352372516985e-09,-0.78961901514189,3.89305421373432e-06,0.998425709025882,0.999999999956702
"SMIM10L1",1.52482617542391e-09,-0.792412843280056,3.79930806968709e-06,0.998444779251896,0.999999999956702
"NME3",1.50819817897747e-09,-0.794922466430497,3.71689811912111e-06,0.998461738675385,0.999999999956702
"ITPR2",1.50692766321187e-09,-0.795115205972345,3.71063847944676e-06,0.998463034514933,0.999999999956702
"TMPO",1.50413116978783e-09,-0.795539935268934,3.69687916243908e-06,0.998465886747774,0.999999999956702
"DNAJC7",1.48953984561228e-09,-0.797767209016974,3.6255014522087e-06,0.998480768905029,0.999999999956702
"IRAK3",1.47349853943464e-09,-0.800237720715683,3.54783368167299e-06,0.998497129945818,0.999999999956702
"UBA1",1.47143147117862e-09,-0.800557760396671,3.53788664707877e-06,0.998499238214834,0.999999999956702
"TCERG1",1.45421635543068e-09,-0.803238367753382,3.45558740663382e-06,0.998516796462305,0.999999999956702
"DDX24",1.44869254733144e-09,-0.804104316768083,3.42938532334575e-06,0.998522430371111,0.999999999956702
"ZCCHC11",1.4417209005919e-09,-0.805201329115482,3.39645779176014e-06,0.998529540977025,0.999999999956702
"MAF1",1.4187898942727e-09,-0.80884229550082,3.28927364920912e-06,0.998552929046009,0.999999999956702
"IGKV3-20",1.41076163123105e-09,-0.810129064660828,3.25215407095265e-06,0.998561117329331,0.999999999956702
"ST13",1.40774732917807e-09,-0.810613834301685,3.23827149615167e-06,0.998564191712845,0.999999999956702
"MYEOV2",1.40459051741724e-09,-0.81112248727378,3.22376441600954e-06,0.998567411446612,0.999999999956702
"FAM60A",1.39954434252269e-09,-0.811937630386619,3.20064243564628e-06,0.998572558202607,0.999999999956702
"STARD7",1.38888093116211e-09,-0.813668569029859,3.15205555621914e-06,0.998583434158847,0.999999999956702
"SRSF11",1.38852922865907e-09,-0.813725854921423,3.15045938560163e-06,0.998583792871546,0.999999999956702
"HBA1",1.38290319291945e-09,-0.814643945219199,3.12498107586515e-06,0.998589531046472,0.999999999956702
"PGRMC1",1.37992846839075e-09,-0.815130686437535,3.1115514160485e-06,0.99859256506379,0.999999999956702
"RBM3",1.37922667701816e-09,-0.815245649943597,3.10838733223365e-06,0.998593280843408,0.999999999956702
"EVL",1.37536719360394e-09,-0.815878795464972,3.09101530151208e-06,0.998597217254835,0.999999999956702
"PSMC5",1.37114632474716e-09,-0.816572989644999,3.07207235937304e-06,0.998601522254952,0.999999999956702
"ZC3H7A",1.36907520679736e-09,-0.816914297428711,3.06279863166566e-06,0.998603634654882,0.999999999956702
"MT1X",1.36817186262136e-09,-0.817063303156251,3.05875816915601e-06,0.998604556004717,0.999999999956702
"SMC3",1.33377440867414e-09,-0.822801508555536,2.90688997122788e-06,0.998639639077805,0.999999999956702
"TCP1",1.32851983007246e-09,-0.823689336098407,2.88403094224615e-06,0.998644998392289,0.999999999956702
"TYROBP",1.31944288610715e-09,-0.825230188519385,2.84475601824848e-06,0.998654256260847,0.999999999956702
"C12orf57",1.31811952987592e-09,-0.825455600337249,2.83905249330301e-06,0.998655605994659,0.999999999956702
"UBE2E1",1.30001235436174e-09,-0.828559707323187,2.76158739721232e-06,0.998674074088864,0.999999999956702
"RNF7",1.29752582518621e-09,-0.828988891398319,2.75103334272282e-06,0.998676610180483,0.999999999956702
"CTSB",1.29145888946316e-09,-0.830039063026268,2.72536707540713e-06,0.998682798044727,0.999999999956702
"HIST1H3B",1.2849503603653e-09,-0.831170433482778,2.697966383249e-06,0.998689436304446,0.999999999956702
"LMNB1",1.27817697818511e-09,-0.832353124272203,2.6695976726605e-06,0.998696344696502,0.999999999956702
"NCBP2-AS2",1.27520001135791e-09,-0.832874645738852,2.65717678114738e-06,0.998699381001503,0.999999999956702
"ANKRD17",1.24364155738359e-09,-0.838469038066062,2.52728537921969e-06,0.998731568493206,0.999999999956702
"BRD4",1.23857051905713e-09,-0.839379422522388,2.50671702181741e-06,0.998736740610012,0.999999999956702
"RAN",1.23305286105831e-09,-0.840373660553221,2.48443262384503e-06,0.998742368248798,0.999999999956702
"SLTM",1.21360601980723e-09,-0.843908819611612,2.40668514315471e-06,0.998762202714954,0.999999999956702
"PRRC2A",1.19546848228232e-09,-0.847250453274175,2.33528610060425e-06,0.998780701780327,0.999999999956702
"CLK1",1.17857464377539e-09,-0.850402672840078,2.26974997314598e-06,0.998797932357146,0.999999999956702
"NPEPPS",1.17541435626541e-09,-0.850996690021884,2.25759385655379e-06,0.9988011556375,0.999999999956702
"POLB",1.15759239033002e-09,-0.854372682712051,2.18965230868069e-06,0.998819332842467,0.999999999956702
"TESPA1",1.14810698370227e-09,-0.856187882531895,2.15391494860402e-06,0.998829007318648,0.999999999956702
"PPP1R10",1.14729131007196e-09,-0.856344581714394,2.15085553418043e-06,0.998829839250846,0.999999999956702
"ARHGEF1",1.14064002186762e-09,-0.857625974599151,2.12598915308424e-06,0.998836623117148,0.999999999956702
"PDGFA",1.13799602861719e-09,-0.858137146441077,2.11614452895566e-06,0.998839319812332,0.999999999956702
"MRPL51",1.12605348085935e-09,-0.860458929306741,2.07196238978476e-06,0.998851500407518,0.999999999956702
"CDC40",1.10707793349747e-09,-0.86419224534008,2.00271993975652e-06,0.998870854189652,0.999999999956702
"CMC1",1.10267637792133e-09,-0.865066133614737,1.98682664225957e-06,0.998875343480414,0.999999999956702
"CCDC59",1.09965247416947e-09,-0.86566825379659,1.97594451086922e-06,0.998878427658958,0.999999999956702
"COPS6",1.09579669174302e-09,-0.866438100764508,1.96211204082434e-06,0.998882360297851,0.999999999956702
"SLC44A2",1.09248766672031e-09,-0.867100654414564,1.95027978256295e-06,0.998885735280967,0.999999999956702
"PSMB6",1.07732178343625e-09,-0.870159675080658,1.89650816035128e-06,0.998901203462836,0.999999999956702
"PCGF5",1.07187092372943e-09,-0.871268249444859,1.87736541616896e-06,0.998906762973564,0.999999999956702
"MYO1G",1.06559909122431e-09,-0.872549845753529,1.85545965665152e-06,0.998913159821462,0.999999999956702
"MT-CO2",1.06311994665064e-09,-0.873058239855617,1.84683614745144e-06,0.998915688382431,0.999999999956702
"XIST",1.06125799435124e-09,-0.873440742793148,1.84037270082371e-06,0.998917587448737,0.999999999956702
"ADGRE5",1.05936509467942e-09,-0.873830199391179,1.83381343978916e-06,0.998919518079291,0.999999999956702
"C19orf53",1.0569832066141e-09,-0.874321120456095,1.82557637797167e-06,0.998921947445178,0.999999999956702
"ALDH2",1.04156913389638e-09,-0.87752141025297,1.7727195566694e-06,0.998937668764569,0.999999999956702
"HBB",1.03988123579725e-09,-0.877874340566746,1.76697870775934e-06,0.998939390307343,0.999999999956702
"PSMB4",1.02720451640143e-09,-0.880540941861668,1.7241604291507e-06,0.998952319710456,0.999999999956702
"UFC1",1.01897293796787e-09,-0.88228778855929,1.6966377790582e-06,0.998960715368226,0.999999999956702
"KRR1",1.01441933073392e-09,-0.883259378325588,1.6815077218789e-06,0.998965359742166,0.999999999956702
"POLR2G",1.00868074439831e-09,-0.884489196295087,1.66253690119136e-06,0.998971212715356,0.999999999956702
"AGTPBP1",1.00501872550656e-09,-0.885277162038005,1.65048712254083e-06,0.998974947729053,0.999999999956702
"ERICH1",1.00305072963419e-09,-0.885701648157583,1.64402958787384e-06,0.998976954952879,0.999999999956702
"MRPS34",9.79664262768566e-10,-0.890801978576472,1.56826107927456e-06,0.999000807581399,0.999999999956702
"SSFA2",9.76742420272023e-10,-0.891446589274766,1.55892037178535e-06,0.999003787664946,0.999999999956702
"MRPS7",9.75522744548794e-10,-0.89171616560485,1.55502949912427e-06,0.999005031652455,0.999999999956702
"AKAP13",9.73952966839176e-10,-0.892063552353142,1.55002892557187e-06,0.999006632720533,0.999999999956702
"MEPCE",9.6937174553166e-10,-0.893080141099392,1.53548135480785e-06,0.999011305259318,0.999999999956702
"C6orf62",9.67532434120385e-10,-0.893489461321494,1.52965995758196e-06,0.99901318123373,0.999999999956702
"HUWE1",9.62188985420975e-10,-0.894682425662079,1.51281072618341e-06,0.999018631193443,0.999999999956702
"SLC10A3",9.56922717066912e-10,-0.895863784910207,1.49629616370168e-06,0.999024002434419,0.999999999956702
"MKKS",9.54416875479023e-10,-0.896427887291092,1.48846988513893e-06,0.999026558225008,0.999999999956702
"FIP1L1",9.51986633854603e-10,-0.896976197276719,1.48089932320262e-06,0.999029036908706,0.999999999956702
"C1D",9.43494794767955e-10,-0.898901686995752,1.45459754429638e-06,0.999037698015933,0.999999999956702
"ZC3H11A",9.39517274010629e-10,-0.899808738653718,1.44235901050465e-06,0.999041754820797,0.999999999956702
"TBRG1",9.33249189410888e-10,-0.901244911979291,1.42317752198986e-06,0.999048147847469,0.999999999956702
"DOCK8",9.2483430396722e-10,-0.903186160678751,1.39762832432581e-06,0.99905673046738,0.999999999956702
"STAG2",9.24348569541475e-10,-0.903298682073887,1.39616060646214e-06,0.999057225883985,0.999999999956702
"USP22",9.2006014167201e-10,-0.904294332910984,1.38323594705019e-06,0.999061599793415,0.999999999956702
"H1FX",9.01730595361308e-10,-0.908595752108352,1.32867096230914e-06,0.999080294704291,0.999999999956702
"MRPS35",8.97190393208067e-10,-0.909672898268312,1.3153249625647e-06,0.999084925406798,0.999999999956702
"TOMM20",8.85835566573167e-10,-0.912387595285081,1.28224218178617e-06,0.999096506570588,0.999999999956702
"EID1",8.80496425065555e-10,-0.913674498732222,1.2668320057666e-06,0.999101952137925,0.999999999956702
"CDKN1A",8.47652024805014e-10,-0.921743043811324,1.174083650864e-06,0.999135451230969,0.999999999956702
"ZMYM2",8.40250121000851e-10,-0.923598703845092,1.15366840874185e-06,0.999143000678341,0.999999999956702
"COMMD1",8.35668655590339e-10,-0.924754382952803,1.14112194858511e-06,0.999147673467018,0.999999999956702
"HERC2",8.09015725760422e-10,-0.931588495322265,1.06949254136361e-06,0.999174857675606,0.999999999956702
"TXNL1",8.04287753649688e-10,-0.932821107972824,1.05702861686576e-06,0.999179679891533,0.999999999956702
"LAMP2",7.96604179979249e-10,-0.934837712903396,1.03692893844833e-06,0.999187516623809,0.999999999956702
"SRPRA",7.90372870208998e-10,-0.936485567293877,1.02076996301357e-06,0.9991938721439,0.999999999956702
"AIP",7.87882065236622e-10,-0.937147402927117,1.0143463301228e-06,0.999196412598751,0.999999999956702
"REST",7.85589687661889e-10,-0.937758116987836,1.00845234635928e-06,0.999198750670906,0.999999999956702
"FCHSD2",7.84266649195623e-10,-0.938111291300588,1.00505846845394e-06,0.999200100081857,0.999999999956702
"ZNF638",7.82525729010891e-10,-0.93857680258408,1.00060135033175e-06,0.999201875704281,0.999999999956702
"RSRP1",7.64699934336695e-10,-0.943395629685276,9.55533546723779e-07,0.999220056825627,0.999999999956702
"THOC3",7.53877727316199e-10,-0.946368846846327,9.28679071038478e-07,0.999231094754999,0.999999999956702
"FRMD3",7.47579678041289e-10,-0.94811618307495,9.13227134940392e-07,0.999237518345277,0.999999999956702
"BAG1",7.36227995633919e-10,-0.951298050034756,8.85703760540502e-07,0.999249096304477,0.999999999956702
"HNRNPD",7.35702506432753e-10,-0.951446370435177,8.84439854080065e-07,0.99924963226843,0.999999999956702
"HNRNPAB",7.35061927948247e-10,-0.95162729913704,8.82900355474007e-07,0.999250285615779,0.999999999956702
"ZKSCAN1",7.29516167372843e-10,-0.953199409140423,8.69628321538754e-07,0.999255941921877,0.999999999956702
"IFI6",7.21210402647429e-10,-0.955573388824862,8.49939078353427e-07,0.999264413248291,0.999999999956702
"WDFY2",7.18857098382541e-10,-0.95625032084343,8.44401437774878e-07,0.999266813461801,0.999999999956702
"ZNF207",7.10440408772933e-10,-0.958687205291938,8.247439605648e-07,0.999275397924311,0.999999999956702
"ZNF22",7.07890693909954e-10,-0.95943035770585,8.1883470088511e-07,0.999277998463574,0.999999999956702
"SF1",7.07608737783804e-10,-0.959512680281086,8.18182539519449e-07,0.999278286040035,0.999999999956702
"CFLAR",7.05367713409082e-10,-0.960168002863388,8.13008314196089e-07,0.999280571735576,0.999999999956702
"CHIC2",7.03664484452161e-10,-0.960667269596495,8.09086763964307e-07,0.999282308915629,0.999999999956702
"C7orf73",6.93018488364053e-10,-0.96381185067184,7.84790025778413e-07,0.99929316712239,0.999999999956702
"MRPL37",6.9288829174309e-10,-0.963850565918452,7.84495178199896e-07,0.99929329991427,0.999999999956702
"KDM5C",6.88310046771883e-10,-0.965215973636958,7.7416235716838e-07,0.999297969419174,0.999999999956702
"FCN1",6.87568817186787e-10,-0.965437775852789,7.72495889940644e-07,0.999298725423978,0.999999999956702
"THRAP3",6.86256170830637e-10,-0.96583107473183,7.69549142047689e-07,0.999300064235829,0.999999999956702
"STX16",6.83435964786528e-10,-0.966678280961943,7.63237132687977e-07,0.999302940658152,0.999999999956702
"CTNNB1",6.64923906611661e-10,-0.972315790482143,7.22449888930195e-07,0.999321821724707,0.999999999956702
"GLO1",6.597228217808e-10,-0.973924132550582,7.1119197713995e-07,0.999327126484944,0.999999999956702
"TMEM173",6.58429756885799e-10,-0.974325693256331,7.08406819136643e-07,0.999328445325049,0.999999999956702
"PHF5A",6.53070043166611e-10,-0.975997465160965,6.9692069105276e-07,0.99933391187623,0.999999999956702
"VHL",6.49844633754278e-10,-0.977009251263283,6.90053728829086e-07,0.99933720157912,0.999999999956702
"NCOA7",6.43150313402652e-10,-0.979123162306675,6.75909894779974e-07,0.999344029340284,0.999999999956702
"TNPO1",6.35703931557043e-10,-0.981497057453565,6.60349156968444e-07,0.999351624154169,0.999999999956702
"RAD50",6.33631247132931e-10,-0.982162108933384,6.56050098683599e-07,0.999353738154343,0.999999999956702
"RAB37",6.30987400950907e-10,-0.983013165328677,6.50586741445426e-07,0.999356434701506,0.999999999956702
"MT2A",6.29935769888629e-10,-0.983352544830969,6.48419956228447e-07,0.999357507295208,0.999999999956702
"NIN",6.2681140323733e-10,-0.984363733741617,6.42003817529105e-07,0.999360693941285,0.999999999956702
"TTC19",6.18722735555473e-10,-0.987002018693839,6.25541291992237e-07,0.999368943844117,0.999999999956702
"KLHDC2",6.18452639874883e-10,-0.98709063008007,6.24995266726073e-07,0.999369219323741,0.999999999956702
"RP11-367G6.3",6.10046922067794e-10,-0.989865217924961,6.08121437675357e-07,0.999377792596678,0.999999999956702
"COPS2",6.06668696903079e-10,-0.990989647190369,6.01404961031868e-07,0.999381238161616,0.999999999956702
"PRPF6",6.03363691255296e-10,-0.992094964451187,5.9487014999409e-07,0.999384609047528,0.999999999956702
"MORF4L1",6.0321976633641e-10,-0.992143217329065,5.94586386062209e-07,0.999384755841372,0.999999999956702
"CCDC90B",5.93719694431487e-10,-0.995350514377927,5.7600565016094e-07,0.999394445282834,0.999999999956702
"TTC14",5.89116606155027e-10,-0.996920562919736,5.67108769174556e-07,0.999399140126742,0.999999999956702
"MCTS1",5.87352667104927e-10,-0.997525033934129,5.63717767559508e-07,0.999400939227266,0.999999999956702
"RP11-160E2.6",5.86744920105615e-10,-0.997733662290393,5.62551788228656e-07,0.999401559088789,0.999999999956702
"C19orf70",5.85885058634895e-10,-0.998029156771825,5.60904182417271e-07,0.999402436090307,0.999999999956702
"FAM65B",5.84359281640211e-10,-0.998554421082041,5.57986544161123e-07,0.999403992281377,0.999999999956702
"FAM32A",5.81505590610134e-10,-0.999540029036792,5.52550049069492e-07,0.999406902856463,0.999999999956702
"PRMT2",5.81209660527941e-10,-0.999642476906554,5.51987803144022e-07,0.999407204685469,0.999999999956702
"MFNG",5.80869523309459e-10,-0.999760284625384,5.51341920356879e-07,0.999407551602814,0.999999999956702
"KTN1",5.77283962941619e-10,-1.00100580323108,5.44556340113091e-07,0.99941120863597,0.999999999956702
"EIF5",5.74469842077894e-10,-1.00198804676417,5.39260117457844e-07,0.999414078852137,0.999999999956702
"HSPB11",5.74288727933559e-10,-1.00205140561703,5.38920144036546e-07,0.999414263576522,0.999999999956702
"HMGN2",5.72913017853767e-10,-1.00253323356428,5.36341267495507e-07,0.999415666709334,0.999999999956702
"POP5",5.70900030694134e-10,-1.00324006961107,5.32578911517104e-07,0.999417719822399,0.999999999956702
"EPC1",5.68745252500153e-10,-1.00399908924865,5.28566216965403e-07,0.999419917552895,0.999999999956702
"MPL",5.65277221496079e-10,-1.00522594639876,5.221398064309e-07,0.999423454713955,0.999999999956702
"VAMP7",5.64436334124886e-10,-1.00552440175873,5.20587526641342e-07,0.999424312363171,0.999999999956702
"ENG",5.59053940778531e-10,-1.0074439403001,5.10706351812783e-07,0.999429802046575,0.999999999956702
"SRP9",5.47831392214895e-10,-1.0114982929025,4.90408131628231e-07,0.999441248300147,0.999999999956702
"UTRN",5.46822993556079e-10,-1.01186610727199,4.88604395044498e-07,0.999442276799756,0.999999999956702
"VPS35",5.43351856250875e-10,-1.01313671443741,4.82420931783511e-07,0.999445817129108,0.999999999956702
"CCNH",5.41239573017526e-10,-1.01391335807627,4.78677394584873e-07,0.999447971517624,0.999999999956702
"SQSTM1",5.28029940599293e-10,-1.01883067213044,4.55597078593991e-07,0.999461444464871,0.999999999956702
"UBAC2",5.2726001591795e-10,-1.01912055090827,4.54269427737962e-07,0.999462229736887,0.999999999956702
"SNX2",5.16991357582363e-10,-1.02302219205278,4.36747471465265e-07,0.999472703086119,0.999999999956702
"ZFP36L1",5.1308652809158e-10,-1.02452348336636,4.30174890099276e-07,0.999476685752779,0.999999999956702
"ATP5H",5.10053647282861e-10,-1.02569637756682,4.25104348917088e-07,0.999479779089721,0.999999999956702
"TUBGCP2",5.08790620375497e-10,-1.02618660484701,4.23001615376656e-07,0.999481067293262,0.999999999956702
"NAA50",5.01924076365077e-10,-1.0288703473286,4.11661156664258e-07,0.999488070712025,0.999999999956702
"MAP4",4.98650746336909e-10,-1.03016091242954,4.06309315715511e-07,0.999491409291228,0.999999999956702
"HNRNPF",4.93320909803463e-10,-1.03227807106063,3.97670046939957e-07,0.999496845370486,0.999999999956702
"PABPN1",4.91771040561645e-10,-1.03289743876519,3.95175247357082e-07,0.999498426134175,0.999999999956702
"RAP1GDS1",4.86830507094164e-10,-1.03488314876864,3.87274947472159e-07,0.99950346515019,0.999999999956702
"BLVRB",4.83798327530755e-10,-1.03611050667577,3.82465757441539e-07,0.999506557771974,0.999999999956702
"MZT2B",4.77141015662206e-10,-1.03882877575749,3.72012329972907e-07,0.999513347787987,0.999999999956702
"TAF9",4.72651304067269e-10,-1.04068058653788,3.6504428523089e-07,0.999517926995685,0.999999999956702
"CAND1",4.63608026103666e-10,-1.04445725486154,3.51209071532978e-07,0.999527150538757,0.999999999956702
"SMNDC1",4.50189859670647e-10,-1.05018023022446,3.31173249922275e-07,0.999540836177704,0.999999999956702
"CHCHD2",4.47165342004775e-10,-1.05149058517336,3.26738344698751e-07,0.999543920984948,0.999999999956702
"DPM3",4.4537045905799e-10,-1.05227184076373,3.24120610120431e-07,0.999545751646408,0.999999999956702
"ARID2",4.4190441718286e-10,-1.05378824573836,3.19095381521251e-07,0.999549286779049,0.999999999956702
"BNIP3L",4.38017673987647e-10,-1.05550100745273,3.13506898947245e-07,0.999553250999121,0.999999999956702
"ANP32B",4.37930894016873e-10,-1.05553939852807,3.13382687409181e-07,0.999553339508931,0.999999999956702
"TSPYL2",4.3772539706621e-10,-1.05563033574496,3.13088649797176e-07,0.999553549102181,0.999999999956702
"CPVL",4.36847289906743e-10,-1.05601933568653,3.11833755166025e-07,0.9995544447132,0.999999999956702
"HELZ",4.30608139817027e-10,-1.05880293112475,3.0299000559823e-07,0.99956080823219,0.999999999956702
"NRROS",4.27615849066803e-10,-1.06015035149306,2.9879368874952e-07,0.999563860170162,0.999999999956702
"USP34",4.26171342411879e-10,-1.06080373302485,2.9677841979194e-07,0.999565333471083,0.999999999956702
"PTPN18",4.25975578158706e-10,-1.06089242891659,2.9650582867206e-07,0.999565533137629,0.999999999956702
"TLE4",4.23938517106363e-10,-1.06181747087444,2.93676763774249e-07,0.999567610804712,0.999999999956702
"TPR",4.23686715634942e-10,-1.06193208260019,2.9332800433296e-07,0.999567867625502,0.999999999956702
"BRWD1",4.20371641207276e-10,-1.06344652100397,2.8875575831434e-07,0.99957124878142,0.999999999956702
"RABAC1",4.15643606182816e-10,-1.06562443868854,2.82296855998824e-07,0.99957607106339,0.999999999956702
"CREB1",4.13220441510246e-10,-1.06674896965622,2.79014920328537e-07,0.99957854253056,0.999999999956702
"TAF11",4.12970115567315e-10,-1.06686546491167,2.78676972297361e-07,0.999578797846411,0.999999999956702
"STT3B",4.01467087516147e-10,-1.07228579621069,2.63368437854225e-07,0.999590530171763,0.999999999956702
"HNRNPUL1",3.99253527437368e-10,-1.07334424456485,2.60472187122259e-07,0.999592787856178,0.999999999956702
"TCF12",3.91731049916377e-10,-1.07697962010174,2.50749355891148e-07,0.999600460284169,0.999999999956702
"FKBP3",3.90715505731848e-10,-1.07747502231104,2.49450929483548e-07,0.999601496071864,0.999999999956702
"WAC",3.88601463025998e-10,-1.07850987997079,2.46758826174308e-07,0.999603652255175,0.999999999956702
"ZNRD1",3.81749960371212e-10,-1.08189763711155,2.38134234304022e-07,0.999610640333365,0.999999999956702
"JUN",3.80064339940219e-10,-1.08273916427296,2.36035909374719e-07,0.999612359554388,0.999999999956702
"SMAD2",3.77432683562827e-10,-1.08405947299848,2.3277848797397e-07,0.999615043669324,0.999999999956702
"FLT4",3.7732347807178e-10,-1.08411443372689,2.32643804293357e-07,0.999615155051681,0.999999999956702
"ARHGAP15",3.76117718184205e-10,-1.08472218357218,2.31159325398252e-07,0.999616384846785,0.999999999956702
"YEATS4",3.69471088743012e-10,-1.0881029421688,2.2306156952915e-07,0.99962316396794,0.999999999956702
"MSRB3",3.68044433151037e-10,-1.08883545794201,2.21342259719788e-07,0.999624619062016,0.999999999956702
"DGUOK",3.62622967621538e-10,-1.09164172202132,2.14869339336429e-07,0.999630148597272,0.999999999956702
"IST1",3.62023636787394e-10,-1.09195417420399,2.141596688959e-07,0.999630759874973,0.999999999956702
"PLSCR1",3.61718843086209e-10,-1.09211324569057,2.13799211546447e-07,0.999631070744333,0.999999999956702
"CEP170",3.5533860036303e-10,-1.0954700214512,2.06323457884216e-07,0.999637578168761,0.999999999956702
"ADPGK",3.52358628491882e-10,-1.09705575835113,2.02877392663567e-07,0.99964061754244,0.999999999956702
"GAPDH",3.4536390640698e-10,-1.10082398445259,1.9490264322488e-07,0.999647751695103,0.999999999956702
"EWSR1",3.39123547165574e-10,-1.10424201293875,1.87922908503851e-07,0.999654116447716,0.999999999956702
"MRPL20",3.36794301237763e-10,-1.10553177842725,1.85350303603542e-07,0.999656492124111,0.999999999956702
"FOXN3",3.30007467349937e-10,-1.10933436852224,1.77955480392143e-07,0.999663414244659,0.999999999956702
"NUCB2",3.29009742379796e-10,-1.10989908075062,1.76881066956733e-07,0.999664431857974,0.999999999956702
"DNAJC19",3.28511660385058e-10,-1.11018155019943,1.76345918139872e-07,0.999664939868583,0.999999999956702
"SF3A2",3.2555939338645e-10,-1.11186347687942,1.73190590988591e-07,0.999667950985175,0.999999999956702
"UCP2",3.25254210295272e-10,-1.11203809407223,1.72866041504664e-07,0.999668262251693,0.999999999956702
"LRPAP1",3.24996813419093e-10,-1.1121854796536,1.72592547286498e-07,0.999668524779441,0.999999999956702
"ANKLE2",3.23882020450872e-10,-1.11282497980487,1.71410535896268e-07,0.999669661794355,0.999999999956702
"VDAC2",3.20723769796015e-10,-1.11464711253054,1.68083904897143e-07,0.999672883000627,0.999999999956702
"SAFB",3.10970431091998e-10,-1.1203740234336,1.58016349472346e-07,0.999682830759479,0.999999999956702
"DNAJA1",3.06865746021578e-10,-1.12283079971143,1.53872375591947e-07,0.999687017266133,0.999999999956702
"CALR",3.00715397103054e-10,-1.12656576323736,1.47766219889295e-07,0.999693290214313,0.999999999956702
"CALCOCO2",2.97068785278018e-10,-1.12881161668452,1.44204188122998e-07,0.999697009516644,0.999999999956702
"WHSC1L1",2.9583800898205e-10,-1.12957500919818,1.43011767761154e-07,0.99969826482688,0.999999999956702
"ASCC3",2.95560155018559e-10,-1.129747729319,1.42743257800363e-07,0.999698548219504,0.999999999956702
"APPL1",2.95092188180733e-10,-1.13003894582867,1.42291598619678e-07,0.999699025514659,0.999999999956702
"GZMM",2.8381245404716e-10,-1.13718224270567,1.31621468181974e-07,0.999710530095802,0.999999999956702
"DDX39A",2.8172041550576e-10,-1.13853404924634,1.29688203282042e-07,0.999712663836451,0.999999999956702
"MNDA",2.81380547643857e-10,-1.13875448089181,1.29375480009223e-07,0.999713010479143,0.999999999956702
"MRPS16",2.7312122827126e-10,-1.14418349379224,1.21891871946448e-07,0.999721434437485,0.999999999956702
"OS9",2.70575278642928e-10,-1.14588566434392,1.19629988705912e-07,0.99972403113737,0.999999999956702
"HNRNPK",2.6844142667588e-10,-1.14732303097197,1.17750540569887e-07,0.999726207524955,0.999999999956702
"ZNF770",2.64919845318409e-10,-1.14971695615913,1.14681355781901e-07,0.99972979930455,0.999999999956702
"CD3G",2.64227913144411e-10,-1.15019055863584,1.14083076010583e-07,0.999730505029511,0.999999999956702
"THUMPD3-AS1",2.62004251086248e-10,-1.15171988022898,1.12170978622391e-07,0.999732773017442,0.999999999956702
"TNFAIP3",2.5860593531645e-10,-1.15407892231555,1.09280030987071e-07,0.999736239074317,0.999999999956702
"UBXN1",2.56422646063117e-10,-1.15560871915138,1.07442619442039e-07,0.999738465884669,0.999999999956702
"CYLD",2.5267279446552e-10,-1.15826270100286,1.04323175962632e-07,0.9997422904848,0.999999999956702
"ATF7IP2",2.47082162373214e-10,-1.16228353783147,9.97577441935539e-08,0.999747992559061,0.999999999956702
"CYTH1",2.46943803374885e-10,-1.1623840419825,9.96460524634939e-08,0.999748133676071,0.999999999956702
"CARD8",2.44842579870994e-10,-1.16391639757731,9.79575076826633e-08,0.999750276784807,0.999999999956702
"MLLT3",2.34808817654638e-10,-1.1713945701879,9.00933293737376e-08,0.999760510557403,0.999999999956702
"CCDC25",2.34098829372547e-10,-1.1719341437736,8.95493250776844e-08,0.999761234698407,0.999999999956702
"RANBP2",2.29734347435611e-10,-1.17528251761958,8.62413795996727e-08,0.999765686180794,0.999999999956702
"GTF3C6",2.29649749849545e-10,-1.17534796213372,8.61778760852331e-08,0.999765772464726,0.999999999956702
"NDUFB10",2.29616262331202e-10,-1.17537387377438,8.61527450080312e-08,0.999765806619776,0.999999999956702
"MYO1F",2.24781647030462e-10,-1.17914954629801,8.25630125678582e-08,0.999770737607052,0.999999999956702
"C11orf31",2.20209438570579e-10,-1.18278554677179,7.92383990464831e-08,0.999775400956744,0.999999999956702
"GRN",2.19849405602335e-10,-1.18307462752963,7.89795081033041e-08,0.999775768166518,0.999999999956702
"BCL2",2.19551235815957e-10,-1.18331434704683,7.87654221595585e-08,0.999776072279945,0.999999999956702
"NDUFA3",2.18892298868779e-10,-1.18384511393177,7.82933358970551e-08,0.999776744351973,0.999999999956702
"MPLKIP",2.18601689833614e-10,-1.18407963623015,7.8085583982068e-08,0.999777040753935,0.999999999956702
"NUB1",2.14930931296331e-10,-1.18706542868553,7.54851763498185e-08,0.999780784684441,0.999999999956702
"TBC1D10C",2.14476275270567e-10,-1.18743831287076,7.51661576702621e-08,0.999781248403464,0.999999999956702
"LAPTM4A",2.14466722284344e-10,-1.18744615505012,7.51594618688154e-08,0.999781258146878,0.999999999956702
"INPP4B",2.14166737093096e-10,-1.18769257107832,7.49493504194136e-08,0.999781564111898,0.999999999956702
"SMAP2",2.12312776702031e-10,-1.18922212983415,7.36573505825127e-08,0.999783455028667,0.999999999956702
"RASA2",2.11549319755654e-10,-1.18985536263959,7.31285730842616e-08,0.999784233704171,0.999999999956702
"CDKN1B",2.1076782187949e-10,-1.19050561184605,7.25892731781535e-08,0.999785030780229,0.999999999956702
"FAM107B",2.09019698473958e-10,-1.19196773834783,7.13901454539325e-08,0.999786813750287,0.999999999956702
"ZNF292",2.05103765255675e-10,-1.19528183296534,6.87402487338588e-08,0.999790807742737,0.999999999956702
"MGEA5",2.03202944216367e-10,-1.19691031220687,6.74720375468012e-08,0.999792746454269,0.999999999956702
"SSBP2",2.01660422579193e-10,-1.19824155144091,6.6451559702841e-08,0.999794319724148,0.999999999956702
"CCNL1",2.00337958947577e-10,-1.19938991296702,6.55828555950093e-08,0.999795668549441,0.999999999956702
"HLA-DQA1",2.00165865699933e-10,-1.19953983247186,6.54702307176158e-08,0.999795844073153,0.999999999956702
"DEF6",1.94203106515962e-10,-1.20480452480773,6.16277310234481e-08,0.999801925692505,0.999999999956702
"SFSWAP",1.93366100689839e-10,-1.20555470969743,6.10976508281142e-08,0.999802779382999,0.999999999956702
"ATP6V1B2",1.9232740996377e-10,-1.20648957859034,6.04430260813313e-08,0.999803838778731,0.999999999956702
"BTG2",1.91066215913138e-10,-1.20763060533404,5.96529104848419e-08,0.999805125113114,0.999999999956702
"S100A10",1.88911606444539e-10,-1.20959509738892,5.83151121638578e-08,0.99980732267204,0.999999999956702
"EGLN1",1.84936577881138e-10,-1.21327085627273,5.58868288114668e-08,0.999811376937853,0.999999999956702
"SERP1",1.79882851248342e-10,-1.21804418012716,5.28741451046874e-08,0.999816531404247,0.999999999956702
"EIF6",1.78991562340596e-10,-1.21889803544903,5.23514784056259e-08,0.999817440459893,0.999999999956702
"PCM1",1.76875742054673e-10,-1.22093983076706,5.11211226693757e-08,0.99981959845643,0.999999999956702
"MAZ",1.759322139801e-10,-1.22185717367929,5.0577175112768e-08,0.999820560792566,0.999999999956702
"CHRAC1",1.75772058665473e-10,-1.22201330701259,5.04851337940661e-08,0.999820724140378,0.999999999956702
"SERPINB6",1.7171961254376e-10,-1.22600556588535,4.81840868321002e-08,0.999824857366989,0.999999999956702
"LSM4",1.70214417469602e-10,-1.22750920443798,4.73430811185568e-08,0.999826392566262,0.999999999956702
"SRSF9",1.697552912759e-10,-1.22797014737645,4.70880247766059e-08,0.999826860844567,0.999999999956702
"PAG1",1.69677785264332e-10,-1.22804806654605,4.70450361686333e-08,0.999826939895565,0.999999999956702
"EPRS",1.68361419529184e-10,-1.22937617836788,4.63179138529286e-08,0.999828282501421,0.999999999956702
"PSMF1",1.6834266845526e-10,-1.22939516161907,4.63075972107389e-08,0.999828301626274,0.999999999956702
"HADH",1.68051336048149e-10,-1.22969033677598,4.61474568225138e-08,0.999828598766032,0.999999999956702
"PLEKHJ1",1.67234722230574e-10,-1.2305200899197,4.57000567477582e-08,0.999829431658035,0.999999999956702
"TRMT1",1.66461353046066e-10,-1.23130914345574,4.52783585013197e-08,0.999830220443377,0.999999999956702
"OCIAD1",1.66430238560375e-10,-1.23134095533099,4.52614334776277e-08,0.999830252178091,0.999999999956702
"BBX",1.65146805869829e-10,-1.23265766301383,4.45660547737864e-08,0.999831561194424,0.999999999956702
"MAT2B",1.64604593702514e-10,-1.23321659668907,4.42738954575111e-08,0.99983211421492,0.999999999956702
"FYTTD1",1.62597919881084e-10,-1.2352991199763,4.32010003884834e-08,0.999834160889301,0.999999999956702
"AKNA",1.61159793388721e-10,-1.23680533867925,4.24401819247452e-08,0.999835627683067,0.999999999956702
"CD7",1.60755827385729e-10,-1.23723052503741,4.22276859531246e-08,0.999836039701633,0.999999999956702
"XBP1",1.60571503161071e-10,-1.23742483926729,4.2130904104145e-08,0.999836227700133,0.999999999956702
"NUTM2B-AS1",1.60411216275067e-10,-1.23759397044688,4.20468336338592e-08,0.99983639118214,0.999999999956702
"TMEM14C",1.5985083350307e-10,-1.23818642634215,4.17535727851291e-08,0.99983696273545,0.999999999956702
"FAM133B",1.59198383283174e-10,-1.23887848918652,4.14134240207538e-08,0.999837628191458,0.999999999956702
"WAS",1.58299886654409e-10,-1.23983556755355,4.09472783575674e-08,0.999838544598507,0.999999999956702
"ZC3H13",1.57839061027422e-10,-1.24032826510304,4.07092227264544e-08,0.999839014610124,0.999999999956702
"DPY30",1.57116618277351e-10,-1.24110318657996,4.03374164522809e-08,0.999839751453877,0.999999999956702
"CDC37",1.56459309858322e-10,-1.24181092752911,4.00006136127558e-08,0.999840421864928,0.999999999956702
"PTGES3",1.53637860963753e-10,-1.24487840604093,3.85709501271757e-08,0.999843299555922,0.999999999956702
"PGK1",1.52495917522346e-10,-1.24613380882146,3.79997087211933e-08,0.999844464262596,0.999999999956702
"CBR1",1.52300961131053e-10,-1.24634894833023,3.79026103766599e-08,0.999844663105203,0.999999999956702
"UBE2D2",1.52266304044493e-10,-1.24638721829748,3.78853623621967e-08,0.999844698453136,0.999999999956702
"TMC8",1.50413305023084e-10,-1.24844445138187,3.69688840601445e-08,0.999846588389406,0.999999999956702
"SF3B6",1.50320391051259e-10,-1.24854818280038,3.69232250018231e-08,0.999846683155503,0.999999999956702
"DNTTIP2",1.49263519561662e-10,-1.24973202380369,3.64058511197816e-08,0.999847761094422,0.999999999956702
"PIN4",1.48977708329467e-10,-1.25005341818269,3.62665640493948e-08,0.999848052602949,0.999999999956702
"PET100",1.48812806520843e-10,-1.25023909301847,3.61863223509655e-08,0.999848220791872,0.999999999956702
"NSFL1C",1.4851982679466e-10,-1.25056941990181,3.60439767733769e-08,0.999848519611787,0.999999999956702
"MIER1",1.48146671335544e-10,-1.25099096072347,3.58630836165821e-08,0.999848900205641,0.999999999956702
"TMEM230",1.4782291456237e-10,-1.25135744307797,3.5706505962948e-08,0.999849230416106,0.999999999956702
"DDX46",1.4745198970146e-10,-1.2517781734365,3.55275375804942e-08,0.999849608734896,0.999999999956702
"CTB-133G6.1",1.46516469448836e-10,-1.25284339411151,3.50781534178481e-08,0.999850562903592,0.999999999956702
"PDCD6",1.45733062536629e-10,-1.25373995281797,3.47040384737913e-08,0.999851361926755,0.999999999956702
"PSMA4",1.45522221385744e-10,-1.2539819595369,3.46036941006581e-08,0.999851576970765,0.999999999956702
"CIB1",1.45322104234388e-10,-1.25421193807879,3.45085879202327e-08,0.999851781077005,0.999999999956702
"IL32",1.4496731651376e-10,-1.25462034194143,3.43402958619497e-08,0.999852142936982,0.999999999956702
"TECR",1.43843676776135e-10,-1.25591952393713,3.38100166003647e-08,0.999853288975093,0.999999999956702
"MARCH6",1.43708754488574e-10,-1.25607611505431,3.37466202038829e-08,0.99985342658689,0.999999999956702
"KDM5B",1.43683786425989e-10,-1.25610510700234,3.37348948983177e-08,0.99985345205266,0.999999999956702
"STUB1",1.43268354976258e-10,-1.25658813116287,3.35401021997109e-08,0.999853875765224,0.999999999956702
"MECOM",1.42463521849543e-10,-1.25752737538773,3.31643267784052e-08,0.999854696641708,0.999999999956702
"PAPOLA",1.42000071609462e-10,-1.25807031063694,3.29489030012338e-08,0.999855169330258,0.999999999956702
"FAM136A",1.4141341261208e-10,-1.25875979050858,3.26772152382505e-08,0.99985576768358,0.999999999956702
"S100A11",1.40419977740054e-10,-1.25993300815593,3.22197104130577e-08,0.999856780921353,0.999999999956702
"TRPM7",1.39372834976093e-10,-1.26117745928297,3.17409631731372e-08,0.999857848937618,0.999999999956702
"ERAP2",1.39166108112882e-10,-1.26142409517342,3.16468724792708e-08,0.999858059785327,0.999999999956702
"MDM4",1.37944466922361e-10,-1.26288808669731,3.10936999559166e-08,0.999859305778431,0.999999999956702
"TMEM160",1.37788581206503e-10,-1.26307570402908,3.10234640842698e-08,0.999859464771537,0.999999999956702
"CDK2",1.37534223345491e-10,-1.2633822331651,3.09090311110523e-08,0.999859724199709,0.999999999956702
"NKG7",1.35941953513663e-10,-1.26531232414562,3.01974899965536e-08,0.999861348209481,0.999999999956702
"CUTA",1.33925834757427e-10,-1.26778447228229,2.93084301572102e-08,0.999863404517085,0.999999999956702
"BTG1",1.33338190159195e-10,-1.26851110163155,2.90517932659611e-08,0.999864003875655,0.999999999956702
"TCEA1",1.32789564140391e-10,-1.26919199116952,2.8813215261018e-08,0.999864563437859,0.999999999956702
"CTSS",1.32267391278212e-10,-1.26984231641738,2.85870544590406e-08,0.999865096019596,0.999999999956702
"LSM14A",1.32108648979804e-10,-1.27004045809646,2.85184774419348e-08,0.999865257926227,0.999999999956702
"CA1",1.32043613241629e-10,-1.27012169505286,2.84904056432078e-08,0.999865324258372,0.999999999956702
"DRAP1",1.32027170444277e-10,-1.27014223944407,2.84833105208124e-08,0.999865341028937,0.999999999956702
"CD3D",1.32013059145538e-10,-1.27015987251969,2.84772221524462e-08,0.999865355421527,0.999999999956702
"YTHDC1",1.31301108385965e-10,-1.27105163123702,2.81708932199195e-08,0.999866081564149,0.999999999956702
"NDUFA1",1.27982483972947e-10,-1.2752644658922,2.67648554993866e-08,0.999869466341262,0.999999999956702
"CELF2",1.2785819741932e-10,-1.27542407146488,2.67128968825278e-08,0.999869593105316,0.999999999956702
"S100A9",1.27772929841766e-10,-1.27553364759274,2.66772795416262e-08,0.999869680072598,0.999999999956702
"CCDC53",1.2706254236474e-10,-1.27644902560036,2.63814653467746e-08,0.999870404620776,0.999999999956702
"NDUFB1",1.26030143178898e-10,-1.27778726679838,2.59545015217717e-08,0.999871457599572,0.999999999956702
"TMEM123",1.25459240209488e-10,-1.2785313773056,2.57198919153447e-08,0.999872039882791,0.999999999956702
"EDF1",1.25169999253687e-10,-1.27890949135562,2.56014363807003e-08,0.99987233488941,0.999999999956702
"UBE2N",1.24541057232964e-10,-1.27973430224156,2.53448035485487e-08,0.999872976368618,0.999999999956702
"GNG2",1.22290024700102e-10,-1.28271622710364,2.44368880045401e-08,0.999875272272721,0.999999999956702
"LTB",1.19730619891494e-10,-1.28616494911698,2.34247138866185e-08,0.999877882696124,0.999999999956702
"TMEM59",1.19460858520671e-10,-1.28653215342166,2.33192777956774e-08,0.999878157834857,0.999999999956702
"CPA3",1.19274317982216e-10,-1.28678649607926,2.32465076115153e-08,0.999878348093853,0.999999999956702
"BRD2",1.19167532035895e-10,-1.28693225070453,2.32049011850344e-08,0.999878457008446,0.999999999956702
"CHMP5",1.19161129452462e-10,-1.28694099333288,2.32024077655236e-08,0.999878463538657,0.999999999956702
"EIF2AK4",1.18447660300707e-10,-1.2879177819163,2.29253938821611e-08,0.999879191229941,0.999999999956702
"AHNAK",1.17835069124877e-10,-1.28876053499974,2.26888746019633e-08,0.999879816032371,0.999999999956702
"SMARCE1",1.17631138090167e-10,-1.28904192844222,2.26104096443962e-08,0.99988002402852,0.999999999956702
"HADHB",1.16585932625615e-10,-1.29049081622427,2.22103874851731e-08,0.999881090068874,0.999999999956702
"UPF3A",1.15045458632773e-10,-1.29264689559424,2.16273243018118e-08,0.999882661250328,0.999999999956702
"RBM17",1.14993811054733e-10,-1.29271961474744,2.16079102683555e-08,0.999882713927437,0.999999999956702
"CYTIP",1.14098511376673e-10,-1.29398470122059,2.12727575113815e-08,0.999883627073817,0.999999999956702
"SSH2",1.13961017896396e-10,-1.29417974461377,2.1221519276326e-08,0.999883767308061,0.999999999956702
"CIRBP",1.13689694986125e-10,-1.29456523221985,2.11205894991642e-08,0.999884044039461,0.999999999956702
"LSM6",1.1297193802471e-10,-1.29558885449028,2.08547501532422e-08,0.999884776104028,0.999999999956702
"STAT1",1.12056338308894e-10,-1.2969028332364,2.05180784812441e-08,0.999885709955102,0.999999999956702
"NCF1",1.11564869974646e-10,-1.29761197909299,2.03384925281707e-08,0.999886211220255,0.999999999956702
"FBXL5",1.11065035273931e-10,-1.2983359767067,2.01566590952991e-08,0.999886721018548,0.999999999956702
"CD14",1.10195308551831e-10,-1.29960250592303,1.98422100867224e-08,0.999887608082207,0.999999999956702
"COX6B1",1.09976205038706e-10,-1.29992293736735,1.97633832131079e-08,0.999887831553281,0.999999999956702
"POLR2A",1.09538223981504e-10,-1.30056513012811,1.9606281025354e-08,0.999888278264954,0.999999999956702
"DDOST",1.09522285484622e-10,-1.30058854195856,1.96005757673597e-08,0.999888294521165,0.999999999956702
"RWDD1",1.08612699110019e-10,-1.30192953373687,1.92763607682867e-08,0.99988922223903,0.999999999956702
"UQCRFS1",1.08404459723791e-10,-1.30223790583932,1.92025158215631e-08,0.999889434629413,0.999999999956702
"MRPL54",1.07379950603189e-10,-1.30376256484532,1.88412725828738e-08,0.999890479560869,0.999999999956702
"UBL5",1.06380037354694e-10,-1.30526281503606,1.84920095893559e-08,0.999891499406164,0.999999999956702
"FCGRT",1.06252764343274e-10,-1.3054546480425,1.84477884004379e-08,0.999891629216207,0.999999999956702
"C8orf59",1.06084730901528e-10,-1.3057082224266,1.83894860255055e-08,0.999891800599189,0.999999999956702
"AAK1",1.0600674104233e-10,-1.3058260328413,1.83624573244144e-08,0.999891880143681,0.999999999956702
"NDUFS7",1.04479847087554e-10,-1.30814779036257,1.783729067664e-08,0.999893437474398,0.999999999956702
"TERT",1.0380002225237e-10,-1.3091909800518,1.76059200857914e-08,0.999894130850709,0.999999999956702
"C19orf24",1.02728149088064e-10,-1.31084784669688,1.72441884180679e-08,0.999895224090353,0.999999999956702
"CHEK2",1.02564348084537e-10,-1.31110236222188,1.71892402182802e-08,0.999895391156529,0.999999999956702
"NDUFB5",1.01629084571313e-10,-1.31256236166726,1.68771791471163e-08,0.999896345063377,0.999999999956702
"RSBN1",1.01127099074646e-10,-1.31335079380022,1.67108650314469e-08,0.99989685705534,0.999999999956702
"CRHBP",1.00638111152027e-10,-1.31412207662251,1.65496489911648e-08,0.999897355790639,0.999999999956702
"SREK1",1.00499275640378e-10,-1.31434165389854,1.65040182837691e-08,0.999897497393666,0.999999999956702
"PHF20",1.00462110836368e-10,-1.31440047698556,1.64918141123737e-08,0.999897535299305,0.999999999956702
"TFRC",9.97386251982089e-11,-1.31554935373303,1.62551352804555e-08,0.999898273206745,0.999999999956702
"TPGS2",9.9701827873476e-11,-1.31560797956509,1.62431432332193e-08,0.999898310737579,0.999999999956702
"PHF3",9.73266482220036e-11,-1.31943236525302,1.54784463936717e-08,0.999900733263533,0.999999999956702
"UBTF",9.67350804441541e-11,-1.32039743588813,1.52908570175525e-08,0.999901336623491,0.999999999956702
"STK17B",9.64743795870648e-11,-1.32082436059256,1.52085504143406e-08,0.999901602521101,0.999999999956702
"PPHLN1",9.62406275776223e-11,-1.32120800398219,1.51349407696436e-08,0.999901840932671,0.999999999956702
"ATP6V0A2",9.58315454551361e-11,-1.32188135213187,1.50065485274027e-08,0.999902258169345,0.999999999956702
"SF3B1",9.52220115089516e-11,-1.32288927498187,1.48162581366107e-08,0.999902879853605,0.999999999956702
"ACTR10",9.51770231675369e-11,-1.32296388869723,1.48022613430406e-08,0.999902925738735,0.999999999956702
"FLT3LG",9.32842508686078e-11,-1.32613108919561,1.42193743999267e-08,0.999904856241136,0.999999999956702
"CYBB",9.16241160047127e-11,-1.32895515656315,1.3717767194897e-08,0.99990654946876,0.999999999956702
"ST3GAL1",9.10926607534983e-11,-1.32986858288063,1.3559092029016e-08,0.999907091517922,0.999999999956702
"ERGIC2",8.98216307684552e-11,-1.33207199343374,1.3183347639161e-08,0.999908387884337,0.999999999956702
"MGST3",8.89501213405712e-11,-1.33359846492432,1.29287614623327e-08,0.999909276766241,0.999999999956702
"SMC5",8.87097683720309e-11,-1.33402172724035,1.285898600181e-08,0.999909521910352,0.999999999956702
"PIAS1",8.8372802261916e-11,-1.3346168006024,1.27614812288571e-08,0.999909865593471,0.999999999956702
"ERCC1",8.49298214566643e-11,-1.34081232937924,1.17864835713383e-08,0.999913377205894,0.999999999956702
"SCAF11",8.20848559033941e-11,-1.34609807357343,1.10100657697616e-08,0.999916278882363,0.999999999956702
"PPIG",8.10781252959606e-11,-1.34800654974776,1.07416557417221e-08,0.999917305680917,0.999999999956702
"CD2",8.07484238677113e-11,-1.34863603140907,1.06544722146559e-08,0.99991764195454,0.999999999956702
"HPS1",8.01972724912028e-11,-1.34969330282013,1.05095235904089e-08,0.999918204092447,0.999999999956702
"TCF7",7.99396020839767e-11,-1.35018975063077,1.04420987814075e-08,0.9999184668992,0.999999999956702
"PPP1CB",7.87738544237447e-11,-1.35245323288728,1.01397681609077e-08,0.999919655884617,0.999999999956702
"VCAN",7.82417395719320e-11,-1.35349607217549,1.00032432190842e-08,0.999920198606529,0.999999999956702
"ARIH2",7.82233317803058e-11,-1.35353225755484,9.99853688313338e-09,0.999920217381258,0.999999999956702
"IK",7.77157420566741e-11,-1.3545329757266,9.86919725601762e-09,0.999920735089164,0.999999999956702
"RNF149",7.74264595357073e-11,-1.35510583358881,9.79586146569407e-09,0.999921030138179,0.999999999956702
"PSMB5",7.70562266352084e-11,-1.35584170499878,9.70240299829806e-09,0.999921407751221,0.999999999956702
"LMBRD1",7.67117625489833e-11,-1.35652911292031,9.61585167399874e-09,0.999921759081778,0.999999999956702
"NARF",7.64323556385281e-11,-1.35708865958782,9.54593169363794e-09,0.999922044058325,0.999999999956702
"NAP1L4",7.54267331448896e-11,-1.35911731158141,9.29639202063729e-09,0.999923069726676,0.999999999956702
"ACYP2",7.47083770422012e-11,-1.36058084728992,9.12015956788533e-09,0.999923802402332,0.999999999956702
"EAPP",7.35219997100584e-11,-1.3630247981258,8.83280117534955e-09,0.999925012428649,0.999999999956702
"GPI",7.29697524161484e-11,-1.3641741000205,8.70060752265818e-09,0.99992557568432,0.999999999956702
"CARD16",7.04374301906291e-11,-1.36954264832784,8.10719910392826e-09,0.999928158485302,0.999999999956702
"PSMA3-AS1",7.03796150108064e-11,-1.36966715632434,8.09389575626271e-09,0.999928217452957,0.999999999956702
"SMG1",6.91319322227941e-11,-1.37237592158676,7.80946394152747e-09,0.99992949000678,0.999999999956702
"SRSF10",6.8307617181366e-11,-1.37418885576343,7.62433736062758e-09,0.999930330753538,0.999999999956702
"CAMP",6.82051784596605e-11,-1.37441547305703,7.60148656405327e-09,0.99993043523425,0.999999999956702
"CFD",6.7761040238037e-11,-1.37540142753305,7.50281023103088e-09,0.999930888225826,0.999999999956702
"SETD2",6.7566480156494e-11,-1.37583510020157,7.45978693320243e-09,0.999931086664226,0.999999999956702
"SERPINA1",6.66480612853269e-11,-1.37789696326659,7.25836618554025e-09,0.999932023390658,0.999999999956702
"PTPRE",6.57086218877578e-11,-1.38003162907716,7.05518734498144e-09,0.999932981556635,0.999999999956702
"DNMT1",6.41074595831076e-11,-1.38373158630553,6.71554042088253e-09,0.99993461463616,0.999999999956702
"ATAD2",6.24367484723885e-11,-1.38767856228794,6.37007270701906e-09,0.999936318650862,0.999999999956702
"BNIP2",6.24281546425064e-11,-1.38769910005138,6.36831926677531e-09,0.999936327415999,0.999999999956702
"ANXA2",6.23823162850888e-11,-1.38780868714759,6.35897072438867e-09,0.999936374168088,0.999999999956702
"LYPLA1",6.09639109053675e-11,-1.39123465974655,6.07308657758872e-09,0.999937820847652,0.999999999956702
"DAP3",6.00195771617057e-11,-1.39355404962258,5.88639899031055e-09,0.999938784005538,0.999999999956702
"UBE2G1",5.80258725850283e-11,-1.39855646799722,5.50183032943701e-09,0.999940817452188,0.999999999956702
"HIST1H4H",5.76805151961754e-11,-1.39943808847859,5.43653382677218e-09,0.999941169693856,0.999999999956702
"CD8B",5.72697813347791e-11,-1.40049257056378,5.35938409206e-09,0.999941588615197,0.999999999956702
"THYN1",5.32239275874041e-11,-1.41124516781159,4.62889865172457e-09,0.999945715118113,0.999999999956702
"ATXN2L",5.16129487260499e-11,-1.41572462978276,4.35292491934814e-09,0.999947358209878,0.999999999956702
"FGL2",5.12832142156724e-11,-1.4166563819439,4.29748438387819e-09,0.999947694517244,0.999999999956702
"GMFG",5.08643610372418e-11,-1.41784747131483,4.22757206449481e-09,0.999948121719751,0.999999999956702
"ALG13",4.9489140816361e-11,-1.42181882051368,4.00206060569542e-09,0.999949524353314,0.999999999956702
"ISG20",4.89524031934196e-11,-1.4233947722836,3.91572214762236e-09,0.999950071790148,0.999999999956702
"C1orf162",4.8813558057004e-11,-1.42380487995788,3.89354109361781e-09,0.999950213402993,0.999999999956702
"ARL4C",4.68147021905824e-11,-1.42982372429237,3.58119824492786e-09,0.999952252103619,0.999999999956702
"EIF2AK2",4.37092909072053e-11,-1.43963136342283,3.12184513339916e-09,0.999955419417499,0.999999999956702
"PRELID1",4.37039803435238e-11,-1.4396486455665,3.12108658756587e-09,0.999955424833922,0.999999999956702
"EXOC4",4.36906460835969e-11,-1.43969204720501,3.11918236599744e-09,0.999955438433984,0.999999999956702
"CNOT4",4.34117367558644e-11,-1.44060250750616,3.07948543723432e-09,0.99995572290303,0.999999999956702
"ESD",4.23734981254758e-11,-1.44403682901611,2.93394838924762e-09,0.999956781837685,0.999999999956702
"COPZ1",4.09208821081755e-11,-1.44896622134736,2.73623760321847e-09,0.999958263409836,0.999999999956702
"SLC25A37",3.78892225246240e-11,-1.45976241380253,2.34582289455624e-09,0.999961355501867,0.999999999956702
"LBH",3.7872547325891e-11,-1.45982383551053,2.34375853680144e-09,0.999961372509465,0.999999999956702
"HADHA",3.61462780352671e-11,-1.46631279608093,2.13496619441648e-09,0.999963133189835,0.999999999956702
"ECHS1",3.51758034465339e-11,-1.47007953025952,2.02186374499322e-09,0.999964123009655,0.999999999956702
"DDB1",3.46958269665347e-11,-1.47197584692474,1.96706322659554e-09,0.999964612553882,0.999999999956702
"HBG2",3.12574037700566e-11,-1.48626694753182,1.5965026312429e-09,0.999968119517865,0.999999999956702
"SCNM1",3.10180510747533e-11,-1.48731167941686,1.57214589666296e-09,0.999968363641765,0.999999999956702
"AGTRAP",3.04961651954512e-11,-1.48961404195676,1.51968751669413e-09,0.999968895930806,0.999999999956702
"OXLD1",2.96516699642126e-11,-1.49341293400373,1.43668695424735e-09,0.999969757260023,0.999999999956702
"RERE",2.85720105966311e-11,-1.49840856089686,1.33396808125528e-09,0.999970858441087,0.999999999956702
"PSMB2",2.75139209126583e-11,-1.50346557006115,1.23699744381209e-09,0.999971937622503,0.999999999956702
"MGAT4A",2.68288837625983e-11,-1.50683018213139,1.17616713710499e-09,0.999972636315036,0.999999999956702
"LSM3",2.62413133835447e-11,-1.50977587488485,1.12521358939661e-09,0.999973235597917,0.999999999956702
"RNASEK",2.37661462898829e-11,-1.52284834428695,9.22956781360571e-10,0.999975760104458,0.999999999956702
"FAM49B",2.25752348321064e-11,-1.52956346185339,8.32776355955312e-10,0.999976974755289,0.999999999956702
"LYZ",2.10717321340263e-11,-1.53849374755473,7.25544921737533e-10,0.999978508228486,0.999999999956702
"PSMC3",2.07083915732842e-11,-1.54073444355023,7.00739453082854e-10,0.999978878811799,0.999999999956702
"AHSP",1.99811568312901e-11,-1.54532344571336,6.52386687280572e-10,0.999979620543082,0.999999999956702
"RPAP2",1.8033228597139e-11,-1.55836892042807,5.31386857537742e-10,0.999981607300899,0.999999999956702
"GTF2F1",1.78016341770256e-11,-1.56000015061123,5.1782567161022e-10,0.999981843511872,0.999999999956702
"CHD4",1.71375347830520e-11,-1.56478178345334,4.79910808889976e-10,0.999982520849281,0.999999999956702
"RUNX1",1.4584010599647e-11,-1.58480486421246,3.47550386324554e-10,0.999985125274866,0.999999999956702
"KDM5A",1.34499128500296e-11,-1.59468913203742,2.95598872771728e-10,0.999986281979477,0.999999999956702
"ATP2B1",1.06785658002468e-11,-1.62227961566094,1.86332962636389e-10,0.999989108569963,0.999999999956702
"TIA1",1.05008974163291e-11,-1.62425274906545,1.80184182927715e-10,0.99998928977995,0.999999999956702
"LGALS1",1.04824674139725e-11,-1.62445907864282,1.79552259647206e-10,0.999989308577332,0.999999999956702
"HBG1",9.98767474657107e-12,-1.63011937747923,1.63001880523444e-10,0.99998981323309,0.999999999956702
"ROMO1",8.26490511117021e-12,-1.65193350409016,1.11619372497479e-10,0.999991570344046,0.999999999956702
"PIK3CD",6.9078605619637e-12,-1.6720935549204,7.79742054708393e-11,0.999992954439629,0.999999999956702
"MRPS33",6.65944802461679e-12,-1.67615076636607,7.24670029564475e-11,0.999993207803969,0.999999999956702
"ETNK1",6.42641872130361e-12,-1.68007765902564,6.74841638605263e-11,0.999993445478428,0.999999999956702
"DENR",6.30121748544114e-12,-1.68223868071162,6.48802884390024e-11,0.999993573175399,0.999999999956702
"ZC3HAV1",5.22870947472719e-12,-1.70245114512033,4.46737959473115e-11,0.999994667062554,0.999999999956702
"UFM1",4.44089560969836e-12,-1.71973230143475,3.22258930938247e-11,0.999995470580531,0.999999999956702
"EREG",3.79556127297935e-12,-1.73599522770824,2.354050886468e-11,0.999996128778824,0.999999999956702
"LGALS3",2.40994470610042e-12,-1.78115616517713,9.4902573491617e-12,0.999997542015974,0.999999999956702
"LUC7L",2.37408135124893e-12,-1.78260044062749,9.20990236406385e-12,0.999997578594221,0.999999999956702
"NBPF14",2.24491441960762e-12,-1.7879637930005,8.23499636985805e-12,0.999997710335939,0.999999999956702
"GIMAP7",2.09608982764974e-12,-1.79448528818199,7.17932499819153e-12,0.999997862127168,0.999999999956702
"DARS",2.04639033895777e-12,-1.79675257557828,6.8429093477102e-12,0.999997912817356,0.999999999956702
"ALAS2",1.64679636511276e-12,-1.8169503660253,4.43142733684859e-12,0.99999832037675,0.999999999956702
"RPAIN",1.54561897128159e-12,-1.82273537172037,3.90363058886956e-12,0.999998423570992,0.999999999956702
"AP3S1",1.28929486887604e-12,-1.83901005299952,2.7162412576943e-12,0.999998685004604,0.999999999956702
"CD3E",1.20265680701343e-12,-1.84514912316449,2.36345457913474e-12,0.99999877336969,0.999999999956702
"MS4A7",9.85671840953908e-13,-1.86239538074302,1.58755409405205e-12,0.999998994679988,0.999999999956702
"SPOCK2",9.5828337610379e-13,-1.864801016626,1.50055438921942e-12,0.999999022614409,0.999999999956702
"UTP18",9.16849384704948e-13,-1.86855599409633,1.37359856594952e-12,0.999999064874337,0.999999999956702
"GPATCH8",8.24812541187991e-13,-1.87745310163636,1.11166605471921e-12,0.999999158745823,0.999999999956702
"SESN3",7.82184834457816e-13,-1.88186875872554,9.99729748951097e-13,0.999999202223261,0.999999999956702
"IL7R",5.98329217782718e-13,-1.90369166625077,5.84984359819748e-13,0.999999389743816,0.999999999956702
"SYNE2",3.06018711170665e-13,-1.95498293613409,1.53024086816761e-13,0.999999687881178,0.999999999956702
"SYNRG",2.9014246088903e-13,-1.95886388905183,1.37558177592742e-13,0.999999704073902,0.999999999956702
"PRRC2C",1.81225045866102e-13,-1.9919704997991,5.36661289300861e-14,0.999999815162453,0.999999999956702
"GIMAP4",3.745437663029e-14,-2.08881294921578,2.29228693766962e-15,0.999999961799016,0.999999999956702
"PDZD8",1.14560740270558e-14,-2.14922658608485,2.14454644160064e-16,0.999999988315563,0.999999999956702
"LCK",1.05566496848804e-14,-2.15305293673744,1.82102560803887e-16,0.999999989232916,0.999999999956702
"HBM",5.70757712589223e-15,-2.18052538728445,5.32313414337611e-17,0.999999994178649,0.999999999956702
"TRA2A",5.27156525413583e-15,-2.18391297344831,4.54091117390255e-17,0.999999994623353,0.999999999956702
"PDGFRB",4.94652286674343e-15,-2.18660004865776,3.99819411102592e-17,0.999999994954874,0.999999999956702
"MMP9",4.90362508098667e-15,-2.1869660216901,3.92914764383764e-17,0.999999994998627,0.999999999956702
"COL1A1",4.8690099989546e-15,-2.18726335917986,3.87387110009391e-17,0.999999995033932,0.999999999956702
"CDC25A",4.74313891820932e-15,-2.18836022994394,3.67616945430364e-17,0.999999995162312,0.999999999956702
"BTF3L4",4.72619702736568e-15,-2.18850978484983,3.64995473350182e-17,0.999999995179592,0.999999999956702
"SKAP1",4.35610626384723e-15,-2.19189848783807,3.1007072448091e-17,0.99999999555706,0.999999999956702
"NOS2",4.18743001177273e-15,-2.19352638301756,2.86522647691251e-17,0.999999995729099,0.999999999956702
"CLEC2D",4.05805871201909e-15,-2.19481388048785,2.69091813308703e-17,0.999999995861049,0.999999999956702
"DUSP2",4.01741017052305e-15,-2.19522575271044,2.63727964246758e-17,0.999999995902508,0.999999999956702
"PGR",3.72287124401383e-15,-2.19832294493658,2.26474790038635e-17,0.999999996202918,0.999999999956702
"GZMK",3.65593992160017e-15,-2.1990562410714,2.18404676682315e-17,0.999999996271183,0.999999999956702
"ATP12A",3.64015286705389e-15,-2.19923089620115,2.16522522092767e-17,0.999999996287285,0.999999999956702
"GNLY",3.63185047967245e-15,-2.19932301037447,2.15535968014169e-17,0.999999996295753,0.999999999956702
"CFTR",3.62663688325856e-15,-2.19938094795495,2.1491759950131e-17,0.999999996301071,0.999999999956702
"RBL2",3.55658872676116e-15,-2.20016645513708,2.0669555070143e-17,0.999999996372515,0.999999999956702
"LINC00861",3.5196875107687e-15,-2.20058566072997,2.02428681905456e-17,0.999999996410152,0.999999999956702
"PON1",3.47068232143362e-15,-2.20114829233321,1.96831027814329e-17,0.999999996460134,0.999999999956702
"CCR5",3.42148369913502e-15,-2.20172010721074,1.91290227424216e-17,0.999999996510313,0.999999999956702
"DHRS4",3.39173708827115e-15,-2.20206930254332,1.87978506073386e-17,0.999999996540653,0.999999999956702
"PRTN3",3.38971714571673e-15,-2.20209311066443,1.87754672263555e-17,0.999999996542713,0.999999999956702
"ESR1",3.37972511802099e-15,-2.20221106302821,1.86649397254014e-17,0.999999996552904,0.999999999956702
"LEF1",3.36084453294113e-15,-2.20243476840716,1.84569816057297e-17,0.999999996572161,0.999999999956702
"IGLV2-14",3.34879961996735e-15,-2.20257805096839,1.8324922914944e-17,0.999999996584446,0.999999999956702
"SAMHD1",3.31446437854399e-15,-2.2029889554671,1.79510784467119e-17,0.999999996619466,0.999999999956702
"MET",3.25338412972521e-15,-2.20372912684803,1.72955557133727e-17,0.999999996681764,0.999999999956702
"AVP",3.20668520614211e-15,-2.20430318570903,1.68026000250032e-17,0.999999996729393,0.999999999956702
"IGKV3-11",3.14192665415546e-15,-2.2051113456221,1.61308004289006e-17,0.999999996795443,0.999999999956702
"PTBP1",3.05166609671959e-15,-2.20626216430867,1.52173089722501e-17,0.999999996887503,0.999999999956702
"KLRD1",2.89634060833025e-15,-2.20831342497015,1.37076529275641e-17,0.999999997045924,0.999999999956702
"CYP1A1",2.87454608518416e-15,-2.20860882821564,1.35021330882551e-17,0.999999997068153,0.999999999956702
"BAD",2.83804841151244e-15,-2.2091078895382,1.31614407131027e-17,0.999999997105379,0.999999999956702
"SHH",2.80703181310719e-15,-2.20953639105164,1.28753339537821e-17,0.999999997137013,0.999999999956702
"ANKRD44",2.74993805990943e-15,-2.2103359882475,1.23569035434713e-17,0.999999997195245,0.999999999956702
"MT-CO1",2.69750799406839e-15,-2.21108303375968,1.18902042168866e-17,0.99999999724872,0.999999999956702
"TTR",2.67530351115174e-15,-2.21140320784502,1.16952619097957e-17,0.999999997271368,0.999999999956702
"ILF3-AS1",2.67061002857846e-15,-2.21147117923032,1.16542621820105e-17,0.999999997276155,0.999999999956702
"SH3KBP1",2.62851720710791e-15,-2.21208543854726,1.12897800710281e-17,0.999999997319087,0.999999999956702
"USP48",2.61421873645569e-15,-2.21229603445193,1.11672870330404e-17,0.99999999733367,0.999999999956702
"IGKC",2.5991907531126e-15,-2.21251845275144,1.10392645117026e-17,0.999999997348998,0.999999999956702
"EMC6",2.58504516932069e-15,-2.21272883096886,1.09194334338661e-17,0.999999997363425,0.999999999956702
"KNG1",2.51599094391581e-15,-2.21377036772027,1.03438444290491e-17,0.999999997433856,0.999999999956702
"CCDC47",2.5130295484239e-15,-2.2138155851712,1.03195087399038e-17,0.999999997436876,0.999999999956702
"PPARG",2.48070166011262e-15,-2.21431222310745,1.00557138779088e-17,0.999999997469849,0.999999999956702
"FIS1",2.42635095601844e-15,-2.2151599610192,9.61991137280759e-18,0.999999997525283,0.999999999956702
"EGFR",2.41959855234977e-15,-2.21526642742755,9.56644248938534e-18,0.99999999753217,0.999999999956702
"TEK",2.41603551471467e-15,-2.2153227102377,9.53828864724292e-18,0.999999997535804,0.999999999956702
"DEFA3",2.40417157933552e-15,-2.21551063602134,9.44484316641415e-18,0.999999997547904,0.999999999956702
"IGFBP3",2.39077738797149e-15,-2.21572376865632,9.33989754540821e-18,0.999999997561565,0.999999999956702
"DNAJC8",2.37981544356511e-15,-2.2158989693159,9.25444524088954e-18,0.999999997572746,0.999999999956702
"KLF1",2.37784556753083e-15,-2.2159305271488,9.23913097354573e-18,0.999999997574755,0.999999999956702
"MON2",2.37104135227043e-15,-2.21603970654197,9.18633099987572e-18,0.999999997581695,0.999999999956702
"IDO1",2.36878949814423e-15,-2.21607589919849,9.16889017866367e-18,0.999999997583992,0.999999999956702
"DEFA4",2.28897162432759e-15,-2.2173784144602,8.56139728852873e-18,0.9999999976654,0.999999999956702
"MS4A1",2.16795336339865e-15,-2.21943033141025,7.6800439266318e-18,0.999999997788831,0.999999999956702
"F8",2.16184135384783e-15,-2.21953657166482,7.63680099157549e-18,0.999999997795065,0.999999999956702
"GZMA",2.12097177175003e-15,-2.2202537354011,7.35078313022436e-18,0.999999997836749,0.999999999956702
"LTF",2.09572025663334e-15,-2.2207028425572,7.17679358327158e-18,0.999999997862504,0.999999999956702
"RNF5",2.05750291159165e-15,-2.22139154540788,6.9174296316716e-18,0.999999997901483,0.999999999956702
"C1QA",2.04227187094832e-15,-2.22166910956533,6.81539363526604e-18,0.999999997917018,0.999999999956702
"HBD",2.03096828021802e-15,-2.22187626257416,6.74015857491238e-18,0.999999997928547,0.999999999956702
"AR",1.97318286441318e-15,-2.22295111667247,6.36207088446189e-18,0.999999997987484,0.999999999956702
"MTRNR2L12",1.96381654229355e-15,-2.22312789806542,6.30181516560587e-18,0.999999997997037,0.999999999956702
"ABL1",1.94097971338955e-15,-2.22356200339387,6.15610226303492e-18,0.999999998020329,0.999999999956702
"KDR",1.78422467981704e-15,-2.22666720279375,5.20191100178166e-18,0.999999998180209,0.999999999956702
"PRPF38B",1.77216494611663e-15,-2.22691576726273,5.13182829200143e-18,0.999999998192509,0.999999999956702
"CTSK",1.76854334843206e-15,-2.22699069835616,5.11087490737018e-18,0.999999998196203,0.999999999956702
"ANKRD36B",1.75659673279509e-15,-2.22723882022594,5.0420595921191e-18,0.999999998208388,0.999999999956702
"CCL4",1.66533980935513e-15,-2.22918391752109,4.53178774520355e-18,0.999999998301464,0.999999999956702
"PARP8",1.65891374119836e-15,-2.22932433745871,4.4968814866039e-18,0.999999998308018,0.999999999956702
"NOD2",1.62487583097135e-15,-2.23007607086624,4.31423890341202e-18,0.999999998342734,0.999999999956702
"NFKB1",1.51395882329747e-15,-2.23262413040221,3.74534613074478e-18,0.999999998455862,0.999999999956702
"CXCL12",1.48550984406179e-15,-2.23330367969938,3.60591015153119e-18,0.999999998484878,0.999999999956702
"RP11-290D2.6",1.46129782625117e-15,-2.23389095717543,3.48932409591313e-18,0.999999998509573,0.999999999956702
"JCHAIN",1.45750506165195e-15,-2.23398371516307,3.47123468229899e-18,0.999999998513441,0.999999999956702
"ALPL",1.43564803836096e-15,-2.2345223718918,3.36790472156948e-18,0.999999998535734,0.999999999956702
"ALK",1.36755469077106e-15,-2.23624727660143,3.05599922679061e-18,0.999999998605185,0.999999999956702
"ARG1",1.34747271800145e-15,-2.23677018141936,2.96690605404586e-18,0.999999998625667,0.999999999956702
"AZU1",1.33853776662775e-15,-2.23700500620505,2.92769001467797e-18,0.99999999863478,0.999999999956702
"MBD4",1.32303928006424e-15,-2.23741556941655,2.86028500635214e-18,0.999999998650588,0.999999999956702
"USP3",1.22344800782765e-15,-2.24015783504888,2.44587844230502e-18,0.999999998752164,0.999999999956702
"LMO4",1.19096901741473e-15,-2.24109401590102,2.3177402364368e-18,0.99999999878529,0.999999999956702
"CXCR2",1.17768413679692e-15,-2.24148332401456,2.26632131531472e-18,0.99999999879884,0.999999999956702
"XDH",1.1339773342242e-15,-2.24279154597252,2.10122510520433e-18,0.999999998843418,0.999999999956702
"NBEAL1",1.12837568899901e-15,-2.24296235654641,2.08051702649521e-18,0.999999998849131,0.999999999956702
"MAP2K1",1.12669757999233e-15,-2.24301366992797,2.07433337993848e-18,0.999999998850843,0.999999999956702
"IL2",1.09808980382546e-15,-2.24389878212916,1.97033263616406e-18,0.999999998880021,0.999999999956702
"C9orf78",1.06171432328494e-15,-2.24505352180823,1.84195571998057e-18,0.999999998917122,0.999999999956702
"TRAC",1.04194351145337e-15,-2.24569559106597,1.77399414453511e-18,0.999999998937287,0.999999999956702
"GYPA",1.01180169718545e-15,-2.24669506469696,1.67284090741971e-18,0.999999998968029,0.999999999956702
"UQCRHL",9.90443315236582e-16,-2.24741901432167,1.60296146963761e-18,0.999999998989813,0.999999999956702
"APOB",9.38950523323688e-16,-2.24922159086683,1.44061936947287e-18,0.999999999042333,0.999999999956702
"ALOX5AP",8.7138976855459e-16,-2.25172119849627,1.24076274723694e-18,0.99999999911124,0.999999999956702
"RASSF5",8.24703421820999e-16,-2.25354848232127,1.11137193631992e-18,0.999999999158857,0.999999999956702
"IGHG1",7.74213856140327e-16,-2.25562833453451,9.79457762020963e-19,0.999999999210353,0.999999999956702
"IGKV1-5",7.04703847609894e-16,-2.25869281850608,8.11478688107846e-19,0.999999999281249,0.999999999956702
"HLF",6.78546227175344e-16,-2.25991416561701,7.52354829606752e-19,0.999999999307928,0.999999999956702
"ACHE",6.70287144735706e-16,-2.26030826875074,7.34151369910484e-19,0.999999999316352,0.999999999956702
"C5AR1",6.5199249959777e-16,-2.26119644022956,6.9462279702087e-19,0.999999999335011,0.999999999956702
"C1QB",6.36325787947576e-16,-2.26197435137939,6.61641718399982e-19,0.99999999935099,0.999999999956702
"PLAT",6.33421616085248e-16,-2.2621203732094,6.55616074256522e-19,0.999999999353952,0.999999999956702
"IGKV4-1",6.26378432195189e-16,-2.26247692702938,6.41117193397195e-19,0.999999999361135,0.999999999956702
"CYP3A4",6.18141068753782e-16,-2.26289836608226,6.24365690873e-19,0.999999999369537,0.999999999956702
"PLG",4.73072138684955e-16,-2.27125501557254,3.65694623701047e-19,0.999999999517498,0.999999999956702
"ZFC3H1",4.68375956905461e-16,-2.27156095594332,3.58470168314884e-19,0.999999999522288,0.999999999956702
"TLR9",4.56280711726385e-16,-2.27236132661486,3.40195099734642e-19,0.999999999534624,0.999999999956702
"ATM",4.42823282468932e-16,-2.2732737215677,3.2042377061782e-19,0.99999999954835,0.999999999956702
"ETS1",4.37202713973452e-16,-2.27366191182035,3.12341384772814e-19,0.999999999554082,0.999999999956702
"CD79A",4.26877364934752e-16,-2.27438644342284,2.97762558282844e-19,0.999999999564613,0.999999999956702
"FCGR3A",4.00253381093908e-16,-2.27632716901244,2.61778425661505e-19,0.999999999591768,0.999999999956702
"CLC",3.97005279876383e-16,-2.27657153092192,2.57546942342545e-19,0.999999999595081,0.999999999956702
"BOD1L1",3.88987981659132e-16,-2.2771821827168,2.4724994278671e-19,0.999999999603258,0.999999999956702
"ZMAT2",3.03395637723449e-16,-2.2844880532608,1.50412003894125e-19,0.999999999690557,0.999999999956702
"EHMT1",2.95728361073729e-16,-2.28522680944382,1.42905777085367e-19,0.999999999698377,0.999999999956702
"ELANE",2.92287846535944e-16,-2.28556371292431,1.39599977452658e-19,0.999999999701886,0.999999999956702
"S100A8",2.62094415993506e-16,-2.28867748403437,1.12248195889784e-19,0.999999999732681,0.999999999956702
"PSMD5-AS1",2.07244288341243e-16,-2.29523037464063,7.01825224796833e-20,0.999999999788625,0.999999999956702
"ABCB1",1.82342942227886e-16,-2.29871682077333,5.43302557402607e-20,0.999999999814022,0.999999999956702
"CD164",1.43903187576358e-16,-2.30500924786321,3.38379980508125e-20,0.999999999853228,0.999999999956702
"VEGFA",1.42515934336185e-16,-2.30526248189964,3.31887336519556e-20,0.999999999854643,0.999999999956702
"F2",1.33632804015481e-16,-2.30693658576394,2.91803163328881e-20,0.999999999863703,0.999999999956702
"S100A12",1.10441284763958e-16,-2.31181089689309,1.99308918838878e-20,0.999999999887357,0.999999999956702
"FLT1",7.43535571277707e-17,-2.32153927852743,9.03373473031321e-21,0.999999999924164,0.999999999956702
"SHISA5",6.13726883819339e-17,-2.32607424916048,6.15480259554691e-21,0.999999999937404,0.999999999956702
"F10",4.24516769897e-17,-2.3344656862869,2.94478461276636e-21,0.999999999956702,0.999999999956702
