"gene","distance","Z","FC","p.value","p.adj"
"CA2",0.000556733907969341,7.20328760761479,815899.985398682,0,0
"PRSS57",2.52723689082382e-05,3.83572176248914,1681.25459580449,0,0
"SMIM24",6.09377270754821e-06,2.7084398813952,97.7493959546779,4.74828443427205e-23,4.74828443427205e-20
"GYPC",3.02709048573133e-06,2.23013721121159,24.1208376583052,9.04759507292505e-07,0.000678569630469379
"CDCA7",2.97702191008252e-06,2.21929014601813,23.3295113036337,1.36489665030169e-06,0.000818937990181013
"RPS18",2.719754083846e-06,2.16094175276119,19.4715648173719,1.02108467475162e-05,0.00510542337375809
"C1orf228",2.53366267563507e-06,2.11569316144437,16.8981502374946,3.94399982746936e-05,0.0169028564034401
"SPINK2",2.5078468487453e-06,2.10919136773292,16.5555495644739,4.72455195411155e-05,0.0177170698279183
"CD34",2.45046194784485e-06,2.09452961168821,15.8065651405454,7.01586477776399e-05,0.02338621592588
"RPS6",2.32061230933194e-06,2.06022854038108,14.1757734101863,0.000166500544898814,0.0499501634696441
"IMPDH2",2.21010715351963e-06,2.02970882539935,12.8578465999178,0.00033606709623162,0.0916546626086237
"ZFP36L2",2.05672278529151e-06,1.98508962291896,11.1350737646959,0.000847105615806019,0.211776403951505
"FABP5",2.03745029896807e-06,1.97928208705849,10.9273694470203,0.000947539391275911,0.218662936448287
"BST2",2.01842827047058e-06,1.97350340978173,10.7242818731,0.00105738698354239,0.226582925044798
"C1QTNF4",1.96719349004775e-06,1.95770207830652,10.1867520802854,0.00141453249782237,0.282906499564474
"RPS21",1.89355579417581e-06,1.9343585308572,9.4383872488542,0.0021249026784139,0.37680689978738
"ICAM3",1.88460776824547e-06,1.93146887649413,9.34939553539894,0.0022305902555107,0.37680689978738
"RPL18A",1.87595080323117e-06,1.92866194062435,9.26369972319666,0.00233740365432771,0.37680689978738
"LCP1",1.86854076577206e-06,1.92625042709342,9.19066071956782,0.00243253067435189,0.37680689978738
"IGFBP7",1.86254759486365e-06,1.9242939804674,9.13179888733553,0.00251204599858253,0.37680689978738
"HPSE",1.77188739492886e-06,1.89401619897492,8.26444734124523,0.00404289664587389,0.57755666369627
"RPS19",1.7619575618496e-06,1.89061929287753,8.17207732519766,0.0042540158790103,0.580093074410495
"RPS3A",1.73555391733663e-06,1.88150591234751,7.92898871810234,0.00486489796370887,0.620310418817861
"CALD1",1.73033417775511e-06,1.87969015496576,7.88136701182805,0.00499467115354611,0.620310418817861
"RPS5",1.72350228888275e-06,1.87730644308055,7.81925377757319,0.00516925349014884,0.620310418817861
"EEF1B2",1.71284774830287e-06,1.87357266738198,7.72287671103645,0.00545254465878064,0.629139768320843
"SELL",1.69651501122597e-06,1.86780997828607,7.57629703297221,0.00591408083125696,0.657120092361884
"TGFB1I1",1.67833566708479e-06,1.86133924646088,7.41479635393076,0.00646896361232059,0.693103244177206
"CCND1",1.63000522355913e-06,1.84383805600534,6.9939024719207,0.00817878415712423,0.812847586355794
"DAAM1",1.62759988295229e-06,1.8429554165755,6.97327639657984,0.00827358729944147,0.812847586355794
"FKBP4",1.62127412399086e-06,1.84062880268704,6.91917766426426,0.00852761817671185,0.812847586355794
"RPS28",1.61779286576457e-06,1.83934505645521,6.88949535071501,0.00867037425446181,0.812847586355794
"RPL12",1.59382108944525e-06,1.83044002516409,6.68683670664881,0.00971273983704594,0.882976348822358
"RPL36",1.56436651174402e-06,1.81933880579449,6.44196855429572,0.0111455068877636,0.983427078332081
"RBPMS2",1.55771386650977e-06,1.81680655522916,6.38729465810595,0.0114940073832402,0.985200632849164
"BANK1",1.54265246301345e-06,1.81103899243584,6.26437537044446,0.0123189592974472,0.99999999994277
"THBS1",1.52820279623431e-06,1.80545988870941,6.14757108992477,0.0131592708379119,0.99999999994277
"RPL10A",1.51921362362566e-06,1.80196613210971,6.07546148725078,0.0137072485464959,0.99999999994277
"GSN",1.51889837565809e-06,1.80184328391342,6.07294034323381,0.013726826496498,0.99999999994277
"LAT",1.47863300157431e-06,1.78596869471598,5.75522582869972,0.0164396823625639,0.99999999994277
"RSU1",1.47862037172837e-06,1.78596365725769,5.75512751180151,0.0164406023632884,0.99999999994277
"CD9",1.47512226145557e-06,1.78456699405936,5.72792883809851,0.0166971640827157,0.99999999994277
"CDKN2D",1.47297367308303e-06,1.78370772820281,5.71125496804264,0.0168564847691181,0.99999999994277
"FCER1G",1.45601739851843e-06,1.77688839160484,5.58052051095906,0.0181613241417072,0.99999999994277
"RPL3",1.45189352858617e-06,1.77521954429344,5.54895392324278,0.01849173522361,0.99999999994277
"FHL2",1.45102113737524e-06,1.77486598165432,5.54228758829841,0.0185623029556371,0.99999999994277
"PDLIM7",1.45031505499306e-06,1.77457968647136,5.5368950279935,0.0186195903984993,0.99999999994277
"PLEK",1.44747525926596e-06,1.77342702014579,5.51523317334172,0.018851560103897,0.99999999994277
"RPL7",1.443267122715e-06,1.77171535842155,5.48321173812558,0.0191999503738292,0.99999999994277
"PPBP",1.4415064830625e-06,1.77099794079176,5.4698419725003,0.0193473748988655,0.99999999994277
"TPM1",1.42458331669046e-06,1.7640633742329,5.34216487621703,0.0208156071956266,0.99999999994277
"CD151",1.42206491422663e-06,1.76302535230253,5.32329363271568,0.0210422024226929,0.99999999994277
"RPS23",1.41593204621618e-06,1.7604908964035,5.27747763762078,0.0216030223437578,0.99999999994277
"SPX",1.41431345442725e-06,1.75982042280129,5.26541886736254,0.0217531873186269,0.99999999994277
"NPM1",1.41303800548409e-06,1.75929162413733,5.25592628321632,0.0218721563585622,0.99999999994277
"PF4",1.40765436187577e-06,1.75705503308375,5.21595265165296,0.0223805818701623,0.99999999994277
"PPP1R14A",1.4055609294617e-06,1.75618334244643,5.20045008906739,0.0225810404930343,0.99999999994277
"ZFAS1",1.40192744630412e-06,1.754667725444,5.17359771442624,0.0229326742763598,0.99999999994277
"CD84",1.39235642474162e-06,1.75065914694365,5.10319808093063,0.0238817729511647,0.99999999994277
"CCND3",1.38182809523357e-06,1.74622210055593,5.02631400617263,0.0249649758659321,0.99999999994277
"FERMT3",1.38022481506515e-06,1.74554386162865,5.0146571082362,0.0251336065277789,0.99999999994277
"ITM2C",1.37743770992463e-06,1.7443632089317,4.99442523714342,0.025429097684084,0.99999999994277
"RPL34",1.3688743023035e-06,1.74072271558964,4.93251847741263,0.0263558796461252,0.99999999994277
"RPS3",1.36675230525984e-06,1.73981757399945,4.91723778009425,0.0265899968957326,0.99999999994277
"RPS14",1.36334164293882e-06,1.73836020893986,4.89272695701248,0.0269700550129039,0.99999999994277
"VWF",1.35735422930261e-06,1.73579418920197,4.8498463584064,0.0276485949110769,0.99999999994277
"PARVB",1.3454593361454e-06,1.73066733159001,4.76521755212967,0.0290403889612958,0.99999999994277
"PDLIM1",1.31790242451015e-06,1.71863817360467,4.57201970472184,0.0324982291571542,0.99999999994277
"ACTN1",1.30960320633594e-06,1.71497292071608,4.51461831372627,0.0336063836531328,0.99999999994277
"RPL22L1",1.30729405806234e-06,1.71394955281437,4.49871161435348,0.0339204015940679,0.99999999994277
"RPL13",1.29303055756655e-06,1.7075935004757,4.40107892141799,0.0359162014904075,0.99999999994277
"HSH2D",1.29105841243019e-06,1.70670993010581,4.38766400674114,0.0361998792378022,0.99999999994277
"ILK",1.28961821547317e-06,1.70606395061762,4.37788044348824,0.0364082450553895,0.99999999994277
"GP1BA",1.28870137758825e-06,1.70565239229434,4.37165785789605,0.0365414237047798,0.99999999994277
"SH3BP5",1.27716034661566e-06,1.70045005259263,4.29370726291736,0.0382536673813972,0.99999999994277
"CMTM5",1.27681775615118e-06,1.70029500515072,4.2914040503594,0.038305519862252,0.99999999994277
"MYL6",1.27251669221169e-06,1.69834539966336,4.26254086270876,0.0389616039619158,0.99999999994277
"ZYX",1.26668662525961e-06,1.69569363417698,4.2235724605471,0.0398661412069363,0.99999999994277
"LTBP1",1.26558136158571e-06,1.69518972692563,4.21620501150374,0.0400396174122273,0.99999999994277
"DGKD",1.25438612586958e-06,1.69006414916663,4.14194247835494,0.0418331391656652,0.99999999994277
"CDK6",1.24458045981435e-06,1.68554227361279,4.07743959517307,0.0434594661283719,0.99999999994277
"RP11-620J15.3",1.23273569759531e-06,1.68003894166785,4.00019833304799,0.0454949101317094,0.99999999994277
"CMAS",1.22694450869273e-06,1.67733162374967,3.9627020725895,0.0465189743968673,0.99999999994277
"GOLGB1",1.21867229502112e-06,1.67344528909846,3.90944813400862,0.048015361976581,0.99999999994277
"ITGA2B",1.21745524668593e-06,1.67287159532666,3.9016435559626,0.0482388944326234,0.99999999994277
"STOM",1.20010052185758e-06,1.66463665583045,3.79120116176002,0.0515226623201175,0.99999999994277
"SNCA",1.19582602290766e-06,1.66259263118419,3.76424237810779,0.052359573241146,0.99999999994277
"MMRN1",1.18736263278149e-06,1.65852687206372,3.71114851045157,0.0540501875288003,0.99999999994277
"FLNA",1.18665278642024e-06,1.65818473217318,3.70671253151434,0.0541940313856653,0.99999999994277
"CSRP1",1.1863909516389e-06,1.65805848550896,3.70507694071504,0.0542471703871038,0.99999999994277
"RAP1B",1.18502348813017e-06,1.65739875671861,3.69654073671442,0.0545254021300255,0.99999999994277
"VASP",1.17975446277376e-06,1.65485058035253,3.66374161340856,0.0556086208304036,0.99999999994277
"PROS1",1.17712812473986e-06,1.65357678056984,3.64744752191866,0.0561552100453335,0.99999999994277
"GP6",1.16860349239113e-06,1.64942530288068,3.59480998501466,0.0579602542764585,0.99999999994277
"PGF",1.1599684814398e-06,1.64519337569131,3.54188093023006,0.0598375692756489,0.99999999994277
"FYB",1.15462258360632e-06,1.64255978014272,3.50930952419568,0.0610248837208051,0.99999999994277
"TTK",1.14879667876308e-06,1.6396777206167,3.47398486661273,0.0623409615160073,0.99999999994277
"RPL26",1.13501658874173e-06,1.63281028370648,3.39114217024571,0.0655475287114128,0.99999999994277
"ACTB",1.13308456610413e-06,1.63184170548439,3.37960720713279,0.0660077844862704,0.99999999994277
"LRRFIP2",1.11861472853538e-06,1.62454196416776,3.29384111399325,0.0695401634087398,0.99999999994277
"RAB27B",1.10745919344281e-06,1.61885845594557,3.22847215508014,0.0723681756101761,0.99999999994277
"TAOK1",1.09390221280872e-06,1.61188466285949,3.149913162867,0.075931003703679,0.99999999994277
"RPS9",1.09377376952556e-06,1.61181823545277,3.14917349632122,0.0759654313719078,0.99999999994277
"GATA1",1.09178093849049e-06,1.61078673460029,3.13770850475352,0.0765012190997393,0.99999999994277
"GNB5",1.09132548339556e-06,1.61055076061944,3.13509115324863,0.0766241032575254,0.99999999994277
"UROD",1.08287944032968e-06,1.60615936151297,3.08675241100533,0.0789321969149462,0.99999999994277
"RPL29",1.07942271911825e-06,1.60435357138266,3.06707706782086,0.0798930003546813,0.99999999994277
"RPL14",1.07752617639491e-06,1.60336069961652,3.05630884420705,0.0804241735743536,0.99999999994277
"TMSB4X",1.0760156441467e-06,1.60256883268569,3.04774586497086,0.0808492843195415,0.99999999994277
"RTN4",1.07412821027314e-06,1.60157803486802,3.03706316965928,0.0813830291787771,0.99999999994277
"TLN1",1.07234550531198e-06,1.60064083501476,3.02699045277277,0.0818897804298837,0.99999999994277
"EIF3E",1.07112221197043e-06,1.59999695067662,3.02008822735905,0.082238991976877,0.99999999994277
"PF4V1",1.04660172733631e-06,1.58695494031081,2.88339721023426,0.0894970245498054,0.99999999994277
"IFI27L2",1.04655666416821e-06,1.58693073063845,2.88314891670961,0.0895108232373918,0.99999999994277
"CNN2",1.04334091524754e-06,1.58520078220965,2.86545806610115,0.0904999417082811,0.99999999994277
"ESAM",1.04305121660694e-06,1.58504471000563,2.8638670155691,0.0905894789602324,0.99999999994277
"RPS25",1.04135518723389e-06,1.58413024105897,2.85456113771668,0.091115102054396,0.99999999994277
"TBXAS1",1.04041345282668e-06,1.58362192018116,2.8494005106047,0.0914080157829827,0.99999999994277
"PYCARD",1.03541481976051e-06,1.58091714594315,2.82208657633055,0.0929754667998724,0.99999999994277
"PDLIM5",1.03534256736414e-06,1.58087796753209,2.82169273339968,0.0929982805959586,0.99999999994277
"LCN2",1.03210224911844e-06,1.57911849795979,2.80405823251604,0.0940260431121183,0.99999999994277
"SLAIN2",1.02802041367199e-06,1.57689530194728,2.7819226909417,0.0953336583569856,0.99999999994277
"RPL7A",1.02135330332267e-06,1.57324760493215,2.74595600812063,0.0975007475055119,0.99999999994277
"KCNAB2",1.01686533128962e-06,1.57078057997652,2.72187678397957,0.0989815704422904,0.99999999994277
"TREML1",1.01582049218824e-06,1.57020488860344,2.71628614748911,0.0993288821916171,0.99999999994277
"PPIF",1.01291681548858e-06,1.56860232024321,2.70077958066694,0.100299192317234,0.99999999994277
"RPL11",1.00360251686793e-06,1.5634348053991,2.65133779734108,0.103462792350073,0.99999999994277
"TSPAN32",1.00221867563171e-06,1.56266353534139,2.64403111775748,0.103939508832743,0.99999999994277
"FBL",9.99140576731757e-07,1.56094469098258,2.62781491362926,0.105006134678498,0.99999999994277
"EEF1A1",9.95826081675416e-07,1.55908872981279,2.61040908926297,0.106164372384643,0.99999999994277
"NASP",9.94037594391962e-07,1.55808504857924,2.6010410056042,0.106793547307969,0.99999999994277
"RPL37",9.92420418829227e-07,1.55717616497482,2.59258474926216,0.107364996788644,0.99999999994277
"ACTR3",9.8973121785039e-07,1.55566195252031,2.57855332631684,0.108320619601348,0.99999999994277
"MANF",9.84652300980696e-07,1.55279246066844,2.55215695668902,0.11014379215498,0.99999999994277
"PSTPIP2",9.82027309955021e-07,1.55130438673424,2.53856747108464,0.111095539741484,0.99999999994277
"GFI1B",9.79022190171149e-07,1.54959660796963,2.52305460929055,0.112193068611947,0.99999999994277
"WDR1",9.77582447088496e-07,1.54877681543769,2.51563929336432,0.112721911975337,0.99999999994277
"SELP",9.69675374310968e-07,1.54425587388966,2.47510890430887,0.115661431670623,0.99999999994277
"GUCY1B3",9.69013491093532e-07,1.54387599655437,2.47173112660293,0.115910200511102,0.99999999994277
"DIAPH1",9.68613437201904e-07,1.54364628354657,2.46969065647799,0.11606076457611,0.99999999994277
"RPL32",9.67018974282274e-07,1.54272992153555,2.46156648860078,0.116662383341642,0.99999999994277
"TROVE2",9.6291453283574e-07,1.54036503226046,2.4407149555702,0.118222331057727,0.99999999994277
"RPL31",9.60078458420125e-07,1.5387258675164,2.42635884141525,0.119309743627212,0.99999999994277
"ARHGAP6",9.5597741745989e-07,1.53634819472402,2.40567439718645,0.120896013781438,0.99999999994277
"PLAC8",9.55690708148773e-07,1.53618163983718,2.40423163126442,0.121007526333234,0.99999999994277
"CMTM6",9.54415294629706e-07,1.53544020560407,2.39781879627518,0.121504560458837,0.99999999994277
"CSF3R",9.46452196068768e-07,1.53079162404932,2.35797364188172,0.124644003169844,0.99999999994277
"EIF4B",9.42968909711864e-07,1.52874759703083,2.34064918929902,0.126037018999854,0.99999999994277
"RPS15",9.42886540247704e-07,1.52869918310087,2.34024029013605,0.126070105891989,0.99999999994277
"GP9",9.40218599359605e-07,1.52712908492615,2.32701539152348,0.127145450536414,0.99999999994277
"PLXDC2",9.38584644986541e-07,1.52616559662743,2.31893443433304,0.12780755075753,0.99999999994277
"LGALSL",9.37552356292379e-07,1.52555614506679,2.31383634666803,0.128227228120838,0.99999999994277
"CITED2",9.35083364874027e-07,1.52409613129908,2.30166567732698,0.129235342751106,0.99999999994277
"CAP1",9.34713937692422e-07,1.52387738848615,2.29984737977022,0.129386711699454,0.99999999994277
"RPLP0",9.34290875945866e-07,1.5236267963825,2.29776597877692,0.129560225937729,0.99999999994277
"CD63",9.32702361924604e-07,1.52268499824813,2.28995913700745,0.130213351218315,0.99999999994277
"TAGLN2",9.31791051382371e-07,1.52214407627777,2.28548644670994,0.130589192709805,0.99999999994277
"UHRF1",9.31726919894224e-07,1.52210599290614,2.28517185557327,0.130615673396923,0.99999999994277
"RPS24",9.2107883282468e-07,1.51575125940731,2.2332388971065,0.13507044285331,0.99999999994277
"TPM4",9.20006729641625e-07,1.51510792947603,2.22804310055493,0.135525399621146,0.99999999994277
"RPN1",9.16877787886665e-07,1.51322666429304,2.21291372818302,0.136859964025336,0.99999999994277
"SBDS",9.15178309464086e-07,1.51220253888884,2.20471784042584,0.137589066935867,0.99999999994277
"TIMP1",9.14506171288488e-07,1.51179704826673,2.20148058962594,0.137878249822446,0.99999999994277
"TACC1",9.12410042620499e-07,1.51053083440123,2.19140018076425,0.138783104212308,0.99999999994277
"MYL9",9.03097738457706e-07,1.5048750363817,2.14689640621662,0.142858414287441,0.99999999994277
"LCP2",8.90630583743e-07,1.49722393338931,2.08803026145374,0.148457374263836,0.99999999994277
"PIP4K2A",8.89734182475269e-07,1.49667026130619,2.08382925805823,0.148866314249645,0.99999999994277
"SH3BGRL3",8.84520044519628e-07,1.49344012731485,2.05947696027731,0.151262082939427,0.99999999994277
"PTTG1IP",8.8401512673559e-07,1.49312646224941,2.05712637534312,0.151495631416609,0.99999999994277
"MGLL",8.79212659882763e-07,1.49013532953156,2.03483615421787,0.153730749568218,0.99999999994277
"PAICS",8.78496120589085e-07,1.48968783894867,2.03152081086206,0.154066372682816,0.99999999994277
"P2RX1",8.75687121556357e-07,1.48793053344148,2.01854997011873,0.155387464814273,0.99999999994277
"MYLK",8.75495036401512e-07,1.4878101878749,2.01766451468915,0.155478116991829,0.99999999994277
"RPL30",8.75203079365149e-07,1.48762722679422,2.01631905159258,0.155615979321564,0.99999999994277
"RPL9",8.7454324830379e-07,1.48721353577911,2.01327992055228,0.15592789380485,0.99999999994277
"RPS8",8.73142776184935e-07,1.48633459654083,2.00683704919374,0.156591494815717,0.99999999994277
"PSMA6",8.68083954539833e-07,1.48314951460299,1.98364995782502,0.15900641881688,0.99999999994277
"RPS29",8.65574869627043e-07,1.48156383207983,1.97219956007189,0.160214584508765,0.99999999994277
"CTSW",8.62586113241448e-07,1.47966983028027,1.95860339927064,0.161662761179163,0.99999999994277
"MLEC",8.62053841802749e-07,1.47933193191312,1.95618697501913,0.161921702347507,0.99999999994277
"C6orf25",8.61463599322451e-07,1.47895702185119,1.95350911590125,0.162209211397887,0.99999999994277
"RPS16",8.58610092265361e-07,1.47714140364588,1.94058896506283,0.163604599469051,0.99999999994277
"FHL1",8.5850931511047e-07,1.47707718653237,1.94013344850325,0.16365404520713,0.99999999994277
"CAMTA1",8.57375576855167e-07,1.47635429899402,1.93501259288575,0.1642110837651,0.99999999994277
"STX11",8.52747959587365e-07,1.47339509392508,1.91418080730496,0.166499586439048,0.99999999994277
"LIMS1",8.52177564107177e-07,1.47302938773577,1.91162090690896,0.166783316821911,0.99999999994277
"CD226",8.51713977277507e-07,1.47273200593239,1.90954161905887,0.167014185241909,0.99999999994277
"TC2N",8.50630057687315e-07,1.4720361481191,1.90468441914721,0.167554919400578,0.99999999994277
"TGFB1",8.49911693475628e-07,1.47157454940531,1.90146873365242,0.167914013118339,0.99999999994277
"RPL5",8.47686898093254e-07,1.47014282796801,1.89152689615246,0.169029803405119,0.99999999994277
"VPS13A",8.42862427933691e-07,1.46702697937565,1.87005753849104,0.171468489700171,0.99999999994277
"ARHGAP18",8.39371694982437e-07,1.4647629164152,1.85459984671571,0.173249351348693,0.99999999994277
"PFN1",8.37983670492049e-07,1.46386039877948,1.84847121124083,0.173961306279214,0.99999999994277
"RPL39",8.37165536617687e-07,1.46332783022577,1.84486360233438,0.174381971508584,0.99999999994277
"MYH9",8.32048715111765e-07,1.45998679572797,1.82238061938914,0.177030166241177,0.99999999994277
"PRKAR2B",8.30949887436116e-07,1.45926700602504,1.81757042028489,0.177602748645031,0.99999999994277
"CDC42EP3",8.26966562916539e-07,1.45665082390078,1.80018641241309,0.179689960161133,0.99999999994277
"LRPPRC",8.23921342688664e-07,1.45464343787111,1.78695281643733,0.181297873135922,0.99999999994277
"F2R",8.18246441182803e-07,1.45088546324089,1.76242169311684,0.184322741842779,0.99999999994277
"RALB",8.17738698090411e-07,1.45054813706517,1.76023511519987,0.184595192159958,0.99999999994277
"ABRACL",8.12306502673754e-07,1.4469278403049,1.73692649250707,0.187528732116399,0.99999999994277
"PAPSS1",8.10567197823944e-07,1.44576426702614,1.72949626674211,0.188475241727133,0.99999999994277
"CYB5R3",8.09781454136614e-07,1.44523790850265,1.72614483057297,0.188903988038285,0.99999999994277
"TMEM91",8.09417826586028e-07,1.44499417057269,1.72459494847356,0.189102647083628,0.99999999994277
"RPS4Y1",8.08373709980143e-07,1.4442937789454,1.72014850125287,0.189673930713549,0.99999999994277
"DNM1L",8.04932464940956e-07,1.4419798648993,1.7055343373438,0.191565794027106,0.99999999994277
"ARPC5",8.03195801857587e-07,1.44080888333487,1.69818280558281,0.192525798070669,0.99999999994277
"MEF2C",8.01977179226738e-07,1.43998589789891,1.69303368977514,0.193201544405872,0.99999999994277
"RPS12",8.01029514227598e-07,1.43934515587088,1.6890348706905,0.193728243318365,0.99999999994277
"DSTN",7.9852253015355e-07,1.4376469602327,1.67847906153268,0.195126672086341,0.99999999994277
"TUBA4A",7.93168487490415e-07,1.434004766435,1.65604632929602,0.198137987117652,0.99999999994277
"AC090498.1",7.89319060706192e-07,1.43137300070189,1.64001099771238,0.200323959207796,0.99999999994277
"RPSA",7.84511919801698e-07,1.42807089060047,1.620095712898,0.203078442297242,0.99999999994277
"MFF",7.7847805068679e-07,1.42390134764436,1.59527046144438,0.206574745164936,0.99999999994277
"CLIC4",7.76903303279825e-07,1.42280857855101,1.58882299085464,0.207494376209143,0.99999999994277
"YWHAZ",7.69534257800372e-07,1.41766944636374,1.55882548090361,0.211837275332209,0.99999999994277
"MYB",7.69104016535858e-07,1.41736808989993,1.55708291114664,0.212092849813928,0.99999999994277
"DHX29",7.67311806856176e-07,1.41611119645875,1.54983456092014,0.213159865822143,0.99999999994277
"ITGB1",7.63939408991011e-07,1.41373922655476,1.53624120050891,0.215178163208968,0.99999999994277
"SDPR",7.60762119680916e-07,1.41149621493939,1.52348905742904,0.217092257458331,0.99999999994277
"FNBP1",7.55208758001179e-07,1.40755635087015,1.50132810624064,0.220467124124432,0.99999999994277
"HMGA1",7.53468596785862e-07,1.40631664539804,1.49441732037872,0.221532350505995,0.99999999994277
"ARF3",7.51653108748214e-07,1.40502064350816,1.48722437785448,0.222647613153134,0.99999999994277
"PRDX2",7.50899025935367e-07,1.40448154180139,1.48424181110561,0.223112029123468,0.99999999994277
"PDE5A",7.47689965253242e-07,1.40218211990257,1.47158273394576,0.225096139893288,0.99999999994277
"NDUFAF3",7.4436564012384e-07,1.39979111934023,1.45852613450627,0.227164773803528,0.99999999994277
"RUFY1",7.44100867447171e-07,1.3996002877647,1.45748871642675,0.227330115252391,0.99999999994277
"MYL12A",7.43404538853742e-07,1.39909813820616,1.45476216080673,0.227765357995386,0.99999999994277
"NAA38",7.39585252037425e-07,1.39633667112813,1.43985269735938,0.230163178696449,0.99999999994277
"RPS13",7.36735109730656e-07,1.39426790716421,1.42877654977151,0.231964210001764,0.99999999994277
"GOLGA2",7.35827519361752e-07,1.39360768845594,1.42525847364405,0.232539819496306,0.99999999994277
"EEF2",7.34421879134024e-07,1.39258378116353,1.419818375089,0.233433299952011,0.99999999994277
"AKR7A2",7.33621171552529e-07,1.39199976825023,1.41672413283963,0.233943348137149,0.99999999994277
"BIN2",7.32302661377496e-07,1.39103688690142,1.41163625739548,0.234784955046092,0.99999999994277
"CDK2AP2",7.31403771723362e-07,1.39037958902489,1.40817286305391,0.235359945294308,0.99999999994277
"RASGRP2",7.30035112570727e-07,1.38937744181186,1.40290763066757,0.236237344575977,0.99999999994277
"HINT1",7.28400677588038e-07,1.38817856696052,1.39663287900734,0.237288150915551,0.99999999994277
"TOP1",7.27550034356896e-07,1.38755369379483,1.3933727431144,0.23783634886571,0.99999999994277
"VIM",7.25432997829439e-07,1.3859958040992,1.38527562501478,0.239204556511204,0.99999999994277
"PBX1",7.23536438620856e-07,1.38459682868815,1.37804181314395,0.240434979558405,0.99999999994277
"ITGB3",7.2191521202804e-07,1.38339844146273,1.37187318106809,0.241490305868845,0.99999999994277
"HSPD1",7.20316329163312e-07,1.38221429647997,1.3658031178103,0.242534276982974,0.99999999994277
"RPL23A",7.18819349093369e-07,1.381103566321,1.36013212184782,0.243514585036471,0.99999999994277
"VCL",7.17041342501473e-07,1.3797817268374,1.35341184363654,0.244682538209489,0.99999999994277
"APBB1IP",7.16171910450456e-07,1.37913432841225,1.350131736409,0.24525508779352,0.99999999994277
"NRGN",7.16099013864386e-07,1.37908001722185,1.34985690020282,0.245303135260866,0.99999999994277
"ATP2A3",7.15754272131667e-07,1.37882310476763,1.34855752683777,0.245530450266985,0.99999999994277
"SELK",7.1220557987834e-07,1.37617228916228,1.33521844567096,0.247878968415052,0.99999999994277
"DMTN",7.09837238392961e-07,1.37439683557642,1.32635304077246,0.249455053325835,0.99999999994277
"YIF1B",7.05225881589577e-07,1.37092518250913,1.30917608810437,0.252543883274702,0.99999999994277
"UBE2J1",7.02984169912422e-07,1.36923044074506,1.30086632250289,0.254055040466552,0.99999999994277
"RHOF",7.00619394256112e-07,1.36743760637496,1.2921290478479,0.255655964705426,0.99999999994277
"PDIA6",7.00414235383413e-07,1.36728182118861,1.2913724232718,0.25579518452087,0.99999999994277
"PECAM1",6.93445743045932e-07,1.36196687310996,1.2658042585901,0.26055527635178,0.99999999994277
"CDK2AP1",6.91888310482597e-07,1.36077271111781,1.2601248208849,0.261627465022366,0.99999999994277
"GLTSCR2",6.91601257806421e-07,1.36055236056557,1.25907942913458,0.261825414034186,0.99999999994277
"RPL41",6.90040287060412e-07,1.35935272932856,1.25340226138106,0.262903657313237,0.99999999994277
"MTURN",6.88938654854611e-07,1.3585046986265,1.24940340471516,0.263666454338254,0.99999999994277
"EHD3",6.88575356584201e-07,1.35822477725364,1.24808605544598,0.263918345383867,0.99999999994277
"KIF5B",6.87919953816208e-07,1.35771946721601,1.24571126886113,0.26437318531458,0.99999999994277
"DNM3",6.86710328149452e-07,1.35678576540617,1.24133424937711,0.26521406630495,0.99999999994277
"TMEM55A",6.82667904992569e-07,1.35365512824389,1.22676266508356,0.268037547658747,0.99999999994277
"CLU",6.82273181107303e-07,1.35334858046508,1.22534442781646,0.268314350240998,0.99999999994277
"RCN1",6.81550067032121e-07,1.35278660381636,1.22274841708229,0.268821947704423,0.99999999994277
"LAMTOR1",6.78989353009807e-07,1.35079237380236,1.21357747842147,0.2706247670635,0.99999999994277
"FAM26F",6.77298155205036e-07,1.34947174753503,1.20753955295605,0.271819955143749,0.99999999994277
"ARHGEF6",6.76346995644033e-07,1.34872775476345,1.20415033273253,0.272493735685653,0.99999999994277
"HCST",6.76287779081648e-07,1.34868140602039,1.20393948675487,0.272535721155149,0.99999999994277
"SEPT7",6.73023640248747e-07,1.34612114147128,1.19234577769631,0.274856895328701,0.99999999994277
"PTGS1",6.70990789134774e-07,1.34452123842016,1.18515375444129,0.276309285559819,0.99999999994277
"RPL35",6.67549957740975e-07,1.34180367619909,1.17303001573434,0.278779527474416,0.99999999994277
"GDI1",6.67462229634054e-07,1.34173423101969,1.17272172138278,0.278842705034791,0.99999999994277
"RPS15A",6.67259596186131e-07,1.34157379720821,1.17200978124861,0.278988669117869,0.99999999994277
"EIF4G3",6.61379679565571e-07,1.33690002156042,1.15144520174452,0.283246822551766,0.99999999994277
"LSM1",6.61371223924954e-07,1.33689327467269,1.15141575982219,0.28325297754267,0.99999999994277
"RPL38",6.52306742888046e-07,1.3296174591783,1.12007038696037,0.289903298316201,0.99999999994277
"MAGED2",6.49328294372249e-07,1.32720771419642,1.1098652013637,0.292111252639584,0.99999999994277
"AHCY",6.48837035779489e-07,1.32680934142553,1.10818646790754,0.292476510143323,0.99999999994277
"SLMAP",6.48161473849097e-07,1.32626108812892,1.10588000632805,0.292979300423879,0.99999999994277
"FRMD4B",6.41483867452978e-07,1.32081520799957,1.0832109892476,0.297980344769667,0.99999999994277
"NCOR1",6.40140195096538e-07,1.31971348353459,1.07867788595897,0.298993510277919,0.99999999994277
"RPL17",6.38499620985373e-07,1.31836561323947,1.07315602257599,0.300233661659588,0.99999999994277
"TNFSF13B",6.35022103169433e-07,1.31549864068863,1.06149820377018,0.302873728023711,0.99999999994277
"THOC2",6.32990921659036e-07,1.31381780633371,1.05471844832286,0.304422883059791,0.99999999994277
"SPINT2",6.31698320400169e-07,1.31274573666904,1.05041526370924,0.305411467293884,0.99999999994277
"GNB2L1",6.3112804627509e-07,1.31227215623455,1.04851956686351,0.305848290409088,0.99999999994277
"C2orf88",6.29774017075457e-07,1.31114623237163,1.04402538166569,0.306887119173086,0.99999999994277
"MAP1A",6.27183803167046e-07,1.30898655102474,1.03545504436039,0.308880869332835,0.99999999994277
"ALOX12",6.26410805754628e-07,1.30834054809157,1.0329042424387,0.309477519438067,0.99999999994277
"MBP",6.25200516196793e-07,1.3073277136879,1.02891674562581,0.310413228810568,0.99999999994277
"PSMD6",6.22951005477091e-07,1.30544070629764,1.02152585190661,0.312157346035279,0.99999999994277
"SEPT5",6.22472368288381e-07,1.30503844278767,1.01995669984854,0.312529280284201,0.99999999994277
"DBNL",6.20145140558644e-07,1.30307875130875,1.01234436416461,0.31434185629563,0.99999999994277
"MAPRE2",6.19048873767561e-07,1.30215341966752,1.00876836717182,0.315198081002155,0.99999999994277
"CD36",6.16332392414578e-07,1.29985440480156,0.999934531442439,0.317326349855797,0.99999999994277
"C12orf75",6.15088270520074e-07,1.29879856149297,0.995901691839495,0.318304214717699,0.99999999994277
"ARPC1B",6.13793682991933e-07,1.29769793381737,0.991713918527485,0.319323838334404,0.99999999994277
"DNAJC3",6.06971311335198e-07,1.29186444449244,0.969790462316034,0.324732442546515,0.99999999994277
"TNIK",6.06723463674061e-07,1.29165145981772,0.968998625141451,0.324930045910792,0.99999999994277
"COL1A2",6.04984671079639e-07,1.29015513897508,0.963452529112974,0.326318545776542,0.99999999994277
"F13A1",6.01260858367316e-07,1.28693809587906,0.951628509905048,0.329305120279314,0.99999999994277
"RPS2",6.00593937244869e-07,1.2863601230873,0.949518579878124,0.329841868932806,0.99999999994277
"ERBB2IP",6.00041667724987e-07,1.28588109180054,0.947773144104866,0.330286772755632,0.99999999994277
"RPL27A",5.99951974852628e-07,1.28580325752277,0.947489823306421,0.330359065252114,0.99999999994277
"SPNS1",5.98046833426727e-07,1.28414762775035,0.941481888849016,0.33189702894514,0.99999999994277
"ENDOD1",5.97452786179859e-07,1.28363045171848,0.939612446789905,0.332377530354346,0.99999999994277
"CNST",5.9560372676044e-07,1.28201782362744,0.933805424903169,0.333876036181038,0.99999999994277
"RCSD1",5.94991472313134e-07,1.28148290459818,0.93188658979931,0.33437317527372,0.99999999994277
"RPS7",5.92079242716317e-07,1.27893201268477,0.922786539728182,0.336744380091362,0.99999999994277
"CAPZB",5.91387282231478e-07,1.27832431823947,0.920630886732147,0.337309376527205,0.99999999994277
"CLEC1B",5.90786178275014e-07,1.27779591832606,0.91876032359554,0.337800681460337,0.99999999994277
"DNAJC15",5.89022860098468e-07,1.27624319727086,0.913284064559235,0.33924455871614,0.99999999994277
"MICU1",5.88708853496125e-07,1.27596627306968,0.912310585241539,0.339502094880978,0.99999999994277
"EMD",5.88238437010846e-07,1.27555117180154,0.910853177319914,0.339888146985492,0.99999999994277
"COX17",5.84361339440794e-07,1.27211903413904,0.898885823891234,0.343080638460562,0.99999999994277
"NRDC",5.8323113589771e-07,1.27111484560291,0.895412146104253,0.344014869441339,0.99999999994277
"OST4",5.80268751760099e-07,1.26847477888883,0.886339179781777,0.346471287271267,0.99999999994277
"ADAM10",5.791314126591e-07,1.26745809935545,0.882868097510703,0.347417332194979,0.99999999994277
"NPDC1",5.78593145055972e-07,1.26697633616816,0.881227715239761,0.347865638517051,0.99999999994277
"SRC",5.75557878261997e-07,1.26425244244732,0.872006225417327,0.350400498806506,0.99999999994277
"SCAMP2",5.73407470052671e-07,1.26231513141092,0.865502391839103,0.352203453408079,0.99999999994277
"MYADM",5.728167970734e-07,1.26178189572219,0.863720184274824,0.352699714295026,0.99999999994277
"RIN3",5.70094638055684e-07,1.2593182990885,0.855530490768055,0.354992482136845,0.99999999994277
"HLA-E",5.69930900034184e-07,1.25916979058737,0.855039124093819,0.355130691560879,0.99999999994277
"SEC11C",5.63412971969746e-07,1.25322802644865,0.835593904886296,0.360659964435583,0.99999999994277
"LMNA",5.62969044914962e-07,1.25282118989088,0.834277653318988,0.361038510286695,0.99999999994277
"CTTN",5.62254236355608e-07,1.25216552280646,0.832160413597796,0.361648565931894,0.99999999994277
"SSX2IP",5.62002705606453e-07,1.25193463219778,0.831416027520293,0.361863389253299,0.99999999994277
"VDR",5.6173382390179e-07,1.25168771590922,0.830620660954041,0.362093119814345,0.99999999994277
"SSR4",5.61522637760338e-07,1.25149371050008,0.829996227847714,0.362273619763866,0.99999999994277
"CORO1B",5.61000670655617e-07,1.25101393732057,0.828453887993158,0.362719984717283,0.99999999994277
"ATP6V0D1",5.59120340163712e-07,1.24928241051117,0.822909664715028,0.364330819490755,0.99999999994277
"RGS10",5.58951136854177e-07,1.24912635142347,0.8224116754266,0.364475990940451,0.99999999994277
"SFT2D1",5.56601641139834e-07,1.24695515293704,0.815512354311325,0.366495523724641,0.99999999994277
"HEMGN",5.55321498151681e-07,1.24576883026463,0.811765430784643,0.367598814817476,0.99999999994277
"CMIP",5.53706091697422e-07,1.24426844689234,0.80704951822745,0.368994001796209,0.99999999994277
"RPL22",5.53386281186591e-07,1.24397096081838,0.806117513379403,0.369270604367497,0.99999999994277
"RPL6",5.52911473740923e-07,1.24352902399273,0.804734803291571,0.369681500765369,0.99999999994277
"PRDX1",5.52533403900079e-07,1.24317689371488,0.803634656324879,0.370008883980565,0.99999999994277
"GNAI2",5.49479200892218e-07,1.24032460105708,0.794774812998199,0.372660220736076,0.99999999994277
"CDS2",5.47135170942402e-07,1.23812625018656,0.788008397395243,0.374703022549213,0.99999999994277
"ATP8A1",5.46507715758512e-07,1.23753641362222,0.786202056044835,0.375251016654579,0.99999999994277
"MAT2A",5.41859692255619e-07,1.23314879077845,0.772885699249692,0.379325815972856,0.99999999994277
"VPS28",5.40647878869085e-07,1.23199953828359,0.769432606307616,0.380392637347278,0.99999999994277
"DYNLRB1",5.40368580870827e-07,1.23173434450202,0.768637835861464,0.380638778827629,0.99999999994277
"CCPG1",5.4033127249792e-07,1.23169891121391,0.768531702240548,0.380671665588346,0.99999999994277
"CKLF",5.40249234222256e-07,1.2316209886904,0.768298348250134,0.380743987212888,0.99999999994277
"DAPP1",5.39990604434278e-07,1.23137526724717,0.767562919992101,0.380972040000611,0.99999999994277
"PPIB",5.39660080020554e-07,1.23106109178807,0.766623567941955,0.38126360959169,0.99999999994277
"ATP2C1",5.39503575418585e-07,1.23091227062171,0.766178981716914,0.381401716703969,0.99999999994277
"EBNA1BP2",5.39346969617461e-07,1.23076331597581,0.765734237089529,0.381539943848202,0.99999999994277
"WRB",5.38899542529443e-07,1.23033754296967,0.764464300854504,0.381935031954432,0.99999999994277
"MCM7",5.38652275813296e-07,1.23010211246642,0.763762933730453,0.3821534816062,0.99999999994277
"NDUFA4",5.36371170663334e-07,1.22792579530365,0.757307806286508,0.384172353134215,0.99999999994277
"FAM162A",5.33920209480439e-07,1.2255785166467,0.750402546206806,0.386348812186773,0.99999999994277
"TBXA2R",5.31360330017624e-07,1.22311699137711,0.743224188613135,0.388630009033424,0.99999999994277
"PPP1R12A",5.3062230019577e-07,1.22240541971453,0.741161028638219,0.389289212915217,0.99999999994277
"FAXDC2",5.2956162235747e-07,1.2213812715501,0.73820092928258,0.390237794761914,0.99999999994277
"NT5C3A",5.28380122973409e-07,1.22023837934288,0.734910619160953,0.39129608180416,0.99999999994277
"C19orf33",5.27453987200874e-07,1.21934096541597,0.732336599099729,0.392126852711729,0.99999999994277
"FAM96B",5.26355554873451e-07,1.21827483605625,0.729289567120721,0.393113564392619,0.99999999994277
"HLA-C",5.23893977692474e-07,1.2158786684949,0.722484263066612,0.395330232916759,0.99999999994277
"RPL13A",5.23615482512151e-07,1.21560696288813,0.721716340876946,0.395581494710982,0.99999999994277
"PLD3",5.23322038430182e-07,1.21532053803617,0.720907640399435,0.395846347962571,0.99999999994277
"CORO1C",5.21672608233278e-07,1.2137079819583,0.7163704230262,0.397337063100793,0.99999999994277
"NEXN",5.20698384996433e-07,1.21275347276076,0.713697278862557,0.398219130619933,0.99999999994277
"TPST2",5.20436872513748e-07,1.21249699012802,0.712980572669551,0.39845610625961,0.99999999994277
"RAB14",5.20076236500379e-07,1.21214310820643,0.711992797217059,0.398783044291364,0.99999999994277
"DYNLL1",5.17372342049917e-07,1.20948309485044,0.704608691700541,0.401239426688282,0.99999999994277
"RRBP1",5.16609341503414e-07,1.20873030955988,0.702531965346923,0.401934222864426,0.99999999994277
"IQGAP2",5.15353893191173e-07,1.20748958146987,0.699121570668947,0.40307901672631,0.99999999994277
"RPL4",5.15090179511941e-07,1.20722862883272,0.698406253477147,0.403319734890435,0.99999999994277
"RPL35A",5.15021966784623e-07,1.20716111153863,0.698221287648809,0.403382013564449,0.99999999994277
"GMPR",5.14540935706076e-07,1.20668476567068,0.696917617859777,0.403821361646881,0.99999999994277
"ISCA1",5.13456601296684e-07,1.20560958329308,0.693983369346214,0.404812784866039,0.99999999994277
"CLDN5",5.13271368497907e-07,1.20542571823372,0.693482741662649,0.404982291431958,0.99999999994277
"PTPN12",5.10317458063143e-07,1.20248586427543,0.685523632907219,0.407691145300936,0.99999999994277
"MGST1",5.07997854791538e-07,1.2001670008872,0.679305821193771,0.409825864599231,0.99999999994277
"RPL18",5.07971055911509e-07,1.2001401572751,0.679234150989456,0.409850566245173,0.99999999994277
"OCIAD2",5.06998527887248e-07,1.19916517910223,0.676635806484759,0.410747584717357,0.99999999994277
"NUDT3",5.06142334955971e-07,1.19830549402307,0.674352400949011,0.411538264987142,0.99999999994277
"TUBA1C",5.04506623535449e-07,1.1966596206511,0.670000804654326,0.413051326495119,0.99999999994277
"BCL11A",5.04124293346322e-07,1.19627425217819,0.668985696193973,0.413405463124436,0.99999999994277
"ORAI1",5.0359580787068e-07,1.19574115201292,0.667583804194366,0.413895273243679,0.99999999994277
"RPL8",4.97542076622666e-07,1.18959991308937,0.651630207373019,0.41953044022234,0.99999999994277
"RGCC",4.96156510828887e-07,1.1881852671665,0.648005913497251,0.420826520934939,0.99999999994277
"CDC42SE1",4.93523903832411e-07,1.18548800077079,0.641147517036753,0.423295569885406,0.99999999994277
"NACA",4.91698139727069e-07,1.18361010260063,0.636412512882,0.425012871653292,0.99999999994277
"PTMS",4.91615452429948e-07,1.18352491203007,0.636198483982749,0.42509074299628,0.99999999994277
"RGS18",4.88202768361409e-07,1.1799980934482,0.627396447262826,0.428311925413495,0.99999999994277
"ANGPT1",4.8724215333987e-07,1.17900151956267,0.624929875784883,0.429221190964393,0.99999999994277
"RPL19",4.86384057095082e-07,1.17810986909232,0.622730649903781,0.43003436578831,0.99999999994277
"CALM1",4.86122885495672e-07,1.17783821575275,0.622062059346483,0.430282042490993,0.99999999994277
"ABCC4",4.84707610623069e-07,1.17636394948866,0.618445248588795,0.431625628669855,0.99999999994277
"FXYD5",4.83611088242938e-07,1.17521916903031,0.615650276996589,0.432668278032368,0.99999999994277
"CFL1",4.83498030300048e-07,1.17510100821135,0.615362458873448,0.432775864196232,0.99999999994277
"MAX",4.83137205262056e-07,1.17472373797293,0.614444335872584,0.433119329567491,0.99999999994277
"SH3BGRL2",4.82471033164227e-07,1.17402656547797,0.612751055085619,0.433753865614167,0.99999999994277
"FAM127A",4.81204865298951e-07,1.17269918621579,0.609539141412919,0.434961384316452,0.99999999994277
"ABCC3",4.80797793943071e-07,1.17227179600186,0.608508308216562,0.435350011874852,0.99999999994277
"RDH11",4.80751825932566e-07,1.1722235139153,0.608391957519905,0.435393909729063,0.99999999994277
"HSP90AB1",4.79579152879397e-07,1.17099045984415,0.605427539367535,0.43651463506566,0.99999999994277
"TADA3",4.76928834618378e-07,1.16819407487488,0.598754430509405,0.439053662272956,0.99999999994277
"PDCD10",4.76192970659959e-07,1.16741528001598,0.596908193224912,0.439760127891037,0.99999999994277
"TMEM167A",4.74988530351413e-07,1.16613833058647,0.593892478501138,0.440917856517272,0.99999999994277
"GPX1",4.74252048241042e-07,1.16535613554179,0.592052214727387,0.441626635467726,0.99999999994277
"ARL6IP5",4.74119000279096e-07,1.16521471775221,0.591720069441082,0.441754748301343,0.99999999994277
"PDIA3",4.73709705411469e-07,1.1647794602665,0.590698876660416,0.442148994636482,0.99999999994277
"MEIS1",4.70896537538808e-07,1.16177904517655,0.583703871486097,0.444864172706567,0.99999999994277
"DTD1",4.69973473005491e-07,1.16079117411771,0.581417729129945,0.445757152332295,0.99999999994277
"LYL1",4.6522542556596e-07,1.15568319553237,0.569729179754608,0.450366553196968,0.99999999994277
"STK17A",4.65031709859143e-07,1.15547384262858,0.569254818264094,0.450555183766087,0.99999999994277
"SYTL1",4.64702952752716e-07,1.15511837537758,0.568450226187115,0.450875413207734,0.99999999994277
"SNAP23",4.63401708220688e-07,1.15370928004663,0.565271175511256,0.452144168125708,0.99999999994277
"CERS2",4.61237929106145e-07,1.15135859286321,0.560004615819458,0.454258382789209,0.99999999994277
"HNRNPA1",4.59575506573404e-07,1.14954610475388,0.555975083496416,0.455886503678376,0.99999999994277
"H3F3A",4.57819863477494e-07,1.14762583595581,0.55173539101913,0.457609480053314,0.99999999994277
"LTA4H",4.5771542063913e-07,1.14751139967654,0.551483683996951,0.457712094623232,0.99999999994277
"BID",4.57572720961816e-07,1.14735500962984,0.551139870907918,0.457852317222555,0.99999999994277
"DOK2",4.57364850860564e-07,1.14712712158625,0.550639231457103,0.458056622101498,0.99999999994277
"ANO6",4.57114020863864e-07,1.14685201772291,0.550035429205858,0.458303218141698,0.99999999994277
"GRB2",4.57059675359777e-07,1.14679239582987,0.549904651437512,0.458356656117161,0.99999999994277
"MTPN",4.559773785209e-07,1.14560374479721,0.547303435702268,0.459421606880119,0.99999999994277
"ERP44",4.53827141806142e-07,1.14323497816143,0.542153806689636,0.461541487319839,0.99999999994277
"NEAT1",4.53754155640371e-07,1.14315440476352,0.541979438336188,0.461613538836932,0.99999999994277
"AIF1",4.53701420742331e-07,1.14309618089022,0.541853468935257,0.461665602329629,0.99999999994277
"RPL28",4.53115732641952e-07,1.14244913831731,0.540455402830461,0.462244054027999,0.99999999994277
"RPS20",4.48900335371951e-07,1.13777076971702,0.530446318153465,0.466419278508649,0.99999999994277
"RPLP2",4.4853168907417e-07,1.13735983736216,0.52957544877648,0.466785404316866,0.99999999994277
"BCAP29",4.48307770504735e-07,1.13711009179539,0.529046825358125,0.46700786973752,0.99999999994277
"ATP6V0E1",4.48171137644727e-07,1.13695764674075,0.528724394339816,0.467143644784481,0.99999999994277
"ARPC1A",4.48088576220891e-07,1.13686551126478,0.528529610631665,0.46722569847728,0.99999999994277
"VIMP",4.47873141756427e-07,1.13662502550306,0.528021514118138,0.467439845705471,0.99999999994277
"LINC00989",4.47496254674858e-07,1.1362040731071,0.52713322349577,0.467814611676569,0.99999999994277
"PTGIR",4.46168371916917e-07,1.1347184965199,0.524009476300324,0.469136346786793,0.99999999994277
"PEBP1",4.40568819683786e-07,1.12841174419477,0.51093904845985,0.474732631522475,0.99999999994277
"SEPW1",4.39484846108676e-07,1.12718289498807,0.508427917103664,0.475820191769998,0.99999999994277
"PRKCB",4.39461560526268e-07,1.1271564685847,0.508374041632742,0.475843569378758,0.99999999994277
"GNAQ",4.38958786804701e-07,1.1265855848702,0.507211478525416,0.476348483660409,0.99999999994277
"MPP1",4.38107699049351e-07,1.12561791585862,0.50524654239592,0.477203863572881,0.99999999994277
"RABGAP1L",4.37525825626634e-07,1.12495540501202,0.503905345679917,0.477789154967242,0.99999999994277
"RPL37A",4.34123799876544e-07,1.12106664944481,0.496099479099222,0.481219009346696,0.99999999994277
"BEX4",4.33764942147612e-07,1.12065491984647,0.495279641298349,0.481581582422267,0.99999999994277
"DYNLT1",4.32417420492171e-07,1.1191062371423,0.492207178245013,0.482944381406126,0.99999999994277
"GCLM",4.32316767736865e-07,1.11899039184618,0.491978065168446,0.483046259301668,0.99999999994277
"LIPA",4.32160520806125e-07,1.1188105149234,0.491622510273012,0.483204431180565,0.99999999994277
"SNRPN",4.29570288059124e-07,1.11582035198066,0.485746913421023,0.48583066808234,0.99999999994277
"SERPINE2",4.2765800469944e-07,1.11360282617638,0.481431818813687,0.487774476386678,0.99999999994277
"KIF2A",4.26721436875203e-07,1.11251364223155,0.479325463644993,0.488728012820847,0.99999999994277
"PNPLA2",4.25906219938863e-07,1.11156390514148,0.477495787654993,0.48955881681544,0.99999999994277
"GNA15",4.25897925263532e-07,1.11155423370052,0.477477189035027,0.489567273991453,0.99999999994277
"HSPA5",4.25103723444653e-07,1.11062745600473,0.475698078798891,0.490377399138438,0.99999999994277
"SLC25A6",4.24999194540484e-07,1.11050536701563,0.475464168424554,0.490484077447022,0.99999999994277
"TUBB1",4.22006301601888e-07,1.10699866372086,0.468791201232828,0.493543798702623,0.99999999994277
"UHMK1",4.21309846280384e-07,1.10617956988413,0.46724514510301,0.49425726804184,0.99999999994277
"RP11-501J20.5",4.19104891937336e-07,1.10357862759679,0.46236722322415,0.496519721441994,0.99999999994277
"ADI1",4.17410625869233e-07,1.10157206334418,0.458636464231849,0.498261913766235,0.99999999994277
"ARF4",4.16303581299443e-07,1.1002571659883,0.45620692515951,0.499402027669522,0.99999999994277
"GPX4",4.10998380607804e-07,1.09391375156008,0.44465358789614,0.504884876431857,0.99999999994277
"SLC2A3",4.10091280884512e-07,1.0928220776099,0.442692996023868,0.505825516664559,0.99999999994277
"SLC50A1",4.10053440329766e-07,1.09277649215698,0.442611302135404,0.505864776425713,0.99999999994277
"HSP90B1",4.09473721234642e-07,1.09207766721944,0.441360690291961,0.506466438250297,0.99999999994277
"FKBP2",4.09310954598697e-07,1.09188130614885,0.441009876488588,0.506635433335686,0.99999999994277
"EXOSC4",4.08748894659067e-07,1.09120272126257,0.439799531183777,0.507219228984922,0.99999999994277
"CHST12",4.07024519648527e-07,1.08911582263306,0.436096623816295,0.509012490797688,0.99999999994277
"DCTN3",4.06366358248292e-07,1.08831728317826,0.434687421704404,0.509697819835151,0.99999999994277
"PPCS",4.05770288672305e-07,1.08759311652315,0.433413133558168,0.510318910537271,0.99999999994277
"NRIP1",4.05640007263631e-07,1.08743471517688,0.433134864742607,0.510454713437685,0.99999999994277
"ZCCHC17",4.0485291980857e-07,1.08647680907578,0.431455620765501,0.511275560398005,0.99999999994277
"ITM2B",4.04564879828445e-07,1.08612585566192,0.430841905250686,0.511576127101963,0.99999999994277
"EIF3L",4.04383550881205e-07,1.08590481053496,0.430455778796804,0.511765389259817,0.99999999994277
"CAPN1",4.03808549637029e-07,1.08520330231967,0.429232501360268,0.512365788598057,0.99999999994277
"BCL2L1",4.03241289219777e-07,1.08451039388032,0.428027397674326,0.512958464893521,0.99999999994277
"VDAC3",4.03062243738595e-07,1.08429151544608,0.427647380252765,0.513145606567964,0.99999999994277
"RAC1",4.01360775927843e-07,1.08220732284165,0.424044500174259,0.514925785480098,0.99999999994277
"PRKACB",4.01191762628306e-07,1.08199987647333,0.423687444505364,0.515102792466616,0.99999999994277
"HACD4",4.00391341333618e-07,1.08101641781554,0.42199852571231,0.51594149966775,0.99999999994277
"RNF11",3.99013897661675e-07,1.07932001143934,0.419099964889725,0.517386486235257,0.99999999994277
"HELLS",3.98911662903588e-07,1.07919390195678,0.418885230040983,0.517493817522913,0.99999999994277
"CLCN3",3.97800821982457e-07,1.07782184941406,0.416555556472865,0.518660777690733,0.99999999994277
"CAPZA2",3.96873906316459e-07,1.07667444211498,0.414616585962396,0.519635560370073,0.99999999994277
"USP47",3.95702672017398e-07,1.07522129084536,0.412173005771547,0.520868629007059,0.99999999994277
"RNH1",3.95243004281296e-07,1.0746499676537,0.411215960993902,0.521352975964819,0.99999999994277
"TMEM165",3.93467316672156e-07,1.07243756440363,0.407529363973635,0.523226173739305,0.99999999994277
"SYK",3.92820028855831e-07,1.07162894101542,0.406189624670161,0.523909864821527,0.99999999994277
"SYPL1",3.90545969011631e-07,1.06877894065575,0.401500322854295,0.526315443196436,0.99999999994277
"PTP4A2",3.88524239064197e-07,1.06623314112256,0.397354208073415,0.528458826947566,0.99999999994277
"CHMP2A",3.87505345410118e-07,1.06494580175624,0.395272840831368,0.529540712792725,0.99999999994277
"RPS4X",3.86828739405981e-07,1.06408931902218,0.393893708933069,0.530259771055851,0.99999999994277
"PNP",3.8595125901243e-07,1.06297663404339,0.392108722688103,0.531193045192676,0.99999999994277
"YIPF3",3.85264117908804e-07,1.06210378472159,0.390713758084292,0.531924458676152,0.99999999994277
"STK4",3.84985059481745e-07,1.06174892423377,0.390147951542116,0.532221642399237,0.99999999994277
"LSP1",3.84475500446608e-07,1.06110037870468,0.389115849944338,0.532764514965238,0.99999999994277
"INF2",3.84442692974604e-07,1.06105859734154,0.389049445907264,0.532799476894904,0.99999999994277
"HLA-A",3.84368668893991e-07,1.06096431402104,0.388899638118172,0.532878366380716,0.99999999994277
"ARF1",3.82408651692032e-07,1.05846215971282,0.38494350659437,0.534969357648179,0.99999999994277
"ATP6V0C",3.81683541098156e-07,1.05753368336286,0.383485056435725,0.535743969415266,0.99999999994277
"HLA-B",3.81585699214425e-07,1.05740828419597,0.38328847425622,0.53584853391874,0.99999999994277
"ARMCX3",3.798149718408e-07,1.05513402672673,0.37973946987152,0.537742700637548,0.99999999994277
"SERINC1",3.78279439333071e-07,1.0531544347876,0.376675222025001,0.539387994401886,0.99999999994277
"COMMD7",3.78192447820468e-07,1.05304207910741,0.376501996751821,0.539481279561083,0.99999999994277
"RPS27",3.76272364390508e-07,1.05055646662822,0.372688699427881,0.541542331905688,0.99999999994277
"RASA3",3.7605874421781e-07,1.05027925279165,0.372265648295842,0.54177187843337,0.99999999994277
"S100A4",3.7315298298204e-07,1.04649491848556,0.366534969433537,0.544899091500428,0.99999999994277
"MPO",3.71417396624326e-07,1.04422243527442,0.363133288603857,0.546771215858325,0.99999999994277
"NGFRAP1",3.71379591678513e-07,1.04417283375195,0.363059368880361,0.546812030323068,0.99999999994277
"RPS11",3.708428095112e-07,1.04346808522229,0.362010614671288,0.547391706550108,0.99999999994277
"C1orf43",3.698759883797e-07,1.04219651190949,0.360125485647602,0.54843655224974,0.99999999994277
"SPI1",3.69490765627007e-07,1.04168906469038,0.359375740906397,0.548853137553704,0.99999999994277
"RPS27A",3.68878670305799e-07,1.04088182355543,0.358186049428573,0.549515387103438,0.99999999994277
"STMN1",3.68878199765193e-07,1.04088120255499,0.358185135626898,0.549515896350985,0.99999999994277
"UBL4A",3.66109108188508e-07,1.03721478812227,0.352827678087655,0.552516798225278,0.99999999994277
"FAM177A1",3.65151386752775e-07,1.03594115381217,0.350984136667912,0.553556562197526,0.99999999994277
"AHCTF1",3.65038994029573e-07,1.03579149865491,0.350768105764884,0.55367864578004,0.99999999994277
"KMT2C",3.63838273538955e-07,1.03419021066184,0.348464342190728,0.554983718573873,0.99999999994277
"RAB10",3.62898340741239e-07,1.03293352945689,0.34666623563328,0.556006387147844,0.99999999994277
"FYN",3.62889849972677e-07,1.03292216460123,0.346650013854283,0.556015629489083,0.99999999994277
"EIF4G2",3.61878665196017e-07,1.03156705661626,0.344720839761471,0.557116856490675,0.99999999994277
"EPB41L4A-AS1",3.61808645214312e-07,1.03147310073995,0.344587452446636,0.557193150800363,0.99999999994277
"MRPS26",3.60155677894702e-07,1.02925051232214,0.341446064422618,0.558995713088562,0.99999999994277
"RPL24",3.59115694201266e-07,1.02784763494443,0.339476995651102,0.560131265593718,0.99999999994277
"TNF",3.59056361250329e-07,1.0277674927186,0.3393648284119,0.560196084617459,0.99999999994277
"BTK",3.56333802303666e-07,1.02407774115492,0.334237845906547,0.563174282062771,0.99999999994277
"ICAM2",3.55666279513391e-07,1.02316937215533,0.332986758302947,0.563905646784262,0.99999999994277
"CLINT1",3.55559029207056e-07,1.02302328831673,0.33278596587861,0.564023197164641,0.99999999994277
"PPA1",3.54586692835001e-07,1.02169714954844,0.33096833544216,0.565089452654733,0.99999999994277
"ZFP36",3.54268572203967e-07,1.02126259442938,0.330374739416828,0.565438511209135,0.99999999994277
"LINC00116",3.53649775625627e-07,1.02041634954141,0.3292216243369,0.566117783708092,0.99999999994277
"RSL24D1",3.53453361639831e-07,1.02014747371199,0.328856032279069,0.566333475386842,0.99999999994277
"ELF1",3.52885217517276e-07,1.01936900193325,0.327799669658549,0.566957603748678,0.99999999994277
"DCXR",3.49130840954942e-07,1.01419742424987,0.320861794892367,0.571090197533479,0.99999999994277
"JARID2",3.49058930785137e-07,1.01409790252355,0.320729633265477,0.571169491704272,0.99999999994277
"RAB11A",3.48601245621063e-07,1.01346406419781,0.319889104950866,0.571674296431993,0.99999999994277
"TMEM50A",3.47950263446667e-07,1.01256129632885,0.318695490924472,0.572392663728802,0.99999999994277
"TKT",3.47799023501978e-07,1.01235135171146,0.318418502985127,0.572559620328327,0.99999999994277
"CD47",3.4629439206293e-07,1.0102583923255,0.315669408692364,0.574221869070405,0.99999999994277
"MCTP1",3.46148740871962e-07,1.01005537403276,0.315403923848817,0.574382899138749,0.99999999994277
"HLA-DPA1",3.45989340888347e-07,1.00983310736575,0.31511350647292,0.574559154187618,0.99999999994277
"SWI5",3.45731800654388e-07,1.0094738077888,0.31464456600226,0.574843980974424,0.99999999994277
"SKAP2",3.44441965422489e-07,1.00767085442286,0.312301231631401,0.576271478930395,0.99999999994277
"UNC13D",3.44052200481561e-07,1.00712488959022,0.31159484151162,0.576703171908606,0.99999999994277
"RHOA",3.43770572049462e-07,1.00673006557587,0.31108493022221,0.577015190707085,0.99999999994277
"MRPL52",3.42986692913161e-07,1.00562965037478,0.309667851596795,0.577884076402417,0.99999999994277
"C10orf54",3.41329237617825e-07,1.00329574741273,0.306682193634526,0.579723296148514,0.99999999994277
"KRAS",3.39950309085695e-07,1.00134658944564,0.304209281484976,0.581255533760554,0.99999999994277
"C1QBP",3.39813475810665e-07,1.0011527999499,0.303964436437071,0.581407683408776,0.99999999994277
"OAZ1",3.39791227582281e-07,1.00112128464257,0.303924635491544,0.581432423743321,0.99999999994277
"MFSD1",3.38847088993371e-07,0.999782241050198,0.302238021476596,0.582482772252404,0.99999999994277
"UBA7",3.38534757233521e-07,0.999338562368565,0.30168110344272,0.582830434332579,0.99999999994277
"ACTR2",3.37728430952083e-07,0.998191513241307,0.300245719304796,0.583728417846593,0.99999999994277
"OSBPL8",3.37690855498972e-07,0.998138002293438,0.300178912721122,0.583770280311995,0.99999999994277
"FCGR2A",3.36567616869302e-07,0.996536031401779,0.298185303549977,0.585022315258977,0.99999999994277
"CHD1L",3.36512402693816e-07,0.996457165798937,0.298087476519794,0.585083892744147,0.99999999994277
"MTSS1",3.35254390217188e-07,0.994657245007138,0.295862911726167,0.586487703704078,0.99999999994277
"CTSA",3.35174106995803e-07,0.994542181062353,0.295721228369916,0.586577344398123,0.99999999994277
"TPT1",3.34712693693948e-07,0.993880410894923,0.294907586834603,0.587092661168336,0.99999999994277
"ACTG1",3.33688200522104e-07,0.992408242333426,0.29310503538273,0.588237587055159,0.99999999994277
"RPS17",3.33170714155719e-07,0.991663147279787,0.292196640972229,0.588816297699994,0.99999999994277
"RHEB",3.32950804184015e-07,0.991346211145741,0.291811038361583,0.589062304975396,0.99999999994277
"TMEM40",3.31133266363286e-07,0.988719829897389,0.288633812424427,0.591097348346864,0.99999999994277
"REXO2",3.30921624046419e-07,0.988413195104311,0.288264972363877,0.591334527969416,0.99999999994277
"KCTD20",3.30911687844531e-07,0.988398795033981,0.288247661824138,0.591345664173837,0.99999999994277
"TMBIM1",3.30395959151637e-07,0.987650861542979,0.287349889075355,0.591923810093032,0.99999999994277
"ACAP1",3.30347552128332e-07,0.987580607805732,0.28726569474175,0.591978089005129,0.99999999994277
"CARD19",3.29544301821528e-07,0.986413543223714,0.285870402283162,0.592879108858709,0.99999999994277
"FLOT1",3.29402802831157e-07,0.98620770149272,0.285624962208298,0.593037895833176,0.99999999994277
"CAPNS1",3.27667426841853e-07,0.98367699303679,0.282623402723623,0.594986878518463,0.99999999994277
"RCAN3",3.26657093979987e-07,0.982198293777498,0.280883202362827,0.59612291816733,0.99999999994277
"NRBP1",3.26517593391458e-07,0.981993814417355,0.280643348362839,0.596279853207398,0.99999999994277
"GAPVD1",3.26476237100748e-07,0.981933180075672,0.280572261027199,0.596326381725454,0.99999999994277
"SDF2L1",3.2629506814517e-07,0.981667481973974,0.280260955798239,0.596530228076927,0.99999999994277
"PDCD5",3.25942897278281e-07,0.981150632514373,0.279656309942498,0.596926571856391,0.99999999994277
"PCBD1",3.25869352508784e-07,0.981042636734387,0.279530122572515,0.597009356493145,0.99999999994277
"PLP2",3.25050940552197e-07,0.979839431542903,0.278127821208566,0.597930942660654,0.99999999994277
"TMBIM6",3.25014960787551e-07,0.979786475259926,0.278066252891319,0.597971473086356,0.99999999994277
"PRDX4",3.24509437269362e-07,0.979041893259587,0.27720192522712,0.59854106624898,0.99999999994277
"COTL1",3.21198085467122e-07,0.974139755434863,0.271573553809439,0.602278167132248,0.99999999994277
"EPS15",3.21010326852325e-07,0.973860494047076,0.271256146121023,0.602490380990746,0.99999999994277
"USP10",3.21008627021872e-07,0.973857965173874,0.271253273389536,0.602492302375077,0.99999999994277
"BRK1",3.20998401692853e-07,0.973842752495185,0.271235992796063,0.602503860519551,0.99999999994277
"POLD4",3.2097083004077e-07,0.973801730835427,0.271189400020446,0.60253502648266,0.99999999994277
"CALM3",3.19212099369696e-07,0.971178759090203,0.2682256265484,0.60452452802777,0.99999999994277
"CLIC1",3.1852396262159e-07,0.970149080556991,0.267070426213668,0.605303759747411,0.99999999994277
"GAS2L1",3.18057277322118e-07,0.969449674543988,0.266288403195606,0.605832480426351,0.99999999994277
"STXBP2",3.17633653448113e-07,0.968814037038476,0.265579530868747,0.60631259453784,0.99999999994277
"FGFR1OP2",3.15349192437635e-07,0.965373610768481,0.261773105927149,0.608904615916313,0.99999999994277
"RAB7A",3.12980873892603e-07,0.961784141424738,0.257855961928344,0.611596978593684,0.99999999994277
"TARSL2",3.12531128360785e-07,0.961099855003654,0.257115429494946,0.612108855365029,0.99999999994277
"GABARAPL2",3.11882960640547e-07,0.960112175391662,0.256050056529681,0.612846899036122,0.99999999994277
"BTF3",3.11090962302111e-07,0.958902921981818,0.254751276153816,0.613749250316898,0.99999999994277
"CD46",3.10421325460866e-07,0.957878422923519,0.253655730101943,0.614512647668929,0.99999999994277
"PPP1R18",3.10365633370648e-07,0.95779313202524,0.253564722497555,0.614576156425334,0.99999999994277
"LYN",3.10354224048001e-07,0.957775657334757,0.253546080301093,0.614589167460697,0.99999999994277
"MALAT1",3.10319967852472e-07,0.957723186702503,0.25349011170724,0.614628233485833,0.99999999994277
"SNRPE",3.0992053702202e-07,0.957111004881413,0.252837968031018,0.615083828097369,0.99999999994277
"CENPT",3.09704588172596e-07,0.956779750784033,0.252485741963778,0.615330203261178,0.99999999994277
"GUK1",3.0938109595584e-07,0.956283158206025,0.251958565300467,0.615699355369991,0.99999999994277
"CYTL1",3.09281935843765e-07,0.956130848004309,0.251797080089925,0.615812531095455,0.99999999994277
"ZNF580",3.09059543522938e-07,0.95578909969179,0.25143509577943,0.616066390293847,0.99999999994277
"MCM3",3.08982472247776e-07,0.955670615491432,0.251309708891206,0.616154377306524,0.99999999994277
"C9orf16",3.07532615739846e-07,0.953436943233028,0.248956771824189,0.617810606196512,0.99999999994277
"CNPPD1",3.05676118922041e-07,0.950563505225134,0.245960065936446,0.619934195438132,0.99999999994277
"MYDGF",3.05469280282384e-07,0.950242435153097,0.245627316139534,0.62017098857284,0.99999999994277
"JAK1",3.05019318701395e-07,0.949543324183836,0.244904222450018,0.620686249869247,0.99999999994277
"PAFAH1B3",3.0390221283418e-07,0.947803812395382,0.243113627961428,0.621966277818717,0.99999999994277
"MCM4",3.02176468148709e-07,0.945105689540455,0.240360368552573,0.62394595871276,0.99999999994277
"HLA-DRA",3.01901009258161e-07,0.944673793721307,0.23992235150127,0.624262202221272,0.99999999994277
"MYL12B",3.00636531258918e-07,0.942686832581689,0.237916785460212,0.625714787284716,0.99999999994277
"PROM1",2.97906904126842e-07,0.938372905883462,0.23361607130961,0.628855432954271,0.99999999994277
"RYBP",2.97073867966331e-07,0.937049583418032,0.232311378213715,0.629815247547433,0.99999999994277
"OSGEP",2.96656872550091e-07,0.936385962352824,0.23165965619234,0.630295939814707,0.99999999994277
"GPAA1",2.96272997331313e-07,0.935774338831056,0.231060506989561,0.630738591111143,0.99999999994277
"HLA-DPB1",2.95191783569361e-07,0.934047976205962,0.229377127490371,0.6319860641247,0.99999999994277
"RPS19BP1",2.95001797584188e-07,0.93374406481401,0.229081967405406,0.632205372822701,0.99999999994277
"TMOD3",2.94666057124745e-07,0.933206584347151,0.228560829439903,0.632593011058449,0.99999999994277
"P4HB",2.93368295523671e-07,0.931124047061478,0.226552017886483,0.634092325417462,0.99999999994277
"HIGD2A",2.92397664734473e-07,0.929561265150192,0.225055369528547,0.635214685895707,0.99999999994277
"PABPC4",2.90631644079791e-07,0.926706347118731,0.222345004747254,0.637258922129382,0.99999999994277
"ORAI2",2.89163977625652e-07,0.924322344651128,0.220105026097426,0.638959905411803,0.99999999994277
"MZB1",2.89018535552219e-07,0.924085528407646,0.219883667400607,0.63912857226614,0.99999999994277
"CST3",2.8774316055796e-07,0.922004486506795,0.217947352945495,0.640608402928934,0.99999999994277
"GRINA",2.87568130939904e-07,0.921718268883256,0.217682285725921,0.640811603307421,0.99999999994277
"TERF2IP",2.87364373461597e-07,0.921384884762537,0.217373915812115,0.641048189168124,0.99999999994277
"SEC61B",2.85497281207735e-07,0.918320459870293,0.214558405581037,0.643217793505805,0.99999999994277
"HLA-F",2.85344450207257e-07,0.918068857015733,0.214328754364452,0.643395521761339,0.99999999994277
"TPM3",2.85067080685214e-07,0.917611931874484,0.213912279674122,0.643718128858993,0.99999999994277
"YWHAH",2.83176934487105e-07,0.914487953664259,0.211084979974655,0.64591833379013,0.99999999994277
"SNX3",2.82872341816372e-07,0.91398285145505,0.210631126914604,0.646273182365035,0.99999999994277
"PLA2G12A",2.82769387693177e-07,0.913812017922176,0.210477832346782,0.646393141485361,0.99999999994277
"EGLN3",2.82753321162926e-07,0.913785353619034,0.210453914960122,0.64641186256383,0.99999999994277
"EMB",2.82373720561863e-07,0.91315498141175,0.209889219156916,0.646854246737805,0.99999999994277
"UNC45A",2.81593581645336e-07,0.911857171159838,0.208731062127332,0.647763807545412,0.99999999994277
"ACTN4",2.80965334889335e-07,0.91080978859161,0.207800726083732,0.648496660399019,0.99999999994277
"WBP2",2.80727062853723e-07,0.91041202500243,0.207448425631533,0.64877469498847,0.99999999994277
"RIOK3",2.80660203207838e-07,0.910300359405188,0.207349623068905,0.648852720890466,0.99999999994277
"NCL",2.80192532763024e-07,0.909518638205733,0.206659176068455,0.649398604890044,0.99999999994277
"IL2RG",2.79857451812268e-07,0.908957851397767,0.206165186124446,0.649789840850821,0.99999999994277
"HDGF",2.79426866682538e-07,0.908236379902789,0.205531267882424,0.650292727983577,0.99999999994277
"RPLP1",2.78537520091142e-07,0.906743187295801,0.204225039534784,0.651331913902611,0.99999999994277
"HSPB1",2.78504078664303e-07,0.906686959787128,0.204176003650972,0.651371002858552,0.99999999994277
"CLTB",2.78430292291572e-07,0.906562876793333,0.204067829931727,0.651457253533472,0.99999999994277
"HRAT92",2.7794152904761e-07,0.905740230784659,0.203352007598059,0.652028698442718,0.99999999994277
"TET2",2.77897585465965e-07,0.905666207496697,0.203287711275226,0.652080085761282,0.99999999994277
"GSPT1",2.77372518493619e-07,0.904780946984966,0.202520242752325,0.652694223156509,0.99999999994277
"PLIN3",2.76123361731688e-07,0.90266905489863,0.200700236350932,0.654156228132903,0.99999999994277
"HOPX",2.75653836375396e-07,0.901873120286646,0.200018267749036,0.654706101222982,0.99999999994277
"MTDH",2.755937980912e-07,0.901771259755822,0.19993114800502,0.654776427101778,0.99999999994277
"IL6ST",2.75419168030166e-07,0.901474874868873,0.199677855462206,0.654980997534578,0.99999999994277
"TAL1",2.73143132673133e-07,0.897597065233175,0.196391257801369,0.657649623703048,0.99999999994277
"PSAP",2.72289312728695e-07,0.89613517831767,0.195165375306464,0.658651847017839,0.99999999994277
"RPL21",2.71327314103583e-07,0.894483329888785,0.193788772145847,0.659781786644176,0.99999999994277
"GNG11",2.70880375217112e-07,0.893714172935631,0.19315086804445,0.660307014289569,0.99999999994277
"SPCS2",2.70399042366305e-07,0.892884601659559,0.192465050492248,0.660872847797482,0.99999999994277
"IGLL1",2.7002045723228e-07,0.892231220146762,0.19192648794671,0.661318031894205,0.99999999994277
"GSTO1",2.69677429375859e-07,0.891638523052745,0.191439159586024,0.661721507104541,0.99999999994277
"MTCH1",2.69668920560023e-07,0.891623812927529,0.191427079265777,0.661731516568071,0.99999999994277
"PJA2",2.69224223652597e-07,0.89085445915603,0.190796255063236,0.66225472605477,0.99999999994277
"ZMYND8",2.68809365937605e-07,0.890135740958918,0.190208697879957,0.662742976842937,0.99999999994277
"SSRP1",2.67794727674978e-07,0.888373899383477,0.18877549788869,0.66393771988018,0.99999999994277
"SH3GLB1",2.66166896418823e-07,0.885535238962576,0.186487471610426,0.665856286355112,0.99999999994277
"FNBP1L",2.65368465747039e-07,0.88413743870688,0.185370322987918,0.666798119961126,0.99999999994277
"SPARC",2.64111468288819e-07,0.881929470004011,0.183618357748341,0.668281945966478,0.99999999994277
"NAPA",2.63035746352095e-07,0.880032715755773,0.182125654352605,0.66955281513895,0.99999999994277
"FAM212A",2.62866016921081e-07,0.879732831886677,0.181890689251672,0.669753421840554,0.99999999994277
"NCOA4",2.62319185425703e-07,0.878765534682829,0.181134713995644,0.670399893395226,0.99999999994277
"RP11-354E11.2",2.60768964389003e-07,0.876013851035424,0.179000145540387,0.672233911342665,0.99999999994277
"GADD45A",2.6011272832978e-07,0.874844765392324,0.178100356365851,0.673010872472313,0.99999999994277
"PTPN18",2.60077476546305e-07,0.874781892364561,0.178052085527259,0.673052619271733,0.99999999994277
"SRPK2",2.59518520684927e-07,0.873783988429883,0.177287572498514,0.673714695332724,0.99999999994277
"MAP1LC3B",2.59032290851969e-07,0.872914414583039,0.176623868399851,0.674290834009824,0.99999999994277
"TCEB1",2.58695349787924e-07,0.872311003318231,0.176164673691756,0.674690190987345,0.99999999994277
"CD68",2.58357659669883e-07,0.871705570610679,0.175705057836833,0.675090527723628,0.99999999994277
"OTUD6B-AS1",2.58279856112109e-07,0.871565982689418,0.175599247773169,0.675182778053598,0.99999999994277
"HLA-DRB1",2.58006605044963e-07,0.87107545367141,0.175227888577255,0.675506805764973,0.99999999994277
"ARPC4",2.55522716220198e-07,0.866595825911231,0.171870211089105,0.678455012583364,0.99999999994277
"RAB1B",2.55414264962422e-07,0.866399383187144,0.171724348636939,0.678583849445926,0.99999999994277
"CDC42",2.55365681715485e-07,0.866311358813213,0.171659026263756,0.67864156794269,0.99999999994277
"ROCK1",2.55072402727231e-07,0.865779681661659,0.171264963318311,0.678990033060326,0.99999999994277
"APEX1",2.55062865587982e-07,0.865762383209185,0.171252156387806,0.679001365949747,0.99999999994277
"ITGA4",2.54172572307165e-07,0.864145109987067,0.170058736436393,0.680059612032599,0.99999999994277
"GTF2H5",2.53704501585018e-07,0.86329287121365,0.169432970865173,0.680616236774759,0.99999999994277
"TFAM",2.53572972331628e-07,0.86305314571083,0.169257336493245,0.68077268130195,0.99999999994277
"SDCBP",2.51881167145693e-07,0.859960064481747,0.16700634585362,0.682786183617215,0.99999999994277
"GPCPD1",2.50367214757814e-07,0.857176928337849,0.165004768663707,0.684589930760643,0.99999999994277
"RPL10",2.49472034755606e-07,0.855524465677591,0.16382693949017,0.685657310258268,0.99999999994277
"CYB5R1",2.48681702421564e-07,0.854061294045557,0.162790569753629,0.686600195027102,0.99999999994277
"SNAP29",2.47875492201478e-07,0.852564591941826,0.161736767416003,0.687562525214797,0.99999999994277
"CD74",2.47256061334119e-07,0.851411786616412,0.160929430099886,0.688302250896504,0.99999999994277
"SELT",2.47194522065232e-07,0.85129712173488,0.160849332997436,0.688375757524175,0.99999999994277
"PDGFA",2.46766902474507e-07,0.850499666611848,0.160293310700455,0.688886616283245,0.99999999994277
"VPS13C",2.46535645854669e-07,0.850067906645695,0.159993015001456,0.689162947776755,0.99999999994277
"MRPL27",2.45291403083678e-07,0.847738875587737,0.158382150112164,0.690650420437695,0.99999999994277
"MAPK14",2.44322872915684e-07,0.845918877908808,0.157133879331663,0.691809110768505,0.99999999994277
"SEC62",2.44203936570626e-07,0.845694952128359,0.156980931061327,0.691951448768399,0.99999999994277
"MRPL41",2.43885593829066e-07,0.845095133859025,0.156571919086016,0.692332481466169,0.99999999994277
"CAT",2.42909209146456e-07,0.843251221304185,0.155320771707536,0.69350162703554,0.99999999994277
"S100A6",2.42873468627197e-07,0.843183603852518,0.155275068733491,0.69354443742654,0.99999999994277
"PLEKHB2",2.42567634202338e-07,0.842604645084401,0.154884259790241,0.693910809285304,0.99999999994277
"NDUFB3",2.42549814960323e-07,0.84257089303984,0.154861504745073,0.693932157907838,0.99999999994277
"MYL6B",2.41873998758565e-07,0.841289225883096,0.153999726228732,0.69474200926672,0.99999999994277
"IFITM1",2.41370541140396e-07,0.840332424534674,0.15335929654647,0.695345544616395,0.99999999994277
"RAB6A",2.41287829784484e-07,0.840175070393064,0.15325421013479,0.695444715881594,0.99999999994277
"AKR1A1",2.40202857847696e-07,0.838106650216513,0.151879066773013,0.696746083669052,0.99999999994277
"CLNS1A",2.39300848509049e-07,0.836380895958984,0.150740536502379,0.697828677287125,0.99999999994277
"RAB32",2.3834994328351e-07,0.834555511306641,0.149544927116876,0.698970622052116,0.99999999994277
"HLA-DRB5",2.37258145296562e-07,0.83245190841407,0.148178038581977,0.700282605639728,0.99999999994277
"PTPN6",2.36976260869929e-07,0.83190743756913,0.147826149557098,0.700621483889919,0.99999999994277
"SCP2",2.36756471187988e-07,0.831482517738351,0.147552066447446,0.700885753895843,0.99999999994277
"TUFM",2.35866118270438e-07,0.829757711005291,0.146444376432016,0.701956663615544,0.99999999994277
"PTPN11",2.3568228102483e-07,0.829400879612746,0.146216183935894,0.702177855476543,0.99999999994277
"DHRS7",2.34945311776522e-07,0.82796799635362,0.145303189076835,0.70306482553458,0.99999999994277
"MYC",2.34633532003079e-07,0.827360639169579,0.144917801208922,0.703440185935829,0.99999999994277
"EMC3",2.32165311346695e-07,0.822527759951679,0.141884920467145,0.706414290585748,0.99999999994277
"AGPAT1",2.31580773499557e-07,0.821376727891909,0.141171353936708,0.707119293768036,0.99999999994277
"EBPL",2.30707880199635e-07,0.819653215707532,0.140109130268789,0.708172546146224,0.99999999994277
"TSPO",2.30579768101469e-07,0.819399787879878,0.139953568257576,0.708327176082088,0.99999999994277
"SERF2",2.30219493027661e-07,0.81868645057611,0.139516562086852,0.708762088688618,0.99999999994277
"TEX264",2.29784265149377e-07,0.817823423948968,0.138989551104569,0.709287608580633,0.99999999994277
"TYMP",2.29175883151137e-07,0.816614680628648,0.138254541673295,0.710022436838974,0.99999999994277
"HERPUD1",2.29163356269433e-07,0.816589762970388,0.138239427945519,0.710037570147152,0.99999999994277
"TMEM219",2.28859856340065e-07,0.81598570159665,0.137873506668819,0.710404253230041,0.99999999994277
"POLR2E",2.28653473176127e-07,0.815574538976651,0.137624953332351,0.710653639911653,0.99999999994277
"CARHSP1",2.28447577777803e-07,0.815164029256021,0.137377210875696,0.710902468064376,0.99999999994277
"ATP5E",2.26636954622052e-07,0.811540251206367,0.135208200025377,0.71309196161422,0.99999999994277
"AFF4",2.26328788019773e-07,0.81092100400159,0.134840754885354,0.713464847751717,0.99999999994277
"RBM6",2.26236371413404e-07,0.810735155263997,0.134730658588063,0.713576686558408,0.99999999994277
"EIF3D",2.25470491136951e-07,0.809192455701299,0.13381999252259,0.714503760298946,0.99999999994277
"COPE",2.23981265320339e-07,0.80617975965614,0.132058076447476,0.71630762636345,0.99999999994277
"TBCB",2.2364083600165e-07,0.805488649382648,0.131656951145667,0.716720203657693,0.99999999994277
"ATP6AP2",2.2349055683589e-07,0.805183277061281,0.131480072453839,0.716902358151442,0.99999999994277
"BLVRA",2.22450970806376e-07,0.803065943247594,0.130259735025664,0.718162888647522,0.99999999994277
"SEPT11",2.21293125835762e-07,0.800697688324491,0.128907274551777,0.719567715177547,0.99999999994277
"TESC",2.20896079599878e-07,0.799883111052821,0.128445116206853,0.720049674371739,0.99999999994277
"NDUFS8",2.20450570883302e-07,0.798967604795485,0.127927536047287,0.720590592790695,0.99999999994277
"MCM5",2.20063652569692e-07,0.798171205240261,0.127478872483773,0.721060486633359,0.99999999994277
"MSI2",2.19988717006952e-07,0.798016824809186,0.127392069647378,0.721151504481569,0.99999999994277
"HOOK3",2.19955856464521e-07,0.797949112020129,0.12735401442423,0.721191418630625,0.99999999994277
"RPL23",2.19624548241485e-07,0.797265927188235,0.126970649725587,0.72159388549301,0.99999999994277
"CDC5L",2.19437477455923e-07,0.796879779370653,0.126754440895741,0.721821169550111,0.99999999994277
"SEC61G",2.19038126807135e-07,0.796054497424377,0.126293504067385,0.722306447915641,0.99999999994277
"COX7A2",2.18311966495994e-07,0.794550515201007,0.125457509776463,0.723189141345787,0.99999999994277
"STARD3NL",2.1814972039525e-07,0.794213891054006,0.125271102880513,0.72338641205636,0.99999999994277
"R3HDM4",2.16499507798122e-07,0.790777756808485,0.123383022886931,0.725393903700127,0.99999999994277
"SQSTM1",2.16369017146032e-07,0.790505082274271,0.123234334520806,0.725552726963396,0.99999999994277
"REEP5",2.1604625720266e-07,0.789830030637098,0.122866948830539,0.725945616429611,0.99999999994277
"SNRPD2",2.15514289159587e-07,0.788715521557822,0.122262626200541,0.726593328243099,0.99999999994277
"ANXA5",2.1502724216817e-07,0.787693044050204,0.121710640921406,0.727186516683593,0.99999999994277
"GSR",2.13128695183056e-07,0.783688195245553,0.119570881733072,0.729500369639999,0.99999999994277
"TMEM147",2.1302615028055e-07,0.783471010125522,0.119455848563339,0.729625416540466,0.99999999994277
"VCP",2.13010519476909e-07,0.783437896929322,0.119438319049638,0.729644477929885,0.99999999994277
"PRDX5",2.11030697013701e-07,0.779226697268396,0.117228402375131,0.732060170877786,0.99999999994277
"RPL15",2.10867715721089e-07,0.778878511448775,0.11704739876835,0.732259152258433,0.99999999994277
"ZNF24",2.10067442361888e-07,0.777165470888566,0.116160661135066,0.733236454808768,0.99999999994277
"SLC30A5",2.09060918325258e-07,0.775002932745218,0.115050175924517,0.734466246929955,0.99999999994277
"MIF",2.08854256558623e-07,0.77455780555212,0.114822828594467,0.734718835008281,0.99999999994277
"SENCR",2.08516173772559e-07,0.773828792491593,0.114451390608892,0.735132111583008,0.99999999994277
"RARRES3",2.08333975401081e-07,0.773435492831238,0.114251466102845,0.735354864935146,0.99999999994277
"FAM204A",2.07941624671376e-07,0.772587543530557,0.113821536846249,0.735834623370847,0.99999999994277
"GTF2A2",2.07801780311465e-07,0.772284978225549,0.113668494398313,0.736005647108047,0.99999999994277
"ARPC2",2.07705141766956e-07,0.772075789865624,0.113562795557819,0.736123839605272,0.99999999994277
"HSPA9",2.07634420075505e-07,0.771922649187915,0.113485474547674,0.736210338794791,0.99999999994277
"TRIM58",2.06582769499006e-07,0.769640085099276,0.11233879738931,0.737496998997186,0.99999999994277
"PTPN1",2.04789865869961e-07,0.765725468529144,0.110397312902214,0.739692253390364,0.99999999994277
"PABPC1",2.04042914016255e-07,0.764085856050373,0.109593453864472,0.740607458260977,0.99999999994277
"TNFRSF1A",2.03858764282073e-07,0.763680839501518,0.109395725866953,0.740833144720152,0.99999999994277
"SPCS3",2.03213948424145e-07,0.762260150214997,0.108704771636178,0.741623580593057,0.99999999994277
"CCNDBP1",2.02119893558174e-07,0.759840763104205,0.107537441905079,0.74296533142583,0.99999999994277
"CD44",2.01618057096844e-07,0.758727226683705,0.107004102876008,0.743581046145777,0.99999999994277
"C4orf3",2.01439322724909e-07,0.758330051944135,0.106814468732074,0.743800379094126,0.99999999994277
"PNN",2.00574845907985e-07,0.756404756217169,0.105899647384649,0.744861510420032,0.99999999994277
"FBXO9",2.0038184897243e-07,0.755973952071074,0.105695948119521,0.745098477255227,0.99999999994277
"B2M",1.99741798595584e-07,0.754542679442828,0.105021808337277,0.745884520899122,0.99999999994277
"SMAP1",1.9964212112998e-07,0.754319426323475,0.104917016092952,0.746006958277271,0.99999999994277
"MEA1",1.97885447406039e-07,0.750369056642877,0.103078785721997,0.748165793069031,0.99999999994277
"CASP3",1.97445415184189e-07,0.749374789500148,0.102620868709199,0.74870687345831,0.99999999994277
"OSTF1",1.97114305063922e-07,0.748625375440012,0.102276972980646,0.74911410069447,0.99999999994277
"PNRC1",1.96867862330957e-07,0.74806688767569,0.102021388687464,0.749417242240292,0.99999999994277
"BRD3",1.96558962403227e-07,0.747366008020747,0.101701481974073,0.749797265114125,0.99999999994277
"GSTK1",1.96081086456166e-07,0.746279857041335,0.101207567962735,0.750385289687743,0.99999999994277
"EIF4EBP1",1.94971467406767e-07,0.743749008752044,0.100065345728038,0.751751230714282,0.99999999994277
"KXD1",1.94147782700002e-07,0.741862286912807,0.0992216510716787,0.752765689974757,0.99999999994277
"RAB13",1.93326921509513e-07,0.739975156677279,0.0983844020319137,0.753777096700136,0.99999999994277
"M6PR",1.93322746698381e-07,0.739965541300681,0.098380152940698,0.753782241686689,0.99999999994277
"POMP",1.93272054336257e-07,0.7398487729583,0.0983285659591173,0.753844715210414,0.99999999994277
"RPL36AL",1.9325342378167e-07,0.739805851398878,0.0983096100119933,0.753867676005123,0.99999999994277
"MRPS6",1.93009211810656e-07,0.739242899457486,0.0980613017169908,0.754168669496904,0.99999999994277
"MAPRE1",1.92355838432293e-07,0.737733733853483,0.0973985126443788,0.754974141685091,0.99999999994277
"VPS26B",1.92298576830015e-07,0.737601260204497,0.0973405329665781,0.755044745931918,0.99999999994277
"RPL27",1.92245031837976e-07,0.737477354100712,0.0972863321243077,0.75511076940506,0.99999999994277
"EIF3F",1.92175031359464e-07,0.737315324214412,0.097215497004279,0.755197085958865,0.99999999994277
"PGRMC1",1.9086529327484e-07,0.734274258756819,0.0958948993165712,0.756812667133042,0.99999999994277
"GLG1",1.90141111445891e-07,0.732585059771732,0.0951685902271609,0.757706413052959,0.99999999994277
"SHPRH",1.89582823025972e-07,0.7312790282243,0.0946105465761092,0.758395643563203,0.99999999994277
"BCAP31",1.89463390191145e-07,0.730999202787804,0.0944913791710096,0.758543113370487,0.99999999994277
"FLI1",1.89375156159486e-07,0.730792376997966,0.0944033894653553,0.758652066067928,0.99999999994277
"GDI2",1.89053659269972e-07,0.730038065957916,0.094083129572984,0.759049095747533,0.99999999994277
"UBE2L3",1.89013444871742e-07,0.729943635277693,0.0940431081943729,0.759098762627519,0.99999999994277
"PRKCD",1.88828091261241e-07,0.729508167516408,0.0938587542950782,0.759327696850396,0.99999999994277
"PHKB",1.88314337414575e-07,0.728299231176488,0.0933487168522501,0.759962355453203,0.99999999994277
"IFRD1",1.88001291120759e-07,0.727561193979569,0.0930386163988713,0.760349152081747,0.99999999994277
"POLR2L",1.87995436706299e-07,0.727547381539798,0.0930328219903645,0.760356386304318,0.99999999994277
"BUD31",1.87984378119881e-07,0.727521289779152,0.0930218772434018,0.760370051310581,0.99999999994277
"EIF2S3",1.87893973461306e-07,0.727307938323269,0.0929324273755042,0.760481766423892,0.99999999994277
"IRF2",1.8725931975119e-07,0.725807684770299,0.0923056877323562,0.761266163094904,0.99999999994277
"FTH1",1.86533167164937e-07,0.724085752673393,0.0915911913469953,0.762163948296069,0.99999999994277
"TMEM256",1.86012955949826e-07,0.722848615720167,0.0910810372970968,0.7628073129596,0.99999999994277
"ENSA",1.85718974552798e-07,0.722148166446781,0.0907933694679075,0.763170963256469,0.99999999994277
"EZR",1.85648259946566e-07,0.721979537046214,0.0907242414204105,0.763258443897139,0.99999999994277
"DNPH1",1.84972794472793e-07,0.72036599406468,0.0900652574935161,0.764094210631928,0.99999999994277
"TUBA1A",1.84820012041642e-07,0.720000325317639,0.0899165360970508,0.764283289500605,0.99999999994277
"TSPAN3",1.83964674161607e-07,0.717948338604736,0.0890862033538837,0.765342088822508,0.99999999994277
"TMED4",1.83818948132448e-07,0.717597917072171,0.0889451215199245,0.765522522864886,0.99999999994277
"PIN1",1.83693248674033e-07,0.717295460244068,0.0888235178329179,0.765678170768113,0.99999999994277
"RILPL2",1.83574747763609e-07,0.717010161101209,0.0887089543120397,0.765824913701513,0.99999999994277
"LPIN2",1.82826507520148e-07,0.715205046830433,0.0879872827447726,0.766751673997165,0.99999999994277
"ANXA6",1.82796930625508e-07,0.715133562449377,0.0879588166309159,0.76678831440682,0.99999999994277
"MRPS36",1.82018009915348e-07,0.713247391848635,0.0872108065571588,0.767753443400476,0.99999999994277
"CNBP",1.81364729924873e-07,0.711660090961452,0.0865859141742048,0.768563173924077,0.99999999994277
"DCTN2",1.80738677139646e-07,0.710134314444182,0.0859891741841199,0.769339393765993,0.99999999994277
"IFI16",1.79800278675317e-07,0.707838755968789,0.0850985775189684,0.770503312371461,0.99999999994277
"LMAN1",1.79600719895367e-07,0.70734925401928,0.0849097819926311,0.770750896768845,0.99999999994277
"LEPROT",1.79181381107152e-07,0.706319119697347,0.0845137435133995,0.771271229300273,0.99999999994277
"UBE2C",1.78485929722664e-07,0.704606106531735,0.0838589752740723,0.772134400297811,0.99999999994277
"SLA2",1.77632615877631e-07,0.702496374679397,0.083059058207509,0.773193890196495,0.99999999994277
"PRKAR1B",1.77489070476774e-07,0.70214061532363,0.0829248719450974,0.773372160358641,0.99999999994277
"OXA1L",1.76565820029134e-07,0.699846509479871,0.0820644099283656,0.774519037717166,0.99999999994277
"TRAM1",1.76560592112379e-07,0.699833489669418,0.0820595503292422,0.774525533327772,0.99999999994277
"TWF2",1.75475570020224e-07,0.697124089849934,0.081054084216268,0.775873998428602,0.99999999994277
"PDIA4",1.7533556022401e-07,0.696773421443464,0.0809247917061887,0.77604805188166,0.99999999994277
"AK3",1.75037243006601e-07,0.696025450767493,0.0806496538893943,0.776418943020079,0.99999999994277
"GNAS",1.74807113430869e-07,0.695447695892147,0.0804377256214115,0.776705092824438,0.99999999994277
"EP300",1.74630369225367e-07,0.695003523135444,0.0802751496894992,0.7769248822835,0.99999999994277
"CD52",1.74227785049441e-07,0.693990347764272,0.0799054516404922,0.7774255806562,0.99999999994277
"TAF15",1.72847716769575e-07,0.690501775273315,0.0786445938278512,0.779142687271626,0.99999999994277
"EIF3M",1.72342302327512e-07,0.689218167995527,0.0781853456338555,0.779771803560339,0.99999999994277
"H2AFJ",1.71373892052369e-07,0.686749594128421,0.0773091502455397,0.780977638135996,0.99999999994277
"ARL8B",1.71201558966299e-07,0.686309040452174,0.0771537447104631,0.781192277278051,0.99999999994277
"COX7C",1.7102836634158e-07,0.685865904205914,0.0769977215912599,0.781408003762146,0.99999999994277
"HINT2",1.69771361420208e-07,0.682638049970334,0.0758700625747698,0.782974215869163,0.99999999994277
"RSL1D1",1.69606311998831e-07,0.682212692067411,0.0757226145857463,0.783179930838025,0.99999999994277
"AKIRIN1",1.69215659363214e-07,0.681204496519209,0.075374193922391,0.783666894435945,0.99999999994277
"KIT",1.69069596073999e-07,0.680827021384507,0.0752441273412156,0.783848989742973,0.99999999994277
"STK38",1.67809618775824e-07,0.677559107700007,0.0741268049142866,0.785420278436505,0.99999999994277
"SHKBP1",1.67394452355097e-07,0.676477687439106,0.0737604744097868,0.785938214832949,0.99999999994277
"SLC10A3",1.66918671880048e-07,0.675235534288859,0.0733417757012277,0.786531886148175,0.99999999994277
"DAD1",1.66495432761574e-07,0.674127987215389,0.0729703163046712,0.787060101521134,0.99999999994277
"ALDOA",1.66121605710444e-07,0.67314772342285,0.072643008171653,0.787526730626824,0.99999999994277
"EIF4E2",1.65400677604021e-07,0.671251896953467,0.0720138696725871,0.788426843429876,0.99999999994277
"PSMD2",1.65292578546596e-07,0.670967014846747,0.0719197698455615,0.788561834600406,0.99999999994277
"NQO2",1.64662773359739e-07,0.669304038569137,0.0713727501170438,0.789348444369568,0.99999999994277
"NOLC1",1.64641565465723e-07,0.669247944598546,0.0713543662624268,0.789374936201793,0.99999999994277
"SEC11A",1.64516386248667e-07,0.668916724019304,0.0712459041242691,0.78953130872937,0.99999999994277
"SOD2",1.64398867507449e-07,0.668605575100585,0.0711441545208279,0.789678119588244,0.99999999994277
"ERBB2",1.63883271620683e-07,0.667238186193075,0.0706986026430797,0.79032231843034,0.99999999994277
"EIF3H",1.63073528998863e-07,0.665083201342443,0.0700016890199546,0.791334320907081,0.99999999994277
"UNG",1.62369957166077e-07,0.663203270085856,0.0693989551354097,0.792213918661138,0.99999999994277
"NREP",1.61752079366694e-07,0.661546512660569,0.0688717826566103,0.792986600892675,0.99999999994277
"AKAP9",1.6080525494917e-07,0.658997114406713,0.0680678531843859,0.794171038959831,0.99999999994277
"LAIR1",1.60579912700567e-07,0.658388457440091,0.0678772149386887,0.794453002809708,0.99999999994277
"AP2B1",1.60471935771378e-07,0.658096547217494,0.0677859618177803,0.794588120552756,0.99999999994277
"POLD2",1.60062251713939e-07,0.656987444982618,0.0674402891822685,0.795100837801536,0.99999999994277
"FAU",1.59623485090743e-07,0.655796893402623,0.0670710579555096,0.795650049867356,0.99999999994277
"NFE2",1.58627624485563e-07,0.653084219388852,0.0662367813628925,0.79689696181649,0.99999999994277
"FEZ2",1.57956378261623e-07,0.651247485800994,0.0656773943220034,0.797737718544919,0.99999999994277
"PTPRA",1.57897003329049e-07,0.651084694293094,0.0656280280604441,0.797812098802152,0.99999999994277
"ANKRD28",1.57323523242404e-07,0.649509630835239,0.0651521733070094,0.798530604052261,0.99999999994277
"TGFBR2",1.57252797616455e-07,0.649315040231358,0.0650936074627569,0.798619227041702,0.99999999994277
"GLA",1.57186692432331e-07,0.649133093847102,0.0650388914827644,0.798702062716484,0.99999999994277
"C1orf186",1.56819221447843e-07,0.648120471301011,0.0647351511531065,0.799162577821546,0.99999999994277
"COA3",1.5637837512349e-07,0.646902949885124,0.0643716990180644,0.799715139161756,0.99999999994277
"SERINC3",1.55570509323135e-07,0.644664102585468,0.0637083161679567,0.800727986585737,0.99999999994277
"RP11-879F14.2",1.55163475982791e-07,0.643532288130806,0.0633753805043398,0.801238424487204,0.99999999994277
"LDLRAP1",1.54957175351075e-07,0.642957662229647,0.063206968585219,0.801497167070211,0.99999999994277
"FAM50A",1.54740303350657e-07,0.64235287970959,0.0630301683922512,0.801769191756607,0.99999999994277
"JAK2",1.53673573934475e-07,0.639367456261435,0.0621641447224316,0.80310755017376,0.99999999994277
"ATP5G2",1.53472195165961e-07,0.638801860426881,0.0620013277039606,0.803360272401423,0.99999999994277
"CDK4",1.52883980135008e-07,0.637146119087942,0.0615269717712912,0.804098576175743,0.99999999994277
"KRTCAP2",1.5265130772454e-07,0.636489663729728,0.0613398398635405,0.804390665477912,0.99999999994277
"SERPINE1",1.51825016751361e-07,0.634151399093061,0.0606775804865253,0.805428184465701,0.99999999994277
"DNAJB6",1.51704824153902e-07,0.633810361001359,0.0605815474426397,0.805579130959935,0.99999999994277
"EEF1D",1.51291849330924e-07,0.632636796396235,0.0602521630508814,0.806097829577218,0.99999999994277
"RAB37",1.50794037863566e-07,0.631218473080911,0.0598563073419409,0.806723196865915,0.99999999994277
"FAAP20",1.50224857094616e-07,0.629591856972646,0.0594052979822907,0.807438372050653,0.99999999994277
"VAPA",1.49872472443934e-07,0.628582140929989,0.059126929095067,0.807881223809003,0.99999999994277
"ABLIM1",1.49846866252757e-07,0.628508689737505,0.059106726771208,0.807913406234972,0.99999999994277
"SSSCA1",1.48988310727246e-07,0.626039644641266,0.0584313568949869,0.808992645595352,0.99999999994277
"PHB",1.48844561516687e-07,0.625625050935728,0.0583186579948478,0.809173379798983,0.99999999994277
"ZNF106",1.48725754954489e-07,0.625282134919695,0.0582255961589967,0.809322761585935,0.99999999994277
"SLC44A1",1.48460107169648e-07,0.624514530413112,0.0580177816222224,0.809656799753508,0.99999999994277
"MPHOSPH8",1.48370312800681e-07,0.624254796726154,0.0579476200861073,0.809769719311977,0.99999999994277
"PA2G4",1.48198968306465e-07,0.62375880001182,0.057813856501689,0.809985201990535,0.99999999994277
"BNIP2",1.47932384544111e-07,0.622986127407389,0.0576060497454868,0.810320486117945,0.99999999994277
"NPR3",1.47739564712202e-07,0.622426505637182,0.0574559764553332,0.810563018568035,0.99999999994277
"SNHG8",1.47047598842786e-07,0.620413013551141,0.0569190252498562,0.811433535983485,0.99999999994277
"TALDO1",1.46626733304072e-07,0.61918437569099,0.0565936751564944,0.811963113757874,0.99999999994277
"RPL36A",1.4599177663733e-07,0.617324974762069,0.0561045866450242,0.812762246490658,0.99999999994277
"RAB8B",1.45810197503777e-07,0.616791958668201,0.0559651118458585,0.812990811097564,0.99999999994277
"AP2M1",1.45426575103818e-07,0.615663971396939,0.0556710140651782,0.813473752106735,0.99999999994277
"MKRN1",1.45274629131547e-07,0.615216486669306,0.0555547414065628,0.813665056024002,0.99999999994277
"NIPSNAP3A",1.45231129161608e-07,0.615088303888069,0.0555214765786064,0.813719825660828,0.99999999994277
"NHP2",1.45078280882297e-07,0.614637638310409,0.0554046710909763,0.813912280020722,0.99999999994277
"RAB8A",1.4454437965642e-07,0.613060239158226,0.0549976330153907,0.814584613935916,0.99999999994277
"ADK",1.4451619528094e-07,0.612976829596325,0.0549761873829773,0.81462010990288,0.99999999994277
"ATOX1",1.44508720681504e-07,0.612954706723429,0.0549705006244579,0.814629523626966,0.99999999994277
"G3BP2",1.44411979233371e-07,0.612668288143716,0.0548969251922534,0.814751364985318,0.99999999994277
"MBNL1",1.44188335501015e-07,0.612005521434116,0.0547270245144381,0.815033051021518,0.99999999994277
"RNASET2",1.4410304878979e-07,0.611752541458559,0.0546623021147889,0.815140478510466,0.99999999994277
"GNG5",1.43867372706633e-07,0.611052800475645,0.0544836513114638,0.815437355130675,0.99999999994277
"COX6A1",1.43777371641082e-07,0.610785319476935,0.0544155044790131,0.815550734732553,0.99999999994277
"TPP1",1.4367151910047e-07,0.610470543544173,0.0543354098299592,0.815684088306051,0.99999999994277
"MOB2",1.43621891006016e-07,0.610322894603558,0.0542978784231134,0.815746611872398,0.99999999994277
"BPTF",1.43610124200473e-07,0.610287880637574,0.0542889816400453,0.81576143636232,0.99999999994277
"PHF20L1",1.43279021183972e-07,0.609301616836978,0.0540389362605657,0.816178605762682,0.99999999994277
"MMP24-AS1",1.41877208022336e-07,0.605104118637292,0.0529866968205532,0.817945379830897,0.99999999994277
"WASF2",1.40390525218245e-07,0.600613254146959,0.0518820558845303,0.819820130016791,0.99999999994277
"RANBP1",1.39841264443239e-07,0.598943713512404,0.0514768856196779,0.820513024991574,0.99999999994277
"COX8A",1.39365199916203e-07,0.597492082804332,0.0511269945397167,0.82111369593044,0.99999999994277
"SRM",1.39268939211271e-07,0.597198042353159,0.0510563912489275,0.821235164934254,0.99999999994277
"UQCC2",1.39120613818459e-07,0.596744620678274,0.0509476961354068,0.821422341471034,0.99999999994277
"HMGN1",1.38938375682712e-07,0.596186959045728,0.0508143078212333,0.821652327497223,0.99999999994277
"EAF2",1.38894240643141e-07,0.596051807870801,0.0507820296940459,0.821708028586675,0.99999999994277
"ASB8",1.37979588970897e-07,0.593242578283399,0.0501154083420808,0.822862576247119,0.99999999994277
"SLC44A2",1.37850132147981e-07,0.592843673368319,0.0500214127291008,0.823026018214079,0.99999999994277
"BZW2",1.375541372386e-07,0.591930387834386,0.0498068291473616,0.823399746860695,0.99999999994277
"FBXO7",1.37402210675628e-07,0.591460963913689,0.0496968680555863,0.823591587710601,0.99999999994277
"MAP3K7CL",1.36987969293791e-07,0.590178761053353,0.0493976666523986,0.824114712496327,0.99999999994277
"NUCB1",1.3693334598356e-07,0.590009436027431,0.0493582803307515,0.824183699387793,0.99999999994277
"LYST",1.3658856844529e-07,0.588939325978335,0.0491100398111952,0.824619169913165,0.99999999994277
"RAB1A",1.34454298272353e-07,0.58226274966137,0.047587288589345,0.827316051708636,0.99999999994277
"AASDHPPT",1.34415251586457e-07,0.582139752586561,0.0475596530860372,0.827365410507461,0.99999999994277
"PFDN5",1.33952896011801e-07,0.58068098631155,0.0472330286699142,0.827949924599185,0.99999999994277
"CAPG",1.33768608742371e-07,0.580098336455082,0.0471031552813176,0.828182928809537,0.99999999994277
"ZNF428",1.33400516843059e-07,0.578932488771967,0.0468442838597686,0.828648372246442,0.99999999994277
"CLTC",1.33351615700197e-07,0.578777396911089,0.0468099463742932,0.828710211107435,0.99999999994277
"TRBC2",1.33247675562765e-07,0.578447583870058,0.046737003334684,0.828841654090892,0.99999999994277
"MT-ND3",1.3305094635245e-07,0.577822733824823,0.0465990985459655,0.82909045150674,0.99999999994277
"AIG1",1.32739716303743e-07,0.576832578725232,0.0463813462112309,0.829484089634835,0.99999999994277
"PHYKPL",1.32296434470641e-07,0.575418850707499,0.0460720841627969,0.830044818353588,0.99999999994277
"VAMP8",1.31453956773285e-07,0.572720704623425,0.0454871686968135,0.831110747686657,0.99999999994277
"TCEB2",1.31429735716078e-07,0.572642913335692,0.0454704077587488,0.831141397536653,0.99999999994277
"CKAP5",1.31309065960179e-07,0.572255171484092,0.0453869504783047,0.831294099483682,0.99999999994277
"ZFAND3",1.3091479538994e-07,0.570986137779766,0.0451148005972553,0.831793074871793,0.99999999994277
"PAIP2",1.30780834960195e-07,0.570554211269858,0.0450225191105225,0.831962626064814,0.99999999994277
"DBI",1.304598355544e-07,0.569517664281049,0.0448017762847021,0.832368940770377,0.99999999994277
"SPTLC2",1.30146059920447e-07,0.568502317075651,0.0445865253572101,0.832766155061237,0.99999999994277
"ITSN2",1.29847694018769e-07,0.567534875440973,0.0443823263232584,0.833143901499858,0.99999999994277
"SIVA1",1.29637239912751e-07,0.56685133194441,0.0442385752386626,0.833410370300272,0.99999999994277
"TNFRSF14",1.28980647114478e-07,0.564712590271741,0.0437915868377334,0.834241845413188,0.99999999994277
"H2AFY",1.28954509201801e-07,0.564627256330261,0.0437738399164747,0.834274948954724,0.99999999994277
"TTC3",1.28743200187754e-07,0.563936835743411,0.0436304990050926,0.83454258159203,0.99999999994277
"CD53",1.2831199438719e-07,0.562524899910836,0.0433387209947779,0.835088783107295,0.99999999994277
"SNRPD1",1.27268569749231e-07,0.55909132540419,0.0426367316966766,0.836410801137835,0.99999999994277
"LSM7",1.27169596000723e-07,0.558764376188265,0.0425704423323236,0.836536224841149,0.99999999994277
"HMHA1",1.26901279699034e-07,0.557876917470146,0.042390992307275,0.836876267455862,0.99999999994277
"AP1S2",1.26604894552142e-07,0.55689473897721,0.0421932104019516,0.837251917705879,0.99999999994277
"CD69",1.26538606157856e-07,0.556674797466519,0.0421490385243192,0.837335939317508,0.99999999994277
"SF3A3",1.26283411863145e-07,0.555827147738431,0.0419792034311154,0.837659419523193,0.99999999994277
"TOX4",1.25593860043755e-07,0.553529336023312,0.0415220126453045,0.838533621485229,0.99999999994277
"IKBKG",1.24399031509531e-07,0.549521908218706,0.0407357369975321,0.840048875886029,0.99999999994277
"VTI1B",1.24394122223575e-07,0.549505374275959,0.0407325218690374,0.840055102957883,0.99999999994277
"RAD23B",1.24159336907146e-07,0.548713985433321,0.040578907329404,0.840352922720306,0.99999999994277
"ATP8B4",1.23902631896434e-07,0.547847234664458,0.040411283363464,0.840678573262318,0.99999999994277
"PRKAR1A",1.23902243799803e-07,0.547845923105654,0.0404110302056724,0.840679065614143,0.99999999994277
"SOD1",1.23886688425946e-07,0.54779335135587,0.0404008839935614,0.840698799711325,0.99999999994277
"IARS2",1.2371520218269e-07,0.547213410151578,0.0402891141038356,0.840916359854164,0.99999999994277
"MCUR1",1.23588893247725e-07,0.546785808693076,0.0402068885208704,0.841076612490756,0.99999999994277
"IFITM3",1.23225282161885e-07,0.545552747341862,0.0399706510446446,0.841537975545542,0.99999999994277
"SSR1",1.22809539784443e-07,0.544139052315717,0.0397013968652976,0.842065551363122,0.99999999994277
"SLC38A1",1.22240672846015e-07,0.542197972691076,0.0393344464721657,0.842787556635712,0.99999999994277
"SF3B4",1.21922531104718e-07,0.541109017020063,0.0391299704214322,0.843191399440081,0.99999999994277
"CUX1",1.21745816257735e-07,0.540503087886396,0.0390166224540946,0.843415735575841,0.99999999994277
"SERBP1",1.21740898360143e-07,0.5404862143028,0.039013470380635,0.843421978935049,0.99999999994277
"XRN1",1.21726254307517e-07,0.540435966254157,0.0390040851870031,0.843440569880808,0.99999999994277
"ARPP19",1.21497580264103e-07,0.539650641742565,0.0388576772632916,0.843730887901253,0.99999999994277
"UXS1",1.21144406896202e-07,0.538435248377799,0.0386320999184489,0.844179308407445,0.99999999994277
"SETD5",1.21142128529679e-07,0.538427397811525,0.0386306468219706,0.844182201389542,0.99999999994277
"GPSM3",1.20902743444438e-07,0.53760183880259,0.0384781240976207,0.844486175059476,0.99999999994277
"GNB2",1.20873603729514e-07,0.537501249522327,0.0384595785060907,0.844523178554458,0.99999999994277
"YWHAB",1.20617706657468e-07,0.536617002955013,0.0382969081548418,0.844848147936632,0.99999999994277
"SDHC",1.20421031375549e-07,0.535936296418126,0.0381721186085098,0.845097928198918,0.99999999994277
"PAFAH1B1",1.20398177564423e-07,0.53585713569498,0.0381576311788988,0.84512695385786,0.99999999994277
"CTD-2336O2.1",1.198718428619e-07,0.534030431395106,0.0378247393233579,0.845795487400437,0.99999999994277
"HK1",1.19498089548155e-07,0.532729076205589,0.0375892364400751,0.846270284380873,0.99999999994277
"LRP10",1.19304155638153e-07,0.532052443340866,0.0374673280099117,0.846516670051029,0.99999999994277
"MARCH2",1.19091059822283e-07,0.531307860880997,0.0373336025694683,0.8467874174981,0.99999999994277
"WIPF1",1.18825162419559e-07,0.53037717131474,0.0371670774591495,0.847125277005683,0.99999999994277
"HMG20B",1.18703893343363e-07,0.529952111243711,0.0370912531623861,0.847279375510936,0.99999999994277
"FLT3",1.18494668187468e-07,0.529217875772041,0.0369606157616759,0.84754525490242,0.99999999994277
"ANXA1",1.18403338191097e-07,0.528897020330565,0.0369036627852269,0.847661320785575,0.99999999994277
"ATXN2",1.18030369264974e-07,0.527584508554967,0.0366715368737765,0.848135339173608,0.99999999994277
"POLE3",1.17895633448774e-07,0.527109481895031,0.0365878609632874,0.848306592837797,0.99999999994277
"C7orf50",1.17739786159821e-07,0.526559440351414,0.0364911932592832,0.848504688811239,0.99999999994277
"BACH1",1.1769281862845e-07,0.52639355186906,0.0364620856912432,0.848564390660555,0.99999999994277
"SRSF4",1.17425680094361e-07,0.525448936738483,0.0362967506461867,0.848903975041159,0.99999999994277
"C20orf24",1.17181450220163e-07,0.524583705698602,0.0361459227849773,0.849214462654834,0.99999999994277
"CSNK1A1",1.16879923531428e-07,0.523513343242158,0.0359601435852741,0.849597823542403,0.99999999994277
"KAT6A",1.16757905961039e-07,0.523079527557246,0.0358851011160777,0.849752966736138,0.99999999994277
"PHB2",1.16718220061553e-07,0.522938345916336,0.0358607106394995,0.849803427913235,0.99999999994277
"SNRPF",1.16190888678265e-07,0.521058439032449,0.035537406197546,0.850473995480766,0.99999999994277
"TUBB4B",1.1606382185333e-07,0.520604353690511,0.0354597209974372,0.850635592972639,0.99999999994277
"UBA52",1.16061215365816e-07,0.520595034676625,0.0354581283515851,0.850638907844099,0.99999999994277
"ABI1",1.15699732962793e-07,0.519300870697583,0.0352375976802636,0.851098658474799,0.99999999994277
"MAP2K3",1.15361034386493e-07,0.518085110242421,0.0350315910671927,0.851529477479717,0.99999999994277
"MLH3",1.15151837989755e-07,0.517332660856096,0.0349046532687434,0.851795593992704,0.99999999994277
"CRBN",1.15132527393721e-07,0.517263144034845,0.0348929474522416,0.851820159647905,0.99999999994277
"POLR3GL",1.14769592073095e-07,0.51595472888104,0.0346733062611708,0.852281888527987,0.99999999994277
"TLK1",1.14306702438335e-07,0.514280784937366,0.0343941809726504,0.852870853438229,0.99999999994277
"NUTM2A-AS1",1.13504795982396e-07,0.511366979940537,0.0339132963053686,0.853891365714297,0.99999999994277
"PCNA",1.13431350775934e-07,0.51109922357466,0.0338694221557311,0.853984844893988,0.99999999994277
"HTT",1.11735879090457e-07,0.504876184984522,0.0328644886973553,0.856143365151434,0.99999999994277
"TM9SF2",1.11580059862277e-07,0.504300192725797,0.0327728914653323,0.856341794275128,0.99999999994277
"SNN",1.11334972087442e-07,0.503392811272355,0.0326290769957278,0.856653921447089,0.99999999994277
"GCSH",1.11232338411138e-07,0.503012322065216,0.032568946768797,0.85678463540119,0.99999999994277
"SETX",1.11086343503208e-07,0.502470560046509,0.0324835079477363,0.856970580862116,0.99999999994277
"PSMB8-AS1",1.11010609984475e-07,0.50218928420062,0.0324392315462929,0.857067041491318,0.99999999994277
"TGOLN2",1.10998171529573e-07,0.502143071712372,0.0324319624877143,0.857082884365994,0.99999999994277
"AP001189.4",1.10851980560019e-07,0.501599594855584,0.0323465892294097,0.85726909228982,0.99999999994277
"APLP2",1.103614486713e-07,0.49977147743405,0.0320609483817344,0.857893955794711,0.99999999994277
"MCM6",1.10231569608055e-07,0.499286270841166,0.0319855308195277,0.858059417022403,0.99999999994277
"ATP6V1F",1.09950237855996e-07,0.498233570317645,0.0318224729502521,0.85841784486965,0.99999999994277
"NCF4",1.09666544411062e-07,0.497169679275701,0.0316584682084645,0.858779311162026,0.99999999994277
"MRPL11",1.09073046309483e-07,0.494936282558109,0.0313167341149486,0.859535608851765,0.99999999994277
"PNISR",1.08190531496366e-07,0.491595840970419,0.0308120141195651,0.860660440137793,0.99999999994277
"STAT3",1.08184814156353e-07,0.491574123593643,0.0308087576773591,0.860667728240456,0.99999999994277
"POLR2K",1.08178431060762e-07,0.491549876168541,0.0308051222421026,0.860675865020153,0.99999999994277
"PYURF",1.07938798560662e-07,0.490638692386291,0.0306687968705214,0.860981344561352,0.99999999994277
"RRM1",1.078352948742e-07,0.490244588490571,0.030610007785849,0.861113295781004,0.99999999994277
"LINC00152",1.07547438331911e-07,0.489146820151328,0.0304468046242173,0.861480288801166,0.99999999994277
"PPP1R15A",1.07013156006005e-07,0.48710255417125,0.0301450441517559,0.86216153330333,0.99999999994277
"WBP1",1.06510092287125e-07,0.485169680109121,0.0298622895092614,0.86280306579841,0.99999999994277
"RER1",1.0631643341878e-07,0.484423505031226,0.029753795758208,0.863050053603323,0.99999999994277
"EMP3",1.06091703720013e-07,0.483556143003706,0.0296281426605928,0.863336685167563,0.99999999994277
"LYPLAL1",1.06039849341213e-07,0.483355782111252,0.029599187079362,0.863402825406853,0.99999999994277
"PCNP",1.05508490412684e-07,0.481297775738505,0.0293032910186516,0.864080628592667,0.99999999994277
"N4BP2L1",1.04977465967518e-07,0.479232121108295,0.0290090662578566,0.864758105051217,0.99999999994277
"PCBP1",1.04785728348342e-07,0.478484059500444,0.0289031949695448,0.865002746726086,0.99999999994277
"LSM5",1.04301095832953e-07,0.476587999929597,0.0286364594851902,0.865621156199918,0.99999999994277
"NBAS",1.03204356126643e-07,0.472268959112493,0.0280373935039759,0.867020940921707,0.99999999994277
"DR1",1.03125721123398e-07,0.471957771277679,0.0279946844423609,0.867121319988858,0.99999999994277
"PSME2",1.02895694936629e-07,0.471046296891151,0.0278699371214265,0.867414965057716,0.99999999994277
"SMARCA2",1.01978445475074e-07,0.467394160017623,0.0273752664189249,0.868586081898603,0.99999999994277
"MRPL3",1.01904218706454e-07,0.467097380700973,0.0273354298034128,0.868680865076983,0.99999999994277
"TIMM13",1.01731052215334e-07,0.46640428778665,0.0272426061966854,0.868901995744097,0.99999999994277
"CCT4",1.01218404134632e-07,0.464346453884778,0.0269687334561494,0.869556698683845,0.99999999994277
"SHARPIN",1.00769552912072e-07,0.462537319848905,0.0267300790435475,0.870130000092225,0.99999999994277
"TRAPPC6A",1.00589451937722e-07,0.461809454177807,0.0266346174459694,0.870360055750056,0.99999999994277
"MADD",1.00462114598989e-07,0.461294150995585,0.0265672259945269,0.87052271932217,0.99999999994277
"LAPTM5",1.00090122587272e-07,0.459785559031011,0.0263708435307367,0.870997941609763,0.99999999994277
"PDE4D",1.00052656454697e-07,0.459633349579085,0.0263511047478133,0.871045807429856,0.99999999994277
"TXNL4A",9.9802846140756e-08,0.458617215675166,0.0262196827530142,0.871364971078864,0.99999999994277
"CCDC85B",9.92070378270371e-08,0.45618481518219,0.0259075619001127,0.872126274533937,0.99999999994277
"EPS15L1",9.91516644754545e-08,0.455958113330956,0.025878648867317,0.872197034733004,0.99999999994277
"SECISBP2",9.88725409908094e-08,0.45481370085849,0.0257331511307318,0.872553735100781,0.99999999994277
"RAB4A",9.87432224801484e-08,0.454282547973883,0.0256658807542229,0.872719003936722,0.99999999994277
"MSN",9.85289502777663e-08,0.453401141717794,0.0255546119960694,0.872992855670523,0.99999999994277
"HNRNPM",9.82244699531936e-08,0.452145819424638,0.0253969151149537,0.873382024548593,0.99999999994277
"IPO5",9.78844695008116e-08,0.450740083835612,0.0252213984066062,0.873816629373779,0.99999999994277
"FAM110A",9.7719075056658e-08,0.450054736609769,0.0251362377077246,0.874028058229772,0.99999999994277
"PSMD8",9.71607689323635e-08,0.447733868681199,0.0248498325104319,0.874741824637226,0.99999999994277
"ADD1",9.71449865792128e-08,0.44766809485483,0.0248417601786865,0.874762003069069,0.99999999994277
"STIP1",9.7060622247635e-08,0.447316345581153,0.0247986318907734,0.874869867954073,0.99999999994277
"NOP58",9.6595521977399e-08,0.445372409011213,0.0245615384976451,0.875464568382789,0.99999999994277
"MZT2A",9.64109800305354e-08,0.444598860094107,0.0244677804366093,0.875700552439079,0.99999999994277
"PPP3CA",9.64070074469886e-08,0.44458219409374,0.0244657641040421,0.87570563252431,0.99999999994277
"INPP5D",9.59132544763487e-08,0.442506151412828,0.0242158007503046,0.8763370768466,0.99999999994277
"JKAMP",9.57105610372898e-08,0.441651235254135,0.0241135584164875,0.876596317586957,0.99999999994277
"CENPC",9.56530760737648e-08,0.441408492356974,0.0240846013037853,0.876669842084118,0.99999999994277
"ZNF148",9.56389492878229e-08,0.441348819652365,0.024077487828786,0.876687910708239,0.99999999994277
"MRPL4",9.56150589153969e-08,0.441247887467454,0.024065460337658,0.876718467427008,0.99999999994277
"CNOT7",9.51362777359766e-08,0.439220533296831,0.0238250538188709,0.877330885920894,0.99999999994277
"SHMT2",9.50507613266961e-08,0.438857496841934,0.0237822411843068,0.877440279394474,0.99999999994277
"GRAP2",9.48265360479376e-08,0.437904271493836,0.0236701686497567,0.877727121795279,0.99999999994277
"UBC",9.45096159822049e-08,0.436553663909271,0.0235122167464778,0.878132572291133,0.99999999994277
"TAPBP",9.44694178113696e-08,0.436382073868265,0.0234922199007861,0.878184001956802,0.99999999994277
"PSMA7",9.44149235896898e-08,0.436149359153626,0.0234651249734977,0.878253722855535,0.99999999994277
"PCBP2",9.44053191578949e-08,0.436108331932659,0.0234603512000121,0.878266011038219,0.99999999994277
"MIR4435-2HG",9.43878566901756e-08,0.436033728347287,0.0234516729234143,0.878288353090272,0.99999999994277
"CDK5RAP3",9.42350673209073e-08,0.435380469965498,0.023375810067046,0.878483840936684,0.99999999994277
"NDUFB7",9.41436402162038e-08,0.434989132249554,0.0233304735284258,0.878600821780196,0.99999999994277
"TFDP2",9.37996972364605e-08,0.433514004556131,0.0231603145131084,0.87904092002746,0.99999999994277
"CCNG1",9.35036943049197e-08,0.432240748500139,0.0230143715252865,0.879419705678659,0.99999999994277
"DOCK2",9.27225034569196e-08,0.428863698533931,0.022631423792637,0.880419503365243,0.99999999994277
"SMARCC1",9.25279104929178e-08,0.428018668836561,0.0225365321641446,0.880668580544977,0.99999999994277
"MSH6",9.22415091410817e-08,0.426772166276419,0.0223972335685803,0.88103519307244,0.99999999994277
"GARS",9.16140683730516e-08,0.424029659223832,0.0220935710970089,0.88183844743895,0.99999999994277
"PPM1K",9.14643020356067e-08,0.423372646799469,0.0220213950941652,0.882030197425003,0.99999999994277
"RBMX",9.14247050983269e-08,0.423198783367484,0.0220023321148126,0.882080895635664,0.99999999994277
"CISD2",9.12503808945203e-08,0.42243258272504,0.0219185061442816,0.882304098570179,0.99999999994277
"DUT",9.11346511658025e-08,0.421923223130258,0.0218629444208281,0.882452282898878,0.99999999994277
"HIST1H2AC",9.09253274384805e-08,0.421000511887228,0.0217626274230644,0.882720318652278,0.99999999994277
"SSR3",9.07509648343389e-08,0.420230512612241,0.0216792414148236,0.882943597488524,0.99999999994277
"UBE2E3",9.06937908745986e-08,0.419977750208241,0.0216519337683749,0.883016813235999,0.99999999994277
"LGALS12",9.05472261161117e-08,0.419329169009604,0.0215820095489885,0.883204505487619,0.99999999994277
"PPDPF",9.02798961670435e-08,0.418143841534084,0.0214547610212877,0.883546867693407,0.99999999994277
"UQCRH",8.99784396459494e-08,0.416803564114658,0.021311719664867,0.883932960963256,0.99999999994277
"TOMM7",8.97792035830782e-08,0.415915633748265,0.0212174445878072,0.884188149558228,0.99999999994277
"RNF24",8.95345672208843e-08,0.414823043194702,0.0211019727087486,0.884501504894377,0.99999999994277
"ENO1",8.94182084286955e-08,0.414302460443544,0.0210471602576709,0.884650555509681,0.99999999994277
"TRAPPC1",8.93566111106887e-08,0.414026641087762,0.0210181728264643,0.88472946068138,0.99999999994277
"KPNB1",8.93045379593798e-08,0.413793341021774,0.0209936830081553,0.884796166440814,0.99999999994277
"STX7",8.9301471106543e-08,0.413779597138243,0.020992241123292,0.884800095107863,0.99999999994277
"GTF2B",8.92110485014825e-08,0.41337419171913,0.0209497510701481,0.884915928579554,0.99999999994277
"ARL2BP",8.88083799265605e-08,0.411564535113914,0.0207610576659625,0.885431786271954,0.99999999994277
"MGMT",8.85826764323519e-08,0.410547092655363,0.0206556647107829,0.885720955699542,0.99999999994277
"CD59",8.83917507342377e-08,0.409684678162494,0.0205667207465369,0.88596557998968,0.99999999994277
"NSA2",8.81282090965809e-08,0.408491614935015,0.0204442634577608,0.886303261582164,0.99999999994277
"SRGN",8.79628526560949e-08,0.407741469031244,0.0203676156025773,0.886515146905466,0.99999999994277
"RTN3",8.77298678540442e-08,0.406682459178656,0.0202598641981219,0.886813703986613,0.99999999994277
"TSC22D1",8.74002361612471e-08,0.405180001951001,0.0201079034769537,0.887236136121247,0.99999999994277
"ISYNA1",8.65339245996643e-08,0.401207953216243,0.0197112597628963,0.888346490790488,0.99999999994277
"DAZAP2",8.63079509938712e-08,0.400166227292113,0.0196084467075312,0.888636158102223,0.99999999994277
"PSIP1",8.55452951594331e-08,0.396632984033753,0.0192634396997158,0.889613888331472,0.99999999994277
"RFC1",8.5450687351802e-08,0.39619279269948,0.0192208549141127,0.889735187954598,0.99999999994277
"PIK3CB",8.53879768686414e-08,0.395900781735764,0.0191926536943112,0.889815592445196,0.99999999994277
"SEPT6",8.51770565633306e-08,0.394917274497285,0.0190979536952709,0.890086033049055,0.99999999994277
"PARP1",8.48656335650792e-08,0.393461285495269,0.0189585577220926,0.890485360907393,0.99999999994277
"ATF7IP",8.48540989866955e-08,0.393407269755783,0.0189534045381725,0.89050015186652,0.99999999994277
"ETS2",8.47868422985513e-08,0.393092184628067,0.0189233709147462,0.890586396863443,0.99999999994277
"ANAPC15",8.45909929567479e-08,0.392173438213548,0.0188360495984013,0.890837546928106,0.99999999994277
"UBR4",8.45579216334733e-08,0.392018116852277,0.01882132435889,0.890879957470479,0.99999999994277
"ATP6V1E1",8.41746195167696e-08,0.390214086095274,0.0186510765056725,0.891371525431109,0.99999999994277
"VPS29",8.40545131616062e-08,0.389647342585876,0.0185978891041638,0.891525565103164,0.99999999994277
"TPI1",8.39716965214746e-08,0.389256150635063,0.0185612591633006,0.891631782084789,0.99999999994277
"DCTPP1",8.39311544507857e-08,0.389064525220371,0.0185433405013355,0.891683780271277,0.99999999994277
"RAP1A",8.37539356979487e-08,0.388225948611355,0.0184651154774933,0.89191108181652,0.99999999994277
"SCN1B",8.34053382991276e-08,0.386571957613036,0.018311725777517,0.89235822025962,0.99999999994277
"PLEKHO1",8.33834265950796e-08,0.386467794197524,0.0183021055681082,0.892386327079371,0.99999999994277
"ZFAND6",8.29934539954962e-08,0.384609992871567,0.018131313125171,0.892886579560423,0.99999999994277
"GOLPH3",8.26956177548812e-08,0.383186048444868,0.0180014119781479,0.893268669269133,0.99999999994277
"ME2",8.25625787868733e-08,0.382548565298383,0.0179435379840109,0.893439351003398,0.99999999994277
"NFE2L2",8.24410972534528e-08,0.381965688170187,0.0178907730420731,0.893595209490772,0.99999999994277
"PHPT1",8.2297611476777e-08,0.381276278812545,0.0178285507378401,0.893779304294315,0.99999999994277
"DEK",8.22606313290007e-08,0.381098431567752,0.0178125319421191,0.893826751409516,0.99999999994277
"ILF2",8.20932493044097e-08,0.38029258463247,0.0177401166379741,0.894041514473243,0.99999999994277
"CDV3",8.18712444123685e-08,0.379221572904821,0.0176442971299915,0.89432637454979,0.99999999994277
"IGHM",8.1765961719662e-08,0.378712785458536,0.017598946782469,0.894461470194951,0.99999999994277
"TMEM261",8.17511799371347e-08,0.378641306058352,0.0175925842256307,0.89448043798736,0.99999999994277
"RPN2",8.04424200440703e-08,0.372268016721305,0.0170338114086922,0.896160059700535,0.99999999994277
"PKM",8.04095952358225e-08,0.372107023640421,0.0170199128334101,0.896202192053418,0.99999999994277
"PCMT1",8.03742679739408e-08,0.37193369368897,0.0170049610149016,0.896247536763074,0.99999999994277
"SLC25A3",8.02890822368456e-08,0.371515467516375,0.016968934248466,0.896356879280554,0.99999999994277
"ATP5A1",8.02738433132843e-08,0.371440610482249,0.0169624934287529,0.896376439831542,0.99999999994277
"SNU13",8.02526770609749e-08,0.371336616748295,0.0169535494174323,0.896403608755142,0.99999999994277
"LRRC59",8.00261259253058e-08,0.37022204577382,0.0168579657007859,0.896694416562008,0.99999999994277
"DCP2",8.00166214071532e-08,0.370175226677225,0.0168539615752761,0.896706617149109,0.99999999994277
"ARRB1",7.9983034668632e-08,0.370009740563671,0.0168398157443848,0.896749731358759,0.99999999994277
"RPS10",7.90400856644539e-08,0.36533908858655,0.016445094904112,0.897960288459904,0.99999999994277
"MAPKAPK3",7.88984083640456e-08,0.364633181929353,0.0163861929307199,0.898142194246419,0.99999999994277
"HERC1",7.82536951362627e-08,0.36140703764999,0.0161194896494275,0.898970037687778,0.99999999994277
"AUP1",7.77402666390329e-08,0.358821415065067,0.0159086611403495,0.899629383776537,0.99999999994277
"YBX1",7.75105479856808e-08,0.357659785021052,0.0158147814326,0.899924411473454,0.99999999994277
"PIK3R1",7.71741294888205e-08,0.355953234467171,0.0156777977801672,0.900356498736845,0.99999999994277
"UQCRB",7.71288553364053e-08,0.355723082955201,0.0156594084362413,0.900414649950892,0.99999999994277
"SMOX",7.71006534886478e-08,0.355579659778027,0.0156479589336726,0.900450873355004,0.99999999994277
"INTS10",7.69680697088302e-08,0.354904785820023,0.0155941881384718,0.900621171209318,0.99999999994277
"LINC01420",7.63954522536733e-08,0.351978507890751,0.0153630198617075,0.901356724815675,0.99999999994277
"CRYL1",7.6391810880466e-08,0.351959838779686,0.0153615553463728,0.901361402599689,0.99999999994277
"SRSF3",7.62099888095993e-08,0.351026670773786,0.0152885175208571,0.90159497937851,0.99999999994277
"TSC22D4",7.62044102371841e-08,0.35099800946027,0.0152862793633164,0.901602145997398,0.99999999994277
"PDCD4",7.58774499945202e-08,0.349315001984445,0.0151553871104454,0.902022195666209,0.99999999994277
"SUMO3",7.57386450763494e-08,0.348598621729886,0.0150999894095581,0.902200528278677,0.99999999994277
"SPCS1",7.5710819947206e-08,0.348454878485976,0.0150888964734437,0.902236277807599,0.99999999994277
"CYCS",7.57026666845893e-08,0.348412750508428,0.015085646816091,0.902246753099243,0.99999999994277
"ACRBP",7.42730504084921e-08,0.340964737283777,0.0145212533066863,0.904083782060077,0.99999999994277
"SLC40A1",7.41636160128841e-08,0.340389528860226,0.0144784934131015,0.904224424401721,0.99999999994277
"LASP1",7.38552233360358e-08,0.338764612613771,0.0143583326630065,0.904620779088944,0.99999999994277
"USP1",7.37576637801258e-08,0.33824935520471,0.014320424244298,0.904746170246167,0.99999999994277
"GAMT",7.36784800755887e-08,0.337830717186741,0.0142896929140944,0.904847945071061,0.99999999994277
"MT-ND5",7.35838634942869e-08,0.337329977965163,0.0142530153453922,0.904969557823802,0.99999999994277
"DAP",7.35624178374923e-08,0.337216404002298,0.0142447086129499,0.90499712270352,0.99999999994277
"EIF4E",7.31645345180205e-08,0.335104062174514,0.0140910322020446,0.905508557278892,0.99999999994277
"CALCOCO1",7.29284498794595e-08,0.333846016504417,0.0140002420653272,0.905812036258255,0.99999999994277
"PPP3R1",7.29043206652262e-08,0.33371723934532,0.013990979316545,0.905843054339019,0.99999999994277
"TOLLIP",7.26657641259822e-08,0.332442086847575,0.0138995669314838,0.9061497262539,0.99999999994277
"GLIPR1",7.23952204692586e-08,0.330991580669586,0.0137962599775718,0.906497535543897,0.99999999994277
"NDUFA6",7.21256289203456e-08,0.329541524528195,0.0136936998956966,0.906844138647886,0.99999999994277
"SRSF5",7.20055543951815e-08,0.328894173747222,0.0136481433895266,0.906998519391196,0.99999999994277
"EPB41",7.15164640968372e-08,0.326247719199408,0.0134633658578202,0.907627382803169,0.99999999994277
"NDUFA12",7.11850930127235e-08,0.32444580063478,0.0133388900652549,0.908053486647514,0.99999999994277
"ZFAND1",7.08171755069402e-08,0.322436662122755,0.0132013632727012,0.908526615840009,0.99999999994277
"MRPS21",7.0749266281516e-08,0.322064837619573,0.013176056854955,0.908613948308655,0.99999999994277
"PYGL",7.00445979109091e-08,0.318188289484305,0.0129148947943317,0.909520229335835,0.99999999994277
"SEMA4D",7.00307080583596e-08,0.318111540910308,0.0129097732516687,0.909538094401178,0.99999999994277
"TMED2",6.99522538387979e-08,0.317677794533802,0.0128808642519682,0.90963900272112,0.99999999994277
"EIF3K",6.97334159261523e-08,0.316465695393454,0.0128003975877654,0.909920481145908,0.99999999994277
"TMEM258",6.94389650865879e-08,0.314829607791556,0.0126925259099025,0.910299233898307,0.99999999994277
"RIF1",6.90605859034775e-08,0.312718379035237,0.012554577347075,0.910785973778485,0.99999999994277
"HSPE1",6.84035172220499e-08,0.309028352634531,0.0123168157825135,0.911631294048134,0.99999999994277
"METTL9",6.83521140979899e-08,0.308738391578044,0.0122983113269152,0.911697428508225,0.99999999994277
"TYMS",6.79283717638865e-08,0.30634090677182,0.0121462995949264,0.912242632068341,0.99999999994277
"MACF1",6.74920232699383e-08,0.303858589174171,0.0119907534910844,0.912804098380252,0.99999999994277
"SUPT4H1",6.74039518478306e-08,0.30335588785205,0.0119594800564636,0.9129174285391,0.99999999994277
"CD55",6.7306451814707e-08,0.302798708439884,0.0119249062274111,0.913042893484266,0.99999999994277
"PSMD1",6.72728208144132e-08,0.302606357389339,0.0119129921740444,0.913086171014582,0.99999999994277
"SOCS2",6.715603900961e-08,0.301937784727542,0.0118716675151497,0.913236451866635,0.99999999994277
"UQCR11",6.71320488964277e-08,0.301800317930719,0.0118631872122132,0.913267323966409,0.99999999994277
"FO538757.3",6.70981874134901e-08,0.301606214693549,0.0118512226198103,0.913310899434982,0.99999999994277
"ACADM",6.645392994785e-08,0.297896976768705,0.0116247311671579,0.914140027243876,0.99999999994277
"MOB1B",6.61995184356398e-08,0.296423691332619,0.0115358935536977,0.914467468188105,0.99999999994277
"AQP10",6.57672003707343e-08,0.29390892820557,0.0113857144937185,0.915023917449921,0.99999999994277
"ACADVL",6.52723675679191e-08,0.291012974709046,0.0112150266808072,0.915660882365869,0.99999999994277
"ZCRB1",6.50226803478962e-08,0.289544518837312,0.0111293888213343,0.915982308479437,0.99999999994277
"CAPN2",6.49055836531748e-08,0.288854177236008,0.011089339989597,0.916133053550627,0.99999999994277
"NDUFS5",6.45989848648046e-08,0.287041531260077,0.0109848205426396,0.916527769452402,0.99999999994277
"UBAC2",6.45287642927113e-08,0.286625336127207,0.0109609520208267,0.916618174459193,0.99999999994277
"SENP6",6.4381219681245e-08,0.285749570547327,0.0109108850303144,0.916808133296154,0.99999999994277
"LDHA",6.41775941932761e-08,0.284538086103159,0.010841976089506,0.91707030221701,0.99999999994277
"PPP4R2",6.39768794750618e-08,0.283340672966925,0.010774265815553,0.917328732332423,0.99999999994277
"EIF3A",6.38095759224032e-08,0.282340105688595,0.0107179887341342,0.917544150598201,0.99999999994277
"CEBPZ",6.34454906389046e-08,0.280154837436692,0.0105960280682347,0.918012963817234,0.99999999994277
"NME2",6.31459552788359e-08,0.278348884294715,0.0104962134757394,0.918398680920843,0.99999999994277
"KDELR2",6.31028321806356e-08,0.278088279600431,0.0104818824013391,0.918454212898345,0.99999999994277
"ARGLU1",6.25507120243873e-08,0.274738030816372,0.0102992617343285,0.91916524334632,0.99999999994277
"ADAR",6.23958798790653e-08,0.273793938707454,0.0102483371930611,0.919364650648413,0.99999999994277
"ARFGAP3",6.23315288542997e-08,0.273400962969093,0.010227209165894,0.919447529402695,0.99999999994277
"KIFAP3",6.23211273504451e-08,0.273337410742328,0.0102237961426093,0.919460925754556,0.99999999994277
"PLPP5",6.23075745788186e-08,0.273254590843738,0.0102193499551288,0.919478380735746,0.99999999994277
"PIK3CG",6.19904318154497e-08,0.271312110446665,0.0101155826474729,0.919886848538947,0.99999999994277
"CHD2",6.19596794222502e-08,0.27112329865938,0.0101055488017461,0.919926457576414,0.99999999994277
"RNF115",6.17769113017418e-08,0.269999480055925,0.0100460182138789,0.920161866744019,0.99999999994277
"C4orf48",6.16539049834058e-08,0.269241515037987,0.0100060520375012,0.920320305398959,0.99999999994277
"CASP8",6.1575869096855e-08,0.268759981881488,0.00998073857229805,0.920420821395407,0.99999999994277
"LAMTOR5",6.13152906674762e-08,0.267148220675327,0.00989644379172789,0.920756474897011,0.99999999994277
"PDXDC1",6.10815992885068e-08,0.265697735443949,0.00982115078272393,0.921057506947726,0.99999999994277
"NFKBIA",6.09724796640902e-08,0.265018808611931,0.0097860920075092,0.921198074436276,0.99999999994277
"HIST1H2BK",6.08746339190735e-08,0.264409135174467,0.00975470869585098,0.921324121049528,0.99999999994277
"AP1M1",6.0762975802814e-08,0.263712364638527,0.00971895674425572,0.921467963417153,0.99999999994277
"IL1B",6.07309221801152e-08,0.263512139316363,0.00970870558061585,0.921509256626722,0.99999999994277
"OLA1",6.01073979550375e-08,0.259599016416477,0.00951037047579224,0.922312556197878,0.99999999994277
"PRKACA",5.95649916593021e-08,0.256166416183464,0.00933950266134963,0.923011414296391,0.99999999994277
"SF3A1",5.94722288044339e-08,0.255576673965118,0.00931043577831175,0.923130939658137,0.99999999994277
"HLA-DMA",5.9395141723017e-08,0.255085987415141,0.0092863153042823,0.923230268034954,0.99999999994277
"ZEB2",5.89652939067522e-08,0.25233974758922,0.00915238993293279,0.923784158178203,0.99999999994277
"HLA-DQB1",5.87730121953518e-08,0.251105696618616,0.00909279664575967,0.924031939113394,0.99999999994277
"AKR1B1",5.85935593855539e-08,0.249950837536002,0.00903735498121086,0.924263194927788,0.99999999994277
"SRP14",5.84115149300543e-08,0.248776181127242,0.00898128586215884,0.9244977970636,0.99999999994277
"FAM63A",5.83914460399121e-08,0.248646491990833,0.00897511538445288,0.924523660403978,0.99999999994277
"PCGF5",5.81301345257008e-08,0.246954329135539,0.00889496483698764,0.924860427137928,0.99999999994277
"CLEC11A",5.8078137610947e-08,0.246616833298161,0.00887905901202552,0.924927440072543,0.99999999994277
"MMD",5.79495645984978e-08,0.245781186325098,0.0088397897182696,0.92509314555319,0.99999999994277
"CBX3",5.78487958441441e-08,0.245125132545166,0.00880907334899646,0.92522301905222,0.99999999994277
"PPIH",5.78130592214322e-08,0.244892233087691,0.00879819293951462,0.925269077858059,0.99999999994277
"PRPF4B",5.7747342011524e-08,0.244463622811546,0.00877820215962316,0.92535377751193,0.99999999994277
"SRP72",5.75518793103534e-08,0.243186317912346,0.00871887796513663,0.925605704694492,0.99999999994277
"IGF1R",5.7443716019808e-08,0.242477887301365,0.00868613615570699,0.925745116970653,0.99999999994277
"EMC10",5.74108648038392e-08,0.242262496051265,0.00867620404961149,0.92578745954011,0.99999999994277
"VPS37B",5.73649614168687e-08,0.241961349363691,0.00866233531817206,0.925846625657998,0.99999999994277
"RPA3",5.71266668283656e-08,0.240394684918973,0.00859051794910772,0.926153776586078,0.99999999994277
"SOX4",5.69664814521634e-08,0.23933837975749,0.00854240920614842,0.926360254467439,0.99999999994277
"UIMC1",5.69327910592101e-08,0.239115890535531,0.00853230810764525,0.926403681790949,0.99999999994277
"WSB1",5.690290680342e-08,0.238918441814736,0.00852335317138583,0.92644220314119,0.99999999994277
"TMEM183A",5.68543948527766e-08,0.238597727390618,0.00850882638336229,0.926504736296632,0.99999999994277
"NDUFA11",5.67804635749443e-08,0.238108510892837,0.00848671166731371,0.926600036493399,0.99999999994277
"QARS",5.65936419784757e-08,0.236869828091377,0.00843095683264179,0.926840861245043,0.99999999994277
"PADI4",5.64569920899606e-08,0.235961565087894,0.00839029154357407,0.927017015764876,0.99999999994277
"CLEC2B",5.63662439428231e-08,0.235357347072594,0.0083633403565207,0.927134000613149,0.99999999994277
"FAM46C",5.62997070603239e-08,0.234913799211105,0.0083436071929798,0.92721977534452,0.99999999994277
"WNK1",5.62449997116398e-08,0.234548770761811,0.00832739983139248,0.927290300895503,0.99999999994277
"LMAN2",5.61455475568579e-08,0.233884403287429,0.00829797692549758,0.927418510326301,0.99999999994277
"RNF10",5.60499378917113e-08,0.233244747773736,0.00826973991217312,0.927541767961826,0.99999999994277
"CD99",5.59054969418472e-08,0.232276611482974,0.00822717251492145,0.927727980988671,0.99999999994277
"ERLEC1",5.49688306091202e-08,0.225945627512248,0.00795379833779261,0.928935625241666,0.99999999994277
"MARCKSL1",5.49580858988879e-08,0.225872465634858,0.00795068919739724,0.928949479355484,0.99999999994277
"DICER1",5.48683403547675e-08,0.225260896679635,0.00792474374029064,0.929065197135624,0.99999999994277
"SNRPA",5.47491546011616e-08,0.224447373963124,0.00789035266146887,0.929218877399376,0.99999999994277
"FBXW5",5.43974483219652e-08,0.222037813057191,0.00778930368359086,0.929672389195822,0.99999999994277
"ANXA7",5.43694282729736e-08,0.221845269069062,0.00778128123159344,0.929708520961648,0.99999999994277
"TMED5",5.4303247089384e-08,0.221390155320635,0.00776234923279127,0.929793861966723,0.99999999994277
"ATP5J",5.42660739263443e-08,0.221134313777629,0.00775172547360282,0.929841797321792,0.99999999994277
"H1F0",5.42432439202132e-08,0.220977113071691,0.00774520446698482,0.929871237085619,0.99999999994277
"VBP1",5.41106568755809e-08,0.220063028840869,0.00770738745417817,0.930042212710392,0.99999999994277
"KIAA0922",5.40502747292348e-08,0.219646101160287,0.00769019568604167,0.930120078667587,0.99999999994277
"NDUFC1",5.40363938515673e-08,0.219550199492748,0.00768624629044423,0.930137978884844,0.99999999994277
"SLC25A5",5.39201543237704e-08,0.218746277189616,0.00765321356508857,0.930287878055113,0.99999999994277
"PRRC2B",5.35339176331517e-08,0.216064261201214,0.00754396443575429,0.930785975576001,0.99999999994277
"RNF167",5.35040789303966e-08,0.215856368885031,0.00753555707874765,0.930824457214128,0.99999999994277
"PBRM1",5.34323580869183e-08,0.215356266133267,0.00751536817776929,0.93091695303411,0.99999999994277
"RASSF1",5.3339758565318e-08,0.214709721911333,0.00748934213286113,0.931036376722266,0.99999999994277
"AURKA",5.3207349019048e-08,0.213783535278961,0.00745220549852376,0.93120714527288,0.99999999994277
"VPS36",5.31867472721022e-08,0.213639250339287,0.00744643566665691,0.931233715624412,0.99999999994277
"RNF181",5.31507171601258e-08,0.213386796568147,0.00743635025819443,0.931280184331088,0.99999999994277
"ADH5",5.2979786671182e-08,0.212187116970749,0.0073885971834386,0.931500639756238,0.99999999994277
"HTATIP2",5.29457364367074e-08,0.211947736243398,0.00737910289757255,0.931544556241536,0.99999999994277
"CHEK1",5.2931766494026e-08,0.211849486050046,0.00737520940012865,0.931562574115571,0.99999999994277
"FAH",5.28746004263984e-08,0.211447205803923,0.0073592876171286,0.931636304991374,0.99999999994277
"NPTN",5.28504119076102e-08,0.211276877215647,0.00735255585752293,0.93166750270792,0.99999999994277
"CHD9",5.28072822939105e-08,0.210973004114238,0.00734056035969026,0.931723130411903,0.99999999994277
"PARVG",5.22470250533283e-08,0.207006105225316,0.00718562771968608,0.932445769082674,0.99999999994277
"UBXN11",5.22241395058398e-08,0.206843286200045,0.00717933411700835,0.932475288820895,0.99999999994277
"GSK3B",5.20319719896248e-08,0.205473680668249,0.00712659618703687,0.932723166593528,0.99999999994277
"MORC3",5.17869267273467e-08,0.203720869726024,0.00705962865293402,0.933039261077684,0.99999999994277
"SNRPB",5.14007567500409e-08,0.200944029191873,0.00695473530456333,0.933537419849439,0.99999999994277
"TGS1",5.12322955560556e-08,0.199727035622425,0.00690922301340947,0.933754742737729,0.99999999994277
"RAP2B",5.11140720447898e-08,0.198870906827151,0.00687737239514155,0.933907259594357,0.99999999994277
"CCS",5.10551069058566e-08,0.198443266121357,0.00686151408858011,0.933983329783679,0.99999999994277
"RALY",5.10109408144699e-08,0.19812267559947,0.00684964788365069,0.934040308301491,0.99999999994277
"LY6E",5.05848616229412e-08,0.195017525842155,0.00673569963109114,0.93459000886643,0.99999999994277
"MEAF6",5.03137981354082e-08,0.193030336148456,0.00666370535009104,0.934939734171829,0.99999999994277
"PAK2",5.0212742405524e-08,0.192287126186824,0.00663696400429265,0.935070119190515,0.99999999994277
"SLIRP",5.01717388689557e-08,0.191985199767346,0.00662612899033484,0.935123023633451,0.99999999994277
"UCP2",5.01379580107145e-08,0.191736297172343,0.00661720918910205,0.935166609296122,0.99999999994277
"MIS18BP1",5.01186639663059e-08,0.19159407080762,0.00661211731190692,0.9351915034729,0.99999999994277
"LEPR",5.00466772190428e-08,0.191063002495909,0.00659313663902196,0.93528438506687,0.99999999994277
"TAF7",4.99099447505359e-08,0.190052469697444,0.00655715965073806,0.935460807875703,0.99999999994277
"IL17RA",4.98512561441956e-08,0.189617994612077,0.00654174772014327,0.935536533428503,0.99999999994277
"AP2S1",4.96090657766129e-08,0.187820369225676,0.00647833909940994,0.935849036352503,0.99999999994277
"PSME1",4.96014932627852e-08,0.187764041419721,0.00647636149440987,0.935858807473418,0.99999999994277
"COX5B",4.94174038397167e-08,0.186392415133017,0.00642837837249225,0.936096348471454,0.99999999994277
"CORO1A",4.94094427859788e-08,0.186332999080653,0.00642630733923429,0.936106621197985,0.99999999994277
"GTF3A",4.92578921639681e-08,0.18520034872573,0.0063869457431328,0.93630218001227,0.99999999994277
"KLF6",4.91080142105066e-08,0.184077241725806,0.00634813750451771,0.936495584217865,0.99999999994277
"NOP56",4.90813980249662e-08,0.183877485128056,0.00634125808086521,0.936529930436729,0.99999999994277
"C16orf13",4.88936080727496e-08,0.182465447386189,0.0062928264347596,0.936772262833553,0.99999999994277
"MT-ND1",4.87848840136696e-08,0.181645787195535,0.00626487100429493,0.936912567810133,0.99999999994277
"ITPR2",4.8643313367411e-08,0.180576136801272,0.00622856324384053,0.937095263209203,0.99999999994277
"ENKUR",4.86400683837409e-08,0.180551587582206,0.00622773225966365,0.937099450864653,0.99999999994277
"CTSC",4.85661260777125e-08,0.179991810231071,0.00620881193817568,0.937194873973567,0.99999999994277
"IFNGR1",4.85397210839663e-08,0.17979173425748,0.00620206241597793,0.937228950037685,0.99999999994277
"THUMPD1",4.85164044552666e-08,0.179614981446286,0.00619610537912436,0.937259040613208,0.99999999994277
"PUF60",4.85008572545705e-08,0.179497084465252,0.00619213490109668,0.937279104636349,0.99999999994277
"IER2",4.83927265971625e-08,0.178676209653013,0.00616455546115599,0.93741865085901,0.99999999994277
"TCF4",4.83704332301184e-08,0.178506772835927,0.00615887704408092,0.937447421432447,0.99999999994277
"MOB1A",4.82807453932078e-08,0.177824435428077,0.00613605879671584,0.937563168366524,0.99999999994277
"SSBP1",4.81986690394291e-08,0.17719904755622,0.00611521416178986,0.937669093432124,0.99999999994277
"GNPTAB",4.79571188816077e-08,0.175353194914709,0.00605407431641022,0.937980836581629,0.99999999994277
"CACYBP",4.79183828682024e-08,0.175056440927817,0.00604429824980601,0.938030829928218,0.99999999994277
"MANBA",4.79001578937763e-08,0.174916749100979,0.00603970142386192,0.938054351469457,0.99999999994277
"SRRM1",4.76351726230609e-08,0.17288048243083,0.00597306259987239,0.938396353215209,0.99999999994277
"VIM-AS1",4.75058691716761e-08,0.171883309791838,0.00594067941199488,0.938563242115172,0.99999999994277
"CSK",4.7446115669607e-08,0.171421707501176,0.00592574428255724,0.938640365456129,0.99999999994277
"SMIM3",4.7414375562818e-08,0.171176307938231,0.00591781862447848,0.938681332378268,0.99999999994277
"ARRB2",4.71424301106136e-08,0.16906793050875,0.0058501299246176,0.939032338725597,0.99999999994277
"SERPINB1",4.69887017762492e-08,0.16787144165577,0.00581203836259485,0.939230764722708,0.99999999994277
"YWHAQ",4.69796964737438e-08,0.167801247592198,0.00580981084209331,0.93924238850136,0.99999999994277
"PLK1",4.68614313035716e-08,0.166878322572092,0.00578059679943551,0.939395042892403,0.99999999994277
"NME4",4.67631685094465e-08,0.166109965188216,0.00575637978151278,0.939521880297992,0.99999999994277
"HPRT1",4.66560305313667e-08,0.165270621739885,0.00573003338855594,0.939660175520361,0.99999999994277
"TMSB10",4.65713606375347e-08,0.164606122448927,0.00570925489173971,0.939769469908276,0.99999999994277
"COPA",4.65478830539709e-08,0.164421683231728,0.00570350003635508,0.939799775664271,0.99999999994277
"HIST1H3H",4.64551582934786e-08,0.163692455658083,0.00568079958717893,0.939919469156325,0.99999999994277
"TNFAIP8",4.64499374155613e-08,0.163651359125,0.00567952278194989,0.939926208552047,0.99999999994277
"UXT",4.64124546880997e-08,0.163356194070696,0.00567036031056123,0.939974593439889,0.99999999994277
"MRPL14",4.61417978750052e-08,0.161218735137642,0.00560441909914852,0.940323979584524,0.99999999994277
"UBA2",4.59033240784723e-08,0.15932646147637,0.00554663836935806,0.940631830756881,0.99999999994277
"DKC1",4.58124132124717e-08,0.158602858650418,0.0055246900517551,0.940749191970717,0.99999999994277
"MRPL57",4.57780126612347e-08,0.158328725521752,0.00551639618488874,0.940793601634218,0.99999999994277
"ENOSF1",4.56630897338684e-08,0.157411631832415,0.00548873379407334,0.940941963629609,0.99999999994277
"C6orf48",4.55417787106704e-08,0.156441399918122,0.00545960920096768,0.941098574685358,0.99999999994277
"NCKAP1L",4.52718466656557e-08,0.154274495981469,0.00539508137430621,0.941447061836498,0.99999999994277
"ARHGDIA",4.50148975348765e-08,0.152201443846732,0.00533401351099864,0.941778798226099,0.99999999994277
"CHD3",4.49776620040565e-08,0.151900183970851,0.00532519275653682,0.941826872318316,0.99999999994277
"RNF19A",4.48395832989896e-08,0.150781156904754,0.00529254690387917,0.9420051449814,0.99999999994277
"UBE2V2",4.43888285524355e-08,0.147107328642948,0.00518667394482128,0.942587132153695,0.99999999994277
"SLC39A10",4.43784525714533e-08,0.147022382405521,0.00518424943658038,0.942600529352735,0.99999999994277
"CEP350",4.42094340692799e-08,0.145636243153666,0.00514483546768331,0.942818763967633,0.99999999994277
"HIF1A",4.36535708380333e-08,0.141045107138184,0.0050162725916653,0.9435365179324,0.99999999994277
"TRAPPC2L",4.33774009932126e-08,0.138745326623339,0.00495300348993082,0.943893137126365,0.99999999994277
"HHEX",4.33737032064717e-08,0.138714448107589,0.00495215907004587,0.94389791216921,0.99999999994277
"PSMD7",4.33734526081131e-08,0.138712355393905,0.004952101846463,0.943898235773099,0.99999999994277
"PTPN2",4.33668077060646e-08,0.138656860895481,0.00495058461833962,0.943906816503642,0.99999999994277
"FLII",4.33457145057393e-08,0.138480653738091,0.0049457699555472,0.943934054731306,0.99999999994277
"CTR9",4.32411851514843e-08,0.137606350370454,0.00492194500342434,0.944069037317976,0.99999999994277
"MRPS15",4.3179019293803e-08,0.137085519165346,0.00490780306966074,0.944149315130535,0.99999999994277
"ENY2",4.31696836953867e-08,0.137007248867956,0.00490568109809633,0.944161370694382,0.99999999994277
"LETMD1",4.30239180589485e-08,0.135783243734733,0.00487260823740011,0.944349607412427,0.99999999994277
"SRSF1",4.29561053691031e-08,0.13521259688051,0.00485726029678777,0.944437179442196,0.99999999994277
"RBBP6",4.28536982820474e-08,0.134349363304013,0.00483412854621411,0.944569427296986,0.99999999994277
"TAF1D",4.28109969434821e-08,0.133988889954573,0.00482449946293469,0.944624571983015,0.99999999994277
"AK2",4.26684296841022e-08,0.132783126395953,0.00479242030342362,0.944808685854589,0.99999999994277
"ZNF185",4.25928944333269e-08,0.132142878653364,0.00477546742966619,0.944906234604215,0.99999999994277
"SEC13",4.23280890315217e-08,0.129890593558314,0.00471627264640681,0.945248219673391,0.99999999994277
"RNASEH2B",4.2288062883712e-08,0.129549097872339,0.00470735729131554,0.945299912643809,0.99999999994277
"PRDX6",4.22826020014486e-08,0.129502485041173,0.00470614159769471,0.945306965282037,0.99999999994277
"HN1",4.22786399402177e-08,0.129468662552597,0.00470525966769595,0.94531208222062,0.99999999994277
"PDZK1IP1",4.21011235207778e-08,0.127950467476515,0.00466583042710286,0.945541344143467,0.99999999994277
"RUVBL2",4.1988833369572e-08,0.12698726369228,0.00464097464826146,0.94568636886679,0.99999999994277
"STON2",4.18637536563572e-08,0.125911736194744,0.00461336601407308,0.945847913655381,0.99999999994277
"FAM13B",4.1198907781039e-08,0.120147980118878,0.00446799815287477,0.946706622380441,0.99999999994277
"CREG1",4.11759460039456e-08,0.119947489054429,0.00446301915738432,0.946736280709206,0.99999999994277
"RSRP1",4.1175870052458e-08,0.119946825723121,0.0044630026927896,0.946736378811238,0.99999999994277
"C17orf89",4.10988598034404e-08,0.119273704360608,0.00444632420880411,0.946835848798351,0.99999999994277
"CPNE3",4.10437179452962e-08,0.118791059271777,0.00443440105067537,0.946907073073111,0.99999999994277
"MRPS25",4.10291205975833e-08,0.118663198206877,0.00443124738982508,0.946925927886087,0.99999999994277
"DNAJC4",4.07836417954657e-08,0.116507105704247,0.00437838136790266,0.947243007528025,0.99999999994277
"CD2AP",4.06553203211927e-08,0.115375575708905,0.0043508724726037,0.947408760920811,0.99999999994277
"YPEL3",4.06024983733824e-08,0.114908900872325,0.00433957396320544,0.94747699191668,0.99999999994277
"HERC2",4.04960248239033e-08,0.113966628741307,0.00431684412953914,0.947614526756494,0.99999999994277
"TAX1BP1",4.04376711217124e-08,0.113449302621781,0.00430441217630686,0.947689904516118,0.99999999994277
"DGKZ",4.03786534977281e-08,0.112925435760549,0.00429185701212527,0.94776614036572,0.99999999994277
"FKBP11",4.01534472659723e-08,0.110920321329858,0.00424411606708446,0.948057054269695,0.99999999994277
"C12orf76",4.00512023754075e-08,0.110006787356677,0.0042225295418445,0.94818913309945,0.99999999994277
"HNRNPR",3.98883101970034e-08,0.108547223790731,0.0041882525022064,0.948399558370873,0.99999999994277
"LARS",3.98700550734909e-08,0.108383332365117,0.00418441982186294,0.948423140693449,0.99999999994277
"STOML2",3.97369095735315e-08,0.107186014509103,0.00415651886245475,0.948595141997598,0.99999999994277
"CD81",3.97243355908692e-08,0.107072763707649,0.00415388877734228,0.948611385565096,0.99999999994277
"PTCRA",3.95769829808296e-08,0.105743286946056,0.00412312923843578,0.948801743077326,0.99999999994277
"SET",3.95227162349228e-08,0.105252594688434,0.00411182997350299,0.948871848325686,0.99999999994277
"CMTM7",3.95022377887748e-08,0.105067273002489,0.0041075700398828,0.948898303793262,0.99999999994277
"UBXN2A",3.93700458859458e-08,0.103868993204732,0.00408012455870804,0.949069079754834,0.99999999994277
"TBCA",3.93129254524305e-08,0.103350140473681,0.00406829376650512,0.949142873175636,0.99999999994277
"SCAF4",3.92880155704176e-08,0.103123668397167,0.00406313980707576,0.949175054185068,0.99999999994277
"RBX1",3.92829704393995e-08,0.103077784731772,0.00406209634605132,0.949181571986329,0.99999999994277
"CAPZA1",3.92496946941379e-08,0.102775026425843,0.00405521743479507,0.949224560983697,0.99999999994277
"ATP5S",3.92229427739698e-08,0.102531464476762,0.00404969138506576,0.949259121946437,0.99999999994277
"SVIP",3.91879001262144e-08,0.102212203182293,0.00404245844918343,0.949304393893238,0.99999999994277
"C19orf60",3.89956815763538e-08,0.100456578163557,0.00400289879938966,0.949552725865511,0.99999999994277
"IVNS1ABP",3.8916865208673e-08,0.0997345533475793,0.0039867341832304,0.949654552128299,0.99999999994277
"B3GNT2",3.87873269636715e-08,0.0985451306434827,0.00396023795608219,0.949821909956051,0.99999999994277
"PPT1",3.8772639715118e-08,0.0984100560334553,0.00395723934847835,0.94984088538782,0.99999999994277
"UBE2L6",3.86137477784931e-08,0.0969459442095431,0.00392487193381787,0.950046170248714,0.99999999994277
"ANAPC16",3.84965513159927e-08,0.0958627048267095,0.0039010833564722,0.950197587606409,0.99999999994277
"GADD45GIP1",3.8408849594784e-08,0.0950502226182823,0.00388332893453067,0.950310899053774,0.99999999994277
"ZFAND2B",3.8245748076556e-08,0.0935349639186646,0.00385041818359787,0.950521630416974,0.99999999994277
"TRMT112",3.82365722410601e-08,0.093449552477764,0.00384857083755938,0.950533485935763,0.99999999994277
"NDUFB9",3.80802851869109e-08,0.0919920658892592,0.00381717406090848,0.950735416268628,0.99999999994277
"YWHAG",3.79793400624622e-08,0.0910479389864149,0.00379696337240156,0.95086584386943,0.99999999994277
"IKZF1",3.79467250242178e-08,0.0907424323959891,0.00379044483195526,0.950907984880489,0.99999999994277
"PRKDC",3.77944502303906e-08,0.0893130654177959,0.00376008484089075,0.951104736848601,0.99999999994277
"CST7",3.77718724236353e-08,0.0891007106031926,0.0037555937523263,0.951133909546755,0.99999999994277
"PCMTD1",3.75898332427743e-08,0.0873845386422037,0.00371948128420331,0.951369124068633,0.99999999994277
"NT5C",3.73166485785194e-08,0.0847956048368877,0.00366561496564837,0.951722116462507,0.99999999994277
"MRPS18B",3.72628933446028e-08,0.0842842514097286,0.00365506181720315,0.95179157678178,0.99999999994277
"COX7B",3.7182741250743e-08,0.0835206125451203,0.00363935472879973,0.951895146726118,0.99999999994277
"PSMB1",3.71367639862007e-08,0.0830819294612721,0.00363036001149704,0.951954557427727,0.99999999994277
"JUNB",3.6848005155272e-08,0.0803160424977034,0.00357412339575528,0.952327690648845,0.99999999994277
"DUSP23",3.67874002684265e-08,0.0797331656772396,0.00356237615399789,0.952406005415947,0.99999999994277
"USP33",3.66843969724679e-08,0.078740614323,0.00354245505173685,0.952539109253456,0.99999999994277
"G6PD",3.65675858050825e-08,0.0776120980693758,0.00351993106160465,0.952690057623541,0.99999999994277
"VAMP5",3.64698626875796e-08,0.0766656026591148,0.00350114289140515,0.952816340905994,0.99999999994277
"HSD17B11",3.63152608485923e-08,0.0751637354923288,0.0034715219498951,0.953016128474615,0.99999999994277
"ARHGAP4",3.62467668581784e-08,0.0744965939861239,0.00345843906686328,0.953104642259024,0.99999999994277
"LMNB1",3.61943558670968e-08,0.0739853690670122,0.00344844484181997,0.95317237260879,0.99999999994277
"ETFA",3.60442589638363e-08,0.0725177625384255,0.00341990295224653,0.953366343635326,0.99999999994277
"FKBP8",3.59386464061883e-08,0.0714819515550228,0.0033998911357711,0.953502828961756,0.99999999994277
"WAPL",3.58904804255944e-08,0.0710086851857923,0.0033907839840238,0.953565075323122,0.99999999994277
"PTPMT1",3.58454078112132e-08,0.0705653173711307,0.00338227278376234,0.953623324289827,0.99999999994277
"SNRNP200",3.5830692347324e-08,0.0704204610601254,0.00337949633345721,0.953642341668703,0.99999999994277
"EIF2S2",3.5830228517197e-08,0.0704158943684665,0.00337940883852116,0.953642941095241,0.99999999994277
"GLRX",3.58165172182137e-08,0.0702808752127353,0.00337682290920504,0.953660660776427,0.99999999994277
"PMPCB",3.57071325302473e-08,0.0692021341111442,0.00335622857388957,0.953802023971637,0.99999999994277
"LINC00493",3.5651105290247e-08,0.0686484955019146,0.00334570447488207,0.953874431283972,0.99999999994277
"RPA2",3.54745294863277e-08,0.0668987251107031,0.00331264477344314,0.954102633115319,0.99999999994277
"CRLF3",3.52659972417362e-08,0.0648225903618456,0.00327381337003544,0.954372139437642,0.99999999994277
"MT-ATP8",3.51979255938682e-08,0.0641425822141427,0.00326118711198528,0.954460116121341,0.99999999994277
"RHOG",3.5084174538623e-08,0.0630037216194617,0.00324014246019703,0.954607130703472,0.99999999994277
"ARHGAP30",3.50140117284002e-08,0.0622996729618481,0.00322719587194401,0.954697811566524,0.99999999994277
"LINC00657",3.49634119306957e-08,0.0617911743005031,0.0032178751766773,0.954763208873904,0.99999999994277
"ASAH1",3.48413054336801e-08,0.0605614577162855,0.00319543815926482,0.954921025701292,0.99999999994277
"DHX15",3.4754097361358e-08,0.0596809222988152,0.00317946176317484,0.955033739060379,0.99999999994277
"LSM2",3.47531903345534e-08,0.0596717540944097,0.00317929580752469,0.955034911365277,0.99999999994277
"CCL5",3.45131494264903e-08,0.0572381462414491,0.00313552857569424,0.955345160439637,0.99999999994277
"HNRNPC",3.44949784001999e-08,0.0570533294861398,0.00313222775995421,0.955368646479574,0.99999999994277
"ATP5C1",3.40851697099419e-08,0.052862733534892,0.00305824659564057,0.95589833420463,0.99999999994277
"NUTF2",3.40593816371849e-08,0.0525975818468732,0.00305362074503405,0.9559316665713,0.99999999994277
"HEBP1",3.40564129782448e-08,0.052567047137835,0.00305308845331157,0.955935503715581,0.99999999994277
"MESDC2",3.40068614009797e-08,0.052057035907941,0.00304421051954234,0.955999551827058,0.99999999994277
"OSTC",3.39426767723154e-08,0.0513954605413172,0.00303273006397976,0.956082514376447,0.99999999994277
"NDUFS3",3.39302365122721e-08,0.0512671093273882,0.00303050743215297,0.956098594226786,0.99999999994277
"INSIG1",3.39290287205467e-08,0.0512546458898644,0.00303029168613812,0.956100155377595,0.99999999994277
"LBR",3.38831004369995e-08,0.0507804190332379,0.0030220932847895,0.956159520851246,0.99999999994277
"MGST2",3.38668130750487e-08,0.0506121128000752,0.0030191885862093,0.956180573448155,0.99999999994277
"PSMB9",3.38068834450955e-08,0.0499922259117428,0.00300851272116569,0.9562580371056,0.99999999994277
"SSFA2",3.35257802061299e-08,0.0470719112286049,0.00295868933680235,0.956621390170472,0.99999999994277
"NDUFS2",3.34052334020845e-08,0.0458131095553327,0.00293745079564537,0.95677721131435,0.99999999994277
"TM7SF3",3.33813637722981e-08,0.0455633883443691,0.00293325439853579,0.956808065858243,0.99999999994277
"YBX3",3.30770617243282e-08,0.0423662546429665,0.002880019491165,0.957201420760588,0.99999999994277
"KCNA3",3.30557584659801e-08,0.0421414848789213,0.00287631093673876,0.957228958729153,0.99999999994277
"PSMD11",3.29085883630975e-08,0.0405852800245797,0.00285075625717959,0.957419201708368,0.99999999994277
"CEP57",3.28862518691386e-08,0.0403485656220107,0.00284688770533474,0.957448075727687,0.99999999994277
"PTRHD1",3.26993699544293e-08,0.0383626078655634,0.00281462375836992,0.957689657097157,0.99999999994277
"RAB2A",3.26943223781293e-08,0.0383088327140512,0.00281375487730734,0.957696182129224,0.99999999994277
"MTCH2",3.26570283523388e-08,0.0379112930298422,0.00280733930484291,0.957744392427192,0.99999999994277
"ACP1",3.26316583874844e-08,0.0376406354781489,0.00280297917544584,0.95777718848055,0.99999999994277
"SIGIRR",3.25572271922343e-08,0.036845524021876,0.00279020684548895,0.957873406978405,0.99999999994277
"EIF2AK1",3.25190292941993e-08,0.0364368663795569,0.002783663443422,0.957922786302524,0.99999999994277
"NEK7",3.25077853858846e-08,0.0363164953698092,0.00278173879523056,0.957937321598885,0.99999999994277
"CPT1A",3.25000509120644e-08,0.0362336735750049,0.00278041525220236,0.957947320164981,0.99999999994277
"ATP5J2",3.2494690140556e-08,0.0361762597386438,0.00277949808800299,0.957954250184982,0.99999999994277
"XRCC6",3.21414931982095e-08,0.0323754134373169,0.0027194036581819,0.958410844776345,0.99999999994277
"BLOC1S1",3.21222936605893e-08,0.0321677722838667,0.00271615578799374,0.958435665329882,0.99999999994277
"FAM96A",3.20961376669507e-08,0.0318847255422959,0.00271173425881438,0.958469479034048,0.99999999994277
"FDPS",3.17785959651896e-08,0.0284324996695992,0.00265834284151411,0.958879993608177,0.99999999994277
"LAMP1",3.17356675193011e-08,0.0279635145116028,0.00265116559253482,0.958935491890921,0.99999999994277
"PTGS2",3.16957173895449e-08,0.0275265754635287,0.00264449500684686,0.958987139958457,0.99999999994277
"MT-ATP6",3.16908326767248e-08,0.0274731182504417,0.00264367996908509,0.958993454993007,0.99999999994277
"ANAPC5",3.13115659698743e-08,0.0233006643330978,0.00258078102067371,0.959483784859168,0.99999999994277
"MRPL18",3.13016495586852e-08,0.0231909871002173,0.00257914660652194,0.959496605364569,0.99999999994277
"CNTRL",3.12719620600925e-08,0.0228624590812909,0.00257425663411796,0.959534987128865,0.99999999994277
"COMMD6",3.11101016745629e-08,0.021066536173093,0.00254767743515581,0.959744251511888,0.99999999994277
"LDHB",3.09288715788455e-08,0.0190461149327792,0.0025180811978407,0.959978561696644,0.99999999994277
"TIMM17B",3.06799864391625e-08,0.0162547569102055,0.0024777181730093,0.96030034789421,0.99999999994277
"MRPL16",3.05967166718242e-08,0.015316491516825,0.00246428667903552,0.960408009693037,0.99999999994277
"ASH1L",3.05203467511197e-08,0.0144540352799858,0.0024520002295859,0.960506751123023,0.99999999994277
"ANAPC11",3.03326948524532e-08,0.0123269295554677,0.00242194107008454,0.960749375613386,0.99999999994277
"KAT6B",3.02246164744576e-08,0.0110966674610922,0.00240471258930766,0.960889117185055,0.99999999994277
"DTYMK",3.01934159247481e-08,0.0107408046545728,0.00239975043342672,0.960929458630882,0.99999999994277
"GABPB1-AS1",3.01392594337979e-08,0.0101223610383877,0.00239114951794397,0.960999481709807,0.99999999994277
"TMEM14B",3.01314762750862e-08,0.0100334020454101,0.00238991469707982,0.961009545177121,0.99999999994277
"FTL",3.01244913982958e-08,0.00995355029388819,0.00238880679750751,0.961018576487293,0.99999999994277
"HNRNPA3",3.00705444942593e-08,0.00933628621262997,0.00238025871346667,0.96108832895598,0.99999999994277
"TMEM109",2.98460238795254e-08,0.00675701024814668,0.00234484717998566,0.961378633649164,0.99999999994277
"ITFG1",2.97687149154726e-08,0.00586501956842493,0.00233271538454952,0.961478595167862,0.99999999994277
"PHTF2",2.95546221157302e-08,0.00338435555509074,0.00229928285678485,0.961755423161052,0.99999999994277
"TBPL1",2.94470708351174e-08,0.00213232396803293,0.00228257881227226,0.96189449172465,0.99999999994277
"ABCE1",2.92597927650954e-08,-5.72644271423225e-05,0.0022536375556849,0.962136653318462,0.99999999994277
"ODC1",2.89435567905347e-08,-0.00378215240893233,0.00220518676917928,0.962545573008805,0.99999999994277
"RNASEH2C",2.88910387028898e-08,-0.00440414683243505,0.00219719140618808,0.96261348426642,0.99999999994277
"APP",2.88381020824095e-08,-0.00503208505683279,0.0021891470204866,0.96268193700428,0.99999999994277
"ATP5G1",2.86595212683041e-08,-0.0071577785891472,0.00216211825117222,0.962912863210166,0.99999999994277
"FEN1",2.86142316438303e-08,-0.00769868700149637,0.00215529021299301,0.962971428569795,0.99999999994277
"HMGB2",2.85794291078831e-08,-0.00811484636514606,0.00215005058606674,0.96301643289929,0.99999999994277
"RBBP4",2.8404655195148e-08,-0.010211373671776,0.00212383426407311,0.963242440701525,0.99999999994277
"BSG",2.83736471065639e-08,-0.0105844966410053,0.00211919980577729,0.963282538928134,0.99999999994277
"FAM195B",2.83232893916675e-08,-0.0111912048010602,0.00211168414469155,0.963347659394757,0.99999999994277
"SRSF2",2.82363341699609e-08,-0.0122410307015321,0.00209873790162636,0.963460106784348,0.99999999994277
"HIST1H2BJ",2.82310768928259e-08,-0.0123045920289663,0.00209795645318849,0.963466905330847,0.99999999994277
"NDUFB4",2.80778485273491e-08,-0.0141616443326602,0.0020752443167761,0.963665056629456,0.99999999994277
"HDDC2",2.7913588427155e-08,-0.0161621215070167,0.00205103428963727,0.963877476398465,0.99999999994277
"NAA20",2.7907635048709e-08,-0.0162348163523534,0.00205015949840546,0.963885175305235,0.99999999994277
"HNRNPU",2.78973128819489e-08,-0.016360888789749,0.00204864319832549,0.963898523935393,0.99999999994277
"FKBP1A",2.78391465816432e-08,-0.0170720703676353,0.00204010920304388,0.963973744807122,0.99999999994277
"TIPRL",2.77199443428858e-08,-0.0185335302782949,0.00202267584207169,0.964127898578203,0.99999999994277
"KIAA1109",2.75074496040949e-08,-0.0211522752268982,0.00199178396402741,0.964402702655977,0.99999999994277
"CMC2",2.74430433438674e-08,-0.0219494489067781,0.00198246771144259,0.96448599545089,0.99999999994277
"PRMT1",2.74046736599343e-08,-0.0224251276166644,0.00197692798452704,0.964535616870783,0.99999999994277
"TMEM140",2.73809279678646e-08,-0.0227197966023847,0.00197350351862334,0.964566325948274,0.99999999994277
"IMP3",2.7289113286649e-08,-0.02386123476694,0.00196029046760595,0.964685065628906,0.99999999994277
"DPP7",2.7204051579835e-08,-0.0249216776099141,0.00194808884174368,0.964795072698999,0.99999999994277
"SMIM5",2.69146841788846e-08,-0.0285506742273531,0.00190686591468964,0.965169305557089,0.99999999994277
"CD37",2.6791697308455e-08,-0.0301032610241093,0.00188947885190292,0.965328364254029,0.99999999994277
"PRPF8",2.66743135112944e-08,-0.0315908544318311,0.00187295818725423,0.965480177793313,0.99999999994277
"MIEN1",2.65940323919891e-08,-0.0326115014701607,0.00186170114724273,0.965584006820589,0.99999999994277
"MPST",2.63799081215315e-08,-0.0353467962305937,0.00183184252561494,0.965860940471087,0.99999999994277
"UCHL5",2.58977406046361e-08,-0.0415769193447899,0.00176549028775397,0.966484557903859,0.99999999994277
"SIGMAR1",2.58563537290805e-08,-0.0421163293524827,0.00175985197796546,0.966538087101467,0.99999999994277
"NDUFS6",2.58522901185758e-08,-0.0421693319575797,0.00175929886122656,0.966543342925769,0.99999999994277
"COX7A2L",2.58358289998794e-08,-0.0423841115927532,0.0017570591519181,0.966564633550939,0.99999999994277
"TSC22D3",2.57683185545718e-08,-0.0432662027976598,0.00174788856438399,0.966651951048252,0.99999999994277
"VMA21",2.56572552148254e-08,-0.0447216990504326,0.00173285397905147,0.966795600398017,0.99999999994277
"DCAF7",2.5594972365977e-08,-0.0455403000979183,0.00172445120288969,0.966876157521236,0.99999999994277
"CENPU",2.55843721055713e-08,-0.0456797932372959,0.001723023121917,0.966889868014533,0.99999999994277
"NUSAP1",2.54955793519495e-08,-0.0468502134290871,0.00171108407717059,0.967004713921813,0.99999999994277
"PRPF6",2.53493280356567e-08,-0.0487857037199383,0.00169150966072419,0.967193879104822,0.99999999994277
"ATIC",2.53421334153405e-08,-0.0488811654841435,0.00169054963190234,0.967203184857985,0.99999999994277
"HIST1H4C",2.53230044910395e-08,-0.0491350911270602,0.00168799845040076,0.967227926845228,0.99999999994277
"N4BP2L2",2.51274397635736e-08,-0.0517406311173229,0.00166202694631866,0.967480878577342,0.99999999994277
"DDX18",2.50992229639494e-08,-0.0521180096871153,0.00165829630362116,0.967517375656203,0.99999999994277
"SNRPG",2.50928894334284e-08,-0.0522027661608003,0.00165745950121325,0.967525567783939,0.99999999994277
"SPG21",2.50589558140075e-08,-0.0526571863894967,0.00165297970063926,0.967569459403858,0.99999999994277
"MAP3K8",2.50526570690682e-08,-0.0527415940438975,0.00165214882890824,0.967577606559704,0.99999999994277
"HIST1H1B",2.50405727266608e-08,-0.0529035840314056,0.00165055535984555,0.967593237146671,0.99999999994277
"HMGB1",2.50373710931195e-08,-0.0529465130539592,0.00165013331394197,0.96759737832664,0.99999999994277
"SMC4",2.5020094424918e-08,-0.0531782485058621,0.00164785679939842,0.967619724994252,0.99999999994277
"SATB1",2.50079501378571e-08,-0.0533412248464042,0.00164625750972905,0.967635433150832,0.99999999994277
"REL",2.49289130874278e-08,-0.054403571790492,0.00163586803567494,0.967737664766429,0.99999999994277
"SON",2.48087913610533e-08,-0.0560237149066358,0.00162014092720537,0.967893038964867,0.99999999994277
"MRPL28",2.45337862019756e-08,-0.0597584602452607,0.00158442151913567,0.968248755266871,0.99999999994277
"EGFL7",2.42785768740719e-08,-0.0632567849660141,0.00155162951528039,0.96857887152131,0.99999999994277
"SNHG7",2.42039266956855e-08,-0.0642860554805187,0.00154210248671137,0.968675433421625,0.99999999994277
"MDK",2.41765235283978e-08,-0.064664574689248,0.00153861259262359,0.968710880229301,0.99999999994277
"SMARCB1",2.41641797543475e-08,-0.0648351997147626,0.0015370418591193,0.968726847286454,0.99999999994277
"HECTD1",2.40842632639309e-08,-0.0659416872697549,0.00152689197027622,0.968830222065147,0.99999999994277
"GOLGA4",2.40187843073266e-08,-0.0668506402737058,0.00151860079832763,0.96891492177876,0.99999999994277
"MTR",2.38497716337048e-08,-0.0692067162090443,0.00149730415400495,0.969133548216346,0.99999999994277
"RNF138",2.38413525260519e-08,-0.0693244563664296,0.00149624722649505,0.969144438818507,0.99999999994277
"RSF1",2.38138726090011e-08,-0.0697090090619048,0.0014928000182277,0.96917998571889,0.99999999994277
"DHFR",2.37357615036536e-08,-0.0708041846938771,0.00148302310991149,0.969281027394461,0.99999999994277
"MZT1",2.36715359821286e-08,-0.0717070036214695,0.00147500827801993,0.969364107554989,0.99999999994277
"LST1",2.36406504828011e-08,-0.0721419134052303,0.00147116174712157,0.969404060206028,0.99999999994277
"SAFB2",2.35824152239742e-08,-0.0729632788267015,0.001463922693934,0.969479391978999,0.99999999994277
"SAP18",2.35043657539171e-08,-0.07406685494932,0.00145424859466024,0.969580355380579,0.99999999994277
"MDM2",2.33811230162207e-08,-0.075815886716648,0.00143903816911843,0.969739780978771,0.99999999994277
"MEPCE",2.33305974691951e-08,-0.076535230579749,0.00143282549652072,0.969805140681322,0.99999999994277
"ARID1A",2.32783139341748e-08,-0.0772810182369524,0.00142641080933239,0.969872774725608,0.99999999994277
"ADSL",2.32557280988897e-08,-0.0776036358116217,0.00142364419569126,0.969901991856562,0.99999999994277
"MTHFD2",2.32353916512855e-08,-0.0778943541059849,0.00142115541471705,0.969928299204771,0.99999999994277
"COPS5",2.31784897881272e-08,-0.0787089576119924,0.00141420331560422,0.970001907963341,0.99999999994277
"MKI67",2.31521272290756e-08,-0.0790869467329231,0.00141098819529204,0.97003601089193,0.99999999994277
"XPNPEP1",2.30794611531374e-08,-0.0801307642824069,0.00140214494122021,0.970130012899351,0.99999999994277
"ADIPOR1",2.29998809828816e-08,-0.0812771544827723,0.00139249215442938,0.970232959566705,0.99999999994277
"DDX5",2.29078650977522e-08,-0.082606956549066,0.00138137252386689,0.970351993967922,0.99999999994277
"AURKAIP1",2.2900517110241e-08,-0.0827133471268607,0.00138048648057211,0.970361499564873,0.99999999994277
"IL18",2.27336201012447e-08,-0.0851377865580648,0.0013604380686407,0.970577404125148,0.99999999994277
"TSPYL1",2.27214912720638e-08,-0.0853145740029743,0.00135898681545731,0.970593094541687,0.99999999994277
"TCF25",2.26189285082593e-08,-0.0868127694287121,0.00134674581732348,0.970725774949142,0.99999999994277
"GABARAP",2.26145022423184e-08,-0.0868775582292086,0.0013462187833497,0.970731501010142,0.99999999994277
"COX4I1",2.25095902560015e-08,-0.0884164002244006,0.00133375714423515,0.970867221365257,0.99999999994277
"ANP32E",2.25003606677699e-08,-0.088552074846472,0.00133266360984676,0.970879161347315,0.99999999994277
"MTF2",2.24699501080036e-08,-0.0889994486491241,0.00132906369786214,0.970918502426786,0.99999999994277
"MCL1",2.23896767047529e-08,-0.0901828730556468,0.00131958455842912,0.971022349665734,0.99999999994277
"TST",2.23402134803619e-08,-0.0909139029055862,0.00131376055214228,0.971086338966319,0.99999999994277
"PTTG1",2.21240370248335e-08,-0.094125293970643,0.00128845819697737,0.971366003063031,0.99999999994277
"DNAJC2",2.21000520965566e-08,-0.0944832648375474,0.00128566604598412,0.971397032206929,0.99999999994277
"METTL5",2.20931221350836e-08,-0.0945867556498503,0.00128485987419566,0.971405997460553,0.99999999994277
"CCNI",2.20754817487915e-08,-0.0948503203496614,0.00128280888514113,0.97142881874906,0.99999999994277
"GLUL",2.20452408577634e-08,-0.0953025715787765,0.00127929668885381,0.97146794130836,0.99999999994277
"ISCU",2.20118938568818e-08,-0.0958018948510167,0.00127542932877663,0.971511082313207,0.99999999994277
"PSMA5",2.1893183911312e-08,-0.0975847128070047,0.00126170966601734,0.971664658009173,0.99999999994277
"NUMA1",2.18682946649866e-08,-0.0979595624086719,0.00125884254969856,0.971696857494625,0.99999999994277
"GGCT",2.18510349501734e-08,-0.0982197218475167,0.00125685623210656,0.971719186600259,0.99999999994277
"CENPF",2.17191391524758e-08,-0.10021368510308,0.00124172891768782,0.971889822548926,0.99999999994277
"SRSF8",2.15470652001582e-08,-0.102830798787674,0.00122213119938793,0.972112439626848,0.99999999994277
"SNRPC",2.14665665899382e-08,-0.104061310775108,0.00121301663168618,0.9722165837677,0.99999999994277
"PPP1CC",2.11557568516159e-08,-0.108850021214533,0.00117814491579605,0.972618694682011,0.99999999994277
"STRAP",2.1141327708361e-08,-0.10907380338733,0.0011765383720411,0.972637362593797,0.99999999994277
"HTATSF1",2.09923098651729e-08,-0.111392659792464,0.00116001080954184,0.972830157448425,0.99999999994277
"ASPM",2.0967592527228e-08,-0.111778655490426,0.00115728071463795,0.972862136159121,0.99999999994277
"USMG5",2.06979369190264e-08,-0.116015380231366,0.00112770549753073,0.973211013068206,0.99999999994277
"FKBP5",2.06360191672003e-08,-0.116994919763356,0.00112096854119662,0.973291122174016,0.99999999994277
"UBR2",2.05769651225715e-08,-0.117931518326529,0.00111456197539635,0.973367526470274,0.99999999994277
"SH3BGRL",2.0574317940052e-08,-0.117973556930587,0.00111427522181766,0.973370951408515,0.99999999994277
"CDKN1A",2.05687738640349e-08,-0.118061614783327,0.00111367478449361,0.973378124363926,0.99999999994277
"ATP5B",2.05421230185941e-08,-0.118485202113951,0.00111079068975845,0.973412605401336,0.99999999994277
"GUSB",2.03960473880901e-08,-0.12081536941932,0.00109504912941461,0.973601599884377,0.99999999994277
"SNW1",2.03238120828873e-08,-0.121972971007104,0.00108730634152376,0.973695059376706,0.99999999994277
"C22orf39",2.03237384170694e-08,-0.121974153342019,0.00108729845942315,0.973695154687209,0.99999999994277
"PGD",2.027070793512e-08,-0.122826251447885,0.00108163171303736,0.973763766822771,0.99999999994277
"PIK3CA",2.01772442160373e-08,-0.124332722191201,0.00107168038193388,0.973884692942528,0.99999999994277
"C17orf62",2.00656827465804e-08,-0.126138790832882,0.00105986234436964,0.974029035251825,0.99999999994277
"SUPT16H",2.00397140631592e-08,-0.126560439256581,0.00105712080599508,0.974062634606394,0.99999999994277
"HELZ",2.00117821416357e-08,-0.127014490386019,0.00105417596983359,0.974098774130836,0.99999999994277
"ATP1B3",2.00082022199459e-08,-0.127072723770069,0.00105379883901759,0.974103405991724,0.99999999994277
"NEK2",2.0002250540132e-08,-0.127169557624956,0.00105317200204471,0.97411110654002,0.99999999994277
"ABTB1",1.99642614916879e-08,-0.127788225372092,0.00104917535088761,0.974160258518895,0.99999999994277
"FOXP1",1.98880449654376e-08,-0.129032509729746,0.00104117987732195,0.974258871263263,0.99999999994277
"EIF3I",1.98870718678481e-08,-0.129048422732869,0.00104107799251184,0.974260130308022,0.99999999994277
"CDKN3",1.9872779488223e-08,-0.129282222455672,0.00103958213276768,0.974278622546676,0.99999999994277
"GGNBP2",1.98414319606852e-08,-0.129795524155644,0.00103630502430177,0.9743191816885,0.99999999994277
"ARID4B",1.98146186119474e-08,-0.130235135619162,0.00103350602947337,0.974353874315051,0.99999999994277
"CD82",1.97423430668218e-08,-0.13142266975996,0.00102598017385717,0.974447388743071,0.99999999994277
"CFAP97",1.96560488427293e-08,-0.132845457401037,0.00101703061139017,0.974559041837289,0.99999999994277
"CTNNB1",1.95705109799776e-08,-0.134261097303724,0.00100819818154772,0.974669716793884,0.99999999994277
"TNRC6B",1.95443385878962e-08,-0.134695312265556,0.00100550338078482,0.974703580589491,0.99999999994277
"HBP1",1.94793536075505e-08,-0.13577562117757,0.000998827894177598,0.974787663207618,0.99999999994277
"RPL7L1",1.94719399206066e-08,-0.13589906346488,0.000998067746964717,0.974797255629792,0.99999999994277
"ARMC8",1.94286516384727e-08,-0.13662064887805,0.000993635049036935,0.974853265550332,0.99999999994277
"MT-ND2",1.93891728165182e-08,-0.137279942370916,0.000989601039169851,0.974904346587784,0.99999999994277
"EIF4A3",1.93760880518949e-08,-0.137498712287614,0.000988265827236548,0.974921276785183,0.99999999994277
"ATP5G3",1.93570989323526e-08,-0.137816426286434,0.000986329718964449,0.974945846566487,0.99999999994277
"POLR2B",1.93163199711051e-08,-0.138499623054127,0.000982178359830238,0.974998610028349,0.99999999994277
"TPP2",1.93104671352777e-08,-0.138597781451586,0.000981583250844554,0.975006182959018,0.99999999994277
"LAT2",1.92141061937577e-08,-0.140217556341469,0.00097181131849332,0.975130863822052,0.99999999994277
"COX14",1.917185108051e-08,-0.140930050853217,0.000967541659158661,0.975185537659706,0.99999999994277
"UBE2G2",1.90419031908934e-08,-0.143129711157849,0.000954470005963822,0.975353677799427,0.99999999994277
"SMAD2",1.90342021781988e-08,-0.143260473769516,0.000953698139914435,0.975363642207705,0.99999999994277
"CFLAR",1.90306790744884e-08,-0.143320311005475,0.000953345126274127,0.975368200783965,0.99999999994277
"CCT8",1.89673684245565e-08,-0.144397224851839,0.000947012561616437,0.975450119152581,0.99999999994277
"PPP2R1A",1.89444891716954e-08,-0.144787163004377,0.000944729285246267,0.975479722941313,0.99999999994277
"NUP214",1.88694079836611e-08,-0.14606965260832,0.000937255783260374,0.975576871789046,0.99999999994277
"BLOC1S6",1.8703385648069e-08,-0.148921230618054,0.000920835464413207,0.975791692244689,0.99999999994277
"ACTR10",1.86786906218626e-08,-0.14934725140007,0.000918405418438642,0.975823645907621,0.99999999994277
"MPL",1.85546141401046e-08,-0.151495104649404,0.000906244604743581,0.97598419291485,0.99999999994277
"RP5-1171I10.5",1.85280778999143e-08,-0.151956072307299,0.000903654291872288,0.976018529233729,0.99999999994277
"ARL6IP4",1.82589903004062e-08,-0.156662883789027,0.000877596930168751,0.976366715106142,0.99999999994277
"RTF1",1.82513888060262e-08,-0.156796713269374,0.000876866368468055,0.976376551124748,0.99999999994277
"BTN3A2",1.82357785767333e-08,-0.157071692664324,0.000875367059941385,0.976396750125589,0.99999999994277
"CCDC124",1.82266283850283e-08,-0.15723297066785,0.000874488812068533,0.97640859010797,0.99999999994277
"LITAF",1.818917035412e-08,-0.15789392090659,0.000870898134873762,0.976457059357131,0.99999999994277
"DGCR6L",1.80727648911586e-08,-0.159955419779575,0.000859786808098525,0.976607684096438,0.99999999994277
"ZNF800",1.8064046749704e-08,-0.160110275139132,0.000858957501114346,0.976618965110804,0.99999999994277
"CSDE1",1.80292929267598e-08,-0.160728228309289,0.000855655545488996,0.976663935564998,0.99999999994277
"BAZ2A",1.80253749899206e-08,-0.16079795700802,0.000855283701718724,0.976669005268012,0.99999999994277
"ANKRD36C",1.79869812876957e-08,-0.161481953334929,0.000851644106298398,0.976718685717481,0.99999999994277
"SP100",1.76775266440321e-08,-0.167041410673986,0.000822592187605522,0.977119115237525,0.99999999994277
"NIPBL",1.76500883449089e-08,-0.16753838783758,0.000820040584720219,0.977154620251758,0.99999999994277
"PSMD13",1.75503431434561e-08,-0.16935065442117,0.000810798252434091,0.977283690396757,0.99999999994277
"ILF3",1.73914972320569e-08,-0.172255128089076,0.000796187809046499,0.977489238000514,0.99999999994277
"DNAJC1",1.72726378815255e-08,-0.17444344603802,0.000785342166137382,0.977643043722629,0.99999999994277
"SHOC2",1.72645809187948e-08,-0.174592251892136,0.000784609678505066,0.977653469579311,0.99999999994277
"CKS2",1.72228753024926e-08,-0.175363480386241,0.000780823533132316,0.977707437468241,0.99999999994277
"SCAND1",1.72218827841568e-08,-0.17538185383126,0.00078073354126629,0.97770872180776,0.99999999994277
"UBE2B",1.7191201457248e-08,-0.175950275512971,0.000777954216385519,0.977748424116025,0.99999999994277
"RALBP1",1.71584310945327e-08,-0.176558366466881,0.00077499112583448,0.977790829743206,0.99999999994277
"ADRM1",1.71091052783974e-08,-0.177475552362064,0.000770541753585691,0.97785465863837,0.99999999994277
"DCK",1.70870997394857e-08,-0.177885468355511,0.00076856090399273,0.97788313442658,0.99999999994277
"CMPK1",1.69895716487119e-08,-0.179707702386954,0.000759812507288396,0.978009338866443,0.99999999994277
"ZFR",1.692420187671e-08,-0.180934137170172,0.000753976784341089,0.978093929731128,0.99999999994277
"SPN",1.69240026300438e-08,-0.180937881572425,0.000753959031483088,0.978094187563944,0.99999999994277
"BUB3",1.6923992064447e-08,-0.180938080130607,0.000753958090095306,0.978094201236231,0.99999999994277
"SDHA",1.69110477160064e-08,-0.181181422231684,0.000752805198519164,0.978110951723745,0.99999999994277
"TTC17",1.68429366969937e-08,-0.182464499016765,0.000746753406379701,0.978199090175428,0.99999999994277
"PCF11",1.67234595801816e-08,-0.184726053164098,0.000736196637081772,0.978353699106356,0.99999999994277
"AKIRIN2",1.66825470036959e-08,-0.185503678846974,0.000732598953434349,0.978406642065197,0.99999999994277
"CCNB1IP1",1.66781266083083e-08,-0.185587795695717,0.000732210769544254,0.978412362287786,0.99999999994277
"CLPP",1.66559268959119e-08,-0.186010530560839,0.000730262822905485,0.978441089892301,0.99999999994277
"SYNGR2",1.66457007991731e-08,-0.186205422939657,0.000729366391759168,0.978454323012914,0.99999999994277
"CCDC109B",1.6599643533085e-08,-0.187084478798319,0.000725335783688801,0.978513923672269,0.99999999994277
"SMC1A",1.65759271337973e-08,-0.187537953745654,0.000723264647127909,0.978544614056456,0.99999999994277
"DDX21",1.65749819794799e-08,-0.187556037373262,0.000723182168819564,0.97854583714114,0.99999999994277
"PNMA1",1.65163539516856e-08,-0.188679507991535,0.000718075224003078,0.978621705319083,0.99999999994277
"ATP6V0B",1.65131639383569e-08,-0.188740735763575,0.000717797868803588,0.978625833392866,0.99999999994277
"PPP2R5C",1.64880438080045e-08,-0.189223237490069,0.000715615675079959,0.978658340409174,0.99999999994277
"HIST1H2BC",1.6419690487651e-08,-0.190539367278927,0.000709694618958242,0.978746794050597,0.99999999994277
"RNF213",1.63918872253312e-08,-0.191076065005573,0.000707293219267744,0.97878277335486,0.99999999994277
"GABPB1",1.63776364289917e-08,-0.191351458143644,0.000706063939194981,0.978801214867116,0.99999999994277
"HPGD",1.63491841088418e-08,-0.191901910604786,0.000703612827617225,0.978838034163462,0.99999999994277
"KIAA1551",1.63380254998928e-08,-0.192118015908592,0.000702652698842251,0.978852474197802,0.99999999994277
"PPM1A",1.62972126690975e-08,-0.192909510322314,0.000699146592497005,0.978905288965228,0.99999999994277
"CTSG",1.62953470426155e-08,-0.192945731741497,0.000698986531783973,0.978907703223614,0.99999999994277
"U2AF2",1.62865121563599e-08,-0.193117310943254,0.000698228794940095,0.978919136221235,0.99999999994277
"FUS",1.62589730180224e-08,-0.193652654034744,0.000695869497603494,0.978954773935111,0.99999999994277
"TP53",1.62385315588802e-08,-0.194050528380332,0.000694120845211344,0.978981226746062,0.99999999994277
"NDFIP1",1.62382081533332e-08,-0.194056826642089,0.000694093197354718,0.978981645257751,0.99999999994277
"AZIN1",1.6160678380446e-08,-0.195569833063696,0.000687481085736565,0.979081974922509,0.99999999994277
"CHIC2",1.60475057574108e-08,-0.197789685418736,0.00067788599244169,0.979228429851105,0.99999999994277
"TOMM22",1.60303765218608e-08,-0.198126845881096,0.000676439602975052,0.979250596589138,0.99999999994277
"ATXN7L3B",1.59584510548787e-08,-0.199545976879139,0.000670383090823878,0.979343674646949,0.99999999994277
"GCA",1.59574842513265e-08,-0.199565089988006,0.000670301866259073,0.979344925780083,0.99999999994277
"GBAS",1.58343604716635e-08,-0.202007366967782,0.000659998022914918,0.979504259742388,0.99999999994277
"CUL5",1.5814555028748e-08,-0.20240175380631,0.000658348019011888,0.979529889958777,0.99999999994277
"PGAM1",1.56405710024499e-08,-0.205884723313002,0.000643942052988382,0.979755043528424,0.99999999994277
"TOP2A",1.55811327430406e-08,-0.207082266607503,0.000639057056440608,0.979831963237822,0.99999999994277
"SRPK1",1.55723999844282e-08,-0.207258543078278,0.000638340912474815,0.979843264413217,0.99999999994277
"MTHFD2L",1.55318604594444e-08,-0.20807797748951,0.000635021661320939,0.979895727187581,0.99999999994277
"AURKB",1.55297980188681e-08,-0.208119715313548,0.000634853026341399,0.979898396223514,0.99999999994277
"COX6C",1.54824050039346e-08,-0.209080131332093,0.000630984117157756,0.979959728311839,0.99999999994277
"STX16",1.54708178079511e-08,-0.209315330453263,0.000630040000183006,0.979974723512783,0.99999999994277
"DENND4C",1.54323587530235e-08,-0.210097069468971,0.000626911448666804,0.98002449412553,0.99999999994277
"SEPT2",1.53431413900827e-08,-0.211917034272064,0.000619683815844331,0.980139952353308,0.99999999994277
"CDC123",1.52817870561428e-08,-0.213173915211227,0.000614737727058054,0.980219352640231,0.99999999994277
"SUN2",1.52292743252054e-08,-0.214253129454407,0.00061052014540208,0.980287310927558,0.99999999994277
"AFF1",1.5215546436751e-08,-0.214535786614648,0.00060941997807562,0.980305076620011,0.99999999994277
"SMC2",1.51818312708003e-08,-0.215230915621075,0.000606722220000516,0.98034870851869,0.99999999994277
"ERGIC3",1.51610608914957e-08,-0.215659815540967,0.000605063233008332,0.980375588174974,0.99999999994277
"MDH1",1.51012373043183e-08,-0.21689798445519,0.000600297651116764,0.980453008043973,0.99999999994277
"STAU1",1.50156282931864e-08,-0.218677208103876,0.000593510760794268,0.980563798083272,0.99999999994277
"SUDS3",1.49465086808353e-08,-0.220120120644433,0.000588059265287558,0.980653248806893,0.99999999994277
"MT-CO3",1.48553044769155e-08,-0.222032888492149,0.000580904438503531,0.98077128054171,0.99999999994277
"POLR2G",1.48470150902309e-08,-0.222207237879919,0.000580256320112656,0.980782008255519,0.99999999994277
"TSTD1",1.48032710853914e-08,-0.223128690692901,0.000576842119704588,0.980838619638169,0.99999999994277
"TXNIP",1.47866076912832e-08,-0.223480316841074,0.000575544198787427,0.980860184625064,0.99999999994277
"FRMD3",1.47087512145086e-08,-0.225127761270967,0.000569499286389839,0.98096094302846,0.99999999994277
"EIF2A",1.46682526088264e-08,-0.225987686084217,0.000566367521502396,0.981013354650138,0.99999999994277
"TUBB",1.46547260466666e-08,-0.226275357447749,0.000565323433521347,0.981030860186106,0.99999999994277
"SRSF7",1.46253882941426e-08,-0.226900074968804,0.00056306222200465,0.981068827963906,0.99999999994277
"MINK1",1.45759431529618e-08,-0.227955407098586,0.000559261484690731,0.981132818038735,0.99999999994277
"ZCCHC7",1.45510742612101e-08,-0.228487362829699,0.000557354733496802,0.981165002485501,0.99999999994277
"MAGOH",1.45478229839557e-08,-0.22855696688133,0.000557105691771555,0.981169210176666,0.99999999994277
"MRPL21",1.45404744252676e-08,-0.228714335835695,0.000556543011033451,0.981178720430428,0.99999999994277
"ARHGDIB",1.45396039638948e-08,-0.228732981255423,0.000556476378449325,0.981179846951994,0.99999999994277
"PACSIN2",1.44712110041434e-08,-0.23020098541528,0.000551253464059924,0.981268358916514,0.99999999994277
"SPAG9",1.44630259197042e-08,-0.230377072597213,0.000550630049735603,0.9812789518045,0.99999999994277
"JMJD1C",1.44440133409121e-08,-0.230786425287931,0.000549183323961305,0.981303557319958,0.99999999994277
"EIF1B",1.43780754259621e-08,-0.232209717222571,0.000544180649522974,0.981388892351083,0.99999999994277
"PPP1CA",1.42946582021212e-08,-0.234018388112926,0.000537884624985483,0.981496848926741,0.99999999994277
"MAN1A2",1.42722346763646e-08,-0.234506131102535,0.000536198427312475,0.981525868975249,0.99999999994277
"ATF6B",1.42712337261998e-08,-0.23452791856082,0.000536123219877067,0.981527164384162,0.99999999994277
"RCN2",1.42574644745554e-08,-0.234827764529915,0.00053508918813326,0.981544984268586,0.99999999994277
"MTERF4",1.42363279818129e-08,-0.235288529113371,0.000533503839578392,0.981572338703976,0.99999999994277
"RPS26",1.41423261220543e-08,-0.237344890179892,0.000526481694139894,0.981693994333822,0.99999999994277
"URI1",1.41288573348633e-08,-0.237640494210042,0.00052547935645358,0.981711425447177,0.99999999994277
"SSU72",1.40806082913617e-08,-0.238701429510348,0.000521896535155847,0.981773868746568,0.99999999994277
"NDUFA5",1.39678528762001e-08,-0.241193048147349,0.000513571462597697,0.981919795807755,0.99999999994277
"ATP5F1",1.39657872866366e-08,-0.241238854079749,0.000513419578206561,0.98192246908116,0.99999999994277
"MT-CYB",1.39244414784223e-08,-0.242156957465395,0.000510384113820106,0.981975978616432,0.99999999994277
"OGT",1.39084931378186e-08,-0.242511726002621,0.000509215647816553,0.981996618899632,0.99999999994277
"DNAJC9",1.38990005924724e-08,-0.242723052785013,0.000508520805742412,0.9820089041223,0.99999999994277
"CDKN1B",1.38722946524525e-08,-0.243318258906659,0.000506568510102202,0.982043466889703,0.99999999994277
"TRA2B",1.38693816571218e-08,-0.243383241736482,0.000506355787288825,0.982047236883737,0.99999999994277
"SUMO2",1.38435364348102e-08,-0.243960310307436,0.000504470384652901,0.98208068574787,0.99999999994277
"NR3C1",1.38282702319669e-08,-0.244301608345974,0.000503358370990944,0.982100443269054,0.99999999994277
"UQCRC2",1.38013876541425e-08,-0.244903397434496,0.000501403185351293,0.982135234730535,0.99999999994277
"PSMB8",1.3761143898668e-08,-0.245806178642278,0.000498483344468964,0.982187318306162,0.99999999994277
"RP6-159A1.4",1.37446482027409e-08,-0.246176881357292,0.000497288981366733,0.982208667101761,0.99999999994277
"HIST1H2AG",1.37257895653746e-08,-0.246601155790496,0.000495925285671773,0.982233074041224,0.99999999994277
"SNRPB2",1.37221192571159e-08,-0.246683787385831,0.000495660097967948,0.982237824173814,0.99999999994277
"HIST1H1E",1.36234012497468e-08,-0.248913456147181,0.000488554115127259,0.982365585782945,0.99999999994277
"PPP6R3",1.36006401098806e-08,-0.249429519522414,0.000486922986601166,0.982395043490595,0.99999999994277
"TMED10",1.35826913226485e-08,-0.249836997598806,0.000485638648491896,0.982418273017562,0.99999999994277
"GOPC",1.34853087896295e-08,-0.252055925006852,0.000478699937225747,0.982544306871695,0.99999999994277
"SAT1",1.34397622812048e-08,-0.253098476789513,0.000475471788555408,0.982603253958018,0.99999999994277
"TRIM22",1.34263697787099e-08,-0.253405608192172,0.000474524661024637,0.982620586786629,0.99999999994277
"MT-ND4L",1.33649108445891e-08,-0.254818446257443,0.000470190349955291,0.982700128200155,0.99999999994277
"UQCRC1",1.33610881042223e-08,-0.254906509510122,0.000469921413095776,0.982705075674861,0.99999999994277
"TMEM18",1.33468752649764e-08,-0.255234116734891,0.000468922188316208,0.982723470250012,0.99999999994277
"ANKRD11",1.32840938174096e-08,-0.256684841978751,0.000464521102112961,0.982804723516543,0.99999999994277
"NIN",1.3275456715089e-08,-0.256884886388792,0.000463917250312801,0.982815901877056,0.99999999994277
"ADSS",1.31731054925166e-08,-0.259264029382215,0.000456791400214194,0.982948367724505,0.99999999994277
"SNRNP40",1.31716362738903e-08,-0.259298297035357,0.000456689512469048,0.982950269232242,0.99999999994277
"CYBA",1.31469186742737e-08,-0.259875298047656,0.000454977093962038,0.982982259521095,0.99999999994277
"G3BP1",1.3048357086151e-08,-0.262185430650145,0.000448180798565787,0.98310982127612,0.99999999994277
"HMGN2",1.30357978101573e-08,-0.262480880229802,0.000447318449783587,0.98312607594878,0.99999999994277
"SNX6",1.30293850095565e-08,-0.262631832216295,0.000446878452402856,0.983134375631706,0.99999999994277
"IMMT",1.29380573124089e-08,-0.264788589366952,0.000440635740942947,0.983252575501564,0.99999999994277
"CAST",1.28799197850313e-08,-0.266168386079886,0.000436684619779079,0.983327819550081,0.99999999994277
"MDH2",1.28589443967625e-08,-0.266667519631198,0.000435263466352766,0.983354966821774,0.99999999994277
"KIAA0125",1.28177879991787e-08,-0.267648926200356,0.000432481712562569,0.983408233300899,0.99999999994277
"COPB2",1.27859534759252e-08,-0.268409909939005,0.000430336139226702,0.983449435037603,0.99999999994277
"DUSP1",1.27672691694911e-08,-0.26885730702991,0.000429079344817964,0.983473617166004,0.99999999994277
"FXR1",1.26774853712059e-08,-0.271015089933626,0.000423065699369287,0.983589819889188,0.99999999994277
"SNRPA1",1.26668950470171e-08,-0.271270475920366,0.000422359166268585,0.983603526444257,0.99999999994277
"PARP14",1.2658668304232e-08,-0.271468991101864,0.000421810726911167,0.983614173931188,0.99999999994277
"EIF3G",1.25649738497781e-08,-0.273737762182768,0.000415589683056427,0.983735438469977,0.99999999994277
"NKTR",1.25573119621804e-08,-0.273923935769353,0.00041508299985231,0.983745354924821,0.99999999994277
"PIH1D1",1.2544416064662e-08,-0.274237509954112,0.000414230887673422,0.983762045541491,0.99999999994277
"PPP1R10",1.25406627990504e-08,-0.274328825841733,0.000413983050555531,0.983766903236329,0.99999999994277
"EFCAB14",1.25216878784115e-08,-0.274790841149487,0.00041273122633481,0.983791461692389,0.99999999994277
"RAD21",1.24913408126508e-08,-0.275531009563666,0.000410733092533365,0.983830738678092,0.99999999994277
"ZC3H15",1.2429497770463e-08,-0.277044178226746,0.000406676185300363,0.983910779759542,0.99999999994277
"ZC3H7A",1.23640098726558e-08,-0.278653619018896,0.000402402125426293,0.983995538414593,0.99999999994277
"RRM2",1.23301187246148e-08,-0.279489420162964,0.0004001990895708,0.984039402592124,0.99999999994277
"PSMC1",1.22359777159796e-08,-0.281821496238368,0.000394111342798518,0.98416124639856,0.99999999994277
"RBBP7",1.22351476494401e-08,-0.281842127457959,0.0003940578730146,0.98416232072975,0.99999999994277
"CD38",1.21766327917227e-08,-0.28329955722826,0.000390297705542198,0.984238054895295,0.99999999994277
"IARS",1.2155433599334e-08,-0.283829055397135,0.000388939892772945,0.984265492460071,0.99999999994277
"TFPI",1.21259682407984e-08,-0.28456634336752,0.000387056559991475,0.984303628740162,0.99999999994277
"SEC14L1",1.21128356864209e-08,-0.284895446275228,0.000386218641117524,0.984320625889953,0.99999999994277
"RNPC3",1.20396684859155e-08,-0.286734671959626,0.000381566850226509,0.984415324570747,0.99999999994277
"TRIM44",1.2034776479983e-08,-0.286857987035651,0.000381256833705799,0.984421656193102,0.99999999994277
"MRPL43",1.19889721244891e-08,-0.288014699555085,0.000378360229674495,0.984480939873013,0.99999999994277
"ERP29",1.18967122910693e-08,-0.290356176842272,0.000372559375664878,0.98460035022765,0.99999999994277
"CNIH1",1.18544308641359e-08,-0.291434477450308,0.000369915897469314,0.98465507448466,0.99999999994277
"COX5A",1.17908759698727e-08,-0.29306156649747,0.000365960086466212,0.984737332827387,0.99999999994277
"CD96",1.16757033522614e-08,-0.296029495414637,0.000358845648367756,0.984886399787548,0.99999999994277
"LGALS8",1.15972780784533e-08,-0.29806494147934,0.000354041132343431,0.984987905268847,0.99999999994277
"ATP6AP1",1.15768680099266e-08,-0.298596608538848,0.000352796073770947,0.985014321969219,0.99999999994277
"ZNF706",1.15574711284492e-08,-0.299102632051584,0.000351614854320793,0.985039427319369,0.99999999994277
"RB1CC1",1.15284367474348e-08,-0.299861446992329,0.000349850437824319,0.98507700649618,0.99999999994277
"ZRANB2",1.14987938186393e-08,-0.300637867491217,0.000348053618540571,0.98511537335007,0.99999999994277
"FXN",1.14827618175428e-08,-0.301058503697575,0.000347083759236375,0.98513612358947,0.99999999994277
"SPTBN1",1.1464652367857e-08,-0.301534255742922,0.000345989851768732,0.985159562685312,0.99999999994277
"HNRNPA0",1.14427761865608e-08,-0.302109827856799,0.000344670716189313,0.985187877086264,0.99999999994277
"PNKD",1.1441385766523e-08,-0.302146442474742,0.000344586958900663,0.985189676711332,0.99999999994277
"CCDC88A",1.14394024759497e-08,-0.302198676082418,0.00034446750539244,0.985192243690745,0.99999999994277
"SEC63",1.14057511739298e-08,-0.303086136908333,0.000342443845448891,0.985235798703307,0.99999999994277
"ETV6",1.14037532361638e-08,-0.303138897975156,0.000342323884640117,0.985238384643401,0.99999999994277
"LYSMD2",1.13845319430864e-08,-0.303646896746907,0.000341170867333686,0.985263262859877,0.99999999994277
"ERH",1.13041510209297e-08,-0.30577932285812,0.000336370175258384,0.985367300447416,0.99999999994277
"CCT6A",1.12833437538191e-08,-0.30633344787231,0.000335133018627813,0.985394231478811,0.99999999994277
"CCNB1",1.12643241857438e-08,-0.306840735076857,0.000334004148814179,0.985418848689962,0.99999999994277
"POLE4",1.12544595643e-08,-0.307104133651152,0.000333419403253009,0.985431616570498,0.99999999994277
"GCC2",1.12243914977364e-08,-0.307908220622848,0.000331640217909089,0.985470533999915,0.99999999994277
"EVL",1.11724592864218e-08,-0.309301385963778,0.00032857849875073,0.985537750513847,0.99999999994277
"MCTP2",1.11606357656003e-08,-0.309619350801475,0.000327883414714342,0.985553053859841,0.99999999994277
"PTBP3",1.11586214787909e-08,-0.309673549086634,0.000327765071700277,0.985555660979557,0.99999999994277
"CANX",1.10798217996325e-08,-0.311800453056552,0.000323152210239182,0.985657652632109,0.99999999994277
"BNIP3L",1.10523131281968e-08,-0.312546017808672,0.000321549575675235,0.985693257589458,0.99999999994277
"SAFB",1.10504233488499e-08,-0.312597294995723,0.000321439624791669,0.985695703565157,0.99999999994277
"CXCR4",1.10306256728273e-08,-0.313134939052589,0.00032028888933597,0.985721328064542,0.99999999994277
"EHD1",1.09858076087078e-08,-0.314355139114511,0.000317691472586854,0.985779336970825,0.99999999994277
"SDF4",1.09598052553569e-08,-0.315065037595052,0.000316189361854991,0.985812992365224,0.99999999994277
"SMS",1.09362062599334e-08,-0.315710578893179,0.000314829170192533,0.985843537064621,0.99999999994277
"WEE1",1.09051750261311e-08,-0.31656125591664,0.000313045063906126,0.985883701505375,0.99999999994277
"MRPL34",1.08167933670693e-08,-0.318995597535699,0.000307991440135146,0.985998096118405,0.99999999994277
"RPA1",1.07895246569689e-08,-0.3197501342619,0.000306440528912385,0.986033390756666,0.99999999994277
"DERA",1.0787476849158e-08,-0.319806864292243,0.000306324217623943,0.986036041291501,0.99999999994277
"CYFIP2",1.07683398262027e-08,-0.320337462731594,0.000305238341113017,0.986060810882162,0.99999999994277
"VPS35",1.07477389171259e-08,-0.320909558386418,0.000304071555434191,0.986087475237097,0.99999999994277
"KRT10",1.07452283321469e-08,-0.320979342948494,0.000303929514708456,0.986090724761214,0.99999999994277
"ZNHIT1",1.07269865004257e-08,-0.321486817815486,0.000302898447753158,0.986114335708461,0.99999999994277
"IGBP1",1.06901412262597e-08,-0.322514099756231,0.000300821217693028,0.986162025683578,0.99999999994277
"TXN2",1.06113141956653e-08,-0.324722162093331,0.000296401179477654,0.986264054107112,0.99999999994277
"MAP4K5",1.0608468188495e-08,-0.324802147075679,0.000296242208262016,0.986267737792198,0.99999999994277
"FIP1L1",1.05565047911958e-08,-0.326265802167641,0.000293347153154999,0.98633499585813,0.99999999994277
"XRN2",1.04880550211739e-08,-0.328203336097965,0.000289555283335259,0.986423592968457,0.99999999994277
"MRFAP1",1.03880054422529e-08,-0.331055030912076,0.000284057275039837,0.986553091200168,0.99999999994277
"NOP10",1.03801780253344e-08,-0.331279131406536,0.000283629359007655,0.986563222558642,0.99999999994277
"IRF2BP2",1.03220929153422e-08,-0.332946685315384,0.000280463989723453,0.986638404653395,0.99999999994277
"METAP2",1.03000508788091e-08,-0.333581603156777,0.000279267450035628,0.986666934655068,0.99999999994277
"RP11-367G6.3",1.0268535400521e-08,-0.334491439362226,0.000277561092931735,0.986707726589132,0.99999999994277
"TPX2",1.01655445501175e-08,-0.337481612835728,0.000272021277292084,0.986841032628786,0.99999999994277
"MEST",1.01281766579073e-08,-0.338572987031019,0.000270025087313765,0.986889399790297,0.99999999994277
"C9orf142",1.01139609352882e-08,-0.338989085688448,0.000269267614774413,0.986907799935031,0.99999999994277
"GIT2",1.00739272739532e-08,-0.340163597985345,0.00026714017251561,0.986959617610012,0.99999999994277
"U2SURP",1.00400577845757e-08,-0.341160410599018,0.000265346891495619,0.987003456715752,0.99999999994277
"NONO",1.00159872822486e-08,-0.341870592549882,0.000264076106641406,0.987034612488228,0.99999999994277
"CCAR1",1.00154216963617e-08,-0.341887297413506,0.000264046283619917,0.987035344557326,0.99999999994277
"CKS1B",9.98861838402443e-09,-0.342679880507067,0.000262634891258015,0.987070037579593,0.99999999994277
"SMPD1",9.98287185417481e-09,-0.342850045943293,0.000262332786393134,0.987077475636909,0.99999999994277
"SFXN1",9.96256870000094e-09,-0.343451936936564,0.000261266807205571,0.987103755162125,0.99999999994277
"ZFAND5",9.95192824594454e-09,-0.343767797607298,0.000260709016747413,0.987117527711542,0.99999999994277
"EIF4G1",9.94371642503939e-09,-0.344011763633817,0.00026027894683085,0.987128156744528,0.99999999994277
"ELOVL5",9.86184660264686e-09,-0.346453587162553,0.000256010669589981,0.987234125697845,0.99999999994277
"FARSA",9.8580139549137e-09,-0.346568326025075,0.000255811719415949,0.987239086526021,0.99999999994277
"CARD8",9.82683512715349e-09,-0.347503165080308,0.000254196120876173,0.987279443190191,0.99999999994277
"UROS",9.81693169613849e-09,-0.34780063596679,0.000253684024113201,0.987292261813624,0.99999999994277
"FNBP4",9.80785025069068e-09,-0.348073644161226,0.000253214885264193,0.987304016493169,0.99999999994277
"MED28",9.77941146759521e-09,-0.348929988120021,0.000251748573514277,0.987340826596324,0.99999999994277
"UQCC3",9.76600853991408e-09,-0.349334319214014,0.00025105899096729,0.987358174856786,0.99999999994277
"PRMT2",9.76368523426977e-09,-0.349404455868371,0.000250939552736768,0.987361182059433,0.99999999994277
"MAPK1IP1L",9.72735569823119e-09,-0.350503058151776,0.000249075593267335,0.987408205717905,0.99999999994277
"UFD1L",9.70958951241704e-09,-0.351041594258669,0.000248166593462305,0.987431201652457,0.99999999994277
"YTHDF2",9.68206784316075e-09,-0.351877521871419,0.000246761739179886,0.987466824766938,0.99999999994277
"UGP2",9.66878936163318e-09,-0.352281567578787,0.000246085360045643,0.987484011991639,0.99999999994277
"EIF5A",9.64850060850141e-09,-0.352899850665384,0.000245053684499897,0.98751027308988,0.99999999994277
"MRPS5",9.61044138624243e-09,-0.354062702908237,0.000243124232788368,0.98755953573842,0.99999999994277
"DDX39A",9.60310086374319e-09,-0.354287439897775,0.000242752974640754,0.987569037083072,0.99999999994277
"HMGB3",9.56636611334576e-09,-0.355414338164575,0.000240899320481528,0.987616585431096,0.99999999994277
"RBM8A",9.54555515606762e-09,-0.356054404094059,0.000239852341447453,0.98764352252325,0.99999999994277
"SSNA1",9.54384767410011e-09,-0.356106973118723,0.000239766540902132,0.987645732638408,0.99999999994277
"PTGES3",9.50673424650599e-09,-0.357251608768105,0.000237905392983086,0.987693771206545,0.99999999994277
"MRPS12",9.49360453387911e-09,-0.357657471812391,0.000237248706397503,0.987710765944902,0.99999999994277
"UBE3A",9.49315953091186e-09,-0.357671236128987,0.00023722646533963,0.987711341944582,0.99999999994277
"TPTEP1",9.46300444114746e-09,-0.35860525660615,0.000235721755843114,0.987750373883661,0.99999999994277
"MTOR",9.41068391616762e-09,-0.360231930705723,0.000233122371777924,0.987818096236859,0.99999999994277
"TRIP12",9.35120098849801e-09,-0.362090783258205,0.000230184651893989,0.987895089528029,0.99999999994277
"RAN",9.34585632372729e-09,-0.362258303571529,0.000229921603709122,0.98790200754091,0.99999999994277
"OXR1",9.32328529598196e-09,-0.362966669674638,0.000228812384800307,0.987931222977421,0.99999999994277
"PSMB10",9.3131777863034e-09,-0.363284361631817,0.000228316536031989,0.987944305918486,0.99999999994277
"PSMG2",9.18108980596491e-09,-0.367463609257043,0.000221886076396954,0.988115278028926,0.99999999994277
"MT-ND4",9.1743124651507e-09,-0.367679438006124,0.00022155861145473,0.988124050501731,0.99999999994277
"GRSF1",9.16143959983528e-09,-0.368089761283356,0.000220937291169715,0.988140712920044,0.99999999994277
"PSMC6",9.13022282887071e-09,-0.369086864937879,0.000219434208956814,0.988181119399859,0.99999999994277
"CSTB",9.07403689662015e-09,-0.370888942567191,0.000216741792763979,0.988253845631609,0.99999999994277
"FUNDC2",9.06627831598157e-09,-0.371138542342107,0.000216371309420679,0.988263888230222,0.99999999994277
"ATPIF1",9.00523295445699e-09,-0.373108869141411,0.00021346736217467,0.988342904559863,0.99999999994277
"USP15",8.99861498450118e-09,-0.373323164698315,0.000213153721985576,0.988351470781813,0.99999999994277
"HDLBP",8.87101559903043e-09,-0.377481731771772,0.000207151587296393,0.988516634176872,0.99999999994277
"PGLS",8.86891430165576e-09,-0.377550645123942,0.00020705346199654,0.988519354079756,0.99999999994277
"ELF2",8.85933671825729e-09,-0.37786492627216,0.000206606507393441,0.988531751230472,0.99999999994277
"PFKL",8.74386350403985e-09,-0.381677323966627,0.000201255759822777,0.988681219093066,0.99999999994277
"PTOV1",8.7105776369131e-09,-0.38278432694848,0.000199726408007755,0.98872430420152,0.99999999994277
"IDH2",8.69963119461343e-09,-0.383149174364768,0.000199224737521108,0.988738473244833,0.99999999994277
"UVRAG",8.68351476210856e-09,-0.383687059481603,0.000198487276840262,0.988759334315006,0.99999999994277
"PTPRC",8.66639206762612e-09,-0.384259472022562,0.000197705269491602,0.988781497896602,0.99999999994277
"KIAA1033",8.65685093986373e-09,-0.384578855427044,0.000197270188120373,0.98879384791711,0.99999999994277
"DHX9",8.61342104463095e-09,-0.386036489157081,0.000195295813596667,0.988850063537886,0.99999999994277
"NDUFB6",8.59267122275682e-09,-0.386735150967791,0.000194356007625727,0.988876922109864,0.99999999994277
"MAF1",8.58510427819965e-09,-0.386990297428874,0.000194013847770042,0.988886716766965,0.99999999994277
"SLC9A3R1",8.53641719985046e-09,-0.388636606640029,0.000191819539457021,0.988949737387337,0.99999999994277
"BAZ1A",8.52198795447636e-09,-0.389126072970584,0.000191171616118835,0.988968414635418,0.99999999994277
"SLC38A2",8.49567619740865e-09,-0.390020457488393,0.000189992948428541,0.989002472649259,0.99999999994277
"DDAH2",8.49191720091829e-09,-0.390148427455591,0.00018982485708158,0.989007338306739,0.99999999994277
"VPS51",8.45434657162051e-09,-0.391430158587025,0.000188148895685033,0.9890559698759,0.99999999994277
"PPIP5K2",8.44319396565457e-09,-0.391811577329154,0.000187652827431284,0.989070405860414,0.99999999994277
"SMIM10L1",8.4342797911323e-09,-0.392116754156794,0.000187256795545807,0.989081944411533,0.99999999994277
"H2AFZ",8.42483666399457e-09,-0.392440343048847,0.000186837720089063,0.989094167643997,0.99999999994277
"NFKBIZ",8.4120277996573e-09,-0.392879766048387,0.000186270027243031,0.989110747508139,0.99999999994277
"DPYD",8.37425624258944e-09,-0.394178929270845,0.000184601009185681,0.989159639245806,0.99999999994277
"SSBP2",8.28033360548422e-09,-0.397431451851176,0.000180483393597862,0.989281213465704,0.99999999994277
"ATF4",8.27458186094108e-09,-0.397631665095549,0.000180232743351283,0.989288658578402,0.99999999994277
"SMARCA5",8.2659374593325e-09,-0.397932794941252,0.000179856364115619,0.9892998479756,0.99999999994277
"DDX17",8.25040188600091e-09,-0.398474663310993,0.000179180930514044,0.989319957377534,0.99999999994277
"ATRX",8.23549755627864e-09,-0.398995341563747,0.000178534135481565,0.989339249697786,0.99999999994277
"ARPC3",8.22709630644861e-09,-0.399289194704407,0.000178170066445986,0.989350124366168,0.99999999994277
"CCT3",8.17971082628191e-09,-0.400951470996071,0.000176123570266526,0.989411460679713,0.99999999994277
"MYCBP2",8.16979363595111e-09,-0.401300414588517,0.000175696760034796,0.989424297613502,0.99999999994277
"PSMA1",8.12764887384636e-09,-0.402787393182354,0.000173888734149174,0.989478850345183,0.99999999994277
"RAB31",8.08985929360261e-09,-0.404126371033905,0.000172275498639783,0.989527765714295,0.99999999994277
"TIMM8B",8.07412402457667e-09,-0.40468550049935,0.000171605977729082,0.989548133681512,0.99999999994277
"SCAMP3",8.07256280603242e-09,-0.404741027285892,0.000171539620429677,0.989550154546482,0.99999999994277
"HNRNPH1",8.05927244859735e-09,-0.405214091412815,0.00017097525290028,0.989567357789501,0.99999999994277
"WDR33",8.0575024509242e-09,-0.405277144386997,0.000170900161117489,0.989569648902071,0.99999999994277
"MT-ND6",8.03232090007827e-09,-0.406175487193181,0.000169833625584916,0.989602244303198,0.99999999994277
"LSM12",8.0024168329302e-09,-0.40724546229012,0.000168571409530608,0.989640952627301,0.99999999994277
"ZNF280D",7.95648331938151e-09,-0.408895706151496,0.000166641778813498,0.989700409782079,0.99999999994277
"C7orf73",7.94753548033147e-09,-0.40921812847928,0.000166267179804952,0.989711992030342,0.99999999994277
"LAP3",7.92254852685273e-09,-0.410120156471834,0.000165223339376041,0.989744335616273,0.99999999994277
"USP22",7.92201178875696e-09,-0.410139559580262,0.000165200952979481,0.989745030380417,0.99999999994277
"SMAP2",7.90800319217206e-09,-0.410646372149088,0.000164617215559551,0.989763163380792,0.99999999994277
"GLOD4",7.88757744387274e-09,-0.411386737211834,0.000163767927241452,0.989789602876857,0.99999999994277
"SNRNP70",7.84241612134281e-09,-0.413029567808945,0.000161897948040352,0.989848060633409,0.99999999994277
"HNRNPDL",7.82079183319207e-09,-0.413819081726537,0.000161006360248238,0.989876051581721,0.99999999994277
"WDR43",7.80875194967280e-09,-0.414259479827641,0.000160511012530561,0.989891636273885,0.99999999994277
"LENG8",7.78797287558612e-09,-0.415020920844672,0.000159657910096597,0.989918533177145,0.99999999994277
"PWP1",7.72136393361567e-09,-0.41747363901088,0.000156938546106389,0.990004753374572,0.99999999994277
"REST",7.70731935594969e-09,-0.417993124377803,0.000156368146617273,0.990022933024603,0.99999999994277
"NUDC",7.64752788861544e-09,-0.420213881599014,0.000153951426866555,0.990100328642281,0.99999999994277
"ATG3",7.60399065879711e-09,-0.421840363309522,0.000152203531387158,0.990156684414285,0.99999999994277
"MRPS35",7.58106390832073e-09,-0.422700098956039,0.000151287098974991,0.990186361442159,0.99999999994277
"MCTS1",7.57586971604451e-09,-0.422895188505758,0.000151079860231513,0.990193084951991,0.99999999994277
"PMVK",7.56920522900577e-09,-0.423145670023737,0.000150814167463091,0.990201711654093,0.99999999994277
"NOL7",7.55149550046742e-09,-0.423812206436701,0.00015010927088603,0.99022463563738,0.99999999994277
"GID8",7.54865360548214e-09,-0.423919291508605,0.000149996309284505,0.990228314268948,0.99999999994277
"ITGAE",7.45973671052724e-09,-0.427287436044291,0.000146483456227011,0.990343410989787,0.99999999994277
"CIAO1",7.41499311807521e-09,-0.428995415390989,0.00014473150699725,0.990401328526651,0.99999999994277
"ERICH1",7.4129542811732e-09,-0.429073454494329,0.000144651926783403,0.990403967663541,0.99999999994277
"RBM3",7.40478248038911e-09,-0.429386426450905,0.000144333183365367,0.990414545509683,0.99999999994277
"BOLA3",7.40349981710865e-09,-0.42943557822315,0.000144283184640712,0.990416205831128,0.99999999994277
"AP003068.23",7.39697491788979e-09,-0.429685726634665,0.000144028975575524,0.990424651875453,0.99999999994277
"C14orf166",7.25996962306858e-09,-0.434982592706273,0.000138743033792038,0.990601996285153,0.99999999994277
"NGLY1",7.22836722901921e-09,-0.436216614433647,0.000137537775582653,0.990642903587299,0.99999999994277
"RBM39",7.22589879028485e-09,-0.436313198585891,0.000137443855173565,0.990646098826298,0.99999999994277
"NBN",7.22207432300373e-09,-0.436462897092599,0.000137298403254983,0.990651049359429,0.99999999994277
"CUEDC2",7.21906947077261e-09,-0.436580561904001,0.00013718417690706,0.990654938952514,0.99999999994277
"IQGAP1",7.17493298543686e-09,-0.43831375191754,0.00013551185107363,0.990712070895017,0.99999999994277
"NCOA7",7.17127315079422e-09,-0.438457881714542,0.000135373640868972,0.990716808326086,0.99999999994277
"RBM25",7.15758485221795e-09,-0.438997510088889,0.000134857340270843,0.990734526990427,0.99999999994277
"VDAC1",7.15589241773724e-09,-0.439064292033814,0.00013479357288739,0.990736717743548,0.99999999994277
"TMEM106C",7.12328596393951e-09,-0.440353578351086,0.000133567973974357,0.990778924821156,0.99999999994277
"MARCH7",7.11615476667291e-09,-0.440636229515507,0.000133300675203254,0.990788155727117,0.99999999994277
"KLF3",7.09506306097168e-09,-0.441473648629519,0.000132511661440349,0.990815457678814,0.99999999994277
"IL16",7.0260970814062e-09,-0.444226914303542,0.000129948081486451,0.990904730089946,0.99999999994277
"ITGB2",6.96793176441966e-09,-0.446567160816302,0.000127805445259204,0.990980021766104,0.99999999994277
"BAX",6.95388931661427e-09,-0.447134672486732,0.000127290832623093,0.990998198923713,0.99999999994277
"CREBZF",6.92956332378061e-09,-0.448120125198268,0.000126401816500356,0.991029687562095,0.99999999994277
"JUND",6.89179595952872e-09,-0.449656015546966,0.000125027746009337,0.991078575332339,0.99999999994277
"LAMTOR4",6.87817470630077e-09,-0.450211733103318,0.000124534013570911,0.991096207301692,0.99999999994277
"MCFD2",6.86961288696279e-09,-0.450561522401816,0.000124224171452896,0.991107290112059,0.99999999994277
"HNRNPF",6.86195838794226e-09,-0.45087456179515,0.000123947490930569,0.991117198446981,0.99999999994277
"C20orf27",6.85821022855807e-09,-0.451027956791203,0.000123812121974868,0.991122050237052,0.99999999994277
"CHCHD5",6.84432006579134e-09,-0.451597048280752,0.000123311108178248,0.991140030306096,0.99999999994277
"TMF1",6.81322478099978e-09,-0.452874665137624,0.000122193193255235,0.991180281497049,0.99999999994277
"STK26",6.78262874480244e-09,-0.454136683876317,0.000121098195515494,0.991219886459182,0.99999999994277
"H3F3B",6.78102574384209e-09,-0.45420293928591,0.000121040961781534,0.991221961460342,0.99999999994277
"HNRNPD",6.76809335849137e-09,-0.454737956350865,0.000120579717200398,0.991238701761035,0.99999999994277
"CALM2",6.76356866865556e-09,-0.454925352339826,0.000120418548191335,0.991244558737774,0.99999999994277
"KIF22",6.75768822292446e-09,-0.455169060270133,0.00012020924835439,0.991252170671033,0.99999999994277
"AKAP13",6.74283080160911e-09,-0.455785623312386,0.000119681246456408,0.99127140283905,0.99999999994277
"HSP90AA1",6.68741094504414e-09,-0.458095851140227,0.000117721992163044,0.991343141038682,0.99999999994277
"SND1",6.68555784798862e-09,-0.458173383895648,0.000117656759129253,0.991345539780252,0.99999999994277
"HSPA4",6.6528556779106e-09,-0.459544684778372,0.000116508546471843,0.991387871118672,0.99999999994277
"COMMD2",6.61447042741162e-09,-0.461161725743011,0.000115167976884055,0.99143755895396,0.99999999994277
"ZFP36L1",6.60647270629083e-09,-0.461499660477427,0.000114889640312731,0.991447911618207,0.99999999994277
"RPS27L",6.59842986947805e-09,-0.461839857288719,0.00011461007322782,0.991458322683993,0.99999999994277
"TMCO1",6.58631697366477e-09,-0.462352884950698,0.00011418967453521,0.991474002248327,0.99999999994277
"APRT",6.58531372091997e-09,-0.462395413013417,0.000114154889577343,0.991475300911173,0.99999999994277
"SYF2",6.57114323309712e-09,-0.462996699748938,0.000113664133902893,0.991493643934458,0.99999999994277
"LSM8",6.55091106626448e-09,-0.463857137388402,0.000112965280945045,0.991519833521038,0.99999999994277
"POLR1D",6.52792753331179e-09,-0.464837368809379,0.000112174005757112,0.991549584632493,0.99999999994277
"CDC42SE2",6.51110929414179e-09,-0.465556541205967,0.000111596750873499,0.991571355066143,0.99999999994277
"TOMM5",6.49123810964371e-09,-0.466408328229718,0.00011091662843882,0.991597077404569,0.99999999994277
"OSBPL9",6.48348170489942e-09,-0.466741419818544,0.000110651717415021,0.991607117717714,0.99999999994277
"ACAP2",6.47673575002855e-09,-0.467031397938802,0.000110421574664307,0.991615850050538,0.99999999994277
"FAM32A",6.47669153192268e-09,-0.467033299533946,0.000110420066924483,0.991615907288875,0.99999999994277
"VPS4B",6.4707909354785e-09,-0.467287154510958,0.000110218961944873,0.991623545344361,0.99999999994277
"HIST1H1D",6.46404779635495e-09,-0.467577501680145,0.000109989365733134,0.991632274034216,0.99999999994277
"CPSF3L",6.44066983267586e-09,-0.468586139273717,0.000109195226293223,0.9916625357629,0.99999999994277
"RHOH",6.42896854514184e-09,-0.469092174439374,0.000108798819056009,0.99167768256092,0.99999999994277
"DYNC1H1",6.41495675088466e-09,-0.469699175473013,0.000108325086641016,0.99169582021142,0.99999999994277
"BDP1",6.4133216054983e-09,-0.469770085586766,0.000108269870464811,0.99169793683538,0.99999999994277
"SKP1",6.36785000958064e-09,-0.47174828686495,0.000106740007811925,0.991756797844577,0.99999999994277
"GOLGA7",6.36168377535987e-09,-0.472017480107374,0.000106533386985269,0.99176477977086,0.99999999994277
"STX10",6.35696803420481e-09,-0.472223502390983,0.000106375504986271,0.991770884096507,0.99999999994277
"MIA3",6.33958941576014e-09,-0.472983882024794,0.000105794683317984,0.991793379980481,0.99999999994277
"MED13L",6.32897249124397e-09,-0.473449296683322,0.000105440630849042,0.991807123141864,0.99999999994277
"HPCAL1",6.31487053524056e-09,-0.474068526410051,0.000104971277381872,0.991825377533403,0.99999999994277
"TNPO1",6.28970642527876e-09,-0.475176472312017,0.000104136344763158,0.991857951430648,0.99999999994277
"VAMP7",6.28063177847358e-09,-0.475576955636289,0.000103836070387312,0.991869698188109,0.99999999994277
"BAZ1B",6.1920560018951e-09,-0.479512406751203,0.000100927921753233,0.991984355983944,0.99999999994277
"TIAL1",6.1744352010028e-09,-0.480301085519435,0.000100354315712454,0.992007165424905,0.99999999994277
"APH1A",6.09833639043519e-09,-0.483729584771665,9.78958616369833e-05,0.992105672448239,0.99999999994277
"LNPEP",6.08014192021407e-09,-0.484554764047107,9.73125857522703e-05,0.992129224517582,0.99999999994277
"FGFR1",6.04943068480998e-09,-0.485952460290909,9.6332002740626e-05,0.992168979092457,0.99999999994277
"TIMM10",6.02374648628557e-09,-0.487126075296578,9.55157415063832e-05,0.992202226366249,0.99999999994277
"PSMB3",5.96950576289379e-09,-0.48961879295522,9.38033462320685e-05,0.992272439081685,0.99999999994277
"HP1BP3",5.90972370869244e-09,-0.49238888768112,9.19339529173182e-05,0.99234982492495,0.99999999994277
"PPP6C",5.90488857081511e-09,-0.492613985508631,9.17835798992526e-05,0.992356083850234,0.99999999994277
"DNAJC10",5.90404977299919e-09,-0.492653051559698,9.17575057753075e-05,0.992357169646177,0.99999999994277
"LUC7L3",5.87633758447422e-09,-0.493946412530131,9.08981520274419e-05,0.992393042162725,0.99999999994277
"C15orf40",5.86988345175776e-09,-0.494248389181205,9.06985901228524e-05,0.99240139682745,0.99999999994277
"TCEAL4",5.86905355794536e-09,-0.494287239102897,9.06729457030126e-05,0.992402471098038,0.99999999994277
"CCNA2",5.82842563988179e-09,-0.496194973158127,8.94219424787056e-05,0.992455062635333,0.99999999994277
"PCIF1",5.82182031540728e-09,-0.496506216815446,8.92193744834364e-05,0.992463613019186,0.99999999994277
"SYNCRIP",5.77319553755486e-09,-0.498806835561376,8.77352492246172e-05,0.992526556284502,0.99999999994277
"CTSD",5.76943031310051e-09,-0.498985678135651,8.76208463153601e-05,0.992531430252607,0.99999999994277
"BRAF",5.73005152651137e-09,-0.500862164476284,8.64288300512725e-05,0.992582404906296,0.99999999994277
"RBMS1",5.68023502584436e-09,-0.50325202041911,8.49325552974373e-05,0.99264689090997,0.99999999994277
"SUMO1",5.66228184732153e-09,-0.504117720921787,8.43965212657518e-05,0.992670130786484,0.99999999994277
"BCLAF1",5.64843555754868e-09,-0.50478700496731,8.39842670100256e-05,0.99268805441713,0.99999999994277
"SEC31A",5.63999340512062e-09,-0.505195765021588,8.37334088264694e-05,0.992698982546582,0.99999999994277
"MRPL13",5.62530506070237e-09,-0.505908217639973,8.32978396592772e-05,0.992717996199575,0.99999999994277
"NUDT4",5.61808831393353e-09,-0.506258850799717,8.30842498875015e-05,0.992727338078902,0.99999999994277
"PHF14",5.61629434154663e-09,-0.506346073057151,8.30311973029781e-05,0.992729660326752,0.99999999994277
"CKAP2",5.61623832611704e-09,-0.50634879689267,8.30295410489754e-05,0.992729732837184,0.99999999994277
"ABHD14B",5.58019994638919e-09,-0.508106090700855,8.19673889131968e-05,0.992776383540335,0.99999999994277
"CTDSP1",5.57588013372286e-09,-0.508317388259388,8.18405308384232e-05,0.992781975422094,0.99999999994277
"A1BG",5.57342229843559e-09,-0.508437672795407,8.17683965003639e-05,0.99278515702418,0.99999999994277
"TTC1",5.57331052782452e-09,-0.508443143848357,8.17651169311826e-05,0.992785301708252,0.99999999994277
"NUFIP2",5.53235859005776e-09,-0.510454091540401,8.05679333112813e-05,0.992838312914058,0.99999999994277
"SDCCAG8",5.52277146544586e-09,-0.510926720618181,8.02889399893598e-05,0.992850723199162,0.99999999994277
"TMPO",5.48607941869177e-09,-0.512742133462683,7.92256407406675e-05,0.992898220121613,0.99999999994277
"SS18L2",5.47452426305773e-09,-0.513316014821318,7.88922512899906e-05,0.99291317798227,0.99999999994277
"IDH3G",5.47398277199723e-09,-0.513342933318269,7.88766454276179e-05,0.992913878928998,0.99999999994277
"ANKRD10",5.38353674559189e-09,-0.517871707835661,7.62916386272897e-05,0.99303095914001,0.99999999994277
"CFDP1",5.32807137201098e-09,-0.520681488724615,7.47277054323898e-05,0.993102757809662,0.99999999994277
"TMEM126A",5.30620027414297e-09,-0.521796375305235,7.41154679514005e-05,0.993131069465796,0.99999999994277
"MEF2A",5.30539457010949e-09,-0.521837521926079,7.40929619792342e-05,0.993132112432148,0.99999999994277
"COPS3",5.30333334767682e-09,-0.521942811323317,7.4035400790919e-05,0.993134780639821,0.99999999994277
"C19orf43",5.29401057590231e-09,-0.52241946921537,7.37753347410373e-05,0.993146848766368,0.99999999994277
"PRPF40A",5.29326562947561e-09,-0.522457588298993,7.3754573616951e-05,0.993147813083483,0.99999999994277
"SMIM19",5.28761659439993e-09,-0.522746801315345,7.35972341294589e-05,0.993155125638122,0.99999999994277
"RAD23A",5.2578189336777e-09,-0.524276770456334,7.27700765161995e-05,0.993193698079766,0.99999999994277
"SLC25A36",5.23946338315364e-09,-0.525222964950834,7.22628687771232e-05,0.99321745895966,0.99999999994277
"HM13",5.21441521795192e-09,-0.526518771255518,7.15735899299183e-05,0.993249883300309,0.99999999994277
"NDUFV1",5.20999428478224e-09,-0.52674803432714,7.1452277027645e-05,0.993255606109583,0.99999999994277
"RAB11B",5.20045278378193e-09,-0.527243414487001,7.11908035397815e-05,0.993267957392342,0.99999999994277
"DDT",5.16773495170735e-09,-0.528948043947845,7.02978498196201e-05,0.993310309985703,0.99999999994277
"KLF2",5.15290305344815e-09,-0.529723865486863,6.9894905662378e-05,0.99332950959397,0.99999999994277
"LYRM2",5.13544250553748e-09,-0.530639655817602,6.9422032147931e-05,0.99335211194382,0.99999999994277
"CEP170",5.13531124398365e-09,-0.530646550526755,6.94184833486433e-05,0.993352281859445,0.99999999994277
"UQCR10",5.1289922748285e-09,-0.530978643611025,6.92477504157507e-05,0.99336046164713,0.99999999994277
"NEMF",5.1227247971273e-09,-0.531308379073063,6.90786163888718e-05,0.993368574780777,0.99999999994277
"POLR2I",5.09551195426366e-09,-0.532744106373256,6.83466494688222e-05,0.993403801309116,0.99999999994277
"PPA2",5.07946438570716e-09,-0.533593863421418,6.7916831836686e-05,0.993424574599708,0.99999999994277
"MTIF3",5.05212067223494e-09,-0.535047123067828,6.71875817843799e-05,0.993459970558197,0.99999999994277
"ANKRD12",5.02235282552439e-09,-0.53663694765972,6.63981559061462e-05,0.993498504529365,0.99999999994277
"MT2A",5.00624444213596e-09,-0.537500644613121,6.59729162794932e-05,0.993519356563961,0.99999999994277
"FOS",5.00357544973406e-09,-0.537643981500576,6.59025903986883e-05,0.993522811530698,0.99999999994277
"COX20",4.97980796075457e-09,-0.538923316975721,6.52779894619218e-05,0.993553578159356,0.99999999994277
"PPP4C",4.95941745185808e-09,-0.540025080276863,6.4744504496745e-05,0.993579973349757,0.99999999994277
"KMT2A",4.94054777864423e-09,-0.541048151758685,6.42527598644763e-05,0.993604399848746,0.99999999994277
"POLR2F",4.93913712623819e-09,-0.541124769394563,6.42160734990839e-05,0.993606225916624,0.99999999994277
"EIF2AK3",4.92743856481559e-09,-0.541760888353404,6.39122366167486e-05,0.993621369526033,0.99999999994277
"BAZ2B",4.92446115520964e-09,-0.541922995245482,6.38350218884877e-05,0.993625223737742,0.99999999994277
"ELAVL1",4.88547937698759e-09,-0.544053212598153,6.28283925112068e-05,0.993675685073842,0.99999999994277
"YY1",4.87533057393871e-09,-0.544610211954052,6.25676317374989e-05,0.993688822553637,0.99999999994277
"SNX17",4.8105424594362e-09,-0.548189733704823,6.09157623972336e-05,0.993772689877585,0.99999999994277
"NDUFA10",4.80995785921618e-09,-0.548222221353221,6.09009577449234e-05,0.993773446634851,0.99999999994277
"SEC61A1",4.80849602488132e-09,-0.548303473920267,6.08639455360113e-05,0.993775338960121,0.99999999994277
"APOA1BP",4.76457732553208e-09,-0.550754573784096,5.97572136153755e-05,0.99383219115358,0.99999999994277
"SUCLG1",4.74806321435421e-09,-0.551681264953026,5.93436923293912e-05,0.993853568466977,0.99999999994277
"FO538757.2",4.74684083602662e-09,-0.55174996921164,5.93131404591146e-05,0.993855150820833,0.99999999994277
"LAGE3",4.72627328172879e-09,-0.552908269567452,5.8800258997958e-05,0.993881775272967,0.99999999994277
"GATA2",4.72106269408171e-09,-0.553202403185667,5.86706790964289e-05,0.993888520317208,0.99999999994277
"COMT",4.70117248460466e-09,-0.554327768724246,5.81773521062551e-05,0.993914267962747,0.99999999994277
"ATP5L",4.67270973448655e-09,-0.555945317753475,5.74750274229865e-05,0.993951112673764,0.99999999994277
"ID2",4.64123839622e-09,-0.557743761792176,5.6703430289487e-05,0.993991851983432,0.99999999994277
"USP16",4.60965261138454e-09,-0.559559344872663,5.59342700670011e-05,0.994032739458705,0.99999999994277
"MORF4L2",4.59149536692531e-09,-0.560607900764545,5.54944920307941e-05,0.994056243832967,0.99999999994277
"CPSF6",4.55863248667537e-09,-0.562514808076326,5.47029492973682e-05,0.99409878452114,0.99999999994277
"IDS",4.55760689988306e-09,-0.56257450936728,5.46783382713344e-05,0.994100112133829,0.99999999994277
"USP34",4.53047544624211e-09,-0.564158101308215,5.40292752068083e-05,0.994135233557454,0.99999999994277
"ALKBH7",4.5117293999452e-09,-0.565257040509587,5.35830792749268e-05,0.994159500153053,0.99999999994277
"NUDT1",4.49375545708033e-09,-0.566314418871201,5.31569984041141e-05,0.994182767272478,0.99999999994277
"SRP54",4.46256241262778e-09,-0.568158138741518,5.2421589570091e-05,0.994223146420603,0.99999999994277
"SRI",4.46130102412997e-09,-0.56823292872356,5.23919587711466e-05,0.9942247792783,0.99999999994277
"CDK1",4.45726763367796e-09,-0.568472198034833,5.22972681412717e-05,0.994230000471343,0.99999999994277
"RNF130",4.44120304341995e-09,-0.56942703930502,5.19209747368388e-05,0.994250795962822,0.99999999994277
"PARK7",4.39603131527085e-09,-0.572127983528109,5.08701636220916e-05,0.994309270446655,0.99999999994277
"ATG16L2",4.35866911881111e-09,-0.574380108822612,5.00091395975661e-05,0.994357635569847,0.99999999994277
"WBP11",4.33712886686472e-09,-0.575686088361087,4.95160772940921e-05,0.994385519296988,0.99999999994277
"MPG",4.32090066788741e-09,-0.576673696951616,4.91462227434368e-05,0.994406526607904,0.99999999994277
"RASAL3",4.31405920915963e-09,-0.57709100963465,4.89907155029211e-05,0.994415382838327,0.99999999994277
"SEPT1",4.28867491297944e-09,-0.578644392279849,4.84158804982515e-05,0.994448242675111,0.99999999994277
"SORL1",4.2590315355947e-09,-0.580468469901832,4.77488912066404e-05,0.994486615881843,0.99999999994277
"NDUFB2",4.25018772560165e-09,-0.581014784636305,4.75507974913474e-05,0.994498064153006,0.99999999994277
"LAMTOR2",4.22213342279058e-09,-0.582754309878251,4.69251301740455e-05,0.994534380325823,0.99999999994277
"SMDT1",4.20837639926528e-09,-0.583610966037509,4.66198350288261e-05,0.99455218873701,0.99999999994277
"PRKCH",4.2048369984519e-09,-0.583831756466495,4.65414499804523e-05,0.994556770477454,0.99999999994277
"CWC15",4.19858360562565e-09,-0.58422223951445,4.64031209312454e-05,0.994564865470333,0.99999999994277
"TRAF3IP3",4.1925362810136e-09,-0.584600332000143,4.62695460529417e-05,0.994572693709236,0.99999999994277
"HLTF",4.18439625546957e-09,-0.585110007750557,4.6090051048897e-05,0.994583230942428,0.99999999994277
"GNPTG",4.17282798522861e-09,-0.585835810140637,4.58355602645119e-05,0.994598206027422,0.99999999994277
"HCLS1",4.14289867192375e-09,-0.587721677827209,4.51804135951351e-05,0.994636949426672,0.99999999994277
"ANP32A",4.12808439737136e-09,-0.588659484091835,4.48578769230887e-05,0.994656126461839,0.99999999994277
"THOC7",4.11567488648892e-09,-0.589447293811649,4.45885861049307e-05,0.994672190539831,0.99999999994277
"IRF1",4.09010623277017e-09,-0.591076979124001,4.40362933202893e-05,0.994705289099137,0.99999999994277
"RBM33",4.08301017622738e-09,-0.591530821320158,4.38836259125084e-05,0.994714474928484,0.99999999994277
"SSB",4.08285152274404e-09,-0.591540976081438,4.38802156075886e-05,0.994714680305072,0.99999999994277
"NAP1L1",4.07285691746081e-09,-0.592181376514253,4.36656456484465e-05,0.994727618300499,0.99999999994277
"LUC7L2",4.06612554194448e-09,-0.592613450492339,4.35214289626722e-05,0.994736332052668,0.99999999994277
"CD48",4.04184185892874e-09,-0.594177314122241,4.3003144572675e-05,0.994767767237067,0.99999999994277
"PUM3",4.04118652037612e-09,-0.59421962987563,4.29892007644598e-05,0.994768615571769,0.99999999994277
"TXNDC17",4.02496548288471e-09,-0.595268925279046,4.2644782154607e-05,0.994789613680575,0.99999999994277
"NPEPPS",4.01650310301173e-09,-0.595817781364466,4.24656516843455e-05,0.994800568220115,0.99999999994277
"FIBP",3.99777273417772e-09,-0.597036155506574,4.20705105929389e-05,0.994824814661252,0.99999999994277
"MED30",3.99187313756258e-09,-0.597420931695863,4.19464335519809e-05,0.994832451683346,0.99999999994277
"RB1",3.98819802453431e-09,-0.597660873191474,4.18692332420039e-05,0.994837209113834,0.99999999994277
"DAB2",3.98432351542874e-09,-0.597914039336901,4.17879213686882e-05,0.994842224662564,0.99999999994277
"AGTPBP1",3.9476812460912e-09,-0.600318849669728,4.10228412642621e-05,0.994889658058985,0.99999999994277
"PRKCSH",3.93379960140721e-09,-0.601234920513864,4.07348426964434e-05,0.99490762784471,0.99999999994277
"MRPS18C",3.88129761343895e-09,-0.604724995552778,3.9654773171099e-05,0.994975591678866,0.99999999994277
"HBA2",3.85337399802936e-09,-0.606597827697508,3.90862409183755e-05,0.995011738819604,0.99999999994277
"ANKRD17",3.83793553387279e-09,-0.607638309690073,3.87736718754031e-05,0.995031723927238,0.99999999994277
"TMED9",3.80199825567908e-09,-0.610074360682722,3.80509414200337e-05,0.995078244782653,0.99999999994277
"FAM111A",3.79020422145942e-09,-0.610878159039501,3.78152348191771e-05,0.995093512179617,0.99999999994277
"RTFDC1",3.75409360703193e-09,-0.613352680419641,3.70981091263079e-05,0.995140257441357,0.99999999994277
"CBX5",3.73886885365165e-09,-0.614402126352396,3.679781599208e-05,0.995159965919704,0.99999999994277
"PBXIP1",3.73288503219364e-09,-0.614815601084934,3.66801251244573e-05,0.995167711991185,0.99999999994277
"MED10",3.72412414639048e-09,-0.615421999179274,3.65081544966868e-05,0.995179052980058,0.99999999994277
"HIST1H1C",3.7122666898845e-09,-0.616244692264913,3.62760437081907e-05,0.995194402489105,0.99999999994277
"FDFT1",3.70992218601571e-09,-0.616407626557419,3.62302374796947e-05,0.995197437455822,0.99999999994277
"IST1",3.68929673318041e-09,-0.617844855990143,3.58285105469957e-05,0.995224137164327,0.99999999994277
"FDX1",3.64483446544425e-09,-0.620966797226707,3.49701260531466e-05,0.995281693716996,0.99999999994277
"CLTA",3.63131308055971e-09,-0.621922716929126,3.47111472307197e-05,0.995299197199341,0.99999999994277
"CENPK",3.61681714773274e-09,-0.622950947534997,3.44345717122425e-05,0.995317962240086,0.99999999994277
"MLF2",3.61191255771223e-09,-0.623299645864341,3.43412449335589e-05,0.9953243112513,0.99999999994277
"TBL1XR1",3.57843286474342e-09,-0.625690889967865,3.3707560847837e-05,0.995367650854388,0.99999999994277
"SFPQ",3.57735405853304e-09,-0.625768262478282,3.36872399722159e-05,0.995369047373783,0.99999999994277
"DNAJC19",3.57057199277755e-09,-0.626255136673872,3.35596302901581e-05,0.995377826788131,0.99999999994277
"ST13",3.56560650506538e-09,-0.626612107144934,3.34663544443932e-05,0.995384254634461,0.99999999994277
"MINPP1",3.56189177291066e-09,-0.626879440671312,3.3396658708872e-05,0.995389063372253,0.99999999994277
"NFATC3",3.53727279671808e-09,-0.628657262322257,3.29365941148124e-05,0.995420932753943,0.99999999994277
"FRG1",3.5292300726326e-09,-0.629240366537043,3.27869880191092e-05,0.995431344100082,0.99999999994277
"NUCKS1",3.49737143771098e-09,-0.631561456185035,3.21977183773447e-05,0.995472585268314,0.99999999994277
"DNAJB1",3.46277256105188e-09,-0.634102921707229,3.15638168430115e-05,0.995517373707392,0.99999999994277
"NDUFA8",3.45044771368664e-09,-0.635013533511789,3.13395301414606e-05,0.995533328294562,0.99999999994277
"BRD7",3.44946086924908e-09,-0.635086566906125,3.13216061959945e-05,0.99553460577055,0.99999999994277
"SARAF",3.44090147451237e-09,-0.635720778587863,3.11663579523173e-05,0.995545685958368,0.99999999994277
"AMD1",3.42084845220598e-09,-0.637211956170595,3.08041513996656e-05,0.995571644719363,0.99999999994277
"PDCD6IP",3.39318002058293e-09,-0.639281846082855,3.03078676378329e-05,0.995607461682354,0.99999999994277
"C14orf2",3.38579938479646e-09,-0.639836452581909,3.01761634244681e-05,0.995617015964429,0.99999999994277
"ESD",3.38395599781954e-09,-0.639975133662712,3.01433137499528e-05,0.995619402241219,0.99999999994277
"LRBA",3.37153982833793e-09,-0.640910922726126,2.99225201697555e-05,0.995635475056806,0.99999999994277
"SRRM2",3.34927313668332e-09,-0.642596596517637,2.95285901442248e-05,0.995664299444575,0.99999999994277
"EIF4A2",3.34772996378766e-09,-0.64271377815263,2.95013858999204e-05,0.99566629709287,0.99999999994277
"NDUFV2",3.3409926610476e-09,-0.643225924678403,2.93827623739472e-05,0.995675018579528,0.99999999994277
"SLC25A39",3.33282956873169e-09,-0.64384764876129,2.92393551853896e-05,0.995685585761699,0.99999999994277
"PRR13",3.30754536495365e-09,-0.645781728544254,2.8797394678543e-05,0.995718316351548,0.99999999994277
"RSRC1",3.29749260358029e-09,-0.646554242333045,2.86226104380489e-05,0.99573132972792,0.99999999994277
"YPEL5",3.26940139633946e-09,-0.648723748945728,2.81370179167609e-05,0.995767694016241,0.99999999994277
"PTDSS1",3.25667824809216e-09,-0.64971165827501,2.79184489311375e-05,0.995784164234435,0.99999999994277
"CAPN7",3.24805815620638e-09,-0.650382871183101,2.77708500121129e-05,0.995795323014043,0.99999999994277
"UBE2D3",3.24576000342079e-09,-0.650562078570853,2.7731565569012e-05,0.995798297991802,0.99999999994277
"ZCCHC11",3.23876638509501e-09,-0.651108106701531,2.76121882644489e-05,0.995807351288835,0.99999999994277
"FRYL",3.23454865008688e-09,-0.651437898613372,2.75403182696848e-05,0.99581281118211,0.99999999994277
"DHX36",3.20067082674785e-09,-0.654100392737704,2.69664391255657e-05,0.995856666315105,0.99999999994277
"COQ4",3.19126601092108e-09,-0.654843833736714,2.68081961831822e-05,0.995868840932114,0.99999999994277
"RC3H1",3.17817610286085e-09,-0.65588172684227,2.65887239560071e-05,0.995885785935112,0.99999999994277
"CNOT2",3.17338317437877e-09,-0.656262677670819,2.65085888374367e-05,0.995891990424341,0.99999999994277
"PHF5A",3.15556663542952e-09,-0.657683130900575,2.62117665054431e-05,0.995915054097178,0.99999999994277
"YLPM1",3.14951711877509e-09,-0.658167010815825,2.61113620196742e-05,0.995922885252668,0.99999999994277
"HIST1H2AE",3.13263435549212e-09,-0.659521654388954,2.58321760980242e-05,0.995944740148597,0.99999999994277
"NFAT5",3.1103964841573e-09,-0.661315617560262,2.54667241569082e-05,0.99597352728693,0.99999999994277
"LSM14A",3.10960667455216e-09,-0.661379535744573,2.54537924874315e-05,0.995974549703157,0.99999999994277
"PUM2",3.10737560604692e-09,-0.661560168609126,2.54172806142154e-05,0.995977437843105,0.99999999994277
"HNRNPA2B1",3.10348298244452e-09,-0.661875592927193,2.53536398139214e-05,0.995982476882463,0.99999999994277
"EIF1",3.09237829973159e-09,-0.662777297265851,2.51725268992883e-05,0.995996852003819,0.99999999994277
"SELPLG",3.08895009003104e-09,-0.663056232922178,2.51167453238828e-05,0.99600128985537,0.99999999994277
"EXOSC8",3.07761252588965e-09,-0.663980615941316,2.49327086047569e-05,0.996015966445781,0.99999999994277
"EIF5",3.07411622475386e-09,-0.664266271156871,2.48760915089073e-05,0.996020492442916,0.99999999994277
"SUMF2",3.06637116463421e-09,-0.664900057494979,2.47509016307867e-05,0.996030518501924,0.99999999994277
"C6orf62",3.06571009382637e-09,-0.664954217492346,2.47402308189856e-05,0.99603137426483,0.99999999994277
"NPC2",3.06196453775374e-09,-0.665261272423941,2.46798145948294e-05,0.996036222925469,0.99999999994277
"ADD3",3.06138196877446e-09,-0.665309059621121,2.46704243315061e-05,0.996036977066983,0.99999999994277
"CASP4",3.04085454592377e-09,-0.666997915404379,2.43406893342951e-05,0.9960635500285,0.99999999994277
"RNASEK",3.03905332879631e-09,-0.667146575708553,2.43118619892588e-05,0.996065881722939,0.99999999994277
"PRRC2A",3.01645908243672e-09,-0.669017832169715,2.39517062515425e-05,0.996095130214363,0.99999999994277
"MRPL33",3.01458493793347e-09,-0.669173590907388,2.39219528138225e-05,0.996097556314526,0.99999999994277
"SRRT",2.9931428345623e-09,-0.67096159318984,2.35828595126893e-05,0.996125313349904,0.99999999994277
"LRRFIP1",2.99134837467834e-09,-0.67111172872351,2.35545910255412e-05,0.9961276362979,0.99999999994277
"PKN2",2.95031394825126e-09,-0.674566282934472,2.2912793684942e-05,0.996180755821766,0.99999999994277
"UBXN4",2.94427947208508e-09,-0.675077793689807,2.28191593757108e-05,0.996188567520076,0.99999999994277
"TCERG1",2.91387600658517e-09,-0.677668762886321,2.23503183985616e-05,0.996227925158908,0.99999999994277
"HBS1L",2.90153149801108e-09,-0.67872741122657,2.21613472347271e-05,0.996243905271104,0.99999999994277
"SLC3A2",2.90145716462784e-09,-0.678733797705309,2.2160211760708e-05,0.996244001496551,0.99999999994277
"RAC2",2.89103267610361e-09,-0.679630835014267,2.20012613640853e-05,0.99625749612129,0.99999999994277
"SPEN",2.87148793694652e-09,-0.681320218257734,2.170478918175e-05,0.996282797022141,0.99999999994277
"RAD50",2.8658320001703e-09,-0.681810947699056,2.16193700418028e-05,0.996290118701294,0.99999999994277
"UPF2",2.857976945744e-09,-0.682493866968381,2.15010179584555e-05,0.996300287165591,0.99999999994277
"SPG20",2.8468153094083e-09,-0.68346704860976,2.13334043477009e-05,0.996314736041758,0.99999999994277
"CHD1",2.84189450467871e-09,-0.683897137774439,2.12597172431744e-05,0.996321106084673,0.99999999994277
"STK10",2.84097500879507e-09,-0.683977574901183,2.12459622920013e-05,0.996322296383555,0.99999999994277
"SEP15",2.8065446317691e-09,-0.687005801996805,2.07341141773269e-05,0.996366866941619,0.99999999994277
"TAOK3",2.79490795842855e-09,-0.688036514172261,2.05625324295793e-05,0.99638193076485,0.99999999994277
"CDK12",2.77612524275936e-09,-0.689708012701605,2.02870869112509e-05,0.996406245234457,0.99999999994277
"CYLD",2.76574331248131e-09,-0.690636101319154,2.01356345989567e-05,0.9964196847796,0.99999999994277
"LAPTM4B",2.75947380958819e-09,-0.69119801619609,2.00444494660009e-05,0.996427800733956,0.99999999994277
"NAE1",2.74808491489575e-09,-0.692221586125707,1.98793360762971e-05,0.996442543809602,0.99999999994277
"SLBP",2.73323145141333e-09,-0.693562039655194,1.96650202803553e-05,0.996461771817448,0.99999999994277
"AES",2.71098200756121e-09,-0.695581738101376,1.9346163332791e-05,0.996490574024994,0.99999999994277
"OFD1",2.70984910856776e-09,-0.695684959010092,1.93299974789573e-05,0.996492040578265,0.99999999994277
"EIF3J",2.6982689271913e-09,-0.696742193274931,1.91651421072063e-05,0.996507031282421,0.99999999994277
"PSMB7",2.67663925824376e-09,-0.698727431670625,1.8859113164405e-05,0.996535031189836,0.99999999994277
"DDX6",2.67617878480663e-09,-0.698769845452227,1.8852624898457e-05,0.996535627279154,0.99999999994277
"POLB",2.66928832245453e-09,-0.699405271985139,1.87556686941276e-05,0.996544547079472,0.99999999994277
"NUDCD2",2.64513257313592e-09,-0.701644096048795,1.84177454696594e-05,0.996575817039728,0.99999999994277
"KRR1",2.64466899492597e-09,-0.701687233856381,1.84112903547933e-05,0.99657641714835,0.99999999994277
"H2AFV",2.63695966137294e-09,-0.702405575250468,1.83041072633162e-05,0.996586396991169,0.99999999994277
"OTUB1",2.62854924517885e-09,-0.703191309573941,1.81875338752455e-05,0.996597284396128,0.99999999994277
"FOPNL",2.62293160890209e-09,-0.703717339211403,1.81098775236899e-05,0.996604556507593,0.99999999994277
"CD79B",2.62247094506112e-09,-0.70376051835995,1.81035168293344e-05,0.996605152843615,0.99999999994277
"IFITM2",2.59009730283573e-09,-0.706811477201743,1.76593103422066e-05,0.996647060997631,0.99999999994277
"MRPL36",2.57524570238406e-09,-0.708222133161206,1.74573742243867e-05,0.996666286615039,0.99999999994277
"PPM1G",2.55431295327192e-09,-0.71022235054409,1.71747249674183e-05,0.99669338437301,0.99999999994277
"CNOT1",2.55193628755008e-09,-0.710450343735225,1.71427793201991e-05,0.996696461002707,0.99999999994277
"UBB",2.55056730777644e-09,-0.710581752839872,1.71243918521722e-05,0.996698233167737,0.99999999994277
"FAM60A",2.54406565300702e-09,-0.711206681321896,1.70371995015802e-05,0.996706649658429,0.99999999994277
"ZNF638",2.53308644396937e-09,-0.71226511669594,1.6890464808744e-05,0.996720862411851,0.99999999994277
"ZNF22",2.53086800634274e-09,-0.712479462125762,1.68608929520572e-05,0.996723734213294,0.99999999994277
"HSPB11",2.4869428859751e-09,-0.716757209926383,1.62807048349219e-05,0.996780595962225,0.99999999994277
"ACIN1",2.47877078210576e-09,-0.717560244044193,1.61738837139016e-05,0.996791174879123,0.99999999994277
"HSPA8",2.4774783669223e-09,-0.717687452492234,1.61570221923797e-05,0.996792847930942,0.99999999994277
"GHITM",2.47222560731345e-09,-0.71820505476849,1.60885824554643e-05,0.996799647711167,0.99999999994277
"EIF5B",2.46496878592951e-09,-0.718921696988841,1.5994270176258e-05,0.996809041781375,0.99999999994277
"TRABD",2.46458794043541e-09,-0.718959357309078,1.59893282271375e-05,0.99680953479191,0.99999999994277
"SMC3",2.46382090532697e-09,-0.719035221634536,1.59793772998974e-05,0.996810527731034,0.99999999994277
"ATP5D",2.46371674042426e-09,-0.719045525731559,1.59780261829451e-05,0.996810662574155,0.99999999994277
"MPC2",2.45703411694453e-09,-0.719707363613354,1.58914656446191e-05,0.996819313336543,0.99999999994277
"ALDH2",2.45471314641032e-09,-0.719937592367019,1.58614569420977e-05,0.996822317869905,0.99999999994277
"USP14",2.45374874678666e-09,-0.720033311199598,1.58489961963254e-05,0.996823566300607,0.99999999994277
"ACBD6",2.40467170072073e-09,-0.724947662417515,1.5221349726814e-05,0.996887097330087,0.99999999994277
"MGEA5",2.40182736243031e-09,-0.725235123371,1.51853622258619e-05,0.996890779372593,0.99999999994277
"NDUFS4",2.38948259788064e-09,-0.726486148018655,1.5029665794693e-05,0.996906759873269,0.99999999994277
"FUBP1",2.38486306320896e-09,-0.726955726560962,1.49716089178695e-05,0.996912739937173,0.99999999994277
"BIRC6",2.37582303322508e-09,-0.72787692378046,1.48583216776728e-05,0.996924442405745,0.99999999994277
"BAG1",2.37521809303865e-09,-0.727938676182727,1.48507560876166e-05,0.996925225510862,0.99999999994277
"GSTP1",2.36964765147387e-09,-0.728507945837903,1.47811807806788e-05,0.996932436540105,0.99999999994277
"BANF1",2.3467523961758e-09,-0.730859899588041,1.44969325924347e-05,0.996962074831466,0.99999999994277
"SEPT9",2.34315406374662e-09,-0.731231341072641,1.44525096784605e-05,0.996966732933431,0.99999999994277
"PQBP1",2.34285123520501e-09,-0.731262623276535,1.44487742436643e-05,0.996967124950086,0.99999999994277
"FCHSD2",2.33385205064515e-09,-0.732193833802832,1.43379883270924e-05,0.996978774546618,0.99999999994277
"AP1B1",2.33307665744759e-09,-0.732274214063213,1.43284626746208e-05,0.99697977830625,0.99999999994277
"PSMB4",2.33101102243184e-09,-0.732488458205722,1.43031019374832e-05,0.996982452305798,0.99999999994277
"UFC1",2.32882971468531e-09,-0.732714877428294,1.42763454194957e-05,0.996985276045695,0.99999999994277
"AIMP1",2.32729024632749e-09,-0.732874783921114,1.42574769572385e-05,0.996987268913633,0.99999999994277
"MMADHC",2.32090818784921e-09,-0.733538670156748,1.41793884683227e-05,0.996995530596936,0.99999999994277
"TACC3",2.29418183079392e-09,-0.736336053365545,1.38547039939547e-05,0.997030128324434,0.99999999994277
"USP8",2.28880848690619e-09,-0.736901856833542,1.37898800940789e-05,0.997037084210912,0.99999999994277
"PDCD2",2.28384380252353e-09,-0.737425647640564,1.37301213581361e-05,0.997043511080803,0.99999999994277
"IFI6",2.2739194212149e-09,-0.738475651367068,1.36110528858321e-05,0.997056358364809,0.99999999994277
"KDELR1",2.26623380020895e-09,-0.739291510445373,1.35192003704479e-05,0.997066307535237,0.99999999994277
"TUBGCP2",2.25598983854026e-09,-0.740382663017485,1.33972560549789e-05,0.997079568522979,0.99999999994277
"SSR2",2.25398242885263e-09,-0.740596985827013,1.33734245501455e-05,0.997082167150062,0.99999999994277
"RBPJ",2.25198390154182e-09,-0.740810523783801,1.33497195692685e-05,0.997084754278783,0.99999999994277
"TDP1",2.25161075140267e-09,-0.740850412094482,1.33452958813351e-05,0.997085237328198,0.99999999994277
"AKT1",2.2515972146343e-09,-0.740851859229898,1.33451354169777e-05,0.997085254851783,0.99999999994277
"GNB1",2.2506549067518e-09,-0.74095261419596,1.33339677047348e-05,0.997086474685908,0.99999999994277
"MSRB3",2.24437292981411e-09,-0.741625236526097,1.32596366487213e-05,0.997094606815701,0.99999999994277
"GTF2I",2.24422175380092e-09,-0.741641443191963,1.32578504290895e-05,0.997094802515717,0.99999999994277
"STAG2",2.214392976512e-09,-0.744857767562422,1.29077626282076e-05,0.997133416397445,0.99999999994277
"TUBA1B",2.20094819023792e-09,-0.746319691381135,1.27514983361e-05,0.997150820914152,0.99999999994277
"RNPS1",2.18666203233217e-09,-0.74788156068372,1.25864979101538e-05,0.997169314602996,0.99999999994277
"WDFY2",2.16093805022094e-09,-0.750716208785255,1.22921036306412e-05,0.99720261476521,0.99999999994277
"NMI",2.15139455808698e-09,-0.751775251489295,1.21837705358749e-05,0.997214968990412,0.99999999994277
"PPP4R3B",2.14424692618271e-09,-0.75257108028876,1.21029481277711e-05,0.997224221731143,0.99999999994277
"MYO1G",2.11250848276431e-09,-0.756132744805698,1.17473119782275e-05,0.99726530773336,0.99999999994277
"CRTAP",2.09330330547004e-09,-0.75831039555495,1.15346892265764e-05,0.997290169194222,0.99999999994277
"TPRKB",2.08582141314368e-09,-0.759163420892403,1.14523819246482e-05,0.997299854644353,0.99999999994277
"C19orf53",2.06326392418097e-09,-0.761751302920763,1.12060136962877e-05,0.997329055739863,0.99999999994277
"MT-CO2",2.06242054818016e-09,-0.761848530298212,1.11968544691597e-05,0.997330147506094,0.99999999994277
"KMT2E",2.06141151807583e-09,-0.761964899901973,1.11859011264925e-05,0.997331453714712,0.99999999994277
"SNX5",2.0335889984949e-09,-0.765193121551063,1.08859904011422e-05,0.997367470497081,0.99999999994277
"ZNF292",2.03114203339755e-09,-0.765478858491568,1.08598085006793e-05,0.997370638140338,0.99999999994277
"UBE2I",2.02568505985689e-09,-0.766117150161167,1.08015338168998e-05,0.997377702297414,0.99999999994277
"NEDD8",2.01575023620374e-09,-0.767283021974863,1.06958429713709e-05,0.997390563118005,0.99999999994277
"RP11-1000B6.3",2.01082485602996e-09,-0.767862862680514,1.06436373655159e-05,0.997396939117768,0.99999999994277
"GGH",2.00678215690975e-09,-0.768339705107124,1.06008830012596e-05,0.997402172469984,0.99999999994277
"MRPL51",1.98139864056016e-09,-0.771352790462928,1.03344008032144e-05,0.997435031925477,0.99999999994277
"PABPN1",1.97127368489596e-09,-0.772563935992781,1.02290529905475e-05,0.997448138878679,0.99999999994277
"BRWD1",1.95857543850777e-09,-0.774090499681794,1.00976935753851e-05,0.997464577008043,0.99999999994277
"IL10RA",1.9499804028148e-09,-0.775128629877139,1.00092623617785e-05,0.99747570345118,0.99999999994277
"FKBP3",1.94180501413789e-09,-0.776119740131502,9.92550965049206e-06,0.997486286653437,0.99999999994277
"SF3B5",1.94132414392048e-09,-0.776178148408273,9.92059433616492e-06,0.997486909149454,0.99999999994277
"UBE2A",1.9408940478676e-09,-0.776230400031903,9.91619905181364e-06,0.99748746591731,0.99999999994277
"SF3B2",1.94034086246781e-09,-0.776297620240797,9.91054731124965e-06,0.997488182026765,0.99999999994277
"RNMT",1.9267763623153e-09,-0.77795109795418,9.77246669662819e-06,0.997505741541468,0.99999999994277
"TYROBP",1.92326654046083e-09,-0.778380569693152,9.73689601213246e-06,0.997510285075725,0.99999999994277
"DOCK10",1.91906784747154e-09,-0.778895221916616,9.69442908302579e-06,0.997515720367486,0.99999999994277
"RSRC2",1.91809421948552e-09,-0.779014702367617,9.68459475317223e-06,0.997516980748336,0.99999999994277
"SF3B6",1.91643430886567e-09,-0.779218521760207,9.66783999143538e-06,0.99751912953576,0.99999999994277
"EIF4H",1.9124825160617e-09,-0.779704372923496,9.62800986564648e-06,0.997524245210483,0.99999999994277
"CAMLG",1.89654703773068e-09,-0.781672373731223,9.46823037733946e-06,0.997544874006528,0.99999999994277
"SMARCC2",1.88307795083849e-09,-0.783346925096782,9.33422308079245e-06,0.99756231001071,0.99999999994277
"THOC3",1.87344881662729e-09,-0.784550411855529,9.23900590248385e-06,0.997574775119543,0.99999999994277
"LYAR",1.86654132911369e-09,-0.785417024798607,9.17100226461222e-06,0.997583717002088,0.99999999994277
"NRROS",1.86480181402981e-09,-0.785635699878036,9.153916478388e-06,0.997585968839658,0.99999999994277
"ARPC5L",1.84403360965332e-09,-0.788260149928231,8.95115843536175e-06,0.997612853703079,0.99999999994277
"UBE2E1",1.84209229506377e-09,-0.788506771237518,8.93232161209739e-06,0.997615366774481,0.99999999994277
"HNRNPH3",1.83618563913874e-09,-0.789258522870779,8.87513059838881e-06,0.997623013061408,0.99999999994277
"HUWE1",1.83214211007339e-09,-0.789774353375768,8.83608516210753e-06,0.997628247492627,0.99999999994277
"DHPS",1.83153453601454e-09,-0.789851945996193,8.8302256974573e-06,0.997629034009703,0.99999999994277
"SUB1",1.82404276316688e-09,-0.790810539921826,8.75813451444963e-06,0.997638732263445,0.99999999994277
"CCT2",1.81288022136774e-09,-0.792245132959265,8.65126870435519e-06,0.997653182403593,0.99999999994277
"DECR1",1.7906941765554e-09,-0.795119199307643,8.44081578323875e-06,0.997681902697601,0.99999999994277
"NUP50",1.78837525458454e-09,-0.795421370250881,8.41896847991493e-06,0.997684904590241,0.99999999994277
"NSD1",1.78439475737071e-09,-0.795940843709541,8.38153295179118e-06,0.997690057426611,0.99999999994277
"RABAC1",1.768747091131e-09,-0.79799266597727,8.23517925412392e-06,0.997710313656692,0.99999999994277
"CHCHD10",1.75779942737403e-09,-0.799437515687875,8.13355142546295e-06,0.997724485636479,0.99999999994277
"SMU1",1.75740704916956e-09,-0.799489444756756,8.12992066753089e-06,0.997724993578288,0.99999999994277
"ARF5",1.75481263667876e-09,-0.799833052482023,8.10593442177977e-06,0.99772835209965,0.99999999994277
"AFG3L2",1.74473157955599e-09,-0.80117237186399,8.0130679084408e-06,0.997741402239832,0.99999999994277
"EPC1",1.734237435088e-09,-0.802573675900038,7.91696441410855e-06,0.9977549871309,0.99999999994277
"PRPF38A",1.73398519045152e-09,-0.802607448477824,7.91466153846114e-06,0.997755313666904,0.99999999994277
"ETHE1",1.70705806461281e-09,-0.806237261229542,7.67075597232564e-06,0.997790171401518,0.99999999994277
"MFSD10",1.70614636623915e-09,-0.806361020802162,7.66256463029387e-06,0.997791351614443,0.99999999994277
"CCT7",1.69938795891276e-09,-0.80728023030492,7.60197878039595e-06,0.997800100516545,0.99999999994277
"JTB",1.65344008517151e-09,-0.81361447965692,7.1964531771531e-06,0.997859581023828,0.99999999994277
"GLO1",1.63679024325777e-09,-0.815947267972947,7.05224894872393e-06,0.997881134603967,0.99999999994277
"PSMA3",1.62296823635172e-09,-0.817899440132589,6.93364528387047e-06,0.997899027491758,0.99999999994277
"WDR83OS",1.60812451097936e-09,-0.820011938512637,6.80739454897384e-06,0.997918243017445,0.99999999994277
"NAA50",1.60468131005017e-09,-0.820504361100359,6.7782747465208e-06,0.99792270031619,0.99999999994277
"NIFK",1.58492721274403e-09,-0.823347181811223,6.61241685067508e-06,0.9979482724275,0.99999999994277
"NDUFA2",1.58484581095498e-09,-0.823358959409818,6.61173764126452e-06,0.997948377803902,0.99999999994277
"SF1",1.58177946702602e-09,-0.823802992829245,6.58617774313029e-06,0.99795234725342,0.99999999994277
"CIR1",1.57825473332661e-09,-0.824314322543011,6.55685803293753e-06,0.99795691009862,0.99999999994277
"ZNF326",1.55746967374606e-09,-0.827349761810313,6.38529222503498e-06,0.997983816816175,0.99999999994277
"BCL2",1.54468287614707e-09,-0.829234529862188,6.28087635271427e-06,0.998000369608522,0.99999999994277
"RASA2",1.54101653546355e-09,-0.829777427094553,6.25109612493075e-06,0.998005115767799,0.99999999994277
"NCBP2-AS2",1.52455118241184e-09,-0.832229362708009,6.11822716331161e-06,0.998026430533134,0.99999999994277
"UQCRQ",1.52249094471809e-09,-0.832537767315917,6.10170231936457e-06,0.9980290975567,0.99999999994277
"PDAP1",1.51696120051109e-09,-0.833367317048686,6.05745958787458e-06,0.998036255933806,0.99999999994277
"UBQLN1",1.5148564787203e-09,-0.833683743736178,6.04066229254097e-06,0.998038980543109,0.99999999994277
"YEATS4",1.51283385412741e-09,-0.833988185049957,6.02454217080305e-06,0.99804159887578,0.99999999994277
"NUDT21",1.50814304024047e-09,-0.834695589215354,5.98723973553496e-06,0.998047671239115,0.99999999994277
"FAM107B",1.50213538367786e-09,-0.835604356310955,5.9396346507517e-06,0.998055448284867,0.99999999994277
"SRSF6",1.49197319979934e-09,-0.837148726530831,5.85954135314918e-06,0.998068603459545,0.99999999994277
"KHDRBS1",1.47803827015788e-09,-0.839281255815639,5.75059705976474e-06,0.998086642538981,0.99999999994277
"TFG",1.47791919721608e-09,-0.839299552657683,5.74967054393497e-06,0.998086796681583,0.99999999994277
"KTN1",1.46426128389562e-09,-0.841406717525346,5.64389257063326e-06,0.998104477158126,0.99999999994277
"COA4",1.4578001914985e-09,-0.842409453269578,5.59419480314994e-06,0.998112841188145,0.99999999994277
"LSM4",1.45655935270129e-09,-0.842602464795537,5.58467561144108e-06,0.998114447482014,0.99999999994277
"ZNF644",1.45147419666525e-09,-0.843394940308531,5.54574911869726e-06,0.998121030331518,0.99999999994277
"TPR",1.4429837021668e-09,-0.844723455888476,5.48105842601304e-06,0.998132021468967,0.99999999994277
"HBA1",1.4417276074815e-09,-0.844920569943175,5.47152022842377e-06,0.99813364751202,0.99999999994277
"YME1L1",1.43487009792609e-09,-0.845999309305779,5.41959395800547e-06,0.998142524713772,0.99999999994277
"SMNDC1",1.42037376533324e-09,-0.848294398148983,5.31064002024339e-06,0.998161290546068,0.99999999994277
"MRPL42",1.41647896812121e-09,-0.848914470226528,5.28155541180406e-06,0.998166332449829,0.99999999994277
"ATP6V1G1",1.41577443780899e-09,-0.849026792047592,5.27630282340006e-06,0.998167244480384,0.99999999994277
"ELMO1",1.40366970722025e-09,-0.85096418799242,5.18646479694294e-06,0.998182914330529,0.99999999994277
"CGGBP1",1.40206597793982e-09,-0.851221948602528,5.17462022435208e-06,0.998184990394755,0.99999999994277
"TBC1D10C",1.39824341354374e-09,-0.851837359358179,5.1464427276975e-06,0.998189938791825,0.99999999994277
"ANXA11",1.37782081789714e-09,-0.855150059354621,4.99720383134196e-06,0.998216376310329,0.99999999994277
"XPO1",1.37337774514052e-09,-0.855876359949077,4.96502672835266e-06,0.998222127970185,0.99999999994277
"TECR",1.37242955589541e-09,-0.856031620782782,4.95817331920294e-06,0.998223355422979,0.99999999994277
"ZNRD1",1.37234336107496e-09,-0.856045739299609,4.9575505470733e-06,0.998223467004157,0.99999999994277
"HMGN3",1.369814240355e-09,-0.856460344153907,4.93929463435308e-06,0.998226741009142,0.99999999994277
"TMEM173",1.33900152641272e-09,-0.861565261663258,4.71958403932708e-06,0.998266628778939,0.99999999994277
"ZC3H13",1.33379174648556e-09,-0.862438382830042,4.68292962140322e-06,0.998273372959802,0.99999999994277
"ADPGK",1.32157722019823e-09,-0.864497029894046,4.59755219027371e-06,0.998289184947661,0.99999999994277
"CAPRIN1",1.31080274473947e-09,-0.866326627321582,4.52289248131835e-06,0.998303132756846,0.99999999994277
"TMX1",1.3029077819987e-09,-0.867675505396768,4.46857380835618e-06,0.998313352970146,0.99999999994277
"NUB1",1.28890233567229e-09,-0.870085807076164,4.37302138322474e-06,0.998331483347564,0.99999999994277
"SPTAN1",1.28872687074356e-09,-0.870116147034017,4.371830820317e-06,0.998331710491018,0.99999999994277
"UBA1",1.28567212939565e-09,-0.870644919232594,4.35112979382875e-06,0.998335664925164,0.99999999994277
"HLA-DQA1",1.2816410527818e-09,-0.871344353651174,4.32388763738198e-06,0.998340883248219,0.99999999994277
"KDM6A",1.28128715891186e-09,-0.871405848474388,4.32150009515625e-06,0.998341341372122,0.99999999994277
"CNPY3",1.28065104240565e-09,-0.871516420890869,4.31721019786827e-06,0.99834216483984,0.99999999994277
"CTSB",1.26460379027633e-09,-0.874321601644775,4.20969409195023e-06,0.998362938384197,0.99999999994277
"DPM3",1.21836387262297e-09,-0.882579826607555,3.90746957291977e-06,0.998422797048567,0.99999999994277
"CCT5",1.21779734723793e-09,-0.882682668976393,3.90383655968643e-06,0.9984235304291,0.99999999994277
"HBB",1.21738324055662e-09,-0.882757868593653,3.90118204586924e-06,0.99842406650001,0.99999999994277
"TXN",1.21185372968737e-09,-0.883764117435404,3.86582319213058e-06,0.998431224582915,0.99999999994277
"CPVL",1.20659394981943e-09,-0.884724960218328,3.8323385359188e-06,0.998438033492761,0.99999999994277
"EIF1AX",1.19426406900525e-09,-0.886991578812216,3.75441530779139e-06,0.998453994816491,0.99999999994277
"DNMT1",1.19187588746055e-09,-0.887432931338766,3.73941483903852e-06,0.998457086374327,0.99999999994277
"ARF6",1.15954013531139e-09,-0.893485086984468,3.53926556457857e-06,0.998498945777166,0.99999999994277
"PTMA",1.15426420487326e-09,-0.89448633184922,3.50713138089811e-06,0.998505775595422,0.99999999994277
"CYC1",1.14232981570582e-09,-0.896765825943637,3.43498309709609e-06,0.998521224948306,0.99999999994277
"GRHPR",1.14118977436605e-09,-0.896984648830975,3.42813031501951e-06,0.99852270075918,0.99999999994277
"PNRC2",1.13187456752696e-09,-0.898779730740475,3.37239302986407e-06,0.998534759518176,0.99999999994277
"CCNL1",1.1266849310006e-09,-0.899785326687547,3.34153913060782e-06,0.998541477627455,0.99999999994277
"PHIP",1.12507292329872e-09,-0.900098498049395,3.3319841374961e-06,0.998543564410211,0.99999999994277
"C19orf24",1.09984857856549e-09,-0.905050005086242,3.18425159714891e-06,0.99857621793266,0.99999999994277
"FAM65B",1.09003561141081e-09,-0.907002754601447,3.12768460676321e-06,0.998588921055892,0.99999999994277
"PFDN2",1.08643172321181e-09,-0.907723722277732,3.10703722238913e-06,0.998593586376388,0.99999999994277
"GNAI3",1.06410721010085e-09,-0.912236298343114,2.98065939502826e-06,0.998622485999978,0.99999999994277
"ATAD2B",1.05399157091367e-09,-0.914307942872594,2.92425913321071e-06,0.998635580940807,0.99999999994277
"ADGRE5",1.05266701546448e-09,-0.914580474300721,2.9169138950637e-06,0.998637295610062,0.99999999994277
"IK",1.04725957613217e-09,-0.91569614712548,2.88702310816463e-06,0.998644295671904,0.99999999994277
"EML4",1.04366297632693e-09,-0.916440956726843,2.86722737264023e-06,0.998648951557956,0.99999999994277
"TOP2B",1.04186494049209e-09,-0.916814136582478,2.85735649132226e-06,0.998651279159158,0.99999999994277
"SFSWAP",1.02975674406663e-09,-0.919341730953175,2.79132798307064e-06,0.998666953514773,0.99999999994277
"NOSIP",1.02403635010729e-09,-0.920544787431541,2.76040195055509e-06,0.998674358704464,0.99999999994277
"DDX3X",1.02316787587287e-09,-0.920727942474253,2.7557218014722e-06,0.998675482965581,0.99999999994277
"SF3A2",1.01514634757784e-09,-0.922425989792035,2.712682042124e-06,0.998685867030088,0.99999999994277
"CHTF8",1.01482023427291e-09,-0.922495267807851,2.71093943700385e-06,0.998686289191739,0.99999999994277
"ZKSCAN1",1.01024391166387e-09,-0.923469470196655,2.68654465190524e-06,0.998692213353354,0.99999999994277
"CA1",1.00580448155813e-09,-0.924418172366306,2.66298495195262e-06,0.998697960304341,0.99999999994277
"ITM2A",1.00484118723956e-09,-0.924624503875929,2.65788652594199e-06,0.998699207312436,0.99999999994277
"CALCOCO2",9.99657069128438e-10,-0.925737845253948,2.63053244359373e-06,0.998705918280385,0.99999999994277
"PPIG",9.98387471508751e-10,-0.92601126248744,2.62385495977283e-06,0.998707561805634,0.99999999994277
"APPL1",9.95245236223096e-10,-0.926689256921443,2.6073647784569e-06,0.998711629506281,0.99999999994277
"SPG7",9.90758413756879e-10,-0.927660575532832,2.58390842443668e-06,0.998717437808069,0.99999999994277
"TMX4",9.90250880281637e-10,-0.927770686202175,2.58126179715572e-06,0.998718094822612,0.99999999994277
"YTHDC1",9.79224640144689e-10,-0.930174946074171,2.52409819166665e-06,0.99873236856136,0.99999999994277
"CDK5RAP2",9.75480920679262e-10,-0.930996567349364,2.50483508960813e-06,0.998737214898275,0.99999999994277
"TMA7",9.71246398081887e-10,-0.931929185401947,2.48313551811376e-06,0.998742696591971,0.99999999994277
"GPBP1",9.70450046858542e-10,-0.932104966443928,2.47906520736687e-06,0.998743727488231,0.99999999994277
"BBX",9.65581792243896e-10,-0.933182262195171,2.45425517339091e-06,0.998750029563702,0.99999999994277
"SF3B1",9.59923374302032e-10,-0.934440311540714,2.42557503187085e-06,0.998757354525156,0.99999999994277
"PTPRE",9.5681075713758e-10,-0.935135074370156,2.40987034925109e-06,0.998761383884817,0.99999999994277
"ARL5A",9.47663196652031e-10,-0.937188223051772,2.36401163154675e-06,0.998773225627581,0.99999999994277
"IPO7",9.43807692904203e-10,-0.938058702267819,2.34481511750343e-06,0.998778216672399,0.99999999994277
"DDB1",9.41744457560231e-10,-0.938525790357517,2.3345744351115e-06,0.998780887581525,0.99999999994277
"PUM1",9.2528716548811e-10,-0.94228340276286,2.25369248193682e-06,0.998802191953186,0.99999999994277
"DENR",9.15367216293757e-10,-0.944576292716322,2.20562810946919e-06,0.998815033573203,0.99999999994277
"HSD17B12",8.9792343340873e-10,-0.948660690896512,2.12236556583732e-06,0.998837614983091,0.99999999994277
"ALG13",8.97017631198325e-10,-0.948874643265096,2.11808574933307e-06,0.99883878756656,0.99999999994277
"UBXN1",8.91558592914428e-10,-0.950168036377648,2.09238385268548e-06,0.998845854427315,0.99999999994277
"RPAP2",8.89941736993878e-10,-0.950552423185145,2.08480159032138e-06,0.998847947487513,0.99999999994277
"C12orf57",8.8738562716572e-10,-0.951161335273805,2.07284276514133e-06,0.998851256435267,0.99999999994277
"CTB-133G6.1",8.82986515505408e-10,-0.952212832614698,2.05234194986672e-06,0.998856951194783,0.99999999994277
"ATXN2L",8.72408320665664e-10,-0.954759887546486,2.00346231443472e-06,0.998870644931479,0.99999999994277
"ERCC1",8.69807676234832e-10,-0.955390154427293,1.99153549746255e-06,0.998874011530521,0.99999999994277
"STRA13",8.69467739838965e-10,-0.955472658087258,1.98997914626725e-06,0.99887445158666,0.99999999994277
"ANP32B",8.65452563732086e-10,-0.95644926363125,1.97164225509674e-06,0.998879649332261,0.99999999994277
"NSMCE1",8.53972503528492e-10,-0.959263245920138,1.9196822722371e-06,0.998894510556744,0.99999999994277
"XRCC5",8.52406470548954e-10,-0.95964963411796,1.91264801939944e-06,0.998896537825555,0.99999999994277
"SRSF10",8.52193302699789e-10,-0.959702276439704,1.9116915177811e-06,0.998896813776661,0.99999999994277
"CLK1",8.50709560233313e-10,-0.960069005009013,1.9050404713128e-06,0.998898734518355,0.99999999994277
"RERE",8.47065586461181e-10,-0.960972011122213,1.8887551251734e-06,0.998903451733474,0.99999999994277
"SRP9",8.45197946367023e-10,-0.961436125843151,1.88043551908483e-06,0.998905869440267,0.99999999994277
"WHSC1L1",8.32716571538071e-10,-0.96456068083697,1.82530731597065e-06,0.998922026892276,0.99999999994277
"UTRN",8.15907853462998e-10,-0.968832940048283,1.75236191726518e-06,0.998943786199088,0.99999999994277
"HNRNPUL1",8.15476117778078e-10,-0.968943669652085,1.7505078917054e-06,0.998944345091763,0.99999999994277
"GAPDH",8.15289054993087e-10,-0.968991662352992,1.74970488272292e-06,0.998944587249231,0.99999999994277
"HCFC1R1",8.14350315801149e-10,-0.969232648052673,1.74567791602829e-06,0.998945802470667,0.99999999994277
"HDAC1",8.07773342141987e-10,-0.970927783970896,1.71759438963287e-06,0.998954316528145,0.99999999994277
"LGALS1",8.05816533491357e-10,-0.971434423878964,1.70928281900893e-06,0.99895684966608,0.99999999994277
"EIF2AK2",8.04619892461631e-10,-0.971744770510439,1.70421000365881e-06,0.998958398747947,0.99999999994277
"HNRNPAB",8.03801252594242e-10,-0.971957312476309,1.70074395828089e-06,0.998959458497818,0.99999999994277
"PRDX3",8.03043467707566e-10,-0.972154221116631,1.69753871182143e-06,0.99896043946939,0.99999999994277
"MAT2B",8.00107827500529e-10,-0.972918555452148,1.68515020634773e-06,0.998964239729396,0.99999999994277
"NDUFS7",7.93417965619126e-10,-0.974669423736212,1.65708825751219e-06,0.998972899923774,0.99999999994277
"PGK1",7.85085400068467e-10,-0.976868101554299,1.62246516703336e-06,0.998983686639515,0.99999999994277
"NME3",7.82135562784541e-10,-0.977651284158767,1.61029574725475e-06,0.998987505278138,0.99999999994277
"RAP1GDS1",7.80108810872007e-10,-0.978190864111046,1.60196102484047e-06,0.998990128959523,0.99999999994277
"HPS1",7.74290981474966e-10,-0.979746478185843,1.57815618351707e-06,0.998997660286233,0.99999999994277
"CMC1",7.7016718827861e-10,-0.980855240885414,1.56139075695365e-06,0.999002998640461,0.99999999994277
"C8orf59",7.61238444642472e-10,-0.983273550757408,1.52539741492053e-06,0.99901455712429,0.99999999994277
"THYN1",7.60880396496044e-10,-0.983371035319426,1.52396281246075e-06,0.999015020626651,0.99999999994277
"ATP1A1",7.60453455727328e-10,-0.983487328736225,1.52225305803558e-06,0.999015573312249,0.99999999994277
"AGTRAP",7.48976508472127e-10,-0.986634793595017,1.47665136861644e-06,0.999030430510258,0.99999999994277
"CD3G",7.47764817098822e-10,-0.986969512046663,1.47187739136345e-06,0.999031999075355,0.99999999994277
"GPI",7.45990403698926e-10,-0.987460521709363,1.46490027727942e-06,0.99903429609834,0.99999999994277
"C11orf31",7.44101040054187e-10,-0.987984447764045,1.45748939260606e-06,0.99903674192733,0.99999999994277
"MICU2",7.40820788670073e-10,-0.9888968005087,1.44466749517167e-06,0.999040988295674,0.99999999994277
"SPSB3",7.39128381081434e-10,-0.989368880678848,1.43807433930337e-06,0.999043179160093,0.99999999994277
"TMED3",7.385321207676e-10,-0.989535423475325,1.43575506482691e-06,0.999043951034149,0.99999999994277
"PPP1R7",7.30875634666375e-10,-0.991684336905126,1.40613995103082e-06,0.999053862549118,0.99999999994277
"ATP5I",7.27141161194885e-10,-0.992739523657457,1.39180707035771e-06,0.999058696919563,0.99999999994277
"DDOST",7.24290108005176e-10,-0.993548245964145,1.38091417392714e-06,0.999062387680113,0.99999999994277
"FAM49B",7.20441042609241e-10,-0.994644425340368,1.36627610100379e-06,0.999067370392769,0.99999999994277
"GZMM",7.15834397862264e-10,-0.995963011691452,1.34885947461343e-06,0.999073333811132,0.99999999994277
"BTG2",7.13409936146188e-10,-0.996659919245017,1.33973803495468e-06,0.999076472338283,0.99999999994277
"TESPA1",7.08259715473926e-10,-0.998147141453512,1.32046428990355e-06,0.999083139429548,0.99999999994277
"PITHD1",7.07531304961387e-10,-0.998358235356553,1.31774962056281e-06,0.999084082375434,0.99999999994277
"PSMC3",7.02991516578452e-10,-0.999678106859436,1.30089351253296e-06,0.999089959246681,0.99999999994277
"LEPROTL1",7.02403394655787e-10,-0.99984963108626,1.29871777088736e-06,0.999090720585436,0.99999999994277
"LMBRD1",7.01980864174723e-10,-0.999972937424902,1.2971557545328e-06,0.999091267561867,0.99999999994277
"MRPS33",6.97552074311586e-10,-1.00126924726011,1.28083990174502e-06,0.999097000742773,0.99999999994277
"PIK3CD",6.93066276396288e-10,-1.00258949460718,1.26441929348518e-06,0.999102807722097,0.99999999994277
"ECHS1",6.87584846339807e-10,-1.00421280870037,1.24449791407621e-06,0.999109903572577,0.99999999994277
"DDX46",6.86685669843211e-10,-1.00448016207692,1.24124510363615e-06,0.999111067579405,0.99999999994277
"PSMC5",6.81791342359654e-10,-1.00594071219934,1.22361429989528e-06,0.999117403410757,0.99999999994277
"TSPYL2",6.79054113221198e-10,-1.00676149223137,1.21380898509126e-06,0.999120946823488,0.99999999994277
"PTPN7",6.75408671068509e-10,-1.00785904623966,1.2008115137847e-06,0.999125665941089,0.99999999994277
"FCN1",6.7470800792917e-10,-1.0080705836163,1.19832138302698e-06,0.999126572967351,0.99999999994277
"WAS",6.74658408465489e-10,-1.00808556537684,1.19814520633256e-06,0.999126637175118,0.99999999994277
"RET",6.7062413778417e-10,-1.00930732704341,1.18385889463453e-06,0.999131859641184,0.99999999994277
"EMC4",6.66845962656418e-10,-1.01045728892092,1.17055717633337e-06,0.999136750585072,0.99999999994277
"HIST1H3B",6.60593952279486e-10,-1.01237260434266,1.14871096441932e-06,0.999144843971739,0.99999999994277
"HADHA",6.60003487778572e-10,-1.01255430070637,1.14665835733571e-06,0.999145608343079,0.99999999994277
"ZNF770",6.59298190115978e-10,-1.01277151697082,1.14420896621628e-06,0.999146521368873,0.99999999994277
"TOMM20",6.58582518430211e-10,-1.01299213301655,1.14172622464713e-06,0.999147447824106,0.99999999994277
"CD14",6.46472528936407e-10,-1.01675689525986,1.1001242278152e-06,0.999163124514244,0.99999999994277
"HDAC8",6.45491223759764e-10,-1.01706461942827,1.09678692204982e-06,0.999164394838827,0.99999999994277
"ERAP2",6.43628876463151e-10,-1.0176497369764,1.09046723412843e-06,0.999166805694915,0.99999999994277
"VHL",6.37996447915726e-10,-1.01942827287179,1.07146527625756e-06,0.999174097017411,0.99999999994277
"OS9",6.32869731813785e-10,-1.02105892513548,1.0543146228489e-06,0.9991807336823,0.99999999994277
"MLLT3",6.32373795859421e-10,-1.02121727055226,1.05266288432197e-06,0.999181375684058,0.99999999994277
"PSMD4",6.27734030698953e-10,-1.0227038901885,1.03727264801932e-06,0.999187381978575,0.99999999994277
"SMCHD1",6.2312676119112e-10,-1.02418949858994,1.02210234774965e-06,0.999193346206685,0.99999999994277
"AP3B1",6.21863809036179e-10,-1.02459838896162,1.01796335619862e-06,0.99919498113053,0.99999999994277
"MRPL54",6.16584039604395e-10,-1.02631554264878,1.00075124037442e-06,0.999201815927045,0.99999999994277
"SUGT1",6.14204098301974e-10,-1.02709372432002,9.9304058793609e-07,0.999204896821928,0.99999999994277
"ATF7IP2",6.12346759216327e-10,-1.02770283558005,9.87043804875612e-07,0.999207301194883,0.99999999994277
"STAT1",6.11577720117545e-10,-1.02795550691267,9.84566128265484e-07,0.99920829673567,0.99999999994277
"TMEM30A",6.08423943990769e-10,-1.02899456720429,9.74437914382521e-07,0.999212379379559,0.99999999994277
"ETNK1",6.02300002046376e-10,-1.031025522996,9.54920702516508e-07,0.999220306979152,0.99999999994277
"HNRNPL",5.95738688530851e-10,-1.03322137523169,9.3422866709076e-07,0.999228800767524,0.99999999994277
"MT1X",5.92048656236534e-10,-1.03446547933935,9.22691200926321e-07,0.999233577608864,0.99999999994277
"CCDC12",5.78883570739657e-10,-1.03895927503091,8.82112604376039e-07,0.999250620149538,0.99999999994277
"NKG7",5.77206810069704e-10,-1.0395379317087,8.77009852560737e-07,0.999252790759236,0.99999999994277
"MRPS34",5.76053396503582e-10,-1.03993682088594,8.73508354085068e-07,0.999254283882686,0.99999999994277
"NDUFAB1",5.74650144939843e-10,-1.04042304164959,8.69257848764604e-07,0.999256100427837,0.99999999994277
"CD3D",5.68982793272816e-10,-1.04239722659186,8.5219669501225e-07,0.999263436960011,0.99999999994277
"NDUFB5",5.67740687897594e-10,-1.04283216891433,8.48480017739066e-07,0.999265044897303,0.99999999994277
"HSBP1",5.67554574807342e-10,-1.04289740991206,8.47923822425133e-07,0.999265285825476,0.99999999994277
"DAP3",5.6483312885602e-10,-1.04385351117993,8.39811663731663e-07,0.99926880880713,0.99999999994277
"ATAD2",5.62307258514705e-10,-1.04474446180464,8.32317371142797e-07,0.999272078611148,0.99999999994277
"CELF2",5.56469379362669e-10,-1.04681693089016,8.15124830128399e-07,0.999279635895667,0.99999999994277
"CCND2",5.55137697628968e-10,-1.04729230639492,8.11228162843904e-07,0.999281359791887,0.99999999994277
"RBCK1",5.55032401246016e-10,-1.04732993636027,8.10920450754992e-07,0.99928149610076,0.99999999994277
"RGS19",5.44927524644203e-10,-1.05097008856032,7.81662125934775e-07,0.999294577123263,0.99999999994277
"NUP98",5.42443541658962e-10,-1.051873813929,7.74552152648217e-07,0.999297792703116,0.99999999994277
"CHCHD3",5.41877556143971e-10,-1.05208023021232,7.72936660676151e-07,0.999298525385922,0.99999999994277
"HNRNPK",5.37842969729523e-10,-1.05355706094273,7.61469604002529e-07,0.999303748261819,0.99999999994277
"IL32",5.32509077368397e-10,-1.05552421833451,7.46441213517056e-07,0.999310653122732,0.99999999994277
"TTC14",5.32361349474335e-10,-1.05557894214536,7.46027117691457e-07,0.999310844360293,0.99999999994277
"SMG1",5.19977383921654e-10,-1.06021363180201,7.11722161374847e-07,0.999326875722566,0.99999999994277
"DOCK8",5.19164419782319e-10,-1.06052119894421,7.09498402036425e-07,0.999327928125587,0.99999999994277
"NUTM2B-AS1",5.16402788164933e-10,-1.06156911102949,7.01970297944467e-07,0.999331503128864,0.99999999994277
"CD7",5.10810373642261e-10,-1.06370605363564,6.86848566885111e-07,0.999338742653583,0.99999999994277
"ENG",5.10369677386234e-10,-1.06387530582843,6.85663935422992e-07,0.999339313146246,0.99999999994277
"POLR2J3",5.06494029853361e-10,-1.06536922238981,6.7528987912468e-07,0.999344330271889,0.99999999994277
"ATP2B1",5.01609948608175e-10,-1.06726594736434,6.62329139439749e-07,0.999350652841007,0.99999999994277
"NENF",4.90717935538248e-10,-1.0715538485991,6.33877655125683e-07,0.999364752832946,0.99999999994277
"SNRPD3",4.88570408442334e-10,-1.07240894070347,6.28341722231091e-07,0.999367532862202,0.99999999994277
"SSH2",4.83152023637309e-10,-1.07458089258797,6.14482027883357e-07,0.999374547101223,0.99999999994277
"CAND1",4.82967894127909e-10,-1.07465506876482,6.14013758232723e-07,0.999374785461628,0.99999999994277
"GNG2",4.81402144332175e-10,-1.07528681444645,6.10039028053472e-07,0.999376812365172,0.99999999994277
"TCP1",4.7646701254929e-10,-1.07728968640229,5.97595414277743e-07,0.999383201020735,0.99999999994277
"H1FX",4.73726643802769e-10,-1.0784095695762,5.90741120538815e-07,0.999386748498876,0.99999999994277
"ARIH2",4.69747784733065e-10,-1.08004555572472,5.80859452275269e-07,0.999391899234759,0.99999999994277
"PSMA4",4.64700130392465e-10,-1.08213827174469,5.68443321275314e-07,0.999398433553775,0.99999999994277
"JPX",4.62629928593328e-10,-1.08300222968658,5.63389863994876e-07,0.999401113483526,0.99999999994277
"HDAC2",4.59652368905041e-10,-1.08425071673254,5.56161068668178e-07,0.999404968011535,0.99999999994277
"TXNL1",4.56526586071663e-10,-1.08556887554945,5.48622642374195e-07,0.999409014418253,0.99999999994277
"SCNM1",4.55095229303587e-10,-1.08617508432271,5.45187820777557e-07,0.999410867346613,0.99999999994277
"ZSWIM7",4.53036664006594e-10,-1.08704981619784,5.40266800494951e-07,0.999413532212642,0.99999999994277
"PHF20",4.51907068999094e-10,-1.08753126379063,5.37575972603888e-07,0.999414994502603,0.99999999994277
"PLSCR1",4.51027734938059e-10,-1.08790676551455,5.35485945737307e-07,0.999416132823296,0.99999999994277
"GMFG",4.47682149425884e-10,-1.08934122133998,5.27571268067694e-07,0.999420463770312,0.99999999994277
"RNF7",4.46919926009188e-10,-1.08966932462618,5.25776312230193e-07,0.99942145048825,0.99999999994277
"MRPS7",4.46174652746606e-10,-1.08999059827065,5.24024229643003e-07,0.999422415263777,0.99999999994277
"OXLD1",4.46006178906814e-10,-1.09006328834451,5.23628565274138e-07,0.999422633357522,0.99999999994277
"KLHDC2",4.40939996454002e-10,-1.09226028725538,5.11800337712723e-07,0.999429191661845,0.99999999994277
"HADHB",4.38744548171497e-10,-1.09321912753212,5.06716499134312e-07,0.999432033726488,0.99999999994277
"DNAJA2",4.34288709567702e-10,-1.09517795262069,4.96476455209296e-07,0.999437801924946,0.99999999994277
"MIER1",4.31690103352522e-10,-1.09632833305862,4.90552806179683e-07,0.999441165887997,0.99999999994277
"PSMB2",4.23768652888184e-10,-1.09987229922254,4.7271483876212e-07,0.999451420410854,0.99999999994277
"ZC3H11A",4.22350049452855e-10,-1.10051298546579,4.6955522583904e-07,0.999453256829764,0.99999999994277
"ACYP2",4.18985034830271e-10,-1.10204018237771,4.6210280219483e-07,0.999457612928409,0.99999999994277
"UBE2N",4.1620410450147e-10,-1.10331029410798,4.55988927601508e-07,0.999461212914809,0.99999999994277
"HAX1",4.12224518951945e-10,-1.10514064015845,4.47310630366605e-07,0.999466364591484,0.99999999994277
"MRPL37",4.12086975869487e-10,-1.10520417270775,4.47012180294178e-07,0.999466542644571,0.99999999994277
"RSBN1L",4.07592493023184e-10,-1.1072903440676,4.37314555792363e-07,0.999472360869175,0.99999999994277
"TAF9",4.05795597826625e-10,-1.10812994725248,4.33467201893297e-07,0.999474686996615,0.99999999994277
"ARID2",4.05212861687215e-10,-1.10840292008727,4.32223148797387e-07,0.999475441363663,0.99999999994277
"CHCHD2",4.0486425663873e-10,-1.10856637997518,4.31479784640029e-07,0.999475892641941,0.99999999994277
"SHFM1",4.04420647601644e-10,-1.10877456244186,4.30534759408649e-07,0.999476466905348,0.99999999994277
"STARD7",4.03485437430304e-10,-1.10921409532121,4.28545865212975e-07,0.999477677559175,0.99999999994277
"TCEA1",4.02418951901399e-10,-1.10971639823219,4.262834095996e-07,0.999479058152361,0.99999999994277
"ARL6IP6",3.99160905402859e-10,-1.1112580406689,4.19408837784205e-07,0.999483275778087,0.99999999994277
"TCF7",3.97426883418225e-10,-1.11208297232641,4.1577278797735e-07,0.999485520514544,0.99999999994277
"CIB1",3.9435174114788e-10,-1.11355357845599,4.09363488484988e-07,0.999489501366022,0.99999999994277
"FYTTD1",3.836731933851e-10,-1.11873826462985,3.87493563681629e-07,0.999503325023338,0.99999999994277
"OCIAD1",3.81370378645856e-10,-1.11987261279337,3.82856033483649e-07,0.999506306076824,0.99999999994277
"PSMF1",3.79804882758751e-10,-1.12064713903261,3.79719295986506e-07,0.999508332651911,0.99999999994277
"HADH",3.78631720849091e-10,-1.12122936435004,3.77377123806824e-07,0.999509851340476,0.99999999994277
"XIST",3.78485264108169e-10,-1.12130215809234,3.77085237356974e-07,0.999510040932531,0.99999999994277
"LAMP2",3.76974605976943e-10,-1.12205442416019,3.74081104247199e-07,0.999511996518724,0.99999999994277
"PPP1CB",3.69619731833138e-10,-1.12575449336826,3.5962665605056e-07,0.999521517594402,0.99999999994277
"AKNA",3.6871307266893e-10,-1.1262149964396,3.57864526639231e-07,0.999522691288252,0.99999999994277
"SMARCA4",3.6688683392408e-10,-1.12714553547589,3.54328294252117e-07,0.99952505540177,0.99999999994277
"ORMDL1",3.5798581082893e-10,-1.13173891585074,3.37344167663426e-07,0.999536578007559,0.99999999994277
"SCCPDH",3.56076398329671e-10,-1.13273707496898,3.33755135172393e-07,0.999539049791689,0.99999999994277
"TRMT1",3.51129658670457e-10,-1.13534464026451,3.24546259582355e-07,0.999545453474828,0.99999999994277
"DDX24",3.47391388209047e-10,-1.13733627485759,3.17672540252553e-07,0.99955029276318,0.99999999994277
"GTF2F1",3.41345813454812e-10,-1.14059660731101,3.06711980930325e-07,0.999558118916993,0.99999999994277
"SRSF11",3.40624686095539e-10,-1.14098882128952,3.05417430000745e-07,0.999559052435125,0.99999999994277
"FLT3LG",3.40331106019288e-10,-1.1411487015717,3.04891186098212e-07,0.999559432482173,0.99999999994277
"SRPRA",3.35400005551043e-10,-1.14385204532162,2.96119979398602e-07,0.999565815920063,0.99999999994277
"GTF3C6",3.35213160598064e-10,-1.14395514999386,2.95790145698671e-07,0.999566057795718,0.99999999994277
"YWHAE",3.32880801503478e-10,-1.14524637680568,2.91688345115619e-07,0.999569077095277,0.99999999994277
"LTB",3.3075467409399e-10,-1.14643024250052,2.87974186388055e-07,0.999571829422557,0.99999999994277
"WTAP",3.30206737099831e-10,-1.14673640636118,2.87020845308029e-07,0.999572538741261,0.99999999994277
"TXNRD1",3.26275074496231e-10,-1.14894618646658,2.80226611010137e-07,0.999577628380868,0.99999999994277
"PIM1",3.20372940171459e-10,-1.15230694032434,2.70180022438645e-07,0.999585268847453,0.99999999994277
"TMEM179B",3.19847865312427e-10,-1.15260850338452,2.69295125714247e-07,0.999585948570534,0.99999999994277
"COPS6",3.19403459133881e-10,-1.15286407005519,2.68547312208547e-07,0.999586523865907,0.99999999994277
"TMC8",3.18698488551531e-10,-1.15327011004632,2.67363173318802e-07,0.999587436468688,0.99999999994277
"IFNAR2",3.12463189226012e-10,-1.15689554138313,2.57003656301291e-07,0.999595508226096,0.99999999994277
"BTG1",3.1209809339919e-10,-1.15710974797686,2.56403418273252e-07,0.999595980852156,0.99999999994277
"CCDC90B",3.08788977008951e-10,-1.15906116343036,2.50995050226062e-07,0.999600264589545,0.99999999994277
"HBG2",3.06821834367562e-10,-1.1602297632692,2.4780730451199e-07,0.999602811106955,0.99999999994277
"CIRBP",3.02007523753517e-10,-1.16311722522591,2.40091676647669e-07,0.999609043357516,0.99999999994277
"ARHGAP15",2.95142755129437e-10,-1.16730386978889,2.29300939266877e-07,0.999617929979451,0.99999999994277
"COMMD1",2.94472353658053e-10,-1.16771721522339,2.28260431941444e-07,0.999618797831635,0.99999999994277
"ALAS2",2.89009295920582e-10,-1.17111611273951,2.19869608706336e-07,0.999625869902325,0.99999999994277
"GMPS",2.85424060831134e-10,-1.17337692339467,2.14448365775083e-07,0.999630511082649,0.99999999994277
"MKKS",2.84790211422169e-10,-1.17377916553853,2.13496960067158e-07,0.99963133161724,0.99999999994277
"MZT2B",2.83292042934862e-10,-1.17473298226023,2.11256622504838e-07,0.999633271035423,0.99999999994277
"THRAP3",2.80821209404192e-10,-1.17631559071641,2.07587591613073e-07,0.999636469593879,0.99999999994277
"MYEOV2",2.77215710646321e-10,-1.17864664088785,2.02291324711713e-07,0.999641137006079,0.99999999994277
"CCDC25",2.68497921100745e-10,-1.18439277682837,1.897681983537e-07,0.99965242241212,0.99999999994277
"NAP1L4",2.67424819869474e-10,-1.18511116226404,1.88254342729189e-07,0.999653811569669,0.99999999994277
"CCDC59",2.64825154490375e-10,-1.18686185755568,1.84612051405548e-07,0.999657176904352,0.99999999994277
"PSMB6",2.6375152535892e-10,-1.1875891972467,1.83118212158732e-07,0.999658566745285,0.99999999994277
"SETD2",2.63281700710887e-10,-1.18790828708814,1.8246641063375e-07,0.999659174945555,0.99999999994277
"NDUFB10",2.61447609251547e-10,-1.18915865936778,1.79933044902873e-07,0.999661549224824,0.99999999994277
"TMEM123",2.61194724697862e-10,-1.18933165331876,1.79585133656747e-07,0.99966187659048,0.99999999994277
"DNAJC7",2.60662609434064e-10,-1.18969613612184,1.78854164440123e-07,0.999662565427579,0.99999999994277
"HIST2H2AC",2.59469842197835e-10,-1.19051548098761,1.77221070258877e-07,0.999664109495904,0.99999999994277
"LIMD2",2.51549196292384e-10,-1.1960402653484,1.66566418526536e-07,0.999674362978826,0.99999999994277
"RUNX1",2.49152408944896e-10,-1.197741614493,1.63407415320055e-07,0.999677465682635,0.99999999994277
"INPP4B",2.47674507263789e-10,-1.19879774031424,1.61474591634574e-07,0.999679378864957,0.99999999994277
"PET100",2.46494408519736e-10,-1.19964495987326,1.59939496300455e-07,0.9996809065336,0.99999999994277
"DNTTIP2",2.46449386026034e-10,-1.19967735171293,1.59881075361952e-07,0.999680964816394,0.99999999994277
"EDF1",2.43908915505684e-10,-1.20151343224816,1.56601865047123e-07,0.999684253521834,0.99999999994277
"NSFL1C",2.43700676548093e-10,-1.20166466313808,1.56334579299918e-07,0.999684523092603,0.99999999994277
"HBG1",2.42896110325376e-10,-1.2022500175329,1.55304020888164e-07,0.999685564624593,0.99999999994277
"ZC3HAV1",2.4183412103961e-10,-1.20302522156398,1.53948950605164e-07,0.999686939397463,0.99999999994277
"FAM133B",2.39991061415662e-10,-1.20437756314296,1.51611349202353e-07,0.999689325286288,0.99999999994277
"DPY30",2.3793380376686e-10,-1.20589768503339,1.4902319652841e-07,0.999691988460056,0.99999999994277
"EPRS",2.37504008640661e-10,-1.20621669338693,1.48485302423145e-07,0.999692544841075,0.99999999994277
"TBRG1",2.3578635867646e-10,-1.20749657893516,1.46345351025572e-07,0.999694768383826,0.99999999994277
"TMEM230",2.34326818423349e-10,-1.20859046802575,1.44539174967774e-07,0.999696657796815,0.99999999994277
"TCF12",2.33517367965643e-10,-1.20919966487487,1.43542317447119e-07,0.999697705651581,0.99999999994277
"UBE2K",2.32851307906439e-10,-1.20970231178102,1.42724635623007e-07,0.99969856788373,0.99999999994277
"CDK2",2.29806217631116e-10,-1.21201621413339,1.39016109157423e-07,0.999702509832656,0.99999999994277
"ARL4C",2.28364752511527e-10,-1.21312078240489,1.37277614797332e-07,0.99970437584692,0.99999999994277
"ISG20",2.24276916913437e-10,-1.21628622761387,1.32406935525543e-07,0.999709667656928,0.99999999994277
"FAM136A",2.23654330861168e-10,-1.21677268757844,1.31672840423282e-07,0.999710473610843,0.99999999994277
"LYZ",2.23402051792408e-10,-1.21697013911662,1.31375957581469e-07,0.999710800192691,0.99999999994277
"TRPM7",2.22508660270265e-10,-1.21767091962234,1.30327305768613e-07,0.999711956711365,0.99999999994277
"XBP1",2.20346198375692e-10,-1.21937725696444,1.27806429924581e-07,0.999714756074807,0.99999999994277
"POP5",2.18373160633622e-10,-1.22094676361335,1.25527852600399e-07,0.999717310223736,0.99999999994277
"IRAK3",2.17053946205226e-10,-1.22200300046758,1.24015780730323e-07,0.999719017981296,0.99999999994277
"UBE2D2",2.16635266192079e-10,-1.22233937577955,1.23537808760792e-07,0.999719559973518,0.99999999994277
"PIN4",2.15788310536577e-10,-1.22302155237699,1.22573731994831e-07,0.999720656379753,0.99999999994277
"C1orf162",2.14873364909853e-10,-1.22376108904018,1.21536506720333e-07,0.999721840800785,0.99999999994277
"MECOM",2.13320068322351e-10,-1.22502283294507,1.19785709008358e-07,0.999723851583823,0.99999999994277
"KDM5B",2.1031553489845e-10,-1.22748605592612,1.16435197829785e-07,0.999727741030889,0.99999999994277
"SLTM",2.09856526245531e-10,-1.22786503448191,1.15927518334101e-07,0.999728335229591,0.99999999994277
"CBR1",2.096790851726e-10,-1.22801172944396,1.15731559627017e-07,0.9997285649317,0.99999999994277
"PRELID1",2.09581337263031e-10,-1.22809258578924,1.15623681617265e-07,0.999728691468924,0.99999999994277
"AIP",2.06880371936324e-10,-1.23033976388329,1.12662700309369e-07,0.999732187939159,0.99999999994277
"ATXN10",2.06826907308966e-10,-1.23038450058446,1.1260447641019e-07,0.999732257150517,0.99999999994277
"PSMB5",2.06135097855973e-10,-1.2309642751025,1.11852441212399e-07,0.999733152715943,0.99999999994277
"SERP1",2.04216230774063e-10,-1.2325812136803,1.09779713203419e-07,0.999735636739556,0.99999999994277
"CDC40",2.01869529085461e-10,-1.23457656354619,1.07271195179356e-07,0.999738674606257,0.99999999994277
"CALR",2.01051026536583e-10,-1.23527722254369,1.06403072624368e-07,0.999739734179211,0.99999999994277
"EXOC4",1.97541364715637e-10,-1.23830973755091,1.02720631134358e-07,0.999744277528224,0.99999999994277
"S100A11",1.95183125277165e-10,-1.24037355860011,1.00282722294821e-07,0.999747330330855,0.99999999994277
"SERPINA1",1.94084659002278e-10,-1.24134223058791,9.91571412510391e-08,0.999748752324179,0.99999999994277
"FBXL5",1.89439564459514e-10,-1.24549143255956,9.44676153749224e-08,0.999754765520568,0.99999999994277
"COX6B1",1.88486429086312e-10,-1.24635364083278,9.35194088693628e-08,0.999755999379242,0.99999999994277
"SRSF9",1.86979726792274e-10,-1.24772430289168,9.20302541391401e-08,0.999757949844777,0.99999999994277
"COPZ1",1.86192813857064e-10,-1.24844395364994,9.12572568992961e-08,0.999758968524157,0.99999999994277
"CFD",1.84742411586712e-10,-1.2497772775785,8.98410453621087e-08,0.999760846107841,0.99999999994277
"AHSP",1.83951169804475e-10,-1.25050845711081,8.90731246717437e-08,0.999761870391028,0.99999999994277
"MDM4",1.83950040773809e-10,-1.25050950237315,8.90720312730905e-08,0.999761871852588,0.99999999994277
"NDUFB11",1.8373949961928e-10,-1.25070451917081,8.88682520719248e-08,0.999762144403621,0.99999999994277
"RWDD1",1.82760864970525e-10,-1.25161352971657,8.79241116785145e-08,0.999763411271778,0.99999999994277
"TMEM160",1.7613951755941e-10,-1.25787644856999,8.16686138741787e-08,0.99977198277925,0.99999999994277
"SLC25A37",1.75631510748139e-10,-1.25836529312887,8.11982096823232e-08,0.99977264040736,0.99999999994277
"LBH",1.73814083538544e-10,-1.26012420373571,7.95264333414642e-08,0.999774993114441,0.99999999994277
"NCF1",1.70445905989156e-10,-1.26342626997083,7.64741622212366e-08,0.999779353308422,0.99999999994277
"BCCIP",1.69390094866853e-10,-1.26447293631777,7.55296725853538e-08,0.999780720083551,0.99999999994277
"RBM17",1.69046123381285e-10,-1.26481514293257,7.52232358300618e-08,0.999781165363642,0.99999999994277
"RP11-160E2.6",1.65318157462864e-10,-1.26856299966644,7.19420306406659e-08,0.999785991313093,0.99999999994277
"LSM3",1.59567165456934e-10,-1.27449007219408,6.70237372115503e-08,0.999793436122777,0.99999999994277
"UQCRFS1",1.57033565326647e-10,-1.27715984994562,6.49122348803129e-08,0.999796715934468,0.99999999994277
"S100A10",1.53087214503429e-10,-1.28139320329058,6.16906606877739e-08,0.99980182458892,0.99999999994277
"PAG1",1.51653138415409e-10,-1.28295489646645,6.05402742842316e-08,0.999803681037961,0.99999999994277
"CHRAC1",1.498026494278e-10,-1.28498897652541,5.90718494826918e-08,0.999806076544403,0.99999999994277
"IGKV3-20",1.49370579581263e-10,-1.28546702978014,5.87315837088717e-08,0.999806635870132,0.99999999994277
"NUCB2",1.48074203994349e-10,-1.2869085604727,5.7716553937849e-08,0.999808314062272,0.99999999994277
"ARHGEF1",1.4680817178029e-10,-1.28832688698564,5.67338218135287e-08,0.999809952974121,0.99999999994277
"DRAP1",1.44858173113599e-10,-1.29053221627419,5.52366825052365e-08,0.999812477298453,0.99999999994277
"DNAJA1",1.43586247762004e-10,-1.29198451378983,5.42709311052058e-08,0.999814123839126,0.99999999994277
"HIST1H4H",1.40075298379425e-10,-1.29605168671933,5.16493299870117e-08,0.999818668855038,0.99999999994277
"LSM6",1.38642977126989e-10,-1.29773619872516,5.05984636947589e-08,0.999820523032407,0.99999999994277
"CD8B",1.38559770797576e-10,-1.29783451553932,5.05377487681242e-08,0.99982063074518,0.99999999994277
"AHNAK",1.38508621642576e-10,-1.29789497877047,5.0500443769533e-08,0.9998206969591,0.99999999994277
"CTSS",1.36155313633109e-10,-1.30069784667486,4.87989828016611e-08,0.999823743377947,0.99999999994277
"POLR2A",1.35960714753081e-10,-1.30093148502189,4.86595913825026e-08,0.999823995291293,0.99999999994277
"FOSB",1.35110126467783e-10,-1.30195610947666,4.80526541497666e-08,0.999825096400104,0.99999999994277
"EID1",1.34506776610501e-10,-1.30268628456571,4.7624443060572e-08,0.999825877452296,0.99999999994277
"GRN",1.34257778673528e-10,-1.30298844544148,4.74482822411614e-08,0.999826199786646,0.99999999994277
"LONP2",1.31191354926662e-10,-1.3067497289903,4.53056133647147e-08,0.999830169352496,0.99999999994277
"ATRAID",1.30728808613927e-10,-1.30732365176335,4.49867051281529e-08,0.999830768130812,0.99999999994277
"CARD16",1.28369669377026e-10,-1.3102783649843,4.33776904156617e-08,0.999833822098343,0.99999999994277
"PPP1R2",1.26739885496937e-10,-1.31234704935702,4.22832343752388e-08,0.999835931896264,0.99999999994277
"ST3GAL1",1.22735762346879e-10,-1.31752855111203,3.96537102194612e-08,0.999841115338564,0.99999999994277
"UBR5",1.21315681306111e-10,-1.31940123021861,3.87414135489695e-08,0.999842953670669,0.99999999994277
"PLEKHJ1",1.20379549816501e-10,-1.32064607780642,3.8145824758515e-08,0.999844165517405,0.99999999994277
"FGL2",1.19427970130197e-10,-1.32192004856824,3.75451359512957e-08,0.999845397362236,0.99999999994277
"CREB1",1.19392256936538e-10,-1.32196803134212,3.75226846573838e-08,0.9998454435939,0.99999999994277
"PCM1",1.19224590557188e-10,-1.32219346647248,3.74173700363329e-08,0.999845660642421,0.99999999994277
"MAZ",1.18695710402951e-10,-1.32290636483711,3.70861395128779e-08,0.999846345291635,0.99999999994277
"ZNF207",1.14681488790061e-10,-1.32840838177032,3.46200925216473e-08,0.999851541806672,0.99999999994277
"S100A9",1.13977307166027e-10,-1.32939062072556,3.41962405774052e-08,0.999852453388233,0.99999999994277
"CNOT4",1.09549854047541e-10,-1.33568897100294,3.15911318523866e-08,0.999858184842288,0.99999999994277
"MYO1F",1.08733427693242e-10,-1.33687427991687,3.1122017122853e-08,0.999859241727594,0.99999999994277
"BRD4",1.07803515585496e-10,-1.33823373084745,3.05919687766741e-08,0.999860445523181,0.99999999994277
"SNX1",1.07559522476586e-10,-1.33859210106751,3.0453647079376e-08,0.999860761378653,0.99999999994277
"CCNH",1.06799353649692e-10,-1.33971312539988,3.00247104773976e-08,0.999861745437116,0.99999999994277
"FCGRT",1.05748651449242e-10,-1.34127397651671,2.94368445970192e-08,0.999863105598644,0.99999999994277
"CAMP",1.03966631754267e-10,-1.34395204644783,2.84530959220657e-08,0.99986541246983,0.99999999994277
"MGST3",1.01051720706886e-10,-1.34841917287901,2.6879983990892e-08,0.999869185898557,0.99999999994277
"CDC37",9.61491689022499e-11,-1.35618924441068,2.43350727449499e-08,0.999875532380332,0.99999999994277
"MORF4L1",9.54296842899482e-11,-1.35735815225796,2.39722365040593e-08,0.999876463772016,0.99999999994277
"STK17B",9.40788829261238e-11,-1.35957339541398,2.32983885437016e-08,0.999878212419779,0.99999999994277
"RANBP2",9.32898336697357e-11,-1.36088010984541,2.2909215477119e-08,0.999879233864719,0.99999999994277
"ANKLE2",9.30793286950724e-11,-1.36123032840251,2.28059445689072e-08,0.999879506368925,0.99999999994277
"PDCD6",9.29606189371738e-11,-1.36142812776398,2.27478100333168e-08,0.999879660041817,0.99999999994277
"EAPP",9.16426111720355e-11,-1.3636390024248,2.21073399559844e-08,0.999881366237408,0.99999999994277
"TAF11",9.12515284704858e-11,-1.36430029076632,2.19190574473835e-08,0.999881872504214,0.99999999994277
"UPF3A",9.02278280902271e-11,-1.36604291989464,2.14300204965072e-08,0.999883197711183,0.99999999994277
"SMC5",8.86929529617171e-11,-1.3686879135177,2.07071251756427e-08,0.99988518464726,0.99999999994277
"ATP6V0A2",8.82112681950826e-11,-1.3695261168787,2.04828182477466e-08,0.999885808200814,0.99999999994277
"CUTA",8.6473970252108e-11,-1.37258241796756,1.96839556429903e-08,0.999888057178531,0.99999999994277
"SREK1",8.49461529643833e-11,-1.37531424647727,1.89945500500093e-08,0.99989003497805,0.99999999994277
"SYNE2",8.41763988916361e-11,-1.37670669112352,1.86518650475805e-08,0.999891031444871,0.99999999994277
"TTC19",8.40655798996197e-11,-1.37690805972729,1.86027866761732e-08,0.99989117490296,0.99999999994277
"BRD2",8.38534147411318e-11,-1.37729422305165,1.85090055440855e-08,0.999891449556318,0.99999999994277
"PAPOLA",8.38486287550273e-11,-1.37730294376711,1.85068927782398e-08,0.999891455751903,0.99999999994277
"RSBN1",8.38139315630519e-11,-1.37736617958672,1.84915793649967e-08,0.999891500668327,0.99999999994277
"NARF",8.37729807458507e-11,-1.3774408417068,1.84735141035248e-08,0.999891553680233,0.99999999994277
"IL7R",8.37683224920858e-11,-1.37744933669466,1.84714596959269e-08,0.999891559710465,0.99999999994277
"ATP6V1B2",8.33030522328494e-11,-1.37829988140617,1.82668393010591e-08,0.999892162015009,0.99999999994277
"TPGS2",8.20961378892695e-11,-1.38052543868592,1.77413650898094e-08,0.999893724397258,0.99999999994277
"TFRC",8.15763903302582e-11,-1.38149255293858,1.75174363537067e-08,0.999894397224095,0.99999999994277
"CRHBP",7.98243316325511e-11,-1.38479228190322,1.67730546251508e-08,0.999896665309999,0.99999999994277
"LAPTM4A",7.92926441136297e-11,-1.38580597786927,1.6550357525481e-08,0.999897353593427,0.99999999994277
"MAP4",7.75630965008267e-11,-1.38914449814504,1.58362320611253e-08,0.999899592538142,0.99999999994277
"BZW1",7.69666227161574e-11,-1.3903107506016,1.55936018053611e-08,0.99990036468909,0.99999999994277
"JUN",7.59387538762065e-11,-1.3923388896953,1.51798860723148e-08,0.999901695292244,0.99999999994277
"KDM5C",7.56524801217157e-11,-1.39290796215654,1.50656515942706e-08,0.999902065881122,0.99999999994277
"EWSR1",7.47777650153471e-11,-1.39465834830452,1.47192791218136e-08,0.999903198222754,0.99999999994277
"CYTIP",7.46509172868402e-11,-1.39491364578134,1.46693839823417e-08,0.999903362430463,0.99999999994277
"SMARCE1",7.43792147927437e-11,-1.39546174276504,1.45627957423804e-08,0.999903714156463,0.99999999994277
"TMEM59",7.32456434266564e-11,-1.39776724383135,1.41222916573237e-08,0.999905181594309,0.99999999994277
"TERT",7.29129863335113e-11,-1.3984496504008,1.39943055498934e-08,0.999905612227635,0.99999999994277
"MFNG",7.24924384938984e-11,-1.39931620529339,1.38333382735901e-08,0.999906156637836,0.99999999994277
"CPA3",7.03786926844816e-11,-1.40373841335744,1.30383900879919e-08,0.999908892937191,0.99999999994277
"CYBB",6.99909499025539e-11,-1.40456201496668,1.28951190208912e-08,0.999909394880385,0.99999999994277
"PSMA3-AS1",6.97726830466849e-11,-1.40502736537988,1.28148175402638e-08,0.999909677432551,0.99999999994277
"MRPL20",6.8625775081379e-11,-1.40749341965041,1.23969858264312e-08,0.999911162134975,0.99999999994277
"CD2",6.83835220023661e-11,-1.40801884588553,1.23096161105563e-08,0.999911475737935,0.99999999994277
"AAK1",6.73784757607344e-11,-1.41021598549339,1.19504413230237e-08,0.99991277679664,0.99999999994277
"C1D",6.68849903573152e-11,-1.41130515534949,1.17760303738388e-08,0.99991341562643,0.99999999994277
"LYPLA1",6.61721204898258e-11,-1.41289082100955,1.15263468261609e-08,0.999914338455159,0.99999999994277
"ZMYM2",6.61624602636025e-11,-1.41291240955631,1.1522981693248e-08,0.999914350960575,0.99999999994277
"UBL5",6.56289781053234e-11,-1.41410886719498,1.13379063016481e-08,0.999915041567213,0.99999999994277
"MARCH6",6.54977073129939e-11,-1.41440455709767,1.12925956018626e-08,0.999915211500695,0.99999999994277
"MGAT4A",6.33465123379962e-11,-1.41932442123998,1.05629931347665e-08,0.999917996278979,0.99999999994277
"CHMP5",6.28668985365347e-11,-1.42044091448349,1.04036480193553e-08,0.999918617151617,0.99999999994277
"NUDT5",5.76495056055711e-11,-1.43308602218263,8.74848303487178e-09,0.999925371203534,0.99999999994277
"C19orf70",5.48653013855181e-11,-1.44024314195464,7.92386591583152e-09,0.999928975428883,0.99999999994277
"UBE2G1",5.38748843005275e-11,-1.4428647410179,7.64036806343064e-09,0.999930257549764,0.99999999994277
"C11orf58",5.37037355391775e-11,-1.44332196855653,7.59190160250287e-09,0.999930479106322,0.99999999994277
"BLVRB",5.12163678774919e-11,-1.45011290522366,6.90492764559042e-09,0.999933699068967,0.99999999994277
"SNX2",4.97377725729067e-11,-1.45428564722168,6.51199778174638e-09,0.999935613149351,0.99999999994277
"WAC",4.78532416612649e-11,-1.45976180022646,6.02787594023053e-09,0.999938052724021,0.99999999994277
"VCAN",4.6375659253891e-11,-1.46418698815971,5.66137303911757e-09,0.999939965493184,0.99999999994277
"MPLKIP",4.58508759259859e-11,-1.46578792752302,5.53397067060092e-09,0.99994064483896,0.99999999994277
"ANXA2",4.58173118520552e-11,-1.46589085675223,5.52587160541712e-09,0.999940688288533,0.99999999994277
"NDUFA3",4.02764333078237e-11,-1.48384678201261,4.27015449907844e-09,0.999947861101073,0.99999999994277
"THUMPD3-AS1",3.84804633921711e-11,-1.49012514040375,3.89782346872803e-09,0.999950186031214,0.99999999994277
"FOXN3",3.84494796956083e-11,-1.49023565127383,3.89154909734111e-09,0.999950226140422,0.99999999994277
"FAM208A",3.78855058513773e-11,-1.49226073537126,3.7782245037674e-09,0.999950956219349,0.99999999994277
"ASCC3",3.62069869047092e-11,-1.49844551519731,3.45085212526256e-09,0.999953129106133,0.99999999994277
"DEF6",3.60334375321226e-11,-1.49909900276396,3.41784977141242e-09,0.999953353770346,0.99999999994277
"VDAC2",3.56226609611897e-11,-1.50065662806332,3.34036784624813e-09,0.999953885531386,0.99999999994277
"MNDA",3.41614336782071e-11,-1.50632594574953,3.07194727240966e-09,0.999955777128414,0.99999999994277
"PPIA",3.3393176185696e-11,-1.50939099475044,2.93533070340166e-09,0.999956771657881,0.99999999994277
"COPS2",3.1477972176726e-11,-1.51730513268314,2.60828518089986e-09,0.999959250939683,0.99999999994277
"SCAF11",3.13215241179525e-11,-1.51796980334092,2.5824228348387e-09,0.999959453465797,0.99999999994277
"RBM42",3.08248861170433e-11,-1.52009890266695,2.50117766063464e-09,0.99996009637671,0.99999999994277
"NDUFB1",3.05867632802066e-11,-1.52113024564113,2.4626836298558e-09,0.999960404632966,0.99999999994277
"TLE4",2.89426514987188e-11,-1.52844621580151,2.20504882439739e-09,0.999962532978773,0.99999999994277
"STUB1",2.81626286821735e-11,-1.53204323000475,2.08779550325094e-09,0.99996354273876,0.99999999994277
"TNFAIP3",2.73519630453627e-11,-1.5358737169909,1.96933038454089e-09,0.999964592166682,0.99999999994277
"ATP5H",2.62499249498467e-11,-1.54124102841715,1.81383472381638e-09,0.99996601878389,0.99999999994277
"EIF2AK4",2.43149347716835e-11,-1.55115373167463,1.55628021850406e-09,0.999968523679409,0.99999999994277
"TMEM14C",2.22359514893681e-11,-1.56259264627252,1.30152650088971e-09,0.999971214977777,0.99999999994277
"CHEK2",2.07321151651994e-11,-1.57145649383664,1.13143290466716e-09,0.999973161733328,0.99999999994277
"ROMO1",2.05293692009697e-11,-1.57269359149159,1.10941182311991e-09,0.999973424193295,0.99999999994277
"PHF3",2.03604128989718e-11,-1.57373258420299,1.09122609176736e-09,0.999973642911658,0.99999999994277
"FLT4",1.99488014675674e-11,-1.57629522787183,1.0475510487947e-09,0.999974175753448,0.99999999994277
"ERGIC2",1.94981556796091e-11,-1.57915369204465,1.00075702365003e-09,0.999974759126236,0.99999999994277
"EGLN1",1.80262946404732e-11,-1.58890425269387,8.55370976706837e-10,0.999976664488942,0.99999999994277
"RNF149",1.79179125337051e-11,-1.5896490650425,8.4511615587221e-10,0.999976804792421,0.99999999994277
"CHD4",1.76663962054437e-11,-1.5913925847897,8.21556643483401e-10,0.999977130386903,0.99999999994277
"STT3B",1.76149998429164e-11,-1.59175149631983,8.16783332555307e-10,0.999977196920842,0.99999999994277
"UBTF",1.61598325906119e-11,-1.60230794770909,6.87409127210579e-10,0.999979080673003,0.99999999994277
"CCDC53",1.60917479663789e-11,-1.60282165110617,6.81628943689921e-10,0.999979168810335,0.99999999994277
"PPHLN1",1.53092898351534e-11,-1.60886391589303,6.16952416954727e-10,0.999980181722901,0.99999999994277
"EIF6",1.48412508865781e-11,-1.61260663647019,5.79805850263519e-10,0.999980787611592,0.99999999994277
"CYTH1",1.44718286977383e-11,-1.61563328901291,5.51300524807075e-10,0.999981265838301,0.99999999994277
"KDM5A",1.23227789151973e-11,-1.63468971799974,3.99722774486354e-10,0.999984047839592,0.99999999994277
"SPOCK2",1.2218115843674e-11,-1.63568909078312,3.92961548556850e-10,0.999984183328683,0.99999999994277
"MRPS16",1.22101562145527e-11,-1.63576539463605,3.9244971688067e-10,0.999984193632631,0.99999999994277
"UTP18",1.20802775487452e-11,-1.63701655439921,3.84145194335646e-10,0.99998436176397,0.99999999994277
"CD3E",1.19631318074573e-11,-1.63815503828012,3.76730997099865e-10,0.999984513412203,0.99999999994277
"DGUOK",1.06365792034686e-11,-1.65176638377701,2.97814292488717e-10,0.999986230669331,0.99999999994277
"PIAS1",1.04240449145584e-11,-1.65408173511943,2.86031673806129e-10,0.999986505800541,0.99999999994277
"LGALS3",1.02489499501828e-11,-1.65601999237953,2.76503303378624e-10,0.999986732465563,0.99999999994277
"TIA1",1.0069953804768e-11,-1.6580311623676,2.66929477346627e-10,0.999986964180766,0.99999999994277
"LUC7L",9.58497515838573e-12,-1.66363938268095,2.41837454451154e-10,0.99998759199834,0.99999999994277
"GIMAP7",9.55423273873999e-12,-1.66400306520014,2.40288625043275e-10,0.999987631795208,0.99999999994277
"NBPF14",9.51982979107775e-12,-1.66441124952402,2.3856127467724e-10,0.999987676330726,0.99999999994277
"LRPAP1",8.65891242370613e-12,-1.67506438966571,1.97364152479691e-10,0.999988790810831,0.99999999994277
"DARS",8.61442298744921e-12,-1.67563934719243,1.95341251203319e-10,0.999988848403573,0.99999999994277
"RPAIN",7.4346289534265e-12,-1.69190718725001,1.45499056442695e-10,0.999990375677884,0.99999999994277
"AP3S1",6.2617720034486e-12,-1.71045646827303,1.03213399063444e-10,0.999991893971958,0.99999999994277
"SERPINB6",5.80334280528231e-12,-1.71853132441718,8.86539376652279e-11,0.999992487420575,0.99999999994277
"MS4A7",5.13401704021438e-12,-1.73136939014895,6.93834979942729e-11,0.999993353880328,0.99999999994277
"UFM1",5.09780238541957e-12,-1.73210436317054,6.84081068767662e-11,0.999993400761148,0.99999999994277
"NDUFA1",5.05753058359539e-12,-1.73292697893784,6.73315504247867e-11,0.999993452894051,0.99999999994277
"SYNRG",1.82217660721445e-12,-1.83162730334379,8.74022299999453e-12,0.999997641144605,0.99999999994277
"EREG",1.34510410909992e-12,-1.85839110337208,4.76270166681155e-12,0.999998258727462,0.99999999994277
"PRRC2C",1.01170797313822e-12,-1.8825033312076,2.6943370603615e-12,0.999998690317502,0.99999999994277
"GIMAP4",2.45466039504477e-13,-1.98926707580973,1.58607752294307e-13,0.999999682237776,0.99999999994277
"SESN3",2.33666174911407e-13,-1.99261809000958,1.43725317964827e-13,0.99999969751301,0.99999999994277
"GPATCH8",2.33233214076882e-13,-1.99274379658087,1.43193193168223e-13,0.999999698073489,0.99999999994277
"PDZD8",4.02982261492722e-14,-2.09840205208084,4.27477675425455e-15,0.99999994783289,0.99999999994277
"LCK",3.99614439389335e-14,-2.09884806616768,4.20362459359586e-15,0.999999948268863,0.99999999994277
"HBM",5.30852946634363e-15,-2.19241412870723,7.41805491957358e-17,0.999999993127969,0.99999999994277
"TRA2A",4.90270898563195e-15,-2.19559277621658,6.32723274340007e-17,0.999999993653315,0.99999999994277
"PDGFRB",4.57613445782165e-15,-2.19831988899926,5.51237980213951e-17,0.999999994076074,0.99999999994277
"MMP9",4.56074894271823e-15,-2.19845245989257,5.47537554388784e-17,0.999999994095991,0.99999999994277
"COL1A1",4.53609918154171e-15,-2.1986656627747,5.4163492875534e-17,0.999999994127901,0.99999999994277
"CDC25A",4.40710950005888e-15,-2.1997978919171,5.1126876605272e-17,0.999999994294881,0.99999999994277
"BTF3L4",4.38229759518345e-15,-2.20001895148099,5.0552811343899e-17,0.999999994327001,0.99999999994277
"SKAP1",4.05109799371007e-15,-2.20307805295607,4.32003312468808e-17,0.999999994755747,0.99999999994277
"NOS2",3.89072025574098e-15,-2.20463759043546,3.98475470006661e-17,0.999999994963361,0.99999999994277
"CLEC2D",3.77423893331576e-15,-2.20580539145991,3.74973313228645e-17,0.999999995114149,0.99999999994277
"DUSP2",3.73675785523731e-15,-2.20618777189224,3.67562749780431e-17,0.999999995162669,0.99999999994277
"PGR",3.47241324513949e-15,-2.20898262573252,3.17398147619215e-17,0.99999999550487,0.99999999994277
"GZMK",3.39812392548585e-15,-2.2098010540375,3.03962498476122e-17,0.999999995601039,0.99999999994277
"ATP12A",3.3810902529195e-15,-2.2099908811661,3.00922808934796e-17,0.99999999562309,0.99999999994277
"GNLY",3.35367489188326e-15,-2.2102981421362,2.96062565697023e-17,0.99999999565858,0.99999999994277
"CFTR",3.35264685650866e-15,-2.21030970602021,2.95881083501663e-17,0.999999995659911,0.99999999994277
"RBL2",3.31098322872703e-15,-2.2107809520098,2.88572898334753e-17,0.999999995713845,0.99999999994277
"LINC00861",3.26729699324134e-15,-2.21128059630358,2.81008078805866e-17,0.999999995770398,0.99999999994277
"PON1",3.24200032953406e-15,-2.21157255540375,2.76673579517516e-17,0.999999995803146,0.99999999994277
"CCR5",3.18490267108302e-15,-2.21223882901781,2.67013924347804e-17,0.99999999587706,0.99999999994277
"DHRS4",3.15312347604885e-15,-2.21261413307469,2.61711939302429e-17,0.999999995918199,0.99999999994277
"ESR1",3.14704025501051e-15,-2.21268634582411,2.60703088339282e-17,0.999999995926074,0.99999999994277
"PRTN3",3.13096714307285e-15,-2.21287772715289,2.58046872439595e-17,0.999999995946881,0.99999999994277
"IGLV2-14",3.12004229802098e-15,-2.21300829240009,2.56249214652123e-17,0.999999995961023,0.99999999994277
"LEF1",3.11793148714618e-15,-2.21303356457758,2.55902609951824e-17,0.999999995963756,0.99999999994277
"SAMHD1",3.08569814031272e-15,-2.21342132933588,2.50638889187759e-17,0.999999996005483,0.99999999994277
"MET",3.01708141718611e-15,-2.21425854885246,2.39615903682164e-17,0.999999996094309,0.99999999994277
"AVP",2.98226264855582e-15,-2.21468968098655,2.34117219742842e-17,0.999999996139383,0.99999999994277
"IGKV3-11",2.92373298820998e-15,-2.21542427996931,2.25017862722981e-17,0.999999996215151,0.99999999994277
"PTBP1",2.84372429457443e-15,-2.21644924051988,2.12871027348777e-17,0.999999996318724,0.99999999994277
"KLRD1",2.72262786745967e-15,-2.21804886637713,1.95127351770707e-17,0.999999996475487,0.99999999994277
"CYP1A1",2.66428517234186e-15,-2.21884154496197,1.86854256382559e-17,0.999999996551013,0.99999999994277
"BAD",2.63789793680409e-15,-2.21920498093517,1.8317135410724e-17,0.999999996585172,0.99999999994277
"SHH",2.61117742878189e-15,-2.21957621416835,1.79479291143246e-17,0.999999996619762,0.99999999994277
"ANKRD44",2.54370921050148e-15,-2.22052834292069,1.703242575948e-17,0.999999996707102,0.99999999994277
"MT-CO1",2.51024155748808e-15,-2.22100874918113,1.65871819967986e-17,0.999999996750427,0.99999999994277
"ILF3-AS1",2.48336839327335e-15,-2.2213985083,1.62339378272819e-17,0.999999996785214,0.99999999994277
"TTR",2.48257615905013e-15,-2.22141005365191,1.62235817079772e-17,0.99999999678624,0.99999999994277
"SH3KBP1",2.44163498081288e-15,-2.22201106245738,1.56928945444733e-17,0.999999996839239,0.99999999994277
"IGKC",2.43142526142633e-15,-2.22216229150931,1.55619289659948e-17,0.999999996852456,0.99999999994277
"EMC6",2.42819155612213e-15,-2.22221030413163,1.55205629167209e-17,0.999999996856642,0.99999999994277
"USP48",2.41720621473911e-15,-2.22237382225289,1.53804479356522e-17,0.999999996870863,0.99999999994277
"CCDC47",2.32876158494645e-15,-2.22371419104804,1.42755101248824e-17,0.999999996985357,0.99999999994277
"KNG1",2.30747592357634e-15,-2.22404331375322,1.40157368888009e-17,0.999999997012912,0.99999999994277
"PPARG",2.30292686269814e-15,-2.22411399133494,1.39605288655286e-17,0.999999997018801,0.99999999994277
"FIS1",2.26609541945187e-15,-2.22469070574716,1.35175494021632e-17,0.99999999706648,0.99999999994277
"EGFR",2.24748975414197e-15,-2.22498511467366,1.3296490287606e-17,0.999999997090566,0.99999999994277
"DEFA3",2.23874259179918e-15,-2.22512425295546,1.31931926168507e-17,0.999999997101889,0.99999999994277
"IGFBP3",2.22129997070308e-15,-2.22540311155239,1.29884103578068e-17,0.999999997124469,0.99999999994277
"TEK",2.21652716620719e-15,-2.2254797441146,1.29326551285124e-17,0.999999997130647,0.99999999994277
"MON2",2.21212297232723e-15,-2.22555058450281,1.2881312348394e-17,0.999999997136349,0.99999999994277
"IDO1",2.20450683979179e-15,-2.22567337550538,1.27927667306467e-17,0.999999997146208,0.99999999994277
"DNAJC8",2.20266789089793e-15,-2.22570307872649,1.2771432769059e-17,0.999999997148589,0.99999999994277
"KLF1",2.18225932018015e-15,-2.22603416657691,1.25358646258366e-17,0.999999997175008,0.99999999994277
"DEFA4",2.11747082444217e-15,-2.22710321282979,1.18025663297584e-17,0.999999997258878,0.99999999994277
"MS4A1",2.01717373585538e-15,-2.22881513165979,1.07109548681892e-17,0.999999997388716,0.99999999994277
"F8",2.01326342632651e-15,-2.22888334861756,1.0669468552252e-17,0.999999997393778,0.99999999994277
"GZMA",1.97417835176701e-15,-2.22957155324228,1.02592201680879e-17,0.999999997444374,0.99999999994277
"LTF",1.94151273433928e-15,-2.2301557928837,9.9225219070164e-18,0.999999997486661,0.99999999994277
"C1QA",1.91643966066991e-15,-2.2306100114695,9.66789398802581e-18,0.999999997519119,0.99999999994277
"HBD",1.91312075980408e-15,-2.23067051930054,9.63443715830978e-18,0.999999997523415,0.99999999994277
"RNF5",1.90322029437433e-15,-2.23085155653614,9.53497809369298e-18,0.999999997536231,0.99999999994277
"AR",1.84099068525224e-15,-2.23200842188109,8.92164137537867e-18,0.999999997616789,0.99999999994277
"MTRNR2L12",1.83660148022551e-15,-2.23209128464261,8.87915095644492e-18,0.999999997622471,0.99999999994277
"ABL1",1.82581678873357e-15,-2.23229561348868,8.77517875311951e-18,0.999999997636432,0.99999999994277
"KDR",1.65776243532145e-15,-2.23562205666323,7.23412765738376e-18,0.999999997853983,0.99999999994277
"PRPF38B",1.64761796746478e-15,-2.23583202037302,7.1458618907042e-18,0.999999997867115,0.99999999994277
"CTSK",1.62885329105446e-15,-2.23622335370339,6.98402071609489e-18,0.999999997891407,0.99999999994277
"ANKRD36B",1.62855068083894e-15,-2.23622969634442,6.98142595853455e-18,0.999999997891798,0.99999999994277
"CCL4",1.54665749409971e-15,-2.23798469895317,6.2969447102342e-18,0.999999997997811,0.99999999994277
"PARP8",1.54232666408727e-15,-2.23807972199926,6.26172965301677e-18,0.999999998003418,0.99999999994277
"NOD2",1.51801165538853e-15,-2.23861752923907,6.0658517485977e-18,0.999999998034894,0.99999999994277
"NFKB1",1.42358221898907e-15,-2.24077917541978,5.33465931328548e-18,0.999999998157135,0.99999999994277
"JCHAIN",1.36212072377532e-15,-2.24225351787628,4.88396767155828e-18,0.999999998236699,0.99999999994277
"ALPL",1.35402987193104e-15,-2.24245185227639,4.82611949503568e-18,0.999999998247173,0.99999999994277
"RP11-290D2.6",1.35344417326075e-15,-2.24246624936262,4.82194522904384e-18,0.999999998247931,0.99999999994277
"CXCL12",1.35301239376342e-15,-2.24247686639329,4.81886909923683e-18,0.99999999824849,0.99999999994277
"ALK",1.27076052037298e-15,-2.24455471774137,4.25078370650137e-18,0.999999998354967,0.99999999994277
"ARG1",1.2473424523402e-15,-2.24516749438713,4.09555711235467e-18,0.999999998385283,0.99999999994277
"AZU1",1.24232231644019e-15,-2.24530014469807,4.06265695861954e-18,0.999999998391781,0.99999999994277
"MBD4",1.23306545285818e-15,-2.24554596085712,4.00233871542255e-18,0.999999998403764,0.99999999994277
"USP3",1.1567239130543e-15,-2.24763620396801,3.52209452566539e-18,0.999999998502591,0.99999999994277
"LMO4",1.12808837054931e-15,-2.24845101165251,3.34986899965667e-18,0.99999999853966,0.99999999994277
"CXCR2",1.10676882748074e-15,-2.24906930480368,3.22444829109066e-18,0.999999998567259,0.99999999994277
"MAP2K1",1.03711508319389e-15,-2.25116355431824,2.83136253061811e-18,0.999999998657427,0.99999999994277
"XDH",1.03365823659002e-15,-2.25127061472066,2.81251934836293e-18,0.999999998661902,0.99999999994277
"NBEAL1",1.03256953333499e-15,-2.25130439634478,2.80659788161143e-18,0.999999998663312,0.99999999994277
"IL2",1.02424694045627e-15,-2.25156365919798,2.76153740591832e-18,0.999999998674086,0.99999999994277
"C9orf78",9.94282548005846e-16,-2.25251239216785,2.60232307561851e-18,0.999999998712875,0.99999999994277
"TRAC",9.70342530732652e-16,-2.25328825718425,2.4785159267051e-18,0.999999998743866,0.99999999994277
"GYPA",9.6081447318287e-16,-2.25360164561615,2.43008045487205e-18,0.9999999987562,0.99999999994277
"UQCRHL",9.1705459975032e-16,-2.25507629402912,2.21376729259912e-18,0.999999998812849,0.99999999994277
"APOB",8.63916284296079e-16,-2.2569508167331,1.96464867700865e-18,0.999999998881638,0.99999999994277
"ALOX5AP",8.15430252934782e-16,-2.25875003839854,1.75031098952616e-18,0.999999998944404,0.99999999994277
"RASSF5",7.62223402188781e-16,-2.26083381932098,1.52934735651345e-18,0.999999999013282,0.99999999994277
"IGHG1",7.13019184770178e-16,-2.26287558395177,1.33827082490816e-18,0.999999999076978,0.99999999994277
"IGKV1-5",6.44615037452492e-16,-2.26592592384395,1.09381139759143e-18,0.999999999165529,0.99999999994277
"ACHE",6.39612415555925e-16,-2.26615979471122,1.07689993345734e-18,0.999999999172005,0.99999999994277
"HLF",6.19536889899518e-16,-2.26711446793805,1.01035948316779e-18,0.999999999197993,0.99999999994277
"C1QB",6.06248543197138e-16,-2.26776115562284,9.67482226966324e-19,0.999999999215195,0.99999999994277
"C5AR1",5.92413114465539e-16,-2.26844758130474,9.23827546404759e-19,0.999999999233106,0.99999999994277
"IGKV4-1",5.79313585007065e-16,-2.26911035072941,8.83423617197095e-19,0.999999999250063,0.99999999994277
"PLAT",5.74434707901942e-16,-2.26936050149074,8.68606199291196e-19,0.999999999256379,0.99999999994277
"CYP3A4",5.59449160710685e-16,-2.2701404633328,8.23877861197771e-19,0.999999999275778,0.99999999994277
"PLG",4.40850100321087e-16,-2.27704322276712,5.11591673579045e-19,0.999999999429308,0.99999999994277
"ATM",4.30998298159272e-16,-2.27768631491006,4.88981794706945e-19,0.999999999442061,0.99999999994277
"TLR9",4.28163827604768e-16,-2.27787368591555,4.82571342698589e-19,0.999999999445731,0.99999999994277
"ZFC3H1",4.24253942716685e-16,-2.2781339087613,4.73798142377492e-19,0.999999999450792,0.99999999994277
"CD79A",4.05711403788177e-16,-2.27939689133062,4.33287349926205e-19,0.999999999474796,0.99999999994277
"ETS1",4.02265409079712e-16,-2.27963707148211,4.2595817506231e-19,0.999999999479257,0.99999999994277
"FCGR3A",3.83433063282898e-16,-2.28098186974555,3.87008673142821e-19,0.999999999503636,0.99999999994277
"BOD1L1",3.64043376730399e-16,-2.28242731447715,3.48857326100189e-19,0.999999999528736,0.99999999994277
"CLC",3.56584102950652e-16,-2.28300110536649,3.34707570256549e-19,0.999999999538393,0.99999999994277
"ELANE",2.97935322824768e-16,-2.2879130685675,2.3366064484003e-19,0.999999999614315,0.99999999994277
"ZMAT2",2.91038965926598e-16,-2.28854430475881,2.22968676974047e-19,0.999999999623242,0.99999999994277
"EHMT1",2.75950858186681e-16,-2.28997159458275,2.00449546315658e-19,0.999999999642774,0.99999999994277
"S100A8",2.45827940274084e-16,-2.29303485136756,1.59075781041056e-19,0.999999999681769,0.99999999994277
"PSMD5-AS1",2.07811436063468e-16,-2.29740070591236,1.13679058121976e-19,0.999999999730983,0.99999999994277
"ABCB1",1.65853341375744e-16,-2.30310445478035,7.24085799852745e-20,0.999999999785299,0.99999999994277
"CD164",1.53166714338732e-16,-2.30507497715565,6.17547505705692e-20,0.999999999801722,0.99999999994277
"VEGFA",1.25795963289081e-16,-2.30985778687267,4.16557530274216e-20,0.999999999837154,0.99999999994277
"F2",1.24364079095492e-16,-2.31013192897721,4.07128491614441e-20,0.999999999839007,0.99999999994277
"S100A12",1.0317275847517e-16,-2.31454471439551,2.80202279461875e-20,0.99999999986644,0.99999999994277
"FLT1",6.74957159286047e-17,-2.32415527460137,1.19920656156562e-20,0.999999999912625,0.99999999994277
"SHISA5",6.26537574634708e-17,-2.32578390020397,1.03332234941335e-20,0.999999999918893,0.99999999994277
"F10",4.42089871028494e-17,-2.33319369357326,5.14473143752918e-21,0.99999999994277,0.99999999994277
