"gene","distance","Z","FC","p.value","p.adj"
"PARP1",0.000198592605852382,7.07287984365145,516243.212284532,0,0
"PRSS57",1.21902034774068e-05,4.08169909296368,1945.13664280859,0,0
"SMIM24",2.91803598310897e-06,2.93195681889814,111.457549768115,4.69756890392961e-26,4.69756890392961e-23
"GYPC",1.49843349780644e-06,2.46683558009684,29.3902413144063,5.91748742784433e-08,4.43811557088325e-05
"CDCA7",1.43227457778069e-06,2.43680112114441,26.852255597156,2.19617877366506e-07,0.000131770726419904
"RPS18",1.26863708421606e-06,2.35700348589511,21.0670152769335,4.43497001599109e-06,0.00221748500799555
"C1orf228",1.25234000391548e-06,2.34857562631163,20.5292324749849,5.87274855620943e-06,0.00251689223837547
"CD34",1.16807694750322e-06,2.30342237773064,17.8595746580945,2.37819663158562e-05,0.00891823736844609
"SPINK2",1.15189626303275e-06,2.29443049260339,17.3682053064936,3.07934361321714e-05,0.0102644787107238
"RPS6",1.0987174948094e-06,2.264086998117,15.8015716642999,7.03440516850581e-05,0.0211032155055174
"IMPDH2",1.0846056567393e-06,2.2558215738193,15.3982701897583,8.70679612990537e-05,0.0237458076270147
"ZFP36L2",1.03372327862238e-06,2.22522479324279,13.9873936728691,0.000184040450236574,0.0460101125591435
"BST2",1.02623892705325e-06,2.22061477004381,13.7855841583205,0.000204902469932008,0.0472851853689248
"LCP1",9.97467143763886e-07,2.2026171446796,13.0234307071791,0.00030761774927668,0.065918089130717
"C1QTNF4",9.51904229311369e-07,2.17317476076905,11.8608200872849,0.000573272940704206,0.114654588140841
"ICAM3",9.4107641562567e-07,2.16599879117826,11.5925234970822,0.00066217496165783,0.124157805310843
"FABP5",8.83879183684025e-07,2.12686175991058,10.2261937622888,0.0013846009735599,0.237198359717821
"RPS21",8.81301603384699e-07,2.12504694007812,10.1666372028174,0.00143004869054452,0.237198359717821
"RPL18A",8.77357632449776e-07,2.12226115740965,10.0758460337311,0.00150225627821287,0.237198359717821
"IGFBP7",8.71605951132364e-07,2.11817901734712,9.9441708941292,0.00161359529054615,0.242039293581922
"EEF1B2",8.05050347987323e-07,2.06916300521231,8.48348487020637,0.00358384927709808,0.505884435006472
"RPS19",8.02063697813247e-07,2.06688222540221,8.42065599874078,0.00370981919004746,0.505884435006472
"SELL",7.97260134138378e-07,2.06319847299691,8.32009532687146,0.00392088622661615,0.511419942602107
"RPS3A",7.8910955146787e-07,2.05690376174301,8.15084821572924,0.00430410245550293,0.538012806937866
"RPS5",7.8357880348526e-07,2.05260021484583,8.03699252401303,0.00458315673659282,0.549978808391139
"FKBP4",7.76825858016024e-07,2.04730985389149,7.89906253954605,0.00494604245497636,0.570697206343426
"RPL10A",7.57870101355482e-07,2.03224392323425,7.51826715126485,0.00610764058012778,0.678626731125309
"RPS28",7.39067305907738e-07,2.01697369876429,7.14983776031542,0.00749707684044735,0.803258232905073
"RPL36",7.34113148111599e-07,2.01289434399376,7.05430463430513,0.00790749989439063,0.818017230454203
"RPL3",7.28984745756518e-07,2.00864632601897,6.95608830892721,0.00835344691489699,0.835344691489699
"RPL12",7.21672850242923e-07,2.00254468290355,6.81724559355386,0.00902817058159987,0.8736939272516
"ZFAS1",7.08937848523884e-07,1.99178858009812,6.57876739522493,0.0103202333346984,0.967521875127974
"RPL7",6.95039632087699e-07,1.9798573886515,6.32335179585659,0.0119158185802747,0.999999999856525
"RBPMS2",6.79449797479127e-07,1.96622562565535,6.04286584199739,0.0139626006385495,0.999999999856525
"NPM1",6.75364910733133e-07,1.96260904481035,5.9704242262225,0.0145477805821328,0.999999999856525
"CCND1",6.60732368715284e-07,1.94949664118205,5.71451492846162,0.0168252126350797,0.999999999856525
"RPS14",6.55747674196245e-07,1.94497234657764,5.62861732769374,0.0176695634464817,0.999999999856525
"TGFB1I1",6.51865968863034e-07,1.94142849584054,5.56217723756054,0.0183525761071336,0.999999999856525
"RPS3",6.48165947016444e-07,1.93803346483412,5.4992140787288,0.0190250223469478,0.999999999856525
"RPL13",6.44497875151657e-07,1.93465114550554,5.43714838190925,0.019712827354322,0.999999999856525
"RPS23",6.4391119064185e-07,1.93410861989784,5.42725404716567,0.019824828350603,0.999999999856525
"HPSE",6.43579971151808e-07,1.9338021417693,5.42167206626576,0.0198883048626673,0.999999999856525
"ITM2C",6.38776978951563e-07,1.9293425030546,5.3410509110573,0.0208289126669524,0.999999999856525
"CDK6",6.37637968068817e-07,1.92828065930382,5.32202050915198,0.0210575809976024,0.999999999856525
"RPL34",6.34759349438128e-07,1.92558972640958,5.27407641890146,0.0216452679028845,0.999999999856525
"MANF",6.04816162258439e-07,1.89695376409587,4.78822976205644,0.0286548620621658,0.999999999856525
"HSH2D",6.02071999574325e-07,1.8942683876931,4.74487816640544,0.0293856343096655,0.999999999856525
"RPL22L1",6.01664250810287e-07,1.89386846989784,4.73845347609431,0.029495574739961,0.999999999856525
"RPS9",5.7041912350789e-07,1.86250211804756,4.25908550912868,0.0390409330705738,0.999999999856525
"CALD1",5.62497950993024e-07,1.85431418495026,4.14161853017687,0.0418411451707109,0.999999999856525
"RP11-620J15.3",5.62382593963814e-07,1.85419420734949,4.13991997885258,0.04188314926529,0.999999999856525
"RPL26",5.56649775998421e-07,1.84820475052282,4.05594710689654,0.0440160214081273,0.999999999856525
"GSN",5.51956387310808e-07,1.84326136031379,3.98784006522836,0.0458297780264927,0.999999999856525
"EIF3E",5.49696283671308e-07,1.84086787270115,3.95524879764969,0.0467254104931395,0.999999999856525
"KCNAB2",5.48431489586003e-07,1.83952471364535,3.93706850343851,0.0472330188694287,0.999999999856525
"TTK",5.46355402278714e-07,1.83731416902309,3.90731737741181,0.0480762807101659,0.999999999856525
"RPL29",5.25032889937008e-07,1.81417956313846,3.60828826194182,0.0574922662059123,0.999999999856525
"BANK1",5.18400259893762e-07,1.80681732253012,3.51769860617102,0.060716701814668,0.999999999856525
"PYCARD",5.15519429353518e-07,1.80359415862891,3.47871044760038,0.0621631644634355,0.999999999856525
"RPS25",5.14220677966671e-07,1.80213597172964,3.46120465180144,0.0628245286378907,0.999999999856525
"GOLGB1",5.14085925251467e-07,1.80198449414879,3.45939085615608,0.0628934807545291,0.999999999856525
"EEF1A1",5.11377095431337e-07,1.79893214169571,3.42303034908833,0.0642928939192363,0.999999999856525
"RPL14",5.08251435680092e-07,1.79539265260304,3.3813134628326,0.0659394863821547,0.999999999856525
"DAAM1",5.07142657248973e-07,1.79413254507121,3.36657651293029,0.0665318762925244,0.999999999856525
"FHL2",5.06659590673764e-07,1.79358280208163,3.36016606401315,0.0667913328512187,0.999999999856525
"RSU1",5.02335679881989e-07,1.78864175709346,3.30305844396727,0.0691510181733101,0.999999999856525
"CNN2",4.99650357476572e-07,1.78555460102259,3.26783869057979,0.0706506461559516,0.999999999856525
"EIF4B",4.98206890915167e-07,1.78388919166856,3.24898469722991,0.071467714486999,0.999999999856525
"RPL7A",4.92536083271234e-07,1.77730574412894,3.17544291967892,0.0747529417270105,0.999999999856525
"PLEK",4.83997193224016e-07,1.76726773936417,3.06629469561084,0.0799314654189267,0.999999999856525
"RPL37",4.82156646329047e-07,1.76508399083985,3.04301799734667,0.0810850379595681,0.999999999856525
"RPL31",4.8147673775719e-07,1.76427547568189,3.0344418830713,0.0815145777589541,0.999999999856525
"RPL11",4.79895883892635e-07,1.7623917706759,3.01454836097199,0.0825204390438772,0.999999999856525
"PGF",4.78891741489797e-07,1.76119246809491,3.00194617360083,0.0831645609552434,0.999999999856525
"CSF3R",4.78430324346739e-07,1.76064064188399,2.99616414812745,0.0834619066046613,0.999999999856525
"FCER1G",4.76720018330967e-07,1.75859119436002,2.97478089560948,0.084571577820155,0.999999999856525
"SPX",4.73704446938197e-07,1.75496209730501,2.9372649906166,0.0865571799395584,0.999999999856525
"NASP",4.71706411358237e-07,1.75254652276722,2.9125390962727,0.087893398900392,0.999999999856525
"SBDS",4.64626320973975e-07,1.74391493881896,2.82576357861183,0.0927627655860284,0.999999999856525
"CDKN2D",4.64209620843317e-07,1.74340338471193,2.82069727917679,0.0930559705381063,0.999999999856525
"CTSW",4.60253853293986e-07,1.73852725555287,2.77282889965247,0.095876582335811,0.999999999856525
"CD9",4.59990562926957e-07,1.73820142082127,2.7696573875984,0.0960667214252836,0.999999999856525
"THBS1",4.57959551240059e-07,1.73568250250153,2.74525346110853,0.0975436088669003,0.999999999856525
"LAT",4.54616553382926e-07,1.73151527985472,2.70532032701489,0.100013991586966,0.999999999856525
"RPL9",4.52850259914241e-07,1.7293027781213,2.68433953782649,0.101339234870726,0.999999999856525
"UHRF1",4.52257505977839e-07,1.72855860558641,2.67731685679285,0.10178709722017,0.999999999856525
"RPS29",4.51451796376582e-07,1.72754572269683,2.66778592202396,0.102398385770208,0.999999999856525
"RPL32",4.51122508231746e-07,1.7271313135884,2.66389558464223,0.102649054646995,0.999999999856525
"RPS15",4.50330785311078e-07,1.72613385740166,2.65455348159531,0.103253747455524,0.999999999856525
"PDIA6",4.50076943401661e-07,1.72581373190502,2.65156169407999,0.103448222296872,0.999999999856525
"VWF",4.44919479166271e-07,1.71927544759616,2.59114099721695,0.107462896366015,0.999999999856525
"RRBP1",4.4254734062355e-07,1.71624615243176,2.56358473045419,0.109350379503346,0.999999999856525
"PDLIM1",4.41754453445299e-07,1.71523047526629,2.55440689839332,0.10998708317948,0.999999999856525
"PLAC8",4.41464791525202e-07,1.71485902878979,2.55105810669586,0.11022041654225,0.999999999856525
"SELK",4.39990294809356e-07,1.71296493786129,2.53404544745681,0.111414245776934,0.999999999856525
"RPLP0",4.39101445002801e-07,1.71182049324891,2.52381744586227,0.112138820046677,0.999999999856525
"PDLIM7",4.38487186616404e-07,1.71102842801768,2.51676125549888,0.112641720218365,0.999999999856525
"RPS24",4.36059997397634e-07,1.70788922186987,2.488975955797,0.114646298726622,0.999999999856525
"FBL",4.34682495433396e-07,1.7061008931816,2.47327557553375,0.115796380685029,0.999999999856525
"TPM1",4.33921045360447e-07,1.70511024096525,2.46461810078499,0.116435999479687,0.999999999856525
"PPP1R14A",4.30486132623463e-07,1.700622597314,2.42575277804304,0.119355893062226,0.999999999856525
"CSRP1",4.26505747793852e-07,1.69538335883293,2.38110190292862,0.12281089372896,0.999999999856525
"CD151",4.2346435409955e-07,1.69135147036999,2.34726391772696,0.125503113884198,0.999999999856525
"RPS16",4.23214274795557e-07,1.69101883290536,2.34449235600085,0.125726512776588,0.999999999856525
"RPL30",4.20750406316054e-07,1.68773244202491,2.31727349176308,0.127944112288741,0.999999999856525
"LRPPRC",4.1942067564412e-07,1.68595187313307,2.30264971255806,0.129153506448808,0.999999999856525
"RPN1",4.12261831048551e-07,1.67628101503382,2.22471540032464,0.13581768204725,0.999999999856525
"CCND3",4.1171927025362e-07,1.67554215828848,2.21886354116497,0.136333382382573,0.999999999856525
"TNFSF13B",4.10673097982073e-07,1.67411510257612,2.20760167188742,0.137332027326186,0.999999999856525
"CMAS",4.09546014945785e-07,1.67257415200052,2.19550087409369,0.138414209951566,0.999999999856525
"RPL5",4.04011511995136e-07,1.66495365710727,2.13656291455319,0.14382381006986,0.999999999856525
"PAICS",4.02110298943701e-07,1.66231499790964,2.11650158721376,0.145719066039122,0.999999999856525
"RPS4Y1",4.01475837187661e-07,1.6614320357434,2.10982789628356,0.14635577668587,0.999999999856525
"SH3BP5",4.01260394664058e-07,1.66113193578502,2.10756412524982,0.146572466309993,0.999999999856525
"RPSA",3.96326737684182e-07,1.65422114439596,2.05605605308334,0.151602111293751,0.999999999856525
"RPS8",3.95515868972449e-07,1.65307820497455,2.04765144213512,0.152441186634851,0.999999999856525
"AC090498.1",3.95093724577484e-07,1.65248237875116,2.04328275128782,0.152879412317047,0.999999999856525
"MYB",3.94856327226864e-07,1.65214706739468,2.04082802142913,0.153126273833809,0.999999999856525
"PDLIM5",3.91363389506895e-07,1.64719318724046,2.00488099438235,0.156793598475535,0.999999999856525
"CD63",3.91184669925152e-07,1.64693868903747,2.00305031890633,0.156983016246072,0.999999999856525
"VASP",3.85829134761757e-07,1.6392652534858,1.94858001286777,0.162739950068836,0.999999999856525
"RPL39",3.8529538452449e-07,1.63849544876588,1.94319246925176,0.16332231965093,0.999999999856525
"CITED2",3.82951338867336e-07,1.63510376324721,1.91962054761011,0.165898496973496,0.999999999856525
"ACTN1",3.82745010053425e-07,1.63480435845736,1.91755257556635,0.166126714138971,0.999999999856525
"CKLF",3.80529908396077e-07,1.63158117836106,1.89542148277766,0.168591697364188,0.999999999856525
"MYL6",3.77758623390602e-07,1.62752574406266,1.86791444111146,0.171714132397707,0.999999999856525
"EEF2",3.774867731177e-07,1.62712653852826,1.86522695600849,0.172022744766465,0.999999999856525
"CD84",3.74691642212209e-07,1.62300745396785,1.8377067789104,0.175219964772225,0.999999999856525
"COL1A2",3.73006579139945e-07,1.62051136419214,1.82121487809302,0.17716873452255,0.999999999856525
"FLNA",3.71864815844352e-07,1.61881451130386,1.81008256070935,0.17849832626757,0.999999999856525
"RPS12",3.71586998087794e-07,1.61840094494827,1.80737896946758,0.178822967245973,0.999999999856525
"CDK2AP2",3.71004958755923e-07,1.61753363812996,1.80172138847404,0.179504526643762,0.999999999856525
"PPIF",3.69873663774287e-07,1.61584450023401,1.79075026431722,0.180834777422615,0.999999999856525
"ACTB",3.69507471190835e-07,1.61529677924978,1.7872061631107,0.181266935013263,0.999999999856525
"NAA38",3.69507025673534e-07,1.61529611259516,1.78720185342362,0.1812674612514,0.999999999856525
"TMSB4X",3.68714419362828e-07,1.61410898408361,1.77954284779876,0.182205472113578,0.999999999856525
"FNBP1",3.68441446869391e-07,1.613699627139,1.77690890452036,0.182529353712721,0.999999999856525
"PSMA6",3.66994789421022e-07,1.61152578667475,1.76298250219697,0.184252939540171,0.999999999856525
"RPL23A",3.66359241799279e-07,1.61056842536886,1.75688165725705,0.185013945795309,0.999999999856525
"PARVB",3.60928851176091e-07,1.60232915732501,1.70518460819598,0.191611336837188,0.999999999856525
"VIMP",3.60464361659828e-07,1.6016194368338,1.70079853198359,0.19218357965277,0.999999999856525
"CAMTA1",3.59242522306544e-07,1.59974872933279,1.68928793174771,0.193694862031681,0.999999999856525
"PF4",3.56997170139949e-07,1.5962965526609,1.66823701290104,0.196494838521301,0.999999999856525
"PTMS",3.54865869389681e-07,1.59300229118823,1.64837746361387,0.199179910898333,0.999999999856525
"HMGA1",3.51841903072615e-07,1.58829875441587,1.62040407860997,0.203035453791124,0.999999999856525
"ABRACL",3.479602792174e-07,1.58220962717328,1.58484774714067,0.208063794238391,0.999999999856525
"TACC1",3.47477606940602e-07,1.58144834979375,1.58045396107665,0.208695316189151,0.999999999856525
"GLTSCR2",3.46416709726275e-07,1.5797718647976,1.57081800426159,0.210088259429477,0.999999999856525
"MYADM",3.45798856382342e-07,1.57879345127256,1.56521971972232,0.210902586587217,0.999999999856525
"PPBP",3.44645170447834e-07,1.57696245067594,1.5547930820944,0.212429244730445,0.999999999856525
"FERMT3",3.44291989399309e-07,1.57640086040573,1.55160811311066,0.212898196777926,0.999999999856525
"APBB1IP",3.4290314776234e-07,1.57418762603475,1.53911527790661,0.214749542315533,0.999999999856525
"RPL38",3.4175467580652e-07,1.57235156996413,1.52882274710251,0.216289215423107,0.999999999856525
"PRDX2",3.41400107166404e-07,1.57178364363224,1.52565210194639,0.216766161408971,0.999999999856525
"RPS13",3.40746421005692e-07,1.57073526912693,1.51981529715052,0.217647446432391,0.999999999856525
"DHX29",3.39413675648265e-07,1.56859242135315,1.50794978377599,0.219452197902139,0.999999999856525
"RPL41",3.39297416733198e-07,1.5684051497497,1.50691692862833,0.219610139107112,0.999999999856525
"FAM26F",3.39259401543863e-07,1.56834390225857,1.50657927487468,0.219661801572838,0.999999999856525
"LTBP1",3.38683347550286e-07,1.56741507515725,1.50146735053398,0.220445724053142,0.999999999856525
"ARHGEF6",3.38436603802941e-07,1.56701680804947,1.49928039490302,0.220782118117432,0.999999999856525
"UROD",3.37452573600181e-07,1.56542598790758,1.49057452593488,0.222127340301892,0.999999999856525
"HINT1",3.3675690981299e-07,1.56429892641626,1.48443517499728,0.223081885256729,0.999999999856525
"LCN2",3.36166252396551e-07,1.56334040466312,1.47923246829017,0.223894648374253,0.999999999856525
"HSPD1",3.35925537823023e-07,1.56294935357993,1.47711479392041,0.224226485727523,0.999999999856525
"PPIB",3.35366955421263e-07,1.5620409770535,1.4722065374785,0.224997874254435,0.999999999856525
"VIM",3.34728924057899e-07,1.56100179505017,1.46661015767614,0.225881296961357,0.999999999856525
"RPL17",3.2848531456854e-07,1.55074108659072,1.41240784975674,0.234657087431639,0.999999999856525
"RPL35",3.28115710319229e-07,1.55012840230781,1.40923121913966,0.235184057151318,0.999999999856525
"ZYX",3.2401800828481e-07,1.54329539405247,1.37425239251304,0.241082605395634,0.999999999856525
"ITGA2B",3.19324983175e-07,1.53537713806295,1.33473178085328,0.247965170401519,0.999999999856525
"RPS15A",3.19111796399082e-07,1.53501505397883,1.33295019660022,0.248281052177617,0.999999999856525
"HSP90B1",3.18497131446056e-07,1.5339699111538,1.32782015311837,0.249193385302304,0.999999999856525
"ACTR3",3.15905282424043e-07,1.52954357286044,1.30629715676521,0.253066171206868,0.999999999856525
"GNB2L1",3.15842353811828e-07,1.52943571345489,1.30577677749783,0.253160718695488,0.999999999856525
"RCN1",3.14450907986589e-07,1.52704601315911,1.29429690216255,0.255257593816134,0.999999999856525
"TBXAS1",3.13561687243588e-07,1.5255140457496,1.28698709122519,0.256603934646842,0.999999999856525
"RPL27A",3.11689181054356e-07,1.52227571406948,1.27166190463695,0.259455139125884,0.999999999856525
"SNCA",3.11571760263818e-07,1.52207208455774,1.27070395403047,0.259634660146656,0.999999999856525
"STOM",3.11074190570944e-07,1.52120846803239,1.26664865117798,0.260396333419812,0.999999999856525
"TAOK1",3.07995013824097e-07,1.51583727414497,1.24169684291669,0.265144281258178,0.999999999856525
"HSPA5",3.07903492942322e-07,1.51567691843086,1.24095901080518,0.265286309081751,0.999999999856525
"RPS2",3.06377120087907e-07,1.51299642521306,1.22868587193473,0.267662756978733,0.999999999856525
"PFN1",3.06040699590555e-07,1.5124040758727,1.22598901149278,0.268188500294825,0.999999999856525
"TROVE2",3.04751801619095e-07,1.51012942995704,1.21568419073171,0.270209297219112,0.999999999856525
"PRDX1",3.04525648898015e-07,1.50972945712806,1.21388057037584,0.270564944406494,0.999999999856525
"AHCY",3.04164631361771e-07,1.50909042960104,1.21100414659634,0.271133344379334,0.999999999856525
"LCP2",3.01120035573462e-07,1.50367499047062,1.18688191291744,0.275959414849508,0.999999999856525
"RAP1B",3.00745528365529e-07,1.5030055815633,1.18393146548103,0.276557078246376,0.999999999856525
"PLP2",2.98689150554592e-07,1.49931701675045,1.16779631652837,0.27985450118365,0.999999999856525
"MAT2A",2.97084012083237e-07,1.49642253714684,1.15527869993238,0.282446852950166,0.999999999856525
"GATA1",2.9677767675026e-07,1.49586859719448,1.15289741915552,0.282943438740283,0.999999999856525
"LRRFIP2",2.95905286502498e-07,1.49428835465818,1.14612940199606,0.284360869550088,0.999999999856525
"SLAIN2",2.95426494499277e-07,1.49341935836626,1.14242339432092,0.285140833913888,0.999999999856525
"MFF",2.95214290833246e-07,1.49303382361354,1.14078278746962,0.2854869813497,0.999999999856525
"AKR7A2",2.95166234914144e-07,1.49294648158827,1.14041141721382,0.285565409783079,0.999999999856525
"DSTN",2.94696112640491e-07,1.49209138048207,1.13678155860785,0.28633342897113,0.999999999856525
"IFI27L2",2.90892186559194e-07,1.48512867186845,1.10762389877768,0.292599044004732,0.999999999856525
"FAM162A",2.90737389371998e-07,1.48484366518048,1.10644537661858,0.292855952064681,0.999999999856525
"DGKD",2.88966314279949e-07,1.48157344311612,1.09300624349851,0.29580608113491,0.999999999856525
"SEC11C",2.88812913814347e-07,1.48128937904663,1.09184608638398,0.29606253752902,0.999999999856525
"DNAJC3",2.88373193081844e-07,1.48047438797082,1.08852392277108,0.296798491380861,0.999999999856525
"GP1BA",2.87902740645326e-07,1.47960124553732,1.08497518090011,0.297587234132846,0.999999999856525
"RPL6",2.87674785770049e-07,1.47917772525809,1.08325774348937,0.297969918030361,0.999999999856525
"CMTM5",2.87016333742789e-07,1.47795274480067,1.07830453246549,0.299077153469024,0.999999999856525
"TSPAN32",2.85280602812227e-07,1.47471190012483,1.06530187777214,0.302009056821682,0.999999999856525
"DCTN3",2.84258169029164e-07,1.47279487853977,1.05767956631134,0.303745019290739,0.999999999856525
"RPL13A",2.83719731810615e-07,1.47178292959972,1.0536764821956,0.304661876862454,0.999999999856525
"RPL4",2.83626349847541e-07,1.47160725662063,1.05298299369389,0.304821075564855,0.999999999856525
"RPS7",2.8245862416803e-07,1.46940625636478,1.04433031327427,0.306816489867449,0.999999999856525
"RCSD1",2.80939700561299e-07,1.46653147718395,1.03312872286082,0.309424951827982,0.999999999856525
"PSTPIP2",2.79580682560265e-07,1.46394791205716,1.02315758260982,0.31177119082694,0.999999999856525
"ILK",2.79578827477368e-07,1.46394437802149,1.0231440048775,0.311774401478042,0.999999999856525
"MLEC",2.79454298252812e-07,1.46370709650962,1.02223275594577,0.31198997801889,0.999999999856525
"RTN4",2.77453715058748e-07,1.45988252359993,1.00764903691415,0.315466716490158,0.999999999856525
"GFI1B",2.75391752402726e-07,1.4559155396165,0.992727527597711,0.319076655423061,0.999999999856525
"MEF2C",2.74155587690616e-07,1.45352494996695,0.983835318681448,0.321253758559581,0.999999999856525
"PTTG1IP",2.72942302419442e-07,1.45116951324072,0.975146591301633,0.323399979214639,0.999999999856525
"TC2N",2.70469108555217e-07,1.44633991555956,0.957554595216181,0.327803765729146,0.999999999856525
"NPDC1",2.7031805473445e-07,1.4460437036783,0.956485327894189,0.328073988318283,0.999999999856525
"EBNA1BP2",2.69656776158721e-07,1.44474526732875,0.951811355153722,0.329258660642962,0.999999999856525
"COX17",2.68489586435308e-07,1.44244671944115,0.94358949529834,0.331356421792203,0.999999999856525
"PAPSS1",2.6766634561037e-07,1.44082030149255,0.937811911940966,0.332841197908981,0.999999999856525
"MCM7",2.66756261583479e-07,1.4390172651665,0.931445503187303,0.334487593471301,0.999999999856525
"RPL22",2.66199426523862e-07,1.43791144897173,0.927560907006609,0.335497524916496,0.999999999856525
"OCIAD2",2.66034508731212e-07,1.43758355504867,0.926411964543535,0.335797012726098,0.999999999856525
"RIN3",2.63931980516396e-07,1.43338775326027,0.911826561076457,0.339630242398514,0.999999999856525
"SYTL1",2.60775081398651e-07,1.42703317510579,0.890144237638547,0.345438223871941,0.999999999856525
"NACA",2.59213829434843e-07,1.42386585117114,0.879517614349578,0.348333834974664,0.999999999856525
"MMRN1",2.58824560827115e-07,1.42307356679776,0.876878005762802,0.349058196572179,0.999999999856525
"VPS13A",2.58665707805125e-07,1.4227499543464,0.875801972060526,0.349354069242861,0.999999999856525
"RPL35A",2.57482659847162e-07,1.42033444305908,0.867809058543372,0.351562568737656,0.999999999856525
"RPL18",2.54068103043437e-07,1.41330840886514,0.844945107364142,0.357986286831871,0.999999999856525
"PROS1",2.52958825211477e-07,1.41100828162586,0.837583043764603,0.360088937635397,0.999999999856525
"KIF5B",2.52013669689344e-07,1.4090415665988,0.831335645322333,0.36188659739008,0.999999999856525
"YIF1B",2.51392393105015e-07,1.40774530931133,0.827241798086179,0.363071306288745,0.999999999856525
"ATP2A3",2.50585684928834e-07,1.40605801431628,0.821941144587015,0.364613231450073,0.999999999856525
"CAP1",2.50064973782358e-07,1.40496640566425,0.818528745070096,0.36561067761431,0.999999999856525
"WDR1",2.48204867665125e-07,1.40105077405131,0.806396797406567,0.369187687505246,0.999999999856525
"CDC42EP3",2.46589659094075e-07,1.39763000056637,0.79593559264072,0.372311345496246,0.999999999856525
"PIP4K2A",2.45789430953615e-07,1.39592804271287,0.790778064260856,0.373864959621246,0.999999999856525
"RPL19",2.4326209402318e-07,1.39052111080342,0.774599276922598,0.378797979123949,0.999999999856525
"LSM1",2.42928819419105e-07,1.38980448416896,0.772478293546546,0.379451462652477,0.999999999856525
"PBX1",2.42575175689892e-07,1.38904312714198,0.770230859399885,0.380145643600002,0.999999999856525
"PSMD6",2.41773744852709e-07,1.38731416923614,0.765149819670595,0.381721689259399,0.999999999856525
"TAGLN2",2.41653365300569e-07,1.38705404121219,0.764388070604696,0.381958766263535,0.999999999856525
"CMTM6",2.41510445467544e-07,1.38674506020197,0.763484181599783,0.382240351613288,0.999999999856525
"EPS15",2.41444386777399e-07,1.38660219320393,0.763066577571533,0.382370545616914,0.999999999856525
"FAM96B",2.41421802829182e-07,1.38655334249682,0.762923834554468,0.38241506219055,0.999999999856525
"MGST1",2.41325248279747e-07,1.38634444341851,0.762313707087567,0.38260542247713,0.999999999856525
"RPL8",2.41250863964988e-07,1.38618346104545,0.761843839602936,0.382752113059045,0.999999999856525
"HSP90AB1",2.39788386698028e-07,1.38300960920218,0.752635149800647,0.3856432070972,0.999999999856525
"CHD1L",2.38579700427765e-07,1.38037385615803,0.745066751253035,0.38804263545093,0.999999999856525
"AIF1",2.34074640135378e-07,1.37044680691127,0.717194473340487,0.397065717482689,0.999999999856525
"RPLP2",2.33574252701141e-07,1.36933400205494,0.714131420342985,0.398075682860243,0.999999999856525
"ARPC1A",2.32556428844001e-07,1.36706409298251,0.707921178377264,0.400134795272728,0.999999999856525
"BCL11A",2.32023771565826e-07,1.36587275168181,0.704681985803813,0.401214937069825,0.999999999856525
"HNRNPA1",2.31877532818055e-07,1.36554525978086,0.703793979070684,0.401511791341456,0.999999999856525
"DTD1",2.31853134895789e-07,1.3654906048586,0.70364588186419,0.401561330219515,0.999999999856525
"DNAJC15",2.3044126695097e-07,1.36231929931784,0.695102281649956,0.404434308644419,0.999999999856525
"NDUFAF3",2.30322882099441e-07,1.36205262213039,0.694388273745554,0.404675764802887,0.999999999856525
"SFT2D1",2.30302854574438e-07,1.36200749580339,0.694267519144387,0.404716621199432,0.999999999856525
"MYH9",2.2989693315781e-07,1.36109213428183,0.69182230676942,0.405545237445934,0.999999999856525
"ARF3",2.29025683811905e-07,1.35912271338671,0.686588591017369,0.40732715682562,0.999999999856525
"RPS20",2.28999332489232e-07,1.35906304637502,0.686430604573608,0.407381124402468,0.999999999856525
"LTA4H",2.28802011831812e-07,1.35861606634091,0.68524816808553,0.407785373084147,0.999999999856525
"FYB",2.28010510386809e-07,1.35681975871,0.680515370639898,0.409409314591282,0.999999999856525
"DNM1L",2.27647318189977e-07,1.35599368849417,0.678349145703621,0.410155770081818,0.999999999856525
"RPL37A",2.2627766778539e-07,1.35286815638768,0.670211064398289,0.412978030066801,0.999999999856525
"FKBP2",2.25352500275719e-07,1.35074764832057,0.664741767210675,0.414890895484116,0.999999999856525
"SDF2L1",2.24926608306267e-07,1.34976895811998,0.662231560684685,0.415773222203992,0.999999999856525
"HCST",2.2489971379914e-07,1.3497071012986,0.662073203905403,0.41582897712329,0.999999999856525
"DCXR",2.23350771064222e-07,1.34613371118888,0.652984868726297,0.419047528310133,0.999999999856525
"SLC25A6",2.21758865078545e-07,1.34243877671677,0.64370989650406,0.422370574089658,0.999999999856525
"PEBP1",2.20062366155985e-07,1.33847570812654,0.63389855538968,0.425928893880837,0.999999999856525
"RPL28",2.19355681952814e-07,1.33681706508488,0.629833827479421,0.427416273611712,0.999999999856525
"CLIC4",2.18408231126969e-07,1.33458604899814,0.624404764971537,0.429415141893301,0.999999999856525
"ATP6V0D1",2.18076421454079e-07,1.33380273645054,0.622508992442398,0.430116453996483,0.999999999856525
"ATP8A1",2.16271603564543e-07,1.32952389051455,0.612247761934074,0.433942741149065,0.999999999856525
"SEC61B",2.15679746806919e-07,1.32811398904808,0.608901348059948,0.435201772114129,0.999999999856525
"PDIA3",2.15474786825356e-07,1.32762495921776,0.607744622756397,0.435638265438042,0.999999999856525
"RALB",2.13458561959011e-07,1.32279270177143,0.596424347544279,0.439945560782122,0.999999999856525
"RAB27B",2.12783183500264e-07,1.32116519372965,0.592656169699715,0.441393828573799,0.999999999856525
"ANKRD28",2.09665543100498e-07,1.31359391376729,0.575416528157657,0.448114524587133,0.999999999856525
"SEPT7",2.08339727287603e-07,1.31034455580823,0.568162267480974,0.45099010779848,0.999999999856525
"GNA15",2.08130569456833e-07,1.30983030999983,0.567022053486993,0.45144470551323,0.999999999856525
"TOP1",2.07584429089301e-07,1.30848542955868,0.564050194644624,0.452632945093801,0.999999999856525
"HHEX",2.07120757352827e-07,1.30734122277469,0.561533223154923,0.453643142506381,0.999999999856525
"EIF3L",2.06648745345987e-07,1.30617415426233,0.558976758874281,0.454672815969025,0.999999999856525
"TMEM167A",2.05605308183945e-07,1.30358600095959,0.553346097106831,0.456953694744329,0.999999999856525
"GNB5",2.04199194635703e-07,1.30008021208184,0.545803423337757,0.460037501163792,0.999999999856525
"SEPW1",2.02918391330563e-07,1.29686861357887,0.538977985623986,0.462856591200903,0.999999999856525
"SSR4",2.02827489460165e-07,1.2966400117966,0.538495199094214,0.463057034630039,0.999999999856525
"S100A4",2.01859231589877e-07,1.29419949729343,0.53336613418223,0.465195094674116,0.999999999856525
"MYDGF",2.01609874896622e-07,1.29356934736239,0.532049213791711,0.465746599389444,0.999999999856525
"GUCY1B3",2.01147234469764e-07,1.29239841790047,0.529610195818162,0.4667707873509,0.999999999856525
"GP6",2.00898566844939e-07,1.29176808351124,0.528301547405643,0.467321800724033,0.999999999856525
"DBNL",2.00678126377955e-07,1.29120873551084,0.527142801994991,0.467810567977747,0.999999999856525
"EPB41L4A-AS1",2.00086093989179e-07,1.28970386880725,0.524037079743938,0.469124640805329,0.999999999856525
"GNAI2",1.99692343825505e-07,1.2887008726239,0.521976600142424,0.469999736428941,0.999999999856525
"TMEM165",1.99131744940121e-07,1.28726990556472,0.519050010595776,0.471247201957886,0.999999999856525
"UBE2C",1.98993598752175e-07,1.28691674231773,0.518330086125611,0.471554890247796,0.999999999856525
"SNRPN",1.9896862324919e-07,1.28685287113915,0.518199984028843,0.471610529154226,0.999999999856525
"C12orf75",1.9891046086627e-07,1.28670410248071,0.517897068521942,0.471740113801048,0.999999999856525
"MRPS26",1.96759395187633e-07,1.28117543883644,0.506756307935033,0.476546407013665,0.999999999856525
"DYNLT1",1.95659467042975e-07,1.27832815507563,0.501106386685052,0.47901438848516,0.999999999856525
"SYPL1",1.95250312921625e-07,1.27726547763193,0.499012796509888,0.479934212264653,0.999999999856525
"ANGPT1",1.95084670777824e-07,1.27683471441901,0.498166472767103,0.480306867871285,0.999999999856525
"RPS27",1.94294503692877e-07,1.27477546431496,0.494139118256432,0.482086725472219,0.999999999856525
"PF4V1",1.94288706172126e-07,1.274760328651,0.494109629629666,0.482099797673656,0.999999999856525
"RPS11",1.94112679894916e-07,1.27430058822946,0.493214704958673,0.48249679200825,0.999999999856525
"CYB5R3",1.93298035318869e-07,1.27216821010969,0.48908358311486,0.484336382027395,0.999999999856525
"RSL24D1",1.90697250613167e-07,1.26530803520419,0.476011087617785,0.490234707340669,0.999999999856525
"SYK",1.9021317679678e-07,1.26402224427478,0.473597502277427,0.491336788178316,0.999999999856525
"TLN1",1.90081232735984e-07,1.26367128471908,0.472940694944605,0.491637413072964,0.999999999856525
"HEMGN",1.89027345063444e-07,1.26086044009462,0.467710882176386,0.494042158964037,0.999999999856525
"SPCS2",1.88217995185332e-07,1.25869258039534,0.463714303239356,0.495893185513278,0.999999999856525
"HELLS",1.88188166139664e-07,1.25861252859217,0.463567334730367,0.495961476784829,0.999999999856525
"DYNLL1",1.86542899627179e-07,1.25418004153852,0.455497137253705,0.499735945606116,0.999999999856525
"PLXDC2",1.86239071061e-07,1.25335780143175,0.454014579196194,0.500434634503537,0.999999999856525
"GSPT1",1.86107753081968e-07,1.25300206086981,0.453374549610638,0.500736775628392,0.999999999856525
"TCEB1",1.84910493464293e-07,1.24974862019815,0.44756005719268,0.50349592745343,0.999999999856525
"DIAPH1",1.84225028821842e-07,1.24787771462133,0.444247990271097,0.505079225463548,0.999999999856525
"MRPL52",1.84124645174932e-07,1.24760322192798,0.443763983469427,0.505311313345145,0.999999999856525
"TKT",1.81785651150695e-07,1.2411704182825,0.432561045069051,0.510734950846057,0.999999999856525
"RPL24",1.81414676414508e-07,1.24014357014081,0.430797369204685,0.511597950515485,0.999999999856525
"PPA1",1.81220389848472e-07,1.23960506448133,0.429875135956622,0.512050223480627,0.999999999856525
"UHMK1",1.80998412118666e-07,1.23898919481245,0.428822668681912,0.512567212916146,0.999999999856525
"LMAN1",1.80696754039916e-07,1.23815120561686,0.427394479066501,0.513270214950263,0.999999999856525
"SPI1",1.8023654106646e-07,1.23687042322449,0.425220206385139,0.514343689320785,0.999999999856525
"EIF4G3",1.79945685532339e-07,1.23605950505778,0.423848921100614,0.515022728816197,0.999999999856525
"C1QBP",1.79709195885711e-07,1.2353993244363,0.422735584986102,0.51557518721939,0.999999999856525
"TPT1",1.79620570071608e-07,1.23515172427947,0.422318733227898,0.515782303290661,0.999999999856525
"SLC50A1",1.79260312728483e-07,1.23414415786412,0.42062637860589,0.516624658910856,0.999999999856525
"RPS4X",1.78200201153603e-07,1.23116903733279,0.415666079590846,0.519107546652832,0.999999999856525
"TIMP1",1.7795126421975e-07,1.23046819395863,0.414505560532005,0.519691473973167,0.999999999856525
"SELP",1.77891875402636e-07,1.23030086853147,0.414228935499401,0.51983083140582,0.999999999856525
"MRPL41",1.77796606661939e-07,1.23003235191365,0.413785379526182,0.520054422284158,0.999999999856525
"FLOT1",1.76482048369641e-07,1.2263144694783,0.407689266060473,0.52314467874909,0.999999999856525
"RPS27A",1.75817420632025e-07,1.224425609684,0.404624349496156,0.524710661766583,0.999999999856525
"NUDT3",1.75311374171703e-07,1.22298328470651,0.402298481607608,0.525904606346174,0.999999999856525
"PRDX4",1.75088876671967e-07,1.22234798491059,0.401277970469766,0.526429996733703,0.999999999856525
"PDIA4",1.74835503171081e-07,1.2216236726661,0.400117421155641,0.527028621931837,0.999999999856525
"RPS17",1.74277433651413e-07,1.22002512278456,0.397567172947716,0.528348352086117,0.999999999856525
"ESAM",1.73070000837626e-07,1.21655129341847,0.39207738871789,0.531209454452497,0.999999999856525
"CFL1",1.72986213856899e-07,1.21630945731832,0.391697854095911,0.531408285130442,0.999999999856525
"PLD3",1.72855072310986e-07,1.21593073707232,0.391104183769468,0.531719566279889,0.999999999856525
"LSP1",1.72546808175826e-07,1.21503952845088,0.389710462579429,0.532451634147349,0.999999999856525
"FHL1",1.72162101147729e-07,1.21392538335964,0.387974618013653,0.533365954281788,0.999999999856525
"PCBD1",1.72100251947494e-07,1.21374606158082,0.387695908478735,0.533513023199767,0.999999999856525
"TESC",1.71690841417146e-07,1.21255763259757,0.385853517342635,0.534487061885607,0.999999999856525
"NDUFB3",1.71611152030386e-07,1.21232602654081,0.385495416769967,0.534676757157428,0.999999999856525
"F2R",1.71543735764734e-07,1.21213001786846,0.385192597793657,0.534837263600664,0.999999999856525
"CDK2AP1",1.71391034731291e-07,1.21168580219377,0.384507138447022,0.535200908136862,0.999999999856525
"CORO1B",1.70975614574402e-07,1.21047558560983,0.382645449058161,0.53619082630088,0.999999999856525
"MPO",1.70678633003606e-07,1.20960884681219,0.38131730699933,0.536899077815023,0.999999999856525
"P4HB",1.70081427208431e-07,1.20786194499588,0.378653511350414,0.538324736602992,0.999999999856525
"UBE2J1",1.70047884316559e-07,1.20776367038664,0.378504172512434,0.538404867003987,0.999999999856525
"RAB14",1.68664491846733e-07,1.20369588538813,0.372370724642413,0.541714847557786,0.999999999856525
"ERP44",1.68346093889029e-07,1.20275556660464,0.370966159062462,0.542478099148109,0.999999999856525
"NCOR1",1.67340959859553e-07,1.19977698515523,0.36654957221852,0.544891080438656,0.999999999856525
"PDCD5",1.66531008933283e-07,1.19736551080182,0.363009868842786,0.546839364727025,0.999999999856525
"ARF4",1.66401708563235e-07,1.19697960402073,0.362446381131919,0.547150707314107,0.999999999856525
"MGLL",1.66392502082622e-07,1.19695211667906,0.362406276215917,0.547172878959803,0.999999999856525
"BCAP29",1.65998564493029e-07,1.19577472084726,0.360692299286905,0.54812200140523,0.999999999856525
"SERPINE2",1.65169966356239e-07,1.19329029968319,0.35710042424685,0.550121012228376,0.999999999856525
"ACAP1",1.64876089096943e-07,1.19240656206629,0.355830818928208,0.550830859090983,0.999999999856525
"HLA-DPA1",1.64587167796952e-07,1.19153639724581,0.354584828365023,0.551529174093095,0.999999999856525
"STX11",1.64567666916416e-07,1.19147761742154,0.35450080836723,0.551576322865692,0.999999999856525
"MRPL27",1.64193113454211e-07,1.19034746119213,0.352888968015299,0.552482293642468,0.999999999856525
"MAPRE2",1.62828160141398e-07,1.18620994885089,0.347046154731157,0.555790011880162,0.999999999856525
"SNRPE",1.62227248327175e-07,1.18437890824964,0.344489357163186,0.557249271594817,0.999999999856525
"RASGRP2",1.62063616512106e-07,1.18387928790476,0.34379476373782,0.557646959541117,0.999999999856525
"NDUFA4",1.6199254360348e-07,1.18366214347704,0.343493287854609,0.557819736929076,0.999999999856525
"BTF3",1.61119447014688e-07,1.18098787521211,0.339800591719838,0.559944346766939,0.999999999856525
"PABPC1",1.60015673341942e-07,1.17758903298692,0.335160826121,0.562635893129232,0.999999999856525
"TREML1",1.60014692621576e-07,1.17758600404703,0.335156717797932,0.562638287385075,0.999999999856525
"RHOA",1.59608521233915e-07,1.17633016584088,0.333457395147169,0.563630305784325,0.999999999856525
"RBM6",1.58481857032945e-07,1.17283210082785,0.328766310892639,0.566386433477905,0.999999999856525
"COX7A2",1.56997377843914e-07,1.16819006803683,0.322636132712125,0.570027715945777,0.999999999856525
"HERPUD1",1.53700550420586e-07,1.15774325866624,0.309228170511898,0.57815419734266,0.999999999856525
"HIGD2A",1.53171191233082e-07,1.15604780973317,0.30710181655967,0.579464095690552,0.999999999856525
"MTDH",1.52400558565253e-07,1.15357051052596,0.304019417795985,0.581373510377624,0.999999999856525
"TMEM91",1.52197021890559e-07,1.15291440488314,0.303207901342374,0.581878308804988,0.999999999856525
"FXYD5",1.51602951566583e-07,1.15099504979646,0.300845499376384,0.583352853531489,0.999999999856525
"P2RX1",1.5110600993095e-07,1.14938449465759,0.298876439744357,0.584587650918091,0.999999999856525
"MCM4",1.50461103008794e-07,1.14728754204417,0.296330728022581,0.586191921544989,0.999999999856525
"CYTL1",1.50396585590032e-07,1.14707733188797,0.296076650466271,0.586352527386128,0.999999999856525
"MCM3",1.50339610015052e-07,1.14689162957587,0.295852364229748,0.586494375970662,0.999999999856525
"APEX1",1.49592262184451e-07,1.14445011586049,0.292918273075156,0.588356472909872,0.999999999856525
"VPS28",1.49551776772041e-07,1.14431755256793,0.292759744656971,0.588457424589693,0.999999999856525
"THOC2",1.49519435698284e-07,1.14421163433981,0.292633137792936,0.588538073847489,0.999999999856525
"PABPC4",1.48335699361686e-07,1.14032113573835,0.28801796169814,0.591493475497443,0.999999999856525
"SLC30A5",1.46925412045961e-07,1.13565080117842,0.282567390016626,0.595023374855314,0.999999999856525
"PNPLA2",1.46185449797746e-07,1.13318478123879,0.279728361981445,0.59687931317064,0.999999999856525
"TPM4",1.45899833385093e-07,1.13223003578222,0.278636365997755,0.597596386695748,0.999999999856525
"IL2RG",1.4485374180246e-07,1.12871933385762,0.274655083664795,0.600226058840425,0.999999999856525
"PROM1",1.44799326106706e-07,1.12853611382852,0.274448768797604,0.600362992482357,0.999999999856525
"POLR2L",1.44637623383841e-07,1.12799130165114,0.273836137033333,0.600769990443815,0.999999999856525
"CHMP2A",1.44154424081761e-07,1.12636014803399,0.272009552677904,0.601986921979258,0.999999999856525
"BID",1.43830463411301e-07,1.12526388905785,0.270788343125856,0.602803434741197,0.999999999856525
"DYNLRB1",1.43290731343831e-07,1.12343271833878,0.268759858689709,0.604164885195007,0.999999999856525
"S100A6",1.43243997909438e-07,1.12327388313049,0.268584578364056,0.604282833154643,0.999999999856525
"ARPC5",1.42957850264717e-07,1.12230035952468,0.267512588164288,0.605005250846992,0.999999999856525
"PAFAH1B3",1.42269793543017e-07,1.11995254758053,0.264943706720009,0.606743924017468,0.999999999856525
"CKAP5",1.42115773502079e-07,1.11942564845204,0.264370365730575,0.607133427967449,0.999999999856525
"ACTG1",1.41969595551043e-07,1.1189251194214,0.263826791395957,0.607503203156813,0.999999999856525
"ISCA1",1.41819178809937e-07,1.11840961026592,0.263268038749666,0.607883805762684,0.999999999856525
"NRIP1",1.41610666425407e-07,1.11769421180549,0.262494458024778,0.608411584761104,0.999999999856525
"SH3BGRL3",1.41418011530062e-07,1.11703240868264,0.26178072022599,0.608899407206316,0.999999999856525
"NCL",1.412890913897e-07,1.11658910942846,0.261303646284576,0.609225943740828,0.999999999856525
"PLIN3",1.40964867850615e-07,1.11547269836329,0.260105767729294,0.610047500276184,0.999999999856525
"FAM127A",1.40924029048801e-07,1.11533191896345,0.259955079556318,0.610151017416912,0.999999999856525
"TUBA1C",1.39950409582721e-07,1.11196515631296,0.256375519350882,0.612621228336372,0.999999999856525
"HLA-DPB1",1.39854070638695e-07,1.11163091589824,0.256022673714174,0.612865894055878,0.999999999856525
"RPL21",1.38711342697501e-07,1.10765102825649,0.251855916024819,0.615771291102436,0.999999999856525
"IFITM1",1.38627930348394e-07,1.10735940966805,0.25155310622188,0.615983604587912,0.999999999856525
"MZB1",1.38622715556165e-07,1.10734117314508,0.251534181139366,0.61599687911829,0.999999999856525
"PAIP2",1.3860456365959e-07,1.10727768995662,0.251468311364879,0.616043086713928,0.999999999856525
"SEC61G",1.38517839347385e-07,1.10697428694826,0.251153724412614,0.616263873734202,0.999999999856525
"GDI1",1.38352487624886e-07,1.10639535171375,0.250554467099798,0.616684930477876,0.999999999856525
"TGFB1",1.38285371583246e-07,1.10616019172808,0.250311433591918,0.616855872830706,0.999999999856525
"MYL12B",1.38234084772163e-07,1.10598042729639,0.250125798705697,0.616986512652651,0.999999999856525
"C1orf43",1.38162572031247e-07,1.10572967291476,0.249867070119699,0.617168693012189,0.999999999856525
"ARHGAP6",1.3753443307937e-07,1.10352230603355,0.247600255633183,0.618769902929445,0.999999999856525
"OTUD6B-AS1",1.37277430979302e-07,1.10261664807734,0.246675769597371,0.619425558165696,0.999999999856525
"RPLP1",1.37054469558896e-07,1.10182975709622,0.245875135208147,0.619994615307389,0.999999999856525
"ACTN4",1.36232129321567e-07,1.09891788058608,0.242933437228666,0.622095413563512,0.999999999856525
"KRAS",1.35520979728637e-07,1.09638742840155,0.240403768263534,0.623914644062425,0.999999999856525
"SCAMP2",1.35440022573778e-07,1.09609863364659,0.240116630553407,0.624121890734428,0.999999999856525
"EMB",1.35397166699316e-07,1.09594569533705,0.23996469938954,0.624231611886305,0.999999999856525
"OSGEP",1.33136104364456e-07,1.08781665497413,0.232017047380147,0.630032234887294,0.999999999856525
"RNH1",1.32386445527932e-07,1.08509506354444,0.229411534165636,0.631960510701453,0.999999999856525
"PRKACB",1.3173028117732e-07,1.08270192444568,0.227143044823205,0.633650357134655,0.999999999856525
"PTPN11",1.31632081521055e-07,1.08234288666689,0.226804518937659,0.633903419408747,0.999999999856525
"DHRS7",1.31296655928851e-07,1.08111475137851,0.225650102620453,0.634768139963414,0.999999999856525
"PECAM1",1.31063504931986e-07,1.08025948528962,0.224849414526522,0.635369492442868,0.999999999856525
"CLNS1A",1.30781460073815e-07,1.07922309970852,0.223882716972955,0.636097275466104,0.999999999856525
"SEC62",1.30776879498019e-07,1.07920625222781,0.223867034416805,0.636109097996157,0.999999999856525
"NDUFS8",1.30641474880667e-07,1.07870799947251,0.223403696591267,0.636458621065523,0.999999999856525
"AKR1A1",1.30312044600576e-07,1.07749391431855,0.222278431413263,0.637309324947629,0.999999999856525
"HLA-DRA",1.30022806438522e-07,1.07642576059233,0.221292796429687,0.638056633009312,0.999999999856525
"GPAA1",1.2896211518934e-07,1.07249094894017,0.217697028363674,0.640800297654352,0.999999999856525
"CDS2",1.2874994582936e-07,1.07170050973835,0.216981304305084,0.641349702206979,0.999999999856525
"SPCS3",1.27927525883659e-07,1.06862587718845,0.214218121658248,0.643481182250689,0.999999999856525
"FGFR1OP2",1.27891539787534e-07,1.06849095206514,0.21409761921581,0.643574515225834,0.999999999856525
"TFAM",1.263158863566e-07,1.06255076942438,0.208854652044764,0.647666600777782,0.999999999856525
"IGLL1",1.25908875387232e-07,1.06100592264176,0.207510891021136,0.648725376685652,0.999999999856525
"ACTR2",1.24960794118655e-07,1.0573905590674,0.20439758415537,0.651194414865461,0.999999999856525
"BEX4",1.24794653523727e-07,1.05675456299139,0.203854435215036,0.651627481315686,0.999999999856525
"BLVRA",1.24570863599708e-07,1.0558967219933,0.203123960593102,0.652211003808551,0.999999999856525
"EAF2",1.24436335839409e-07,1.05538040211059,0.202685478339445,0.652561881603868,0.999999999856525
"MYL9",1.24419524203808e-07,1.05531584479132,0.202630715489004,0.652605735429523,0.999999999856525
"UQCC2",1.24200058699372e-07,1.05447239529878,0.201916499108295,0.653178330099694,0.999999999856525
"YIPF3",1.239739459052e-07,1.0536020481623,0.201181968951331,0.653768481534851,0.999999999856525
"NRDC",1.23654959352774e-07,1.05237187372223,0.200148013284037,0.654601400484742,0.999999999856525
"TSPO",1.23570071699738e-07,1.05204404086351,0.199873309164642,0.654823126642448,0.999999999856525
"GP9",1.2353232059293e-07,1.0518981848908,0.199751203771985,0.654921742140812,0.999999999856525
"HLA-DRB1",1.23434245375961e-07,1.05151907895912,0.199434155313418,0.655177967698548,0.999999999856525
"TMBIM6",1.22944265538651e-07,1.049621165445,0.197853965562193,0.656458667932242,0.999999999856525
"MAPRE1",1.22866921497964e-07,1.04932097870487,0.197605104639661,0.65666092075963,0.999999999856525
"KRTCAP2",1.22527610374917e-07,1.04800211203214,0.196515193269582,0.657548508414387,0.999999999856525
"STIP1",1.22457989984928e-07,1.04773111396006,0.196291936202263,0.657730684818826,0.999999999856525
"TUFM",1.22365850638814e-07,1.04737225544334,0.195996660957676,0.657971818069732,0.999999999856525
"ATP6V0C",1.22029951535714e-07,1.04606203247699,0.19492210065671,0.658851183931867,0.999999999856525
"CHST12",1.21973001152937e-07,1.04583957974566,0.194740206002858,0.659000323803841,0.999999999856525
"RCAN3",1.21863445532657e-07,1.04541139373951,0.194390533494837,0.659287262750257,0.999999999856525
"SRSF5",1.21569463085458e-07,1.04426074649709,0.193453772294335,0.660057484803754,0.999999999856525
"RPL10",1.20963088240117e-07,1.04187976547054,0.191528733802844,0.66164729979381,0.999999999856525
"MYL6B",1.20656598830566e-07,1.04067237503451,0.190559394112744,0.662451445956884,0.999999999856525
"SH3GLB1",1.20645983855128e-07,1.0406305106309,0.190525865995285,0.662479303791223,0.999999999856525
"MSI2",1.20433921294214e-07,1.03979348803275,0.189856670175896,0.663035936445507,0.999999999856525
"EIF3D",1.20357350529614e-07,1.03949094540693,0.189615328719112,0.663236969051407,0.999999999856525
"TADA3",1.20022002874182e-07,1.03816396986883,0.188560163074501,0.66411769261216,0.999999999856525
"SRPK2",1.1934822325351e-07,1.0354880803541,0.186449027098675,0.665888642062826,0.999999999856525
"CAT",1.19309161630684e-07,1.03533254784416,0.186327000820558,0.665991368163734,0.999999999856525
"VDAC3",1.19300483355345e-07,1.03529798738138,0.186299895807235,0.666014191553031,0.999999999856525
"RAB6A",1.19094686133047e-07,1.03447777961324,0.185657703401665,0.666555517583922,0.999999999856525
"HEBP1",1.18939859462236e-07,1.0338599063819,0.185175295990684,0.666962885921466,0.999999999856525
"GNG5",1.18287177766227e-07,1.03124754218273,0.183148575661269,0.668681251489039,0.999999999856525
"CAPNS1",1.18103005417708e-07,1.03050813308885,0.182578697428512,0.669166450909857,0.999999999856525
"EXOSC4",1.17955710419607e-07,1.02991605908743,0.18212356660919,0.669554596922781,0.999999999856525
"PTP4A2",1.17923079520736e-07,1.02978480775629,0.182022816358841,0.66964059653855,0.999999999856525
"HSPA9",1.17569752495864e-07,1.02836160230166,0.180933678750796,0.670572076645815,0.999999999856525
"CAPZB",1.1706219810312e-07,1.02631067241701,0.179374851650451,0.6719110344363,0.999999999856525
"VCP",1.16992173732956e-07,1.02602711323542,0.179160318616648,0.672095844627568,0.999999999856525
"HOPX",1.16846086747016e-07,1.02543506997697,0.178713166484453,0.672481465101572,0.999999999856525
"EMD",1.16340832978422e-07,1.02338248628513,0.177170962031792,0.673815828833007,0.999999999856525
"RPL23",1.16120477056521e-07,1.02248487656169,0.176500454573872,0.674398105690466,0.999999999856525
"ATP5E",1.15930469980036e-07,1.02170970651807,0.175923314372716,0.674900344228432,0.999999999856525
"LGALSL",1.15849135855981e-07,1.02137755219951,0.175676553544471,0.675115375929642,0.999999999856525
"FAM177A1",1.15439455390373e-07,1.01970141259149,0.17443625089105,0.67619889483256,0.999999999856525
"RPL15",1.14458204062025e-07,1.01566574647345,0.171483389829296,0.678796823185514,0.999999999856525
"UNC13D",1.14269236208002e-07,1.01488512615206,0.170917627005851,0.679297567925119,0.999999999856525
"MYC",1.13543742061101e-07,1.01187771101574,0.168754208301079,0.681221363612508,0.999999999856525
"EBPL",1.13263875101254e-07,1.01071312044911,0.167923329896065,0.6819640432818,0.999999999856525
"AURKA",1.13164997414129e-07,1.01030107202808,0.167630268706114,0.682226507557432,0.999999999856525
"RHOF",1.12669213721894e-07,1.00823030322163,0.166164686525798,0.683543111651032,0.999999999856525
"LRRC59",1.12625523708029e-07,1.00804744252813,0.166035843345743,0.683659181156346,0.999999999856525
"ZNF580",1.12443653962183e-07,1.00728558215769,0.165500040902602,0.684142427514554,0.999999999856525
"ATP6V0E1",1.12403823757572e-07,1.00711858926702,0.165382813602412,0.684248277682887,0.999999999856525
"TMEM147",1.12173135565558e-07,1.00615039250814,0.164704674529508,0.684861461610943,0.999999999856525
"RAD23B",1.11910593915775e-07,1.00504640718799,0.163934592942353,0.685559566781181,0.999999999856525
"MAP1A",1.11837704921203e-07,1.00473951190258,0.163721116524266,0.685753428187969,0.999999999856525
"HSPB1",1.11694177242212e-07,1.00413468952687,0.163301160957662,0.686135226359348,0.999999999856525
"COA3",1.11485738883179e-07,1.00325513563358,0.162692239944966,0.686689836170624,0.999999999856525
"CD226",1.10940473971616e-07,1.00094751165894,0.161104710737872,0.688141466590245,0.999999999856525
"CLTB",1.10605028723688e-07,0.999522984897982,0.160131934871232,0.689035076631159,0.999999999856525
"ITGB1",1.10213042687441e-07,0.997853600294078,0.158998925728484,0.690079858545788,0.999999999856525
"SNRPD2",1.10206045298175e-07,0.997823753235738,0.158978736792029,0.690098514446111,0.999999999856525
"ITGA4",1.1012718926718e-07,0.997487282788172,0.158751309212198,0.690308767339112,0.999999999856525
"RP11-354E11.2",1.09903840228312e-07,0.996533142289906,0.158108034877663,0.690904409885379,0.999999999856525
"LIPA",1.09879338701682e-07,0.996428370324246,0.158037546778169,0.690969763895221,0.999999999856525
"MYLK",1.09822602680544e-07,0.996185681460103,0.15787438404345,0.691121107244049,0.999999999856525
"SLC44A1",1.09656236874304e-07,0.99547342375553,0.157396431331891,0.691564959215839,0.999999999856525
"CNBP",1.09277118112532e-07,0.993846810120013,0.156309967145357,0.692576816530385,0.999999999856525
"RPS19BP1",1.09171244382847e-07,0.993391684828983,0.156007230348444,0.692859488648799,0.999999999856525
"STMN1",1.09019781808779e-07,0.99273991933592,0.155574646376827,0.693263952708627,0.999999999856525
"EIF4EBP1",1.08956332074713e-07,0.992466652855907,0.155393609554778,0.693433414199579,0.999999999856525
"RER1",1.08802046870593e-07,0.991801599181805,0.154953837772361,0.693845542947669,0.999999999856525
"GTF2H5",1.08737353043691e-07,0.991522490368395,0.154769621082691,0.694018380939335,0.999999999856525
"HLA-DRB5",1.08361602677038e-07,0.989898540608965,0.153701832303021,0.69502256144668,0.999999999856525
"HINT2",1.08243137340721e-07,0.989385536117129,0.153365949743957,0.695339267236009,0.999999999856525
"RARRES3",1.08240415676491e-07,0.989373744460221,0.153358237377483,0.695346543970923,0.999999999856525
"UBC",1.07973679236673e-07,0.988216856854045,0.152603328456141,0.696059835712539,0.999999999856525
"SSRP1",1.07898943009591e-07,0.987892267565183,0.152392146434991,0.696259739431487,0.999999999856525
"MICU1",1.07458491742975e-07,0.985975365787365,0.151150534329641,0.697438282338752,0.999999999856525
"LINC00116",1.07412327618785e-07,0.985774059765732,0.151020693809649,0.697561848894585,0.999999999856525
"AFF4",1.07385957275568e-07,0.985659034060017,0.150946550017076,0.697632437446058,0.999999999856525
"GDI2",1.07371822658821e-07,0.985597369721419,0.150906816121271,0.6976702742887,0.999999999856525
"RAB7A",1.06803151831259e-07,0.983110610750267,0.149312560785647,0.699193167231223,0.999999999856525
"EIF3F",1.0671886411005e-07,0.9827410511895,0.149076982542255,0.699418991829998,0.999999999856525
"ADI1",1.06663861756709e-07,0.982499757046937,0.148923355122675,0.699566369084548,0.999999999856525
"SEC11A",1.06497447853932e-07,0.981769046160147,0.14845902571374,0.70001233934884,0.999999999856525
"SCP2",1.06483712237758e-07,0.981708689946625,0.148420732876992,0.700049153856819,0.999999999856525
"CD74",1.06460901494205e-07,0.981608441462407,0.148357150859098,0.700110293282837,0.999999999856525
"FYN",1.06184431437586e-07,0.98039193185031,0.147587609152052,0.700851467853609,0.999999999856525
"TNFRSF1A",1.05883103310163e-07,0.979062915511615,0.146751155144967,0.701659607582936,0.999999999856525
"CD46",1.05680932923936e-07,0.978169400341869,0.146191284638,0.702202002866587,0.999999999856525
"C6orf25",1.05482414807586e-07,0.977290585457903,0.145642569565591,0.702734747240311,0.999999999856525
"H3F3A",1.04924389673761e-07,0.974812584826232,0.144105683240201,0.704233048228302,0.999999999856525
"MAGED2",1.04604497324438e-07,0.973386900878509,0.143228327008786,0.705092479547035,0.999999999856525
"RPL27",1.04544852717128e-07,0.973120661618103,0.143065038392661,0.705252764015908,0.999999999856525
"ERBB2IP",1.04530544998971e-07,0.973056775828258,0.143025882104704,0.705291215456366,0.999999999856525
"PNRC1",1.04433781481742e-07,0.972624515491859,0.142761207664616,0.705551283431308,0.999999999856525
"PPCS",1.03661900348761e-07,0.969163909351981,0.140658680093972,0.707627071296524,0.999999999856525
"COX8A",1.02277138365064e-07,0.962899241190856,0.136925817371091,0.71135649660779,0.999999999856525
"POMP",1.01948588899192e-07,0.961402108545623,0.136047524369381,0.712242361071405,0.999999999856525
"FAM50A",1.01857322387198e-07,0.960985484346969,0.135804048214272,0.71248851099882,0.999999999856525
"MCM5",1.01774989279016e-07,0.960609362994833,0.135584591229521,0.712710592830848,0.999999999856525
"POLR2K",1.01199682465822e-07,0.957973818687882,0.134056076702894,0.7142630798777,0.999999999856525
"TNIK",1.01065402468823e-07,0.957356800227547,0.133700559639829,0.714625610076184,0.999999999856525
"MIF",1.00953987491822e-07,0.956844307797518,0.133405937868812,0.71492645800503,0.999999999856525
"COX6A1",1.00851733562937e-07,0.956373523668103,0.13313582723415,0.715202607827838,0.999999999856525
"VPS13C",1.00758164070866e-07,0.955942361002846,0.132888896966814,0.715455336882682,0.999999999856525
"LAMTOR1",1.00467973743243e-07,0.95460297272475,0.132124541228999,0.71623933256538,0.999999999856525
"ARPC4",1.00397247303936e-07,0.95427602358854,0.131938583280321,0.716430456761414,0.999999999856525
"CD44",1.00340471373674e-07,0.95401341953395,0.131789399554787,0.716583895324477,0.999999999856525
"UNC45A",1.00196854534603e-07,0.953348577965912,0.131412410458782,0.716972074975383,0.999999999856525
"SSR1",1.00037353500199e-07,0.952609236361403,0.130994358768418,0.717403273462084,0.999999999856525
"REXO2",9.97788303341142e-08,0.951408722714464,0.130318184979407,0.718102361731853,0.999999999856525
"TET2",9.97568056621814e-08,0.9513063214705,0.130260659781265,0.718161930912149,0.999999999856525
"GUK1",9.83345136658321e-08,0.944651714566211,0.126572731930108,0.722012355473875,0.999999999856525
"PRKAR2B",9.80225972811649e-08,0.943181188683265,0.12577102981845,0.722857720985305,0.999999999856525
"OXA1L",9.78200366672928e-08,0.942224047771869,0.125251763143798,0.723406888369436,0.999999999856525
"SPINT2",9.77913840190894e-08,0.942088519550417,0.125178398437993,0.723484580820496,0.999999999856525
"GOLGA2",9.76878111237604e-08,0.941598328482645,0.12491338074772,0.7237654453637,0.999999999856525
"HLA-F",9.75241161224806e-08,0.940822672342037,0.124495097980756,0.724209422303964,0.999999999856525
"RPL36AL",9.74413657762521e-08,0.940430137141238,0.124283916538002,0.724433894806806,0.999999999856525
"GAPVD1",9.74392549376341e-08,0.94042012037564,0.124278531957296,0.724439621077448,0.999999999856525
"MTCH1",9.72423080609802e-08,0.939484701789998,0.123776649370668,0.724973965194645,0.999999999856525
"CISD2",9.7180389235599e-08,0.939190273289214,0.123619070538152,0.725141987224172,0.999999999856525
"EIF4G2",9.69101825839302e-08,0.937903516952373,0.122932589286412,0.725875370885726,0.999999999856525
"PSMD8",9.68762861010198e-08,0.937741878627244,0.122846607533957,0.725967389071364,0.999999999856525
"COPE",9.68390588566763e-08,0.937564300842377,0.122752211636553,0.726068453773827,0.999999999856525
"ARPC1B",9.62083822157494e-08,0.934546889550648,0.121158539422962,0.727781341260491,0.999999999856525
"PNP",9.5641570906343e-08,0.931820386931467,0.119735134675729,0.729321935019733,0.999999999856525
"ADAM10",9.55634233076828e-08,0.93144338085718,0.119539546284426,0.729534426189024,0.999999999856525
"SERINC1",9.48852159924153e-08,0.928160258200053,0.117848838510939,0.73137941080195,0.999999999856525
"IFITM3",9.48325921717132e-08,0.927904663795249,0.117718155635889,0.73152263294922,0.999999999856525
"GTF2A2",9.42022933963032e-08,0.924833713498127,0.116158543422234,0.733238793785162,0.999999999856525
"CST3",9.40638653642841e-08,0.924156880611788,0.115817409810836,0.733615880949284,0.999999999856525
"PDCD10",9.37589244967029e-08,0.922662848580073,0.115067701846998,0.73444678678642,0.999999999856525
"ITGB3",9.35220614494925e-08,0.92149945199814,0.114487045463748,0.735092408182273,0.999999999856525
"YWHAZ",9.32085121456568e-08,0.91995546637185,0.113720656084422,0.735947342436222,0.999999999856525
"GRB2",9.29943119256446e-08,0.918898109860368,0.11319857929998,0.736531576206621,0.999999999856525
"PDE5A",9.29904213988854e-08,0.918878885562768,0.113189107905862,0.736542189076516,0.999999999856525
"POLD4",9.29629527061865e-08,0.918743134425168,0.113122247307447,0.736617121661035,0.999999999856525
"HLA-A",9.24487795802919e-08,0.916195643293016,0.111874361656894,0.73802020986639,0.999999999856525
"TBCB",9.23508088064718e-08,0.915708852286645,0.11163737399111,0.738287654094174,0.999999999856525
"TMEM256",9.22353565312819e-08,0.91513462602224,0.111358421753734,0.738602860624083,0.999999999856525
"SEPT5",9.2147396620158e-08,0.91469672098453,0.111146129922729,0.738843037297458,0.999999999856525
"MRPS6",9.16604115135981e-08,0.91226571492691,0.109974453094527,0.740173222462231,0.999999999856525
"ENSA",9.15365359264669e-08,0.911645550112328,0.109677401310989,0.740511709077993,0.999999999856525
"FAM204A",9.10871261317041e-08,0.909389528846331,0.108603095842932,0.741740130255191,0.999999999856525
"DNPH1",9.05199916001066e-08,0.906528737422692,0.107254918070247,0.743291280729907,0.999999999856525
"LIMS1",8.99616499403334e-08,0.903697098916804,0.105935868031155,0.74481940072197,0.999999999856525
"COMMD7",8.98003432364337e-08,0.902876196410026,0.105556309727177,0.745261066879379,0.999999999856525
"IFI16",8.9355831939508e-08,0.900607418249451,0.104513889594967,0.746478594951507,0.999999999856525
"CLTC",8.90999572394162e-08,0.899297002641425,0.103916185552179,0.747179729771348,0.999999999856525
"MRPS36",8.86244344852629e-08,0.896853020810788,0.102809952716816,0.748483288418087,0.999999999856525
"SNHG8",8.82443572759306e-08,0.89489140972707,0.101930016398166,0.749525717946997,0.999999999856525
"TUBB4B",8.81501071308374e-08,0.894403844840531,0.101712398212593,0.749784286676723,0.999999999856525
"POLD2",8.77361886728422e-08,0.892257247003749,0.100759437488679,0.750920175804584,0.999999999856525
"SMAP1",8.76681658063715e-08,0.891903639081508,0.100603258176711,0.751106898203661,0.999999999856525
"PSIP1",8.75121291452871e-08,0.891091604661263,0.100245458365304,0.751535273041082,0.999999999856525
"ARHGAP18",8.64769667685919e-08,0.885672518351079,0.0978879202875464,0.754379086581999,0.999999999856525
"COX7C",8.64256542753744e-08,0.885402438537146,0.0977717880217576,0.754520140060171,0.999999999856525
"ATP6AP2",8.63577512410606e-08,0.885044822022858,0.0976182134133251,0.754706812046302,0.999999999856525
"ENY2",8.57866955094039e-08,0.882027641213563,0.0963314469968963,0.756277265266043,0.999999999856525
"MBP",8.52752785263913e-08,0.879310765207446,0.0951863116221425,0.757684561947338,0.999999999856525
"OSBPL8",8.5244768068722e-08,0.87914823445412,0.0951182107975694,0.75776854484132,0.999999999856525
"PNN",8.48644412176113e-08,0.877117975240003,0.0942713480697469,0.758815669805617,0.999999999856525
"GRINA",8.48267749053089e-08,0.876916476575123,0.0941876836755799,0.758919397706315,0.999999999856525
"CD36",8.46176320687441e-08,0.875796240457127,0.0937238113775456,0.75949542750235,0.999999999856525
"TSPAN3",8.45094260124735e-08,0.875215712746956,0.0934842632012793,0.759793505472721,0.999999999856525
"PHB",8.44319458530512e-08,0.874799634554829,0.0933129247931505,0.760006963959256,0.999999999856525
"EZR",8.39746134676994e-08,0.872336945663724,0.0923047886969333,0.761267290369885,0.999999999856525
"MTURN",8.38072223110045e-08,0.871432657347334,0.0919371631718587,0.761728749106547,0.999999999856525
"NHP2",8.37322464776673e-08,0.871027112194316,0.0917727386297371,0.761935467641968,0.999999999856525
"NPR3",8.37273018962422e-08,0.871000355845641,0.0917619001678651,0.761949101120452,0.999999999856525
"TEX264",8.33570546364122e-08,0.868992959160715,0.0909521410459995,0.762970177336323,0.999999999856525
"AP2B1",8.32350601864081e-08,0.868329841815601,0.0906861158815509,0.763306706822049,0.999999999856525
"RSL1D1",8.29818920643907e-08,0.86695102257406,0.0901352922801703,0.764005229935515,0.999999999856525
"BIN2",8.28216114577907e-08,0.866076208701527,0.0897874335669539,0.764447563904866,0.999999999856525
"DBI",8.28058614543074e-08,0.8659901658732,0.0897532874569368,0.764491034084257,0.999999999856525
"EEF1D",8.27982448101941e-08,0.865948550792434,0.0897367768525845,0.764512056370337,0.999999999856525
"HDGF",8.26212140285617e-08,0.864980372111274,0.089353454991455,0.765000718284392,0.999999999856525
"SEPT11",8.26055159095489e-08,0.864894432657198,0.089319503713162,0.765044054662485,0.999999999856525
"PA2G4",8.2500520491672e-08,0.864319270699124,0.0890925896023906,0.76533392492855,0.999999999856525
"PLEKHB2",8.23326175316912e-08,0.863398184461394,0.0887303206755632,0.76579753797989,0.999999999856525
"SETD5",8.21418932301702e-08,0.862349929195559,0.0883197075367572,0.766324267007629,0.999999999856525
"EIF3M",8.16075945006562e-08,0.859402064504543,0.0871744786418682,0.767800430320987,0.999999999856525
"SDCBP",8.15958884738728e-08,0.859337292455703,0.0871494713224216,0.767832781245431,0.999999999856525
"SHPRH",8.15157667733772e-08,0.85889374514658,0.0869784054570932,0.768054217451297,0.999999999856525
"REEP5",8.14206021882189e-08,0.858366430921981,0.0867754402491279,0.768317252998141,0.999999999856525
"TMEM55A",8.12545953818463e-08,0.857445295792027,0.0864219516241283,0.768776160761453,0.999999999856525
"PJA2",8.12094423575178e-08,0.857194469754272,0.0863259292825037,0.768900995411131,0.999999999856525
"CDC5L",8.11850851297827e-08,0.857059114678258,0.0862741534069045,0.768968338371731,0.999999999856525
"GNB2",8.1073461445519e-08,0.85643836271012,0.086037074923834,0.769276978271508,0.999999999856525
"EIF3H",8.10501848451673e-08,0.856308825655962,0.0859876786580974,0.76934134276622,0.999999999856525
"PTPN6",8.1022149631685e-08,0.856152763583481,0.0859282027665693,0.769418867896096,0.999999999856525
"POLR2E",8.07769717572874e-08,0.854785949365304,0.0854089418447337,0.770096950769492,0.999999999856525
"MKI67",8.07686100232966e-08,0.854739271174984,0.0853912603230662,0.770120079730039,0.999999999856525
"UNG",8.06310714520489e-08,0.853970880595279,0.0851006872360087,0.770500547395982,0.999999999856525
"PIN1",8.05469241248381e-08,0.8535002126181,0.084923156202239,0.770733348153651,0.999999999856525
"PPP3CA",8.04255027944951e-08,0.852820306012503,0.0846673125275842,0.771069307020066,0.999999999856525
"GPX4",8.04150765341862e-08,0.852761882064523,0.0846453616242208,0.771098157287139,0.999999999856525
"MT-ND3",8.0274402820282e-08,0.851972969608068,0.0843494727724902,0.771487443252179,0.999999999856525
"ANXA6",7.9880605338528e-08,0.849758130158229,0.0835239260377273,0.772577503626885,0.999999999856525
"MYL12A",7.97789348811253e-08,0.849184768581613,0.0833114461358287,0.7728590079225,0.999999999856525
"CD52",7.97737045929838e-08,0.849155255725515,0.0833005227364171,0.772873490308373,0.999999999856525
"ADK",7.97537933625513e-08,0.849042887639232,0.0832589449027304,0.772928624155598,0.999999999856525
"MEIS1",7.96802797502716e-08,0.848627806538639,0.0831055266224612,0.773132191981005,0.999999999856525
"RNASET2",7.95663884544315e-08,0.847984085003791,0.0828681220416804,0.773447601172394,0.999999999856525
"SSR3",7.95067366244064e-08,0.847646610276082,0.0827439142643362,0.77361281516983,0.999999999856525
"PSMD2",7.94693693313774e-08,0.847435096562699,0.0826661550796779,0.773716314283949,0.999999999856525
"FAU",7.92894589391808e-08,0.846415525303591,0.0822922835966338,0.774214682452531,0.999999999856525
"RPN2",7.92203475214601e-08,0.846023330972748,0.082148888552098,0.774406152125345,0.999999999856525
"CDC42SE1",7.90512671758727e-08,0.845062581296044,0.0817986012734197,0.774874638465618,0.999999999856525
"RHEB",7.90124363248795e-08,0.844841685115148,0.0817182602670846,0.774982242227734,0.999999999856525
"CDK4",7.8584732580592e-08,0.842402376476612,0.080835953379953,0.776167733080121,0.999999999856525
"CNPPD1",7.85538714875031e-08,0.842225923121514,0.0807724755018735,0.77625329274149,0.999999999856525
"CA2",7.83770506248067e-08,0.84121376214943,0.0804092550977697,0.776743565317038,0.999999999856525
"BZW2",7.83060505656456e-08,0.840806785988418,0.0802636391051726,0.776940452769423,0.999999999856525
"ANXA5",7.82799616356379e-08,0.840657162562797,0.080210165749694,0.777012802548649,0.999999999856525
"EIF2S3",7.82517340766951e-08,0.84049522518111,0.0801523290080017,0.777091085348635,0.999999999856525
"SLMAP",7.81680755402027e-08,0.84001499111294,0.0799810397132301,0.777323106816996,0.999999999856525
"NOLC1",7.77983612219941e-08,0.837887336595749,0.0792262506026105,0.778348722822704,0.999999999856525
"DMTN",7.77505414384491e-08,0.837611501298805,0.0791288856261628,0.77848140683041,0.999999999856525
"CLIC1",7.75757213731604e-08,0.836601848001679,0.0787734472004103,0.778966529343517,0.999999999856525
"M6PR",7.75500511388467e-08,0.836453426653245,0.0787213226891823,0.779037771034627,0.999999999856525
"CARHSP1",7.73859981285213e-08,0.835503891468578,0.0783886134301375,0.779493105355865,0.999999999856525
"MEA1",7.63525093838428e-08,0.82948168595202,0.0763088371661292,0.782363320018758,0.999999999856525
"TMED4",7.61553503875679e-08,0.828324818564775,0.075915253532903,0.782911209876689,0.999999999856525
"HN1",7.57887455358986e-08,0.826166784333694,0.07518611467601,0.783930262979933,0.999999999856525
"TUBA4A",7.56764013217611e-08,0.825503656250362,0.0749633780552897,0.784242620960963,0.999999999856525
"VCL",7.55387018920736e-08,0.824689701658524,0.0746908221994352,0.784625523121388,0.999999999856525
"WRB",7.53922849806697e-08,0.823822806667106,0.0744015558874305,0.785032723259726,0.999999999856525
"MCM6",7.5204344251973e-08,0.822707921342968,0.0740310762327653,0.785555491529726,0.999999999856525
"CDKN3",7.49883619754526e-08,0.821423707284731,0.0736064613984255,0.786156378462401,0.999999999856525
"ATP5G2",7.49475990776375e-08,0.821180975029496,0.0735264597264633,0.786269799720773,0.999999999856525
"UBE2L3",7.46010319102439e-08,0.819112629170694,0.0728480406302973,0.787234293054975,0.999999999856525
"TAF15",7.45110810895287e-08,0.81857443434157,0.0726724722671465,0.787484678805492,0.999999999856525
"IARS2",7.44840984028062e-08,0.81841288151933,0.0726198480541055,0.787559791690387,0.999999999856525
"RANBP1",7.42987792620401e-08,0.81730195326393,0.0722589359580964,0.788075726042184,0.999999999856525
"RUFY1",7.42891758433355e-08,0.817244318516067,0.0722402576439375,0.788102464800019,0.999999999856525
"C4orf3",7.4180810721951e-08,0.816593519652709,0.0720296585993897,0.788404202645273,0.999999999856525
"SRM",7.39719387233212e-08,0.815336789585392,0.0716245997324886,0.788985886949308,0.999999999856525
"SPG20",7.39596009200968e-08,0.815262460072861,0.0716007091454014,0.789020249984223,0.999999999856525
"AK3",7.37109256977771e-08,0.81376201407347,0.0711200308149814,0.789712943308165,0.999999999856525
"BRK1",7.34758944599524e-08,0.81233985825516,0.0706672138221654,0.790367783647236,0.999999999856525
"STK17A",7.33413565208271e-08,0.811524005944534,0.0704086605345713,0.790742697791721,0.999999999856525
"FCGR2A",7.33042311398125e-08,0.811298645577288,0.0703373968742585,0.790846162866356,0.999999999856525
"LAIR1",7.32529559067487e-08,0.810987229503747,0.0702390313367813,0.790989068357483,0.999999999856525
"SERPINB1",7.28503124662982e-08,0.808535224404348,0.0694689993514207,0.792111490602598,0.999999999856525
"C20orf24",7.27601977136261e-08,0.807984839900695,0.0692972414108624,0.792362756593356,0.999999999856525
"RPL36A",7.24819879282734e-08,0.806281915002416,0.0687683172784704,0.793138621887946,0.999999999856525
"H2AFY",7.23266579130645e-08,0.805328674858357,0.0684738899742457,0.793571891946173,0.999999999856525
"KDELR2",7.23084259225673e-08,0.80521667128719,0.0684393727437239,0.793622751562728,0.999999999856525
"PPP1R12A",7.22990536027816e-08,0.805159085321069,0.0684216322353673,0.793648896750659,0.999999999856525
"PYURF",7.19838216478746e-08,0.803218443395834,0.0678262810412216,0.794528408243634,0.999999999856525
"NRBP1",7.18697314899671e-08,0.802514263746092,0.067611450026379,0.794846789422908,0.999999999856525
"ATOX1",7.17929931097866e-08,0.802040079584923,0.0674671438458842,0.795060955569599,0.999999999856525
"DAD1",7.17922609994391e-08,0.80203555359312,0.0674657678580574,0.795062998862164,0.999999999856525
"VAMP8",7.17173496522198e-08,0.801572231494185,0.0673250475428493,0.795272081055687,0.999999999856525
"PFDN5",7.16982972907419e-08,0.801454326965688,0.0672892812807676,0.795325259718424,0.999999999856525
"SRSF4",7.13333429963444e-08,0.799190573439311,0.0666060011326596,0.796344097900376,0.999999999856525
"HMGN1",7.06773857426507e-08,0.795096443606084,0.0653866609092394,0.79817619713185,0.999999999856525
"PLK1",7.05761666932144e-08,0.794461761522111,0.0651995109060625,0.798459002865554,0.999999999856525
"LYL1",7.03555725101885e-08,0.793075816619086,0.0647925702573393,0.799075433953847,0.999999999856525
"ALOX12",7.01275995822427e-08,0.791639553512093,0.0643733562479503,0.79971261588885,0.999999999856525
"NREP",7.01005610676042e-08,0.791468938798735,0.064323726019652,0.799788197106855,0.999999999856525
"POLE3",7.00335965945762e-08,0.791046143358346,0.0642008925644421,0.799975392104399,0.999999999856525
"SPNS1",7.00226896019954e-08,0.790977246431238,0.0641808969004881,0.800005883008801,0.999999999856525
"KIT",6.98715485023723e-08,0.790021565574028,0.0639041322557463,0.800428434946557,0.999999999856525
"VPS29",6.96196189855596e-08,0.788424603360272,0.0634441363476915,0.80113289534876,0.999999999856525
"CYCS",6.93620564274488e-08,0.786786752543813,0.062975572822811,0.801853274409986,0.999999999856525
"ARPC2",6.92676620217957e-08,0.786185175834916,0.0628042832986053,0.802117329200269,0.999999999856525
"CBX3",6.90464709386964e-08,0.784772737045003,0.0624038203143706,0.80273616795885,0.999999999856525
"CDC42",6.90088106176098e-08,0.784531862914981,0.0623357644976906,0.802841544697922,0.999999999856525
"C1orf186",6.89856027433297e-08,0.784383369453741,0.0622938441309688,0.802906484063254,0.999999999856525
"ITSN2",6.89007819210717e-08,0.783840282982187,0.0621407522819541,0.803143837940983,0.999999999856525
"C9orf16",6.86737205129567e-08,0.782383611462134,0.0617318594633779,0.803779312572942,0.999999999856525
"PSAP",6.84629825121226e-08,0.781027923662274,0.0613535695465828,0.804369219113029,0.999999999856525
"CORO1C",6.81818683980796e-08,0.779213867086643,0.0608507592904988,0.805156298769507,0.999999999856525
"FBXO9",6.75961676157659e-08,0.775413384935195,0.0598098005118079,0.806796811413279,0.999999999856525
"NIPSNAP3A",6.74898000174639e-08,0.774720131954404,0.0596217182681761,0.807094832099704,0.999999999856525
"CCNDBP1",6.72914001947237e-08,0.773424525219513,0.0592716934773853,0.807650783431681,0.999999999856525
"SERBP1",6.7241076324893e-08,0.773095370343615,0.0591830739615995,0.807791815258942,0.999999999856525
"SDHC",6.72324268448009e-08,0.773038774944546,0.0591678490448084,0.807816055915555,0.999999999856525
"PHB2",6.70362933034502e-08,0.771753735873377,0.0588231382175454,0.80836578073369,0.999999999856525
"USP10",6.69429962075727e-08,0.771141323627666,0.0586595191168578,0.808627307880868,0.999999999856525
"PTTG1",6.67075081503403e-08,0.769592261372009,0.0582475471221487,0.809287514774305,0.999999999856525
"CKS2",6.62018218125904e-08,0.76624974366196,0.0573677857397863,0.810705699272679,0.999999999856525
"SRC",6.60505149161252e-08,0.765245328817559,0.0571058527000133,0.811130156645171,0.999999999856525
"SDPR",6.59354766645524e-08,0.764480340706456,0.0569071067363043,0.811452907679913,0.999999999856525
"CCNA2",6.58166839001753e-08,0.763689171808517,0.0567022378813754,0.811786225998198,0.999999999856525
"N4BP2L1",6.56754962202058e-08,0.762747241403473,0.0564592274405087,0.812182426139244,0.999999999856525
"SHKBP1",6.55207309109511e-08,0.761712711661498,0.0561934469054556,0.812616783001382,0.999999999856525
"SMARCA2",6.54481393949813e-08,0.761226744049163,0.0560690005583916,0.812820534725588,0.999999999856525
"ERBB2",6.49722662085088e-08,0.758029378533036,0.0552566097766851,0.814156540959777,0.999999999856525
"ALDOA",6.49480501877153e-08,0.757866130875857,0.055215427717738,0.814224541536542,0.999999999856525
"GSTK1",6.49204232367729e-08,0.757679824714319,0.0551684637374025,0.814302121995119,0.999999999856525
"GLG1",6.4898420023417e-08,0.75753139388847,0.0551310740313797,0.814363911491327,0.999999999856525
"PPP1R18",6.48689582594039e-08,0.757332580398475,0.0550810299775458,0.814446647922558,0.999999999856525
"CLINT1",6.46731797430158e-08,0.756009440801469,0.0547490558034599,0.814996498348652,0.999999999856525
"ATP2C1",6.42120592308587e-08,0.752879270027683,0.0539711162950265,0.816291930186457,0.999999999856525
"NCF4",6.42049832776782e-08,0.75283108572694,0.0539592220790586,0.816311812674379,0.999999999856525
"ABCC4",6.38470047904153e-08,0.750387379726047,0.0533591941585323,0.817317838677088,0.999999999856525
"SSSCA1",6.35763536353699e-08,0.748531917481975,0.0529077675671536,0.818078648823634,0.999999999856525
"EIF4E2",6.34219416412436e-08,0.747470272234315,0.0526510786437346,0.818512783325058,0.999999999856525
"DNM3",6.33515777157103e-08,0.746985749163591,0.0525343152221835,0.818710632328885,0.999999999856525
"VDR",6.32781486045333e-08,0.746479622238,0.0524126035735736,0.818917112319238,0.999999999856525
"CACYBP",6.30747875376334e-08,0.745075250424826,0.0520762613774768,0.81948902175466,0.999999999856525
"TAPBP",6.30355413522603e-08,0.744803772717541,0.0520114761012749,0.819599404307362,0.999999999856525
"MRPL3",6.27679062867898e-08,0.742948548351066,0.0515707550832335,0.820352241237598,0.999999999856525
"TTC3",6.26542468598172e-08,0.742158597779209,0.0513841566814074,0.820672006619747,0.999999999856525
"H2AFV",6.25477593670786e-08,0.741417366615047,0.0512096395381736,0.820971621784831,0.999999999856525
"RAB13",6.22338141529043e-08,0.739225700089929,0.0506968578233545,0.821855095680447,0.999999999856525
"SNRPF",6.1894492557373e-08,0.736846088406633,0.0501455292042974,0.822810235382254,0.999999999856525
"TXNL4A",6.17406692860151e-08,0.735763625864529,0.0498965905999202,0.823243311548746,0.999999999856525
"MRPL11",6.16731683461097e-08,0.735287880816555,0.0497875465726216,0.823433371633636,0.999999999856525
"SLC38A1",6.16667622204847e-08,0.735242707171602,0.0497772040291239,0.823451409680453,0.999999999856525
"KXD1",6.15521559106707e-08,0.734433858197871,0.0495923562973373,0.823774128124282,0.999999999856525
"IQGAP2",6.1333103288983e-08,0.732884230820587,0.049240004532845,0.824391038472968,0.999999999856525
"UBR4",6.11011536135372e-08,0.731238134319291,0.0488682768330348,0.825044388612541,0.999999999856525
"UBA52",6.08844744459898e-08,0.729695513935617,0.0485222944142922,0.825654834677461,0.999999999856525
"TMED2",6.08686255426982e-08,0.729582493169783,0.0484970359205375,0.82569948963079,0.999999999856525
"PHYKPL",6.08650752135664e-08,0.72955717177847,0.048491378640898,0.825709492910139,0.999999999856525
"OST4",6.08520065149926e-08,0.729463953166569,0.0484705571377988,0.825746315047782,0.999999999856525
"LSM7",6.07794884844728e-08,0.728946369167534,0.0483551001424896,0.825950647550987,0.999999999856525
"ARL6IP5",6.05795999344115e-08,0.727516928406859,0.0480375674625069,0.826513930234671,0.999999999856525
"TRBC2",6.0253401729269e-08,0.7251754292201,0.0475216320512979,0.827433343096028,0.999999999856525
"TM9SF2",6.01034076146252e-08,0.724095063329533,0.0472853269536578,0.827856191659222,0.999999999856525
"ACADM",5.9819658840671e-08,0.722044898690098,0.046839911865764,0.828656244513576,0.999999999856525
"GCSH",5.94614892142418e-08,0.719444965680557,0.0462806840435626,0.829666386772728,0.999999999856525
"YWHAB",5.91388848277638e-08,0.717091565346832,0.0457798607355882,0.830576465863007,0.999999999856525
"PNISR",5.90500660170532e-08,0.716441680448104,0.0456424533626181,0.830827067019035,0.999999999856525
"BTK",5.90368121638359e-08,0.716344629789293,0.0456219666628192,0.830864464074839,0.999999999856525
"FEZ2",5.88647147893638e-08,0.715082739705503,0.0453563704488302,0.831350088560192,0.999999999856525
"MZT1",5.84269556771973e-08,0.711858450339182,0.0446842755920817,0.832585647345428,0.999999999856525
"SOD1",5.82889456207608e-08,0.710837608259275,0.0444734278439671,0.832975261505372,0.999999999856525
"CAPG",5.82657106426918e-08,0.710665536418664,0.0444379791613321,0.833040859867812,0.999999999856525
"CDK1",5.81116071675042e-08,0.70952278240883,0.0442032273338951,0.833475963302518,0.999999999856525
"ZNF428",5.77928094359859e-08,0.707150385309115,0.043719563723714,0.834376234467219,0.999999999856525
"XRN1",5.73864293286066e-08,0.704109742995207,0.0431068821063554,0.835524149182854,0.999999999856525
"PSME2",5.72723962658791e-08,0.703253168272945,0.0429357362126792,0.835846325046068,0.999999999856525
"TNFRSF14",5.72005357467113e-08,0.702712619473989,0.0428280596055325,0.836049365619561,0.999999999856525
"C2orf88",5.70447287918809e-08,0.701538586772351,0.0425950610370853,0.836489632805824,0.999999999856525
"GGH",5.70240356982031e-08,0.701382451880235,0.0425641637486663,0.836548109598284,0.999999999856525
"TIMM13",5.69555120410909e-08,0.70086507222905,0.0424619296745527,0.836741757639754,0.999999999856525
"MRPL4",5.67753099535008e-08,0.69950190112654,0.0421936633239043,0.837251056417084,0.999999999856525
"PCBP2",5.59755660837049e-08,0.693406515227464,0.0410133452696029,0.839512164420229,0.999999999856525
"LYN",5.59440259315329e-08,0.693164584561045,0.0409671392978603,0.839601364867297,0.999999999856525
"RNF181",5.59391475778442e-08,0.693127154305198,0.0409599948895642,0.839615161792913,0.999999999856525
"ROCK1",5.58824665855866e-08,0.692692049435059,0.040877030560194,0.839775470188668,0.999999999856525
"NAPA",5.58737154818423e-08,0.692624838582148,0.040864229009084,0.839800221148891,0.999999999856525
"ATP8B4",5.58713930234586e-08,0.692606999940689,0.0408608319377418,0.839806789841199,0.999999999856525
"INPP5D",5.56047364674454e-08,0.690554547885587,0.0404717309326997,0.840561058206683,0.999999999856525
"ZCRB1",5.53566623222329e-08,0.688637457767346,0.0401114165220372,0.841262895584074,0.999999999856525
"ORAI1",5.533909995689e-08,0.688501455936614,0.0400859691928347,0.841312586826011,0.999999999856525
"FBXO7",5.52384500493416e-08,0.687721307916285,0.0399402863025314,0.841597379497267,0.999999999856525
"PCNA",5.51468001943743e-08,0.687009848848768,0.0398078609816128,0.841856724214069,0.999999999856525
"TCEB2",5.49525763291896e-08,0.6854987386404,0.0395279527582106,0.842406382777605,0.999999999856525
"EHD3",5.49460520963486e-08,0.685447898246152,0.0395185674199497,0.842424847859978,0.999999999856525
"GARS",5.46310018678206e-08,0.682986611749191,0.0390666827331143,0.843316615535262,0.999999999856525
"ARFGAP3",5.45397169605093e-08,0.68227116470215,0.0389362359558011,0.843575040275196,0.999999999856525
"SIVA1",5.44586854895925e-08,0.68163520991896,0.0388206241830219,0.843804451966165,0.999999999856525
"CNOT7",5.43263721170123e-08,0.680595018858275,0.038632215379762,0.844179078536962,0.999999999856525
"BUD31",5.42310865942265e-08,0.679844565356613,0.038496816586202,0.844448887834636,0.999999999856525
"STARD3NL",5.42015702351313e-08,0.679611867635027,0.0384549226574423,0.844532469692616,0.999999999856525
"CERS2",5.40126649825183e-08,0.678119994237302,0.0381873408186171,0.845067436562517,0.999999999856525
"USP47",5.3980322593118e-08,0.677864118382293,0.0381416219091015,0.845159035187546,0.999999999856525
"MESDC2",5.38156420575682e-08,0.676559190786381,0.0379092556964339,0.845625468251809,0.999999999856525
"ZNF106",5.35481257607652e-08,0.674432004281362,0.0375333004120357,0.846383283555245,0.999999999856525
"CKAP2",5.31400504781663e-08,0.671169355459115,0.0369634186128103,0.8475395452974,0.999999999856525
"MGMT",5.30195134145124e-08,0.670201485736876,0.0367959212633916,0.847881144194855,0.999999999856525
"CDK5RAP3",5.26441512195328e-08,0.667175207515603,0.0362767574612332,0.848945093651109,0.999999999856525
"ANXA1",5.22027321607083e-08,0.663592361923187,0.035670949730132,0.850196630714874,0.999999999856525
"TPI1",5.21702010038637e-08,0.663327281187423,0.0356265054781145,0.850288879923559,0.999999999856525
"ETV6",5.20282244023072e-08,0.662168704208737,0.035432860544865,0.850691509595967,0.999999999856525
"CASP8",5.15747437222992e-08,0.658449722562799,0.0348178830933704,0.851977790063992,0.999999999856525
"HLA-B",5.15195563929185e-08,0.657995202306751,0.0347434095121381,0.852134353744635,0.999999999856525
"PIK3R1",5.15144858171688e-08,0.657953420139448,0.034736570927618,0.852148739005645,0.999999999856525
"LDHA",5.14903545421052e-08,0.657754526654578,0.0347040347815662,0.852217200285935,0.999999999856525
"ENO1",5.14375901937949e-08,0.657319353878575,0.0346329458339741,0.852366898485516,0.999999999856525
"ARPP19",5.11049483353066e-08,0.654566964087661,0.0341864584740583,0.85331076188166,0.999999999856525
"TUBA1A",5.10900400537081e-08,0.654443245176567,0.0341665157081443,0.853353068705475,0.999999999856525
"PTGS1",5.10793880828132e-08,0.65435482883608,0.0341522701608409,0.853383297199931,0.999999999856525
"SF3A3",5.08851786732796e-08,0.652739994344422,0.0338930625485063,0.853934468406971,0.999999999856525
"NOP58",5.0811216253053e-08,0.65212359976728,0.0337946059387836,0.854144394385147,0.999999999856525
"BCAP31",5.06904659216345e-08,0.651115608415272,0.0336341743897799,0.854487139691275,0.999999999856525
"ARL2BP",5.0496664306666e-08,0.649493449928007,0.0333774832512252,0.855037295719216,0.999999999856525
"IPO5",5.03877321986257e-08,0.648579298294416,0.0332336338316084,0.855346558650494,0.999999999856525
"RAC1",5.03550659895487e-08,0.648304831939142,0.0331905572777418,0.855439303753358,0.999999999856525
"CCT4",5.01786572147155e-08,0.646819949296653,0.0329584118384561,0.855940193717163,0.999999999856525
"LINC00989",5.01312379280814e-08,0.646420036980968,0.0328961492748815,0.856074844571552,0.999999999856525
"LAMTOR5",5.01052202193598e-08,0.646200476490454,0.032862012462498,0.856148725715309,0.999999999856525
"NRGN",4.96951620695838e-08,0.642726938263056,0.0323263319368274,0.857313312770372,0.999999999856525
"CLU",4.95655133675991e-08,0.641623540423994,0.0321578809324904,0.857681586772083,0.999999999856525
"PPM1K",4.93448256090639e-08,0.639739578373093,0.0318721559995723,0.858308533237734,0.999999999856525
"OSTC",4.93307715916791e-08,0.639619355438821,0.0318540034155591,0.858348461983728,0.999999999856525
"DCTN2",4.92876121012206e-08,0.639249968731541,0.0317982896651034,0.858471084299579,0.999999999856525
"TOMM7",4.92813943579946e-08,0.639196730203157,0.0317902673194986,0.85848875008323,0.999999999856525
"ARL8B",4.9240159144092e-08,0.638843512381706,0.0317370898449391,0.858605908912062,0.999999999856525
"PAK2",4.92322941989048e-08,0.638776112755122,0.0317269521629454,0.858628255403412,0.999999999856525
"CD53",4.9228511874891e-08,0.638743696338887,0.0317220774356805,0.858639002075647,0.999999999856525
"FLT3",4.91502185726026e-08,0.63807219860924,0.0316212557322881,0.858861461783979,0.999999999856525
"STXBP2",4.87966252183326e-08,0.635027951166745,0.0311679170839499,0.85986628826184,0.999999999856525
"DCTPP1",4.86760959645272e-08,0.633985893709998,0.0310141357003696,0.860208855091531,0.999999999856525
"SF3B4",4.84930312704372e-08,0.632398893100586,0.0307812938179652,0.860729209719006,0.999999999856525
"UBE2V2",4.82544294729558e-08,0.630322632367351,0.0304791306731726,0.861407517246404,0.999999999856525
"PLPP5",4.81173614090496e-08,0.629125872575151,0.0303062229414929,0.861797226542679,0.999999999856525
"SETX",4.74858086307705e-08,0.623573272497894,0.0295158898825416,0.863593278527198,0.999999999856525
"TPX2",4.73639362935685e-08,0.622494419684511,0.0293645792270513,0.863939948674935,0.999999999856525
"PSMD1",4.71574466365691e-08,0.620661008792113,0.0291090994223579,0.864527375518589,0.999999999856525
"ATF4",4.6465483531266e-08,0.61446600260428,0.0282611042616886,0.866496433218428,0.999999999856525
"FAAP20",4.62610740608387e-08,0.612620682700517,0.0280130004961144,0.867078262151689,0.999999999856525
"PSMA7",4.61518368456532e-08,0.611631640144784,0.0278808613561692,0.86738922334272,0.999999999856525
"PCBP1",4.60157897198399e-08,0.610397020328236,0.0277167283285484,0.867776531917985,0.999999999856525
"ENDOD1",4.58126400152492e-08,0.608547552209743,0.0274725418799663,0.868354931912694,0.999999999856525
"LSM5",4.57551971405994e-08,0.608023306425889,0.0274036913437147,0.868518493840225,0.999999999856525
"LMNA",4.5738195185638e-08,0.607868030743471,0.0273833295141826,0.868566906015899,0.999999999856525
"SLA2",4.56400757552143e-08,0.606970946590339,0.0272659678767745,0.868846305574245,0.999999999856525
"MPHOSPH8",4.56045955901575e-08,0.606646148196031,0.0272235917413071,0.868947340998076,0.999999999856525
"PCMT1",4.54864212550974e-08,0.605562756833942,0.0270826865730358,0.869283876673013,0.999999999856525
"VBP1",4.54059964388673e-08,0.604824048629072,0.0269870011153998,0.869512923195683,0.999999999856525
"PHPT1",4.53564903684638e-08,0.604368767992846,0.0269281854455895,0.869653919864948,0.999999999856525
"TBXA2R",4.53216414782648e-08,0.604048023421208,0.0268868217130039,0.869753174369703,0.999999999856525
"SNU13",4.52883145357767e-08,0.603741086831174,0.0268472941902708,0.869848096074442,0.999999999856525
"SHMT2",4.50534985321465e-08,0.601572902859319,0.026569614126683,0.870516951441077,0.999999999856525
"MZT2A",4.47477531766804e-08,0.598735077441339,0.0262102204231399,0.871387982376909,0.999999999856525
"BPTF",4.46795415184832e-08,0.598099669948436,0.0261303737353124,0.871582330327727,0.999999999856525
"GMPR",4.46040216589014e-08,0.597395204350168,0.0260421143510498,0.871797509773622,0.999999999856525
"ADD1",4.45786449711843e-08,0.597158253282885,0.0260124903581619,0.871869817939057,0.999999999856525
"MAPKAPK3",4.45228440113651e-08,0.596636809032959,0.0259474092654204,0.872028820588326,0.999999999856525
"ZNF148",4.4510995382139e-08,0.596526014101374,0.0259336006092244,0.872062583458962,0.999999999856525
"GOLPH3",4.45096832535986e-08,0.596513742994075,0.0259320716514617,0.872066322405905,0.999999999856525
"RFC1",4.41344108389617e-08,0.592991249090638,0.0254966353292169,0.873135788628334,0.999999999856525
"LAPTM5",4.39730833310075e-08,0.591468972459965,0.0253105768441172,0.873595617545318,0.999999999856525
"CCNG1",4.38408093184946e-08,0.590217230722441,0.025158534007794,0.8739726676681,0.999999999856525
"CASP3",4.37818284530345e-08,0.589658025745827,0.0250908858975021,0.874140803216745,0.999999999856525
"ISYNA1",4.37099690994168e-08,0.588975836055482,0.0250085898739277,0.874345658888037,0.999999999856525
"AASDHPPT",4.34583094200456e-08,0.586579049025004,0.0247214454985573,0.875063153201796,0.999999999856525
"UQCRH",4.32157909145151e-08,0.58425792384044,0.0244462999878304,0.875754682772159,0.999999999856525
"POLR3GL",4.31142086643383e-08,0.583282335438605,0.0243315090053225,0.876044367776687,0.999999999856525
"ARMCX3",4.30594196072752e-08,0.582755318881682,0.0242697078760897,0.876200618192497,0.999999999856525
"DOCK2",4.29642058493795e-08,0.581838073821339,0.024162495319177,0.876472165446358,0.999999999856525
"SOCS2",4.29492638085022e-08,0.581693969403338,0.0241456918333398,0.876514781093689,0.999999999856525
"SMARCC1",4.28995235505334e-08,0.581213950142555,0.024089797162389,0.876656646039686,0.999999999856525
"NQO2",4.28831424178942e-08,0.581055758234865,0.0240714033534292,0.876703367784743,0.999999999856525
"HIST1H1B",4.28578246256752e-08,0.580811162425789,0.0240429886966681,0.876775579230827,0.999999999856525
"NDUFB7",4.27896137424202e-08,0.58015155226471,0.0239665177869206,0.876970135519766,0.999999999856525
"UQCRB",4.27691787775845e-08,0.579953765649524,0.0239436319527353,0.877028423134152,0.999999999856525
"RPS10",4.27072291225464e-08,0.579353664836685,0.0238743191658931,0.877205129131826,0.999999999856525
"CALM1",4.26546818472512e-08,0.578844052940846,0.0238156050485914,0.877355020457129,0.999999999856525
"TARSL2",4.26536465186803e-08,0.578834006698995,0.0238144489421088,0.877357973780456,0.999999999856525
"HSPE1",4.25679312067961e-08,0.578001540610156,0.0237188317061291,0.877602486646978,0.999999999856525
"ABLIM1",4.24619714243996e-08,0.576970452016101,0.0236008971857975,0.877904765352044,0.999999999856525
"ATP5A1",4.24220788087171e-08,0.576581681911401,0.0235565723829778,0.87801857435559,0.999999999856525
"SLC25A3",4.23946203229801e-08,0.576313903595701,0.0235260873860499,0.878096911694228,0.999999999856525
"HACD4",4.23773490103226e-08,0.576145394818953,0.0235069225184185,0.878146186278219,0.999999999856525
"ILF2",4.23563059474597e-08,0.57594000631466,0.0234835829351153,0.878206222200638,0.999999999856525
"PDCD4",4.20341707267208e-08,0.572784760668844,0.0231277387637468,0.879125362197636,0.999999999856525
"ATP6V1F",4.18999595329491e-08,0.571464008660948,0.0229802851096671,0.879508351635493,0.999999999856525
"HDAC8",4.18949806040914e-08,0.571414941347696,0.0229748239871301,0.879522560212078,0.999999999856525
"NSA2",4.17269042315249e-08,0.569755580238109,0.022790850676194,0.880002229485414,0.999999999856525
"ANAPC15",4.14550176811138e-08,0.567059042872846,0.0224948144354795,0.880778253383182,0.999999999856525
"AP2M1",4.1275469210193e-08,0.565269895595193,0.0223003789643768,0.881290786950971,0.999999999856525
"HLA-C",4.11403013785787e-08,0.563918536646667,0.0221545607163546,0.881676665721444,0.999999999856525
"TMEM109",4.08963059017319e-08,0.56146939512382,0.0218925508338715,0.882373298032428,0.999999999856525
"CD59",4.08841552790007e-08,0.561347101004435,0.0218795438591162,0.882407991699455,0.999999999856525
"SPCS1",4.05880063027314e-08,0.558356633346763,0.0215637180043769,0.883253655323039,0.999999999856525
"MRPL14",4.05452875822308e-08,0.557923708084874,0.0215183504310482,0.883375651107874,0.999999999856525
"TMEM261",4.03715215747074e-08,0.55615862668989,0.0213343021452062,0.883871919178302,0.999999999856525
"YBX3",4.0338278379301e-08,0.555820199370557,0.0212991819243125,0.883966865480545,0.999999999856525
"C19orf33",4.03276629979852e-08,0.555712080218016,0.021287973256172,0.88399718455376,0.999999999856525
"MT-ND5",3.99873265486581e-08,0.552232577354315,0.0209301790725582,0.884969324760899,0.999999999856525
"TFDP2",3.9771039724495e-08,0.550007972999545,0.0207043735710758,0.885587218559139,0.999999999856525
"PDXDC1",3.9640295674579e-08,0.548658128181792,0.0205684694462247,0.885960765310598,0.999999999856525
"FRMD4B",3.95775558592312e-08,0.548009012299904,0.0205034123759988,0.886140027245344,0.999999999856525
"SDHA",3.94404472432066e-08,0.546587358376757,0.0203615984099761,0.886531798040579,0.999999999856525
"RGS10",3.93740893502027e-08,0.545897768321023,0.0202931399508525,0.886721417420507,0.999999999856525
"LMAN2",3.92360134572894e-08,0.544459654684297,0.0201510627375871,0.887115993597135,0.999999999856525
"MSH6",3.91206944562803e-08,0.543255200705893,0.0200327843873701,0.887445559396356,0.999999999856525
"C4orf48",3.9109528370361e-08,0.543138412884527,0.0200213502412456,0.887477471564175,0.999999999856525
"INF2",3.88241093747387e-08,0.540143326313676,0.0197301873471486,0.888293247909993,0.999999999856525
"NCKAP1L",3.87838794269188e-08,0.539719635514938,0.0196893192794914,0.888408241522036,0.999999999856525
"KPNB1",3.87790051175297e-08,0.539668274779317,0.0196843705325153,0.888422174447444,0.999999999856525
"SEC13",3.86756183446448e-08,0.538577566601437,0.0195795514070426,0.888717707542888,0.999999999856525
"PTPN12",3.8356616075868e-08,0.535196175060808,0.0192578933215937,0.889629679035179,0.999999999856525
"ETS2",3.82709483425677e-08,0.534283958921096,0.0191719661526335,0.88987461297864,0.999999999856525
"RABGAP1L",3.82560468622815e-08,0.534125102928514,0.019157039161344,0.889917219105686,0.999999999856525
"MRPL18",3.81918331975779e-08,0.533439945006391,0.0190927820632991,0.890100821652285,0.999999999856525
"TGFBR2",3.81722287795828e-08,0.533230567691062,0.0190731858940975,0.890156876645048,0.999999999856525
"TOX4",3.81085343714976e-08,0.532549661211992,0.0190095877355801,0.89033900211592,0.999999999856525
"AUP1",3.78587953277281e-08,0.529870356540187,0.0187612506895112,0.891053152578588,0.999999999856525
"ORAI2",3.75544802779336e-08,0.526584774135379,0.0184608510264416,0.891923487282345,0.999999999856525
"RNF167",3.71685835693489e-08,0.522385069564846,0.0180834057882677,0.893027330942197,0.999999999856525
"CCNB1",3.71682902438188e-08,0.522381862978515,0.0180831203696078,0.893028170068428,0.999999999856525
"STK4",3.69354197645809e-08,0.519829220444742,0.0178572378653321,0.893694388206366,0.999999999856525
"SRSF3",3.675170641755e-08,0.517805568710806,0.0176800391641496,0.894220025873416,0.999999999856525
"PRRC2B",3.66942027852544e-08,0.517170350870577,0.0176247562287183,0.894384563896404,0.999999999856525
"SRP72",3.66717800292089e-08,0.516922422752939,0.0176032228619715,0.89444872448319,0.999999999856525
"RRM2",3.64421519647461e-08,0.514375844526972,0.0173834605015453,0.895105823055677,0.999999999856525
"N4BP2L2",3.64181076073989e-08,0.514108389324531,0.0173605290211011,0.895174632025781,0.999999999856525
"RBMX",3.6403304330939e-08,0.513943650383808,0.0173464184318302,0.895216995713238,0.999999999856525
"USP1",3.63542512293145e-08,0.513397345816202,0.0172997016650444,0.895357376923963,0.999999999856525
"SSX2IP",3.60983511601532e-08,0.510536993019616,0.0170570112647142,0.896089770229687,0.999999999856525
"PUF60",3.57811552739906e-08,0.506967028900826,0.016758568648826,0.89699771677083,0.999999999856525
"CCPG1",3.57779318186348e-08,0.506930609254608,0.0167555492904989,0.897006944335016,0.999999999856525
"MRPS21",3.57448090599315e-08,0.506556212879364,0.0167245394983445,0.897101763387493,0.999999999856525
"CENPF",3.57002565162779e-08,0.506052148196209,0.0166828743484009,0.897229304295842,0.999999999856525
"SRP14",3.56790652092128e-08,0.505812199901632,0.0166630746594872,0.897289969745162,0.999999999856525
"CLEC1B",3.56310373482956e-08,0.505267925326278,0.016618244270123,0.897427463805196,0.999999999856525
"GSR",3.55619137651069e-08,0.504483467883262,0.016553828612618,0.897625356060138,0.999999999856525
"CTSC",3.5521690948534e-08,0.504026386469516,0.0165164028958036,0.897740511932248,0.999999999856525
"SNRPG",3.52909383672807e-08,0.501395481949032,0.0163025153517995,0.898401186347114,0.999999999856525
"ERLEC1",3.52628157653643e-08,0.5010738271498,0.0162765434452141,0.898481709808937,0.999999999856525
"AKR1B1",3.52468890373035e-08,0.500891565231013,0.0162618439078407,0.898527313281978,0.999999999856525
"KMT2C",3.52184808185826e-08,0.500566290812006,0.0162356410932204,0.898608656209405,0.999999999856525
"EIF3K",3.51849623251149e-08,0.500182211403623,0.0162047518978758,0.898704633057685,0.999999999856525
"DCP2",3.5102631783601e-08,0.499237461350463,0.0161290044760788,0.898940384602045,0.999999999856525
"IGHM",3.51007023428241e-08,0.499215297852236,0.0161272314407205,0.89894590961678,0.999999999856525
"HNRNPM",3.49563632971466e-08,0.497554275487902,0.0159948692404482,0.89935924291255,0.999999999856525
"CAPN1",3.48171851913135e-08,0.495947010644792,0.0158677562495208,0.89975782305173,0.999999999856525
"CNST",3.47678331433239e-08,0.495375744160773,0.0158228042379321,0.8998991641905,0.999999999856525
"ANAPC11",3.45165622890138e-08,0.492456265797698,0.015594924477844,0.90061883713187,0.999999999856525
"SHARPIN",3.43115249713015e-08,0.490060301412106,0.015410198991802,0.901206151678491,0.999999999856525
"PRKCB",3.42707399679103e-08,0.489582230410066,0.0153735855520414,0.901322983826336,0.999999999856525
"ATXN2",3.42256225404137e-08,0.489052801636111,0.0153331335478522,0.901452229065533,0.999999999856525
"NGFRAP1",3.39755287733192e-08,0.486107079382441,0.0151098674511134,0.902168705244073,0.999999999856525
"NUMA1",3.39157993651103e-08,0.485400781634291,0.0150567874745945,0.902339831667981,0.999999999856525
"IL1B",3.38951759288827e-08,0.485156660215602,0.0150384816530514,0.902398919443475,0.999999999856525
"CTTN",3.38031599776813e-08,0.484065889838365,0.0149569419137006,0.902662559002457,0.999999999856525
"CEP350",3.35881346418651e-08,0.481506890277747,0.0147672618706407,0.903278680775418,0.999999999856525
"PBRM1",3.35778940346698e-08,0.481384664114983,0.0147582585320301,0.903308025104176,0.999999999856525
"NDUFA11",3.33515309410067e-08,0.478674644520018,0.014559945652769,0.903956699305595,0.999999999856525
"FO538757.2",3.33106267644037e-08,0.478183241512589,0.0145242532958703,0.904073922632538,0.999999999856525
"CANX",3.32991719020505e-08,0.478045534688408,0.0145142658094609,0.904106750390447,0.999999999856525
"FLI1",3.32503616554895e-08,0.47745829280219,0.014471746693837,0.904246634393024,0.999999999856525
"LBR",3.32130367869614e-08,0.477008729027309,0.0144392746939912,0.904353604757926,0.999999999856525
"MAPK14",3.30893407081367e-08,0.475515723329523,0.0143319219276907,0.90470812114217,0.999999999856525
"SNRPD1",3.30634592986146e-08,0.475202724747183,0.0143095107664,0.904782300383144,0.999999999856525
"BRD3",3.30133657144013e-08,0.474596311437969,0.0142661836805951,0.904925876996648,0.999999999856525
"NDUFS2",3.30031864284443e-08,0.474472987599084,0.0142573874144962,0.904955052917466,0.999999999856525
"COTL1",3.28825786423209e-08,0.47300929061489,0.0141533726130244,0.905300749318102,0.999999999856525
"LINC01420",3.27903121702201e-08,0.47188640239374,0.0140740570786811,0.90556522352857,0.999999999856525
"NME2",3.27745467935078e-08,0.471694263256788,0.0140605268950932,0.905610414725415,0.999999999856525
"DECR1",3.27621250651092e-08,0.471542818162937,0.0140498708851386,0.905646021623852,0.999999999856525
"BCL2L1",3.27083542478019e-08,0.470886673065914,0.0140037900476333,0.905800157918938,0.999999999856525
"HIST1H1E",3.26964495110879e-08,0.470741277762478,0.0139935980891149,0.905834283824254,0.999999999856525
"FAXDC2",3.26898526292902e-08,0.47066068878008,0.0139879519225626,0.905853194402487,0.999999999856525
"TNF",3.2673843169317e-08,0.470465055070107,0.0139742544169112,0.905899087237725,0.999999999856525
"TRAPPC6A",3.26346990078607e-08,0.469986368246793,0.0139407913925886,0.906011299500859,0.999999999856525
"NUTM2A-AS1",3.258010281728e-08,0.469317890435661,0.0138941859404621,0.906167810319298,0.999999999856525
"SEPT6",3.25134398468865e-08,0.468500350058717,0.0138373856214306,0.906358917898151,0.999999999856525
"COX7B",3.25072768982612e-08,0.468424695705764,0.0138321403434942,0.906376585944549,0.999999999856525
"DEK",3.24116304861897e-08,0.467248976600533,0.0137508632638638,0.906650792646493,0.999999999856525
"SERF2",3.24032204720914e-08,0.467145454138663,0.0137437281738557,0.906674903673015,0.999999999856525
"SELT",3.2333498161403e-08,0.466286315300567,0.013684646789967,0.906874796836136,0.999999999856525
"TPST2",3.22992357058402e-08,0.465863535263804,0.0136556600605113,0.906973029113809,0.999999999856525
"HLA-E",3.21359819581677e-08,0.463843723969963,0.0135179661718417,0.907441105786284,0.999999999856525
"INTS10",3.21058662450339e-08,0.463470155464854,0.0134926417590484,0.907527456250529,0.999999999856525
"TGS1",3.20563121704259e-08,0.462854804118439,0.0134510232348061,0.907669544500242,0.999999999856525
"CEBPZ",3.20539758634235e-08,0.462825772057465,0.0134490626490449,0.907676243553573,0.999999999856525
"SENP6",3.19432424418438e-08,0.461447640030926,0.0133563010935917,0.907993764612445,0.999999999856525
"SNRPA",3.17255547526965e-08,0.458726306782712,0.0131748796075035,0.908618013058089,0.999999999856525
"CRLF3",3.15173521890484e-08,0.45610837891513,0.0130025237282707,0.909215114448154,0.999999999856525
"DCK",3.14835272266817e-08,0.455681652485376,0.0129746296420291,0.909312125464216,0.999999999856525
"ARF1",3.13922045901925e-08,0.454527565349111,0.0128994691352896,0.909574048300377,0.999999999856525
"C10orf54",3.13111472933989e-08,0.453500768346337,0.0128329401225273,0.909806537307484,0.999999999856525
"WBP1",3.10695359692293e-08,0.45042643181702,0.0126356544174205,0.910499574050005,0.999999999856525
"RASA3",3.10620691582542e-08,0.450331092505151,0.0126295817997901,0.910520992901673,0.999999999856525
"GAMT",3.09794354027107e-08,0.449274663621943,0.0125624747698746,0.910758035536438,0.999999999856525
"MARCKSL1",3.0852357762043e-08,0.447645272133726,0.0124596236108474,0.911122585093766,0.999999999856525
"JARID2",3.08211824705851e-08,0.447244654524488,0.0124344562540156,0.911212020986564,0.999999999856525
"CLEC2B",3.08091572354687e-08,0.447090030646426,0.0124247552576141,0.911246519365332,0.999999999856525
"VPS36",3.07816399895213e-08,0.446736009407636,0.0124025707907293,0.911325462349153,0.999999999856525
"GTF3A",3.07681660478749e-08,0.446562561386208,0.012391715297612,0.911364117450928,0.999999999856525
"EIF3A",3.06699486981618e-08,0.445296233431939,0.0123127285380511,0.911645897427654,0.999999999856525
"SNRPB",3.06340511724401e-08,0.444832526053695,0.0122839226324928,0.911748888156777,0.999999999856525
"TPM3",3.04163059512221e-08,0.44200967052846,0.0121099163027322,0.912373635318677,0.999999999856525
"LDHB",3.02449744121781e-08,0.439776196150352,0.0119738730227292,0.912865252021925,0.999999999856525
"CLEC11A",3.02159241539191e-08,0.439396411875815,0.0119508822906473,0.912948611802924,0.999999999856525
"LY6E",3.0105938158662e-08,0.437955655756277,0.0118640381872832,0.913264225532248,0.999999999856525
"COX5B",2.99872077494923e-08,0.436395228159835,0.0117706450186964,0.913604947419251,0.999999999856525
"BACH1",2.99830453268589e-08,0.436340426062244,0.0117673775588334,0.913616892655137,0.999999999856525
"IRF2",2.98913427502775e-08,0.435131403466722,0.0116955070314527,0.913880063791776,0.999999999856525
"SMC4",2.98572000344317e-08,0.434680439430159,0.0116688044291979,0.913978050119233,0.999999999856525
"AKIRIN1",2.9571863214502e-08,0.430894092272449,0.011446839220786,0.914796990470898,0.999999999856525
"SSBP1",2.95702802016558e-08,0.430872998014353,0.0114456137309751,0.914801534102243,0.999999999856525
"CAPZA2",2.95667831744156e-08,0.430826395308504,0.0114429067389561,0.914811571429636,0.999999999856525
"SKAP2",2.94259205270496e-08,0.428945226767785,0.0113341334269164,0.915215893114382,0.999999999856525
"MAP1LC3B",2.94244316023454e-08,0.428925301121022,0.0113329864623348,0.915220166930659,0.999999999856525
"RIF1",2.92217160598451e-08,0.426204259236429,0.0111773702849265,0.915802065381309,0.999999999856525
"COPA",2.91522395033055e-08,0.425267917032179,0.0111242835990182,0.916001509429507,0.999999999856525
"SRRM2",2.9002617785697e-08,0.423244871634564,0.0110103875036149,0.916431041474349,0.999999999856525
"SLC39A10",2.89971966423689e-08,0.42317140248959,0.0110062717847719,0.916446604879578,0.999999999856525
"TPP1",2.89433735021647e-08,0.422441327394566,0.0109654511266611,0.916601125928771,0.999999999856525
"TMED10",2.87891980907095e-08,0.420343514679968,0.0108489408524426,0.917043766098937,0.999999999856525
"NDUFC1",2.864820959782e-08,0.418416599421646,0.0107429406476372,0.917448568922471,0.999999999856525
"NEAT1",2.85960090169537e-08,0.417701081345057,0.0107038263827268,0.917598451429259,0.999999999856525
"ARGLU1",2.85262453753694e-08,0.416743057014214,0.0106516633675786,0.917798766980233,0.999999999856525
"SMU1",2.84602194353327e-08,0.415834490029982,0.0106024124286096,0.917988355103493,0.999999999856525
"PIK3CG",2.84420669809382e-08,0.41558437865015,0.0105888919122758,0.918040479219428,0.999999999856525
"NGLY1",2.83769040770782e-08,0.414685399404904,0.0105404276060822,0.918227595040268,0.999999999856525
"MAP3K7CL",2.83538283299356e-08,0.414366620694115,0.010523291885677,0.918293858326707,0.999999999856525
"AP1M1",2.83306583014282e-08,0.414046313441155,0.0105061001790504,0.918360392918297,0.999999999856525
"YBX1",2.83212537355888e-08,0.413916238062388,0.0104991261857015,0.918387399045069,0.999999999856525
"TMEM258",2.81545010278311e-08,0.411603633557606,0.0103758545541751,0.918866261293132,0.999999999856525
"KIFAP3",2.81446419251277e-08,0.411466531917516,0.0103685890228455,0.918894574512619,0.999999999856525
"TMEM183A",2.8107964886548e-08,0.410956132081055,0.0103415827208027,0.918999903970434,0.999999999856525
"NT5C",2.80853097719632e-08,0.410640573980484,0.0103249187379557,0.919064965847793,0.999999999856525
"PSMD7",2.80254436474922e-08,0.409805649952186,0.0102809488407833,0.919236894420017,0.999999999856525
"SLC25A5",2.80086734332042e-08,0.409571486962561,0.0102686484374942,0.919285057209483,0.999999999856525
"PRPF4B",2.79238585984425e-08,0.408385352103942,0.0102065523116069,0.919528643544615,0.999999999856525
"NT5C3A",2.79066633258933e-08,0.408144496083292,0.0101939859672315,0.919578028909619,0.999999999856525
"BLOC1S1",2.7810064897893e-08,0.40678903806735,0.0101235355011733,0.919855468401735,0.999999999856525
"MTPN",2.78094682196445e-08,0.406780652886698,0.0101231010952376,0.919857182146416,0.999999999856525
"MDH1",2.7751908399647e-08,0.405971025540228,0.0100812390319293,0.920022503873867,0.999999999856525
"C16orf13",2.76571406127141e-08,0.404634863683346,0.0100125053449446,0.920294700825267,0.999999999856525
"TAX1BP1",2.76126998453088e-08,0.404006912967056,0.00998035408726076,0.920422349120118,0.999999999856525
"NDUFS6",2.76029640233024e-08,0.403869228373405,0.00997331748296655,0.920450313831878,0.999999999856525
"SLIRP",2.75480354058829e-08,0.403091635716543,0.009933664098552,0.920608090020392,0.999999999856525
"ATP5J",2.74361766192554e-08,0.401503955991244,0.00985315660328637,0.920929401282101,0.999999999856525
"CHD2",2.7358631232257e-08,0.400400014397064,0.00979753755137662,0.921152155834189,0.999999999856525
"NUSAP1",2.73005441637024e-08,0.399571306558619,0.0097559780105322,0.921319019057877,0.999999999856525
"CD55",2.71271103802639e-08,0.397087870823379,0.00963241697953472,0.921817252424248,0.999999999856525
"ZFAND1",2.7088014877285e-08,0.396526155662678,0.00960467257067649,0.921929568605587,0.999999999856525
"PPIH",2.69608279065696e-08,0.39469389324794,0.00951469024183201,0.92229497061989,0.999999999856525
"NOP56",2.69052221801934e-08,0.393890481890901,0.00947548331028956,0.92245472833926,0.999999999856525
"RGS18",2.6879900226053e-08,0.393524144750247,0.00945765592770479,0.9225274804743,0.999999999856525
"RRM1",2.68611265956122e-08,0.393252350410111,0.00944444958903932,0.922581419135025,0.999999999856525
"FAM13B",2.67537705241541e-08,0.391694940940296,0.00936910704281995,0.922889871514252,0.999999999856525
"GCLM",2.6693944616248e-08,0.390824699864293,0.00932725211014361,0.923061766628369,0.999999999856525
"ASPM",2.65193809709244e-08,0.388275769856725,0.00920566083607078,0.923563353078306,0.999999999856525
"SWI5",2.63777880956701e-08,0.386197576636803,0.00910762112186603,0.923970224545765,0.999999999856525
"TMEM50A",2.63320801558749e-08,0.385524647573673,0.00907608474601682,0.924101571964123,0.999999999856525
"METTL9",2.62716436412905e-08,0.384633324537857,0.00903447030124083,0.924275246940219,0.999999999856525
"DOK2",2.61609823926628e-08,0.382996671017692,0.00895852072043948,0.924593260890889,0.999999999856525
"SNAP23",2.61583372727615e-08,0.382957477023426,0.0089567092316256,0.924600862480262,0.999999999856525
"MT-ND1",2.6156231595392e-08,0.382926273751294,0.00895526730657894,0.924606913815676,0.999999999856525
"MIS18BP1",2.61002608199324e-08,0.38209606471419,0.00891698220665547,0.924767765285918,0.999999999856525
"LARS",2.60798226340481e-08,0.38179252284318,0.00890302253126562,0.924826502281268,0.999999999856525
"EP300",2.60740653407849e-08,0.381706980050353,0.00889909216297551,0.924843048153874,0.999999999856525
"MEAF6",2.60265194922464e-08,0.380999910238874,0.00886666690751285,0.924979691307,0.999999999856525
"GNAQ",2.58524001947648e-08,0.378400941111627,0.00874842646793414,0.925480115791469,0.999999999856525
"ME2",2.58497211015353e-08,0.378360833719528,0.00874661335692652,0.925487815822782,0.999999999856525
"SOX4",2.5804280120961e-08,0.377680010228235,0.00871588920751214,0.925618419646651,0.999999999856525
"SECISBP2",2.57610020575705e-08,0.377030626985149,0.00868667773680801,0.925742808803526,0.999999999856525
"MAP2K3",2.5760284243353e-08,0.37701984828947,0.00868619364586343,0.925744871949633,0.999999999856525
"CDV3",2.57028425129526e-08,0.376156459220598,0.00864749890977076,0.925909972947584,0.999999999856525
"HIF1A",2.55828641618583e-08,0.374347698733325,0.00856695597713373,0.926254829136474,0.999999999856525
"GLIPR1",2.54640312614286e-08,0.37254895214613,0.00848755346604843,0.926596406591531,0.999999999856525
"EIF4G1",2.53654332582226e-08,0.371050970978345,0.00842195225456156,0.926879830421437,0.999999999856525
"ZCCHC17",2.53592870408554e-08,0.370957425797853,0.00841787135616696,0.926897498272073,0.999999999856525
"DKC1",2.53216293531154e-08,0.370383848321075,0.0083928894073374,0.927005749444735,0.999999999856525
"HIST1H4C",2.52754786978119e-08,0.369679903371615,0.00836232388848416,0.927138416430862,0.999999999856525
"OLA1",2.52675656933865e-08,0.36955909301711,0.00835708871580007,0.927161163753406,0.999999999856525
"ARRB2",2.52595099539209e-08,0.369436069825822,0.00835176079474859,0.927184321454075,0.999999999856525
"CPT1A",2.52054693523794e-08,0.368609909548093,0.00831606323907108,0.92733967266909,0.999999999856525
"DR1",2.50561106879582e-08,0.366318545199766,0.00821779916548606,0.927769050339107,0.999999999856525
"C17orf89",2.50410551874337e-08,0.366086917755175,0.00820792645137202,0.92781233320033,0.999999999856525
"NME4",2.50275923595796e-08,0.365879691282779,0.00819910316533664,0.927851037488659,0.999999999856525
"PARVG",2.50178738198488e-08,0.365730038741539,0.00819273676479025,0.927878977427899,0.999999999856525
"HPRT1",2.50021021288509e-08,0.365487068586748,0.00818241034101163,0.927924319829067,0.999999999856525
"EIF2S2",2.48881744844078e-08,0.363728008362777,0.00810801028964185,0.928251860005408,0.999999999856525
"TMBIM1",2.48113807554033e-08,0.362538363574762,0.00805805212618313,0.928472647624396,0.999999999856525
"TAF1D",2.46462980124492e-08,0.359970163688375,0.0079511802062936,0.928947291272393,0.999999999856525
"CHEK1",2.46128251179452e-08,0.359447608842641,0.00792959738817504,0.929043535169472,0.999999999856525
"F13A1",2.45813756204923e-08,0.358956080851845,0.00790934595214481,0.929133962182039,0.999999999856525
"TCF4",2.44891806590768e-08,0.357512010255819,0.00785012759243246,0.929399056422432,0.999999999856525
"SRSF1",2.44730588920154e-08,0.357259007962772,0.00783979517075836,0.929445413205935,0.999999999856525
"YWHAQ",2.43874671296601e-08,0.355913376524264,0.00778505346671093,0.929691529116355,0.999999999856525
"CCAR1",2.42805063003623e-08,0.354226031184218,0.00771691439239959,0.929999100429183,0.999999999856525
"HMG20B",2.42531984066581e-08,0.353794208181464,0.00769956597539993,0.93007762734582,0.999999999856525
"MCUR1",2.42528439738042e-08,0.353788600725216,0.00769934093628086,0.930078646561793,0.999999999856525
"MTSS1",2.41207948621345e-08,0.351694506915564,0.00761572819788495,0.930458378253404,0.999999999856525
"HLA-DMA",2.40698522857621e-08,0.350883982637235,0.00758359367403662,0.930604877309085,0.999999999856525
"APLP2",2.40124732504052e-08,0.349969270151874,0.00754748039590499,0.930769888946192,0.999999999856525
"EMC10",2.38148116849529e-08,0.34680367517479,0.00742373582228101,0.931338350285923,0.999999999856525
"C19orf60",2.37032275112255e-08,0.345006569158521,0.00735433105236987,0.931659274335561,0.999999999856525
"PSME1",2.36715106252623e-08,0.344494419613465,0.00733466280922049,0.931750496394051,0.999999999856525
"EMP3",2.36224469927805e-08,0.343700991158492,0.0073042893985685,0.931891611809892,0.999999999856525
"CDK5RAP2",2.36067583235767e-08,0.34344698205985,0.0072945904434503,0.931936735563287,0.999999999856525
"ATP5J2",2.35916318189425e-08,0.343201936305155,0.00728524512777258,0.931980242625977,0.999999999856525
"SNN",2.33973295356816e-08,0.340042127743627,0.00716573575831402,0.932539115577371,0.999999999856525
"PRKACA",2.33578566514009e-08,0.339397431224319,0.00714157798744908,0.932652655770743,0.999999999856525
"TRAPPC2L",2.3342965612849e-08,0.339153976127551,0.00713247513043911,0.932695488856893,0.999999999856525
"ATP5G3",2.33411610787273e-08,0.339124464481833,0.00713137241731616,0.932700679493021,0.999999999856525
"STOML2",2.33343779387261e-08,0.339013514229739,0.00712722814458461,0.932720190821353,0.999999999856525
"COX20",2.33162294907887e-08,0.338716526892661,0.00711614596972396,0.932772394030249,0.999999999856525
"CORO1A",2.32731429431784e-08,0.338010641575779,0.00708987012039895,0.932896331739088,0.999999999856525
"UBA2",2.32228750340856e-08,0.337185672698337,0.00705927622432722,0.933040928565887,0.999999999856525
"LETMD1",2.31772107412688e-08,0.336434914439292,0.00703154150819412,0.933172284897206,0.999999999856525
"RAD21",2.313482868994e-08,0.335736972054701,0.00700584914309144,0.933294201274112,0.999999999856525
"ADAR",2.30957924321747e-08,0.335093147645551,0.00698222662931495,0.933406494512377,0.999999999856525
"GCA",2.30540066830556e-08,0.334402930967913,0.00695698448688853,0.933526698514333,0.999999999856525
"TMSB10",2.29907802398232e-08,0.333356494720547,0.0069188772530838,0.933708583296845,0.999999999856525
"AK2",2.29739042153353e-08,0.333076764930281,0.00690872359264684,0.933757131481885,0.999999999856525
"GLRX",2.29612955635256e-08,0.332867653144169,0.00690114231386838,0.933793403642757,0.999999999856525
"HECTD1",2.29389436780209e-08,0.33249670743628,0.00688771289193909,0.933857705160316,0.999999999856525
"NBAS",2.29199194117483e-08,0.332180739346757,0.00687629306808584,0.933912434180416,0.999999999856525
"QARS",2.28678311122801e-08,0.331314457544421,0.00684507416118518,0.934062283427859,0.999999999856525
"MRPS25",2.28237095530198e-08,0.330579333216498,0.00681868565174215,0.934189215536083,0.999999999856525
"SPTLC2",2.27797513505915e-08,0.329845705953133,0.00679244552471012,0.934315679351393,0.999999999856525
"FAH",2.26313241262336e-08,0.327359483480195,0.00670421810886712,0.934742703424944,0.999999999856525
"SLC40A1",2.26144083145396e-08,0.327075240528365,0.00669419970188031,0.934791371289597,0.999999999856525
"RUVBL2",2.25829304756932e-08,0.326545815791707,0.00667557685907006,0.934881935679814,0.999999999856525
"MRPS15",2.24816136691538e-08,0.324837422635121,0.00661581216780629,0.93517343837025,0.999999999856525
"CMIP",2.24778196979259e-08,0.324773319703155,0.00661357940253925,0.935184354327706,0.999999999856525
"PSMA5",2.24143115509829e-08,0.32369889280624,0.0065762605853494,0.935367080828863,0.999999999856525
"DAZAP2",2.23490740798057e-08,0.322592461245408,0.00653803551881768,0.935554786510162,0.999999999856525
"CSNK1A1",2.22803147843175e-08,0.321423268180332,0.0064978674859648,0.93575262930092,0.999999999856525
"CENPC",2.22759295646363e-08,0.321348595334771,0.00649530991238432,0.935765247134716,0.999999999856525
"RNASEH2B",2.21921897812057e-08,0.319920201136245,0.00644656730002788,0.936006199311705,0.999999999856525
"KIF2A",2.21793694059062e-08,0.319701105353342,0.00643912111825069,0.936043089074037,0.999999999856525
"MANBA",2.21501617917268e-08,0.31920154754447,0.0064221731583758,0.936127132519879,0.999999999856525
"RASSF1",2.21253639360186e-08,0.318776964953376,0.00640780152727877,0.936198487665431,0.999999999856525
"ZFP36",2.21005008120667e-08,0.318350850988876,0.00639340823203398,0.936270031133037,0.999999999856525
"CD81",2.20243137862747e-08,0.31704253819291,0.00634940423579279,0.936489261975876,0.999999999856525
"RAB1B",2.19839876366399e-08,0.316348455302889,0.00632617421656228,0.936605303837877,0.999999999856525
"ANXA7",2.19835585185489e-08,0.316341063511308,0.00632592725051104,0.936606538668252,0.999999999856525
"CCDC85B",2.19421911901634e-08,0.315627901652093,0.00630214215706528,0.93672557802289,0.999999999856525
"LASP1",2.19301152159398e-08,0.31541949550984,0.0062952072467484,0.936760328326379,0.999999999856525
"RGCC",2.18906506040793e-08,0.314737724883042,0.00627257039615613,0.936873894102084,0.999999999856525
"JKAMP",2.18153599322491e-08,0.313434084153824,0.00622949685830738,0.937090558694728,0.999999999856525
"KAT6A",2.1807347330349e-08,0.313295118528817,0.00622492161298199,0.937113616900402,0.999999999856525
"THUMPD1",2.17550521766868e-08,0.312387056202764,0.00619510203845557,0.93726411018536,0.999999999856525
"RHOG",2.1629260183493e-08,0.31019501623583,0.00612366656582768,0.937626119443191,0.999999999856525
"SUPT4H1",2.15291644661134e-08,0.308442856701007,0.0060671196027154,0.937914188139841,0.999999999856525
"CREG1",2.15265599083056e-08,0.308397170250342,0.0060656517140847,0.937921683989479,0.999999999856525
"RNASEH2C",2.14506173498854e-08,0.30706295577024,0.0060229297395246,0.938140247113629,0.999999999856525
"MORF4L2",2.13481489914433e-08,0.30525621928464,0.00596552480378531,0.938435159027874,0.999999999856525
"PRDX5",2.13373130398696e-08,0.305064719509153,0.00595947034610888,0.938466346234661,0.999999999856525
"AP1S2",2.13061637401502e-08,0.304513760092325,0.00594208316815213,0.938555998291436,0.999999999856525
"PTPN2",2.12943889059618e-08,0.304305308711775,0.0059355172080594,0.938589888119882,0.999999999856525
"TIMM17B",2.12435487239742e-08,0.303404131195446,0.00590720904215881,0.938736215451932,0.999999999856525
"HLA-DQB1",2.12051477654048e-08,0.302722208763028,0.00588587197965457,0.938846741798023,0.999999999856525
"LINC00493",2.11774109279136e-08,0.302228993894159,0.00587048432894098,0.938926575207352,0.999999999856525
"MRPL57",2.1138582798946e-08,0.301537613921856,0.00584897735974661,0.93903833310002,0.999999999856525
"RPA2",2.10557287123783e-08,0.300058616205495,0.00580321630308664,0.939276813658684,0.999999999856525
"PTGIR",2.10522400943008e-08,0.299996231686424,0.00580129345079159,0.939286855136832,0.999999999856525
"C6orf48",2.10295529471162e-08,0.299590314762415,0.00578879654976641,0.939352157015404,0.999999999856525
"ACADVL",2.10118079719479e-08,0.299272558494396,0.00577903136719002,0.939403233805855,0.999999999856525
"CD82",2.09254066329117e-08,0.297722056333492,0.0057316018983881,0.939651933293075,0.999999999856525
"AHCTF1",2.08260669925114e-08,0.295932506300486,0.00567731155386759,0.939937881939728,0.999999999856525
"SMARCB1",2.07164565349599e-08,0.293949335730525,0.00561770787438392,0.940253404065637,0.999999999856525
"CMTM7",2.06672703376862e-08,0.293056460346266,0.00559106377457078,0.940394993365997,0.999999999856525
"NEK2",2.06299687848084e-08,0.292378098905318,0.00557089980023903,0.940502372323219,0.999999999856525
"NDUFB9",2.05579605386989e-08,0.291065556328279,0.00553207757746595,0.940709663544035,0.999999999856525
"MRPS18C",2.05458163285284e-08,0.290843803492566,0.00552554357627244,0.940744623660677,0.999999999856525
"GABARAPL2",2.04882216584187e-08,0.289790578937761,0.00549460824601923,0.940910425736323,0.999999999856525
"MT-ATP8",2.04311120747528e-08,0.288743690731267,0.0054640192126427,0.941074833886164,0.999999999856525
"PSMB1",2.03639340298958e-08,0.28750898722906,0.00542814660117043,0.941268230526157,0.999999999856525
"UQCR11",2.03263442233413e-08,0.28681656314498,0.00540812545409584,0.941376448082362,0.999999999856525
"FKBP11",2.03128887111956e-08,0.286568436014263,0.00540096774670814,0.94141518551326,0.999999999856525
"CALM3",2.02836471408521e-08,0.286028714102051,0.0053854289325219,0.941499370323653,0.999999999856525
"UXT",2.02357592520286e-08,0.285143373721288,0.0053600299118767,0.941637238230865,0.999999999856525
"UBE2L6",2.01894116919948e-08,0.284284781361794,0.00533550502876145,0.941770673239467,0.999999999856525
"GADD45GIP1",2.00561027714815e-08,0.28180567362984,0.00526527790194828,0.942154479822069,0.999999999856525
"TMEM219",1.99989088542889e-08,0.280737678659509,0.00523529077143276,0.942319149608895,0.999999999856525
"SEC63",1.99128050610593e-08,0.279124844690394,0.00519030751747883,0.942567059872507,0.999999999856525
"DUT",1.98976875880629e-08,0.278841052166098,0.00518242971733121,0.942610586714634,0.999999999856525
"ANP32E",1.98619281770385e-08,0.278169015353917,0.00516381910162556,0.942713547344871,0.999999999856525
"GNAS",1.96702377391202e-08,0.274548560175091,0.00506462650379874,0.943265490169569,0.999999999856525
"JUND",1.95823717293691e-08,0.272878815255262,0.00501948067365862,0.943518495810493,0.999999999856525
"TIPRL",1.95674865534017e-08,0.272595305322131,0.00501185264400101,0.94356135747171,0.999999999856525
"ARHGAP30",1.9562652595502e-08,0.272503195359047,0.00500937669062997,0.943575276822721,0.999999999856525
"LAGE3",1.94976470552374e-08,0.271262611300484,0.00497614027752984,0.943762461534302,0.999999999856525
"LSM2",1.94910433278819e-08,0.271136383601205,0.00497277007509819,0.943781477268996,0.999999999856525
"WNK1",1.94799536651005e-08,0.27092432564693,0.0049671130505656,0.943813410531815,0.999999999856525
"COPB2",1.94453605904404e-08,0.270262160166101,0.00494948722381035,0.943913023675865,0.999999999856525
"ENOSF1",1.93151446380652e-08,0.267760442350742,0.00488342064370389,0.944287997342519,0.999999999856525
"RP5-1171I10.5",1.9256932652968e-08,0.266637343442683,0.00485402969239242,0.944455630276043,0.999999999856525
"ARHGDIA",1.91770563890278e-08,0.265091476104954,0.00481384492943363,0.944685653790437,0.999999999856525
"NDUFS5",1.909695818872e-08,0.263535704966055,0.00477371623950449,0.944916321057034,0.999999999856525
"SIGIRR",1.89556916471773e-08,0.260778020459844,0.00470335193113891,0.945323152515021,0.999999999856525
"CTR9",1.8924432784563e-08,0.260165408178899,0.00468785260652328,0.945413176389297,0.999999999856525
"DAPP1",1.89016200693806e-08,0.259717770508266,0.00467655734712906,0.945478876244879,0.999999999856525
"WSB1",1.88855640672237e-08,0.259402434438742,0.00466861570791637,0.945525117215643,0.999999999856525
"PGD",1.87920068177927e-08,0.257560361665746,0.00462247454391979,0.945794563901495,0.999999999856525
"UQCRC1",1.87637848292196e-08,0.257003132704279,0.0046086008298972,0.945875844992627,0.999999999856525
"ANO6",1.86925711178744e-08,0.255593821187085,0.00457368540360414,0.946080947435214,0.999999999856525
"TBCA",1.86371244315703e-08,0.254493314801606,0.00454659233169394,0.94624064178129,0.999999999856525
"PRMT1",1.8610952972385e-08,0.253972878252712,0.00453383205757892,0.946316020058505,0.999999999856525
"HMGB2",1.85979201137697e-08,0.25371347495663,0.0045274843866175,0.94635355709895,0.999999999856525
"FDPS",1.8506972969052e-08,0.251898887609162,0.00448331224468375,0.946615504987601,0.999999999856525
"NUTF2",1.84875546386772e-08,0.251510450964428,0.00447390900346068,0.946671434821838,0.999999999856525
"ARHGAP4",1.8446666252543e-08,0.250691379317344,0.00445414125905736,0.946789204851263,0.999999999856525
"AURKAIP1",1.84398541703111e-08,0.250554767699136,0.00445085216891051,0.946808825673304,0.999999999856525
"DTYMK",1.83355909407179e-08,0.248458368756067,0.00440066215493112,0.947109138790345,0.999999999856525
"ANAPC16",1.82406848475662e-08,0.246541118487159,0.00435522388526042,0.947382506746722,0.999999999856525
"SAFB2",1.81499753010459e-08,0.244700554925391,0.00431201519170409,0.94764379274074,0.999999999856525
"PTPMT1",1.81440805531001e-08,0.244580670732828,0.00430921473444677,0.947660772571837,0.999999999856525
"ATP5B",1.81376734570425e-08,0.244450328427232,0.00430617190426659,0.947679228249469,0.999999999856525
"PMPCB",1.81024491970284e-08,0.243733033295864,0.00428946254708517,0.947780692437427,0.999999999856525
"AZIN1",1.80966608863027e-08,0.243615046464915,0.00428671984942396,0.94779736586371,0.999999999856525
"AP2S1",1.79924801329138e-08,0.241485857161299,0.00423750544378672,0.948097465975442,0.999999999856525
"RTN3",1.79829752440597e-08,0.241291070458115,0.00423302953169535,0.948124845854814,0.999999999856525
"MAX",1.79818214637754e-08,0.241267419605693,0.00423248637025818,0.948128169450189,0.999999999856525
"VAMP5",1.7928943265069e-08,0.240182079221034,0.00420763046919122,0.94828049208524,0.999999999856525
"YWHAG",1.79129708006387e-08,0.239853694702862,0.00420013685500486,0.948326503250511,0.999999999856525
"PRKDC",1.78995600994677e-08,0.239577782678887,0.00419385027126618,0.948365134991804,0.999999999856525
"SUN2",1.78972337201497e-08,0.239529901489076,0.00419276020509007,0.9483718365243,0.999999999856525
"SRRM1",1.78918850507834e-08,0.239419795537641,0.00419025452880396,0.948387244292719,0.999999999856525
"MGST2",1.77867121877082e-08,0.237248930559721,0.00414113664207505,0.948690216852942,0.999999999856525
"PSMB9",1.76980969320779e-08,0.235411185119342,0.00409997628122375,0.948945497501849,0.999999999856525
"PIH1D1",1.76820271741643e-08,0.235077069714815,0.00409253415739749,0.948991791427319,0.999999999856525
"CKS1B",1.7528602416899e-08,0.231873821280419,0.00402182145399366,0.949433787708452,0.999999999856525
"TRMT112",1.75009747997249e-08,0.231294425881126,0.00400915349844667,0.949513380849157,0.999999999856525
"TALDO1",1.74776912292484e-08,0.230805516807293,0.00399849291368792,0.949580459500826,0.999999999856525
"TM7SF3",1.7472663082191e-08,0.230699861594133,0.00399619259631593,0.949594945355477,0.999999999856525
"NKTR",1.7443082170248e-08,0.230077751636359,0.00398267308230128,0.949680166905498,0.999999999856525
"COPS3",1.73782486043538e-08,0.228711048972728,0.00395312199404826,0.949866952103454,0.999999999856525
"PPP6R3",1.73273616177127e-08,0.22763524665168,0.00393000482629293,0.950013559202388,0.999999999856525
"HAX1",1.72308946843879e-08,0.225588307761997,0.00388636746319497,0.9502914882821,0.999999999856525
"TSC22D1",1.71975904451576e-08,0.224879318161541,0.00387135867471989,0.95038744190962,0.999999999856525
"PPT1",1.71972001696142e-08,0.224871002825984,0.00387118296644592,0.950388566345941,0.999999999856525
"DUSP23",1.71368583563152e-08,0.223583370901877,0.00384406408919153,0.950562420411249,0.999999999856525
"NAA20",1.70175905202033e-08,0.221026727803353,0.00379074302270633,0.95090605634566,0.999999999856525
"NDUFA12",1.69727466489175e-08,0.220061433224892,0.00377079100711683,0.951035263416024,0.999999999856525
"GPX1",1.68142778193572e-08,0.216632500020431,0.00370070650344299,0.951491864374586,0.999999999856525
"DGKZ",1.68000595037101e-08,0.216323479253555,0.00369445044336323,0.951532832811714,0.999999999856525
"ATP5C1",1.67836249036292e-08,0.21596600750047,0.00368722581210112,0.951580187376491,0.999999999856525
"NEXN",1.67710059511196e-08,0.215691324779198,0.00368168333411561,0.951616547671741,0.999999999856525
"HDLBP",1.67435574913107e-08,0.215093222614562,0.00366964185733742,0.951695638110513,0.999999999856525
"RALBP1",1.66800532767418e-08,0.213706204340932,0.00364185853870852,0.951878622010268,0.999999999856525
"RAB8A",1.66638629020719e-08,0.213351853201874,0.00363479208187833,0.951925274090211,0.999999999856525
"PDCD6IP",1.66516136179176e-08,0.213083560721357,0.003629450314835,0.951960570145298,0.999999999856525
"GNPTAB",1.66173130051978e-08,0.212331374165906,0.00361451312595409,0.952059407141812,0.999999999856525
"SAP18",1.65527102100541e-08,0.210911025743831,0.00358646361524954,0.952245561684618,0.999999999856525
"TRAM1",1.65216053478149e-08,0.210225445790784,0.00357299734414881,0.952335192039987,0.999999999856525
"MALAT1",1.64887658765745e-08,0.209500419560177,0.00355880759331214,0.952429821419984,0.999999999856525
"IFNAR2",1.6479524118684e-08,0.209296155612075,0.0035548193723287,0.952456452354029,0.999999999856525
"MRPS18B",1.64631627225414e-08,0.208934288044647,0.00354776420069871,0.952503599278863,0.999999999856525
"UCHL5",1.63436051578105e-08,0.206280522139607,0.00349642268193416,0.952848120849504,0.999999999856525
"HDDC2",1.63137228313265e-08,0.20561461244448,0.00348364878934769,0.952934232263258,0.999999999856525
"NDUFB4",1.62182890731337e-08,0.203480832518882,0.00344300996320736,0.95320924584536,0.999999999856525
"C12orf76",1.61083939278607e-08,0.201010204343933,0.00339650836734417,0.953525940028199,0.999999999856525
"CD2AP",1.60912258144739e-08,0.200622918952653,0.00338927231797228,0.953575415504121,0.999999999856525
"CEP57",1.60874983565462e-08,0.20053878614787,0.00338770228137155,0.953586157404337,0.999999999856525
"MT-ATP6",1.60831233444941e-08,0.200440015803257,0.00338585995353961,0.953598765456235,0.999999999856525
"CNIH1",1.60801485224553e-08,0.200372842883469,0.00338460753520296,0.953607338401686,0.999999999856525
"SNHG7",1.60445685957049e-08,0.199568595853467,0.00336964612372881,0.953709874285858,0.999999999856525
"ASB8",1.60068566979172e-08,0.198714470267973,0.00335382439476491,0.953818555019509,0.999999999856525
"DDX18",1.59506808599087e-08,0.197438923903239,0.00333032530321312,0.953980447994244,0.999999999856525
"CD37",1.59158560370199e-08,0.196646226005633,0.00331579910416515,0.954080810498052,0.999999999856525
"SCCPDH",1.57220862893392e-08,0.192207930029633,0.0032355532860165,0.954639253498379,0.999999999856525
"CDC123",1.56790289104455e-08,0.191215273129285,0.00321785542148769,0.954763347584165,0.999999999856525
"RDH11",1.56756062012366e-08,0.191136263796956,0.00321645066851473,0.954773212095397,0.999999999856525
"IL17RA",1.55658865064421e-08,0.188595561337602,0.00317158185633723,0.955089436358341,0.999999999856525
"BUB3",1.55014157954852e-08,0.187095416258631,0.00314536417935855,0.955275251359314,0.999999999856525
"MRPL16",1.54858358026849e-08,0.186732080810915,0.00313904474049743,0.9553201557798,0.999999999856525
"EPB41",1.54579874782596e-08,0.186081850755774,0.00312776494444358,0.955400420154025,0.999999999856525
"SET",1.54391074521467e-08,0.185640444179732,0.00312012925171621,0.955454836377551,0.999999999856525
"SRSF2",1.54284557039878e-08,0.185391204798699,0.00311582545806375,0.955485537057479,0.999999999856525
"TAF7",1.52072948717844e-08,0.180182319915924,0.00302713744075967,0.95612298605019,0.999999999856525
"B3GNT2",1.51380405377761e-08,0.178537721976306,0.00299962892839106,0.956322602706139,0.999999999856525
"IKZF1",1.50706452611771e-08,0.176931004897691,0.00297297940185251,0.956516863499801,0.999999999856525
"SNX3",1.50291969865087e-08,0.175939777290697,0.00295664892440406,0.956636335688821,0.999999999856525
"DNAJC4",1.50126829504913e-08,0.175544187749574,0.00295015498040579,0.956683936687976,0.999999999856525
"EGFL7",1.49448755557086e-08,0.173915918767855,0.00292356538797864,0.956879390207007,0.999999999856525
"MADD",1.49239110070967e-08,0.173411199336402,0.00291536883404254,0.956939820642812,0.999999999856525
"IMP3",1.48815926782575e-08,0.17239051662768,0.00289885860189382,0.957061804230497,0.999999999856525
"CFAP97",1.48271385139965e-08,0.171073423699113,0.00287768262732098,0.957218771131005,0.999999999856525
"ZNF24",1.48109388384318e-08,0.17068079083145,0.00287139792734871,0.957265467840918,0.999999999856525
"SON",1.4763296748128e-08,0.169523926864747,0.00285295488592991,0.957402800383147,0.999999999856525
"MT-ND2",1.47590168280541e-08,0.169419841990899,0.00285130096686597,0.957415137693542,0.999999999856525
"HIST1H2AC",1.46633095022073e-08,0.167085448152279,0.00281444138575914,0.957691026576146,0.999999999856525
"SNAP29",1.46304086564382e-08,0.166279917192498,0.00280182573184005,0.95778586873883,0.999999999856525
"ATIC",1.46218089543882e-08,0.166069107022654,0.00279853289353085,0.957810658909559,0.999999999856525
"TPRKB",1.45837567296146e-08,0.165135017307765,0.00278398587870419,0.957920351704948,0.999999999856525
"CLDN5",1.45065783611885e-08,0.163233976854983,0.00275459771011141,0.958142835516517,0.999999999856525
"GABARAP",1.44909457964213e-08,0.16284785279347,0.0027486640951496,0.958187900258822,0.999999999856525
"NDUFS3",1.43715243498702e-08,0.159886184607276,0.00270354669875639,0.958532166574861,0.999999999856525
"UBA7",1.43638714747132e-08,0.15969566662314,0.00270066817367469,0.958554228430463,0.999999999856525
"ABCE1",1.4323591858542e-08,0.158691456306735,0.00268554281518529,0.958670347805039,0.999999999856525
"G3BP2",1.42772768527572e-08,0.157533751145496,0.00266820361133151,0.95880386727888,0.999999999856525
"PARP14",1.42723477816346e-08,0.157410351081874,0.00266636159408202,0.958818077147281,0.999999999856525
"ARMC8",1.42042623344123e-08,0.155702035117571,0.00264098281126639,0.959014359937658,0.999999999856525
"TMEM14B",1.4181368287403e-08,0.155126012928869,0.00263247634228313,0.959080361493951,0.999999999856525
"FAM96A",1.40653698592009e-08,0.152195017452712,0.00258958707627298,0.959414779225642,0.999999999856525
"ATP5G1",1.40198349682347e-08,0.151038739355084,0.00257284728255061,0.959546056019656,0.999999999856525
"SMARCA5",1.3949398908545e-08,0.149243718626913,0.00254706010391164,0.959749124880484,0.999999999856525
"PTRHD1",1.38380328699043e-08,0.146389543643541,0.00250655316856667,0.960070201182852,0.999999999856525
"HSD17B11",1.38281057581844e-08,0.146134159520486,0.00250295816220108,0.960098822075386,0.999999999856525
"MTCH2",1.38232579212901e-08,0.146009386741222,0.002501203503076,0.960112798910566,0.999999999856525
"DPP7",1.38049991157701e-08,0.145539104448775,0.00249460030908805,0.960165441120736,0.999999999856525
"CCDC124",1.38017031478526e-08,0.145454154586189,0.00249340927082813,0.960174943789115,0.999999999856525
"SPG21",1.37777063813635e-08,0.144835134893513,0.00248474631909434,0.960244129497751,0.999999999856525
"CD69",1.37659686964095e-08,0.144532009953103,0.00248051444692495,0.960277970835049,0.999999999856525
"SPEN",1.37544704204143e-08,0.144234850662112,0.00247637238780217,0.960311121993258,0.999999999856525
"RALY",1.37503802519155e-08,0.144129093246841,0.00247489980848449,0.960322914544886,0.999999999856525
"PPP4R2",1.3746008237572e-08,0.144016018163117,0.0024733262407613,0.960335519708743,0.999999999856525
"G6PD",1.37341991057682e-08,0.143710438331695,0.00246907842002551,0.960369567231545,0.999999999856525
"COX6C",1.36986532876402e-08,0.142789259449724,0.00245631439383414,0.960472051666638,0.999999999856525
"RAB10",1.36881138178361e-08,0.142515728610939,0.00245253616952426,0.960502438815719,0.999999999856525
"CCND2",1.36328838400434e-08,0.141079356340946,0.00243278469021446,0.96066167751348,0.999999999856525
"AKAP9",1.36148748301391e-08,0.140609904599823,0.00242636152893946,0.960713601308432,0.999999999856525
"SCN1B",1.36148455255141e-08,0.140609140260402,0.00242635108396086,0.960713685800017,0.999999999856525
"WBP11",1.36097433869261e-08,0.140476041742825,0.00242453288340062,0.960728396378022,0.999999999856525
"GABPB1-AS1",1.36064034318738e-08,0.140388889571398,0.00242334302449109,0.960738026203914,0.999999999856525
"LPIN2",1.36013942246801e-08,0.140258145512212,0.00242155904198961,0.960752468862045,0.999999999856525
"FAM195B",1.31499171015507e-08,0.128299426013253,0.0022634673563455,0.962054230112154,0.999999999856525
"COX7A2L",1.30539499473141e-08,0.125711719557465,0.00223055066240561,0.962330949031786,0.999999999856525
"DHX9",1.30438348799899e-08,0.125438013095402,0.00222709524410274,0.962360115843578,0.999999999856525
"ZNHIT1",1.2987335912351e-08,0.123905802779387,0.00220784383959275,0.962523031626834,0.999999999856525
"SNRPC",1.29870817693835e-08,0.123898897581106,0.00220775743195706,0.962523764456164,0.999999999856525
"SEC61A1",1.29860391683136e-08,0.123870568336291,0.002207402969283,0.962526770829843,0.999999999856525
"VMA21",1.29770068595653e-08,0.123625062673859,0.00220433336336642,0.962552815804585,0.999999999856525
"USMG5",1.29541329954718e-08,0.123002669593809,0.0021965692950276,0.962618773561677,0.999999999856525
"ATF6B",1.2932726894576e-08,0.122419351495262,0.00218931583625818,0.962680499193083,0.999999999856525
"PCNP",1.28671887184464e-08,0.120628217754291,0.00216718280781439,0.962869483401814,0.999999999856525
"ABCC3",1.28049167064842e-08,0.118919013391284,0.00214625698273282,0.96304905131598,0.999999999856525
"TGOLN2",1.27148279476118e-08,0.116433529959371,0.00211616331414533,0.963308835068313,0.999999999856525
"ATP5F1",1.26807788420008e-08,0.115490167910684,0.00210484471946415,0.963407021523985,0.999999999856525
"GOLGA4",1.26400239570861e-08,0.114358128004185,0.00209133689689006,0.963524545977792,0.999999999856525
"RPA3",1.25645683141116e-08,0.112253843984278,0.00206644261482445,0.96374213875033,0.999999999856525
"PPP2R1A",1.25546936108759e-08,0.111977652105382,0.00206319578794568,0.963770614806908,0.999999999856525
"FOXP1",1.25473066751356e-08,0.1117709191733,0.00206076861425045,0.963791916824136,0.999999999856525
"COMMD2",1.25122519839215e-08,0.110788429389607,0.0020492699400374,0.963893005863367,0.999999999856525
"TERF2IP",1.24965413881405e-08,0.110347329529718,0.00204412697468415,0.963938311515307,0.999999999856525
"FKBP5",1.2483945827906e-08,0.10999334229596,0.00204000840328596,0.963974634223698,0.999999999856525
"GIT2",1.24694250536359e-08,0.109584864636476,0.00203526546797547,0.964016508900813,0.999999999856525
"ZNF706",1.24506370796637e-08,0.109055736566852,0.0020291369244311,0.96407068937821,0.999999999856525
"POLE4",1.24299233006047e-08,0.108471569923027,0.00202239090321424,0.964130423655685,0.999999999856525
"AQP10",1.23868980200223e-08,0.107255479201617,0.00200841441474622,0.964254500356516,0.999999999856525
"HP1BP3",1.23538889542248e-08,0.106320010536787,0.00199772448259502,0.964349692791736,0.999999999856525
"RBBP4",1.2319397545621e-08,0.105340217565677,0.00198658497130004,0.964449160590006,0.999999999856525
"TOMM5",1.22997462265998e-08,0.104780922450662,0.00198025221382612,0.964505832151177,0.999999999856525
"ZMYND8",1.21663667657146e-08,0.100964236596207,0.00193753704371109,0.964890483944719,0.999999999856525
"SNRNP40",1.20885299686742e-08,0.0987201448844721,0.00191282477646012,0.965114960544808,0.999999999856525
"DCAF7",1.20555753705024e-08,0.0977662680729576,0.00190240987073211,0.965210000440589,0.999999999856525
"TUBB",1.19937988363874e-08,0.0959720356978512,0.00188296274040532,0.965388163111026,0.999999999856525
"CSDE1",1.19751997799208e-08,0.0954302790679683,0.00187712736220291,0.965441802871609,0.999999999856525
"ITGAE",1.19684745162481e-08,0.0952342050309591,0.00187501956745615,0.965461198600105,0.999999999856525
"CALCOCO1",1.19657906807733e-08,0.0951559315844428,0.00187417874521038,0.965468938814482,0.999999999856525
"FEN1",1.19396093205572e-08,0.0943915597092563,0.00186598624565529,0.96554444634855,0.999999999856525
"UBL4A",1.19370375107606e-08,0.0943163967672824,0.00186518245974801,0.965551863512931,0.999999999856525
"HNRNPR",1.19226793112934e-08,0.0938965104929573,0.00186069817199829,0.965593272977432,0.999999999856525
"MTF2",1.19131138031648e-08,0.0936165369740286,0.00185771371134313,0.965620860232349,0.999999999856525
"DICER1",1.18279770929871e-08,0.0911160517808549,0.00183125639801567,0.965866399246129,0.999999999856525
"CNTRL",1.17842767142e-08,0.0898265030468965,0.00181774964838275,0.965992434830895,0.999999999856525
"PYGL",1.17703767126964e-08,0.089415461718644,0.00181346396807684,0.966032523787919,0.999999999856525
"MDK",1.17242770905209e-08,0.0880492200992151,0.00179928663242449,0.966165480198459,0.999999999856525
"FO538757.3",1.17155734589881e-08,0.0877907511488813,0.00179661618802078,0.96619058254039,0.999999999856525
"VPS26B",1.15862457695017e-08,0.0839304255099568,0.00175716959013402,0.966563583409297,0.999999999856525
"RNF138",1.15729464887981e-08,0.0835313401704856,0.00175313796850725,0.966601940988471,0.999999999856525
"PSMC1",1.15720185647753e-08,0.0835034801723846,0.00175285684500601,0.966604617295434,0.999999999856525
"BANF1",1.15334514687363e-08,0.0823438268925475,0.00174119251085229,0.966715852368051,0.999999999856525
"TCF25",1.14979598459147e-08,0.0812736778439124,0.00173049273661145,0.966818217744741,0.999999999856525
"CENPU",1.1441954006485e-08,0.0795791487712294,0.00171367555171441,0.966979751589778,0.999999999856525
"GOPC",1.14417053210198e-08,0.079571608469934,0.00171360106066678,0.966980468859429,0.999999999856525
"YLPM1",1.14144266678641e-08,0.0787436395996544,0.0017054398636023,0.967059147323061,0.999999999856525
"JAK1",1.13948907900304e-08,0.0781496279789245,0.00169960711274743,0.967115493881729,0.999999999856525
"SMOX",1.13443630576437e-08,0.0766091724115781,0.00168456758415968,0.967261229779776,0.999999999856525
"FAM46C",1.13317383075579e-08,0.0762233500216491,0.00168082027620536,0.967297643207434,0.999999999856525
"IVNS1ABP",1.13317104718476e-08,0.0762224989291047,0.0016808120185546,0.967297723493742,0.999999999856525
"XRCC6",1.13090645403705e-08,0.0755294862424842,0.00167410067171732,0.967363041075618,0.999999999856525
"METTL5",1.12307884806152e-08,0.0731247845633312,0.00165100618888146,0.9675888141279,0.999999999856525
"PPP1CC",1.12217705446092e-08,0.072846815032617,0.0016483558512602,0.967614824890763,0.999999999856525
"DNAJC2",1.12001594401586e-08,0.0721798847621036,0.00164201309299407,0.967677158730428,0.999999999856525
"KAT6B",1.1167368386746e-08,0.071165804167943,0.00163241242258954,0.967771739755612,0.999999999856525
"IL18",1.11110661741237e-08,0.069418599102923,0.0016159937387905,0.96793413635734,0.999999999856525
"CMC2",1.11041022377207e-08,0.0692019574923726,0.0016139687034269,0.967954223042473,0.999999999856525
"ATP1B3",1.10848811767983e-08,0.0686033970509891,0.00160838602045058,0.968009664119298,0.999999999856525
"DNAJC1",1.10328829709087e-08,0.0669796122168677,0.0015933318167771,0.96815964810924,0.999999999856525
"ATP6V0B",1.10096548890447e-08,0.0662521103505607,0.00158662983644697,0.968226647715815,0.999999999856525
"SCAND1",1.10018083434161e-08,0.0660060567901948,0.00158436907039191,0.968249280520834,0.999999999856525
"BOLA3",1.09595711298171e-08,0.0646789574736098,0.00157222727020214,0.968371111210285,0.999999999856525
"SUMO3",1.0938004326656e-08,0.0639996166461383,0.00156604554049825,0.968433319635202,0.999999999856525
"TOMM22",1.09210601533911e-08,0.0634650717317993,0.00156119734459347,0.968482194437315,0.999999999856525
"KIAA1551",1.08868666830965e-08,0.062384165638835,0.0015514365366725,0.968580824519369,0.999999999856525
"NDUFB6",1.08107568258567e-08,0.0599676274399798,0.00152982024050675,0.968800362937756,0.999999999856525
"OFD1",1.07875226176197e-08,0.0592269911068726,0.00152325160386214,0.968867382341368,0.999999999856525
"SNW1",1.07754957179414e-08,0.0588430672084481,0.00151985698167031,0.968902074190681,0.999999999856525
"CSK",1.0770102504981e-08,0.0586707840148127,0.00151833596374605,0.968917631047913,0.999999999856525
"PTBP3",1.0762065166488e-08,0.0584138970354053,0.00151607065074461,0.968940814973106,0.999999999856525
"HMGB3",1.0760483890935e-08,0.058363337230154,0.00151562516945464,0.968945376209267,0.999999999856525
"CD47",1.06564235136887e-08,0.0550218769605694,0.00148645289031553,0.969245543675222,0.999999999856525
"PRPF8",1.0655485533442e-08,0.0549916294284843,0.00148619122614924,0.969248249346965,0.999999999856525
"LAMP1",1.06265818523962e-08,0.0540584255411006,0.00147813938542145,0.969331624275111,0.999999999856525
"SUPT16H",1.06187037375736e-08,0.0538036862339161,0.00147594853319493,0.969354349371531,0.999999999856525
"HSP90AA1",1.06176395353747e-08,0.0537692626483008,0.00147565271008782,0.969357419155756,0.999999999856525
"SNRNP200",1.06157346675266e-08,0.0537076387194241,0.0014751232757922,0.969362913914633,0.999999999856525
"PSMD11",1.0566319720473e-08,0.0521056720700546,0.00146142220158037,0.969505456183875,0.999999999856525
"FBXW5",1.05400922741711e-08,0.0512527763118996,0.00145417619668188,0.969581112225333,0.999999999856525
"TTC1",1.0451319625306e-08,0.048352258544201,0.00142978410549339,0.969837189019863,0.999999999856525
"CCNB1IP1",1.04324550198907e-08,0.0477331379386103,0.00142462725038473,0.969891606944677,0.999999999856525
"MRFAP1",1.0411222048767e-08,0.0470351289210396,0.00141883411990046,0.969952856960986,0.999999999856525
"SERPINE1",1.04010242229218e-08,0.0466994491016615,0.00141605597590113,0.969982274338983,0.999999999856525
"RAB11A",1.03947451276977e-08,0.0464926195832613,0.00141434674684604,0.970000387486599,0.999999999856525
"GSTP1",1.0327294429817e-08,0.0442639857479686,0.0013960511260037,0.970194961787533,0.999999999856525
"ANP32A",1.02469756856297e-08,0.0415936806249364,0.00137442047689319,0.970426658716075,0.999999999856525
"HNRNPC",1.02372598554357e-08,0.0412694370838565,0.00137181535599728,0.970454686316118,0.999999999856525
"PUM2",1.02338523674116e-08,0.0411556568761365,0.0013709022861886,0.970464516026352,0.999999999856525
"SF3A1",1.02128100305112e-08,0.0404522997856627,0.00136527052019079,0.970525217754848,0.999999999856525
"GPCPD1",1.02053270637242e-08,0.0402018731070513,0.00136327057479379,0.970546804230098,0.999999999856525
"CAPZA1",1.01835628779797e-08,0.0394726031076032,0.00135746207189046,0.970609588549155,0.999999999856525
"COMMD6",1.01621566579359e-08,0.0387540101448795,0.00135176120048931,0.970671340402951,0.999999999856525
"NR3C1",1.01160556208142e-08,0.0372019665145431,0.00133952438064336,0.970804331527491,0.999999999856525
"COX4I1",1.00190879804613e-08,0.0339173502014513,0.00131396738704132,0.971084064008329,0.999999999856525
"SSR2",9.96913121489977e-09,0.0322143913829844,0.00130089675402388,0.971228180795747,0.999999999856525
"AP001189.4",9.95993798943133e-09,0.0319002020146595,0.00129849856653871,0.971254701792969,0.999999999856525
"HRAT92",9.94924783726247e-09,0.0315345374843719,0.00129571266609248,0.971285541226245,0.999999999856525
"PPP6C",9.94807230121767e-09,0.0314943066491657,0.00129540649883549,0.971288932468284,0.999999999856525
"MIEN1",9.93971781683036e-09,0.0312082691830213,0.00129323162341374,0.971313033895346,0.999999999856525
"RPL7L1",9.90157744961334e-09,0.0298997842938125,0.0012833259707479,0.971423063433209,0.999999999856525
"CCNI",9.84950748134119e-09,0.0281063513678628,0.00126986406718585,0.971573278767803,0.999999999856525
"ACRBP",9.80132774715083e-09,0.0264395815435395,0.00125747114795441,0.97171227216283,0.999999999856525
"HOOK3",9.79034015203775e-09,0.0260584743449045,0.00125465339921977,0.971743970323424,0.999999999856525
"LAT2",9.78960040972189e-09,0.0260328029131199,0.00125446380720701,0.97174610441083,0.999999999856525
"MAN1A2",9.75679234836543e-09,0.0248925652592722,0.00124606968292411,0.971840752803092,0.999999999856525
"FAM110A",9.74335250379063e-09,0.0244245073685845,0.00124263916028852,0.971879525695724,0.999999999856525
"GRSF1",9.69187638272171e-09,0.0226266061327185,0.00122954361222734,0.972028030862999,0.999999999856525
"EIF3I",9.63109871692956e-09,0.0204931554927067,0.00121417105153288,0.972203371612942,0.999999999856525
"ZNF644",9.47194043524564e-09,0.0148505529279007,0.00117437317383854,0.972662542225658,0.999999999856525
"KLF2",9.46388034668709e-09,0.0145626221437822,0.00117237537317235,0.972685795771323,0.999999999856525
"SUMO2",9.45889555052859e-09,0.0143844438398477,0.00117114067599557,0.972700177037475,0.999999999856525
"IGF1R",9.43053907951763e-09,0.0133693106927161,0.00116412936313895,0.972781986360225,0.999999999856525
"CENPT",9.42657893862622e-09,0.013227331370314,0.00116315186900035,0.972793411515738,0.999999999856525
"KCTD20",9.40851374328948e-09,0.0125790004971097,0.00115869798779804,0.97284553035496,0.999999999856525
"RP11-501J20.5",9.40751476382814e-09,0.0125431172859862,0.00115845194382727,0.972848412455603,0.999999999856525
"PSMB8",9.40349228446965e-09,0.0123985969581541,0.00115746149036189,0.97286001749292,0.999999999856525
"PTGS2",9.40239490261562e-09,0.0123591607413225,0.00115719135601533,0.972863183490864,0.999999999856525
"SATB1",9.39715756840764e-09,0.0121708936304917,0.00115590255459915,0.972878293450755,0.999999999856525
"IFNGR1",9.36066458407308e-09,0.0108565478706253,0.00114694230721953,0.972983577727325,0.999999999856525
"REL",9.33493118338384e-09,0.00992705354230541,0.00114064485766742,0.973057820293593,0.999999999856525
"CPNE3",9.31853238245373e-09,0.0093335683025139,0.00113664080498856,0.973105132042804,0.999999999856525
"DDX21",9.30511403083049e-09,0.00884727471714889,0.00113336971801688,0.973143845046523,0.999999999856525
"ARL6IP4",9.25867608675785e-09,0.00715962011830233,0.00112208559429304,0.973277822668936,0.999999999856525
"GRAP2",9.24964137413276e-09,0.00683042787275328,0.00111989677711369,0.97330388871073,0.999999999856525
"IL16",9.24480710592947e-09,0.00665417026888944,0.00111872646868859,0.973317836065568,0.999999999856525
"RNF10",9.23179844724844e-09,0.00617947745394727,0.00111558029342759,0.973355367407807,0.999999999856525
"CAPN2",9.23041788719554e-09,0.00612906610114564,0.00111524666170037,0.973359350471563,0.999999999856525
"AFG3L2",9.20817660811185e-09,0.0053160214086684,0.00110987862126543,0.973423519037589,0.999999999856525
"OSTF1",9.20552784329804e-09,0.00521908077677192,0.00110924019202115,0.973431161030404,0.999999999856525
"CYBA",9.16787885914538e-09,0.00383856920068495,0.00110018555267979,0.973539782967157,0.999999999856525
"AIG1",9.1667826239288e-09,0.00379829899307247,0.00109992246237076,0.973542945747567,0.999999999856525
"LGALS12",9.16618049981579e-09,0.00377617818575422,0.00109977796934353,0.973544682953702,0.999999999856525
"MPP1",9.13552343396519e-09,0.0026482340379037,0.00109243367088057,0.973633132729226,0.999999999856525
"MRPL43",9.12086590242947e-09,0.0021077911376546,0.00108893096290132,0.973675421801997,0.999999999856525
"NUDT1",9.08517601853234e-09,0.00078870558250911,0.00108042567773938,0.973778392525702,0.999999999856525
"SKP1",9.08502254536636e-09,0.000783023586863111,0.0010803891754309,0.973778835319989,0.999999999856525
"TIMM8B",9.05575892597015e-09,-0.0003019173150308,0.00107344033663138,0.973863265624435,0.999999999856525
"KLF6",9.03097326309153e-09,-0.0012232162257299,0.00106757235356532,0.973934776524682,0.999999999856525
"TRIM58",9.02069938609149e-09,-0.00160574475343679,0.0010651447374217,0.973964418488271,0.999999999856525
"CD99",9.01804681865967e-09,-0.00170456939240639,0.00106451841063369,0.973972071623232,0.999999999856525
"COX14",8.97772269430013e-09,-0.00321000195823922,0.00105501972372076,0.974088414282012,0.999999999856525
"NFE2",8.96828065494084e-09,-0.00356335022905572,0.00105280172262468,0.974115656415517,0.999999999856525
"CDK12",8.95043140436257e-09,-0.00423220146095915,0.00104861518515326,0.97416715508306,0.999999999856525
"FTL",8.92299525843827e-09,-0.005262550492742,0.00104219630699241,0.97424631407622,0.999999999856525
"NUDCD2",8.91378217067164e-09,-0.00560915809637506,0.0010400452604516,0.974272895809511,0.999999999856525
"PDE4D",8.89636169941961e-09,-0.00626538612245637,0.00103598404965189,0.974323157681712,0.999999999856525
"URI1",8.85317448868931e-09,-0.00789705659819971,0.00102595013574593,0.9744477626759,0.999999999856525
"CALM2",8.84955105027502e-09,-0.0080342681052355,0.00102511050327446,0.974458217154005,0.999999999856525
"GGCT",8.84048059170137e-09,-0.00837795950132987,0.00102301018041386,0.974484387594736,0.999999999856525
"H2AFZ",8.81365580580003e-09,-0.00939617505722318,0.00101681133298099,0.974561783673543,0.999999999856525
"ITM2B",8.80778647396356e-09,-0.00961932095889246,0.00101545752109967,0.974578718165711,0.999999999856525
"NFKBIA",8.80708906676669e-09,-0.00964584421402374,0.00101529671807656,0.974580730360883,0.999999999856525
"PPP4C",8.78529758901776e-09,-0.01047551855087,0.00101027861417529,0.974643604336532,0.999999999856525
"SVIP",8.74202710295304e-09,-0.012128266291736,0.00100035121211394,0.974768451200421,0.999999999856525
"FOS",8.74172063449192e-09,-0.0121399973167613,0.00100028107489768,0.974769335445672,0.999999999856525
"HMHA1",8.71795114898148e-09,-0.0130509343428008,0.000994848770939556,0.97483791700061,0.999999999856525
"ZC3H15",8.70673654310217e-09,-0.013481467548087,0.000992290908268816,0.97487027431204,0.999999999856525
"PLEKHO1",8.69678785933522e-09,-0.0138638036023724,0.000990024537091164,0.974898979114568,0.999999999856525
"NOL7",8.67841268889428e-09,-0.0145709732186636,0.000985845373154274,0.974951996830415,0.999999999856525
"TLK1",8.66790309728412e-09,-0.0149760185440656,0.000983459093743587,0.974982320111381,0.999999999856525
"LSM8",8.60532884391737e-09,-0.0173965049156686,0.000969311014406695,0.97516286609144,0.999999999856525
"MDH2",8.56633073254253e-09,-0.0189127429315644,0.000960545365921047,0.97527538828987,0.999999999856525
"LEPROT",8.56494883569846e-09,-0.0189665803402921,0.000960235485859912,0.975279375519455,0.999999999856525
"VPS37B",8.56207416732847e-09,-0.0190785988323197,0.000959591023084953,0.975287669890744,0.999999999856525
"BIRC6",8.55274381523486e-09,-0.0194424033640808,0.000957500771684897,0.97531459106824,0.999999999856525
"FXN",8.5452813947134e-09,-0.0197336218396076,0.000955830627840207,0.97533612266043,0.999999999856525
"IFRD1",8.46863333745414e-09,-0.0227376025111401,0.000938760624384417,0.975557279113459,0.999999999856525
"CCT6A",8.46253855070713e-09,-0.022977477727037,0.000937409878233084,0.975574864785764,0.999999999856525
"OGT",8.44815920725041e-09,-0.0235440052265524,0.000934226935754779,0.975616354458681,0.999999999856525
"SYNGR2",8.44132726186968e-09,-0.0238134676597805,0.000932716545982724,0.97563606714672,0.999999999856525
"SENCR",8.39645109987192e-09,-0.0255881613119345,0.000922825807906629,0.975765551833132,0.999999999856525
"ELF1",8.3820714660972e-09,-0.02615856256721,0.000919667679767403,0.975807042646017,0.999999999856525
"TYMS",8.37413439689038e-09,-0.0264737676777059,0.000917926818911806,0.975829944192868,0.999999999856525
"JAK2",8.3552957884332e-09,-0.0272229428943281,0.000913801493859459,0.975884301021037,0.999999999856525
"ELF2",8.34810280273715e-09,-0.0275093799764507,0.000912228807040363,0.975905055656139,0.999999999856525
"CTSG",8.33308880538397e-09,-0.0281079524305326,0.000908950485016101,0.975948377084486,0.999999999856525
"C7orf50",8.31968150199824e-09,-0.0286432595902728,0.000906027974152363,0.975987062613707,0.999999999856525
"MARCH2",8.30524944664239e-09,-0.0292203169545899,0.000902887348008342,0.976028705032725,0.999999999856525
"TMF1",8.23054076558813e-09,-0.0322214543404348,0.000886716818972968,0.976244271364878,0.999999999856525
"CLPP",8.20431977496936e-09,-0.0332803766319424,0.000881075984915119,0.976319930491564,0.999999999856525
"SPN",8.18723391802257e-09,-0.0339719588032255,0.000877410047115134,0.976369230841854,0.999999999856525
"STAT3",8.16249779466853e-09,-0.0349754174303256,0.000872116211223625,0.976440605797292,0.999999999856525
"NUDT4",8.07657764985608e-09,-0.0384814792111344,0.000853852690350129,0.976688525917252,0.999999999856525
"ARID1A",8.01689264263504e-09,-0.0409360472102661,0.000841279567502497,0.976860746625148,0.999999999856525
"SSNA1",7.98536022368983e-09,-0.0422392242050421,0.000834674661788793,0.976951733655005,0.999999999856525
"SNX6",7.94968184398341e-09,-0.0437191301020621,0.000827232715298725,0.977054684247098,0.999999999856525
"CRBN",7.93533679362971e-09,-0.0443157708234671,0.000824249957353264,0.977096077249999,0.999999999856525
"MIR4435-2HG",7.91642313152513e-09,-0.0451038587225369,0.000820325484603269,0.977150653191045,0.999999999856525
"SCAF4",7.90980335757535e-09,-0.0453800743510064,0.000818954133242977,0.977169754773225,0.999999999856525
"PSMC6",7.8875374749122e-09,-0.0463106082178216,0.000814349955194869,0.977234003828602,0.999999999856525
"RILPL2",7.87661077763436e-09,-0.046768088048952,0.000812095261101085,0.977265533285242,0.999999999856525
"GUSB",7.87629359254404e-09,-0.0467813761847768,0.000812029857508183,0.977266448537042,0.999999999856525
"TP53",7.82737435388538e-09,-0.0488363641907748,0.000801974234142551,0.977407607551158,0.999999999856525
"MRPL21",7.80568483294907e-09,-0.0497510527885647,0.000797535878108377,0.977470194021502,0.999999999856525
"SCAMP3",7.78904992016963e-09,-0.0504540712619082,0.000794140198348909,0.97751819519761,0.999999999856525
"PSMD13",7.76743808821521e-09,-0.0513693666463076,0.000789739401246272,0.977580557735223,0.999999999856525
"COPS5",7.74696996993741e-09,-0.0522382593416322,0.000785582771574522,0.977639620128885,0.999999999856525
"YTHDF2",7.72009504224071e-09,-0.0533821511375193,0.00078014171275228,0.97771717007006,0.999999999856525
"MMD",7.6906248680498e-09,-0.0546404760690517,0.000774196959466716,0.977802209062775,0.999999999856525
"WDR33",7.67506950694217e-09,-0.0553063471834718,0.000771068284165625,0.977847095639659,0.999999999856525
"IL6ST",7.67142193058222e-09,-0.0554626564048711,0.000770335558001981,0.977857621102463,0.999999999856525
"RCN2",7.63942034329452e-09,-0.056836783086625,0.000763922003228645,0.977949965192225,0.999999999856525
"DYNC1H1",7.62674693077397e-09,-0.0573823490080875,0.000761389489585707,0.977986535795715,0.999999999856525
"RTF1",7.61836362737014e-09,-0.0577436655419305,0.000759716574228658,0.978010726816603,0.999999999856525
"SMC2",7.58559691778141e-09,-0.0591592063130936,0.000753195520605946,0.978105279255247,0.999999999856525
"PGAM1",7.58202245378125e-09,-0.0593139453346996,0.000752485850429534,0.978115593836811,0.999999999856525
"CCT8",7.56011176549126e-09,-0.0602638445870357,0.000748143035547638,0.978178820062351,0.999999999856525
"HSPA8",7.54737577204621e-09,-0.0608170871624805,0.000745624469890734,0.978215571540186,0.999999999856525
"PTPN18",7.53296029659313e-09,-0.0614442613818737,0.000742778906948421,0.978257169452384,0.999999999856525
"OXR1",7.51979301491444e-09,-0.0620180392132631,0.000740184486993229,0.978295165574943,0.999999999856525
"BSG",7.49185153215411e-09,-0.0632385054449051,0.000734694062455048,0.97837579498471,0.999999999856525
"STRA13",7.48020727115703e-09,-0.0637482831592842,0.00073241203081842,0.978409396340911,0.999999999856525
"ADSS",7.47987651879715e-09,-0.0637627733026421,0.000732347262118009,0.978410350779702,0.999999999856525
"AURKB",7.44621656045208e-09,-0.0652403133859615,0.000725770866591436,0.978507482129901,0.999999999856525
"PDGFA",7.42542909296855e-09,-0.0661556928055748,0.000721724280193713,0.978567467948181,0.999999999856525
"VAPA",7.42253994634245e-09,-0.0662830924096413,0.000721162760694697,0.978575805088057,0.999999999856525
"SH3BGRL2",7.41617294055291e-09,-0.0665640030903485,0.000719926074017825,0.978594178209464,0.999999999856525
"PPP2R5C",7.41399355192246e-09,-0.0666602051373929,0.000719503007249439,0.978600467223458,0.999999999856525
"SEC31A",7.40702192069735e-09,-0.0669681097332761,0.000718150496976203,0.978620585115784,0.999999999856525
"MMP24-AS1",7.40323177674938e-09,-0.0671356081089225,0.00071741573544915,0.978631522261649,0.999999999856525
"NUCB1",7.35682113629558e-09,-0.0691926843911354,0.000708449013940934,0.978765448883864,0.999999999856525
"POLR2B",7.35649266654863e-09,-0.0692072832769996,0.000708385753228432,0.978766396747166,0.999999999856525
"MLH3",7.35443668410835e-09,-0.0692986745416577,0.000707989851209563,0.978772329684816,0.999999999856525
"STRAP",7.33841467708741e-09,-0.070011633834658,0.000704908429000826,0.978818564345915,0.999999999856525
"CTSD",7.32326204294994e-09,-0.0706871483007352,0.000702000391637706,0.978862290325574,0.999999999856525
"GNG11",7.32197234904901e-09,-0.0707446995805619,0.000701753155939565,0.978866012000185,0.999999999856525
"SERINC3",7.3200821139151e-09,-0.0708290652643691,0.000701390874525186,0.978871466659753,0.999999999856525
"FAM63A",7.27862232805138e-09,-0.0726842748205739,0.000693468240836632,0.978991107588255,0.999999999856525
"GBAS",7.23445583667858e-09,-0.0746706947150434,0.000685077879978156,0.979118559804366,0.999999999856525
"LAP3",7.22686298772112e-09,-0.0750132458197795,0.000683640601683167,0.979140470709483,0.999999999856525
"RNF24",7.2117535290106e-09,-0.0756958365885548,0.000680784966700509,0.979184072560831,0.999999999856525
"TIMM10",7.19181862058955e-09,-0.0765983208848688,0.00067702648307241,0.979241599462864,0.999999999856525
"SNRPA1",7.16867259289903e-09,-0.0776488990647013,0.000672675634488572,0.97930839294588,0.999999999856525
"RBX1",7.12655283967102e-09,-0.0795682366539569,0.000664794204318271,0.979429940092831,0.999999999856525
"EIF5A",7.11786326980268e-09,-0.0799654298459875,0.000663173994957978,0.979455016092848,0.999999999856525
"WAPL",7.11727904359074e-09,-0.0799921494127181,0.000663065134274435,0.979456702029328,0.999999999856525
"TXN2",7.07831281561059e-09,-0.081778570575444,0.000655824608947997,0.979569149407912,0.999999999856525
"CUX1",7.07820082553168e-09,-0.0817837170610863,0.000655803856751646,0.979569472585553,0.999999999856525
"COQ4",7.02089926234165e-09,-0.0844262949609787,0.000645228718134031,0.979734832172077,0.999999999856525
"B2M",7.00274285976544e-09,-0.0852675106442728,0.000641895844640696,0.979787227699967,0.999999999856525
"MINPP1",6.98303376668027e-09,-0.0861828053746798,0.00063828772081253,0.979844104062126,0.999999999856525
"MFSD10",6.95847038496524e-09,-0.0873266706281736,0.000633805162012568,0.979914989039653,0.999999999856525
"XRN2",6.95197151719053e-09,-0.0876298941190749,0.000632621829401716,0.979933743491046,0.999999999856525
"LYPLAL1",6.93800854011869e-09,-0.0882822082878872,0.00063008315003907,0.979974037928104,0.999999999856525
"UBQLN1",6.90625212326832e-09,-0.0897700289035224,0.000624328360211098,0.980065680962942,0.999999999856525
"RYBP",6.90528121277635e-09,-0.0898156103031547,0.000624152831042521,0.980068482831814,0.999999999856525
"USP33",6.87662816948505e-09,-0.0911632914355066,0.000618983809388641,0.980151170348416,0.999999999856525
"WIPF1",6.8358147886541e-09,-0.0930913476213654,0.000611658168738235,0.980268950774582,0.999999999856525
"ARRB1",6.8194023603724e-09,-0.0938694947046954,0.000608724577109584,0.980316314352729,0.999999999856525
"MT-CO3",6.81317102430857e-09,-0.0941653599614474,0.000607612622079873,0.980334296985522,0.999999999856525
"MT-ND4L",6.81188062994297e-09,-0.094226657462054,0.000607382483822109,0.98033802085719,0.999999999856525
"RAB8B",6.8053761004397e-09,-0.0945357947677141,0.000606223082693395,0.980356791895092,0.999999999856525
"DDX5",6.79185755509008e-09,-0.0951791027276838,0.000603817010088574,0.980395804302252,0.999999999856525
"ANKRD36C",6.77218437166619e-09,-0.0961172754392131,0.000600324063295979,0.980452578115858,0.999999999856525
"FUS",6.76303287430819e-09,-0.0965544955084979,0.000598702680371533,0.980478987978368,0.999999999856525
"HIST1H3H",6.76051083536192e-09,-0.0966750779653301,0.000598256232760489,0.980486266212042,0.999999999856525
"HTATSF1",6.73221307383665e-09,-0.0980307133526079,0.000593258420689398,0.980567929503424,0.999999999856525
"RP11-1000B6.3",6.72721602187212e-09,-0.0982706150119304,0.000592378043644498,0.980582350301678,0.999999999856525
"MT-CYB",6.71460175500797e-09,-0.0988768958600991,0.000590158579038428,0.980618753352886,0.999999999856525
"EIF2A",6.71331814473459e-09,-0.0989386454272562,0.000589932962915567,0.980622457679073,0.999999999856525
"PIK3CA",6.6868110129884e-09,-0.100216092736575,0.000585283530635765,0.980698953780764,0.999999999856525
"UQCRC2",6.65993768144576e-09,-0.101515671977308,0.000580588643040355,0.980776506868155,0.999999999856525
"MAGOH",6.65611535291406e-09,-0.101700886330936,0.000579922401459639,0.98078753764695,0.999999999856525
"CLCN3",6.62317830445111e-09,-0.103300707813942,0.000574197238415068,0.980882590145369,0.999999999856525
"YPEL3",6.6210029685906e-09,-0.103406610767371,0.000573820118349161,0.980888867921712,0.999999999856525
"HIST1H1C",6.62031548145302e-09,-0.103440086309548,0.000573700960127507,0.980890851933056,0.999999999856525
"TNFAIP8",6.61620049646269e-09,-0.103640518613749,0.000572987991944914,0.980902727324103,0.999999999856525
"RAP2B",6.61257770893105e-09,-0.103817066375081,0.000572360669530922,0.980913182291286,0.999999999856525
"MRPL28",6.60048295811013e-09,-0.104407081869687,0.000570268829065654,0.980948086438383,0.999999999856525
"ZNF280D",6.59854389750291e-09,-0.10450176168261,0.000569933816187793,0.980953682361666,0.999999999856525
"PPP1R15A",6.56332151681907e-09,-0.106225795471463,0.000563865553707339,0.98105533057998,0.999999999856525
"ERGIC3",6.55423877509844e-09,-0.106671668501498,0.000562306007527683,0.981081542501344,0.999999999856525
"RSRC1",6.54419730402182e-09,-0.107165228809489,0.000560584357030902,0.981110521247437,0.999999999856525
"SDF4",6.53915208121988e-09,-0.107413460116731,0.000559720329671617,0.981125081297846,0.999999999856525
"SMS",6.52929706352465e-09,-0.107898818089321,0.000558034515633067,0.981153521993439,0.999999999856525
"TYMP",6.52706611690554e-09,-0.108008779880662,0.000557653239512258,0.981159960308257,0.999999999856525
"NPTN",6.50916195073842e-09,-0.108892444181316,0.000554598077431355,0.981211630194225,0.999999999856525
"C22orf39",6.4374475125905e-09,-0.112453159291965,0.000542444871598786,0.981418592691942,0.999999999856525
"BRD7",6.43478192496551e-09,-0.112586170011449,0.00054199573862447,0.981426285402392,0.999999999856525
"MCTP2",6.42675412835827e-09,-0.112987039128583,0.00054064423440595,0.981449453105481,0.999999999856525
"SPARC",6.40595859453106e-09,-0.114027486806367,0.000537151088300718,0.98150946774718,0.999999999856525
"TMEM18",6.40418479562052e-09,-0.114116369291517,0.000536853657061632,0.981514586827449,0.999999999856525
"ADRM1",6.36749438436162e-09,-0.115959669873549,0.000530719868717125,0.981620473386217,0.999999999856525
"AIMP1",6.36567069459384e-09,-0.116051530473143,0.000530415909346617,0.981625736465524,0.999999999856525
"KIAA0922",6.29375374211387e-09,-0.119692335559844,0.00051849873091316,0.981833285901678,0.999999999856525
"WEE1",6.28832022855301e-09,-0.119968869126465,0.00051760385834566,0.981848966853704,0.999999999856525
"CRYL1",6.27625309339693e-09,-0.120583755359064,0.00051561922571518,0.981883792257486,0.999999999856525
"KRT10",6.22356138880528e-09,-0.123280736859742,0.000506997900632463,0.982035859399806,0.999999999856525
"UVRAG",6.21573261062121e-09,-0.123683132047264,0.0005057231714564,0.982058453143495,0.999999999856525
"STON2",6.15821752536248e-09,-0.126652907370613,0.000496407410520439,0.982224441310383,0.999999999856525
"DHX15",6.13971634460104e-09,-0.12761331643041,0.000493429169745671,0.982277835763243,0.999999999856525
"UQCRQ",6.12950036947964e-09,-0.128144709115991,0.00049178848602202,0.982307319126429,0.999999999856525
"CCDC109B",6.12795594634018e-09,-0.128225110326043,0.000491540689697979,0.982311776342631,0.999999999856525
"TMEM40",6.12787511767633e-09,-0.128229318673084,0.000491527722791721,0.982312009614747,0.999999999856525
"MBNL1",6.12473307587489e-09,-0.128392946443305,0.000491023794536166,0.982321077571571,0.999999999856525
"PADI4",6.1231768299719e-09,-0.128474017809227,0.000490774295765734,0.982325568910072,0.999999999856525
"TMED5",6.10923076700792e-09,-0.129201324028215,0.000488541280094529,0.982365817387701,0.999999999856525
"DGCR6L",6.10707634764952e-09,-0.129313808105599,0.000488196772825007,0.982372035067589,0.999999999856525
"TRIM44",6.09680918821108e-09,-0.129850337780132,0.000486556649000163,0.982401666226527,0.999999999856525
"SMC1A",6.09611250153852e-09,-0.129886772786028,0.000486445457012767,0.982403676874427,0.999999999856525
"FNBP4",6.08495168847938e-09,-0.130470948027982,0.000484665910797784,0.982435887158949,0.999999999856525
"CGGBP1",6.08008346507948e-09,-0.130726049456413,0.000483890713815706,0.98244993693831,0.999999999856525
"SRPK1",6.05354959363486e-09,-0.132119576804616,0.00047967646975722,0.982526514259037,0.999999999856525
"UQCC3",6.01467680375378e-09,-0.134170709611949,0.000473535777046304,0.982638702252907,0.999999999856525
"H2AFJ",6.01445795691069e-09,-0.134182289575675,0.00047350131802949,0.982639333852188,0.999999999856525
"UBXN11",6.01228787808159e-09,-0.134297135903625,0.00047315969129588,0.982645596772588,0.999999999856525
"TCEAL4",5.97064659108617e-09,-0.136507885267427,0.000466628152159132,0.982765775132417,0.999999999856525
"SQSTM1",5.93874929141171e-09,-0.13821037131521,0.000461655685771934,0.982857832233823,0.999999999856525
"METAP2",5.90628984320833e-09,-0.139951009065882,0.000456622930202109,0.982951511956549,0.999999999856525
"TTC17",5.90370696448564e-09,-0.140089871423416,0.000456223646116826,0.982958966294323,0.999999999856525
"ATPIF1",5.8856569624034e-09,-0.1410617580098,0.000453438193109254,0.983011059688545,0.999999999856525
"ZSWIM7",5.85784205310292e-09,-0.14256449214002,0.000449162531076506,0.983091335335461,0.999999999856525
"LEPR",5.85576264653321e-09,-0.142677082636306,0.000448843701809284,0.983097336645672,0.999999999856525
"LYSMD2",5.85532682753899e-09,-0.142700684659184,0.000448776893318873,0.98309859444935,0.999999999856525
"ILF3",5.85266076188835e-09,-0.142845100067471,0.000448368309372873,0.983106288899626,0.999999999856525
"TSC22D4",5.83932124307609e-09,-0.14356853158716,0.000446326775887662,0.983144787699185,0.999999999856525
"CAPRIN1",5.80160355150559e-09,-0.145621816213381,0.000440579516559435,0.98325364385041,0.999999999856525
"NFATC3",5.7859583196259e-09,-0.146476908136429,0.000438206491765758,0.983298797281379,0.999999999856525
"RPS26",5.76338105024916e-09,-0.147714407257912,0.000434793330855067,0.983363957239191,0.999999999856525
"GABPB1",5.74547912565839e-09,-0.148698629877006,0.000432096459424192,0.983415623825313,0.999999999856525
"SSU72",5.71234318451821e-09,-0.150527424535127,0.000427126765998513,0.983511257355148,0.999999999856525
"EIF3G",5.71233734596316e-09,-0.150527747577365,0.000427125892871048,0.983511274205803,0.999999999856525
"ASH1L",5.681367743766e-09,-0.152245305359219,0.000422507096599543,0.983600655686282,0.999999999856525
"ZNF185",5.67808146957992e-09,-0.152428035825956,0.00042201845630729,0.983610140226151,0.999999999856525
"RBPJ",5.66219141369592e-09,-0.153312882775527,0.000419659732256905,0.983656000664854,0.999999999856525
"ABI1",5.64185427062171e-09,-0.15444851062548,0.000416650525325776,0.983714695962212,0.999999999856525
"LST1",5.63384315001418e-09,-0.154896825615121,0.000415468124052254,0.983737816987475,0.999999999856525
"PCF11",5.59785004987548e-09,-0.156917892953349,0.000410176454791619,0.98384169742648,0.999999999856525
"GTF2B",5.56991501770614e-09,-0.158494257594182,0.000406092850509091,0.983922321495929,0.999999999856525
"JUNB",5.53222145915989e-09,-0.160632178472593,0.000400615104297232,0.984031110178541,0.999999999856525
"IMMT",5.52913485642476e-09,-0.16080780402181,0.000400168197125011,0.984040018542598,0.999999999856525
"CD38",5.51526412002147e-09,-0.161598088723462,0.000398162941186768,0.984080051438309,0.999999999856525
"RBM8A",5.49548174128789e-09,-0.162728171706664,0.000395311768929998,0.984137146234389,0.999999999856525
"ENKUR",5.48576451074214e-09,-0.163284566261862,0.000393915007149986,0.984165191591976,0.999999999856525
"CCS",5.4731960076345e-09,-0.164005487649249,0.000392112067770273,0.98420146617086,0.999999999856525
"ATP6V1E1",5.44033998230069e-09,-0.165896882487884,0.000387418439238885,0.98429629372586,0.999999999856525
"SRRT",5.42529829326543e-09,-0.166766076965587,0.000385279098041278,0.984339706433728,0.999999999856525
"LDLRAP1",5.41491424016329e-09,-0.167367344988723,0.000383805656523672,0.984369676490273,0.999999999856525
"RP11-879F14.2",5.40563020394537e-09,-0.167905764645106,0.000382490691671444,0.984396471738876,0.999999999856525
"FARSA",5.3797008183221e-09,-0.169413769175662,0.000378830077884275,0.984471308284346,0.999999999856525
"ZCCHC7",5.37670814618429e-09,-0.169588222256118,0.00037840871657793,0.984479945645684,0.999999999856525
"RAB4A",5.36140264848807e-09,-0.170481748741674,0.000376257403870747,0.984524119946454,0.999999999856525
"IKBKG",5.36017312841312e-09,-0.170553623244303,0.000376084850896715,0.984527668555079,0.999999999856525
"SRSF7",5.35193584490419e-09,-0.171035521648455,0.000374929837022021,0.984551442794805,0.999999999856525
"WASF2",5.33875753764405e-09,-0.17180781757343,0.000373085697783995,0.984589477721076,0.999999999856525
"COX5A",5.33121331200718e-09,-0.172250679431572,0.00037203202416307,0.984611251706767,0.999999999856525
"PGRMC1",5.29912233292965e-09,-0.174140571681646,0.000367566646967382,0.984703872144929,0.999999999856525
"CHD9",5.26276343932106e-09,-0.176293820672493,0.000362539977474061,0.984808810814497,0.999999999856525
"FKBP1A",5.25284725381984e-09,-0.176883312965121,0.000361175057003024,0.984837430854101,0.999999999856525
"UBXN2A",5.24267470787532e-09,-0.177489047339172,0.000359777524532174,0.984866790820072,0.999999999856525
"TOP2A",5.23802199024999e-09,-0.177766437283794,0.000359139224223478,0.984880219483989,0.999999999856525
"CARD19",5.23533220347226e-09,-0.177926896768709,0.000358770474374707,0.984887982742937,0.999999999856525
"MEST",5.2075444345683e-09,-0.179588770087836,0.00035497206270426,0.984968183847464,0.999999999856525
"VIM-AS1",5.18873763084102e-09,-0.180717890806458,0.000352412762380192,0.985022464161707,0.999999999856525
"PTPRA",5.18290841843405e-09,-0.18106858379135,0.000351621381099296,0.985039288485009,0.999999999856525
"U2AF2",5.17914074604782e-09,-0.18129543360156,0.000351110350404952,0.9850501627772,0.999999999856525
"MTHFD2",5.17699010292525e-09,-0.181424986897256,0.000350818813133937,0.985056369985261,0.999999999856525
"CCL5",5.17267116315882e-09,-0.181685297746135,0.000350233711260387,0.985068835355887,0.999999999856525
"CHCHD5",5.16401456318988e-09,-0.182207614884007,0.000349062441673516,0.985093820139238,0.999999999856525
"SIGMAR1",5.16182841468041e-09,-0.182339641401945,0.000348766958072418,0.985100129829774,0.999999999856525
"CST7",5.14720469386488e-09,-0.183224048657535,0.000346793608494271,0.985142337028782,0.999999999856525
"HNRNPA0",5.14678636559335e-09,-0.183249380132465,0.000346737240937831,0.985143544414631,0.999999999856525
"CCDC88A",5.1462937480853e-09,-0.183279212408082,0.000346670869167534,0.985144966215323,0.999999999856525
"LITAF",5.13955409765712e-09,-0.183687605392345,0.000345763454756177,0.985164418309132,0.999999999856525
"PRPF40A",5.13909362257981e-09,-0.183715525063773,0.000345701500618472,0.985165747340462,0.999999999856525
"RPA1",5.12486470344491e-09,-0.184579326854489,0.000343789821498091,0.98520681511934,0.999999999856525
"SRP54",5.10801209831585e-09,-0.185605096369616,0.000341532502191815,0.985255455481676,0.999999999856525
"HIST1H2BK",5.08775510960157e-09,-0.186841966115466,0.000338829023178026,0.985313921723866,0.999999999856525
"RSF1",5.03611314992909e-09,-0.190014567800643,0.000331985536836406,0.985462972433115,0.999999999856525
"SEMA4D",5.013630494559e-09,-0.191404588905771,0.000329027995709882,0.98552786276557,0.999999999856525
"PPP1R7",4.99800961553126e-09,-0.192373552422216,0.000326980896436262,0.985572948423141,0.999999999856525
"PPP1CA",4.99049543752773e-09,-0.192840591460133,0.00032599844706734,0.985594636185546,0.999999999856525
"MAP3K8",4.98828003365833e-09,-0.19297840472616,0.000325709073827805,0.985601030387015,0.999999999856525
"HNRNPDL",4.98671707910931e-09,-0.193075663070475,0.000325504999989475,0.98560554145953,0.999999999856525
"HNRNPA3",4.98657896892297e-09,-0.193084258555031,0.000325486970118137,0.985605940079631,0.999999999856525
"FUNDC2",4.97260965886765e-09,-0.193954725198538,0.000323665898103691,0.985646258976411,0.999999999856525
"PRKAR1A",4.96009706507875e-09,-0.194736219324503,0.000322039064390349,0.985682373459536,0.999999999856525
"RBBP6",4.92183670089379e-09,-0.197136467643909,0.000317090043992787,0.985792802645806,0.999999999856525
"ATF7IP",4.91542512137428e-09,-0.197540274953133,0.000316264448204221,0.985811308129096,0.999999999856525
"ANAPC5",4.90525112862162e-09,-0.198181979594324,0.000314956588907978,0.985840672929569,0.999999999856525
"USP14",4.85845838767628e-09,-0.201148261690987,0.000308976308597983,0.98597572924832,0.999999999856525
"NIPBL",4.85518587108388e-09,-0.201356637035169,0.00030856021382802,0.985985174618281,0.999999999856525
"EIF4A3",4.84719912493601e-09,-0.201865698881648,0.000307545890088067,0.986008226540862,0.999999999856525
"LSM12",4.83650433773791e-09,-0.202548505350633,0.000306190258016294,0.986039094625065,0.999999999856525
"CHD3",4.82472223908383e-09,-0.203302246125887,0.000304700268791435,0.98607310101204,0.999999999856525
"LUC7L2",4.81400678999798e-09,-0.203989134852535,0.000303348325877433,0.986104028776084,0.999999999856525
"PRR13",4.79228665850764e-09,-0.205385524033125,0.000300617169892936,0.986166719175929,0.999999999856525
"IDH3G",4.76585162616094e-09,-0.207092447128038,0.000297309810719108,0.986243018219085,0.999999999856525
"CTSA",4.74268547303954e-09,-0.208595050450173,0.000294426470875197,0.986309882447918,0.999999999856525
"PTMA",4.73896733962484e-09,-0.208836807658859,0.000293965007515688,0.986320614067014,0.999999999856525
"LAMTOR4",4.7356006652485e-09,-0.20905585433185,0.000293547476505309,0.9863303312748,0.999999999856525
"NDUFAB1",4.65777219621702e-09,-0.214157596778084,0.000283977998367212,0.98655496758171,0.999999999856525
"MTR",4.64150866408731e-09,-0.21523300407851,0.000281998330006772,0.986601909149053,0.999999999856525
"NOP10",4.64083456743303e-09,-0.21527764832166,0.000281916425462096,0.986603854800806,0.999999999856525
"CIR1",4.59650947895519e-09,-0.218225617982469,0.00027655691730845,0.986731790910617,0.999999999856525
"STX7",4.59201140959974e-09,-0.218526149263356,0.000276015913951445,0.986744773768912,0.999999999856525
"UROS",4.5909875976641e-09,-0.218594589223475,0.000275892849411887,0.986747728816164,0.999999999856525
"SNX17",4.58477127911686e-09,-0.219010422720811,0.000275146222810481,0.986765671094816,0.999999999856525
"SLC10A3",4.54365483848968e-09,-0.221773218924994,0.000270233303606637,0.986884346428842,0.999999999856525
"IER2",4.53857168093968e-09,-0.222116280892996,0.000269629001503687,0.986899018084314,0.999999999856525
"HM13",4.52452041605738e-09,-0.223066333703719,0.000267962061306228,0.986939574654195,0.999999999856525
"FKBP8",4.51781610074658e-09,-0.223520535353689,0.000267168531393467,0.986958925524163,0.999999999856525
"FXR1",4.5035906492653e-09,-0.224486212536137,0.000265488689033039,0.986999984904479,0.999999999856525
"KCNA3",4.50347922257345e-09,-0.224493787018157,0.000265475551888621,0.987000306519077,0.999999999856525
"MCTP1",4.49337284778958e-09,-0.225181466520514,0.000264285367677257,0.987029476896329,0.999999999856525
"IGBP1",4.49237459825475e-09,-0.225249464197518,0.000264167953232117,0.987032358179248,0.999999999856525
"SMIM5",4.49124958527658e-09,-0.225326112291318,0.000264035660095484,0.987035605344177,0.999999999856525
"NCOA4",4.49086195762625e-09,-0.225352525544563,0.00026399008564948,0.987036724167686,0.999999999856525
"GNPTG",4.49073047935782e-09,-0.22536148502562,0.000263974628282236,0.987037103658106,0.999999999856525
"EIF4E",4.4740026099375e-09,-0.226503249289859,0.000262011692016308,0.987085385928712,0.999999999856525
"IDH2",4.46070295840872e-09,-0.227413660505181,0.000260456268313134,0.987123773240491,0.999999999856525
"MORC3",4.43781726624909e-09,-0.228985788683312,0.000257790575818534,0.987189829191335,0.999999999856525
"RB1CC1",4.42140595587237e-09,-0.230117488143248,0.000255887451717561,0.987237197911577,0.999999999856525
"LINC00657",4.3771866025048e-09,-0.23318499244387,0.00025079468480132,0.98736483048924,0.999999999856525
"TMEM140",4.37216274978691e-09,-0.233535193362235,0.000250219323216209,0.987379331112398,0.999999999856525
"ETFA",4.36667233919018e-09,-0.233918315617639,0.000249591284274045,0.987395178392058,0.999999999856525
"CNOT2",4.36583997460041e-09,-0.233976434637498,0.000249496140361098,0.987397580893035,0.999999999856525
"INSIG1",4.35805914892199e-09,-0.234520187490028,0.000248607625847864,0.987420039135631,0.999999999856525
"EIF2AK1",4.35156384533424e-09,-0.234974747432359,0.000247867122516566,0.987438786909858,0.999999999856525
"BNIP2",4.34694774782797e-09,-0.235298152404803,0.000247341531267172,0.987452110625998,0.999999999856525
"MCFD2",4.34678232839864e-09,-0.235309747250369,0.000247322706878737,0.987452588085978,0.999999999856525
"ADSL",4.34187458325584e-09,-0.235653922780053,0.000246764541550171,0.987466753605968,0.999999999856525
"C19orf43",4.33530766504484e-09,-0.236114981850666,0.000246018662289068,0.987485708103159,0.999999999856525
"MED28",4.33280769372061e-09,-0.236290662152099,0.000245735008940326,0.987492923924967,0.999999999856525
"LINC00152",4.29051911726889e-09,-0.239275783334728,0.000240961627756031,0.98761498421246,0.999999999856525
"PRKAR1B",4.28066258830808e-09,-0.239975208187194,0.000239855786190407,0.987643433799219,0.999999999856525
"ZRANB2",4.28055910994998e-09,-0.239982558463387,0.000239844190049654,0.987643732476103,0.999999999856525
"MED30",4.23135472975163e-09,-0.243495200129193,0.000234361935583781,0.987785754744412,0.999999999856525
"PCMTD1",4.21511438722893e-09,-0.244662343458467,0.000232566381096456,0.987832630540125,0.999999999856525
"PGLS",4.20833406976451e-09,-0.245150776425775,0.000231818783051622,0.987852201123558,0.999999999856525
"RAB37",4.16766707979213e-09,-0.248094681401941,0.000227360096292985,0.987969581727298,0.999999999856525
"MACF1",4.14268108838814e-09,-0.249915789602945,0.000224642130347456,0.988041701055942,0.999999999856525
"PTOV1",4.14267218294573e-09,-0.249916440371144,0.0002246411645307,0.988041726760544,0.999999999856525
"PHTF2",4.13878436641697e-09,-0.250200659634362,0.000224219719735342,0.988052948526109,0.999999999856525
"SFXN1",4.13510650003745e-09,-0.250469743332601,0.000223821398059416,0.988063564295255,0.999999999856525
"NUP214",4.10264121785736e-09,-0.252854031193426,0.000220320690156394,0.988157271962052,0.999999999856525
"SPAG9",4.09999447756486e-09,-0.253049130293842,0.000220036510517546,0.988164911510368,0.999999999856525
"RAD23A",4.09710542144919e-09,-0.25326221573891,0.000219726522853898,0.988173250480053,0.999999999856525
"SMIM3",4.09295233227286e-09,-0.253568759355444,0.000219281290796886,0.988185237956202,0.999999999856525
"MT-ND4",4.06753376876174e-09,-0.255450818846416,0.00021656613197573,0.988258606153188,0.999999999856525
"KIAA0125",4.06148956165715e-09,-0.255899846655855,0.000215922991396418,0.988276052180352,0.999999999856525
"DDAH2",4.06133041891375e-09,-0.255911677282477,0.000215906070558153,0.988276511530774,0.999999999856525
"BZW1",4.03804815049785e-09,-0.257646814957988,0.000213437729337321,0.988343713630208,0.999999999856525
"EPS15L1",4.01887836241253e-09,-0.259081979903472,0.000211416037675467,0.988399045500276,0.999999999856525
"ADIPOR1",4.01665093933587e-09,-0.259249122278047,0.000211181752176258,0.988405474760379,0.999999999856525
"APH1A",3.99456829178206e-09,-0.260910526243698,0.000208866075277618,0.988469214414046,0.999999999856525
"VDAC1",3.98764014680108e-09,-0.261433409199542,0.000208142192511767,0.988489211920954,0.999999999856525
"PDZK1IP1",3.97525422749326e-09,-0.262370166194998,0.000206851189050052,0.988524962851743,0.999999999856525
"MRPS12",3.96962977911335e-09,-0.262796382340154,0.000206266270086523,0.988541197364017,0.999999999856525
"NUDC",3.96373293456175e-09,-0.263243802304822,0.000205653912369055,0.988558218130755,0.999999999856525
"BAX",3.94602275782574e-09,-0.264591026071599,0.00020382027196342,0.988609337160417,0.999999999856525
"SLC44A2",3.91422826415607e-09,-0.267022843672611,0.000200549000882075,0.988701109578316,0.999999999856525
"U2SURP",3.91380305479828e-09,-0.267055481750119,0.000200505431281984,0.988702336914205,0.999999999856525
"ATG3",3.90568748603349e-09,-0.267679003126066,0.000199674766828634,0.988725761918394,0.999999999856525
"CWC15",3.90449922154925e-09,-0.267770391945658,0.000199553287400616,0.988729191758982,0.999999999856525
"PPM1G",3.88586295799744e-09,-0.269206857365248,0.000197652888817861,0.988782984030248,0.999999999856525
"DHPS",3.87920625611514e-09,-0.269721395696931,0.000196976287803789,0.988802198147014,0.999999999856525
"ZNF800",3.87507733371886e-09,-0.270040930358238,0.000196557198471898,0.98881411600366,0.999999999856525
"CCT3",3.87488096087505e-09,-0.270056134869438,0.000196537277569833,0.988814682820722,0.999999999856525
"C15orf40",3.87000558064439e-09,-0.270433833788556,0.000196043021789135,0.988828755281028,0.999999999856525
"ITGB2",3.86793581982543e-09,-0.270594304114637,0.000195833381956952,0.988834729508825,0.999999999856525
"MCL1",3.8621060274512e-09,-0.271046692879245,0.00019524350268124,0.988851556822539,0.999999999856525
"DNAJB6",3.83315696397015e-09,-0.273301921230277,0.000192327511603026,0.988935116470816,0.999999999856525
"LGALS8",3.81859226165615e-09,-0.274442141576697,0.00019086872909773,0.988977156612585,0.999999999856525
"IPO7",3.80235201234606e-09,-0.275717983651331,0.000189248674379001,0.989024033156588,0.999999999856525
"RNF11",3.78729040120182e-09,-0.276905455435752,0.000187752366540552,0.989067507663298,0.999999999856525
"CD48",3.77521317370141e-09,-0.277860593162236,0.000186556834979275,0.989102367935301,0.999999999856525
"SEP15",3.76577450519925e-09,-0.27860890180251,0.000185625154126889,0.989129612162197,0.999999999856525
"CAMLG",3.7615140643127e-09,-0.27894720660967,0.000185205374540761,0.989141909707912,0.999999999856525
"RNF115",3.74711854836486e-09,-0.280092757546909,0.000183790505330114,0.989183461650871,0.999999999856525
"MOB2",3.74483494567856e-09,-0.280274829702685,0.000183566559065149,0.989190053159488,0.999999999856525
"PIK3CB",3.74411516334177e-09,-0.280332238036505,0.000183496000404584,0.989192130776515,0.999999999856525
"TBPL1",3.73658683910322e-09,-0.280933254790475,0.000182758828328691,0.989213860926013,0.999999999856525
"UFD1L",3.73371336073377e-09,-0.281162932758377,0.00018247784911527,0.989222155086634,0.999999999856525
"TRIM22",3.70145307159323e-09,-0.283752067092424,0.000179338156326796,0.989315272978788,0.999999999856525
"NUCKS1",3.68275223879925e-09,-0.285261911190547,0.000177530595520051,0.989369252168999,0.999999999856525
"PRPF38A",3.67429493167471e-09,-0.28594690751855,0.000176716146606641,0.989393663856654,0.999999999856525
"NDUFA6",3.66469708475898e-09,-0.28672593717847,0.000175794130645005,0.989421367680027,0.999999999856525
"GGNBP2",3.65639725843449e-09,-0.287401035928075,0.000174998753305455,0.989445324826171,0.999999999856525
"ZFR",3.6545727375535e-09,-0.287549618332111,0.000174824150167257,0.989450591240465,0.999999999856525
"ARPC3",3.6411766374026e-09,-0.288642519792618,0.000173544838095911,0.989489258618679,0.999999999856525
"LAMTOR2",3.6277118546686e-09,-0.289744538604628,0.000172263701130805,0.989528124271664,0.999999999856525
"TSPYL1",3.62374087144428e-09,-0.290070218110742,0.000171886779312163,0.989539586389026,0.999999999856525
"ERP29",3.62117669454022e-09,-0.290280682871821,0.000171643609511954,0.989546987805629,0.999999999856525
"HMGN3",3.61479369385833e-09,-0.290805153360181,0.000171039034939715,0.989565412141783,0.999999999856525
"PAFAH1B1",3.60745209404179e-09,-0.291409381327843,0.000170344984269997,0.989586603451888,0.999999999856525
"PSMA1",3.60278527426095e-09,-0.291794023445176,0.000169904532055491,0.989600074092578,0.999999999856525
"MPST",3.59857656194438e-09,-0.292141278211704,0.000169507804762255,0.989612222421829,0.999999999856525
"APP",3.59344041406842e-09,-0.292565531093005,0.000169024282551385,0.989627047770895,0.999999999856525
"OSBPL9",3.57975799511588e-09,-0.293698285514211,0.000167739576016363,0.989666541712977,0.999999999856525
"ZFAND2B",3.57256568446827e-09,-0.294295234094031,0.000167066221460578,0.989687302138465,0.999999999856525
"GLA",3.56552223969401e-09,-0.294880836430725,0.00016640811642725,0.989707632873086,0.999999999856525
"MYCBP2",3.55536167318758e-09,-0.295727367984617,0.000165461050888192,0.98973696111669,0.999999999856525
"CPSF3L",3.55452431848666e-09,-0.29579722590987,0.000165383121672549,0.989739378122565,0.999999999856525
"FDFT1",3.5493358477088e-09,-0.296230402019235,0.000164900660925808,0.989754354531125,0.999999999856525
"PSMB10",3.53737669893799e-09,-0.297230942033496,0.000163791298911408,0.989788874368856,0.999999999856525
"SUMO1",3.53463302801428e-09,-0.297460899164643,0.000163537316831345,0.989796793921422,0.999999999856525
"HIST1H2BJ",3.53173775850288e-09,-0.297703729992128,0.00016326951494947,0.989805151061443,0.999999999856525
"C17orf62",3.52869071815917e-09,-0.297959476307646,0.00016298791182582,0.989813946286274,0.999999999856525
"MOB1A",3.50455096046515e-09,-0.299992377246156,0.000160765540356196,0.989883625287985,0.999999999856525
"RNPS1",3.4972370922226e-09,-0.300610699204848,0.000160095217082807,0.989904736660042,0.999999999856525
"PSMB3",3.49516271311053e-09,-0.300786273162281,0.000159905353099427,0.989910724325828,0.999999999856525
"SP100",3.47947840232115e-09,-0.302116709930228,0.00015847344379694,0.98995599688408,0.999999999856525
"CENPK",3.47097759919304e-09,-0.302839970114845,0.000157700048614739,0.989980534354809,0.999999999856525
"RSBN1L",3.46315709019603e-09,-0.303506705744935,0.000156990216737719,0.990003108172702,0.999999999856525
"LRP10",3.46000620080665e-09,-0.303775702556175,0.000156704677406297,0.990012203184421,0.999999999856525
"CSTB",3.45570067815052e-09,-0.304143615525283,0.000156314923333713,0.990024631035984,0.999999999856525
"DPYD",3.44909553545695e-09,-0.304708806500995,0.000155717941280634,0.990043696724347,0.999999999856525
"CASP4",3.44580310141171e-09,-0.304990884643327,0.00015542079303176,0.990053200309417,0.999999999856525
"MRPS5",3.44232693302853e-09,-0.305288957543625,0.0001551073704037,0.990063234243746,0.999999999856525
"C9orf142",3.42928624040132e-09,-0.306409492782597,0.000153934398613069,0.990100876120562,0.999999999856525
"UXS1",3.42867533127818e-09,-0.306462076206529,0.000153879558307811,0.990102639506424,0.999999999856525
"UBXN4",3.42379523325468e-09,-0.306882417505574,0.000153441830709174,0.99011672588457,0.999999999856525
"MFSD1",3.41613069897326e-09,-0.307543641208995,0.000152755607542787,0.990138849530041,0.999999999856525
"OAZ1",3.40647846447814e-09,-0.308378174816385,0.000151893608937767,0.990166710674476,0.999999999856525
"ISCU",3.38103024882991e-09,-0.31058828707159,0.000149632632992129,0.990240166926096,0.999999999856525
"CUL5",3.36945632687454e-09,-0.311598220985675,0.000148609943407533,0.990273575068835,0.999999999856525
"PFKL",3.35565834295883e-09,-0.312806157787098,0.00014739531472136,0.990313402991972,0.999999999856525
"TSTD1",3.35402752413044e-09,-0.312949210967096,0.000147252084022714,0.990318110357147,0.999999999856525
"TST",3.34999405203436e-09,-0.313303280434702,0.000146898133412285,0.990329752992193,0.999999999856525
"HNRNPL",3.34625793561525e-09,-0.313631576652137,0.000146570656720542,0.990340537310598,0.999999999856525
"VTI1B",3.33025319450215e-09,-0.315041530802133,0.000145171950725336,0.990386735094427,0.999999999856525
"MRPL34",3.32482955368285e-09,-0.315520663173062,0.000144699482522301,0.990402390474386,0.999999999856525
"PSMB8-AS1",3.32073118147979e-09,-0.315883168486666,0.000144342972917904,0.990414220458983,0.999999999856525
"ELOVL5",3.31697388955893e-09,-0.316215845419593,0.000144016519593219,0.990425065914432,0.999999999856525
"SUCLG1",3.30608388590221e-09,-0.317181911365376,0.000143072426599502,0.990456500013647,0.999999999856525
"LIMD2",3.30318772660648e-09,-0.317439297091989,0.000142821870920476,0.990464859807518,0.999999999856525
"KIAA1109",3.30317346253269e-09,-0.317440565243653,0.00014282063743484,0.990464900980917,0.999999999856525
"DDX3X",3.29598895518678e-09,-0.318079909452579,0.00014220003422717,0.990485639140481,0.999999999856525
"MKRN1",3.28522502819005e-09,-0.319040045579927,0.000141272766892525,0.990516709346305,0.999999999856525
"MT-ND6",3.28306241914084e-09,-0.319233277608345,0.000141086833081091,0.990522951745291,0.999999999856525
"ASAH1",3.28214214155395e-09,-0.31931553907933,0.000141007747863646,0.990525608138622,0.999999999856525
"PTCRA",3.27363835888114e-09,-0.32007661880138,0.000140278013559933,0.990550154423863,0.999999999856525
"RBM33",3.27093744426233e-09,-0.320318706058758,0.000140046636358782,0.990557950652803,0.999999999856525
"MPC2",3.26192842289569e-09,-0.321127452403643,0.000139276248262234,0.990583955329221,0.999999999856525
"CAST",3.25966475274304e-09,-0.32133096771203,0.000139083009141114,0.990590489448923,0.999999999856525
"TXN",3.23754933469271e-09,-0.323325719143738,0.000137202174841751,0.990654325986082,0.999999999856525
"SPTAN1",3.22882461112628e-09,-0.324115912470291,0.000136463691510332,0.990679510068216,0.999999999856525
"XPO1",3.21450779147585e-09,-0.325416593884463,0.000135256196635041,0.990720835863205,0.999999999856525
"VPS51",3.20962208831117e-09,-0.325861607505508,0.000134845359591126,0.990734938551786,0.999999999856525
"HTATIP2",3.20385736835067e-09,-0.326387441204806,0.000134361409998763,0.990751578545213,0.999999999856525
"WDR43",3.19179531054809e-09,-0.327490347506067,0.000133351612055437,0.990786395958532,0.999999999856525
"NBN",3.18322255035371e-09,-0.328276402436547,0.000132636242774789,0.990811141442974,0.999999999856525
"RNPC3",3.16964568397514e-09,-0.329525052931891,0.000131507233273117,0.990850331421821,0.999999999856525
"SNRNP70",3.16941477300441e-09,-0.329546329598398,0.000131488073177755,0.990850997952551,0.999999999856525
"STK26",3.16450511658575e-09,-0.329999034564734,0.000131081019322243,0.990865169809409,0.999999999856525
"RBM39",3.15414557613155e-09,-0.330956256207789,0.000130224192519131,0.990895072914293,0.999999999856525
"ABHD14B",3.14816284883493e-09,-0.331510300967743,0.000129730647167522,0.990912342230728,0.999999999856525
"PLA2G12A",3.14527953768726e-09,-0.33177764251566,0.000129493122905534,0.990920664993779,0.999999999856525
"PIM1",3.13105649934716e-09,-0.333099520655428,0.000128324628132454,0.990961720229771,0.999999999856525
"UIMC1",3.12661715657047e-09,-0.33351317442136,0.000127960998057333,0.990974534533632,0.999999999856525
"MTHFD2L",3.11859741443956e-09,-0.334261737302147,0.000127305402542272,0.990997683779796,0.999999999856525
"C14orf2",3.11640901134041e-09,-0.334466292344075,0.000127126798027815,0.991004000677744,0.999999999856525
"RBM25",3.10716328182932e-09,-0.335331886935886,0.000126373600080173,0.991030688788088,0.999999999856525
"BLOC1S6",3.10591838178372e-09,-0.335448606049235,0.000126272355974071,0.991034282234862,0.999999999856525
"FGFR1",3.09719256676179e-09,-0.336267858366494,0.00012556384960825,0.99105946960496,0.999999999856525
"NEK7",3.09525068442788e-09,-0.336450450311061,0.000125406446555283,0.991065074917415,0.999999999856525
"EIF4H",3.08074275653219e-09,-0.337817753987336,0.00012423360209718,0.991106952581455,0.999999999856525
"TSC22D3",3.07099308088669e-09,-0.33873975055032,0.000123448518233145,0.991135095390263,0.999999999856525
"SRSF6",3.03891338322895e-09,-0.341791423529126,0.000120882894090005,0.99122769473283,0.999999999856525
"PHKB",3.01869988789114e-09,-0.343728646078209,0.000119280124226544,0.991286041864043,0.999999999856525
"UBB",3.01824933112304e-09,-0.343771954392168,0.00011924452051727,0.991287342416233,0.999999999856525
"SLBP",3.01287401919377e-09,-0.344289071124043,0.00011882016477061,0.991302858495447,0.999999999856525
"DENND4C",3.00343398512049e-09,-0.345199159462145,0.000118076748898448,0.991330107585576,0.999999999856525
"NDUFA2",2.99720641841615e-09,-0.345800899310105,0.000117587596490926,0.991348083747249,0.999999999856525
"NONO",2.98835276029218e-09,-0.346658252056214,0.000116893922066362,0.991373640251812,0.999999999856525
"C20orf27",2.98592413143815e-09,-0.346893815114403,0.000116704000316476,0.991380650605863,0.999999999856525
"PWP1",2.98523844488988e-09,-0.346960352804765,0.000116650406741106,0.9913826298732,0.999999999856525
"PPDPF",2.97017023618103e-09,-0.34842589354805,0.000115475775892903,0.991426124998723,0.999999999856525
"PMVK",2.96898706756513e-09,-0.348541241457024,0.000115383794565036,0.991429540274205,0.999999999856525
"LAPTM4B",2.96323157560884e-09,-0.349102916624082,0.000114936876606602,0.991446153792299,0.999999999856525
"TXNIP",2.95501579044878e-09,-0.349906329224876,0.000114300417663804,0.991469869077356,0.999999999856525
"LYRM2",2.95244804826031e-09,-0.350157822617842,0.000114101862724999,0.991477280998369,0.999999999856525
"NEMF",2.94326665859943e-09,-0.351058631131899,0.000113393308511834,0.991503783561864,0.999999999856525
"RAP1A",2.92596068060839e-09,-0.3527631984919,0.000112063756644233,0.991553738201771,0.999999999856525
"DHX36",2.92496484351469e-09,-0.35286154970799,0.000111987488869574,0.991556612740321,0.999999999856525
"SMDT1",2.91587817553119e-09,-0.353760312198604,0.000111292771112988,0.991582841912358,0.999999999856525
"PRDX6",2.91309025115217e-09,-0.354036552024693,0.000111080054750416,0.991590889412814,0.999999999856525
"NDUFA5",2.89743687605905e-09,-0.355591821666693,0.000109889493534562,0.991636073775913,0.999999999856525
"CCT2",2.89420391850601e-09,-0.355913944235302,0.000109644401144696,0.991645405896269,0.999999999856525
"LRRFIP1",2.89168845970268e-09,-0.356164792883679,0.000109453892026947,0.991652666915468,0.999999999856525
"HNRNPH3",2.88568766961639e-09,-0.356763972453692,0.000109000089109936,0.991669988550385,0.999999999856525
"HSPA4",2.87851906722405e-09,-0.357481174077297,0.000108459207460898,0.991690681149628,0.999999999856525
"AES",2.87506918883105e-09,-0.357826877578419,0.000108199388541984,0.991700639431786,0.999999999856525
"NDFIP1",2.86066892775701e-09,-0.359273780881488,0.000107118233730615,0.991742206668281,0.999999999856525
"SLC2A3",2.85603800006373e-09,-0.359740425498443,0.000106771702697123,0.991755574129766,0.999999999856525
"MRPL13",2.84656758379218e-09,-0.360696774253401,0.00010606478214284,0.991782911083935,0.999999999856525
"DDT",2.8300086197649e-09,-0.362375583760055,0.000104834377842134,0.99183070960166,0.999999999856525
"ABTB1",2.82018979795858e-09,-0.36337507373829,0.000104108186138301,0.991859052277981,0.999999999856525
"HIST1H2BC",2.79677419375968e-09,-0.36577084037552,0.000102386574405328,0.991926643004263,0.999999999856525
"GMPS",2.79661680576808e-09,-0.365787002192166,0.000102375051155485,0.991927097315549,0.999999999856525
"JTB",2.77500366183547e-09,-0.368013922955378,0.000100798791803477,0.991989485170073,0.999999999856525
"SS18L2",2.76735350073619e-09,-0.368805760539867,0.000100243791404204,0.992011567907935,0.999999999856525
"TMCO1",2.74566835115405e-09,-0.371060649619342,9.86789139209445e-05,0.992074163678338,0.999999999856525
"SEPT9",2.74269922261795e-09,-0.371370588038628,9.84656092359861e-05,0.992082734288836,0.999999999856525
"IDS",2.7331724796017e-09,-0.372367021555878,9.77827582827547e-05,0.992110233947749,0.999999999856525
"CYFIP2",2.72981441971651e-09,-0.372718969048991,9.75426280724028e-05,0.992119927241942,0.999999999856525
"GSK3B",2.72588700278326e-09,-0.373131064944808,9.72621584639716e-05,0.992131264029851,0.999999999856525
"TXNRD1",2.72391775570951e-09,-0.373337887595051,9.71216801267424e-05,0.992136948412015,0.999999999856525
"MRPL36",2.70939994212402e-09,-0.374866647449851,9.60891695217915e-05,0.992178855202647,0.999999999856525
"TFG",2.70563962521547e-09,-0.375263773967898,9.58226344966521e-05,0.992189709651467,0.999999999856525
"NDUFA10",2.70458128338349e-09,-0.375375631472279,9.57476849230671e-05,0.99219276463819,0.999999999856525
"ANKRD11",2.70086536507718e-09,-0.375768672019761,9.54847635157109e-05,0.992203490928794,0.999999999856525
"UQCR10",2.6844276080592e-09,-0.377512965029474,9.43260392634492e-05,0.992250939824823,0.999999999856525
"APOA1BP",2.66696158978409e-09,-0.379376535606257,9.31025824232217e-05,0.992301356908971,0.999999999856525
"IARS",2.6322070860979e-09,-0.383116387076925,9.06918609294871e-05,0.992401678705441,0.999999999856525
"HBP1",2.62713962064471e-09,-0.383665252238131,9.03430012291112e-05,0.992416306380532,0.999999999856525
"TPTEP1",2.62226654396758e-09,-0.384193928149037,9.00081579183043e-05,0.992430372938098,0.999999999856525
"SUDS3",2.61973757350644e-09,-0.38446862936362,8.98346300147469e-05,0.992437673031131,0.999999999856525
"RPS27L",2.60572427978427e-09,-0.385994952245772,8.8876127818796e-05,0.992478123632829,0.999999999856525
"IRF2BP2",2.5889100548976e-09,-0.387835760026919,8.77328282519759e-05,0.992526659393563,0.999999999856525
"ATP5S",2.58242423896908e-09,-0.388548589514463,8.72937969985995e-05,0.992545381287474,0.999999999856525
"TNRC6B",2.56371220344358e-09,-0.390613875550977,8.60333327396958e-05,0.99259939529231,0.999999999856525
"TMEM30A",2.5629426575894e-09,-0.390699091012985,8.59816914845875e-05,0.992601616657647,0.999999999856525
"DAB2",2.54747236485348e-09,-0.392416906784179,8.4946828368703e-05,0.992646273101703,0.999999999856525
"GLUL",2.5453185214036e-09,-0.392656784673591,8.48032469687775e-05,0.992652490373702,0.999999999856525
"DNAJB1",2.52877446082082e-09,-0.394505212820148,8.37044214453455e-05,0.992700246377783,0.999999999856525
"TMED9",2.52205258205299e-09,-0.39525922489958,8.32600139469576e-05,0.992719649727525,0.999999999856525
"STAU1",2.52053987277468e-09,-0.395429149586451,8.31601663663891e-05,0.992724016308981,0.999999999856525
"STX10",2.51919959341404e-09,-0.395579778780034,8.30717502120988e-05,0.992727885155005,0.999999999856525
"R3HDM4",2.50914648125515e-09,-0.396711829512105,8.2410061244609e-05,0.992756904441169,0.999999999856525
"MTOR",2.50470457725887e-09,-0.397213270369784,8.21185409447663e-05,0.992769726432196,0.999999999856525
"SLC3A2",2.4952840802885e-09,-0.398279291498897,8.15019870594448e-05,0.992796919625734,0.999999999856525
"RIOK3",2.48441715954662e-09,-0.399513326637767,8.07936532153573e-05,0.992828288074524,0.999999999856525
"ATRX",2.47603369458698e-09,-0.400468541040216,8.02493098798332e-05,0.992852487788486,0.999999999856525
"C14orf166",2.46055511703261e-09,-0.40223955695989,7.9249111359778e-05,0.992897168275119,0.999999999856525
"YWHAH",2.45315919664818e-09,-0.403089185821041,7.87734144439849e-05,0.992918517358559,0.999999999856525
"NDUFS4",2.45135446772068e-09,-0.403296846148511,7.86575537477555e-05,0.992923726894648,0.999999999856525
"CUEDC2",2.4506843910689e-09,-0.403373981919375,7.86145576104898e-05,0.992925661140055,0.999999999856525
"AKT1",2.44901182012878e-09,-0.403566599377247,7.85072867149377e-05,0.992930489188864,0.999999999856525
"CMPK1",2.44345654427867e-09,-0.404207177344052,7.81515228287006e-05,0.992946525068365,0.999999999856525
"STK38",2.4275371419639e-09,-0.406049850996212,7.71365076647338e-05,0.992992478088825,0.999999999856525
"PRKCD",2.42727051103857e-09,-0.406080802558962,7.71195638672014e-05,0.992993247747087,0.999999999856525
"SF3B5",2.41716580482437e-09,-0.407255971913032,7.64788042283836e-05,0.993022416051166,0.999999999856525
"G3BP1",2.41539911156027e-09,-0.407461873670454,7.63670492045865e-05,0.993027515799238,0.999999999856525
"NUP98",2.41528871293915e-09,-0.407474744561856,7.63600684748008e-05,0.993027834476613,0.999999999856525
"APRT",2.4118532473721e-09,-0.407875525227512,7.61429964403255e-05,0.993037751314333,0.999999999856525
"PFDN2",2.41027437500888e-09,-0.408059881944219,7.60433380361428e-05,0.993042308898143,0.999999999856525
"GHITM",2.40826550857418e-09,-0.408294598053008,7.59166327523631e-05,0.993048107706121,0.999999999856525
"PTPRC",2.40379797253373e-09,-0.408817193642904,7.56352304682863e-05,0.993061003728391,0.999999999856525
"KIAA1033",2.40291472593656e-09,-0.408920612068912,7.55796581719159e-05,0.993063553314705,0.999999999856525
"BAZ1A",2.38815452450959e-09,-0.410653758118059,7.46539951012152e-05,0.993106160234349,0.999999999856525
"TOP2B",2.38057355477419e-09,-0.411547525369516,7.41807833429824e-05,0.993128043532002,0.999999999856525
"TFPI",2.38014659184737e-09,-0.411597935932533,7.41541766422292e-05,0.993129276007306,0.999999999856525
"SYF2",2.37762344969961e-09,-0.411895997668864,7.39970414825643e-05,0.99313655933411,0.999999999856525
"DUSP1",2.37554523315667e-09,-0.412141705585872,7.38677403794297e-05,0.993142558334741,0.999999999856525
"PQBP1",2.37359083228659e-09,-0.412372944631407,7.37462459221517e-05,0.993148199928167,0.999999999856525
"KLF3",2.35666357098836e-09,-0.414382656250239,7.26981539309451e-05,0.993197062347069,0.999999999856525
"UBAC2",2.33821031864664e-09,-0.41658783342709,7.15641225901397e-05,0.993250329737586,0.999999999856525
"CTD-2336O2.1",2.319546866502e-09,-0.418833510636092,7.04262411140797e-05,0.9933042039241,0.999999999856525
"SNRPB2",2.31043001813841e-09,-0.419936187340263,6.98737163348369e-05,0.99333052075942,0.999999999856525
"CFDP1",2.31028922295826e-09,-0.419953245942757,6.98652005324563e-05,0.993330927181019,0.999999999856525
"GATA2",2.30157312580292e-09,-0.421011036339166,6.93390299005604e-05,0.993356087208602,0.999999999856525
"NMI",2.28628693517011e-09,-0.422874581456101,6.84210405577123e-05,0.993400212590644,0.999999999856525
"VPS4B",2.28043084884352e-09,-0.423591358226052,6.80709826848928e-05,0.993417116875988,0.999999999856525
"SYNCRIP",2.27725256962213e-09,-0.423981042630627,6.78813713003473e-05,0.993426291355856,0.999999999856525
"SNX5",2.27204082577027e-09,-0.424621067735815,6.7571018824219e-05,0.993441335674399,0.999999999856525
"SLC25A36",2.26688778804946e-09,-0.42525513449692,6.72648613407345e-05,0.993456210533005,0.999999999856525
"RNF19A",2.26467060215292e-09,-0.425528337050524,6.71333455521913e-05,0.993462610705506,0.999999999856525
"PDAP1",2.25589206190517e-09,-0.426612311206691,6.66138964452612e-05,0.993487951016905,0.999999999856525
"PCGF5",2.24384797123248e-09,-0.428105473995652,6.59044989584255e-05,0.99352271774273,0.999999999856525
"SMIM19",2.24018971974587e-09,-0.428560378744636,6.56897796905456e-05,0.993533277730964,0.999999999856525
"BTN3A2",2.23899447384582e-09,-0.428709147370283,6.5619701256268e-05,0.993536727953998,0.999999999856525
"BAZ1B",2.23744233561687e-09,-0.428902439962993,6.55287536947191e-05,0.993541208390436,0.999999999856525
"SND1",2.23538818643049e-09,-0.429158428120603,6.5408487760229e-05,0.993547137943088,0.999999999856525
"DERA",2.2223794343773e-09,-0.430784325042085,6.46494187399988e-05,0.993584689303873,0.999999999856525
"TRA2B",2.2179394066029e-09,-0.431341147807957,6.43913543692697e-05,0.99359750599271,0.999999999856525
"BCLAF1",2.21756355987304e-09,-0.431388326948301,6.43695330071953e-05,0.993598590920816,0.999999999856525
"USP8",2.20752016720446e-09,-0.432651621639717,6.37877913809695e-05,0.993627582421248,0.999999999856525
"PHF14",2.20334269492203e-09,-0.433178545341165,6.35465980263614e-05,0.993639641216357,0.999999999856525
"SNX1",2.19923010017644e-09,-0.4336981314016,6.33095967595308e-05,0.993651512735778,0.999999999856525
"FOPNL",2.18468841640935e-09,-0.435542102775497,6.24751370452365e-05,0.993693489137104,0.999999999856525
"ELAVL1",2.17394476778715e-09,-0.436911299607392,6.18621796028336e-05,0.993724502042943,0.999999999856525
"WBP2",2.1737428106035e-09,-0.436937093578204,6.18506862738083e-05,0.993725085018086,0.999999999856525
"MIA3",2.17042435100036e-09,-0.437361224672706,6.16619865480298e-05,0.99373466417504,0.999999999856525
"PNMA1",2.16404826823426e-09,-0.438177727753337,6.13002283220757e-05,0.993753069553824,0.999999999856525
"BAZ2A",2.16372383873132e-09,-0.438219328940947,6.1281849700727e-05,0.993754006061187,0.999999999856525
"PPA2",2.16237312552678e-09,-0.438392587271548,6.1205362705441e-05,0.993757905068151,0.999999999856525
"MTIF3",2.13112592688918e-09,-0.442427113234424,5.94492569546485e-05,0.993848104157517,0.999999999856525
"TMEM126A",2.12491907226841e-09,-0.443234611898929,5.91034720819899e-05,0.993866021057356,0.999999999856525
"SELPLG",2.11742810945113e-09,-0.44421189460237,5.86874924618957e-05,0.993887644708023,0.999999999856525
"SMARCA4",2.11190558996295e-09,-0.444934289962888,5.83817629130361e-05,0.993903586190669,0.999999999856525
"PDCD2",2.10524784467282e-09,-0.445807360835979,5.80142481545371e-05,0.993922804655917,0.999999999856525
"EFCAB14",2.0926523007419e-09,-0.44746565184472,5.73221347885017e-05,0.993959163374513,0.999999999856525
"FNBP1L",2.0791556938871e-09,-0.449252193604646,5.65851184510897e-05,0.993998123145417,0.999999999856525
"RNF130",2.07540865027812e-09,-0.449749969351291,5.6381347420202e-05,0.994008939493292,0.999999999856525
"CCT5",2.07122378217911e-09,-0.450306828562583,5.61542011971337e-05,0.994021019682041,0.999999999856525
"PUM3",2.06535900207623e-09,-0.451088866730356,5.58366442203136e-05,0.994037949166697,0.999999999856525
"FUBP1",2.0554415094762e-09,-0.452415698901648,5.5301696080861e-05,0.994066577362748,0.999999999856525
"SRI",2.03539016603388e-09,-0.455115330445965,5.42279952448413e-05,0.994124458325745,0.999999999856525
"LYST",2.03463915656433e-09,-0.455216889983655,5.41879850048201e-05,0.994126626218562,0.999999999856525
"STK10",2.0330500839539e-09,-0.455431888432543,5.41033753907056e-05,0.994131213296812,0.999999999856525
"PACSIN2",2.01505077196743e-09,-0.45787737353477,5.31496234505844e-05,0.99418317081811,0.999999999856525
"GCC2",2.01353931733807e-09,-0.458083587813898,5.30699201326888e-05,0.994187533843564,0.999999999856525
"THOC7",2.012599269365e-09,-0.458211910229613,5.30203788846823e-05,0.994190247423772,0.999999999856525
"SSB",1.99891546962889e-09,-0.460085734782493,5.23018515287699e-05,0.994229747636882,0.999999999856525
"USP16",1.99506315301151e-09,-0.460615264554708,5.21004531753291e-05,0.994240867893335,0.999999999856525
"HPGD",1.98100515124634e-09,-0.462555182848584,5.13687993703752e-05,0.994281448312048,0.999999999856525
"ZFAND5",1.97167268978215e-09,-0.463849599079943,5.0885945374403e-05,0.994308387795703,0.999999999856525
"UBE2G2",1.96032416624652e-09,-0.465430811055419,5.03018540843879e-05,0.994341146939369,0.999999999856525
"HIST1H2AG",1.95641607016107e-09,-0.465977168705822,5.01014907696661e-05,0.994352428222419,0.999999999856525
"H3F3B",1.95565653257635e-09,-0.466083462853351,5.00625966110641e-05,0.994354620737344,0.999999999856525
"HCLS1",1.94910251158098e-09,-0.467002159006077,4.97276078217287e-05,0.994373539867194,0.999999999856525
"AGPAT1",1.94733804678071e-09,-0.467249946118182,4.96376147118877e-05,0.994378633250666,0.999999999856525
"CIAO1",1.93358394779072e-09,-0.469188152297753,4.89389074374764e-05,0.994418336459419,0.999999999856525
"ATP6AP1",1.92792188318963e-09,-0.469989511957083,4.86527139673179e-05,0.994434680837071,0.999999999856525
"PHF20L1",1.92531284093908e-09,-0.47035945928109,4.85211203628115e-05,0.994442212219933,0.999999999856525
"ACIN1",1.91231332173145e-09,-0.47220921212627,4.78681128741354e-05,0.994479737244828,0.999999999856525
"HNRNPH1",1.91109852329422e-09,-0.472382626353478,4.7807315683526e-05,0.994483243939884,0.999999999856525
"GADD45A",1.90853035649568e-09,-0.472749550265712,4.76789134432979e-05,0.994490657332891,0.999999999856525
"HMGB1",1.8998681706385e-09,-0.473990311139651,4.7247098077976e-05,0.994515662016034,0.999999999856525
"C11orf58",1.89934207830782e-09,-0.474065825631763,4.7220935321163e-05,0.994517180659683,0.999999999856525
"TDP1",1.88695751415486e-09,-0.475848739515515,4.66071395282195e-05,0.994552930549221,0.999999999856525
"MINK1",1.88596735584483e-09,-0.475991722287092,4.65582392872307e-05,0.994555788789174,0.999999999856525
"CNOT1",1.87961057231471e-09,-0.476911218178017,4.62449126860576e-05,0.994574138596596,0.999999999856525
"ARHGDIB",1.86051645490719e-09,-0.479689427071216,4.53101224947736e-05,0.994629256642557,0.999999999856525
"FTH1",1.85235380678538e-09,-0.480884637549722,4.49134162338388e-05,0.994652819363701,0.999999999856525
"MAPK1IP1L",1.83834272675357e-09,-0.482946874415504,4.42365417290837e-05,0.994693264480952,0.999999999856525
"DOCK10",1.82896416508227e-09,-0.484334885637712,4.37863352936416e-05,0.994720337135766,0.999999999856525
"PCIF1",1.82762911154382e-09,-0.484532972119913,4.37224348984497e-05,0.994724190972795,0.999999999856525
"UBE2K",1.82366013190905e-09,-0.485122604070002,4.35327410210477e-05,0.994735648042652,0.999999999856525
"XRCC5",1.82342761902685e-09,-0.485157180645204,4.35216410604294e-05,0.994736319226864,0.999999999856525
"ODC1",1.82318313242417e-09,-0.485193541928787,4.35099710114353e-05,0.994737024975067,0.999999999856525
"MARCH7",1.82175261077566e-09,-0.485406381002201,4.34417194617783e-05,0.994741154396029,0.999999999856525
"HPCAL1",1.819940946331e-09,-0.4856761358982,4.33553601118868e-05,0.99474638404455,0.999999999856525
"ATXN7L3B",1.81552282262272e-09,-0.486334965991947,4.31451150043877e-05,0.994759137640228,0.999999999856525
"PRKCSH",1.81212006720618e-09,-0.486843331479163,4.29835365433263e-05,0.994768960219602,0.999999999856525
"CXCR4",1.80277452020248e-09,-0.488243803844742,4.25413265333593e-05,0.994795937589369,0.999999999856525
"PTPN1",1.79627909819989e-09,-0.489220879680597,4.22353247944871e-05,0.994814687635123,0.999999999856525
"SRSF8",1.78684975296947e-09,-0.490644749974413,4.17930703888249e-05,0.994841906911642,0.999999999856525
"JMJD1C",1.78632972795198e-09,-0.490723465053776,4.17687479413521e-05,0.994843408045183,0.999999999856525
"POLR1D",1.78632330203893e-09,-0.490724437854646,4.17684474348378e-05,0.994843426594586,0.999999999856525
"UCP2",1.78584076006098e-09,-0.490797497183408,4.1745884546065e-05,0.994844819527488,0.999999999856525
"ZNF326",1.77852954440951e-09,-0.491906549427096,4.1404769703863e-05,0.994865924497059,0.999999999856525
"WTAP",1.77763241455117e-09,-0.492042908555228,4.13630092655291e-05,0.994868514203214,0.999999999856525
"PPIP5K2",1.77216863983004e-09,-0.492874663104332,4.1109131303124e-05,0.994884286247739,0.999999999856525
"CYC1",1.75477290717437e-09,-0.495537699473685,4.03060321051667e-05,0.994934501777585,0.999999999856525
"YPEL5",1.74989186278163e-09,-0.49628902333909,4.00821149097177e-05,0.994948591686765,0.999999999856525
"NFKBIZ",1.74680575898053e-09,-0.49676499450735,3.99408621917789e-05,0.994957500215913,0.999999999856525
"ARF6",1.745095613025e-09,-0.49702906470002,3.98626952084355e-05,0.994962436824307,0.999999999856525
"HIST1H1D",1.74081308532944e-09,-0.497691330663138,3.96672862842212e-05,0.994974799022718,0.999999999856525
"GID8",1.7362791776781e-09,-0.498394010061598,3.94609302893598e-05,0.994987886870731,0.999999999856525
"DNAJC10",1.73569818828375e-09,-0.498484168448626,3.94345260722272e-05,0.994989563989437,0.999999999856525
"LENG8",1.72975083495765e-09,-0.499408589322314,3.9164745009878e-05,0.995006731976237,0.999999999856525
"TAL1",1.72883423448638e-09,-0.499551304873472,3.91232489612409e-05,0.995009377890336,0.999999999856525
"LUC7L3",1.72796411315719e-09,-0.499686844208729,3.90838774517506e-05,0.995011889634995,0.999999999856525
"UBE2E3",1.72051022441037e-09,-0.50085036884812,3.87474138339356e-05,0.995033406481426,0.999999999856525
"MED13L",1.71493398374499e-09,-0.50172365689925,3.84966570941593e-05,0.995049503197615,0.999999999856525
"ACP1",1.70880880405686e-09,-0.502685751820791,3.82221534150402e-05,0.995067184516969,0.999999999856525
"PSMG2",1.70748632694988e-09,-0.502893867972092,3.81630147182021e-05,0.995071002060814,0.999999999856525
"DNAJC9",1.70612482822087e-09,-0.503108270752431,3.8102178880191e-05,0.995074932246993,0.999999999856525
"TMOD3",1.70481540649959e-09,-0.503314612476017,3.80437157779982e-05,0.995078712104583,0.999999999856525
"PITHD1",1.70447736739539e-09,-0.503367903750666,3.80286302871528e-05,0.995079687909152,0.999999999856525
"EIF1B",1.69448191160194e-09,-0.504947820783972,3.75839204156691e-05,0.995108541412862,0.999999999856525
"ATXN10",1.68573756592735e-09,-0.506336614569956,3.71970189072737e-05,0.995133783389619,0.999999999856525
"TIAL1",1.68081888746647e-09,-0.507120552005852,3.69802671933788e-05,0.995147981957555,0.999999999856525
"RSRP1",1.67862371063433e-09,-0.50747105984261,3.68837366077792e-05,0.995154318694154,0.999999999856525
"LYAR",1.67759454329457e-09,-0.507635525517079,3.6838523496213e-05,0.995157289553943,0.999999999856525
"GAS2L1",1.67699140786377e-09,-0.507731949938529,3.68120395942893e-05,0.995159030603004,0.999999999856525
"PNKD",1.67428866102273e-09,-0.508164412388984,3.66934779271168e-05,0.995166832524066,0.999999999856525
"CCDC12",1.6738710796227e-09,-0.508231282862329,3.66751768975981e-05,0.995168037941156,0.999999999856525
"SRGN",1.67270611537336e-09,-0.508417913802348,3.66241450078806e-05,0.995171400801282,0.999999999856525
"TRIP12",1.67085852065941e-09,-0.508714135208537,3.65432829779112e-05,0.995176734186233,0.999999999856525
"CDKN1A",1.6662166521375e-09,-0.509459610603455,3.6340520761171e-05,0.995190133701448,0.999999999856525
"SF3B2",1.66184829404798e-09,-0.510162804969859,3.61502210057512e-05,0.995202743685155,0.999999999856525
"HERC2",1.6476344766025e-09,-0.512461997493162,3.55344786012885e-05,0.995243774213992,0.999999999856525
"NDUFV1",1.64091264780943e-09,-0.51355529097077,3.52451311096615e-05,0.995263177886056,0.999999999856525
"NDUFB2",1.627997232524e-09,-0.515666888986237,3.46924946566677e-05,0.995300460379149,0.999999999856525
"GLOD4",1.62288187503709e-09,-0.516507233259572,3.44748214301693e-05,0.99531522671168,0.999999999856525
"UPF2",1.60772833061412e-09,-0.519010168889302,3.38340148057799e-05,0.995358969954378,0.999999999856525
"COMT",1.5996896291508e-09,-0.520346237663162,3.34965180033125e-05,0.995382175017512,0.999999999856525
"TWF2",1.59747571920835e-09,-0.520715220475778,3.34038663329242e-05,0.99538856584142,0.999999999856525
"HLTF",1.59244035822231e-09,-0.521556093920474,3.3193615331195e-05,0.995403101260048,0.999999999856525
"RHOH",1.58902873616245e-09,-0.522127122533694,3.30515406048591e-05,0.995412949483312,0.999999999856525
"POLR2I",1.58514849255869e-09,-0.522777879545001,3.28903208082513e-05,0.995424150462657,0.999999999856525
"MEPCE",1.58402077940348e-09,-0.522967267391509,3.28435395079963e-05,0.995427405797555,0.999999999856525
"CTDSP1",1.58274741923127e-09,-0.523181255546776,3.27907563047661e-05,0.995431081567311,0.999999999856525
"BDP1",1.57785927467377e-09,-0.524004095063916,3.25885276458092e-05,0.995445192025188,0.999999999856525
"UBE2A",1.57408153189158e-09,-0.524641529957561,3.24326662207132e-05,0.995456097121088,0.999999999856525
"SHFM1",1.56892727714351e-09,-0.52551336960603,3.22206155339174e-05,0.995470975753841,0.999999999856525
"CTNNB1",1.56272984642622e-09,-0.526564951680205,3.19665685213951e-05,0.995488865693494,0.999999999856525
"UGP2",1.5625250514603e-09,-0.526599762949747,3.19581906647079e-05,0.995489456869094,0.999999999856525
"CPSF6",1.56034152182674e-09,-0.526971167493603,3.18689339855051e-05,0.995495759999967,0.999999999856525
"UBE3A",1.55813693987987e-09,-0.527346609738097,3.17789433743903e-05,0.99550212390222,0.999999999856525
"AFF1",1.5423764035018e-09,-0.530044122015913,3.11393075139638e-05,0.995547619390121,0.999999999856525
"HNRNPA2B1",1.53707719173702e-09,-0.530956477207207,3.09257016629905e-05,0.995562916475849,0.999999999856525
"IRF1",1.53478915782253e-09,-0.531351245707615,3.08337005715518e-05,0.995569521279576,0.999999999856525
"MSN",1.52170343912082e-09,-0.533618845389864,3.03101614572443e-05,0.995607295464834,0.999999999856525
"MED10",1.51787683512708e-09,-0.53428514087919,3.01579121436325e-05,0.99561834161949,0.999999999856525
"MLF2",1.51621856276905e-09,-0.534574334185583,3.00920534216595e-05,0.995623128509891,0.999999999856525
"SMPD1",1.51600949904614e-09,-0.534610813152146,3.00837555111277e-05,0.995623732008552,0.999999999856525
"PARK7",1.50834582444218e-09,-0.535951042914827,2.97803677368017e-05,0.995645854534905,0.999999999856525
"NDUFA8",1.50460226691979e-09,-0.536607864127511,2.96327276248821e-05,0.995656660964399,0.999999999856525
"TXNDC17",1.49358037231747e-09,-0.53854994671185,2.92001714218875e-05,0.995688477583617,0.999999999856525
"FDX1",1.49055644566953e-09,-0.539084938405269,2.90820528496817e-05,0.995697206675974,0.999999999856525
"RBMS1",1.48282635790433e-09,-0.540456825838308,2.87811935393123e-05,0.995719520926601,0.999999999856525
"CFLAR",1.47858466382783e-09,-0.541212248416366,2.8616769150344e-05,0.995731765320014,0.999999999856525
"FOSB",1.47576457677623e-09,-0.541715529696716,2.85077123998767e-05,0.995739905996134,0.999999999856525
"CD96",1.47123062267784e-09,-0.542526421235802,2.83328144362484e-05,0.99575299405115,0.999999999856525
"EHD1",1.46009744906324e-09,-0.544526792109177,2.79056337449765e-05,0.99578513191747,0.999999999856525
"FRG1",1.45561243580702e-09,-0.545336377704593,2.7734460357348e-05,0.995798078700033,0.999999999856525
"SNRPD3",1.4552854284928e-09,-0.545395489936117,2.77220005123504e-05,0.99579902266442,0.999999999856525
"UBE2D3",1.44196780156641e-09,-0.547812709003206,2.72169422202093e-05,0.995837466352424,0.999999999856525
"DHFR",1.4357930008119e-09,-0.548940032855924,2.6984344289426e-05,0.995855291011333,0.999999999856525
"SEPT2",1.42908253940916e-09,-0.550169921377815,2.67327004239381e-05,0.995874661952171,0.999999999856525
"GOLGA7",1.42006521850895e-09,-0.551830507948951,2.63964051971179e-05,0.995900692057238,0.999999999856525
"ELMO1",1.40330458869415e-09,-0.554941472278248,2.57769836541172e-05,0.995949074616119,0.999999999856525
"MRPL33",1.40300061020922e-09,-0.554998190568645,2.57658174399733e-05,0.99594995210458,0.999999999856525
"TACC3",1.39850142223417e-09,-0.55583892511445,2.56008290875652e-05,0.995962939818846,0.999999999856525
"KIF22",1.39329020059432e-09,-0.556815645114595,2.5410392342507e-05,0.995977982947523,0.999999999856525
"NAP1L1",1.39227250064983e-09,-0.557006757942127,2.53732849109634e-05,0.995980920721648,0.999999999856525
"NSMCE1",1.3888960101154e-09,-0.557641693206433,2.52503653372082e-05,0.995990667569895,0.999999999856525
"SARAF",1.38692424633935e-09,-0.558013093732028,2.51787222272369e-05,0.995996359421551,0.999999999856525
"TPP2",1.37356185351819e-09,-0.560542144954441,2.46958880488473e-05,0.996034932383073,0.999999999856525
"SUMF2",1.37039958869566e-09,-0.561143771291963,2.45823073734477e-05,0.996044060833278,0.999999999856525
"ARID4B",1.36174478918413e-09,-0.562796530466801,2.42727872692325e-05,0.996069044482394,0.999999999856525
"GTF2I",1.35931713214597e-09,-0.563261759984132,2.41863195580861e-05,0.996076052355601,0.999999999856525
"KMT2A",1.35555226134269e-09,-0.563984674420989,2.4052528458112e-05,0.996086920339947,0.999999999856525
"ZC3H7A",1.3552375988204e-09,-0.564045173268872,2.40413631920235e-05,0.996087828670582,0.999999999856525
"NAE1",1.35162447877585e-09,-0.564740725806763,2.39133435158349e-05,0.996098258599502,0.999999999856525
"MMADHC",1.34871660279647e-09,-0.565301683816873,2.38105601798925e-05,0.996106652713494,0.999999999856525
"HIST1H2AE",1.34864697997743e-09,-0.565315127578642,2.38081019680915e-05,0.996106853692456,0.999999999856525
"TAOK3",1.34753824659464e-09,-0.565529298575765,2.37689724000134e-05,0.996110054253556,0.999999999856525
"PPP3R1",1.34118933491946e-09,-0.566758647093113,2.35455255209815e-05,0.99612838154611,0.999999999856525
"EIF1AX",1.33853550967168e-09,-0.567274004758974,2.34524381575299e-05,0.996136042297754,0.999999999856525
"UBR5",1.33599024049973e-09,-0.56776911329669,2.33633317968235e-05,0.996143389682777,0.999999999856525
"ARPC5L",1.33363569886141e-09,-0.568227849068986,2.32810535566717e-05,0.99615018649818,0.999999999856525
"RAC2",1.3328453622864e-09,-0.568381987693134,2.32534681881945e-05,0.996152467949426,0.999999999856525
"GRHPR",1.29500055199250e-09,-0.575857110965487,2.19516976613672e-05,0.996261713960743,0.999999999856525
"HSD17B12",1.27600308374178e-09,-0.579681069631501,2.1312365394506e-05,0.996316553676417,0.999999999856525
"HIST2H2AC",1.27572077645758e-09,-0.57973826537265,2.13029359965673e-05,0.996317368608885,0.999999999856525
"ZFAND3",1.27418599911148e-09,-0.580049404696336,2.12517091185819e-05,0.996321799029143,0.999999999856525
"TMEM179B",1.2707914442809e-09,-0.580738723555584,2.11386267306051e-05,0.996331598043405,0.999999999856525
"TUBA1B",1.26892798399793e-09,-0.581117807198793,2.10766777609456e-05,0.996336977268547,0.999999999856525
"AP003068.23",1.26671372256962e-09,-0.581568881489247,2.10031849282898e-05,0.996343369146741,0.999999999856525
"LMNB1",1.25992099350418e-09,-0.582956922702933,2.07785305136474e-05,0.996362977626334,0.999999999856525
"SOD2",1.25194541061016e-09,-0.584594965567943,2.05162976146926e-05,0.996386000636961,0.999999999856525
"CCT7",1.24946752678171e-09,-0.585105718555291,2.04351651744568e-05,0.996393153512352,0.999999999856525
"ACBD6",1.24825243654623e-09,-0.585356499190392,2.0395438658264e-05,0.996396661097819,0.999999999856525
"MPL",1.2450258218245e-09,-0.586023462673017,2.02901343677456e-05,0.996405975325672,0.999999999856525
"ORMDL1",1.24406188997186e-09,-0.586223004367588,2.02587282150538e-05,0.996408757895638,0.999999999856525
"TMEM106C",1.2377076022919e-09,-0.587541753480271,2.00523059591338e-05,0.996427100739127,0.999999999856525
"ATP6V1G1",1.23664354081514e-09,-0.587763158265737,2.00178427069817e-05,0.996430172352389,0.999999999856525
"YY1",1.23601725082351e-09,-0.587893550798279,1.99975720315711e-05,0.996431980256079,0.999999999856525
"CREBZF",1.23435649236706e-09,-0.588239595130705,1.99438691807696e-05,0.996436774347374,0.999999999856525
"CBX5",1.23289017218233e-09,-0.588545460547561,1.98965137720897e-05,0.996441007156175,0.999999999856525
"SPG7",1.23097048379119e-09,-0.588946372272374,1.98346017360158e-05,0.996446548697664,0.999999999856525
"ANKRD10",1.23038180447733e-09,-0.589069421745422,1.98156355171315e-05,0.996448248031224,0.999999999856525
"XPNPEP1",1.22724574614147e-09,-0.589725800913338,1.97147500974226e-05,0.996457300853719,0.999999999856525
"LONP2",1.22648664308869e-09,-0.589884899999532,1.96903688377975e-05,0.99645949214759,0.999999999856525
"FAM212A",1.22422214895486e-09,-0.590360018449717,1.96177262822229e-05,0.996466029036378,0.999999999856525
"SSFA2",1.22223566394446e-09,-0.590777434177482,1.95541124983654e-05,0.996471763399669,0.999999999856525
"CNPY3",1.2185105775778e-09,-0.591561764490776,1.94351014773484e-05,0.996482516563867,0.999999999856525
"ADD3",1.2141501892606e-09,-0.592482501722341,1.92962549814275e-05,0.99649510364775,0.999999999856525
"GPSM3",1.20208606803378e-09,-0.59504495691806,1.89146945817738e-05,0.996529929015257,0.999999999856525
"HBS1L",1.20011385764714e-09,-0.595465976066324,1.88526804601918e-05,0.996535622174156,0.999999999856525
"MAF1",1.19965301147642e-09,-0.595564441903883,1.88382043046135e-05,0.996536952493957,0.999999999856525
"LEPROTL1",1.18464488783932e-09,-0.598789165091866,1.8369806209273e-05,0.996580276292063,0.999999999856525
"CD68",1.18184765468967e-09,-0.599394100432464,1.82831575171014e-05,0.996588351037711,0.999999999856525
"SPSB3",1.1625913622287e-09,-0.603592477812429,1.76922223728255e-05,0.996643937998763,0.999999999856525
"SH3BGRL",1.15971292807242e-09,-0.604225216803843,1.76047232640558e-05,0.996652247149381,0.999999999856525
"CHD1",1.15859592989012e-09,-0.604471122241711,1.7570826989676e-05,0.996655471578329,0.999999999856525
"SMIM10L1",1.15037058004774e-09,-0.606288268719901,1.73222275085639e-05,0.996679215625934,0.999999999856525
"ANKRD12",1.14409722323902e-09,-0.607681758081859,1.71338148129919e-05,0.996697324873787,0.999999999856525
"PUM1",1.13356547506175e-09,-0.610036102996594,1.68198231759693e-05,0.996727726789039,0.999999999856525
"HTT",1.13279490805551e-09,-0.610209103830008,1.67969636307995e-05,0.996729951178988,0.999999999856525
"ZEB2",1.12907686042404e-09,-0.611045281448953,1.66868829429452e-05,0.996740684039322,0.999999999856525
"NUFIP2",1.12517031204006e-09,-0.611926424820485,1.65716111769622e-05,0.996751961044006,0.999999999856525
"ATG16L2",1.12168523821759e-09,-0.612714740813969,1.6469113189038e-05,0.9967620213817,0.999999999856525
"CYB5R1",1.11894307481818e-09,-0.613336504331986,1.63886881362051e-05,0.996769937165547,0.999999999856525
"ARL5A",1.11763379403787e-09,-0.613633838710496,1.63503576059527e-05,0.996773716657302,0.999999999856525
"RTFDC1",1.11349132879227e-09,-0.614576572999723,1.62293783231874e-05,0.996785674683497,0.999999999856525
"ATP5L",1.10945081349785e-09,-0.61549903585764,1.61118092431928e-05,0.996797338412157,0.999999999856525
"NUDT21",1.10400789616858e-09,-0.616746281155435,1.59541093611521e-05,0.996813050446537,0.999999999856525
"GPBP1",1.10349869925817e-09,-0.616863235875276,1.59393958617757e-05,0.996814520342041,0.999999999856525
"FIBP",1.10267668226591e-09,-0.617052139214114,1.59156575934463e-05,0.99681689325332,0.999999999856525
"ID2",1.10145688846673e-09,-0.617332678357102,1.5880464897605e-05,0.996820414424457,0.999999999856525
"CHIC2",1.09265116328978e-09,-0.619365916956155,1.56275634333401e-05,0.996845833858128,0.999999999856525
"CDC42SE2",1.09112868810465e-09,-0.619718893551122,1.55840435940482e-05,0.996850228778373,0.999999999856525
"SORL1",1.08971999427885e-09,-0.620045870673737,1.55438302351554e-05,0.996854295246716,0.999999999856525
"FAM111A",1.08841375996022e-09,-0.620349392734811,1.5506588162713e-05,0.996858065945863,0.999999999856525
"IQGAP1",1.08531055768961e-09,-0.621071732437249,1.54182918121637e-05,0.996867023942416,0.999999999856525
"SHOC2",1.08426869840105e-09,-0.621314649495187,1.53887040040648e-05,0.996870031471857,0.999999999856525
"RAB11B",1.08418550606362e-09,-0.621334055104957,1.53863426463231e-05,0.996870271622718,0.999999999856525
"ITPR2",1.077438218624e-09,-0.622912250202188,1.51954287612401e-05,0.996889748981118,0.999999999856525
"RB1",1.07305936004875e-09,-0.623941053314528,1.50721670813338e-05,0.996902389409632,0.999999999856525
"POLR2F",1.07264060491792e-09,-0.624039629241545,1.50604057268166e-05,0.996903598227954,0.999999999856525
"PHIP",1.07047398132555e-09,-0.624550190292263,1.49996262348676e-05,0.996909852609453,0.999999999856525
"CDKN1B",1.06993539414949e-09,-0.624677246262729,1.49845365191273e-05,0.996911407346393,0.999999999856525
"ALKBH7",1.0667381767042e-09,-0.625432631340036,1.48951157177546e-05,0.996920636738433,0.999999999856525
"ATP5I",1.06612656754577e-09,-0.625577355448202,1.48780405294773e-05,0.996922402267662,0.999999999856525
"BAZ2B",1.06351211118516e-09,-0.626196821736704,1.4805159327157e-05,0.996929949406486,0.999999999856525
"CHCHD3",1.05953013403558e-09,-0.627142845075474,1.46945006166685e-05,0.996941444161638,0.999999999856525
"SLC25A39",1.05557161893668e-09,-0.628086350662327,1.45849053553596e-05,0.996952871189626,0.999999999856525
"JPX",1.05479412188054e-09,-0.62827202568367,1.45634278079265e-05,0.996955115587004,0.999999999856525
"NDUFV2",1.02311564326161e-09,-0.635939889528337,1.37018009942339e-05,0.997046561734084,0.999999999856525
"PTDSS1",1.02222763765792e-09,-0.636157780318897,1.3678026563855e-05,0.997049125137141,0.999999999856525
"CD79B",1.01503894772447e-09,-0.637927735264394,1.34863249277826e-05,0.997069876707477,0.999999999856525
"MPG",9.95940255231208e-10,-0.642683374662538,1.29835895811059e-05,0.997125008857176,0.999999999856525
"SEPT1",9.86485489773291e-10,-0.645066932759181,1.27382453252585e-05,0.997152301910986,0.999999999856525
"EIF5B",9.83250650957269e-10,-0.64588698227282,1.26548409363588e-05,0.997161639914928,0.999999999856525
"EIF3J",9.80492530398888e-10,-0.646588028159561,1.25839442167278e-05,0.99716960177736,0.999999999856525
"TMX1",9.68998465167359e-10,-0.649528045020303,1.22906367650902e-05,0.997202781681052,0.999999999856525
"BRAF",9.66764317839936e-10,-0.65010301012776,1.22340268960809e-05,0.997209230991904,0.999999999856525
"FAM208A",9.65794245090178e-10,-0.650353019809081,1.22094874263513e-05,0.997212031299995,0.999999999856525
"PRKCH",9.60187032893632e-10,-0.651802400521888,1.20681271914197e-05,0.997228217634826,0.999999999856525
"ERICH1",9.56011167763468e-10,-0.652886568289563,1.19633865818372e-05,0.997240272102001,0.999999999856525
"TRAF3IP3",9.53431955432606e-10,-0.653558251916739,1.18989218725553e-05,0.997247717512885,0.999999999856525
"BCCIP",9.52479678593262e-10,-0.653806643473643,1.18751647308358e-05,0.997250466449999,0.999999999856525
"FRMD3",9.47702096343588e-10,-0.655056081465741,1.17563332452994e-05,0.997264257894973,0.999999999856525
"HCFC1R1",9.47385652194553e-10,-0.65513903068768,1.17484835174575e-05,0.997265171374214,0.999999999856525
"USP15",9.46013022876768e-10,-0.655499114739199,1.17144643606502e-05,0.997269133742942,0.999999999856525
"NPC2",9.4431937369866e-10,-0.655944036430588,1.16725570454511e-05,0.997274022799719,0.999999999856525
"AMD1",9.42619038847138e-10,-0.656391410026222,1.16305598405046e-05,0.99727893115613,0.999999999856525
"FLII",9.38276456588676e-10,-0.657537162163443,1.15236442779069e-05,0.997291466888281,0.999999999856525
"DDX6",9.32953287646762e-10,-0.658947913975222,1.13932598975614e-05,0.99730683328091,0.999999999856525
"EIF1",9.31656073507153e-10,-0.659292758977963,1.13615986707031e-05,0.997310577949324,0.999999999856525
"ATP5D",9.28760594687683e-10,-0.660063980935298,1.12910873547858e-05,0.997318936329043,0.999999999856525
"PSMB7",9.218752412761e-10,-0.661906316571025,1.11242952804854e-05,0.997338812282321,0.999999999856525
"PBXIP1",9.21027955798121e-10,-0.662133850000953,1.11038562405672e-05,0.997341258141865,0.999999999856525
"RNMT",9.19720781659939e-10,-0.662485239518985,1.10723601853084e-05,0.997345031562356,0.999999999856525
"ETHE1",9.18619863511376e-10,-0.662781519721674,1.10458685220479e-05,0.997348209583585,0.999999999856525
"EIF4A2",9.16616712316018e-10,-0.663321399322098,1.09977475942629e-05,0.99735399208172,0.999999999856525
"SAT1",9.1632992906903e-10,-0.663398775331904,1.09908669072132e-05,0.997354819939157,0.999999999856525
"ZFAND6",9.14662726571047e-10,-0.663849013268352,1.09509089608006e-05,0.997359632654046,0.999999999856525
"PRMT2",9.1300141151813e-10,-0.664298368653132,1.09111645012313e-05,0.997364428373737,0.999999999856525
"CHCHD10",9.06942972577579e-10,-0.665943087175091,1.07668376764111e-05,0.997381917275804,0.999999999856525
"OTUB1",9.05179224978317e-10,-0.666423689446002,1.07250014869203e-05,0.997387008688093,0.999999999856525
"NIFK",9.04081317987783e-10,-0.666723266929548,1.06990001985535e-05,0.997390178017559,0.999999999856525
"RBM42",8.96070802189696e-10,-0.668918619454561,1.05102454469729e-05,0.997413301984657,0.999999999856525
"NEDD8",8.94994066892056e-10,-0.669215002627199,1.04850020108019e-05,0.997416410198104,0.999999999856525
"PPP1R2",8.94723098285552e-10,-0.669289638324141,1.0478654088727e-05,0.997417192403606,0.999999999856525
"UBE2I",8.94265545645354e-10,-0.669415711237085,1.04679394667086e-05,0.997418513221535,0.999999999856525
"UBR2",8.88256432714124e-10,-0.671076652016146,1.03277312502579e-05,0.997435859737986,0.999999999856525
"KDELR1",8.86705597255277e-10,-0.671506887773883,1.0291699696116e-05,0.997440336537522,0.999999999856525
"SMARCC2",8.83468207245168e-10,-0.672407114498211,1.02166862465453e-05,0.997449681917405,0.999999999856525
"TBL1XR1",8.78497633452451e-10,-0.673794865756465,1.01020472923129e-05,0.997464030482881,0.999999999856525
"TCERG1",8.74327411924826e-10,-0.674964418678,1.00063662491809e-05,0.997476068670478,0.999999999856525
"PSMA3",8.69064520978285e-10,-0.676447328414088,9.88626497676401e-06,0.997491261070094,0.999999999856525
"AP3B1",8.65973157524019e-10,-0.677322002019106,9.81605688253896e-06,0.99750018491664,0.999999999856525
"HELZ",8.58411903559193e-10,-0.6794728392761,9.64538723857315e-06,0.997522012008516,0.999999999856525
"DAP",8.58334618620889e-10,-0.679494907927605,9.64365052080975e-06,0.997522235107161,0.999999999856525
"NUP50",8.58325563740837e-10,-0.679497493653866,9.64344705321974e-06,0.997522261245909,0.999999999856525
"UBA1",8.54128674932004e-10,-0.680698514285936,9.5493719629738e-06,0.997534376416778,0.999999999856525
"TRABD",8.49204092063026e-10,-0.682114311596725,9.43957327350587e-06,0.997548592224887,0.999999999856525
"FAM60A",8.48746159696707e-10,-0.682246326259609,9.42939545956286e-06,0.997549914139659,0.999999999856525
"HSBP1",8.46779195907123e-10,-0.682814073149844,9.38574097555884e-06,0.997555592180165,0.999999999856525
"PTPN7",8.37239897901005e-10,-0.685583813232956,9.17546404297663e-06,0.99758312930322,0.999999999856525
"LNPEP",8.35428889036847e-10,-0.686112724305921,9.13581262394764e-06,0.997588357148815,0.999999999856525
"PPP1R10",8.34885817654379e-10,-0.686271523568514,9.12393899622001e-06,0.997589924834886,0.999999999856525
"ICAM2",8.31521019586958e-10,-0.687257421260219,9.05054369617361e-06,0.997599638009516,0.999999999856525
"TMPO",8.31147188148358e-10,-0.687367168296421,9.042407720898e-06,0.997600717150091,0.999999999856525
"SUGT1",8.28304371827416e-10,-0.688203145279855,8.98065706351934e-06,0.997608923518455,0.999999999856525
"GNAI3",8.28052518992869e-10,-0.688277326495574,8.97519660682175e-06,0.997609650542974,0.999999999856525
"A1BG",8.2659325040523e-10,-0.688707527183204,8.94359068419085e-06,0.997613863019101,0.999999999856525
"SMCHD1",8.25600548267751e-10,-0.689000557416994,8.9221218654031e-06,0.997616728656138,0.999999999856525
"EML4",8.22433725705676e-10,-0.689937397577442,8.85380653464953e-06,0.997625870335079,0.999999999856525
"MRPL42",8.17218937820345e-10,-0.691486915218292,8.74188421249587e-06,0.99764092388412,0.999999999856525
"COA4",8.16952823079775e-10,-0.691566217691896,8.7361918199861e-06,0.997641692078629,0.999999999856525
"BNIP3L",8.07317420110262e-10,-0.694452754998929,8.53133219380885e-06,0.997669506637195,0.999999999856525
"DDX17",8.06392097917744e-10,-0.694731526985043,8.51178670463013e-06,0.997672177768837,0.999999999856525
"UBE2E1",8.0407808427309e-10,-0.695429884621707,8.46300614153716e-06,0.997678857642315,0.999999999856525
"CTSB",7.93582762641797e-10,-0.698619331949416,8.24351926917361e-06,0.997709154535974,0.999999999856525
"POLB",7.93418822483229e-10,-0.698669441125327,8.24011369050541e-06,0.997709627782817,0.999999999856525
"NCBP2-AS2",7.91807204982073e-10,-0.69916251836823,8.20667252735085e-06,0.997714280046838,0.999999999856525
"AGTPBP1",7.84601884321982e-10,-0.701377682828502,8.05799324750061e-06,0.997735079681722,0.999999999856525
"CARD8",7.80349439070375e-10,-0.702693310380636,7.97088329635621e-06,0.997747355237243,0.999999999856525
"MEF2A",7.80064427426876e-10,-0.702781709483421,7.96506185389921e-06,0.997748177981835,0.999999999856525
"SUB1",7.74548840935682e-10,-0.704497952962969,7.85282324514987e-06,0.997764099854491,0.999999999856525
"HDAC1",7.56766982360909e-10,-0.710103998898876,7.4963966290048e-06,0.99781543084559,0.999999999856525
"HNRNPU",7.46303954528663e-10,-0.713456180647014,7.29053990198464e-06,0.997845634531084,0.999999999856525
"RBCK1",7.42851335315095e-10,-0.714571274641969,7.2232396210568e-06,0.997855601228453,0.999999999856525
"NFE2L2",7.39973651369951e-10,-0.715504115655216,7.16738473181822e-06,0.99786390825686,0.999999999856525
"TMA7",7.30658095448034e-10,-0.718545578577669,6.9880596986977e-06,0.997890799532521,0.999999999856525
"ATP1A1",7.28813272156875e-10,-0.719151880033129,6.95281623712125e-06,0.997896124996159,0.999999999856525
"SEC14L1",7.240009497969e-10,-0.720739727641522,6.86130108634668e-06,0.997910016759492,0.999999999856525
"H1F0",7.2332882461478e-10,-0.720962225213642,6.84856764274307e-06,0.997911956987827,0.999999999856525
"ZFP36L1",7.14843018118062e-10,-0.723786839977698,6.6888208632849e-06,0.997936453024229,0.999999999856525
"HBA2",7.12082500301973e-10,-0.724711975104104,6.637260013717e-06,0.997944421830553,0.999999999856525
"MAP4K5",7.07442531796123e-10,-0.726273992269646,6.5510443266336e-06,0.997957816060951,0.999999999856525
"NFAT5",7.04986467074805e-10,-0.727104405341256,6.50563608988883e-06,0.997964906000849,0.999999999856525
"VAMP7",7.03653184688772e-10,-0.727556247221851,6.48105221956781e-06,0.997968754796879,0.999999999856525
"MDM2",7.02727126102289e-10,-0.727870519715916,6.46400437621657e-06,0.997971428057011,0.999999999856525
"NIN",6.92096136767797e-10,-0.731504237944467,6.26990637198483e-06,0.998002116613737,0.999999999856525
"HK1",6.91723846531564e-10,-0.7316323619906,6.26316280850904e-06,0.998003191306811,0.999999999856525
"ERH",6.78818965175923e-10,-0.736110925607783,6.03165010433057e-06,0.998040443928798,0.999999999856525
"MTERF4",6.76030044430432e-10,-0.737088482045034,5.98218997171034e-06,0.998048494728701,0.999999999856525
"SDCCAG8",6.71742810523221e-10,-0.738598050040843,5.90655509740871e-06,0.998060870721622,0.999999999856525
"RBBP7",6.71205571333145e-10,-0.738787803852521,5.89711111408631e-06,0.998062421574385,0.999999999856525
"RGS19",6.70778753595417e-10,-0.738938650380786,5.88961358588227e-06,0.998063653672645,0.999999999856525
"MRPS34",6.70097184862855e-10,-0.739179703773781,5.87765096162873e-06,0.998065621162697,0.999999999856525
"CLK1",6.66596477136627e-10,-0.740421170096511,5.81639957181909e-06,0.998075726684599,0.999999999856525
"FRYL",6.60585731315801e-10,-0.742566007585927,5.71197874690611e-06,0.998093077954915,0.999999999856525
"ADH5",6.58460134297728e-10,-0.743328538217354,5.67527849589112e-06,0.99809921393385,0.999999999856525
"SSBP2",6.52994951265889e-10,-0.745298932198057,5.58146045962938e-06,0.998114990324564,0.999999999856525
"RAB1A",6.50349845534643e-10,-0.746257720168819,5.53633407252932e-06,0.998122625974221,0.999999999856525
"RP11-367G6.3",6.49030414791345e-10,-0.746737245295329,5.51389261451577e-06,0.998126434786456,0.999999999856525
"PKN2",6.42754958292255e-10,-0.749029575315344,5.40778076320536e-06,0.998144550202052,0.999999999856525
"KMT2E",6.40283416628553e-10,-0.749937714370758,5.3662723828674e-06,0.998151684823423,0.999999999856525
"SMAD2",6.30761168242471e-10,-0.753465171948586,5.20784563910246e-06,0.998179172784171,0.999999999856525
"PPIA",6.28579192332955e-10,-0.754279960258711,5.17187722586429e-06,0.998185471514117,0.999999999856525
"ST13",6.25832961718996e-10,-0.755308939250108,5.12678460656426e-06,0.998193399083474,0.999999999856525
"PRRC2A",6.21035414578878e-10,-0.757115939383716,5.048483469906e-06,0.998207248207679,0.999999999856525
"ZMYM2",6.13723452841907e-10,-0.759893382342433,4.9303033927097e-06,0.998228355717058,0.999999999856525
"RBM3",6.07239187331298e-10,-0.762380500733343,4.82667199148934e-06,0.998247073908919,0.999999999856525
"SMC3",6.04644935257603e-10,-0.763382002207621,4.78551899400153e-06,0.9982545627617,0.999999999856525
"ZCCHC11",6.00644556520573e-10,-0.764933649997983,4.72240572346442e-06,0.998266110694346,0.999999999856525
"NUDT5",5.92752853931385e-10,-0.768021066581441,4.59912817011868e-06,0.998288891750892,0.999999999856525
"ALDH2",5.9232286111078e-10,-0.768190310077794,4.59245802153344e-06,0.998290133015495,0.999999999856525
"AKIRIN2",5.85586538264485e-10,-0.770855685324769,4.48859451375635e-06,0.998309578826986,0.999999999856525
"ARL6IP6",5.83060990567907e-10,-0.771861820304159,4.449960722812e-06,0.998316869351399,0.999999999856525
"KDM6A",5.80120868151144e-10,-0.773037879346241,4.4051954496395e-06,0.998325356633082,0.999999999856525
"NDUFB11",5.77404191717836e-10,-0.7741291557161,4.36403344446616e-06,0.99833319889111,0.999999999856525
"CRTAP",5.73671696970431e-10,-0.775635754465374,4.30779525019116e-06,0.998343973522661,0.999999999856525
"SMAP2",5.73455247859194e-10,-0.775723382942201,4.30454515939806e-06,0.998344598348579,0.999999999856525
"MRPL37",5.72758946816746e-10,-0.776005471758753,4.29409817290241e-06,0.998346608368104,0.999999999856525
"ZKSCAN1",5.70141089119545e-10,-0.777068694572274,4.25493458364142e-06,0.998354165365478,0.999999999856525
"CEP170",5.69483240269238e-10,-0.7773365393161,4.24512126190361e-06,0.998356064384703,0.999999999856525
"IL10RA",5.68871969941321e-10,-0.777585659732576,4.23601292009397e-06,0.998357828945223,0.999999999856525
"PPP4R3B",5.67377626095021e-10,-0.77819565002083,4.21378737163596e-06,0.998362142683443,0.999999999856525
"MYO1G",5.6494491863707e-10,-0.779191661881951,4.17773048318391e-06,0.998369165205949,0.999999999856525
"ANKRD17",5.64943642303867e-10,-0.779192185418902,4.1777116064052e-06,0.998369168890353,0.999999999856525
"ATRAID",5.64596592819545e-10,-0.779334579071953,4.17258037838238e-06,0.998370170721803,0.999999999856525
"MT-CO2",5.64584593295059e-10,-0.779339503806265,4.17240301830267e-06,0.998370205360959,0.999999999856525
"C19orf53",5.62496847823909e-10,-0.780197719852242,4.14160228513576e-06,0.998376232078143,0.999999999856525
"EXOSC8",5.58970910817413e-10,-0.781653420312025,4.08984284775008e-06,0.998386410438427,0.999999999856525
"RAN",5.56916705070312e-10,-0.782505178673514,4.05983791876439e-06,0.998392340336375,0.999999999856525
"RSRC2",5.55052026337575e-10,-0.783280710021703,4.03269698419021e-06,0.998397723124717,0.999999999856525
"ARF5",5.54321694692175e-10,-0.783585074366966,4.02209160506017e-06,0.998399831381027,0.999999999856525
"PSMB4",5.5313583147674e-10,-0.78408002105861,4.00490105069281e-06,0.998403254625302,0.999999999856525
"PRDX3",5.51823530715216e-10,-0.784628811397611,3.98592054004869e-06,0.998407042858254,0.999999999856525
"FCHSD2",5.50763956219373e-10,-0.785072739442412,3.97062824174418e-06,0.998410101543559,0.999999999856525
"UFC1",5.50253424417109e-10,-0.785286900091601,3.96327048914482e-06,0.998411575301314,0.999999999856525
"KRR1",5.49046276724706e-10,-0.785793966115815,3.94590029294493e-06,0.998415059987823,0.999999999856525
"MRPL51",5.41435349232947e-10,-0.789013372731452,3.83726169744242e-06,0.998437030536546,0.999999999856525
"NCOA7",5.38823723396877e-10,-0.790127118211491,3.80033273683756e-06,0.998444569546058,0.999999999856525
"FIP1L1",5.27244832836835e-10,-0.795122026795525,3.63875545843311e-06,0.998477994460614,0.999999999856525
"IFI6",5.26911268226184e-10,-0.795267322369223,3.63415275386064e-06,0.998478957365394,0.999999999856525
"ENG",5.22341381366825e-10,-0.797265956597442,3.57138830377601e-06,0.998492149310332,0.999999999856525
"HDAC2",5.20308926953924e-10,-0.798159715942222,3.54364950214312e-06,0.998498016419986,0.999999999856525
"YME1L1",5.17234302447867e-10,-0.799517525579413,3.50189277126116e-06,0.998506891974251,0.999999999856525
"SFPQ",5.1562802837895e-10,-0.800229666695968,3.48017624824645e-06,0.998511528824333,0.999999999856525
"KHDRBS1",5.15334841890591e-10,-0.800359858089797,3.47621971169794e-06,0.998512375169192,0.999999999856525
"WDR83OS",5.15067912973308e-10,-0.800478445423374,3.47261947676511e-06,0.998513145716016,0.999999999856525
"ZNF638",5.13060552114425e-10,-0.801371955547617,3.44560472131205e-06,0.998518940388102,0.999999999856525
"HMGN2",5.10755554710935e-10,-0.80240168986713,3.41471452959903e-06,0.998525594251182,0.999999999856525
"ITM2A",5.09362881997885e-10,-0.803025804013217,3.39611817286623e-06,0.998529614495911,0.999999999856525
"RASAL3",5.06158107330714e-10,-0.804467627076693,3.35351768148567e-06,0.998538865756842,0.999999999856525
"RAD50",5.01882924246285e-10,-0.80640338103688,3.29710702762399e-06,0.998551206978717,0.999999999856525
"GLO1",5.00461886915188e-10,-0.80704997256209,3.2784625234167e-06,0.998555309104164,0.999999999856525
"ACTR10",4.95233012553503e-10,-0.809442951181185,3.21031302013762e-06,0.998570403358606,0.999999999856525
"RP6-159A1.4",4.9462214397598e-10,-0.809723938801421,3.20239807987594e-06,0.998572166760301,0.999999999856525
"ANXA11",4.91699400951884e-10,-0.811072516015136,3.16466368777169e-06,0.99858060387796,0.999999999856525
"ACAP2",4.91631417055028e-10,-0.811103966849929,3.16378863567308e-06,0.9985808001279,0.999999999856525
"POLR2J3",4.91453033531469e-10,-0.811186508869457,3.1614931543126e-06,0.998581315069782,0.999999999856525
"RAB31",4.91284092596037e-10,-0.811264705515385,3.15931995047474e-06,0.99858180275363,0.999999999856525
"WDFY2",4.88128881343463e-10,-0.812729433617268,3.11886958030582e-06,0.99859091094034,0.999999999856525
"NOSIP",4.88033193198595e-10,-0.812773982389256,3.11764691307971e-06,0.998591187164475,0.999999999856525
"ADGRE5",4.87051507411e-10,-0.813231455405093,3.10511714445708e-06,0.998594021008821,0.999999999856525
"YWHAE",4.8198931606552e-10,-0.815603225993232,3.04090623283433e-06,0.998608634098649,0.999999999856525
"SF1",4.80128857417407e-10,-0.816480322532428,3.01747599779871e-06,0.998614004707559,0.999999999856525
"TMX4",4.79689958408152e-10,-0.816687666467076,3.01196180349375e-06,0.998615271682747,0.999999999856525
"MT2A",4.75982486100099e-10,-0.818445729263431,2.96558346507256e-06,0.99862597408897,0.999999999856525
"RNF213",4.7188018799413e-10,-0.820404888567694,2.91468545028969e-06,0.998637816244,0.999999999856525
"DNAJA2",4.66609744159157e-10,-0.822943686457907,2.84994063248365e-06,0.998653030500294,0.999999999856525
"CHTF8",4.6602865758755e-10,-0.823225116274908,2.84284677696947e-06,0.998654707930216,0.999999999856525
"TMEM173",4.62239607778588e-10,-0.825067701867149,2.79680712591492e-06,0.998665645828144,0.999999999856525
"MICU2",4.61873530586637e-10,-0.825246414443351,2.79237893821014e-06,0.99866670258781,0.999999999856525
"CCDC90B",4.60003870636411e-10,-0.82616106752455,2.76981764449028e-06,0.998672099758901,0.999999999856525
"EMC4",4.59984831754971e-10,-0.826170398046306,2.76958837190449e-06,0.998672154718682,0.999999999856525
"MRPS35",4.55125691604199e-10,-0.828562757643621,2.71138325303007e-06,0.998686181660469,0.999999999856525
"PABPN1",4.54673308874124e-10,-0.828786608506738,2.70599584737216e-06,0.998687487559481,0.999999999856525
"PNRC2",4.50540123067531e-10,-0.830840796599906,2.65702201116265e-06,0.998699418879964,0.999999999856525
"SPTBN1",4.46095574778092e-10,-0.833068019416015,2.6048578941901e-06,0.998712249014845,0.999999999856525
"DNAJC7",4.45952926769106e-10,-0.833139819945643,2.60319224941092e-06,0.998712660798698,0.999999999856525
"NME3",4.43528060740692e-10,-0.834363405774036,2.57495953569843e-06,0.998719660690889,0.999999999856525
"IRAK3",4.42270977509009e-10,-0.835000010584525,2.56038390207411e-06,0.998723289529385,0.999999999856525
"TMED3",4.38913917627601e-10,-0.836707784418326,2.52166220905567e-06,0.998732980397885,0.999999999856525
"KTN1",4.32417805443093e-10,-0.840044798642123,2.447571244658e-06,0.998751732810099,0.999999999856525
"DDX24",4.32248018000372e-10,-0.840132598027772,2.44564956025097e-06,0.998752222937746,0.999999999856525
"EPC1",4.30111301778835e-10,-0.841240083155138,2.42153033719687e-06,0.998758391024634,0.999999999856525
"TTC14",4.27790631999172e-10,-0.842448323325036,2.39547004990835e-06,0.998765090132768,0.999999999856525
"PSMD4",4.27606907896517e-10,-0.842544220222051,2.39341291706846e-06,0.998765620491568,0.999999999856525
"C7orf73",4.19654177882858e-10,-0.846729831939498,2.30521431446042e-06,0.998788577743121,0.999999999856525
"RET",4.19510347697599e-10,-0.846806161581257,2.3036344298751e-06,0.99878899293964,0.999999999856525
"MFNG",4.18313122162202e-10,-0.847442401357083,2.2905046725616e-06,0.998792448986614,0.999999999856525
"MYEOV2",4.12050018339912e-10,-0.850796719807658,2.22242995012545e-06,0.998810528772596,0.999999999856525
"STARD7",4.09480357562267e-10,-0.852185733177757,2.19479697620338e-06,0.998817946647077,0.999999999856525
"NENF",4.09328176688595e-10,-0.852268230054333,2.19316591356735e-06,0.998818385949664,0.999999999856525
"SRSF11",4.07555194637703e-10,-0.853231321438659,2.17420791002796e-06,0.998823504040966,0.999999999856525
"CPVL",4.03792191096655e-10,-0.85528748111528,2.13424384346505e-06,0.998834366754419,0.999999999856525
"CAPN7",3.98508821278073e-10,-0.858202572086513,2.07875872001332e-06,0.998849618330228,0.999999999856525
"REST",3.97011397986639e-10,-0.8590348583217,2.06316592348299e-06,0.99885394096257,0.999999999856525
"PSMC5",3.96013024903992e-10,-0.859591277864156,2.05280239533181e-06,0.998856822979852,0.999999999856525
"RAB32",3.95671845070897e-10,-0.859781704824001,2.04926678899953e-06,0.998857807868363,0.999999999856525
"MT1X",3.9504085721063e-10,-0.860134260888688,2.04273596582999e-06,0.998859629349692,0.999999999856525
"LRBA",3.94553595646012e-10,-0.860406845601499,2.03769986461951e-06,0.998861035934351,0.999999999856525
"CLTA",3.89593374000821e-10,-0.863198414738429,1.98678709099916e-06,0.99887535467459,0.999999999856525
"TAF9",3.87896455385296e-10,-0.8641604927375,1.96951742508693e-06,0.998880253193046,0.999999999856525
"IFITM2",3.87593204408354e-10,-0.864332806349999,1.9664391571019e-06,0.998881128591843,0.999999999856525
"TCP1",3.82191561863616e-10,-0.86742186057217,1.91201103391249e-06,0.99889672158845,0.999999999856525
"CHCHD2",3.78238043337374e-10,-0.869706822010334,1.87265865418007e-06,0.998908134265594,0.999999999856525
"VPS35",3.77223394435846e-10,-0.870296578611143,1.8626250654439e-06,0.998911063266785,0.999999999856525
"AP1B1",3.760110144306e-10,-0.871003068658227,1.85067150940664e-06,0.99891456306114,0.999999999856525
"RC3H1",3.75808186085729e-10,-0.871121455332534,1.84867546469607e-06,0.998915148568568,0.999999999856525
"GNB1",3.71827953499149e-10,-0.873455902412794,1.80972371750482e-06,0.998926638361926,0.999999999856525
"RNF7",3.69330978263082e-10,-0.874931472645069,1.78549927520499e-06,0.998933846415554,0.999999999856525
"ATF7IP2",3.68033265321871e-10,-0.875701761424726,1.77297395275865e-06,0.998937592541837,0.999999999856525
"TLE4",3.67865113553133e-10,-0.875801744001487,1.77135420461233e-06,0.998938077947925,0.999999999856525
"USP22",3.67101979430124e-10,-0.876255999363881,1.76401249887929e-06,0.998940280897993,0.999999999856525
"PKM",3.65243403669851e-10,-0.877365746065979,1.74619591559809e-06,0.998945646074965,0.999999999856525
"ARHGAP15",3.63093167772118e-10,-0.878655758944427,1.7256962663179e-06,0.998951853191446,0.999999999856525
"TYROBP",3.60994343371632e-10,-0.87992132326737,1.70580349147737e-06,0.99895791189769,0.999999999856525
"MLLT3",3.60881389920349e-10,-0.87998961325689,1.70473618252177e-06,0.998958237962025,0.999999999856525
"THOC3",3.55170302772258e-10,-0.883466815399378,1.65120690663566e-06,0.998974724238823,0.999999999856525
"FAM32A",3.50325229547971e-10,-0.886454911087213,1.60646414170238e-06,0.998988710581208,0.999999999856525
"PLSCR1",3.40388123359145e-10,-0.892697081773697,1.51662078115158e-06,0.999017396169171,0.999999999856525
"ATAD2B",3.33484491301108e-10,-0.897127283827978,1.45572549861182e-06,0.999037324984296,0.999999999856525
"HIST1H3B",3.3299892641476e-10,-0.897441860940602,1.45148941203896e-06,0.999038726671542,0.999999999856525
"IGKV3-20",3.31636923891039e-10,-0.898326369551283,1.43964018881426e-06,0.999042658384127,0.999999999856525
"FOXN3",3.30903270494914e-10,-0.898804121316724,1.43327763646589e-06,0.999044776232114,0.999999999856525
"HNRNPD",3.30760521335039e-10,-0.898897185494386,1.43204129300576e-06,0.999045188308202,0.999999999856525
"PSMB6",3.2999878433275e-10,-0.899394382586942,1.42545294477273e-06,0.999047387225555,0.999999999856525
"NSD1",3.23971330767559e-10,-0.903364020750889,1.373856475819e-06,0.999064786764227,0.999999999856525
"PPM1A",3.22252614898897e-10,-0.904507669764659,1.35931811848922e-06,0.999069748206632,0.999999999856525
"GSTO1",3.21011440606917e-10,-0.905336847025219,1.34886730104385e-06,0.999073331122759,0.999999999856525
"MSRB3",3.20677708304692e-10,-0.905560273299666,1.34606412001534e-06,0.999074294512719,0.999999999856525
"EMC3",3.16002160716813e-10,-0.908711805851721,1.30709848077078e-06,0.999087791485057,0.999999999856525
"SF3A2",3.15651238186417e-10,-0.908949969158097,1.30419700936331e-06,0.999088804498324,0.999999999856525
"ARHGEF1",3.13072407209882e-10,-0.910707231608805,1.28297380883175e-06,0.999096248847948,0.999999999856525
"C12orf57",3.11730376901553e-10,-0.911626679379352,1.27199807704646e-06,0.999100122906772,0.999999999856525
"HUWE1",3.08488520860663e-10,-0.913861950084834,1.24567922601988e-06,0.999109481220845,0.999999999856525
"NAA50",3.04799107451978e-10,-0.916430694353551,1.2160616350411e-06,0.99912013150558,0.999999999856525
"COPS6",2.95976966188901e-10,-0.922683996401795,1.14668474284544e-06,0.999145598513028,0.999999999856525
"HBA1",2.94882954163794e-10,-0.923470663957102,1.13822348689013e-06,0.999148756614003,0.999999999856525
"SLC38A2",2.92236038573487e-10,-0.925384477471975,1.11788145049205e-06,0.999156397505124,0.999999999856525
"TUBB1",2.90496028633471e-10,-0.926650758875691,1.10460906912011e-06,0.999161420418081,0.999999999856525
"EIF2AK3",2.85380053213137e-10,-0.930412297965842,1.06604474752385e-06,0.999176188781735,0.999999999856525
"PHF5A",2.84251482015633e-10,-0.93124993758683,1.05762980426295e-06,0.999179446645325,0.999999999856525
"SRP9",2.83806871800033e-10,-0.931580723698655,1.05432382143451e-06,0.99918073010838,0.999999999856525
"C1D",2.75742457775952e-10,-0.937659837124264,9.95257571136412e-07,0.999204009775069,0.999999999856525
"BRD4",2.75014381079525e-10,-0.938216223280105,9.90008708167449e-07,0.999206111525182,0.999999999856525
"HBB",2.7036676950802e-10,-0.941798224178742,9.56830100756085e-07,0.999219527856578,0.999999999856525
"MOB1B",2.70223420907216e-10,-0.941909550743,9.55815746106057e-07,0.99921994166318,0.999999999856525
"SLTM",2.66598238122383e-10,-0.944742059070814,9.30342274011529e-07,0.99923040653392,0.999999999856525
"DPM3",2.64571781096855e-10,-0.946339978896363,9.1625265798e-07,0.999236256338551,0.999999999856525
"AKAP13",2.63974998403243e-10,-0.946812579174165,9.12123819850118e-07,0.99923797908033,0.999999999856525
"TPR",2.5714213551898e-10,-0.952290601858087,8.65515197754766e-07,0.999257703610942,0.999999999856525
"ZNF292",2.56804797753282e-10,-0.952564302620733,8.63245795674692e-07,0.999258677409082,0.999999999856525
"TOMM20",2.55628859646401e-10,-0.953520846568962,8.55358096902226e-07,0.999262072007792,0.999999999856525
"EGLN3",2.54876847692985e-10,-0.954134555308265,8.50332894587689e-07,0.999264242852329,0.999999999856525
"CMC1",2.53144031271861e-10,-0.955554678533676,8.38809980550804e-07,0.999269245000312,0.999999999856525
"BRWD1",2.53053927386556e-10,-0.95562875280745,8.38212956106253e-07,0.999269505104593,0.999999999856525
"USP34",2.49975884159061e-10,-0.958173026927064,8.17945621199781e-07,0.999278390539694,0.999999999856525
"PRPF6",2.48571048622176e-10,-0.95934327362796,8.0877793501238e-07,0.999282445900245,0.999999999856525
"TBC1D10C",2.4718020479196e-10,-0.960507520132398,7.99752453213484e-07,0.999286460870739,0.999999999856525
"LSM14A",2.38352992003077e-10,-0.968031706958665,7.43651436747227e-07,0.999311942523455,0.999999999856525
"FAM107B",2.36283826166777e-10,-0.969830288433447,7.30796056453193e-07,0.999317915616822,0.999999999856525
"HERC1",2.35905659805173e-10,-0.970160475098374,7.28458686734785e-07,0.999319007275575,0.999999999856525
"GAPDH",2.35706167441484e-10,-0.970334841647348,7.27227173255865e-07,0.999319583153302,0.999999999856525
"BAG1",2.3438251923111e-10,-0.971495025519819,7.19082370306087e-07,0.999323404149311,0.999999999856525
"DOCK8",2.34376487831689e-10,-0.971500325040308,7.19045362280037e-07,0.999323421560246,0.999999999856525
"CDC40",2.32548024170922e-10,-0.973112384812146,7.07870010249298e-07,0.999328699814942,0.999999999856525
"CCDC59",2.30278073960016e-10,-0.975129020340939,6.94118120647932e-07,0.999335252515821,0.999999999856525
"TESPA1",2.29741243870839e-10,-0.975608458611387,6.90885601359092e-07,0.999336802191667,0.999999999856525
"IST1",2.28593387621707e-10,-0.976636862221461,6.83999104052524e-07,0.999340115726328,0.999999999856525
"ZC3H13",2.28259759620961e-10,-0.97693660957972,6.82003991874296e-07,0.999341078815519,0.999999999856525
"ZNF22",2.27141394744658e-10,-0.977944176933613,6.75337369559312e-07,0.999344307216986,0.999999999856525
"FCN1",2.26122233579101e-10,-0.978866116613148,6.6929062053429e-07,0.999347249245551,0.999999999856525
"H1FX",2.22775780886324e-10,-0.981918855322875,6.49627131517838e-07,0.99935690950323,0.999999999856525
"APPL1",2.19454052017905e-10,-0.98498856318522,6.30398852158224e-07,0.999366498390349,0.999999999856525
"WHSC1L1",2.19331355219423e-10,-0.985102719480977,6.29694137001701e-07,0.999366852581134,0.999999999856525
"HNRNPAB",2.18464517887357e-10,-0.985910798229325,6.24726641578236e-07,0.99936935489415,0.999999999856525
"MRPS7",2.18395742907384e-10,-0.98597503010307,6.24333362159977e-07,0.999369553427971,0.999999999856525
"ANP32B",2.17887272569336e-10,-0.98645045629917,6.2142959268961e-07,0.999371021237329,0.999999999856525
"CCDC25",2.16239039803263e-10,-0.987998207212082,6.12063404961796e-07,0.999375779216908,0.999999999856525
"BCL2",2.14532629980171e-10,-0.989611388211713,6.02441552757541e-07,0.999380705137141,0.999999999856525
"NUB1",2.12620575587829e-10,-0.991432231520629,5.91750705668321e-07,0.999386224694833,0.999999999856525
"RASA2",2.11707903694347e-10,-0.992306369901148,5.86681439877479e-07,0.999388859319251,0.999999999856525
"SLC9A3R1",2.11271375212656e-10,-0.992725622004721,5.84264533192762e-07,0.999390119452939,0.999999999856525
"RERE",2.09884857343248e-10,-0.994062259140552,5.76620951550773e-07,0.999394121936062,0.999999999856525
"YEATS4",2.07673919547975e-10,-0.996209557883983,5.64536627960413e-07,0.999400504285291,0.999999999856525
"HLA-DQA1",2.07520947822358e-10,-0.996358857524926,5.63705263706094e-07,0.999400945871201,0.999999999856525
"XIST",2.06509913367969e-10,-0.99734802528346,5.58225941047317e-07,0.999403864440423,0.999999999856525
"SFSWAP",2.04964058976396e-10,-0.998868583356368,5.49899888282236e-07,0.99940832688287,0.999999999856525
"POLR2G",2.04421391542326e-10,-0.999404725906588,5.46991888502158e-07,0.999409893409584,0.999999999856525
"TOLLIP",1.96856804879168e-10,-1.00700964705191,5.07258191920382e-07,0.999431730222457,0.999999999856525
"CAND1",1.96831943332751e-10,-1.00703505539432,5.07130074157422e-07,0.99943180199068,0.999999999856525
"MAT2B",1.94773063638882e-10,-1.00914892413143,4.96576309346305e-07,0.999437745391578,0.999999999856525
"HSPB11",1.93579112766023e-10,-1.01038364266874,4.90506984170902e-07,0.999441191988648,0.999999999856525
"LAMP2",1.92488593754723e-10,-1.01151717303795,4.84996053820151e-07,0.999444340007319,0.999999999856525
"EID1",1.91100061854523e-10,-1.01296854534072,4.78024175128738e-07,0.999448348304574,0.999999999856525
"SRPRA",1.9092959977015e-10,-1.0131473507638,4.77171756202265e-07,0.999448840380202,0.999999999856525
"PGK1",1.90732540305243e-10,-1.0133542277274,4.76187281442978e-07,0.999449409234914,0.999999999856525
"AIP",1.89667522570348e-10,-1.01447551813891,4.70884232621949e-07,0.999452483638664,0.999999999856525
"LGALS1",1.89610841360188e-10,-1.01453534689193,4.70602831782649e-07,0.999452647261222,0.999999999856525
"TRAPPC1",1.88641095285763e-10,-1.01556135000486,4.65801437223258e-07,0.999455446642751,0.999999999856525
"STX16",1.88354055795172e-10,-1.01586591719526,4.64384972964837e-07,0.999456275244249,0.999999999856525
"CALCOCO2",1.88051537864143e-10,-1.01618734328196,4.62894461243173e-07,0.999457148527609,0.999999999856525
"ERAP2",1.8599942820713e-10,-1.01837961177107,4.52846925718882e-07,0.999463072385464,0.999999999856525
"YTHDC1",1.84161319117181e-10,-1.0203611169715,4.43940778873117e-07,0.999468378484476,0.999999999856525
"COPS2",1.8374045759767e-10,-1.02081721931899,4.41914032943193e-07,0.999469593392182,0.999999999856525
"ETNK1",1.82893126277792e-10,-1.02173825256665,4.37847599119045e-07,0.999472039397113,0.999999999856525
"ERCC1",1.79032865936667e-10,-1.02598162322581,4.19559668128385e-07,0.999483182872707,0.999999999856525
"PPIG",1.78267834901259e-10,-1.02683197242109,4.15981661610849e-07,0.999485391300109,0.999999999856525
"ZC3H11A",1.77618454707801e-10,-1.02755625608957,4.12956570210449e-07,0.999487265876368,0.999999999856525
"MKKS",1.77197874656247e-10,-1.02802657274217,4.11003218378643e-07,0.999488479971575,0.999999999856525
"PTPRE",1.75352527352955e-10,-1.03010163920866,4.02487377571699e-07,0.999493806965364,0.999999999856525
"DNMT1",1.75346824374302e-10,-1.03010808137637,4.02461197856691e-07,0.999493823428244,0.999999999856525
"TBRG1",1.71233710454272e-10,-1.03480226496321,3.83801564273549e-07,0.999505696820541,0.999999999856525
"ZNF207",1.649888614308e-10,-1.04211946499812,3.56317749392248e-07,0.999523723927153,0.999999999856525
"GPI",1.6357620385469e-10,-1.04380790295172,3.50242186881956e-07,0.999527801868645,0.999999999856525
"NARF",1.63205560542574e-10,-1.04425299403706,3.48656774714349e-07,0.999528871810696,0.999999999856525
"DDB1",1.61695166188566e-10,-1.04607586655281,3.42233311493648e-07,0.999533231890544,0.999999999856525
"TUBGCP2",1.61208703904248e-10,-1.04666610997225,3.40177181205767e-07,0.999534636169103,0.999999999856525
"SETD2",1.60751969886267e-10,-1.04722168833552,3.38252342280833e-07,0.999535954630595,0.999999999856525
"TNPO1",1.58794764542794e-10,-1.04961805099143,3.30065828787764e-07,0.999541604526996,0.999999999856525
"SMG1",1.5865622677471e-10,-1.04978864129955,3.29490159474154e-07,0.999542004446218,0.999999999856525
"PSMB5",1.58134165902578e-10,-1.05043264882612,3.27325341663763e-07,0.999543511487807,0.999999999856525
"HNRNPF",1.5804593627549e-10,-1.05054166955155,3.26960186720204e-07,0.999543766181703,0.999999999856525
"KDM5C",1.57891612052405e-10,-1.05073248666767,3.26321976802959e-07,0.999544211671942,0.999999999856525
"CARD16",1.56339507012771e-10,-1.05266064957566,3.19937894068419e-07,0.999548692158752,0.999999999856525
"CCNH",1.56003952190049e-10,-1.0530796834759,3.1856598885543e-07,0.999549660810307,0.999999999856525
"AGTRAP",1.5533187797388e-10,-1.05392130803071,3.15827099146801e-07,0.999551600897861,0.999999999856525
"THRAP3",1.54897594240513e-10,-1.05446683105201,3.14063561146713e-07,0.999552854551768,0.999999999856525
"FAM49B",1.53613818659864e-10,-1.05608721800734,3.0887927993849e-07,0.999556560447594,0.999999999856525
"RAP1GDS1",1.53403394352916e-10,-1.05635393411823,3.08033637371294e-07,0.999557167882861,0.999999999856525
"C19orf24",1.52084503680347e-10,-1.05803290081651,3.02759748034985e-07,0.999560975146006,0.999999999856525
"MCTS1",1.50903489878668e-10,-1.05954708176127,2.98075837431534e-07,0.999564384397755,0.999999999856525
"ATP2B1",1.49360599230461e-10,-1.06154076064167,2.92011731951384e-07,0.999568838285294,0.999999999856525
"PIK3CD",1.48831298943097e-10,-1.06222881636459,2.89945751656989e-07,0.999570366225049,0.999999999856525
"DENR",1.48371834044058e-10,-1.06282781068617,2.88158301552105e-07,0.999571692569853,0.999999999856525
"EIF2AK2",1.46422656927039e-10,-1.06538690617297,2.80636898309321e-07,0.999577319291182,0.999999999856525
"LSM3",1.45923722829369e-10,-1.06604670183678,2.78727620562548e-07,0.999578759572371,0.999999999856525
"COMMD1",1.4432938242666e-10,-1.06816824926524,2.72670222252557e-07,0.999583361980798,0.999999999856525
"MRPS33",1.43734891148642e-10,-1.06896451983222,2.70428596577925e-07,0.999585078108464,0.999999999856525
"PSMC3",1.4140504026579e-10,-1.07211290293642,2.61732699876414e-07,0.999591803727014,0.999999999856525
"RPAP2",1.40570405222023e-10,-1.07325169888788,2.58652094192261e-07,0.999594213081618,0.999999999856525
"HPS1",1.40198785523804e-10,-1.0737606303625,2.57286327924749e-07,0.999595285842267,0.999999999856525
"MGEA5",1.39848199851792e-10,-1.07424182772512,2.56001179552363e-07,0.99959629788365,0.999999999856525
"TSPYL2",1.37469937688701e-10,-1.07753397627991,2.47368090776853e-07,0.999603163251883,0.999999999856525
"CTB-133G6.1",1.36977137878893e-10,-1.07822230427162,2.45597748077012e-07,0.999604585825147,0.999999999856525
"FAM65B",1.36150843221363e-10,-1.07938127451734,2.42643619833448e-07,0.99960697110344,0.999999999856525
"TTC19",1.35688101455633e-10,-1.08003298431107,2.40997055967782e-07,0.99960830690766,0.999999999856525
"PTGES3",1.34675201893619e-10,-1.08146626114513,2.37412442493494e-07,0.999611230861389,0.999999999856525
"TXNL1",1.33907604172954e-10,-1.08255866021754,2.34713832720394e-07,0.999613446698284,0.999999999856525
"STAG2",1.33375026310353e-10,-1.08331978357908,2.32850535857935e-07,0.999614984099513,0.999999999856525
"HADHA",1.32336945319658e-10,-1.08481093169397,2.29240009117917e-07,0.999617980744896,0.999999999856525
"WAS",1.26639416228429e-10,-1.09318017495217,2.09925891053488e-07,0.99963442789545,0.999999999856525
"RNASEK",1.25214065571979e-10,-1.09532482286805,2.05226972853088e-07,0.999638542478563,0.999999999856525
"C19orf70",1.25210451094418e-10,-1.09533028818969,2.05215124702027e-07,0.999638552912534,0.999999999856525
"DAP3",1.22643411167412e-10,-1.09924676391679,1.96886821650841e-07,0.999645963228809,0.999999999856525
"OXLD1",1.2135238225764e-10,-1.10124335423701,1.92763506669481e-07,0.999649690063156,0.999999999856525
"ZNRD1",1.20846591258663e-10,-1.10203058270534,1.91159996937454e-07,0.999651150138338,0.999999999856525
"ALG13",1.20596101982465e-10,-1.10242150865009,1.90368350229213e-07,0.999651873229845,0.999999999856525
"SAFB",1.19495017521631e-10,-1.1041482976727,1.86907961125474e-07,0.999655051748443,0.999999999856525
"KLHDC2",1.18256170636579e-10,-1.10610768307722,1.83052569189243e-07,0.999658627948101,0.999999999856525
"DDX39A",1.17565933363793e-10,-1.10720709910575,1.80921924054079e-07,0.99966062046738,0.999999999856525
"MZT2B",1.1516241765138e-10,-1.11107956875689,1.73600012753556e-07,0.999667558735704,0.999999999856525
"BLVRB",1.12796235152671e-10,-1.11496086092487,1.66539560425736e-07,0.99967438923365,0.999999999856525
"HNRNPUL1",1.1274488021255e-10,-1.11504587816455,1.66387947525167e-07,0.999674537480801,0.999999999856525
"FLT4",1.10293590838903e-10,-1.1191434767707,1.59231416352129e-07,0.99968161365819,0.999999999856525
"PCM1",1.08400284546771e-10,-1.12236267394292,1.53811585855694e-07,0.999687079096648,0.999999999856525
"DNAJC19",1.06988882243908e-10,-1.12479431543045,1.4983232065959e-07,0.999691153414933,0.999999999856525
"DGUOK",1.04512562272176e-10,-1.1291285852231,1.42976675930028e-07,0.99969830184862,0.999999999856525
"VHL",1.04436196977472e-10,-1.12926365412725,1.4276781171688e-07,0.999698522293575,0.999999999856525
"UTRN",1.03691999930786e-10,-1.13058442785737,1.40740376110145e-07,0.999700670579463,0.999999999856525
"ADPGK",1.0335957444878e-10,-1.13117705816314,1.39839425362975e-07,0.999701630197586,0.999999999856525
"ANKLE2",1.03166298525148e-10,-1.13152237923857,1.39316932419521e-07,0.999702188130382,0.999999999856525
"SF3B1",1.0296920046801e-10,-1.13187510659041,1.38785114045685e-07,0.999702757096595,0.999999999856525
"SNX2",1.02199691970954e-10,-1.13325784243968,1.36718529681108e-07,0.999704978449469,0.999999999856525
"HNRNPK",1.01339157343471e-10,-1.13481486222305,1.34425847417442e-07,0.999707462568979,0.999999999856525
"CREB1",1.01115794788453e-10,-1.13522087721158,1.33833922014342e-07,0.999708107353353,0.999999999856525
"ATP5H",1.01011854652658e-10,-1.13541007815234,1.33558919154031e-07,0.999708407399058,0.999999999856525
"C8orf59",9.99848475235993e-11,-1.1372886440259,1.30856886484462e-07,0.99971137207749,0.999999999856525
"EVL",9.90442723168816e-11,-1.13902382709915,1.28406478749849e-07,0.999714087251468,0.999999999856525
"ATAD2",9.87170533737244e-11,-1.13963083021841,1.27559430776218e-07,0.999715031839794,0.999999999856525
"GTF2F1",9.37274355032854e-11,-1.14910947777678,1.14990423706904e-07,0.99972943545214,0.999999999856525
"MRPL20",9.14732314399348e-11,-1.15353575767338,1.0952575321392e-07,0.999735942700283,0.999999999856525
"LMBRD1",9.1294731719904e-11,-1.15389027558515,1.09098715907901e-07,0.999736457978377,0.999999999856525
"ITFG1",9.0551154449743e-11,-1.15537358087685,1.07328778974463e-07,0.999738604475182,0.999999999856525
"CA1",9.03718354969411e-11,-1.15573286838587,1.0690411232489e-07,0.99973912211817,0.999999999856525
"OS9",8.60338029575295e-11,-1.1646184871901,9.68872092108057e-08,0.999751644788496,0.999999999856525
"NPEPPS",8.02763361362693e-11,-1.1770309094878,8.43535357400672e-08,0.99976826496335,0.999999999856525
"INPP4B",7.87216970724246e-11,-1.18051455035646,8.11179751734366e-08,0.999772752765708,0.999999999856525
"ARID2",7.60559709390432e-11,-1.18662902496006,7.57172505449703e-08,0.999780447961545,0.999999999856525
"MORF4L1",7.58050022895674e-11,-1.18721419570318,7.5218373112992e-08,0.999781172436909,0.999999999856525
"EIF5",7.43131788006873e-11,-1.19072763365082,7.22869470823251e-08,0.999785478908525,0.999999999856525
"CBR1",7.07899154277548e-11,-1.19927425812293,6.55950386751344e-08,0.999795649571381,0.999999999856525
"DNAJA1",6.99098678134409e-11,-1.2014664541759,6.39742447366157e-08,0.999798190019441,0.999999999856525
"RP11-160E2.6",6.94028220438222e-11,-1.20274037654677,6.3049618852764e-08,0.999799653716884,0.999999999856525
"TAF11",6.93500478194133e-11,-1.2028734312621,6.29537688699198e-08,0.999799806061114,0.999999999856525
"MRPS16",6.67371262432557e-11,-1.20957339750113,5.82992823555674e-08,0.999807348825228,0.999999999856525
"STT3B",6.58864356328925e-11,-1.2118037538,5.68224862706748e-08,0.999809804527946,0.999999999856525
"POP5",6.51407512306064e-11,-1.21377940587898,5.5543562435663e-08,0.9998119571075,0.999999999856525
"FKBP3",6.4386730837104e-11,-1.21579715685146,5.42651434231178e-08,0.999814133750701,0.999999999856525
"TCF12",6.39468090645697e-11,-1.21698385328316,5.35261444483647e-08,0.999815403680193,0.999999999856525
"MAP4",6.39069148738146e-11,-1.21709181780373,5.34593790803073e-08,0.999815518843416,0.999999999856525
"ESD",6.34045332449416e-11,-1.21845641753828,5.26221787070128e-08,0.999816969076814,0.999999999856525
"MPLKIP",6.18918833272664e-11,-1.22262246873388,5.01413014140296e-08,0.999821335668476,0.999999999856525
"ZNF770",6.17534362152193e-11,-1.22300816142049,4.99172282804063e-08,0.999821735326056,0.999999999856525
"C6orf62",5.99294431301711e-11,-1.22816072114169,4.70119959346464e-08,0.999827000677223,0.999999999856525
"CNOT4",5.98888700020366e-11,-1.22827687103378,4.69483618356746e-08,0.999827117800346,0.999999999856525
"JUN",5.87762188801139e-11,-1.23148895163084,4.5220097434056e-08,0.999830329708844,0.999999999856525
"TMC8",5.85445504635178e-11,-1.23216436365931,4.48643269307958e-08,0.999830998469915,0.999999999856525
"S100A10",5.82790836190141e-11,-1.23294116366001,4.44583800535178e-08,0.999831764797471,0.999999999856525
"UBE2B",5.72570680246364e-11,-1.23596064430925,4.29127568615272e-08,0.999834715066887,0.999999999856525
"CTSS",5.56007650388648e-11,-1.24095466602201,4.04659499557811e-08,0.999839496344272,0.999999999856525
"BBX",5.51222469801388e-11,-1.24242145386027,3.97724212698854e-08,0.999840877690314,0.999999999856525
"LRPAP1",5.49012244717974e-11,-1.24310267339986,3.94541114385417e-08,0.999841515719667,0.999999999856525
"MNDA",5.48024655553805e-11,-1.24340782881417,3.93122952668123e-08,0.999841800808674,0.999999999856525
"CCNL1",5.47596928071392e-11,-1.24354014022361,3.92509535480904e-08,0.999841924281479,0.999999999856525
"THYN1",5.1252111042131e-11,-1.25470757403971,3.43836298074508e-08,0.99985204967614,0.999999999856525
"GTF3C6",4.97606469305362e-11,-1.2596577420681,3.24115828951343e-08,0.999856355110422,0.999999999856525
"VDAC2",4.90840548333038e-11,-1.26194583124557,3.15361789052377e-08,0.999858308240095,0.999999999856525
"RAB2A",4.85625782007427e-11,-1.26372806418535,3.08696479393076e-08,0.999859813595374,0.999999999856525
"ARIH2",4.69307894677406e-11,-1.26941409827793,2.88299524049102e-08,0.999864524107085,0.999999999856525
"PAG1",4.62116526854519e-11,-1.27197447199234,2.79531790789887e-08,0.999866600051213,0.999999999856525
"ERGIC2",4.61523944772073e-11,-1.27218698682258,2.78815351036529e-08,0.99986677111287,0.999999999856525
"PHF3",4.60510058231414e-11,-1.27255114057294,2.77591680507147e-08,0.999867063793186,0.999999999856525
"LAPTM4A",4.56906847858303e-11,-1.27385093440015,2.73264703737227e-08,0.999868103937927,0.999999999856525
"SRSF10",4.54168134058337e-11,-1.27484482658806,2.69998607504219e-08,0.999868894527001,0.999999999856525
"RABAC1",4.44907063087057e-11,-1.27824460754336,2.5909963806538e-08,0.999871567935787,0.999999999856525
"CHEK2",4.31029889908758e-11,-1.28345549895659,2.43188470048429e-08,0.999875573882489,0.999999999856525
"NUCB2",4.30304428312087e-11,-1.28373188616687,2.42370543350744e-08,0.999875783302697,0.999999999856525
"ATP6V0A2",4.30251285769609e-11,-1.28375214833138,2.42310681584528e-08,0.999875798643443,0.999999999856525
"DEF6",4.27237258713332e-11,-1.28490489736855,2.38927668489124e-08,0.999876668707655,0.999999999856525
"CUTA",4.25381559723131e-11,-1.28561813772115,2.36856618170127e-08,0.999877204395375,0.999999999856525
"ASCC3",4.20790970082661e-11,-1.28739418131441,2.31772032138334e-08,0.999878529568536,0.999999999856525
"FCGRT",3.97250741963507e-11,-1.29677418830078,2.06565429126619e-08,0.999885324965418,0.999999999856525
"EGLN1",3.96534393930162e-11,-1.29706710141339,2.05821116749951e-08,0.999885531754799,0.999999999856525
"CIRBP",3.94603128239058e-11,-1.29785908051438,2.03821152587333e-08,0.999886089256485,0.999999999856525
"S100A9",3.92336777354064e-11,-1.2987927638929,2.01486636214131e-08,0.999886743487772,0.999999999856525
"TECR",3.74258854379878e-11,-1.3064124048755,1.83346394178029e-08,0.999891962071932,0.999999999856525
"PHF20",3.71841220854069e-11,-1.30745545030587,1.80985286688695e-08,0.999892659974232,0.999999999856525
"NDUFS7",3.69784212225969e-11,-1.3083475442433,1.7898842063651e-08,0.999893253774342,0.999999999856525
"WAC",3.66924752606139e-11,-1.30959481430198,1.76230967576495e-08,0.999894079219318,0.999999999856525
"MRPL54",3.65067578158577e-11,-1.31040941257794,1.74451510829768e-08,0.999894615332962,0.999999999856525
"RBM17",3.64142678945086e-11,-1.31081643334512,1.73568684282064e-08,0.99989488232516,0.999999999856525
"BRD2",3.63785608761732e-11,-1.31097380889319,1.73228456018459e-08,0.999894985401205,0.999999999856525
"UPF3A",3.61257565247771e-11,-1.3120918634373,1.70829199857613e-08,0.999895715175741,0.999999999856525
"GRN",3.57773716989941e-11,-1.31364378598553,1.67550246632605e-08,0.999896720864026,0.999999999856525
"TNFAIP3",3.54694307643637e-11,-1.31502647943619,1.6467840156101e-08,0.999897609802256,0.999999999856525
"STAT1",3.53193978356667e-11,-1.31570391563441,1.63288194409741e-08,0.999898042904813,0.999999999856525
"EAPP",3.48440539516268e-11,-1.31786679063342,1.5892256302875e-08,0.999899415087929,0.999999999856525
"NCF1",3.42291757043112e-11,-1.32070278557405,1.53363173593079e-08,0.999901190067218,0.999999999856525
"THUMPD3-AS1",3.40498874833373e-11,-1.32153801960127,1.51760786208391e-08,0.999901707621515,0.999999999856525
"POLR2A",3.35172410473698e-11,-1.3240420719749,1.47049899136343e-08,0.999903245220864,0.999999999856525
"SERP1",3.33128138809369e-11,-1.3250122724783,1.45261606317843e-08,0.999903835344175,0.999999999856525
"DDOST",3.30965860899339e-11,-1.32604410443613,1.43381989711542e-08,0.999904459532545,0.999999999856525
"NDUFA3",3.14902649292375e-11,-1.33389764210565,1.29801835654406e-08,0.999909096526629,0.999999999856525
"HADHB",3.14174345039065e-11,-1.33426187517452,1.29202120732621e-08,0.999909306767432,0.999999999856525
"RUNX1",3.11102416563625e-11,-1.33580627175377,1.26687852584247e-08,0.999910193546149,0.999999999856525
"NDUFB5",3.10884253798006e-11,-1.33591645344516,1.26510233382678e-08,0.999910256523558,0.999999999856525
"CYLD",3.10356941219302e-11,-1.33618304597471,1.26081431599002e-08,0.99991040874376,0.999999999856525
"LYZ",3.10055703404557e-11,-1.33633551833977,1.25836796743903e-08,0.999910495702582,0.999999999856525
"EWSR1",2.98050533442724e-11,-1.34251895013983,1.16280800375062e-08,0.999913961255019,0.999999999856525
"MYO1F",2.95369122196142e-11,-1.34392945585305,1.1419797164641e-08,0.999914735302477,0.999999999856525
"AHSP",2.88116197062522e-11,-1.34780104107141,1.08658461864787e-08,0.999916829016474,0.999999999856525
"SERPINA1",2.85494372327804e-11,-1.3492213477799,1.06689900275225e-08,0.999917585862993,0.999999999856525
"CYTH1",2.81587232773747e-11,-1.35135904030985,1.03789668616602e-08,0.999918713743486,0.999999999856525
"TCEA1",2.69104869639906e-11,-1.35836497292496,9.47919197706981e-09,0.999922317048076,0.999999999856525
"TMEM123",2.6575751958004e-11,-1.36029153275603,9.24483850189613e-09,0.999923283333202,0.999999999856525
"GNG2",2.60806634342266e-11,-1.36317988317215,8.9035965983293e-09,0.999924712513504,0.999999999856525
"NDUFB10",2.59585974503559e-11,-1.36389930790517,8.82044818215977e-09,0.999925064883416,0.999999999856525
"C11orf31",2.58898195137534e-11,-1.36430595811884,8.77377011666657e-09,0.999925263425834,0.999999999856525
"NKG7",2.55662634106115e-11,-1.3662316295006,8.55584136842268e-09,0.999926197440635,0.999999999856525
"DRAP1",2.53967950697833e-11,-1.36724866993368,8.44279092588004e-09,0.999926686647722,0.999999999856525
"SF3B6",2.40276578470778e-11,-1.37568809566224,7.55702890684976e-09,0.999930638958987,0.999999999856525
"COPZ1",2.32241509791708e-11,-1.38083687449755,7.06005196774697e-09,0.999932958455671,0.999999999856525
"BTG1",2.32162795868633e-11,-1.38088807162604,7.05526703320374e-09,0.99993298117815,0.999999999856525
"NRROS",2.30838540017924e-11,-1.38175165573269,6.97501013888172e-09,0.999933363453297,0.999999999856525
"CD14",2.21958366581656e-11,-1.38765609627451,6.44868622291858e-09,0.999935926907781,0.999999999856525
"CIB1",2.21024433610147e-11,-1.38828889942995,6.39453219337358e-09,0.999936196507771,0.999999999856525
"PSMB2",2.13266052856105e-11,-1.39363716469535,5.95349053672415e-09,0.99993843613249,0.999999999856525
"CELF2",2.12713963697602e-11,-1.39402413665625,5.92270642330297e-09,0.999938595504989,0.999999999856525
"CHRAC1",2.11944589681474e-11,-1.39456486151744,5.87993973746136e-09,0.99993881760147,0.999999999856525
"TMEM230",2.09192372383096e-11,-1.39651316932766,5.72822272379907e-09,0.999939612088631,0.999999999856525
"ECHS1",2.06549142386289e-11,-1.39840533150692,5.58438044527156e-09,0.999940375114245,0.999999999856525
"NSFL1C",2.05126445882215e-11,-1.39943246784616,5.50771571984308e-09,0.999940785806419,0.999999999856525
"DNTTIP2",2.03749650094288e-11,-1.40043235546193,5.4340289607996e-09,0.999941183248357,0.999999999856525
"PET100",2.03748835661013e-11,-1.40043294866715,5.4339855188093e-09,0.999941183483461,0.999999999856525
"CD3D",2.00608964659775e-11,-1.40273533273018,5.26779515571010e-09,0.999942089875263,0.999999999856525
"UBXN1",1.98366184058674e-11,-1.40439908523278,5.15066712491609e-09,0.999942737302483,0.999999999856525
"LYPLA1",1.9356919748023e-11,-1.40801300570032,4.90456737093051e-09,0.999944122056604,0.999999999856525
"PSMA4",1.8516039861632e-11,-1.41453939236761,4.48770622830262e-09,0.999946549438607,0.999999999856525
"PRELID1",1.82548585342182e-11,-1.41661877271813,4.36199485490853e-09,0.999947303395104,0.999999999856525
"CALR",1.80533508170035e-11,-1.41824074320431,4.26622590631071e-09,0.999947885090795,0.999999999856525
"MARCH6",1.80064037056496e-11,-1.41862087903242,4.24406641192726e-09,0.999948020613805,0.999999999856525
"DPY30",1.79011309853548e-11,-1.41947641314378,4.19458641776977e-09,0.999948324506323,0.999999999856525
"UBE2N",1.78146478030964e-11,-1.42018251339668,4.15415490494855e-09,0.999948574158769,0.999999999856525
"SMNDC1",1.7541950976611e-11,-1.42242857623915,4.02794926317385e-09,0.99994936135725,0.999999999856525
"FAM133B",1.69203361169034e-11,-1.42766371574013,3.7475391392753e-09,0.999951155783241,0.999999999856525
"SSH2",1.69150771192525e-11,-1.42770871185435,3.74520996134022e-09,0.999951170964477,0.999999999856525
"ATP6V1B2",1.68994965421613e-11,-1.42784209079813,3.7383136690344e-09,0.999951215941189,0.999999999856525
"XBP1",1.67668443806278e-11,-1.4289820043782,3.67985640926529e-09,0.999951598870398,0.999999999856525
"ST3GAL1",1.67356605235444e-11,-1.42925110838833,3.66618115794820e-09,0.999951688889359,0.999999999856525
"FYTTD1",1.62050242283053e-11,-1.43389815496342,3.43738023054218e-09,0.99995322068601,0.999999999856525
"IL32",1.59638705727695e-11,-1.43605374177785,3.33583531199808e-09,0.999953916828293,0.999999999856525
"EIF6",1.59280696349769e-11,-1.43637615373963,3.32089004942097e-09,0.999954020175457,0.999999999856525
"LSM4",1.56567822456505e-11,-1.4388398847021,3.20873039659528e-09,0.999954803305293,0.999999999856525
"OCIAD1",1.49218568028831e-11,-1.44570488512756,2.91456631642123e-09,0.999956924826836,0.999999999856525
"FGL2",1.48381638229394e-11,-1.4465051317346,2.88196384935706e-09,0.999957166424758,0.999999999856525
"AKNA",1.471945189385e-11,-1.44764694849219,2.83603432304429e-09,0.999957509112466,0.999999999856525
"HADH",1.45729106005286e-11,-1.44906748687989,2.77984644571828e-09,0.999957932135663,0.999999999856525
"PSMF1",1.44495006482226e-11,-1.450273421862,2.73296382487068e-09,0.999958288385233,0.999999999856525
"EPRS",1.41322205589329e-11,-1.45341525127595,2.61426145127418e-09,0.999959204282963,0.999999999856525
"ATXN2L",1.40256847471878e-11,-1.45448391343678,2.57499477256707e-09,0.999959511821669,0.999999999856525
"C1orf162",1.36755480084214e-11,-1.45804635897093,2.4480353366332e-09,0.999960522567238,0.999999999856525
"DDX46",1.35420303764058e-11,-1.45942565295517,2.40046718139249e-09,0.999960907994815,0.999999999856525
"COX6B1",1.35306767789226e-11,-1.45954348293991,2.39644377979285e-09,0.999960940769435,0.999999999856525
"LBH",1.33589302383559e-11,-1.46133642800184,2.33599317382409e-09,0.99996143655304,0.999999999856525
"EXOC4",1.32359053426727e-11,-1.46263305406668,2.29316608830674e-09,0.99996179169106,0.999999999856525
"SLC25A37",1.31769741766515e-11,-1.46325786192987,2.27279149305634e-09,0.999961961808641,0.999999999856525
"CFD",1.3124001901447e-11,-1.46382155997339,2.2545546904055e-09,0.999962114724592,0.999999999856525
"ISG20",1.2704245433927e-11,-1.46835936756434,2.11264222711885e-09,0.999963326442594,0.999999999856525
"FBXL5",1.25761043911374e-11,-1.4697705133034,2.07023893861765e-09,0.999963696349482,0.999999999856525
"PLEKHJ1",1.25294882416643e-11,-1.47028696049504,2.05491977408139e-09,0.999963830917099,0.999999999856525
"GZMM",1.2479758969574e-11,-1.47083973443086,2.0386402791331e-09,0.999963974471419,0.999999999856525
"NUTM2B-AS1",1.23615056551069e-11,-1.47216189829491,2.00018860714141e-09,0.999964315835236,0.999999999856525
"CD7",1.22740649316293e-11,-1.47314661483749,1.97199149878505e-09,0.999964568251832,0.999999999856525
"IK",1.21952719503287e-11,-1.47403916118692,1.94675448651316e-09,0.999964795704847,0.999999999856525
"CD8B",1.21699556856506e-11,-1.47432699720178,1.93868030875928e-09,0.99996486878573,0.999999999856525
"CAMP",1.21645132213252e-11,-1.47438894359015,1.93694672165065e-09,0.999964884496583,0.999999999856525
"HIST1H4H",1.18862937538647e-11,-1.47758807984718,1.84935856764636e-09,0.999965687637364,0.999999999856525
"RANBP2",1.17448141535885e-11,-1.47923984244079,1.80559566566709e-09,0.999966096048889,0.999999999856525
"EDF1",1.16850445644558e-11,-1.47994282868371,1.78726500382639e-09,0.999966268586759,0.999999999856525
"UBE2G1",1.1620389677814e-11,-1.48070678818856,1.76754137779546e-09,0.9999664552271,0.999999999856525
"HBG1",1.10972881370894e-11,-1.48702685075071,1.61198846756297e-09,0.999967965273051,0.999999999856525
"ANXA2",1.10707502389486e-11,-1.4873543045119,1.60428791316871e-09,0.999968041880444,0.999999999856525
"AAK1",1.09414355040204e-11,-1.48895972365984,1.56702821021498e-09,0.999968415175448,0.999999999856525
"ALAS2",1.0863532950427e-11,-1.48993481724117,1.54479330092663e-09,0.99996864005805,0.999999999856525
"ARL4C",1.06425899693433e-11,-1.49273363803141,1.48259614322479e-09,0.999969277857842,0.999999999856525
"SERPINB6",1.04805066016048e-11,-1.49481901974158,1.43778105643114e-09,0.999969745746606,0.999999999856525
"PPP1CB",1.01940751635639e-11,-1.49857353575648,1.36026607957839e-09,0.99997057259302,0.999999999856525
"S100A11",9.90257476916121e-12,-1.50248947590592,1.28358450541888e-09,0.999971414072075,0.999999999856525
"MAZ",9.62491199562341e-12,-1.5063134705684,1.21261166033984e-09,0.999972215605839,0.999999999856525
"RWDD1",8.85968639921499e-12,-1.51736965019774,1.02745995632991e-09,0.999974424595345,0.999999999856525
"MGAT4A",8.7993086465326e-12,-1.51827679292913,1.01350362939949e-09,0.999974598888811,0.999999999856525
"UQCRFS1",8.77225901620385e-12,-1.51868494807653,1.00728205858132e-09,0.999974676973431,0.999999999856525
"UBL5",8.72746163220943e-12,-1.51936330428201,9.97020531987046e-10,0.999974806290787,0.999999999856525
"TRPM7",8.55378487881471e-12,-1.52202208239081,9.57733885144252e-10,0.999975307646371,0.999999999856525
"CD3G",8.49305216478095e-12,-1.52296286317022,9.44182156262871e-10,0.99997548296451,0.999999999856525
"CDK2",8.45105197865359e-12,-1.52361688051294,9.34866830810218e-10,0.999975604207149,0.999999999856525
"HBG2",8.40252530463344e-12,-1.52437604044272,9.24161481849251e-10,0.999975744289909,0.999999999856525
"TCF7",8.22521463003074e-12,-1.52718259158241,8.85569568502794e-10,0.999976256135594,0.999999999856525
"NAP1L4",8.20752203305101e-12,-1.52746550439406,8.81763911127773e-10,0.999976307209109,0.999999999856525
"MECOM",7.98836365844254e-12,-1.53101445398589,8.3530265157488e-10,0.999976939857248,0.999999999856525
"LTB",7.88856642225852e-12,-1.53265853410283,8.14562436690531e-10,0.999977227943596,0.999999999856525
"TMEM14C",7.8630051759909e-12,-1.53308253135328,8.09292151441206e-10,0.999977301731672,0.999999999856525
"VCAN",7.63288218157393e-12,-1.53695439992621,7.62614964722376e-10,0.999977966031562,0.999999999856525
"TERT",7.59251223093428e-12,-1.53764402952556,7.54569428847064e-10,0.999978082568173,0.999999999856525
"TMEM160",7.46748637919999e-12,-1.53980014528154,7.2992305912196e-10,0.999978443482386,0.999999999856525
"GMFG",7.43802630174716e-12,-1.54031274208267,7.24175161711563e-10,0.999978528525284,0.999999999856525
"KDM5B",7.40540972838863e-12,-1.54088231562411,7.1783790961824e-10,0.999978622680091,0.999999999856525
"PSMA3-AS1",7.30874574357485e-12,-1.54258318188119,6.99220114776418e-10,0.99997890172163,0.999999999856525
"SCAF11",7.10797236549319e-12,-1.54617908961106,6.61332196977928e-10,0.999979481297492,0.999999999856525
"SREK1",6.8700079223969e-12,-1.55055680309054,6.17792570561287e-10,0.999980168233423,0.999999999856525
"STK17B",6.2412867841529e-12,-1.56278883651951,5.09889986138534e-10,0.99998198317323,0.999999999856525
"CDC37",6.20795526905183e-12,-1.56346665222016,5.04458406247531e-10,0.999982079391871,0.999999999856525
"FAM136A",6.20077394640055e-12,-1.56361310105903,5.03291972832057e-10,0.999982100122315,0.999999999856525
"TRMT1",6.15236550410671e-12,-1.56460414466606,4.95464408285515e-10,0.999982239863774,0.999999999856525
"MDM4",5.80558427058283e-12,-1.5719079702154,4.41184323474014e-10,0.999983240922951,0.999999999856525
"CD2",5.80492505757495e-12,-1.57192221021563,4.41084137887342e-10,0.999983242825912,0.999999999856525
"CHD4",5.79128089991425e-12,-1.57221725956494,4.39013086595652e-10,0.99998328221273,0.999999999856525
"CRHBP",5.59307500578545e-12,-1.57657271093832,4.09476980787211e-10,0.999983854376994,0.999999999856525
"BTG2",5.50168951959805e-12,-1.57862602639992,3.96205373524634e-10,0.999984118181002,0.999999999856525
"TPGS2",5.48227336047328e-12,-1.57906608300329,3.93413790269341e-10,0.999984174229953,0.999999999856525
"TMEM59",5.27672044996321e-12,-1.58380951913683,3.64465461674922e-10,0.999984767602972,0.999999999856525
"SMC5",5.27671956599179e-12,-1.58380953987731,3.64465339562322e-10,0.999984767605524,0.999999999856525
"CHMP5",5.14865757912042e-12,-1.58684629352252,3.46989412803884e-10,0.999985137284199,0.999999999856525
"AHNAK",5.11230631846919e-12,-1.58772021060566,3.42106984869355e-10,0.999985242219991,0.999999999856525
"CPA3",5.08651217385123e-12,-1.58834359449497,3.38663491915366e-10,0.999985316680378,0.999999999856525
"TFRC",5.02823451521426e-12,-1.58976216959532,3.30947614635419e-10,0.999985484911469,0.999999999856525
"EIF2AK4",4.97906945419317e-12,-1.59097004343796,3.24507377191205e-10,0.999985626837071,0.999999999856525
"SRSF9",4.94203168957885e-12,-1.59188681643316,3.19697512601682e-10,0.999985733754605,0.999999999856525
"RNF149",4.83294117528549e-12,-1.59462206553241,3.05739269587377e-10,0.999986048668014,0.999999999856525
"STUB1",4.81307409756477e-12,-1.59512594167604,3.03230792482806e-10,0.999986106018639,0.999999999856525
"MIER1",4.67507186465447e-12,-1.59867657208506,2.86091390052826e-10,0.999986504391989,0.999999999856525
"KDM5A",4.61455155107812e-12,-1.6002623859413,2.78732242954034e-10,0.999986679096988,0.999999999856525
"SMARCE1",4.60596321910710e-12,-1.60048888320089,2.77695688322346e-10,0.99998670388907,0.999999999856525
"PAPOLA",4.40049697604257e-12,-1.60601968516182,2.53472973320219e-10,0.999987297011904,0.999999999856525
"CYBB",3.62122478777863e-12,-1.6292644581976,1.71648168776828e-10,0.999989546549941,0.999999999856525
"RSBN1",3.60877683072779e-12,-1.62966968896677,1.70470116179253e-10,0.999989582483667,0.999999999856525
"TIA1",3.57564922662874e-12,-1.63075405134241,1.67354741310355e-10,0.999989678113675,0.999999999856525
"FLT3LG",3.56431789270157e-12,-1.63112695575205,1.66295718156411e-10,0.999989710824026,0.999999999856525
"ZC3HAV1",3.47682911634818e-12,-1.63404121039529,1.58232211296609e-10,0.999989963379337,0.999999999856525
"PDCD6",3.37405311504704e-12,-1.63754692263239,1.49015702879438e-10,0.999990260064536,0.999999999856525
"UBE2D2",3.27979199696659e-12,-1.64084444771925,1.4080588582513e-10,0.999990532169679,0.999999999856525
"CYTIP",3.24471096568358e-12,-1.64209266304491,1.3780984318455e-10,0.999990633438678,0.999999999856525
"ACYP2",2.68993190720932e-12,-1.66357058990373,9.47132585225012e-11,0.99999223492865,0.999999999856525
"ROMO1",2.38954975035746e-12,-1.67685803119342,7.47412504348875e-11,0.999993102046837,0.999999999856525
"LSM6",2.19316436620283e-12,-1.68635058440115,6.29608478159963e-11,0.999993668955805,0.999999999856525
"UBTF",1.90079705278694e-12,-1.70194591958441,4.72933094048936e-11,0.99999451293741,0.999999999856525
"UFM1",1.77005017776851e-12,-1.70960312810572,4.10109057954303e-11,0.999994890366597,0.999999999856525
"PPHLN1",1.73271025888848e-12,-1.71187981256101,3.92988732693471e-11,0.999994998156364,0.999999999856525
"SCNM1",1.4419945348573e-12,-1.73122386165769,2.72179514038781e-11,0.999995837370299,0.999999999856525
"CCDC53",1.32898514111683e-12,-1.73966790938466,2.31189686506267e-11,0.999996163596403,0.999999999856525
"EREG",1.3231421722861e-12,-1.7401211834058,2.2916127463637e-11,0.999996180463399,0.999999999856525
"MGST3",1.23788398179414e-12,-1.7469404334412,2.00580214734349e-11,0.999996426579641,0.999999999856525
"NDUFA1",1.14787877145604e-12,-1.75459573375093,1.72472657043705e-11,0.999996686399184,0.999999999856525
"NDUFB1",9.3441659657252e-13,-1.77507163168336,1.14290278910397e-11,0.999997302604009,0.999999999856525
"PIAS1",9.13395045114548e-13,-1.77730156921663,1.09205750601811e-11,0.999997363287272,0.999999999856525
"PIN4",7.14703365113803e-13,-1.80091438923187,6.68620763867542e-12,0.999997936853862,0.999999999856525
"IL7R",6.18231133152128e-13,-1.81451164130343,5.00299361749757e-12,0.999998215341865,0.999999999856525
"LUC7L",6.10572264092419e-13,-1.81566826483776,4.87980367471095e-12,0.99999823745085,0.999999999856525
"LGALS3",5.99686741163435e-13,-1.81733397656278,4.70735660254847e-12,0.999998268874271,0.999999999856525
"NBPF14",5.56033630708859e-13,-1.82428842447852,4.04697317127372e-12,0.999998394888434,0.999999999856525
"DARS",5.18109083865303e-13,-1.83072527364075,3.51374806088054e-12,0.999998504365857,0.999999999856525
"GIMAP7",5.08545475440016e-13,-1.83241276898604,3.38522699117335e-12,0.999998531973285,0.999999999856525
"SYNE2",5.00062796645889e-13,-1.83393268881912,3.27323582849038e-12,0.999998556460375,0.999999999856525
"RPAIN",3.66150162899207e-13,-1.86148487558464,1.75487694697821e-12,0.999998943028211,0.999999999856525
"AP3S1",3.05439280651026e-13,-1.87698848880443,1.2211752169649e-12,0.999999118283329,0.999999999856525
"GPATCH8",2.93192105238416e-13,-1.88043625244964,1.1252078395623e-12,0.999999153637454,0.999999999856525
"SESN3",2.77769479337134e-13,-1.88495993432881,1.00994391069303e-12,0.999999198158206,0.999999999856525
"MS4A7",2.26485496488567e-13,-1.90175432413409,6.71442764052902e-13,0.999999346200536,0.999999999856525
"CD3E",1.0728079768309e-13,-1.95945915755209,1.50651060627275e-13,0.99999969031073,0.999999999856525
"SYNRG",6.31041669840088e-14,-1.99706581582611,5.21247856170074e-14,0.999999817836148,0.999999999856525
"PRRC2C",4.66715897802774e-14,-2.01727953959969,2.85123750207955e-14,0.999999865272343,0.999999999856525
"GIMAP4",1.40121157714065e-14,-2.09024100503142,2.57001488870697e-15,0.999999959550991,0.999999999856525
"SPOCK2",1.22499941632784e-14,-2.09768343016345,1.964264505891e-15,0.999999964637737,0.999999999856525
"UTP18",1.09487147177371e-14,-2.10380032032095,1.56911395620754e-15,0.999999968394162,0.999999999856525
"PDZD8",8.02844506035771e-15,-2.12022675923721,8.43705897969762e-16,0.999999976824154,0.999999999856525
"LCK",6.43574642729967e-15,-2.13152471433203,5.42158229082974e-16,0.999999981421823,0.999999999856525
"HBM",5.55545595930112e-15,-2.13885646056701,4.0398721731207e-16,0.999999983962973,0.999999999856525
"TRA2A",5.12292185354422e-15,-2.14283537803203,3.43529207627562e-16,0.999999985211576,0.999999999856525
"MMP9",4.79674745945867e-15,-2.14603312167784,3.01177076914751e-16,0.999999986153149,0.999999999856525
"PDGFRB",4.78906332164525e-15,-2.1461106993061,3.00212910048647e-16,0.999999986175331,0.999999999856525
"COL1A1",4.76977355592926e-15,-2.14630592112502,2.97799338326927e-16,0.999999986231015,0.999999999856525
"BTF3L4",4.61791602809464e-15,-2.14786713255963,2.79138839385455e-16,0.999999986669385,0.999999999856525
"CDC25A",4.61396946486382e-15,-2.14790829558288,2.78661928011695e-16,0.999999986680777,0.999999999856525
"SKAP1",4.23842601665296e-15,-2.15197219894905,2.35145904478548e-16,0.999999987764865,0.999999999856525
"NOS2",4.07078292050997e-15,-2.15388785765467,2.16912256830314e-16,0.999999988248803,0.999999999856525
"CLEC2D",3.94487410728268e-15,-2.15537206694618,2.03701628860925e-16,0.999999988612266,0.999999999856525
"DUSP2",3.90304065426698e-15,-2.1558742823658,1.99404224734742e-16,0.999999988733027,0.999999999856525
"PGR",3.64514991329392e-15,-2.15907744028989,1.73923791278409e-16,0.999999989477485,0.999999999856525
"GZMK",3.57526473467578e-15,-2.15997921194218,1.67318751710911e-16,0.999999989679224,0.999999999856525
"ATP12A",3.53574361616202e-15,-2.16049595529258,1.63640100422979e-16,0.99999998979331,0.999999999856525
"GNLY",3.5045025562256e-15,-2.16090798722291,1.60761099456306e-16,0.999999989883494,0.999999999856525
"CFTR",3.49172629350792e-15,-2.16107740754855,1.59591072019075e-16,0.999999989920375,0.999999999856525
"RBL2",3.46117892277811e-15,-2.16148466892625,1.56810921239919e-16,0.999999990008557,0.999999999856525
"LINC00861",3.44108785478563e-15,-2.16175422548129,1.54995727563296e-16,0.999999990066554,0.999999999856525
"PON1",3.41123599709299e-15,-2.16215726746312,1.52318178433493e-16,0.999999990152728,0.999999999856525
"CCR5",3.35114731940192e-15,-2.16297789673718,1.46999292985691e-16,0.999999990326187,0.999999999856525
"ESR1",3.3066614564781e-15,-2.16359368718796,1.43122420274657e-16,0.999999990454605,0.999999999856525
"DHRS4",3.28653464876155e-15,-2.16387465005068,1.4138542316235e-16,0.999999990512706,0.999999999856525
"LEF1",3.28274924586164e-15,-2.16392765926722,1.41059917650844e-16,0.999999990523633,0.999999999856525
"PRTN3",3.28050731755141e-15,-2.16395907926482,1.40867311874293e-16,0.999999990530105,0.999999999856525
"IGLV2-14",3.25435987269104e-15,-2.16432690798284,1.38630681455832e-16,0.999999990605585,0.999999999856525
"SAMHD1",3.22860531849991e-15,-2.16469171984136,1.36445155684642e-16,0.999999990679931,0.999999999856525
"MET",3.15231368659737e-15,-2.16578737250618,1.30072971179277e-16,0.999999990900163,0.999999999856525
"AVP",3.13966481346399e-15,-2.1659712420956,1.29031212152856e-16,0.999999990936677,0.999999999856525
"IGKV3-11",3.04156971256819e-15,-2.1674193867137,1.21094315132539e-16,0.99999999121985,0.999999999856525
"PTBP1",2.96068298048729e-15,-2.16864423685889,1.14739253446881e-16,0.999999991453347,0.999999999856525
"KLRD1",2.86602318141849e-15,-2.17011500051228,1.07519590860243e-16,0.999999991726603,0.999999999856525
"CYP1A1",2.782000187499e-15,-2.17145616710643,1.0130771393164e-16,0.999999991969154,0.999999999856525
"BAD",2.77363873967252e-15,-2.17159154326371,1.00699657758403e-16,0.999999991993291,0.999999999856525
"SHH",2.71054312168055e-15,-2.17262464514263,9.617027260772e-17,0.99999999217543,0.999999999856525
"ANKRD44",2.69034994544507e-15,-2.17295967963548,9.47426992975572e-17,0.999999992233722,0.999999999856525
"TTR",2.61899058313757e-15,-2.1741613473405,8.97834065358266e-17,0.999999992439716,0.999999999856525
"MT-CO1",2.6188957937563e-15,-2.17416296232064,8.97769075742815e-17,0.99999999243999,0.999999999856525
"ILF3-AS1",2.58788499831657e-15,-2.17469404771236,8.76633678942643e-17,0.999999992529509,0.999999999856525
"USP48",2.55595821467543e-15,-2.17524660855848,8.55137013510736e-17,0.999999992621673,0.999999999856525
"SH3KBP1",2.54774018492844e-15,-2.1753898058308,8.49646905148467e-17,0.999999992645396,0.999999999856525
"IGKC",2.53311966048913e-15,-2.17564555673328,8.39923276338475e-17,0.999999992687601,0.999999999856525
"EMC6",2.5147381396612e-15,-2.17596891706103,8.2777773830396e-17,0.999999992740663,0.999999999856525
"CCDC47",2.45933695438543e-15,-2.17695604700502,7.91706620621407e-17,0.999999992900591,0.999999999856525
"PPARG",2.43209816018505e-15,-2.17744846321613,7.74266383681938e-17,0.999999992979222,0.999999999856525
"KNG1",2.40469653408434e-15,-2.17794866493234,7.56917873115187e-17,0.999999993058322,0.999999999856525
"EGFR",2.37066451168296e-15,-2.17857681815071,7.35645194624147e-17,0.999999993156563,0.999999999856525
"DEFA3",2.35851022161742e-15,-2.17880305167035,7.28121292058739e-17,0.999999993191649,0.999999999856525
"IGFBP3",2.35599332237552e-15,-2.17885002602697,7.26568082688196e-17,0.999999993198915,0.999999999856525
"FIS1",2.35231227821711e-15,-2.17891880580423,7.24299451613514e-17,0.999999993209541,0.999999999856525
"IDO1",2.33944049323688e-15,-2.17916004822946,7.16394447484937e-17,0.999999993246698,0.999999999856525
"DNAJC8",2.31998781743562e-15,-2.17952681937842,7.0453020024206e-17,0.999999993302852,0.999999999856525
"TEK",2.31310663968863e-15,-2.179657198522,7.0035706810648e-17,0.999999993322716,0.999999999856525
"MON2",2.30243762974605e-15,-2.17986001207988,6.93911291556115e-17,0.999999993353515,0.999999999856525
"KLF1",2.26635475747922e-15,-2.18055201680158,6.72332320627011e-17,0.999999993457676,0.999999999856525
"DEFA4",2.24291449217764e-15,-2.1810066882393,6.58496755716334e-17,0.999999993525341,0.999999999856525
"F8",2.13706423459438e-15,-2.18311255901215,5.97810250836258e-17,0.999999993830901,0.999999999856525
"MS4A1",2.0989177894173e-15,-2.18389365712414,5.76658983875385e-17,0.999999993941019,0.999999999856525
"GZMA",2.06142089065192e-15,-2.18467352790168,5.56239148222794e-17,0.999999994049262,0.999999999856525
"LTF",2.05270318096518e-15,-2.18485659963826,5.51544446630938e-17,0.999999994074427,0.999999999856525
"C1QA",2.02178231087208e-15,-2.18551141286377,5.35053230351536e-17,0.999999994163687,0.999999999856525
"RNF5",2.01298714492241e-15,-2.18569925241114,5.3040817420101e-17,0.999999994189076,0.999999999856525
"HBD",1.98298943427786e-15,-2.1863453083643,5.14717585033428e-17,0.999999994275671,0.999999999856525
"MTRNR2L12",1.93983568317728e-15,-2.18728970804501,4.92558812199853e-17,0.999999994400244,0.999999999856525
"AR",1.93724412213793e-15,-2.18734700024791,4.91243604361968e-17,0.999999994407725,0.999999999856525
"ABL1",1.93424957870847e-15,-2.18741328397243,4.89726074036748e-17,0.999999994416369,0.999999999856525
"KDR",1.73103540315688e-15,-2.19213361525307,3.92229365895901e-17,0.999999995002991,0.999999999856525
"PRPF38B",1.71449379288178e-15,-2.19253864703125,3.84768969144257e-17,0.999999995050742,0.999999999856525
"CTSK",1.70846550778847e-15,-2.19268709495165,3.82067974494553e-17,0.999999995068144,0.999999999856525
"ANKRD36B",1.69627152495299e-15,-2.19298876644138,3.7663350244591e-17,0.999999995103345,0.999999999856525
"PARP8",1.63485088096849e-15,-2.19453744386221,3.49852109431716e-17,0.999999995280649,0.999999999856525
"CCL4",1.610388842238e-15,-2.19516829711813,3.39460863146537e-17,0.999999995351264,0.999999999856525
"NOD2",1.59931370845485e-15,-2.19545664714435,3.34807767562715e-17,0.999999995383234,0.999999999856525
"NFKB1",1.50798307279343e-15,-2.19790278164379,2.97660453204228e-17,0.99999999564688,0.999999999856525
"JCHAIN",1.44873232657387e-15,-2.19955924979745,2.74729001293421e-17,0.99999999581792,0.999999999856525
"ALPL",1.43643396333868e-15,-2.19991040847384,2.70084422117505e-17,0.999999995853422,0.999999999856525
"RP11-290D2.6",1.41337530082411e-15,-2.20057588461791,2.61482844502386e-17,0.999999995919986,0.999999999856525
"CXCL12",1.40166570658476e-15,-2.20091743170194,2.57168103046911e-17,0.999999995953788,0.999999999856525
"ALK",1.3294975888949e-15,-2.20307870006077,2.31368011272474e-17,0.999999996162117,0.999999999856525
"AZU1",1.29400932276266e-15,-2.20417899867129,2.19181056496883e-17,0.999999996264562,0.999999999856525
"ARG1",1.28580398760268e-15,-2.2044371161772,2.16410207811452e-17,0.999999996288248,0.999999999856525
"MBD4",1.27788949106517e-15,-2.20468743955067,2.13754271860654e-17,0.999999996311095,0.999999999856525
"USP3",1.18352153180579e-15,-2.20778046686762,1.83349838777141e-17,0.999999996583509,0.999999999856525
"CXCR2",1.17031212143278e-15,-2.20823032892161,1.79279904409845e-17,0.99999999662164,0.999999999856525
"LMO4",1.15589215428615e-15,-2.20872646533223,1.74889138071171e-17,0.999999996663267,0.999999999856525
"NBEAL1",1.11070854355935e-15,-2.21031655094216,1.61483602879253e-17,0.999999996793699,0.999999999856525
"MAP2K1",1.09468615686185e-15,-2.21089387610866,1.56858283339788e-17,0.999999996839951,0.999999999856525
"XDH",1.06704785610539e-15,-2.21190717321747,1.4903765225503e-17,0.999999996919735,0.999999999856525
"IL2",1.05823312533139e-15,-2.21223512697487,1.46585465097409e-17,0.999999996945181,0.999999999856525
"TRAC",1.03701118138713e-15,-2.21303450318424,1.40765129349311e-17,0.999999997006442,0.999999999856525
"GYPA",1.03348988861033e-15,-2.21316850902146,1.39810783474426e-17,0.999999997016607,0.999999999856525
"C9orf78",1.01725300619213e-15,-2.21379157909948,1.35452233130539e-17,0.999999997063479,0.999999999856525
"UQCRHL",9.69699696231085e-16,-2.21566725387846,1.23084318289362e-17,0.999999997200752,0.999999999856525
"APOB",9.25310754034077e-16,-2.21749142153627,1.1207362638618e-17,0.99999999732889,0.999999999856525
"ALOX5AP",8.30421206579781e-16,-2.2216600437437,9.02661808835918e-18,0.999999997602809,0.999999999856525
"RASSF5",8.15467790492889e-16,-2.22235423065641,8.7044599066531e-18,0.999999997645975,0.999999999856525
"IGHG1",7.53211529848152e-16,-2.225368355042,7.42612276156181e-18,0.999999997825692,0.999999999856525
"IGKV1-5",6.95160035298635e-16,-2.22837998141827,6.3255428012907e-18,0.99999999799327,0.999999999856525
"ACHE",6.67256994981891e-16,-2.22990581187707,5.82793200334369e-18,0.999999998073818,0.999999999856525
"HLF",6.66604987111458e-16,-2.22994212167289,5.81654808064447e-18,0.9999999980757,0.999999999856525
"IGKV4-1",6.22154095474504e-16,-2.23249321242908,5.06668767684917e-18,0.999999998204017,0.999999999856525
"C1QB",6.18234730381842e-16,-2.23272565118204,5.00305183834312e-18,0.999999998215331,0.999999999856525
"C5AR1",6.10442865053983e-16,-2.23319156444736,4.87773553297109e-18,0.999999998237824,0.999999999856525
"PLAT",5.91495265014042e-16,-2.23434638969805,4.57963378190049e-18,0.999999998292521,0.999999999856525
"CYP3A4",5.73157199830932e-16,-2.23549498104628,4.30007182761309e-18,0.999999998345457,0.999999999856525
"ZFC3H1",4.64443198699316e-16,-2.24304234707745,2.82353659207232e-18,0.999999998659284,0.999999999856525
"TLR9",4.45309225524031e-16,-2.24452665522906,2.5956826284142e-18,0.999999998714518,0.999999999856525
"ETS1",4.44535317760683e-16,-2.24458784469179,2.58666833790281e-18,0.999999998716752,0.999999999856525
"PLG",4.43208165596051e-16,-2.24469299178456,2.57124648990697e-18,0.999999998720584,0.999999999856525
"ATM",4.24719183685454e-16,-2.24618692579702,2.36119557539583e-18,0.999999998773956,0.999999999856525
"CD79A",4.20792817215915e-16,-2.24651141335249,2.31774066948004e-18,0.99999999878529,0.999999999856525
"FCGR3A",3.84437225609414e-16,-2.24964737453833,1.93454605955359e-18,0.999999998890239,0.999999999856525
"BOD1L1",3.66820959407913e-16,-2.25126035181995,1.76131279624006e-18,0.999999998941092,0.999999999856525
"CLC",3.62980226820974e-16,-2.25162090057509,1.72462286983082e-18,0.999999998952179,0.999999999856525
"ELANE",3.34489647946128e-16,-2.25440370508103,1.46451413714096e-18,0.999999999034423,0.999999999856525
"EHMT1",3.03884621211857e-16,-2.25763175749458,1.20877550240109e-18,0.999999999122771,0.999999999856525
"ZMAT2",2.92256861905017e-16,-2.25893240034657,1.11804076585582e-18,0.999999999156337,0.999999999856525
"S100A8",2.49902517077999e-16,-2.26408378590118,8.17465563081466e-19,0.999999999278602,0.999999999856525
"PSMD5-AS1",2.32160135740801e-16,-2.26646973116603,7.05510535523457e-19,0.999999999329819,0.999999999856525
"ABCB1",1.99967361657622e-16,-2.27123426422845,5.23415330554372e-19,0.999999999422751,0.999999999856525
"F2",1.53901967256258e-16,-2.27936467299735,3.10039157451124e-19,0.999999999555729,0.999999999856525
"VEGFA",1.48737565230831e-16,-2.28040364309494,2.89580651928394e-19,0.999999999570637,0.999999999856525
"CD164",1.44193166892531e-16,-2.28134404775451,2.7215578240122e-19,0.999999999583755,0.999999999856525
"S100A12",8.65183787610067e-17,-2.29627507604471,9.79816956496503e-20,0.999999999750246,0.999999999856525
"FLT1",8.60406326462863e-17,-2.2964313936529,9.69025923677784e-20,0.999999999751625,0.999999999856525
"F10",6.46753316828395e-17,-2.30433423159642,5.47526993117606e-20,0.999999999813301,0.999999999856525
"SHISA5",4.97018307118665e-17,-2.31136162233787,3.23350083229776e-20,0.999999999856525,0.999999999856525
