"gene","distance","Z","FC","p.value","p.adj"
"KIT",0.000232919371422007,6.84073467966365,563817.29290196,0,0
"PRSS57",1.3586866235341e-05,3.93880380738268,1918.51753380719,0,0
"SMIM24",3.23495224056154e-06,2.83392045901908,108.75842754914,1.83320404051189e-25,1.83320404051189e-22
"GYPC",1.66419538147449e-06,2.38804273846032,28.7829827911605,8.09593434533064e-08,6.07195075899798e-05
"CDCA7",1.59619304340824e-06,2.36132129290217,26.4787817911139,2.66448741161068e-07,0.000159869244696641
"RPS18",1.42076229526079e-06,2.28751315348958,20.9782868464678,4.64518210759884e-06,0.00232259105379942
"C1orf228",1.3971947090227e-06,2.27700076482891,20.2880841675698,6.66141602009733e-06,0.00285489258004171
"SPINK2",1.29700568402306e-06,2.23051419819712,17.4827976878133,2.89919106748511e-05,0.00987657117848296
"CD34",1.29547027538173e-06,2.22977780723271,17.4414295576281,2.96297135354489e-05,0.00987657117848296
"RPS6",1.21997812367009e-06,2.19259972172885,15.4678965700335,8.39185374916088e-05,0.0251755612474826
"IMPDH2",1.20140469295293e-06,2.18314657838942,15.0005029720523,0.000107482525621131,0.0293134160784904
"ZFP36L2",1.14638637895234e-06,2.15437863099045,13.6580660215651,0.000219297251497228,0.0548243128743071
"BST2",1.13535824344472e-06,2.14846816723126,13.3965512031208,0.000252087376798763,0.0581740100304838
"LCP1",1.09049073157906e-06,2.12389471276703,12.3586527768412,0.000438947325462883,0.0940601411706178
"C1QTNF4",1.0609714200188e-06,2.10724312022637,11.6986175599506,0.000625465497681712,0.125093099536342
"ICAM3",1.03553720347047e-06,2.09256948036329,11.1444486071139,0.000842835219565051,0.158031603668447
"FABP5",1.00422396827774e-06,2.07406723740075,10.4806529088513,0.00120631117875218,0.212878443309208
"RPS21",9.84887596834765e-07,2.06238962836021,10.0809279230404,0.00149811870234684,0.240670897448941
"RPL18A",9.83330117816418e-07,2.06144038114439,10.0490696291519,0.00152424901717663,0.240670897448941
"IGFBP7",9.75439638936673e-07,2.05661112620016,9.88844433912488,0.00166319918077496,0.249479877116245
"RPS19",9.00184921977829e-07,2.0087608554505,8.42152305160412,0.0037080504860859,0.523230589830566
"SELL",8.94801346667509e-07,2.00520590015709,8.32109406125339,0.0039187310210109,0.523230589830566
"EEF1B2",8.92515354708709e-07,2.00369075302714,8.27863177387867,0.00401143452203434,0.523230589830566
"RPS3A",8.87002071775197e-07,2.00002263380085,8.17666945615375,0.00424325978500212,0.530407473125264
"RPS5",8.8077572217735e-07,1.99585617110277,8.06227937996666,0.0045196288674718,0.542355464096616
"FKBP4",8.61148000146516e-07,1.98255213910381,7.70695401917862,0.0055008494144469,0.634713393974643
"RPL10A",8.2978250619257e-07,1.96073411908516,7.15575927988318,0.00747236557493034,0.830262841658927
"RPL36",8.25121692492555e-07,1.95743102324772,7.07559852933024,0.00781407156323002,0.836529967607693
"RPS28",8.21535441873743e-07,1.95487839818589,7.01422642854908,0.00808645635354103,0.836529967607693
"RPL12",8.04611660390082e-07,1.94269997664658,6.72821432510355,0.0094899556809007,0.94899556809007
"RPL3",7.98071195154362e-07,1.93793366682349,6.61927531968257,0.0100880873406039,0.976266516832632
"ZFAS1",7.77064541385309e-07,1.92239194027012,6.27539918571265,0.0122425538770199,0.999999999897218
"CCND1",7.75738243344402e-07,1.92139846441603,6.25399569529576,0.0123913479889492,0.999999999897218
"RBPMS2",7.73657528716341e-07,1.91983690456635,6.22049127869312,0.0126280067904439,0.999999999897218
"RPL7",7.72561194061317e-07,1.91901264397072,6.20287390188681,0.0127543054991927,0.999999999897218
"HPSE",7.66514873396688e-07,1.91444845621315,6.10616233173173,0.0134711323379042,0.999999999897218
"TGFB1I1",7.65338248433604e-07,1.9135566186824,6.08743040901761,0.0136146949341785,0.999999999897218
"NPM1",7.51804124172713e-07,1.90321156886503,5.87403568839251,0.0153657870693486,0.999999999897218
"RPS14",7.31046640025292e-07,1.88702601039631,5.55414666837132,0.0184369584710565,0.999999999897218
"RPS3",7.22577411747721e-07,1.88030711217296,5.42620172914722,0.0198367789329537,0.999999999897218
"RPS23",7.18922928272333e-07,1.87738672112634,5.37145377121982,0.020468910797708,0.999999999897218
"ITM2C",7.14331141961604e-07,1.87369894571574,5.30305756296889,0.0212880242675757,0.999999999897218
"RPL34",7.09833672802348e-07,1.8700668745781,5.23649107886516,0.0221178416755378,0.999999999897218
"RPL13",7.09154391168912e-07,1.8695165605486,5.22647366105756,0.0222455891094359,0.999999999897218
"CDK6",7.07719067358709e-07,1.86835223590229,5.20533837513137,0.0225176315937493,0.999999999897218
"CALD1",6.75943739021722e-07,1.84203522354273,4.74841067480886,0.0293253673520674,0.999999999897218
"HSH2D",6.74336012566296e-07,1.84067527321965,4.72584942851635,0.0297125040669566,0.999999999897218
"RPL22L1",6.72768661090023e-07,1.83934675767085,4.70390648357514,0.0300941410096188,0.999999999897218
"MANF",6.54197172998094e-07,1.82339677578545,4.44779230699486,0.0349463966869694,0.999999999897218
"GSN",6.49788195922919e-07,1.81955236898935,4.38804233137456,0.0361918469652927,0.999999999897218
"RP11-620J15.3",6.3834516665774e-07,1.80946771266242,4.23485282722461,0.0396020568908925,0.999999999897218
"TTK",6.25745703885216e-07,1.79818035552168,4.0693301524682,0.0436685880510067,0.999999999897218
"BANK1",6.22886804003721e-07,1.79559168729854,4.03223127599277,0.0446388657273254,0.999999999897218
"RPS9",6.20793121250325e-07,1.79368934158171,4.00517009954357,0.0453609197946871,0.999999999897218
"DAAM1",6.14770976378097e-07,1.78818626482043,3.92784087546847,0.0474928835453888,0.999999999897218
"RPL26",6.14069624513681e-07,1.78754231959963,3.91888395576179,0.0477465674000463,0.999999999897218
"FHL2",6.07018558589103e-07,1.78103259690066,3.82940333736453,0.0503608572696977,0.999999999897218
"EIF3E",6.06414343805176e-07,1.78047171554106,3.82178370027149,0.0505903549593317,0.999999999897218
"KCNAB2",6.01688444083154e-07,1.77606790100091,3.76244806971812,0.0524157840865613,0.999999999897218
"RSU1",5.99797902664564e-07,1.77429777620663,3.73884153666002,0.053161290766322,0.999999999897218
"GOLGB1",5.93906498232011e-07,1.76875031959424,3.66575408739287,0.05554150446355,0.999999999897218
"RPL29",5.81766167156449e-07,1.75716613525948,3.51741892051747,0.0607269496324671,0.999999999897218
"FCER1G",5.74398220638572e-07,1.75003276413141,3.428888357518,0.0640652103874658,0.999999999897218
"PLEK",5.73623082465767e-07,1.7492776841782,3.41964017813133,0.0644250540412318,0.999999999897218
"PGF",5.72930552694735e-07,1.74860232387863,3.4113881633589,0.0647479578040227,0.999999999897218
"PYCARD",5.72175825860438e-07,1.74786549941051,3.40240637538852,0.0651013815100701,0.999999999897218
"RPS25",5.68887201153122e-07,1.74464498101516,3.36340758633542,0.0666600006111946,0.999999999897218
"SPX",5.68392922929816e-07,1.74415953996038,3.35756552517458,0.0668968951164766,0.999999999897218
"RPL14",5.63082883810353e-07,1.73892114401093,3.29512447969077,0.0694858409979762,0.999999999897218
"CNN2",5.60317737768763e-07,1.73617626868539,3.26284103215716,0.0708662483186994,0.999999999897218
"EEF1A1",5.57877120881956e-07,1.73374373600606,3.23447854735632,0.0721032538152407,0.999999999897218
"CDKN2D",5.56514884063766e-07,1.73238198320841,3.21870178895573,0.0728013462530861,0.999999999897218
"EIF4B",5.5608568270757e-07,1.73195233364311,3.2137389802472,0.0730224374911115,0.999999999897218
"LAT",5.55130286589668e-07,1.73099490313716,3.20270558643796,0.073516556312925,0.999999999897218
"THBS1",5.547024076002e-07,1.73056564825324,3.19777037630344,0.0737387347669675,0.999999999897218
"CD9",5.50794308298036e-07,1.72663159570362,3.15286997523774,0.0757935467419783,0.999999999897218
"RPL7A",5.46531497957291e-07,1.72231269235882,3.1042562640388,0.0780878896914919,0.999999999897218
"VWF",5.44252676988368e-07,1.71999185201506,3.07842318285184,0.0793374088964234,0.999999999897218
"PDLIM7",5.39436174261328e-07,1.71505859109433,3.02417769876548,0.0820318954699717,0.999999999897218
"RPL37",5.35037429794504e-07,1.71051962564098,2.97505845660231,0.0845570722341952,0.999999999897218
"RPL11",5.33398605430172e-07,1.70882025689835,2.95686110810803,0.0855138004553365,0.999999999897218
"PDLIM1",5.28593935248704e-07,1.70381177477071,2.90383225673281,0.0883692332017615,0.999999999897218
"RPL31",5.26645555094716e-07,1.70176945307578,2.88246484562237,0.0895488518051974,0.999999999897218
"TPM1",5.2432887107813e-07,1.69933249852558,2.85716102362319,0.09096792045241,0.999999999897218
"NASP",5.23363280170184e-07,1.6983140126643,2.84664736112749,0.0915647008366957,0.999999999897218
"CSF3R",5.23264015703636e-07,1.69820921786881,2.84556763641106,0.0916262288764947,0.999999999897218
"PPP1R14A",5.22449344579301e-07,1.69734850494543,2.83671399041601,0.0921324504935085,0.999999999897218
"CD151",5.19860331491914e-07,1.69460539926802,2.80866881321084,0.0937561450072124,0.999999999897218
"SBDS",5.10019529727312e-07,1.68406927221077,2.7033407199227,0.100138220106082,0.999999999897218
"CTSW",5.09688899163386e-07,1.68371221944662,2.6998368644807,0.100358514877837,0.999999999897218
"CCND3",5.07025943929414e-07,1.6808290859491,2.67169906030582,0.102146923108337,0.999999999897218
"CSRP1",5.04748735584363e-07,1.67835312650238,2.647754120672,0.10369630568622,0.999999999897218
"RPL32",5.02163260543755e-07,1.67553018868732,2.62069840428444,0.105478006828929,0.999999999897218
"UHRF1",5.01753259849176e-07,1.67508137061671,2.61642071371114,0.105762764480793,0.999999999897218
"RPS15",5.01335703226209e-07,1.6746239532363,2.6120677805199,0.106053396360299,0.999999999897218
"RPS29",5.00137643436285e-07,1.67330968235959,2.59959839475317,0.106890798214784,0.999999999897218
"SH3BP5",4.97872094949772e-07,1.67081687331405,2.57610015592433,0.108488652264358,0.999999999897218
"RPL9",4.95292418833953e-07,1.66796638302837,2.54947368863227,0.11033100350776,0.999999999897218
"PLAC8",4.93139794713531e-07,1.66557787490637,2.52736096356027,0.111887203778629,0.999999999897218
"CMAS",4.92078267897043e-07,1.66439668555974,2.51649194054167,0.112660963654688,0.999999999897218
"FBL",4.91900756829907e-07,1.6641989479597,2.51467668216797,0.112790764319577,0.999999999897218
"RPLP0",4.88803675733135e-07,1.6607389416994,2.4831108030609,0.115074450686546,0.999999999897218
"PDIA6",4.86488848883162e-07,1.65814038129978,2.45964796301762,0.116804958046555,0.999999999897218
"RPS24",4.78946909515935e-07,1.64959874044311,2.38397624566954,0.122585175359309,0.999999999897218
"RPN1",4.7465547707209e-07,1.6446861018296,2.3414461085671,0.125972562423264,0.999999999897218
"RPL30",4.70022877880409e-07,1.63933935393437,2.29596449489343,0.129710614489253,0.999999999897218
"CD84",4.69748444476683e-07,1.63902117854654,2.29328417682847,0.129934728670113,0.999999999897218
"SELK",4.68920582271616e-07,1.638060382692,2.28520815067267,0.13061261795387,0.999999999897218
"ACTN1",4.66718623343953e-07,1.63549764472698,2.26379676379456,0.132429031895411,0.999999999897218
"LRPPRC",4.66089257077798e-07,1.63476322762992,2.2576954573177,0.132951780215969,0.999999999897218
"RPS16",4.6411818557067e-07,1.63245755948411,2.23864043932231,0.134599281132354,0.999999999897218
"RRBP1",4.60566958057464e-07,1.62828191470152,2.2045133263534,0.137607316001595,0.999999999897218
"VASP",4.5959892925867e-07,1.62713881900931,2.19525608514638,0.138436200030595,0.999999999897218
"MYL6",4.59402608451703e-07,1.62690673840349,2.19338104857917,0.138604769836387,0.999999999897218
"PDLIM5",4.57875089286178e-07,1.6250980289725,2.17881926153259,0.139921772143732,0.999999999897218
"PF4",4.56000313288178e-07,1.62287095047372,2.16101337726713,0.141551309974395,0.999999999897218
"PARVB",4.52539544282608e-07,1.61873883882091,2.12833625746559,0.14459762895707,0.999999999897218
"CD63",4.50515894635398e-07,1.61630987509396,2.10934398590171,0.146402066520606,0.999999999897218
"PAICS",4.49095597691298e-07,1.61459943433856,2.09606510974185,0.147678763603422,0.999999999897218
"RPS4Y1",4.47649644958709e-07,1.61285325615945,2.08258944024658,0.148987245442034,0.999999999897218
"PPBP",4.44916850832759e-07,1.60953960562224,2.05723963253119,0.151484369099187,0.999999999897218
"RPL5",4.44347306286976e-07,1.60884677553117,2.0519759988369,0.15200878901231,0.999999999897218
"RPS8",4.43400661338588e-07,1.60769350574755,2.04324218397388,0.152883488328848,0.999999999897218
"CITED2",4.4219850204847e-07,1.60622585939263,2.03217782168525,0.153999795352959,0.999999999897218
"PPIF",4.41147776722748e-07,1.60494024473525,2.02253181947091,0.154980547299512,0.999999999897218
"FLNA",4.40113124565066e-07,1.60367169095498,2.0130557978428,0.15595092423716,0.999999999897218
"AC090498.1",4.39749531532434e-07,1.603225285181,2.00973105843535,0.156293022419663,0.999999999897218
"TNFSF13B",4.39658486382134e-07,1.60311345312636,2.00889896056336,0.156378774222828,0.999999999897218
"MYB",4.39494790533878e-07,1.60291233250459,2.00740331241668,0.156533042579872,0.999999999897218
"ACTB",4.38098316932035e-07,1.60119393759921,1.99466672421864,0.157853786477153,0.999999999897218
"FERMT3",4.36461187190535e-07,1.59917333175949,1.97978683714352,0.159412864837175,0.999999999897218
"RPSA",4.35253283208671e-07,1.59767826119128,1.96884390159221,0.160570628770493,0.999999999897218
"TMSB4X",4.34321102579728e-07,1.5965219949052,1.96041959845853,0.161468450280199,0.999999999897218
"RPL39",4.31969942030159e-07,1.59359602450639,1.93925191735654,0.163749782768127,0.999999999897218
"PSMA6",4.22813410254385e-07,1.58206724598722,1.85791003180841,0.172866206456021,0.999999999897218
"LTBP1",4.20871540772211e-07,1.57959440263897,1.84088344831668,0.174847437000831,0.999999999897218
"UROD",4.17331238438804e-07,1.57506040617123,1.81004328842326,0.178503037117204,0.999999999897218
"EEF2",4.1522635232326e-07,1.57234883513712,1.79183076759678,0.180703261188449,0.999999999897218
"COL1A2",4.13964432504079e-07,1.57071745760588,1.78095616483939,0.182031958728147,0.999999999897218
"NAA38",4.12963819243752e-07,1.5694208126083,1.77235690133933,0.1830906627158,0.999999999897218
"FNBP1",4.12303258275545e-07,1.56856332606783,1.7666914488557,0.183792068871684,0.999999999897218
"ZYX",4.11080737346448e-07,1.56697319146784,1.75623014305861,0.185095429675513,0.999999999897218
"CDK2AP2",4.10772751433736e-07,1.56657194514567,1.75359955751813,0.185424857023114,0.999999999897218
"RPS12",4.09961697278456e-07,1.56551404445221,1.74668157135018,0.186294449493902,0.999999999897218
"LCN2",4.06665303368221e-07,1.56119556022328,1.71870528841342,0.189859788095668,0.999999999897218
"CAMTA1",4.05833069797885e-07,1.56010046859675,1.71167788470451,0.190767818188265,0.999999999897218
"ABRACL",4.03783925932159e-07,1.55739576040141,1.69443621822327,0.193017208823118,0.999999999897218
"RPL23A",4.03619763868527e-07,1.55717856321411,1.6930587210832,0.193198252716137,0.999999999897218
"ITGA2B",4.01205412042097e-07,1.55397530898255,1.67286439877635,0.195875310732071,0.999999999897218
"CKLF",4.01143331058236e-07,1.55389272181013,1.67234673361176,0.195944503476702,0.999999999897218
"TACC1",3.97461042351402e-07,1.54897412211444,1.64178509095447,0.200080722412336,0.999999999897218
"HMGA1",3.95145777201093e-07,1.54586118227216,1.62271355317183,0.202713836081748,0.999999999897218
"SNCA",3.92247957112454e-07,1.54194254631963,1.59900033229524,0.206044935759778,0.999999999897218
"STOM",3.89380563371006e-07,1.53804018874172,1.57570789666482,0.209380021178029,0.999999999897218
"TBXAS1",3.86309104336937e-07,1.53383228238087,1.55094736834435,0.212995638139277,0.999999999897218
"DHX29",3.84335017841226e-07,1.53111238966729,1.53513680949079,0.215343135377672,0.999999999897218
"GLTSCR2",3.82874414098082e-07,1.52909213949641,1.52349089717666,0.217091979853596,0.999999999897218
"RAP1B",3.80173464040063e-07,1.52533856444889,1.50207207840763,0.22035281388675,0.999999999897218
"APBB1IP",3.79689813661593e-07,1.524663976425,1.4982526870433,0.220940410402135,0.999999999897218
"MYADM",3.79299494553856e-07,1.52411902015929,1.4951738787792,0.221415435330037,0.999999999897218
"ACTR3",3.78983773968673e-07,1.52367785996997,1.49268581478907,0.221800207691097,0.999999999897218
"PRDX2",3.77958938131958e-07,1.52224363798398,1.48462378332706,0.22305248744244,0.999999999897218
"DGKD",3.77436994475685e-07,1.52151189544608,1.48052622222137,0.223692208105447,0.999999999897218
"RPS13",3.77247852708114e-07,1.52124650953666,1.4790427471707,0.223924353459624,0.999999999897218
"TAOK1",3.77053907846673e-07,1.52097426416267,1.47752237268773,0.224162572774319,0.999999999897218
"VIMP",3.77039894053846e-07,1.52095458792392,1.47741254591115,0.224179792703405,0.999999999897218
"TROVE2",3.76661358143822e-07,1.52042285908756,1.47444748584715,0.224645289499688,0.999999999897218
"FAM26F",3.75665686037315e-07,1.51902201735377,1.46666263694422,0.225872993473424,0.999999999897218
"GP1BA",3.75512736128421e-07,1.51880654132066,1.4654685952279,0.226062010437057,0.999999999897218
"PTMS",3.74890709686102e-07,1.51792944230993,1.46061760008515,0.226831879689718,0.999999999897218
"RPL41",3.74327243257443e-07,1.51713382339969,1.45623023884088,0.227530882899843,0.999999999897218
"LRRFIP2",3.74267146401172e-07,1.51704890470872,1.4557626916033,0.227605526020743,0.999999999897218
"ARHGEF6",3.73374580877503e-07,1.51578628407989,1.44882746248938,0.228716189275855,0.999999999897218
"HINT1",3.72816097988361e-07,1.51499491976479,1.44449647564434,0.229413096661019,0.999999999897218
"VIM",3.72024172091195e-07,1.51387099949248,1.43836627248763,0.230403896103097,0.999999999897218
"HSPD1",3.71897583396968e-07,1.51369114888715,1.43738757301824,0.230562556147668,0.999999999897218
"RPL38",3.71062323323797e-07,1.51250311831998,1.4309382478654,0.231611376971525,0.999999999897218
"CMTM5",3.70707090931605e-07,1.51199714903014,1.4281997736535,0.232058461172933,0.999999999897218
"SLAIN2",3.69576637514992e-07,1.51038419523295,1.41950260188162,0.233485289703331,0.999999999897218
"GATA1",3.69117131065455e-07,1.50972733511229,1.41597497031575,0.234067040959123,0.999999999897218
"PPIB",3.67863699978701e-07,1.50793194395636,1.40637469193011,0.2356591484894,0.999999999897218
"IFI27L2",3.66363348251565e-07,1.50577585786074,1.39492613797521,0.237574951260563,0.999999999897218
"ILK",3.64703920930538e-07,1.50338220775307,1.38231823814385,0.239706661455238,0.999999999897218
"RPL17",3.63063539528981e-07,1.50100670083863,1.36991129923964,0.241827124304462,0.999999999897218
"RPL35",3.62637446969025e-07,1.50038813052205,1.36669772129811,0.242380072143213,0.999999999897218
"TSPAN32",3.58513465929057e-07,1.49436833565523,1.33578978626018,0.247777814778444,0.999999999897218
"PFN1",3.58187523088071e-07,1.49388999092136,1.33336202138584,0.248207990292137,0.999999999897218
"LCP2",3.57932093356259e-07,1.49351486458142,1.33146101230694,0.248545468435894,0.999999999897218
"RCN1",3.54593208723971e-07,1.48858981049081,1.30673643489844,0.252986392748712,0.999999999897218
"RTN4",3.54228964815005e-07,1.48805009131634,1.30405321191014,0.253474183031308,0.999999999897218
"RPS15A",3.53916607792258e-07,1.48758687100425,1.30175441294938,0.253893008434517,0.999999999897218
"GNB2L1",3.49686218423688e-07,1.48127799263321,1.27082048351396,0.259612814181797,0.999999999897218
"AKR7A2",3.4911227390662e-07,1.48041694744115,1.26665227876634,0.260395650845376,0.999999999897218
"MFF",3.48977405627625e-07,1.48021443618697,1.26567380720794,0.260579842378832,0.999999999897218
"DSTN",3.46595920632242e-07,1.47662725933683,1.24845837453742,0.263847123762617,0.999999999897218
"RPL27A",3.45091270625253e-07,1.4743497709964,1.23764223209274,0.265925937492944,0.999999999897218
"GFI1B",3.42239227459856e-07,1.47000901612597,1.21726951838486,0.269897176473038,0.999999999897218
"PSTPIP2",3.41560502934597e-07,1.46897137679006,1.21244615879144,0.270848206964356,0.999999999897218
"MMRN1",3.39828471022346e-07,1.46631528153614,1.2001808590963,0.273285533385341,0.999999999897218
"AHCY",3.38631975475073e-07,1.46447355307694,1.19174434971481,0.274977982482204,0.999999999897218
"HSP90B1",3.34336372793517e-07,1.45781448281174,1.16170116855676,0.281113012272725,0.999999999897218
"RPS2",3.34103712990751e-07,1.45745169168492,1.16008490933774,0.281447931681133,0.999999999897218
"MLEC",3.33972753739718e-07,1.45724738760718,1.1591756463154,0.281636569742954,0.999999999897218
"PROS1",3.32932931028733e-07,1.45562272546801,1.15196870656606,0.283137409337687,0.999999999897218
"TC2N",3.31600399195469e-07,1.45353425760755,1.14276587371179,0.285068642233896,0.999999999897218
"PRDX1",3.31576758140228e-07,1.45349713928471,1.14260293525834,0.285102985353354,0.999999999897218
"DNAJC3",3.28972126388901e-07,1.44939349392824,1.12472248432733,0.28890384862426,0.999999999897218
"MAT2A",3.27722880021992e-07,1.44741524591638,1.11619660891273,0.290738898868487,0.999999999897218
"SEC11C",3.27710244062906e-07,1.44739520271663,1.11611053654102,0.290757500121088,0.999999999897218
"HSPA5",3.27526030455297e-07,1.44710292612238,1.11485610543861,0.291028769798092,0.999999999897218
"MEF2C",3.26247750790946e-07,1.44507083676593,1.10617089085475,0.292915829071283,0.999999999897218
"FAM162A",3.26050493880809e-07,1.44475663957177,1.10483366240089,0.293207759340355,0.999999999897218
"PAPSS1",3.2555766156604e-07,1.44397091707593,1.10149622705583,0.293937979371738,0.999999999897218
"PTTG1IP",3.24573727487723e-07,1.44239913126077,1.09484817654504,0.295399500678087,0.999999999897218
"VPS13A",3.17183067846938e-07,1.4304585944745,1.04555567581838,0.306532879620696,0.999999999897218
"WDR1",3.16437274171572e-07,1.42924026666247,1.04064461874987,0.307671598034254,0.999999999897218
"RPS7",3.14423222656619e-07,1.42593758926709,1.02743984144019,0.310760734683807,0.999999999897218
"RPL6",3.14233863161277e-07,1.425626128563,1.02620267515654,0.311052221792764,0.999999999897218
"RCSD1",3.13409768722611e-07,1.42426874415347,1.02082719474808,0.312322876569416,0.999999999897218
"CAP1",3.1293784054498e-07,1.42349002199888,1.01775521388424,0.313052071113484,0.999999999897218
"RPL4",3.0877057185997e-07,1.41656897371803,0.990829612029937,0.319539694573696,0.999999999897218
"PIP4K2A",3.0678818715587e-07,1.4132480440911,0.978147703200421,0.3226565366359,0.999999999897218
"FYB",3.06732543175672e-07,1.41315455917286,0.977792910560163,0.322744309098494,0.999999999897218
"RIN3",3.04581192787927e-07,1.40952881302791,0.964124989033174,0.326149773353632,0.999999999897218
"RPL13A",3.04516224006491e-07,1.40941897274598,0.963713726968009,0.326252977214002,0.999999999897218
"COX17",3.0342248218614e-07,1.40756675745316,0.956803349251912,0.327993587878452,0.999999999897218
"PLP2",3.03010670604345e-07,1.40686786298206,0.95420792316613,0.328650514537138,0.999999999897218
"TAGLN2",3.02457143356479e-07,1.40592715693228,0.950724892975276,0.329534850669528,0.999999999897218
"NPDC1",3.02187275397421e-07,1.40546797976253,0.949029077687007,0.329966560408942,0.999999999897218
"EBNA1BP2",3.0014672660684e-07,1.40198441748853,0.936255529913234,0.333242687645392,0.999999999897218
"KIF5B",2.99392609405692e-07,1.40069179665545,0.931556765154647,0.334458727099181,0.999999999897218
"CMTM6",2.99048797348432e-07,1.40010153344255,0.92941845887477,0.335014083777293,0.999999999897218
"DCTN3",2.9880141100239e-07,1.39967645046543,0.927881383077809,0.335414052139482,0.999999999897218
"CDC42EP3",2.97016800223178e-07,1.39660085837647,0.916830818716161,0.338308473987824,0.999999999897218
"YIF1B",2.96396297207786e-07,1.39552771871651,0.91300408540292,0.339318600930655,0.999999999897218
"OCIAD2",2.95562742145129e-07,1.39408303237026,0.907876025100907,0.340678600515856,0.999999999897218
"MCM7",2.92291972513385e-07,1.38837979974593,0.887893648687418,0.34604874808366,0.999999999897218
"RPL22",2.91631197992703e-07,1.38722087300806,0.883883724421982,0.347140160497834,0.999999999897218
"ATP2A3",2.88303535885623e-07,1.38134956470827,0.863827669273153,0.352669757748177,0.999999999897218
"LSM1",2.87162819056296e-07,1.37932331879621,0.85700546122421,0.354578050996458,0.999999999897218
"RAB27B",2.84762289905607e-07,1.37503630557553,0.842737125449556,0.358615123174723,0.999999999897218
"NACA",2.84601488849223e-07,1.37474801507411,0.841785631774098,0.358886578161888,0.999999999897218
"PBX1",2.84077608412957e-07,1.3738077976944,0.838689448793381,0.359771858281554,0.999999999897218
"SYTL1",2.83826157320975e-07,1.37335597820966,0.837205375165622,0.360197259999318,0.999999999897218
"GP6",2.83557934684539e-07,1.37287363883645,0.835623763879613,0.360651383521312,0.999999999897218
"ARF3",2.8328999900615e-07,1.37239141908661,0.834045337649706,0.361105379718668,0.999999999897218
"DNM1L",2.83289993045717e-07,1.37239140835485,0.834045302553015,0.361105389822143,0.999999999897218
"GNB5",2.82594935178802e-07,1.37113861942519,0.82995762845102,0.362284781464562,0.999999999897218
"RPL35A",2.8210892027574e-07,1.3702610211974,0.827105313274977,0.363110895569664,0.999999999897218
"PSMD6",2.80407073104595e-07,1.36717759049084,0.817156240558681,0.366012928341082,0.999999999897218
"NDUFAF3",2.79176436199232e-07,1.36493774717682,0.809999388898947,0.368120431365777,0.999999999897218
"RPL18",2.78877510574433e-07,1.36439238583612,0.808265718624401,0.368633488746136,0.999999999897218
"FAM96B",2.75367037554157e-07,1.35794951861796,0.78804510910186,0.374691896875381,0.999999999897218
"HCST",2.72666812417332e-07,1.35294492479853,0.772665881185719,0.379393602059372,0.999999999897218
"MYH9",2.72661552855861e-07,1.35293513474325,0.77263607305126,0.379402795417014,0.999999999897218
"RALB",2.71282738406843e-07,1.3503629495363,0.7648415881118,0.381817594197118,0.999999999897218
"CLIC4",2.71112651160995e-07,1.35004486343687,0.763882817063338,0.382116129894025,0.999999999897218
"RPL8",2.70246073179079e-07,1.34842154540528,0.759007308050983,0.383639361680358,0.999999999897218
"PF4V1",2.70206201184249e-07,1.34834674624721,0.758783357318963,0.383709536222152,0.999999999897218
"RPL19",2.67541484772732e-07,1.34332588865569,0.743891230700653,0.38841722233535,0.999999999897218
"SFT2D1",2.6685956424372e-07,1.3420340258171,0.740103943500048,0.389627583342328,0.999999999897218
"MGST1",2.6587693939255e-07,1.34016743496701,0.734663586832322,0.391375702525169,0.999999999897218
"HSP90AB1",2.63712325341279e-07,1.33603427846449,0.722749882454945,0.395243376596043,0.999999999897218
"DNAJC15",2.63100279624549e-07,1.33486027505524,0.719398938271315,0.396341139078329,0.999999999897218
"DTD1",2.62909342094304e-07,1.33449353958656,0.718355150601572,0.396683980115813,0.999999999897218
"TLN1",2.61398514360937e-07,1.33158348113677,0.710122712254649,0.399403077413139,0.999999999897218
"BCL11A",2.61108751030138e-07,1.33102368633569,0.708549226077645,0.39992585476853,0.999999999897218
"ARPC1A",2.59178314297217e-07,1.32728041552895,0.698111022198079,0.403419147012119,0.999999999897218
"GUCY1B3",2.58406130401618e-07,1.32577629534574,0.693957379561095,0.404821582148515,0.999999999897218
"ATP6V0D1",2.57403277009276e-07,1.32381701203795,0.688581446161838,0.406647302931174,0.999999999897218
"TOP1",2.56863822413427e-07,1.3227603267676,0.685698272436535,0.407631423180456,0.999999999897218
"RPLP2",2.56337464216735e-07,1.32172743242789,0.682890924121158,0.408593018839895,0.999999999897218
"HNRNPA1",2.54458685821933e-07,1.31802551972297,0.672917360880783,0.412036327611325,0.999999999897218
"PLXDC2",2.53400900073651e-07,1.31593080268245,0.667334349169835,0.413982520766716,0.999999999897218
"AIF1",2.5259408375278e-07,1.31432795709838,0.663091593138002,0.415470611759233,0.999999999897218
"DIAPH1",2.52273729092058e-07,1.31369029544907,0.661410716257695,0.41606234877229,0.999999999897218
"LTA4H",2.52056730596857e-07,1.31325796258524,0.660273353262419,0.416463455890577,0.999999999897218
"RPS20",2.51776222567188e-07,1.31269861767332,0.658804565518537,0.416982294061655,0.999999999897218
"CYB5R3",2.50571680512097e-07,1.31029053078057,0.652515968949606,0.419214588730826,0.999999999897218
"CHD1L",2.48878133130358e-07,1.30688775000724,0.64372541223201,0.422364982272023,0.999999999897218
"RPL37A",2.48783144450922e-07,1.30669629691686,0.643234127945841,0.422542093317184,0.999999999897218
"FKBP2",2.48676855081335e-07,1.30648199148135,0.642684618490658,0.422740326626419,0.999999999897218
"EPS15",2.48417534084659e-07,1.30595880222547,0.641344930338854,0.423224197662652,0.999999999897218
"ESAM",2.48249480845173e-07,1.30561949513239,0.640477490468178,0.42353794384473,0.999999999897218
"SEPT7",2.47221304814596e-07,1.30353919975726,0.635183139829877,0.425460453610279,0.999999999897218
"ATP8A1",2.46845708483271e-07,1.30277738342507,0.633254574417382,0.426164021782227,0.999999999897218
"DCXR",2.45372773572229e-07,1.2997800878172,0.62571982791127,0.428929669550886,0.999999999897218
"SLC25A6",2.44334570034458e-07,1.29765801519282,0.620436028838011,0.430885301083439,0.999999999897218
"PDIA3",2.44011683380819e-07,1.2969964406039,0.618797307429567,0.431494565400677,0.999999999897218
"SELP",2.43677804880654e-07,1.29631154309282,0.617105078863584,0.432125095408731,0.999999999897218
"PEBP1",2.42400622431485e-07,1.29368405426426,0.610653196175958,0.434541976204389,0.999999999897218
"RPL28",2.42120437174182e-07,1.29310603172881,0.60924233230757,0.43507322809972,0.999999999897218
"DBNL",2.41111116561429e-07,1.29101896722424,0.604173457083626,0.436990079051244,0.999999999897218
"TIMP1",2.40584261845194e-07,1.28992652094663,0.601535968886589,0.437992583753628,0.999999999897218
"SSR4",2.39482693979239e-07,1.2876356520129,0.59604005087572,0.440092927293948,0.999999999897218
"SDF2L1",2.38730105996103e-07,1.28606526081041,0.592299757663747,0.441531192083505,0.999999999897218
"TMEM167A",2.38029745293695e-07,1.28459997664206,0.588829604702987,0.442872060513116,0.999999999897218
"GNAI2",2.36873980076154e-07,1.28217368055867,0.583125304543427,0.445089902140012,0.999999999897218
"FHL1",2.35540939666333e-07,1.27936240931696,0.576580539002695,0.447655770449765,0.999999999897218
"C12orf75",2.33859604027779e-07,1.27579680883664,0.568378436731947,0.450904002842685,0.999999999897218
"SEC61B",2.33190343396466e-07,1.27437130360968,0.565129914977258,0.452200674557745,0.999999999897218
"SEPW1",2.30965778600768e-07,1.26960733326256,0.554399010812615,0.456525810694698,0.999999999897218
"GNA15",2.29692304593013e-07,1.26686215766891,0.548302294958597,0.459012206350731,0.999999999897218
"TREML1",2.29584413869794e-07,1.26662897417998,0.54778732047789,0.459223205808892,0.999999999897218
"EIF3L",2.28609818255481e-07,1.26451825661382,0.543146430808473,0.461131660828115,0.999999999897218
"MGLL",2.27462338963599e-07,1.26202306185595,0.537707599489524,0.463384327317893,0.999999999897218
"ANGPT1",2.25947757925039e-07,1.25871278582115,0.530570678714611,0.466367033102405,0.999999999897218
"F2R",2.25621923177946e-07,1.25799811773945,0.529041531337501,0.467010098527985,0.999999999897218
"DYNLT1",2.25312514734943e-07,1.25731864668784,0.52759151552833,0.467621200068551,0.999999999897218
"S100A4",2.25057907733326e-07,1.25675891237051,0.526399814328284,0.468124397443356,0.999999999897218
"CDK2AP1",2.24659553562431e-07,1.25588205465111,0.524538000325618,0.468912293575976,0.999999999897218
"SNRPN",2.2317764927693e-07,1.25260816595044,0.517640884874299,0.471849751865091,0.999999999897218
"HEMGN",2.2231921804276e-07,1.25070302190663,0.513666432119309,0.473555978584173,0.999999999897218
"MYDGF",2.22103802193506e-07,1.25022393834701,0.512671481851885,0.473984673270334,0.999999999897218
"EPB41L4A-AS1",2.20867371894415e-07,1.24746628102391,0.506979385038706,0.47644938891902,0.999999999897218
"DYNLL1",2.1801423261769e-07,1.24105120803233,0.493965782943281,0.482163572745465,0.999999999897218
"TMEM165",2.17524008199966e-07,1.23994163049871,0.491746828401664,0.48314911741456,0.999999999897218
"UBE2J1",2.16636269027203e-07,1.23792676730562,0.487741273919206,0.484936604166877,0.999999999897218
"STX11",2.15991775251372e-07,1.23645948294254,0.484843526224085,0.486236550780077,0.999999999897218
"SYK",2.15887644502635e-07,1.23622205677683,0.484376147785281,0.486446759610206,0.999999999897218
"P2RX1",2.15103773774381e-07,1.23443156643616,0.480865071681521,0.488030735797074,0.999999999897218
"RPS27",2.14908171298914e-07,1.23398389329603,0.479990929576036,0.488426425180336,0.999999999897218
"EIF4G3",2.1368883619956e-07,1.23118519673453,0.474559684712388,0.490896945328281,0.999999999897218
"MRPS26",2.1294726692119e-07,1.22947629833262,0.471271649145433,0.492402731488455,0.999999999897218
"SYPL1",2.12474125332923e-07,1.22838326710648,0.469179765034738,0.493364757158412,0.999999999897218
"PLD3",2.12373181804724e-07,1.22814979772846,0.468734069253482,0.493570133036061,0.999999999897218
"CORO1B",2.1233731878118e-07,1.22806682793455,0.468575774298677,0.493643109602654,0.999999999897218
"NCOR1",2.11885801221984e-07,1.22702118920548,0.466585118600836,0.494562382768994,0.999999999897218
"SLC50A1",2.10864267361962e-07,1.22464831670652,0.462097007218185,0.496645561426452,0.999999999897218
"TMEM91",2.10854662711523e-07,1.22462595911133,0.462054912090366,0.496665170031164,0.999999999897218
"RPS11",2.1084144955478e-07,1.22459520022884,0.461997004784849,0.496692146342981,0.999999999897218
"RASGRP2",2.10583703860133e-07,1.2239948588917,0.460868147483222,0.497218522595289,0.999999999897218
"RSL24D1",2.10468282634598e-07,1.22372581251836,0.460363080969774,0.497454335694332,0.999999999897218
"HELLS",2.09584433466537e-07,1.22166129881475,0.456504664276028,0.499262069651843,0.999999999897218
"NUDT3",2.09496912474118e-07,1.22145645353756,0.456123477578148,0.499441265747796,0.999999999897218
"HHEX",2.09439148348331e-07,1.22132121423772,0.455871980396234,0.499559554433371,0.999999999897218
"TPM4",2.05819107292411e-07,1.21278041939079,0.440249177824568,0.50700221235923,0.999999999897218
"RAB14",2.04768828930388e-07,1.21027803562149,0.435767529480373,0.509172394906431,0.999999999897218
"UHMK1",2.04099299737395e-07,1.20867698793139,0.432922544684719,0.510558373570922,0.999999999897218
"CFL1",2.03981494603248e-07,1.20839480753901,0.432422927293612,0.510802443447615,0.999999999897218
"SH3BGRL3",2.03867806264913e-07,1.20812235372092,0.431941042952266,0.511038041907563,0.999999999897218
"ARHGAP6",2.03615808210419e-07,1.2075179695513,0.430873870733517,0.511560464471233,0.999999999897218
"RPL24",2.01548505710723e-07,1.20253510229261,0.422168998731744,0.515856735544286,0.999999999897218
"TKT",2.0149185182173e-07,1.2023979233149,0.42193169452567,0.515974736712951,0.999999999897218
"SPI1",2.00711411154454e-07,1.20050477947476,0.418669478969349,0.517601696070451,0.999999999897218
"SPCS2",2.00630879668493e-07,1.20030906698035,0.418333580665216,0.517769728424331,0.999999999897218
"NDUFA4",2.00505262569662e-07,1.20000364822651,0.417809898569747,0.518031890151441,0.999999999897218
"ERP44",2.00467929358495e-07,1.1999128461518,0.417654324268965,0.518109817449803,0.999999999897218
"ANKRD28",2.00307689758949e-07,1.199522943235,0.416986905650228,0.518444361638766,0.999999999897218
"MAPRE2",2.00205529343932e-07,1.19927421980659,0.416561672928199,0.518657707839991,0.999999999897218
"RPS4X",1.9889908493523e-07,1.19608373097852,0.411142851285674,0.521390008459236,0.999999999897218
"GSPT1",1.98618703062327e-07,1.19539663080822,0.409984517636189,0.521977363695514,0.999999999897218
"PRDX4",1.97668359997819e-07,1.19306143887628,0.406070547769802,0.523970708432269,0.999999999897218
"TCEB1",1.97663857431468e-07,1.19305035190386,0.406052048716529,0.523980161846297,0.999999999897218
"PPA1",1.97163886218736e-07,1.19181787038135,0.404000509446731,0.525030425706188,0.999999999897218
"ARPC5",1.96477590128473e-07,1.19012164379412,0.401192881543441,0.526473845391994,0.999999999897218
"RPS27A",1.96284805074458e-07,1.18964423548292,0.400405961812987,0.526879675756144,0.999999999897218
"MRPL52",1.96159461302231e-07,1.18933361830089,0.399894741711398,0.527143621626197,0.999999999897218
"TPT1",1.95480512473672e-07,1.18764809355605,0.39713129414078,0.528574507173275,0.999999999897218
"C1QBP",1.95142913132406e-07,1.18680808973627,0.395760768869231,0.529286733672499,0.999999999897218
"TGFB1",1.951197836898e-07,1.18675049354319,0.395666958816213,0.529335547250407,0.999999999897218
"LMAN1",1.94612607222339e-07,1.18548604372589,0.393612711305093,0.530406494073937,0.999999999897218
"THOC2",1.94348615266792e-07,1.18482674640721,0.392545564489448,0.530964370901142,0.999999999897218
"MRPL41",1.94263351025416e-07,1.1846136398227,0.392201206411591,0.531144617793446,0.999999999897218
"UBE2C",1.91489438980695e-07,1.17763584076019,0.381080588087441,0.537025490565954,0.999999999897218
"MPO",1.91027976712771e-07,1.17646650853914,0.379246101324564,0.538006986530096,0.999999999897218
"PCBD1",1.9067804761393e-07,1.17557815896288,0.377857951808968,0.53875185953137,0.999999999897218
"SERPINE2",1.89955842085412e-07,1.17374023485641,0.375001049204969,0.540290807945358,0.999999999897218
"BCAP29",1.89831265762252e-07,1.17342258897306,0.374509346157399,0.540556489929796,0.999999999897218
"RPS17",1.89593168603988e-07,1.17281498179294,0.373570473523224,0.541064457692046,0.999999999897218
"LSP1",1.89304845575561e-07,1.17207831254589,0.372435125957028,0.541679898780245,0.999999999897218
"GP9",1.88651015263634e-07,1.17040414435304,0.369866899543608,0.543076828223624,0.999999999897218
"ARF4",1.88347325365364e-07,1.16962481255921,0.368677036548968,0.543726281102474,0.999999999897218
"NDUFB3",1.87799178212489e-07,1.16821538112654,0.366534237893752,0.544899492827584,0.999999999897218
"FLOT1",1.87587575058815e-07,1.16767033590792,0.365708716652772,0.545352727927289,0.999999999897218
"MYL9",1.8704989001114e-07,1.16628296245246,0.36361524859456,0.546505242413205,0.999999999897218
"GDI1",1.85898454579111e-07,1.16330023872023,0.359152366159417,0.548977366861486,0.999999999897218
"VPS28",1.85841346615692e-07,1.16315188611388,0.358931737001089,0.549100120770637,0.999999999897218
"PDCD5",1.85422229144153e-07,1.16206190570032,0.357314605705752,0.550001430445356,0.999999999897218
"FXYD5",1.8485526990103e-07,1.16058402419984,0.355132848922384,0.551221831659285,0.999999999897218
"P4HB",1.84685823049369e-07,1.16014156513192,0.354482085077874,0.551586830682553,0.999999999897218
"LGALSL",1.83016641036936e-07,1.15576402632811,0.348103455102768,0.555188686469338,0.999999999897218
"PNPLA2",1.81884773263861e-07,1.15277582714902,0.343811072612953,0.55763761574316,0.999999999897218
"DYNLRB1",1.81713861869422e-07,1.1523232059101,0.34316523931145,0.558007859013278,0.999999999897218
"SNRPE",1.80618804547076e-07,1.14941436845592,0.339041686920741,0.560382901339427,0.999999999897218
"HLA-DPA1",1.80561253538721e-07,1.14926106987771,0.338825661990257,0.56050785761569,0.999999999897218
"ACAP1",1.80067232308564e-07,1.14794339464331,0.336974123202808,0.561581044456424,0.999999999897218
"SCAMP2",1.79510320624908e-07,1.1464541992535,0.334892960304447,0.562792041469106,0.999999999897218
"FAM127A",1.79502000636631e-07,1.14643192095096,0.334861917622066,0.562810142722608,0.999999999897218
"MRPL27",1.79152538918176e-07,1.14549536058444,0.333559341497493,0.56357069731631,0.999999999897218
"PDIA4",1.78374796548413e-07,1.14340528711215,0.330669512234445,0.565265120718415,0.999999999897218
"ISCA1",1.77378298561341e-07,1.1407157224072,0.326985235138781,0.56743970653863,0.999999999897218
"BID",1.76482113889994e-07,1.13828565596461,0.323689466901771,0.569398801115775,0.999999999897218
"BTF3",1.76007228658684e-07,1.13699361777786,0.321949817118203,0.570438225774272,0.999999999897218
"RHOA",1.75770893177784e-07,1.13634948044339,0.321085794869136,0.570955851550621,0.999999999897218
"TESC",1.75046691925092e-07,1.13437095239882,0.318445406569275,0.572543399789924,0.999999999897218
"PECAM1",1.73465163964327e-07,1.13002532118617,0.312717161308575,0.576017593315955,0.999999999897218
"PABPC1",1.72313049370239e-07,1.1268378560116,0.308576969353725,0.57855472932793,0.999999999897218
"CHMP2A",1.71520702962822e-07,1.12463495695612,0.30574563751181,0.580302642213773,0.999999999897218
"RBM6",1.71057546882016e-07,1.12334317729021,0.304096661530474,0.581325507229584,0.999999999897218
"CD226",1.69623865120356e-07,1.11932514647885,0.299020582533124,0.584497079962872,0.999999999897218
"COX7A2",1.69452755401614e-07,1.11884362365932,0.298417606990987,0.584876143761975,0.999999999897218
"NRIP1",1.69049442517613e-07,1.11770697835967,0.296998775686152,0.585770065095681,0.999999999897218
"HERPUD1",1.69045862785484e-07,1.11769687914496,0.296986197534018,0.585778002218101,0.999999999897218
"MYLK",1.68797245178471e-07,1.1169950184432,0.296113278187463,0.586329369002149,0.999999999897218
"CYTL1",1.68274892623545e-07,1.11551745520062,0.294283435512099,0.587488589309119,0.999999999897218
"MCM4",1.6789686091148e-07,1.11444563749557,0.292962697656731,0.588328189452562,0.999999999897218
"HIGD2A",1.67294968616648e-07,1.11273477728829,0.290865982759608,0.589666121924752,0.999999999897218
"TUBA1C",1.67027486491859e-07,1.11197274862483,0.289936615251198,0.590261151568686,0.999999999897218
"CDS2",1.66887880440073e-07,1.11157460385282,0.289452144208363,0.590571823177298,0.999999999897218
"MTDH",1.66637212495872e-07,1.11085899217723,0.288583274840559,0.591129834583298,0.999999999897218
"C1orf43",1.66419045450923e-07,1.11023540213904,0.287828123633993,0.591615693016538,0.999999999897218
"C6orf25",1.65099346307323e-07,1.10644805439181,0.283281282974141,0.594558568693833,0.999999999897218
"MCM3",1.64885916928123e-07,1.10583307048368,0.28254934223614,0.595035135280162,0.999999999897218
"NRDC",1.64735859473727e-07,1.10540027425905,0.282035297822899,0.595370303037953,0.999999999897218
"ACTG1",1.63651133280605e-07,1.10226146359153,0.278333324821543,0.597795701119838,0.999999999897218
"PABPC4",1.61940321486785e-07,1.09727400875424,0.272544340052904,0.601630091739505,0.999999999897218
"RHOF",1.61211183656271e-07,1.09513444404869,0.270095598290677,0.603267651372697,0.999999999897218
"ITGB1",1.60135666013712e-07,1.09196305374597,0.266503743601192,0.60568679217815,0.999999999897218
"APEX1",1.60121520886002e-07,1.09192122056317,0.266456663983166,0.605718637458753,0.999999999897218
"PROM1",1.58737647332579e-07,1.08781288986779,0.261870786035545,0.608837803179087,0.999999999897218
"RNH1",1.58553132974146e-07,1.08726276691887,0.261262350188344,0.609254226814696,0.999999999897218
"BEX4",1.58508568632219e-07,1.0871298164405,0.261115505427249,0.60935482142016,0.999999999897218
"IL2RG",1.58485767985978e-07,1.08706178184057,0.261040390572307,0.609406291927453,0.999999999897218
"PLIN3",1.57695359800988e-07,1.08469801174445,0.258443135839568,0.611191764302901,0.999999999897218
"PRKACB",1.56858348761738e-07,1.08218361049247,0.255706902256088,0.613085031892009,0.999999999897218
"CAPZB",1.56774799059884e-07,1.08193198496752,0.255434573166242,0.61327415825676,0.999999999897218
"POLR2L",1.56729429778844e-07,1.08179529803445,0.255286753412746,0.613376868718735,0.999999999897218
"PAFAH1B3",1.56374095768471e-07,1.0807235685126,0.254130502979502,0.614181563534186,0.999999999897218
"PRKAR2B",1.55450642014505e-07,1.07792838356933,0.25113787391068,0.616275002692342,0.999999999897218
"EMD",1.55087184200733e-07,1.0768242773102,0.249964880177825,0.617099807480981,0.999999999897218
"MAP1A",1.54665074789368e-07,1.07553917165627,0.248606045283508,0.618058318496569,0.999999999897218
"NCL",1.54566135401715e-07,1.07523751089232,0.248288079995202,0.618283080697513,0.999999999897218
"S100A6",1.54488159987292e-07,1.07499964975587,0.248037630795167,0.61846024387582,0.999999999897218
"HLA-DPB1",1.54108741493719e-07,1.07384075503646,0.246820780281536,0.61932261386607,0.999999999897218
"MYL12B",1.53695360359249e-07,1.07257529638889,0.245498412592628,0.620262773273112,0.999999999897218
"KRAS",1.53490072069567e-07,1.07194575918252,0.244843034430538,0.620729894600344,0.999999999897218
"YIPF3",1.52421357922561e-07,1.06865655974354,0.241445339081278,0.623164158166232,0.999999999897218
"SLC30A5",1.52379598981643e-07,1.06852763076454,0.241313059450216,0.623259358461928,0.999999999897218
"MZB1",1.52309147001739e-07,1.06831004354742,0.241089971152742,0.623419986224194,0.999999999897218
"EMB",1.52274425050642e-07,1.06820277442743,0.240980061010499,0.623499157506841,0.999999999897218
"RPL21",1.52140230822295e-07,1.06778799804174,0.240555513236574,0.623805181468015,0.999999999897218
"ACTN4",1.51987873044504e-07,1.0673166946107,0.240073955508169,0.624152705310904,0.999999999897218
"GPAA1",1.51527880588598e-07,1.06589125660699,0.238622983213808,0.625202442508,0.999999999897218
"IFITM1",1.51331437056127e-07,1.0652813644123,0.23800467381553,0.625650973244217,0.999999999897218
"MAGED2",1.51073419329968e-07,1.06447925755305,0.237193777218052,0.626240304131539,0.999999999897218
"RPLP1",1.50676772849124e-07,1.06324386455213,0.235949897650361,0.627146738570999,0.999999999897218
"LIMS1",1.5029979631712e-07,1.0620671107309,0.234770733748812,0.628008744354115,0.999999999897218
"CHST12",1.50030762002855e-07,1.06122573376279,0.233931013989244,0.628624236774254,0.999999999897218
"SEC61G",1.49570757911721e-07,1.05978407333384,0.232498717657496,0.629677224882259,0.999999999897218
"LAMTOR1",1.49056814600198e-07,1.05816879761885,0.230903675023978,0.630854575190786,0.999999999897218
"OSGEP",1.48881776376811e-07,1.05761756280406,0.230361690570258,0.631255770001393,0.999999999897218
"PTPN11",1.48632021156388e-07,1.05683005045548,0.22958945667615,0.631828407372986,0.999999999897218
"TADA3",1.48619225072395e-07,1.05678967166284,0.229549926573746,0.631857752115634,0.999999999897218
"DHRS7",1.48601224189854e-07,1.05673286370368,0.229494323390216,0.631899033794407,0.999999999897218
"ACTR2",1.4811630691566e-07,1.05520028378699,0.227998989985805,0.633011532966673,0.999999999897218
"MICU1",1.48098972755532e-07,1.05514541846004,0.227945627330188,0.633051316458105,0.999999999897218
"NDUFS8",1.47845434227118e-07,1.05434229033371,0.227165830841677,0.633633331945777,0.999999999897218
"GOLGA2",1.47830806227203e-07,1.0542959170116,0.227120880960311,0.633666918468614,0.999999999897218
"EXOSC4",1.4745853165675e-07,1.05311439591794,0.225978428044492,0.63452193093098,0.999999999897218
"YWHAZ",1.47372699893244e-07,1.05284161593228,0.225715432315646,0.634719132174441,0.999999999897218
"ATP6V0C",1.46652041175448e-07,1.05054583938649,0.223513313771978,0.636375890335761,0.999999999897218
"ERBB2IP",1.46062569410367e-07,1.04866067233962,0.221720089612196,0.637732410327502,0.999999999897218
"TNIK",1.45749042828959e-07,1.0476552973549,0.220769256909467,0.6384544073156,0.999999999897218
"ARHGAP18",1.45650145500408e-07,1.04733777635882,0.220469754671854,0.638682221780411,0.999999999897218
"OTUD6B-AS1",1.45038402772849e-07,1.04536952919787,0.218621661291928,0.640092156076418,0.999999999897218
"FGFR1OP2",1.447828667198e-07,1.04454521766904,0.217851982340193,0.640681496640029,0.999999999897218
"HLA-DRA",1.44446484667603e-07,1.04345818042433,0.216840863150841,0.641457637120305,0.999999999897218
"SEC62",1.44215342002397e-07,1.04270995295616,0.216147442701026,0.641991184116232,0.999999999897218
"TMBIM6",1.43283046349282e-07,1.03968140780149,0.213361858779663,0.644145077932992,0.999999999897218
"FAM177A1",1.42492421234026e-07,1.03709961471922,0.211013725610117,0.645974013984404,0.999999999897218
"ITGB3",1.42463761385146e-07,1.03700579191081,0.210928850733982,0.646040352494187,0.999999999897218
"ATP6V0E1",1.42313292098138e-07,1.03651293598597,0.210483522707096,0.646388687606325,0.999999999897218
"SPINT2",1.42110352686303e-07,1.03584749789158,0.209883649771975,0.646858613392567,0.999999999897218
"VDAC3",1.42100049958583e-07,1.03581369321655,0.209853218551848,0.646882474111178,0.999999999897218
"CAPNS1",1.41833871805758e-07,1.03493958593655,0.209067771595411,0.647499058203448,0.999999999897218
"LIPA",1.4154870428498e-07,1.03400153440792,0.208227924205062,0.648159898378076,0.999999999897218
"PTP4A2",1.41316346689688e-07,1.03323598360406,0.207544857151406,0.648698563166723,0.999999999897218
"RCAN3",1.41253190006046e-07,1.03302771142216,0.207359387938085,0.64884500842383,0.999999999897218
"TSPO",1.40221189897309e-07,1.02961295069787,0.204340508375477,0.651239890229868,0.999999999897218
"AKR1A1",1.40202471869291e-07,1.02955081346613,0.204285957475212,0.651283361035251,0.999999999897218
"CLNS1A",1.40107774667028e-07,1.02923634160532,0.204010088224711,0.651503304276209,0.999999999897218
"PDE5A",1.39851979436027e-07,1.02838596788295,0.20326584443411,0.652097564546265,0.999999999897218
"ZNF580",1.39724591657928e-07,1.02796197115892,0.202895713221507,0.652393592679646,0.999999999897218
"TFAM",1.39147314931037e-07,1.02603634200683,0.201222635993245,0.65373577416275,0.999999999897218
"IGLL1",1.3905752817677e-07,1.02573621497226,0.200963036325852,0.653944631227052,0.999999999897218
"BLVRA",1.38403100392524e-07,1.02354357587331,0.199075956514631,0.655467743343127,0.999999999897218
"SRPK2",1.38060575166669e-07,1.02239235840946,0.198091814411027,0.65626550712408,0.999999999897218
"ARPC1B",1.37943374511969e-07,1.02199787984312,0.19775563391945,0.656538565247273,0.999999999897218
"CKAP5",1.37810142296542e-07,1.02154908737041,0.197373814966235,0.656849029977539,0.999999999897218
"HLA-DRB1",1.36755363591977e-07,1.01798268403424,0.19436403670249,0.659309018403153,0.999999999897218
"SPCS3",1.35847700813071e-07,1.01489450085334,0.191792560952048,0.661428853579029,0.999999999897218
"UNC13D",1.35513749319437e-07,1.01375376424602,0.190850760889688,0.662209477963875,0.999999999897218
"LINC00116",1.3546596378365e-07,1.01359033488285,0.190716187121981,0.662321208531174,0.999999999897218
"ADAM10",1.35018202607454e-07,1.01205652380906,0.189457506762829,0.6633685139028,0.999999999897218
"STMN1",1.34994593759466e-07,1.01197552869235,0.189391256696765,0.663423752858849,0.999999999897218
"H3F3A",1.34938651456097e-07,1.01178355765765,0.189234320221895,0.663554651531809,0.999999999897218
"PPCS",1.34866106391023e-07,1.01153450963127,0.189030904436544,0.663724414085638,0.999999999897218
"TUFM",1.34788979107983e-07,1.01126960296177,0.188814760119609,0.663904918410294,0.999999999897218
"ADI1",1.33995837109952e-07,1.00853774560888,0.186599203506684,0.665762272903346,0.999999999897218
"MYL6B",1.33677905215346e-07,1.00743872668089,0.185714766222979,0.66650737247218,0.999999999897218
"RPL10",1.33585150065977e-07,1.00711766459933,0.185457131656566,0.666724813856346,0.999999999897218
"BIN2",1.33270133979072e-07,1.00602582032708,0.184583485214834,0.667463499692574,0.999999999897218
"HOPX",1.331311933544e-07,1.00554353918125,0.184198811240325,0.667789406081332,0.999999999897218
"EAF2",1.33006074884073e-07,1.0051088617409,0.18385274893693,0.668082944121475,0.999999999897218
"UQCC2",1.32974807418517e-07,1.00500017904958,0.183766317790087,0.668156308052784,0.999999999897218
"SH3GLB1",1.32893423118404e-07,1.00471719081304,0.183541446375769,0.668347277701852,0.999999999897218
"EIF3D",1.32619478645883e-07,1.00376352626017,0.182785527231649,0.668990250759316,0.999999999897218
"MSI2",1.32361689786794e-07,1.00286453689592,0.182075612271168,0.669595526858291,0.999999999897218
"MTURN",1.32351989642349e-07,1.00283067977325,0.182048926377007,0.669618306533627,0.999999999897218
"HSPB1",1.3210282374224e-07,1.00196025714789,0.181364120852142,0.670203548161263,0.999999999897218
"TUBA4A",1.31889464381765e-07,1.00121378339008,0.180778751319673,0.670704846430202,0.999999999897218
"CAT",1.3175391453543e-07,1.00073899350755,0.180407350317044,0.671023403613386,0.999999999897218
"KRTCAP2",1.30653545307559e-07,0.996868930475651,0.177406517593003,0.673611577397465,0.999999999897218
"MYL12A",1.30047031860886e-07,0.994723650523543,0.175763245046657,0.675039811217229,0.999999999897218
"VCP",1.30004697337797e-07,0.994573585668926,0.175648830408664,0.675139545447265,0.999999999897218
"SEPT5",1.29239202981527e-07,0.991852747545719,0.173586407551713,0.676943926037327,0.999999999897218
"MBP",1.29108404945394e-07,0.991386443363043,0.173235225071862,0.677252421796385,0.999999999897218
"PAIP2",1.28982736568136e-07,0.990938039538997,0.172898150277066,0.67754886992146,0.999999999897218
"RAB7A",1.28771884866822e-07,0.990184834248066,0.172333329396493,0.678046375258671,0.999999999897218
"TMEM55A",1.28330999637608e-07,0.988606429055279,0.17115529038821,0.679087099027766,0.999999999897218
"ATP5E",1.28309593563901e-07,0.988529673554026,0.171098196510543,0.679137644349418,0.999999999897218
"CLTB",1.28051509718715e-07,0.987603387611137,0.170410589769325,0.679747161107415,0.999999999897218
"RPS19BP1",1.27912680794834e-07,0.987104446283364,0.170041283787575,0.680075120082662,0.999999999897218
"RP11-354E11.2",1.27181634379726e-07,0.98446931990773,0.168103198407975,0.681803086298606,0.999999999897218
"DMTN",1.27128708984818e-07,0.98427803423374,0.167963318510701,0.681928250403538,0.999999999897218
"GTF2H5",1.26614165913284e-07,0.982414726991251,0.166606434377673,0.683145557184677,0.999999999897218
"CD46",1.26498265283918e-07,0.981994108982679,0.166301556127735,0.683419868941787,0.999999999897218
"RPL15",1.2644059409371e-07,0.981784688037355,0.166149955275264,0.683556379769398,0.999999999897218
"REXO2",1.26425086443258e-07,0.981728361051543,0.166109201948524,0.683593088982225,0.999999999897218
"HSPA9",1.26402961113095e-07,0.981647986882364,0.166051066345154,0.683645464649081,0.999999999897218
"RAB6A",1.2622244738195e-07,0.980991781260653,0.165577136078489,0.684072838385505,0.999999999897218
"MYC",1.2570904189536e-07,0.979120970916151,0.164232916759613,0.685288900026372,0.999999999897218
"MAPRE1",1.25622194649454e-07,0.97880384918329,0.164006071508556,0.685494688765623,0.999999999897218
"SERINC1",1.25490824030683e-07,0.97832378824693,0.163663229013119,0.685806022125354,0.999999999897218
"EBPL",1.25410439089856e-07,0.978029826037728,0.163453622527058,0.685996551563269,0.999999999897218
"RPL23",1.2537712514014e-07,0.977907951170331,0.16336679462724,0.686075518574043,0.999999999897218
"FYN",1.25238150402183e-07,0.977399225622052,0.163004826295912,0.68640497969465,0.999999999897218
"RUFY1",1.2469830083333e-07,0.975418402892938,0.161602563114202,0.687685341546575,0.999999999897218
"GRB2",1.24570008440261e-07,0.974946574044595,0.161270213524155,0.687989744663231,0.999999999897218
"GAPVD1",1.24080852597833e-07,0.973143688355612,0.16000616313774,0.689150842593735,0.999999999897218
"SCP2",1.23942308652093e-07,0.972631932334758,0.159649049065544,0.68947983440203,0.999999999897218
"TMEM147",1.23853627424105e-07,0.972304098823784,0.159420671704109,0.689690451097633,0.999999999897218
"PDCD10",1.23702151779627e-07,0.971743656667197,0.159030960356661,0.690050259267028,0.999999999897218
"GNG5",1.23569773315825e-07,0.971253382812158,0.158690772098021,0.690364762267684,0.999999999897218
"SSRP1",1.22845140056759e-07,0.96856152414878,0.156835052198248,0.692087282546234,0.999999999897218
"SLMAP",1.22697586996048e-07,0.968011703860256,0.156458519695774,0.6924382254475,0.999999999897218
"ITGA4",1.22649823018255e-07,0.967833599884949,0.15633673039454,0.692551842318324,0.999999999897218
"AFF4",1.22229320105104e-07,0.966263004954735,0.155266572205899,0.693552397003455,0.999999999897218
"COA3",1.22084348027904e-07,0.965720438903574,0.154898477730669,0.693897471033435,0.999999999897218
"PNP",1.21760648783898e-07,0.964506950855674,0.154078158849928,0.694668194644173,0.999999999897218
"GUK1",1.21734558888907e-07,0.96440902254855,0.15401213666048,0.694730328098737,0.999999999897218
"SNRPD2",1.21668008775528e-07,0.964159144284514,0.153843791309189,0.694888827423692,0.999999999897218
"CD36",1.21572702692525e-07,0.963801087747153,0.153602865093517,0.695115836737523,0.999999999897218
"VCL",1.21569372281884e-07,0.963788571273818,0.153594449493665,0.695123769928494,0.999999999897218
"SRSF5",1.2116582432928e-07,0.962269730037682,0.152576432388919,0.696085286516747,0.999999999897218
"HLA-A",1.20919538817041e-07,0.961340616871918,0.151956799344035,0.696672340801649,0.999999999897218
"STIP1",1.20519519780023e-07,0.959828029285399,0.150953072908941,0.697626226530535,0.999999999897218
"RARRES3",1.19832648051808e-07,0.957220551310194,0.149237335352291,0.699265255842685,0.999999999897218
"SDPR",1.19583770855217e-07,0.95627256309745,0.148618085074804,0.699859478952538,0.999999999897218
"POLD4",1.1905343400663e-07,0.95424673947583,0.147302808363804,0.701126332356012,0.999999999897218
"CA2",1.18764141394197e-07,0.953138364968322,0.146587804376587,0.701817736944489,0.999999999897218
"GDI2",1.18592850399144e-07,0.952480985760838,0.146165268359094,0.702227236025227,0.999999999897218
"HEBP1",1.18539889366187e-07,0.952277565169139,0.146034748937869,0.702353865522432,0.999999999897218
"UNC45A",1.18188074456478e-07,0.950924251817385,0.145169201298052,0.703195262352544,0.999999999897218
"HLA-DRB5",1.17805693959412e-07,0.949449383023638,0.14423137276488,0.704110171926809,0.999999999897218
"VPS13C",1.1772729034023e-07,0.949146460327416,0.144039455070041,0.704297818722938,0.999999999897218
"CNBP",1.1746329157482e-07,0.948125174452925,0.143394173894614,0.704929790759871,0.999999999897218
"EIF4EBP1",1.17348487669684e-07,0.947680429610602,0.143114015452529,0.705204677051939,0.999999999897218
"EIF4G2",1.17327851529004e-07,0.947600446060059,0.143063685681113,0.705254092277151,0.999999999897218
"TNFRSF1A",1.17255956866038e-07,0.947321694153856,0.142888409921484,0.705426260678939,0.999999999897218
"SEC11A",1.1691205407399e-07,0.945986245043006,0.142051477403904,0.706250023984223,0.999999999897218
"MTCH1",1.16330404166073e-07,0.943719775318076,0.140641550989732,0.707644055019101,0.999999999897218
"HLA-F",1.16259170371529e-07,0.943441526988034,0.14046936274583,0.707814847402768,0.999999999897218
"CD74",1.16042044185652e-07,0.94259248838465,0.139945170180377,0.708335526627388,0.999999999897218
"RPL27",1.15780924231916e-07,0.941569586711067,0.139316064370647,0.708961885642223,0.999999999897218
"HINT2",1.1563679304161e-07,0.941004112666506,0.138969421915633,0.709307703301551,0.999999999897218
"EIF3F",1.15467095136721e-07,0.940337545586808,0.138561843754117,0.709714940616994,0.999999999897218
"CST3",1.14788419169684e-07,0.937663183681762,0.13693779267878,0.711344440414099,0.999999999897218
"POMP",1.14334707830949e-07,0.935867626388092,0.135857414673992,0.712434537052481,0.999999999897218
"ARPC4",1.14098035608472e-07,0.934928537686357,0.135295548589533,0.713003404261614,0.999999999897218
"COPE",1.13861243803416e-07,0.933987277221391,0.13473456376017,0.713572718691774,0.999999999897218
"CDC42SE1",1.13314804000364e-07,0.931808633296856,0.133444438023115,0.714887122863773,0.999999999897218
"PNRC1",1.13298319158224e-07,0.931742766686862,0.133405614314204,0.714926788604111,0.999999999897218
"SPNS1",1.1312328620688e-07,0.931042892762487,0.13299373986205,0.715347999438688,0.999999999897218
"ALOX12",1.12923812355092e-07,0.930244141851443,0.132525129288013,0.715828132147396,0.999999999897218
"TET2",1.12867061619663e-07,0.930016671258968,0.132391959701363,0.715964751472565,0.999999999897218
"MIF",1.12417477326804e-07,0.928211104807181,0.131339344371472,0.717047382816526,0.999999999897218
"RAD23B",1.12367385257165e-07,0.928009542325182,0.131222323531646,0.717168043381329,0.999999999897218
"COMMD7",1.1192751795681e-07,0.926236222029213,0.130196982691554,0.718227887911802,0.999999999897218
"CD44",1.11773730451535e-07,0.925614798948868,0.129839449280023,0.718598561474809,0.999999999897218
"WRB",1.11648919518061e-07,0.925109917141925,0.1295496435266,0.718899441580347,0.999999999897218
"MEIS1",1.11633917212035e-07,0.925049197171016,0.129514830599993,0.718935610380383,0.999999999897218
"OSBPL8",1.10644147704433e-07,0.921027459102101,0.127228400911571,0.721323215866674,0.999999999897218
"MCM5",1.1061889539967e-07,0.920924442442293,0.127170332883731,0.721384167265749,0.999999999897218
"SLC44A1",1.10140960368899e-07,0.918970841006721,0.126073813941048,0.722538090636506,0.999999999897218
"RPL36AL",1.09573331043403e-07,0.916641003386496,0.124777678743749,0.723909391490546,0.999999999897218
"RER1",1.09234161331786e-07,0.915243863867354,0.124006408769792,0.724729194233539,0.999999999897218
"DNM3",1.08913788221799e-07,0.913920683070783,0.12328007812898,0.725503853922305,0.999999999897218
"GRINA",1.08868578918e-07,0.913733690507803,0.12317775408249,0.725613192305832,0.999999999897218
"PPP1R12A",1.08738041673198e-07,0.913193389249474,0.122882542277847,0.725928927096794,0.999999999897218
"TBCB",1.08650193126126e-07,0.912829461292241,0.122684070942194,0.72614143553425,0.999999999897218
"LRRC59",1.08537268727372e-07,0.912361276068633,0.122429182754068,0.72641463422058,0.999999999897218
"STK17A",1.08347967078786e-07,0.911575478947641,0.122002493644625,0.726872690906371,0.999999999897218
"FAM204A",1.07899132780687e-07,0.909707570177289,0.120993790205571,0.727959133487649,0.999999999897218
"VDR",1.07711779875415e-07,0.908925865548118,0.120573974827318,0.728412799461566,0.999999999897218
"COX8A",1.07266245567911e-07,0.907062172627667,0.119578563921779,0.729492021109764,0.999999999897218
"SRC",1.07090387932977e-07,0.906324697198447,0.119186799196649,0.72991815028416,0.999999999897218
"TMEM256",1.06881051868195e-07,0.905445452237354,0.118721291315546,0.730425511398588,0.999999999897218
"GTF2A2",1.0596313319236e-07,0.901572272834452,0.11669083725035,0.732651631763141,0.999999999897218
"OXA1L",1.05835089702983e-07,0.901029672784907,0.116408994423681,0.732962339925766,0.999999999897218
"COX6A1",1.05819870114553e-07,0.900965139939329,0.116375516498723,0.732999274432166,0.999999999897218
"EHD3",1.05490154050416e-07,0.899565119187729,0.115651435118258,0.733799572543796,0.999999999897218
"SSR1",1.05108701707161e-07,0.89794066180334,0.114816556252254,0.734725807673952,0.999999999897218
"ATP6AP2",1.04993743176374e-07,0.897450092443024,0.114565541362343,0.735005023488843,0.999999999897218
"AURKA",1.04984145686198e-07,0.897409115374722,0.114544597420926,0.735028335836285,0.999999999897218
"GPX4",1.04786592855611e-07,0.89656492684921,0.114113916793384,0.735508246762401,0.999999999897218
"MRPS6",1.04714176730575e-07,0.896255129366431,0.113956247152661,0.735684191600073,0.999999999897218
"FAM50A",1.04344371671468e-07,0.894670184798491,0.113152780323132,0.736582899380012,0.999999999897218
"UBC",1.04157220289018e-07,0.893866211198979,0.112747244159907,0.737037855925879,0.999999999897218
"LYL1",1.04001789843301e-07,0.893197550129087,0.112410997112389,0.737415770381682,0.999999999897218
"POLR2K",1.03939384268518e-07,0.89292883703592,0.112276134660049,0.737567521514535,0.999999999897218
"ENSA",1.03173626199824e-07,0.889620069914737,0.110627873077867,0.739430440494321,0.999999999897218
"OST4",1.02860747476065e-07,0.888262000661069,0.109957922314278,0.74019204572825,0.999999999897218
"NRGN",1.02480477106431e-07,0.886606567735105,0.109146408704463,0.741118037743528,0.999999999897218
"IFITM3",1.0240009282988e-07,0.886255946453815,0.108975249974872,0.741313828642292,0.999999999897218
"HDGF",1.01716555081877e-07,0.883264768850881,0.107525249635062,0.742979387918246,0.999999999897218
"SMAP1",1.01667547831044e-07,0.883049640841202,0.107421662811002,0.743098848995043,0.999999999897218
"CNPPD1",1.01140333083988e-07,0.880729593799625,0.106310444088279,0.744384389127776,0.999999999897218
"DNPH1",1.01131507707047e-07,0.880690667641891,0.106291891869222,0.744405914660402,0.999999999897218
"MRPS36",1.00208356172361e-07,0.876602502741047,0.104360235190967,0.746658626893432,0.999999999897218
"CISD2",9.99102313471576e-08,0.875275261613869,0.103740205133002,0.747386587045056,0.999999999897218
"PNN",9.99100054941557e-08,0.875274254819134,0.103739736111763,0.747387138617634,0.999999999897218
"IFI16",9.97812463661437e-08,0.874699957113339,0.103472519015946,0.747701612003597,0.999999999897218
"PSMD8",9.95077957791431e-08,0.873478158121464,0.10290616308482,0.748369610149347,0.999999999897218
"FCGR2A",9.94644946755319e-08,0.873284417550357,0.102816622745086,0.748475405491262,0.999999999897218
"PTGS1",9.94114923369206e-08,0.87304717120197,0.10270707471975,0.748604909803434,0.999999999897218
"CLU",9.92866180375231e-08,0.8724877799786,0.102449208784309,0.7489100519229,0.999999999897218
"TEX264",9.92356249638279e-08,0.872259173646488,0.102344001081675,0.749034669613723,0.999999999897218
"NRBP1",9.89226839800845e-08,0.870853990340772,0.101699532271435,0.749799583218045,0.999999999897218
"SDCBP",9.88690264473916e-08,0.870612666347891,0.101589234697958,0.749930761684858,0.999999999897218
"CORO1C",9.87541592300456e-08,0.870095669431859,0.101353316648173,0.750211605941079,0.999999999897218
"POLR2E",9.86964935081831e-08,0.86983592902526,0.101234984300757,0.750352608059326,0.999999999897218
"PTPN6",9.85894549809731e-08,0.869353451385994,0.101015520219058,0.750614356864512,0.999999999897218
"ABCC4",9.84639201305372e-08,0.86878702040121,0.100758436034371,0.750921372599931,0.999999999897218
"BRK1",9.84218889019902e-08,0.868597229180373,0.100672433020244,0.751024175568206,0.999999999897218
"C2orf88",9.83498073897105e-08,0.868271582275062,0.100525027518846,0.751200487946229,0.999999999897218
"SHPRH",9.82788049711151e-08,0.867950607418866,0.100379934328514,0.751374173546359,0.999999999897218
"ATP2C1",9.81742111462353e-08,0.867477410994191,0.100166388093426,0.751630053142781,0.999999999897218
"IQGAP2",9.72003097477964e-08,0.863050172130715,0.098188917250572,0.754013924735016,0.999999999897218
"CDC5L",9.66526941220582e-08,0.860543801118964,0.0970856631758739,0.755355385361329,0.999999999897218
"CLIC1",9.66347343830867e-08,0.860461392542897,0.0970495861438618,0.755399392760402,0.999999999897218
"PLEKHB2",9.6617048317498e-08,0.860380226701136,0.0970140654113432,0.755442730343382,0.999999999897218
"REEP5",9.65495834278265e-08,0.860070494479039,0.0968786284832578,0.755608052032011,0.999999999897218
"ANXA5",9.56041072442085e-08,0.855709874462499,0.0949905219410621,0.757926101318091,0.999999999897218
"RHEB",9.54677737367503e-08,0.855078000664805,0.0947197980645081,0.758260534011944,0.999999999897218
"POLD2",9.53220238223553e-08,0.854401615315811,0.0944308028650036,0.758618115641546,0.999999999897218
"TSPAN3",9.50306592018304e-08,0.853046770909893,0.093854404166601,0.759333101892626,0.999999999897218
"SEPT11",9.49133208579059e-08,0.852500127235868,0.0936227753109596,0.759621099269273,0.999999999897218
"DBI",9.46972308762509e-08,0.851491889724379,0.0931969570246733,0.760151561667473,0.999999999897218
"EZR",9.44216550913427e-08,0.850203194452903,0.092655326505848,0.760828214767362,0.999999999897218
"COX7C",9.41414651644039e-08,0.848889563026757,0.0921062454662522,0.761516385128733,0.999999999897218
"SNHG8",9.32263202174028e-08,0.844575207989937,0.0903242278912395,0.763765370997284,0.999999999897218
"ORAI1",9.31588667733816e-08,0.844255750036984,0.0901935678786755,0.763931218259984,0.999999999897218
"USP10",9.28793224146326e-08,0.842929685881896,0.0896530874038916,0.764618647195798,0.999999999897218
"ARL6IP5",9.27139677777652e-08,0.842143664196571,0.0893341497302709,0.765025358969127,0.999999999897218
"PJA2",9.26627240652573e-08,0.841899827087778,0.0892354256976466,0.765151412869968,0.999999999897218
"CARHSP1",9.24476121367383e-08,0.840874961159426,0.0888215953492631,0.765680632402297,0.999999999897218
"AP2B1",9.20438887783316e-08,0.838945873778436,0.0880475125546837,0.766674169916692,0.999999999897218
"EIF3M",9.17558728254098e-08,0.837565160774888,0.0874973529990693,0.767383193503006,0.999999999897218
"PIN1",9.16483511178917e-08,0.837048748407379,0.087292410201868,0.767647935138746,0.999999999897218
"CLTC",9.15338004476006e-08,0.836497996729909,0.0870743341561256,0.767930013426869,0.999999999897218
"PPP1R18",9.15191892628065e-08,0.83642770405849,0.087046537699777,0.767965995331506,0.999999999897218
"MEA1",9.12384337696824e-08,0.835075123264541,0.086513287611082,0.768657488545719,0.999999999897218
"NHP2",9.10051842082634e-08,0.833948653068557,0.0860715134227318,0.769232115969427,0.999999999897218
"NPR3",9.09888959076468e-08,0.833869895538981,0.0860407056564583,0.769272248133351,0.999999999897218
"RSL1D1",9.06347670372482e-08,0.832154565165413,0.0853722679544399,0.770144926287282,0.999999999897218
"M6PR",9.06210705226342e-08,0.832088104923226,0.0853464673879961,0.770178684400253,0.999999999897218
"TUBB4B",9.05385494814442e-08,0.831687499180892,0.0851911023580066,0.770382085112021,0.999999999897218
"PSMD2",9.0363649426104e-08,0.830837380232206,0.0848622802827324,0.770813237003348,0.999999999897218
"ANXA6",9.01898776142e-08,0.829991326559115,0.084536209054531,0.771241677764442,0.999999999897218
"C9orf16",9.01398428850423e-08,0.829747456429396,0.0844424385967898,0.771365053165876,0.999999999897218
"CD52",9.00359296473699e-08,0.829240605074297,0.0842478602798134,0.771621300415324,0.999999999897218
"EEF1D",8.99335005997634e-08,0.828740494818563,0.0840562807735785,0.77187391207773,0.999999999897218
"AK3",8.97802462482059e-08,0.827991303763705,0.083770046729241,0.772251914828433,0.999999999897218
"PA2G4",8.96067498495396e-08,0.827141814779405,0.0834465956570366,0.772679909939366,0.999999999897218
"NOLC1",8.95928083833433e-08,0.827073491206604,0.0834206315997932,0.772714304892278,0.999999999897218
"UBE2L3",8.95332187754176e-08,0.826781353439713,0.083309699714233,0.772861323282026,0.999999999897218
"PHB",8.91611434144786e-08,0.824953421280904,0.0826187142116024,0.773779484966519,0.999999999897218
"C4orf3",8.90470540821112e-08,0.824391593842973,0.0824074140206913,0.774061084031011,0.999999999897218
"TMED4",8.89871834227304e-08,0.82409651310108,0.0822966382594025,0.774208870671052,0.999999999897218
"EIF2S3",8.86760084233199e-08,0.822560057437982,0.0817220862724859,0.77497711661612,0.999999999897218
"EIF3H",8.85610502329687e-08,0.821991254079335,0.0815103371467576,0.775260987491283,0.999999999897218
"PSAP",8.84953007488214e-08,0.82166564243774,0.0813893522850283,0.775423358837173,0.999999999897218
"CLINT1",8.84781466997079e-08,0.821580655704062,0.0813578020983377,0.775465723158125,0.999999999897218
"UNG",8.80917936855729e-08,0.819662730379355,0.0806488314618347,0.776420052692554,0.999999999897218
"CERS2",8.77053126688482e-08,0.817736834937577,0.079942730078304,0.777375036188729,0.999999999897218
"GNB2",8.77043281060736e-08,0.817731919287668,0.0799409352453125,0.777377469445336,0.999999999897218
"ADK",8.71562806157373e-08,0.814988190450242,0.0789449856660881,0.778732256815101,0.999999999897218
"RNASET2",8.69517699171656e-08,0.813960487946235,0.0785749342604552,0.77923798503554,0.999999999897218
"FAU",8.65823679270688e-08,0.812098836735345,0.0779087239855664,0.780151704622793,0.999999999897218
"FRMD4B",8.62641454831856e-08,0.810489563922703,0.0773370892598532,0.780939074678766,0.999999999897218
"TAF15",8.6169798450227e-08,0.810011452020099,0.0771680147326208,0.781172558461058,0.999999999897218
"CDK4",8.58181607251661e-08,0.808225476154255,0.0765394924514668,0.782042941816951,0.999999999897218
"BZW2",8.52737397260403e-08,0.805447752271431,0.0755714564885256,0.783391045811682,0.999999999897218
"ENDOD1",8.51029353838001e-08,0.804573101663166,0.0752690185847716,0.78381412851461,0.999999999897218
"MT-ND3",8.49270228392765e-08,0.803670695444893,0.0749581696153071,0.784249931058542,0.999999999897218
"PPP3CA",8.49074153132347e-08,0.803570010946825,0.0749235616766312,0.784298510581581,0.999999999897218
"ATP5G2",8.46220465257067e-08,0.802102350433234,0.0744207807122936,0.785005634119748,0.999999999897218
"LMNA",8.46192100520052e-08,0.802087740765085,0.0744157917275511,0.785012663591401,0.999999999897218
"SETD5",8.44794510679092e-08,0.801367363761257,0.0741701811438048,0.785359042048837,0.999999999897218
"CDC42",8.40728781363637e-08,0.79926580423572,0.0734579837292256,0.786366933239681,0.999999999897218
"RPN2",8.4008665413013e-08,0.79893308315838,0.0733458159064183,0.786526148876783,0.999999999897218
"ENY2",8.39582238543793e-08,0.798671562801617,0.0732577638810328,0.786651225130669,0.999999999897218
"TBXA2R",8.37419141991016e-08,0.797548527189169,0.0728807680926178,0.787187654789916,0.999999999897218
"ARPC2",8.3601250258308e-08,0.796816873939907,0.0726361334649775,0.787536543679306,0.999999999897218
"LINC00989",8.34413285230663e-08,0.795983750736266,0.0723585063675159,0.787933249487033,0.999999999897218
"ATOX1",8.24896287759719e-08,0.790996882699605,0.070717332678328,0.790295194011361,0.999999999897218
"DAD1",8.22335868407325e-08,0.789646691758367,0.0702790108631062,0.790930973175714,0.999999999897218
"SSR3",8.18399525214573e-08,0.787563782430447,0.0696078004652857,0.791908679999984,0.999999999897218
"CCNDBP1",8.16150708625859e-08,0.786369910294731,0.0692257862872758,0.792467386905072,0.999999999897218
"FBXO9",8.15458962208199e-08,0.786002094193795,0.0691084883533001,0.792639269188928,0.999999999897218
"GSTK1",8.15333597644501e-08,0.785935406172704,0.0690872412030924,0.792670420335124,0.999999999897218
"C20orf24",8.14890637081261e-08,0.785699700635433,0.069012193123947,0.792780491802465,0.999999999897218
"PSIP1",8.11712426357645e-08,0.784005253840309,0.0684749245384558,0.793570367772883,0.999999999897218
"RANBP1",8.1112422756928e-08,0.783691025967714,0.0683757212412354,0.793716575189981,0.999999999897218
"C19orf33",8.10963526419309e-08,0.783605141638843,0.068348630523994,0.793756521620189,0.999999999897218
"IARS2",8.10951692838885e-08,0.783598816773377,0.0683466358520049,0.793759463184277,0.999999999897218
"SRM",8.07557044689266e-08,0.781781106385081,0.0677756346947288,0.794603417954242,0.999999999897218
"LAIR1",8.04591773521613e-08,0.780187864832418,0.067278817386737,0.795340820692996,0.999999999897218
"BTK",8.02165003236539e-08,0.778880154968568,0.0668735832882223,0.795944445288905,0.999999999897218
"HLA-B",7.988299532385e-08,0.777077376041082,0.0663186772046579,0.796774190729166,0.999999999897218
"NREP",7.98086788488433e-08,0.776674762584328,0.0661953398728103,0.796959118112926,0.999999999897218
"HLA-C",7.97321979398728e-08,0.776260082542102,0.0660685302564861,0.797149443325701,0.999999999897218
"USP47",7.96878212224927e-08,0.776019313004738,0.0659950069205562,0.797259881751133,0.999999999897218
"MCM6",7.95938046391218e-08,0.77550883274103,0.065839375486994,0.797493870179228,0.999999999897218
"RPL36A",7.93632430308216e-08,0.774254732354023,0.0654584904128947,0.798067768794702,0.999999999897218
"H2AFY",7.90024361683881e-08,0.772285810237174,0.0648646591879262,0.798966084167024,0.999999999897218
"VAMP8",7.88911107701147e-08,0.771676728746355,0.0646819813715678,0.799243309275856,0.999999999897218
"GMPR",7.86640124884583e-08,0.770431911008981,0.0643101264351704,0.799808913150732,0.999999999897218
"PYURF",7.84189544252678e-08,0.769085136844005,0.0639100663110038,0.800419364893053,0.999999999897218
"CLEC1B",7.81934152091689e-08,0.767842393988957,0.0635429739893718,0.800981301980855,0.999999999897218
"SHKBP1",7.78334555109228e-08,0.765852506807358,0.0629592864115539,0.80187836461891,0.999999999897218
"NIPSNAP3A",7.78097116634884e-08,0.765720967597123,0.0629208795936853,0.80193754632434,0.999999999897218
"ERBB2",7.75878974251755e-08,0.764490443033104,0.0625626504408957,0.802490474710416,0.999999999897218
"CALM1",7.71836777295656e-08,0.76224012502154,0.0619124670869306,0.803498349235093,0.999999999897218
"ALDOA",7.68550389611566e-08,0.760403002907713,0.061386357931628,0.804318012524338,0.999999999897218
"HMGN1",7.67057191669123e-08,0.759566032306355,0.0611480575139289,0.804690504596882,0.999999999897218
"LYN",7.67001142183294e-08,0.759534587735626,0.061139121564949,0.804704487524813,0.999999999897218
"GLG1",7.64618095639553e-08,0.758195811543262,0.0607597973998752,0.805299055054333,0.999999999897218
"RGS10",7.63571527766871e-08,0.757606710894851,0.0605935817858103,0.80556020820837,0.999999999897218
"PFDN5",7.63083556762411e-08,0.757331797680699,0.0605161601900577,0.805681980461722,0.999999999897218
"CNST",7.62254231766052e-08,0.756864221380458,0.0603846928251224,0.805888947775451,0.999999999897218
"C1orf186",7.60127831465205e-08,0.755663324524163,0.0600482619411535,0.806419676811881,0.999999999897218
"SDHC",7.57954044880545e-08,0.754432641523558,0.0597053052559679,0.806962325168681,0.999999999897218
"KXD1",7.54636263953998e-08,0.752548357346881,0.0591837549639776,0.807790731064515,0.999999999897218
"EIF4E2",7.53957750475958e-08,0.752162118409325,0.0590773754425033,0.807960173462769,0.999999999897218
"SPG20",7.53285153784881e-08,0.751778949030147,0.0589720180175132,0.808128147177305,0.999999999897218
"RAC1",7.50467040398691e-08,0.750170264601273,0.058531603212184,0.80883203645251,0.999999999897218
"SSX2IP",7.50403767025436e-08,0.750134085519501,0.0585217337957979,0.8088478422252,0.999999999897218
"CCPG1",7.45677025472852e-08,0.747423849006317,0.0577868070085639,0.810028808653392,0.999999999897218
"SERPINB1",7.44781379266478e-08,0.746908616692249,0.0576480728117137,0.810252632811233,0.999999999897218
"PTPN12",7.42655098838687e-08,0.745683283851392,0.0573193830755703,0.810784057557958,0.999999999897218
"POLE3",7.41864210241868e-08,0.745226731830232,0.0571973638293249,0.810981747906245,0.999999999897218
"SSSCA1",7.39443913044975e-08,0.743826944686117,0.0568247651806481,0.811586799728434,0.999999999897218
"NAPA",7.37663353975985e-08,0.742794605491677,0.056551429961685,0.812031994835012,0.999999999897218
"ROCK1",7.37252197356514e-08,0.742555915550738,0.0564884065927748,0.812134805410718,0.999999999897218
"CYCS",7.36835243920223e-08,0.742313742085105,0.0564245305538643,0.81223906880033,0.999999999897218
"HLA-E",7.36093240705272e-08,0.741882479341429,0.0563109472175512,0.812424622380484,0.999999999897218
"SERBP1",7.36074147087507e-08,0.741871376871464,0.0563080259415548,0.812429397282045,0.999999999897218
"SRSF4",7.34919462707595e-08,0.741199490124048,0.0561315029616517,0.812718171873036,0.999999999897218
"FEZ2",7.29534024699497e-08,0.738053635059357,0.0553118617495734,0.814065349872161,0.999999999897218
"ITSN2",7.29280045113074e-08,0.737904776952957,0.0552733559693089,0.814128896984806,0.999999999897218
"CTTN",7.28903627467392e-08,0.737684074610837,0.0552163120471782,0.81422308103434,0.999999999897218
"KDELR2",7.25966486507618e-08,0.735958547971722,0.0547722167382647,0.81495807981467,0.999999999897218
"CBX3",7.25620124638519e-08,0.735754665421912,0.0547199650651082,0.815044765175355,0.999999999897218
"PHB2",7.11506120201162e-08,0.727373704728251,0.0526119566346046,0.81857904760579,0.999999999897218
"RAB13",7.11503230818961e-08,0.727371974248714,0.0526115293276903,0.818579771515074,0.999999999897218
"PHYKPL",7.10915647942357e-08,0.727019937973591,0.052524668530279,0.818726988447086,0.999999999897218
"HACD4",7.09693065065195e-08,0.726286644652272,0.0523441673873411,0.819033322991526,0.999999999897218
"HN1",7.06210706684813e-08,0.724191920879627,0.0518317375901172,0.81990602585992,0.999999999897218
"MKI67",7.05494890641204e-08,0.723760227061267,0.0517267174150532,0.820085441939096,0.999999999897218
"STXBP2",7.02519943947532e-08,0.721962006141259,0.051291392431828,0.820831199768166,0.999999999897218
"VPS29",6.99335555682249e-08,0.720029832426115,0.0508274581794017,0.821629639773208,0.999999999897218
"BUD31",6.95333644615482e-08,0.71759073283123,0.0502474076646512,0.822633323953342,0.999999999897218
"FAXDC2",6.94725710121399e-08,0.717219138828997,0.0501595828374739,0.822785820105279,0.999999999897218
"ARMCX3",6.92257347691176e-08,0.715707464748631,0.0498037817616147,0.823405060408708,0.999999999897218
"F13A1",6.90899965462621e-08,0.714874177730656,0.0496086621560144,0.823745635000816,0.999999999897218
"TTC3",6.90673200794909e-08,0.714734829756831,0.0495761027517066,0.823802534728403,0.999999999897218
"TPST2",6.865431410418e-08,0.712189899525256,0.0489849691105512,0.824839009931623,0.999999999897218
"NCF4",6.81244403332645e-08,0.708905258199569,0.0482317553597638,0.826169222376891,0.999999999897218
"SNRPF",6.79882091290336e-08,0.708057182268753,0.0480390462449421,0.826511302453978,0.999999999897218
"SLC38A1",6.7925651037876e-08,0.707667245957312,0.0479506824398422,0.826668398475207,0.999999999897218
"ZNF428",6.78292563115344e-08,0.707065787583104,0.0478146833550988,0.826910478711131,0.999999999897218
"STARD3NL",6.78027274694593e-08,0.706900129447862,0.0477772888679426,0.826977104624573,0.999999999897218
"MRPL11",6.77537075797851e-08,0.706593878599103,0.0477082299702939,0.827100219001079,0.999999999897218
"SMARCA2",6.7511159645222e-08,0.705075722756107,0.0473672649989887,0.827709445185204,0.999999999897218
"LSM7",6.72471498702708e-08,0.703417830626604,0.0469975196374907,0.828372696554883,0.999999999897218
"UBA52",6.70727756773167e-08,0.702319712189551,0.0467541032424952,0.828810830515281,0.999999999897218
"TAPBP",6.69481726534437e-08,0.701533504513844,0.0465805517144405,0.829123941680654,0.999999999897218
"YWHAB",6.69362809235447e-08,0.701458404748152,0.046564005358595,0.829153825468373,0.999999999897218
"MRPL3",6.67715650626509e-08,0.700416980216285,0.0463351192233539,0.82956778004142,0.999999999897218
"CDKN3",6.66058962458231e-08,0.699367273962221,0.046105477715054,0.829984177259138,0.999999999897218
"TRBC2",6.65985353856251e-08,0.699320581603713,0.0460952877096007,0.830002679385668,0.999999999897218
"RABGAP1L",6.63121526835629e-08,0.697500467673344,0.0456997081324125,0.830722598901958,0.999999999897218
"TUBA1A",6.60620213744677e-08,0.695905147813167,0.045355597182376,0.831351504592015,0.999999999897218
"SOD1",6.59863185078772e-08,0.695421284498543,0.0452517074939522,0.831541865782502,0.999999999897218
"ACADM",6.59027272983068e-08,0.694886440666209,0.0451371307413731,0.831752074352061,0.999999999897218
"CAPN1",6.58975556863376e-08,0.694853331625116,0.0451300468898826,0.831765079908729,0.999999999897218
"TM9SF2",6.57646527496527e-08,0.694001700865249,0.044948192878159,0.832099319669418,0.999999999897218
"PLK1",6.57222378985801e-08,0.693729594953807,0.0448902329851492,0.832205995863311,0.999999999897218
"TXNL4A",6.56520946444818e-08,0.693279266389818,0.0447944642821754,0.83238241763032,0.999999999897218
"PNISR",6.50910890548291e-08,0.689662402121624,0.0440321862260539,0.833793741628943,0.999999999897218
"BCAP31",6.50657489271065e-08,0.689498392357852,0.0439979092136139,0.833857502567572,0.999999999897218
"TNFRSF14",6.4999149238603e-08,0.689067071880586,0.0439078849709799,0.83402508619912,0.999999999897218
"PRKCB",6.49789887323719e-08,0.688936430317666,0.0438806517558138,0.834075817215346,0.999999999897218
"XRN1",6.49226755781919e-08,0.68857133005771,0.0438046275762531,0.834217524832243,0.999999999897218
"FBXO7",6.48509984984162e-08,0.688106220772004,0.0437079570513439,0.834397902345442,0.999999999897218
"STK4",6.47180839288872e-08,0.687242559523817,0.0435289784353274,0.834732408886104,0.999999999897218
"NT5C3A",6.46716840708112e-08,0.686940696046667,0.0434665843015786,0.834849190608924,0.999999999897218
"CAPG",6.4653290715272e-08,0.686820982280044,0.0434418630450432,0.834895485029113,0.999999999897218
"TCEB2",6.45097861479649e-08,0.685885959432382,0.0432492297831044,0.835256692740738,0.999999999897218
"TARSL2",6.41905869083073e-08,0.683799669390089,0.042822287835244,0.836060256680029,0.999999999897218
"GCSH",6.33694042633499e-08,0.678390643198116,0.0417336550332755,0.838128316631963,0.999999999897218
"CMIP",6.30053073095179e-08,0.67597284983183,0.0412554607321635,0.839045614355487,0.999999999897218
"MRPL4",6.2581061281806e-08,0.673140255965381,0.0407017442379255,0.84011472612687,0.999999999897218
"SIVA1",6.25023988923122e-08,0.672613210340246,0.0405994869678238,0.840312990013755,0.999999999897218
"INF2",6.24304864919435e-08,0.672130885200361,0.0405061168882606,0.840494249817888,0.999999999897218
"ZNF106",6.23392399593817e-08,0.671518187571166,0.0403877983580564,0.840724254711359,0.999999999897218
"ATP8B4",6.19892295825064e-08,0.669160696629079,0.0399355482481912,0.841606650890218,0.999999999897218
"CACYBP",6.15966613018455e-08,0.666502741105994,0.0394313384607702,0.842596574683513,0.999999999897218
"DCTN2",6.1593215123553e-08,0.666479342954621,0.0394269264157504,0.842605265877896,0.999999999897218
"NGFRAP1",6.15720227126454e-08,0.666335430050022,0.0393997997954108,0.842658713145954,0.999999999897218
"NEAT1",6.14205435183506e-08,0.665305512320676,0.0392061758689625,0.843040764820896,0.999999999897218
"PCNA",6.11952659547692e-08,0.663769740423752,0.0389191033743333,0.843609014584395,0.999999999897218
"TMED2",6.11863505539713e-08,0.663708860865846,0.0389077641269409,0.843631504849529,0.999999999897218
"PSME2",6.10288618115646e-08,0.66263216176518,0.0387077309856924,0.844028811813435,0.999999999897218
"TIMM13",6.09069797114746e-08,0.661797233356326,0.0385532772268964,0.844336318862117,0.999999999897218
"MTPN",6.08956929116057e-08,0.661719841934646,0.0385389897738731,0.844364796521163,0.999999999897218
"DOK2",6.04669661320109e-08,0.658770865617749,0.037998244330926,0.845446664846132,0.999999999897218
"CNOT7",6.00858437138762e-08,0.656134022835912,0.0375207491356756,0.846408651016323,0.999999999897218
"RGS18",5.99738643658824e-08,0.655356514566456,0.0373810279087175,0.846691340225073,0.999999999897218
"RNF181",5.97779216837545e-08,0.653992978922495,0.0371371692272873,0.847186040328163,0.999999999897218
"PCBP2",5.96456325326641e-08,0.653070198447632,0.0369729812339569,0.847520067254312,0.999999999897218
"DAPP1",5.95828944730828e-08,0.652631947783248,0.0368952423262629,0.847678488925903,0.999999999897218
"ARL8B",5.95182388904654e-08,0.652179882246949,0.03681521301175,0.847841759029464,0.999999999897218
"ORAI2",5.95144113075492e-08,0.652153106769198,0.0368104780346412,0.847851424754752,0.999999999897218
"BCL2L1",5.95006547732837e-08,0.652056861926168,0.0367934627918845,0.847886164068588,0.999999999897218
"ZCRB1",5.93812560632216e-08,0.651220698655856,0.0366459456174862,0.848187693498052,0.999999999897218
"ARF1",5.93160411872264e-08,0.650763373430207,0.0365654977240917,0.848352396490971,0.999999999897218
"INPP5D",5.91932533394155e-08,0.64990112423815,0.0364142687613923,0.848662520481509,0.999999999897218
"FAAP20",5.90636385978439e-08,0.648989245099851,0.0362549716017861,0.848989912502092,0.999999999897218
"SF3A3",5.87430747864613e-08,0.646726482585181,0.0358624968655019,0.849799731807634,0.999999999897218
"SNAP23",5.87403984838604e-08,0.646707546211721,0.0358592291881591,0.849806493443465,0.999999999897218
"PTTG1",5.87098832151559e-08,0.64649158013136,0.0358219815761783,0.849883590564055,0.999999999897218
"MGMT",5.86833082754103e-08,0.646303421428698,0.0357895593843216,0.849950733574976,0.999999999897218
"GARS",5.84109788653289e-08,0.644370962289367,0.0354581556288801,0.850638851069544,0.999999999897218
"N4BP2L1",5.83946177411607e-08,0.64425461377856,0.0354382944983426,0.850680195718091,0.999999999897218
"ARPP19",5.83173817833235e-08,0.643704984178984,0.0353446111899008,0.85087537693924,0.999999999897218
"UBR4",5.82850856996054e-08,0.643474969738838,0.0353054744382634,0.850956994342866,0.999999999897218
"CAPZA2",5.8279575087769e-08,0.64343571179396,0.0352987987830482,0.850970920705741,0.999999999897218
"CKS2",5.82493831743742e-08,0.643220565379585,0.035262234953621,0.851047222230834,0.999999999897218
"KMT2C",5.81957309435001e-08,0.642838002178525,0.0351973063251923,0.851182816516176,0.999999999897218
"CDK5RAP3",5.81729471296259e-08,0.642675451093639,0.0351697520051646,0.851240398956493,0.999999999897218
"ANXA1",5.81516245008964e-08,0.642523274658151,0.0351439745891747,0.851294289203901,0.999999999897218
"AASDHPPT",5.81405682483667e-08,0.642444348715374,0.0351306121518169,0.851322232757285,0.999999999897218
"RGCC",5.80705948256578e-08,0.641944534840795,0.0350461021446269,0.851499087791949,0.999999999897218
"SF3B4",5.7844307804377e-08,0.640324592503117,0.0347735019926582,0.852071070297922,0.999999999897218
"C10orf54",5.76710369815632e-08,0.639080451458977,0.0345654881246951,0.852509097127336,0.999999999897218
"FLT3",5.70814811664552e-08,0.634822752407843,0.0338623926136551,0.85399982800008,0.999999999897218
"NQO2",5.69268099965903e-08,0.633699403723761,0.0336791303782259,0.854391010844184,0.999999999897218
"GNAQ",5.69058653724683e-08,0.633547082668224,0.0336543523532112,0.854443985187167,0.999999999897218
"PPM1K",5.6746933268898e-08,0.632389647533045,0.0334666287250536,0.854845986731453,0.999999999897218
"CASP3",5.66355200340146e-08,0.631576589788712,0.0333353453276202,0.855127816915863,0.999999999897218
"ZCCHC17",5.61536226495808e-08,0.628043755580981,0.0327704746412059,0.856347033770488,0.999999999897218
"MPHOSPH8",5.61202429234912e-08,0.627798070288944,0.0327315263312611,0.85643149835065,0.999999999897218
"GCLM",5.60984927463086e-08,0.627637913729784,0.0327061601352671,0.856486536223544,0.999999999897218
"ARL2BP",5.60783227043446e-08,0.627489344154872,0.0326826455630808,0.85653757625703,0.999999999897218
"H2AFV",5.59233787086366e-08,0.626346496748378,0.0325022912450291,0.856929680050593,0.999999999897218
"TPI1",5.58913311433162e-08,0.626109774232618,0.0324650502603267,0.857010784550434,0.999999999897218
"LAMTOR5",5.57505556591091e-08,0.625068521656008,0.0323017144653322,0.857367070522488,0.999999999897218
"TNF",5.56439584648909e-08,0.624278547733982,0.0321783083304234,0.857636874654495,0.999999999897218
"COTL1",5.5617362581053e-08,0.62408124491762,0.0321475554490624,0.857704193085279,0.999999999897218
"JARID2",5.55924675204206e-08,0.623896485357818,0.0321187825555222,0.85776720739855,0.999999999897218
"CD53",5.53877044124494e-08,0.622374092305099,0.03188261280038,0.858285537599026,0.999999999897218
"LDHA",5.53704418741601e-08,0.622245523420487,0.0318627423593449,0.858329238182856,0.999999999897218
"NEXN",5.51581646542259e-08,0.620661656156572,0.0316189021855065,0.858866659172862,0.999999999897218
"ENO1",5.51398297395034e-08,0.620524604939801,0.0315978850423174,0.858913080640536,0.999999999897218
"BPTF",5.49830401341756e-08,0.619351000358532,0.03141844392657,0.859310070134292,0.999999999897218
"SLA2",5.49142903746192e-08,0.618835474999978,0.0313399229847638,0.859484154965365,0.999999999897218
"CCNA2",5.48610525898505e-08,0.618435881531726,0.0312791861784476,0.859618965813788,0.999999999897218
"PTGIR",5.45636484851306e-08,0.616197393218552,0.0309409737985864,0.860372139558192,0.999999999897218
"NOP58",5.44030659057243e-08,0.614984311192911,0.0307591212219374,0.860778866634493,0.999999999897218
"RASA3",5.41032856786554e-08,0.612711335503326,0.0304210678139927,0.861538255302367,0.999999999897218
"IPO5",5.39434414315597e-08,0.611494892344909,0.0302415796564336,0.861943217332421,0.999999999897218
"CCT4",5.38910525089778e-08,0.611095521057081,0.0301828679984585,0.862075951464693,0.999999999897218
"MAX",5.34181616476581e-08,0.607475215090081,0.0296554862339047,0.86327425761405,0.999999999897218
"ARFGAP3",5.32261196576305e-08,0.60599703682656,0.0294426424639451,0.863760982287091,0.999999999897218
"SKAP2",5.31328413318125e-08,0.60527738381584,0.0293395369237468,0.863997412079029,0.999999999897218
"PAK2",5.30501074046104e-08,0.604638161797627,0.0292482380132995,0.864207125489826,0.999999999897218
"CASP8",5.2995928550254e-08,0.604219093036735,0.0291885274140631,0.864344462875312,0.999999999897218
"PCBP1",5.2956617674702e-08,0.603914793445735,0.0291452410320384,0.864444114149692,0.999999999897218
"CLDN5",5.28868772168608e-08,0.603374459179727,0.0290685267651785,0.864620908329888,0.999999999897218
"TOMM7",5.27580565947797e-08,0.602374752469498,0.0289270903498817,0.864947490335914,0.999999999897218
"GSR",5.27580300581771e-08,0.602374546314726,0.0289270612500036,0.864947557613056,0.999999999897218
"LSM5",5.27508213671898e-08,0.602318540852543,0.0289191567850602,0.864965833542971,0.999999999897218
"LAPTM5",5.27223664740256e-08,0.602097405254292,0.0288879660072497,0.8650379748953,0.999999999897218
"MAPK14",5.26357799536274e-08,0.601423863792516,0.0287931578769648,0.865257503587285,0.999999999897218
"SETX",5.24613825204577e-08,0.600064325811802,0.0286026739865612,0.865699696802809,0.999999999897218
"MZT1",5.24232479992056e-08,0.59976651944263,0.0285611061593239,0.865796394352364,0.999999999897218
"DCTPP1",5.22929186724932e-08,0.598747305695928,0.0284192712744257,0.866126885050398,0.999999999897218
"GPX1",5.227977271699e-08,0.598644377807704,0.0284049843871955,0.866160222025518,0.999999999897218
"PARP1",5.21731773783744e-08,0.597808943964464,0.0282892703364095,0.866430547121249,0.999999999897218
"RDH11",5.21530611175374e-08,0.597651117599983,0.0282674597179502,0.866481563583324,0.999999999897218
"PSMA7",5.14584696611136e-08,0.592168802678885,0.0275195232649184,0.868243443375604,0.999999999897218
"POLR3GL",5.14562478069922e-08,0.592151162863464,0.0275171468613233,0.868249080318807,0.999999999897218
"OSTC",5.12980031700575e-08,0.590893114679628,0.0273481588203608,0.868650571243603,0.999999999897218
"ANO6",5.11767529574303e-08,0.589926886627181,0.0272190289914774,0.868958224563135,0.999999999897218
"TGFBR2",5.11523253162507e-08,0.589731984786845,0.0271930508685561,0.869020208258385,0.999999999897218
"PSMD1",5.07266015041907e-08,0.586322176673079,0.0267422969851347,0.870100586187564,0.999999999897218
"PHPT1",5.05481116816359e-08,0.584885162887351,0.0265544338122875,0.870553619876872,0.999999999897218
"SNU13",5.04744549464323e-08,0.5842908688398,0.0264771020269919,0.870740584005329,0.999999999897218
"ETV6",5.03342796835205e-08,0.583157787873611,0.0263302443291158,0.871096413177401,0.999999999897218
"ATP6V1F",5.0305217791955e-08,0.582922527938713,0.0262998481139025,0.871170188868546,0.999999999897218
"UBE2V2",5.02727369534563e-08,0.582659451218843,0.0262658967515826,0.87125264512758,0.999999999897218
"SERF2",5.01859123792334e-08,0.581955493927154,0.0261752489720571,0.871473065934624,0.999999999897218
"MZT2A",5.00855452132215e-08,0.581140414481477,0.0260706575271301,0.871727879641762,0.999999999897218
"SMARCC1",4.97923941269006e-08,0.578751579179671,0.0257663671246838,0.872472212267115,0.999999999897218
"NDUFB7",4.96720542249e-08,0.577767407752157,0.0256419716146772,0.872777797045516,0.999999999897218
"SWI5",4.95561644969597e-08,0.576817668624921,0.0255224607711297,0.873072099232149,0.999999999897218
"ZNF148",4.94254425456462e-08,0.57574405499214,0.025387989287686,0.873404088958794,0.999999999897218
"RFC1",4.94084543268696e-08,0.575604350194603,0.0253705398700284,0.873447234950553,0.999999999897218
"MESDC2",4.94048288247641e-08,0.575574530002638,0.0253668167189088,0.873456442903074,0.999999999897218
"GGH",4.94011273755833e-08,0.57554408317298,0.0253630158570138,0.873465843761612,0.999999999897218
"CDK1",4.9217096752738e-08,0.57402780368749,0.0251744016305323,0.873933263154062,0.999999999897218
"VBP1",4.90318924817124e-08,0.572496866886919,0.0249852952152659,0.874403707917866,0.999999999897218
"AP2M1",4.90021533049386e-08,0.572250568147141,0.0249549958841193,0.874479253729706,0.999999999897218
"ISYNA1",4.89287362464114e-08,0.571641973664752,0.0248802746815183,0.874665758452938,0.999999999897218
"MAP1LC3B",4.89213374032175e-08,0.571580596521118,0.0248727506231948,0.87468455446025,0.999999999897218
"TPM3",4.89115595461199e-08,0.571499471867017,0.0248628090349293,0.874709394218463,0.999999999897218
"KIF2A",4.89064822867904e-08,0.571457341437692,0.0248576475402479,0.874722292583519,0.999999999897218
"SELT",4.86910810335263e-08,0.569666456016823,0.024639166188578,0.875269532594961,0.999999999897218
"SHMT2",4.85061332718924e-08,0.568123259047763,0.0244523433050709,0.875739451262514,0.999999999897218
"ABCC3",4.84934275297353e-08,0.568017055040361,0.0244395348432277,0.875771735855656,0.999999999897218
"TMEM50A",4.84536386012468e-08,0.567684313033182,0.024399445948032,0.875872838675251,0.999999999897218
"PLPP5",4.83793316647831e-08,0.567062271102607,0.0243246669256058,0.87606165644056,0.999999999897218
"UQCRH",4.8368305568648e-08,0.566969898097574,0.0243135805569677,0.87608967492192,0.999999999897218
"MAPKAPK3",4.77902359961409e-08,0.562101175949061,0.0237358901559978,0.877558827767297,0.999999999897218
"ADD1",4.77653651980071e-08,0.561890557410186,0.023711191515717,0.877622045929933,0.999999999897218
"GOLPH3",4.77620259161698e-08,0.561862271413527,0.0237078763276867,0.877630533986468,0.999999999897218
"BRD3",4.76034159493524e-08,0.560516751250382,0.0235506777280738,0.87803371781048,0.999999999897218
"ATF4",4.75831035163774e-08,0.560344155217985,0.0235305838128588,0.878085353955341,0.999999999897218
"TOX4",4.75481093497751e-08,0.56004665718743,0.0234959862217157,0.878174313685869,0.999999999897218
"PCMT1",4.72411510623693e-08,0.557428899699918,0.0231935974429178,0.878954707449171,0.999999999897218
"PIK3R1",4.68695449145985e-08,0.554239950047091,0.022830143781203,0.879899615668355,0.999999999897218
"ZFP36",4.68663852821748e-08,0.554212741403678,0.0228270657726056,0.879907650615817,0.999999999897218
"AHCTF1",4.66342833440532e-08,0.552209657341777,0.0226015272887101,0.8804979197699,0.999999999897218
"FLI1",4.65328362703102e-08,0.55133142500027,0.0225033006311106,0.880755935379975,0.999999999897218
"DOCK2",4.64058895239791e-08,0.55023009163003,0.0223806851062616,0.881078823459342,0.999999999897218
"ANAPC15",4.63997824399591e-08,0.55017704324976,0.0223747948310368,0.881094357279706,0.999999999897218
"SOCS2",4.61014019781027e-08,0.547577773572674,0.0220879514395707,0.881853365680007,0.999999999897218
"UQCRB",4.60559108649446e-08,0.547180203822719,0.0220443818428417,0.881969093722105,0.999999999897218
"RPS10",4.59780593122347e-08,0.546499026691643,0.0219699184862446,0.882167151607192,0.999999999897218
"HSPE1",4.56862791374883e-08,0.543937080624378,0.0216919578086488,0.882909519076107,0.999999999897218
"ATP5A1",4.56706051964096e-08,0.543799054760077,0.0216770763102184,0.882949400726764,0.999999999897218
"SLC25A3",4.56370884552746e-08,0.543503765581662,0.0216452712420024,0.883034683589385,0.999999999897218
"SH3BGRL2",4.56102297461731e-08,0.543266998806829,0.0216198010383218,0.883103026164434,0.999999999897218
"ILF2",4.55913877867511e-08,0.543100829450386,0.0216019420942039,0.883150970463226,0.999999999897218
"TMBIM1",4.54736758344678e-08,0.54206136009104,0.0214905384157246,0.88345050403785,0.999999999897218
"TMEM261",4.53979750689621e-08,0.541391638186444,0.021419046676497,0.883643143418142,0.999999999897218
"PDCD4",4.52492641249978e-08,0.540073164410903,0.0212789510153553,0.884021595336223,0.999999999897218
"KPNB1",4.52300124740243e-08,0.539902203477373,0.0212608482770893,0.884070590467727,0.999999999897218
"NSA2",4.50708413513217e-08,0.538486281742484,0.0211114714227779,0.884475695297616,0.999999999897218
"TFDP2",4.49559522485819e-08,0.537461569499156,0.0210039790143828,0.884768117176933,0.999999999897218
"PDXDC1",4.46511515336432e-08,0.534731928687628,0.0207201311734467,0.885543988190594,0.999999999897218
"CKAP2",4.45732447096827e-08,0.534031634240664,0.020647889750645,0.885742317853787,0.999999999897218
"AKIRIN1",4.44488548595114e-08,0.532911299579773,0.0205328070749571,0.886058995538687,0.999999999897218
"CD59",4.43379437586176e-08,0.53191006081157,0.0204304658558103,0.886341373720793,0.999999999897218
"TRAPPC6A",4.42882051083787e-08,0.531460342409105,0.0203846534555102,0.886468012349561,0.999999999897218
"HNRNPM",4.42558078572896e-08,0.531167182160913,0.0203548412205017,0.88655049993209,0.999999999897218
"LMAN2",4.41910332322221e-08,0.530580481344053,0.0202953004558719,0.88671542817208,0.999999999897218
"MSH6",4.41732257504578e-08,0.530419057706494,0.0202789471213267,0.886760770192014,0.999999999897218
"MTSS1",4.41418086580084e-08,0.530134125771356,0.0202501116001241,0.886840766372549,0.999999999897218
"MRPL14",4.40755878406597e-08,0.529532969175491,0.0201893994034564,0.887009385765899,0.999999999897218
"C4orf48",4.40580409201073e-08,0.529373545498077,0.0201733274104483,0.887054066698625,0.999999999897218
"SPCS1",4.39221945085235e-08,0.528137431727965,0.0200491162944199,0.887399993913014,0.999999999897218
"ATXN2",4.34214105718057e-08,0.523551708617181,0.0195945380192751,0.88867540409025,0.999999999897218
"ETS2",4.32174361533673e-08,0.521670701155278,0.0194108776135372,0.889194974498598,0.999999999897218
"MT-ND5",4.3194340156874e-08,0.521457228480235,0.0193901362735274,0.889253808391646,0.999999999897218
"RP11-501J20.5",4.31354400581131e-08,0.520912374281601,0.0193372912821397,0.889403851100198,0.999999999897218
"RBMX",4.27329590072097e-08,0.51717181389371,0.0189781163838353,0.890429241165472,0.999999999897218
"AUP1",4.27232303685738e-08,0.517081019588301,0.0189694762042695,0.890454028830163,0.999999999897218
"SNRPD1",4.27168835770794e-08,0.517021777297907,0.0189638405645267,0.890470199921185,0.999999999897218
"TMEM109",4.2678910097632e-08,0.51666716479733,0.0189301394669562,0.890566954105213,0.999999999897218
"GABARAPL2",4.25662093132446e-08,0.515613098514887,0.0188302950844557,0.890854118641066,0.999999999897218
"MPP1",4.22624749019157e-08,0.512760200039642,0.0185625238617925,0.891628113020783,0.999999999897218
"NCKAP1L",4.21215601355025e-08,0.511430563103588,0.0184389450637841,0.891987235654371,0.999999999897218
"SHARPIN",4.20408905909192e-08,0.510667642632143,0.018368385619518,0.892192832738293,0.999999999897218
"SEC13",4.19995937094048e-08,0.5102765904546,0.0183323167129104,0.892298086149083,0.999999999897218
"NUTM2A-AS1",4.17633486983092e-08,0.508033066665021,0.0181266605426807,0.89290024050478,0.999999999897218
"HDAC8",4.16447483027078e-08,0.506902601298291,0.0180238538179192,0.893202559056825,0.999999999897218
"YBX3",4.15655359578009e-08,0.506146010807727,0.0179553527962867,0.893404484073566,0.999999999897218
"SRSF3",4.14953482992181e-08,0.505474570150082,0.0178947650946153,0.893583409486314,0.999999999897218
"CALM3",4.09429944128464e-08,0.500155795134672,0.0174215333826133,0.89499168218358,0.999999999897218
"RAB1B",4.09030613980651e-08,0.49976885387399,0.0173875663954131,0.895093507647546,0.999999999897218
"TPP1",4.07361651757397e-08,0.498148104766361,0.0172459633604999,0.895519096141017,0.999999999897218
"PUF60",4.0724724005536e-08,0.498036786768284,0.0172362773091766,0.895548272442155,0.999999999897218
"SRP14",4.04246662790958e-08,0.495107588786275,0.016983220953961,0.896313504510691,0.999999999897218
"SDHA",4.02277914058983e-08,0.493175381088015,0.0168182015285429,0.896815643577796,0.999999999897218
"WBP1",4.0226016957064e-08,0.493157928576777,0.0168167178587283,0.896820169585243,0.999999999897218
"IRF2",4.01904792046269e-08,0.492808257532954,0.0167870174601657,0.896910814851091,0.999999999897218
"UBA7",4.00563822544034e-08,0.491486393857249,0.0166751833903925,0.897252864731871,0.999999999897218
"SRP72",3.96473876457711e-08,0.487430808599727,0.0163363988220895,0.898296231758605,0.999999999897218
"PRRC2B",3.94785186804724e-08,0.485745683435107,0.0161975328901337,0.898727076874905,0.999999999897218
"USP1",3.93857396922534e-08,0.484817181387745,0.0161214902776341,0.898963801964778,0.999999999897218
"TPX2",3.92183718504519e-08,0.483137395806151,0.0159847663730831,0.899390862836441,0.999999999897218
"LINC01420",3.90493465689664e-08,0.481434634679858,0.01584727941129,0.899822182448901,0.999999999897218
"ITM2B",3.90089257949641e-08,0.481026485932247,0.0158144887078391,0.899925332783557,0.999999999897218
"MALAT1",3.89074904240877e-08,0.480000620018263,0.0157323504355611,0.900184194555051,0.999999999897218
"RAB10",3.88682511067973e-08,0.479603149306274,0.0157006333863284,0.900284335641418,0.999999999897218
"UBL4A",3.88030631343258e-08,0.47894206204071,0.015648012846348,0.900450702757053,0.999999999897218
"CTSC",3.87585428840207e-08,0.47849001581235,0.0156121263083391,0.900564326010291,0.999999999897218
"MRPS21",3.87227030562098e-08,0.478125779897297,0.0155832667497992,0.900655796829006,0.999999999897218
"PRDX5",3.83956572666486e-08,0.474788435661382,0.015321150755338,0.901490547633854,0.999999999897218
"DEK",3.83533425498934e-08,0.474354829412553,0.0152873993907831,0.901598559583633,0.999999999897218
"ERLEC1",3.83193823004046e-08,0.47400653172854,0.0152603386959859,0.901685247355838,0.999999999897218
"CCNG1",3.82350425478255e-08,0.473140376978317,0.0151932375721701,0.90190054016196,0.999999999897218
"IGHM",3.81254032043565e-08,0.472011911818889,0.0151062289974841,0.902180425633954,0.999999999897218
"EIF3K",3.81146300264293e-08,0.471900876406291,0.0150976930038458,0.902207927878002,0.999999999897218
"AKR1B1",3.80873410798981e-08,0.471619496480145,0.0150760817408273,0.902277592830096,0.999999999897218
"EP300",3.80052822390073e-08,0.470772319134269,0.0150111891508235,0.902487082370914,0.999999999897218
"NDUFA11",3.79391966629406e-08,0.470088892653012,0.0149590300543386,0.902655798403639,0.999999999897218
"N4BP2L2",3.75730385705399e-08,0.466283383752024,0.014671678774325,0.903590677011835,0.999999999897218
"RNF167",3.74412353894874e-08,0.464905644314229,0.0145689251911184,0.903927231036537,0.999999999897218
"RRM1",3.71593788853868e-08,0.461945181742952,0.0143504019477505,0.904646997923828,0.999999999897218
"CD47",3.70704219671002e-08,0.46100677261407,0.0142817764989076,0.904874180322753,0.999999999897218
"IL1B",3.67121846590136e-08,0.457207777679829,0.0140070807236499,0.905789142382694,0.999999999897218
"SENP6",3.63983892669371e-08,0.453853488149415,0.013768654550452,0.906590699611534,0.999999999897218
"TMEM219",3.5951340943447e-08,0.449031092470824,0.013432515816694,0.907732801539768,0.999999999897218
"SNX3",3.58537299544831e-08,0.44797121039953,0.0133596739609514,0.907982199811491,0.999999999897218
"CLCN3",3.58480289766668e-08,0.447909230352452,0.0133554257474597,0.907996766218614,0.999999999897218
"MRPL18",3.57464528733296e-08,0.446803472642279,0.0132798472468199,0.908256305628224,0.999999999897218
"NME2",3.56442281847416e-08,0.445687891538599,0.0132040026766324,0.908517512140761,0.999999999897218
"SNRPG",3.54522338393031e-08,0.44358510808442,0.0130621414858985,0.909008126539454,0.999999999897218
"DCP2",3.54509003930032e-08,0.443570469150346,0.0130611589054072,0.909011534094478,0.999999999897218
"YBX1",3.5187418401487e-08,0.440668451116719,0.0128677312957173,0.909684881852239,0.999999999897218
"RNF11",3.51810031206297e-08,0.440597557129158,0.0128630396991839,0.909701277389006,0.999999999897218
"EIF3A",3.50753294011615e-08,0.439428156750625,0.0127858819336117,0.90997135330012,0.999999999897218
"RAB11A",3.50693757460396e-08,0.439362181604594,0.0127815417736041,0.909986569681121,0.999999999897218
"INTS10",3.50554323430518e-08,0.439207630310832,0.0127713800439099,0.910022206428161,0.999999999897218
"CEBPZ",3.48470395473316e-08,0.436891370396667,0.0126199882246859,0.910554841221873,0.999999999897218
"ABLIM1",3.47666354463075e-08,0.435994466515547,0.0125618181079816,0.910760358231084,0.999999999897218
"TGS1",3.47145112035592e-08,0.435412058610195,0.0125241794691725,0.910893593661796,0.999999999897218
"ELF1",3.47062865804223e-08,0.435320091675013,0.0125182456708615,0.910914616953121,0.999999999897218
"NDUFS2",3.4613813657346e-08,0.434284761475161,0.0124516262364653,0.911150995015228,0.999999999897218
"SNRPA",3.4506926372925e-08,0.433085045484211,0.0123748438518236,0.911424228673093,0.999999999897218
"FO538757.2",3.43576302414179e-08,0.431403905013643,0.0122679946005031,0.911805888675736,0.999999999897218
"KCTD20",3.42847873627773e-08,0.43058135423872,0.0122160300895508,0.911992111295092,0.999999999897218
"COX7B",3.41767334199893e-08,0.429358391314716,0.0121391499197408,0.912268359802994,0.999999999897218
"SECISBP2",3.40964881435018e-08,0.428447990765622,0.0120822125963678,0.912473520103854,0.999999999897218
"MAP2K3",3.37645749160642e-08,0.424662451313005,0.0118481282394523,0.913322172899717,0.999999999897218
"TERF2IP",3.37421497020176e-08,0.424405521343638,0.0118323952661004,0.913379514414987,0.999999999897218
"APLP2",3.37227003434512e-08,0.424182566014121,0.0118187585432022,0.913429247000705,0.999999999897218
"RIF1",3.36408649779165e-08,0.42324322918322,0.0117614666380005,0.913638506165122,0.999999999897218
"TMEM258",3.3567877344365e-08,0.422403771457716,0.0117104863570338,0.91382514606728,0.999999999897218
"MARCKSL1",3.35415217507415e-08,0.422100255835428,0.0116921047564142,0.913892542288456,0.999999999897218
"CENPT",3.3514884012009e-08,0.421793280108649,0.0116735410453746,0.913960660637025,0.999999999897218
"CLEC2B",3.34906674127459e-08,0.42151402158159,0.0116566774134716,0.914022588166849,0.999999999897218
"VPS36",3.34696506983637e-08,0.421271520757128,0.0116420519545082,0.914076333262861,0.999999999897218
"JAK1",3.34445205342797e-08,0.420981383053223,0.0116245760122602,0.914140598014067,0.999999999897218
"ANAPC11",3.34253744414508e-08,0.420760206516414,0.0116112703046847,0.914189560223644,0.999999999897218
"SNRPB",3.33550354719622e-08,0.419946700259336,0.011562453173361,0.914369440520759,0.999999999897218
"AP1S2",3.33510014361475e-08,0.419899999334457,0.0115596565623564,0.914379757034158,0.999999999897218
"GTF3A",3.33128330980424e-08,0.419457891609675,0.011533212954102,0.914477368227634,0.999999999897218
"DR1",3.32195759721538e-08,0.4183758285106,0.0114687303676589,0.914715868167474,0.999999999897218
"LDHB",3.31876031470778e-08,0.418004239287727,0.0114466643878073,0.914797638667365,0.999999999897218
"GNAS",3.31215120291953e-08,0.417235137948349,0.0114011190944537,0.914966669558418,0.999999999897218
"CHD2",3.304641992139e-08,0.41635967047851,0.0113494811400914,0.915158725536617,0.999999999897218
"SPTLC2",3.30323109504394e-08,0.416194986807133,0.0113397920229691,0.915194811269575,0.999999999897218
"CLEC11A",3.30052108163377e-08,0.415878495106375,0.0113211930321524,0.915264124270653,0.999999999897218
"COX5B",3.29854038326785e-08,0.415647034196311,0.0113076090316182,0.91531478426075,0.999999999897218
"CSNK1A1",3.29098560835289e-08,0.414763085085089,0.0112558718367375,0.915508014628784,0.999999999897218
"CDV3",3.27237431346683e-08,0.41257791014274,0.0111289226320852,0.915984061651512,0.999999999897218
"HIST1H1B",3.26299476025302e-08,0.411472545328126,0.0110652167631877,0.916223986983831,0.999999999897218
"ARGLU1",3.25970202822453e-08,0.411083846798393,0.0110428959120107,0.916308215602564,0.999999999897218
"SLC2A3",3.2588426515839e-08,0.41098234339982,0.0110370740572809,0.916330198750903,0.999999999897218
"PBRM1",3.25780571067276e-08,0.410859836382656,0.0110300513353971,0.916356724139178,0.999999999897218
"ME2",3.25776757743802e-08,0.410855330572091,0.0110297931192157,0.916357699605271,0.999999999897218
"CEP350",3.25567116121124e-08,0.410607548094836,0.0110156020532574,0.916411327112795,0.999999999897218
"TMEM183A",3.23907468544944e-08,0.408641041271094,0.0109035795662775,0.916835887714001,0.999999999897218
"MCTP1",3.23036912283742e-08,0.407606017112849,0.0108450478900406,0.917058597431549,0.999999999897218
"PSMD7",3.22311353630977e-08,0.40674152845638,0.0107963854539502,0.917244218166133,0.999999999897218
"PRPF4B",3.21817935782577e-08,0.406152663379728,0.0107633549594225,0.917370452555946,0.999999999897218
"TUBB1",3.21585735562527e-08,0.405875274319473,0.0107478284677432,0.917429858613028,0.999999999897218
"LBR",3.21462899701938e-08,0.40572846271536,0.0107396193560082,0.917461285101094,0.999999999897218
"CANX",3.21353289205283e-08,0.405597416664255,0.0107322967422973,0.917489328103552,0.999999999897218
"ZMYND8",3.18299634886726e-08,0.401930863654261,0.0105292988937899,0.918270623215457,0.999999999897218
"SLC39A10",3.15555224486082e-08,0.398609421955076,0.0103485123700962,0.918972863846136,0.999999999897218
"METTL9",3.15550485258279e-08,0.398603664573403,0.0103482015301198,0.918974076576121,0.999999999897218
"NDUFC1",3.15228256952862e-08,0.398212033694011,0.0103270779313663,0.919056532629828,0.999999999897218
"LY6E",3.12969289822511e-08,0.395456703070381,0.0101795978661638,0.919634611499456,0.999999999897218
"ZNF24",3.12696706680559e-08,0.39512305641406,0.0101618735813931,0.919704369511292,0.999999999897218
"AP1M1",3.10254305268244e-08,0.392122170399986,0.0100037494651369,0.920329443257391,0.999999999897218
"NT5C",3.09615130755928e-08,0.391333448978956,0.00996257321011349,0.920493032703688,0.999999999897218
"NBAS",3.07896681875366e-08,0.389205892071144,0.00985229008595303,0.920932866812275,0.999999999897218
"CARD19",3.07895675820282e-08,0.389204643484149,0.00985222570117121,0.920933124317484,0.999999999897218
"SSBP1",3.07360149085683e-08,0.388539511869197,0.00981798331160129,0.921070196440701,0.999999999897218
"BLOC1S1",3.06894256327636e-08,0.387960046126813,0.00978824191126725,0.921189447127727,0.999999999897218
"SNAP29",3.06674756631629e-08,0.387686772674681,0.00977424524799264,0.921245631250099,0.999999999897218
"SLC25A5",3.05663831146576e-08,0.386425986857283,0.0097099116343512,0.921504397321017,0.999999999897218
"CRLF3",3.04612743955362e-08,0.385111260897095,0.00964324744272327,0.92177345237444,0.999999999897218
"MCUR1",3.03484319171632e-08,0.383695399419093,0.00957193378780039,0.922062314103935,0.999999999897218
"HMG20B",3.0339373430189e-08,0.383581541962056,0.00956622052409972,0.922085503071525,0.999999999897218
"ATP5J",3.03225150115505e-08,0.383369567265243,0.00955559231883221,0.92212865938689,0.999999999897218
"C16orf13",3.02315156478426e-08,0.382223584471772,0.00949832477126402,0.922361615040105,0.999999999897218
"DCK",3.02261249303207e-08,0.382155603419723,0.00949493769525567,0.922375415325119,0.999999999897218
"MEAF6",3.01410096294083e-08,0.381080834388641,0.00944153841863915,0.922593314350595,0.999999999897218
"GPCPD1",3.01233115436297e-08,0.380857025394562,0.00943045397912463,0.922638622981928,0.999999999897218
"SLIRP",3.00626283732744e-08,0.380088759983777,0.00939249710124282,0.922793979055227,0.999999999897218
"CENPC",2.99293562395958e-08,0.378396752693745,0.0093094049977766,0.923135181765617,0.999999999897218
"CCNB1",2.99043068382639e-08,0.378077996989802,0.00929382848930157,0.923199314709958,0.999999999897218
"CD55",2.98378082960231e-08,0.377230669443886,0.00925254086514823,0.923369570593289,0.999999999897218
"KIFAP3",2.96466458669397e-08,0.374785687504983,0.00913436380161005,0.92385902232512,0.999999999897218
"PPIH",2.95610694644175e-08,0.373686712508612,0.00908170639066749,0.924078141251706,0.999999999897218
"MFSD1",2.94457764842162e-08,0.372201732190741,0.00901100427009386,0.924373358771575,0.999999999897218
"COPA",2.93882313320245e-08,0.371458654155536,0.00897581871960681,0.924520711946531,0.999999999897218
"OAZ1",2.93801647771542e-08,0.371354389959661,0.0089708919857327,0.924541367802711,0.999999999897218
"NOP56",2.9355404287444e-08,0.371034192829774,0.00895577770154287,0.9246047717819,0.999999999897218
"EMC10",2.93489981125053e-08,0.370951311350702,0.00895186932283452,0.924621176098563,0.999999999897218
"TRAM1",2.92950407761409e-08,0.370252599747309,0.00891898404248453,0.924759346127412,0.999999999897218
"JKAMP",2.92711001464052e-08,0.36994222592224,0.00890441237168089,0.924820652280811,0.999999999897218
"RYBP",2.91972184649467e-08,0.368983006450466,0.00885951875965745,0.925009848183434,0.999999999897218
"NDUFS6",2.9141674065123e-08,0.368260471937858,0.00882584236176625,0.925152088845148,0.999999999897218
"TAX1BP1",2.9108362855301e-08,0.367826577094897,0.00880567663937689,0.925237394876245,0.999999999897218
"RRM2",2.9100074684442e-08,0.367718552504032,0.00880066278391019,0.925258620025823,0.999999999897218
"OLA1",2.90048273959388e-08,0.366475213878856,0.00874314626835544,0.925502542309679,0.999999999897218
"TMED10",2.89379923602337e-08,0.365600640790097,0.00870289950281706,0.925673706793144,0.999999999897218
"HPRT1",2.87682808736383e-08,0.363371951972666,0.00860111973901669,0.926108353242946,0.999999999897218
"DAZAP2",2.87609121063178e-08,0.363274924866557,0.00859671408591329,0.926127225822307,0.999999999897218
"PRKACA",2.87456747727853e-08,0.363074221021242,0.00858760753878706,0.926166251176928,0.999999999897218
"MIS18BP1",2.86206787009612e-08,0.361424289197198,0.00851308617696548,0.926486393678877,0.999999999897218
"SOX4",2.84908212864711e-08,0.359703536401154,0.00843601047449715,0.926818999756979,0.999999999897218
"HIF1A",2.83906619507002e-08,0.358371649016303,0.0083768012297416,0.927075548363341,0.999999999897218
"GLIPR1",2.82287579162233e-08,0.35621003145442,0.00828153252526497,0.927490266160879,0.999999999897218
"ADAR",2.79920390352433e-08,0.353030051833768,0.00814322141422708,0.92809665789601,0.999999999897218
"TALDO1",2.7984477001275e-08,0.35292808169367,0.00813882223494191,0.928116029896509,0.999999999897218
"MDH1",2.79590771928141e-08,0.352585402783173,0.0081240547114886,0.92818109803323,0.999999999897218
"DECR1",2.79580742594124e-08,0.352571866253384,0.00812347187825464,0.928183667314735,0.999999999897218
"IL6ST",2.79083327979894e-08,0.351899978275907,0.0080945919270246,0.928311094278733,0.999999999897218
"DKC1",2.77638322379339e-08,0.349942196186624,0.00801098643357637,0.928681284161485,0.999999999897218
"ARRB2",2.76909108238038e-08,0.348950844883346,0.00796896015327796,0.928868104317994,0.999999999897218
"ICAM2",2.75931557218328e-08,0.347618316076759,0.0079127950466972,0.929118552996869,0.999999999897218
"PARVG",2.75812064803068e-08,0.347455150871479,0.00790594324422716,0.929149167448867,0.999999999897218
"CENPF",2.74614841705423e-08,0.345816956289661,0.00783745722624693,0.929455906749094,0.999999999897218
"NME4",2.74370040399791e-08,0.345481222841173,0.00782349028558619,0.929518628332316,0.999999999897218
"ACADVL",2.74085746819148e-08,0.345091000427089,0.00780728577756642,0.929591468948649,0.999999999897218
"MT-ND1",2.73094949945743e-08,0.343728271570882,0.00775094244008004,0.929845331748792,0.999999999897218
"LARS",2.7294095488948e-08,0.343516082782872,0.00774220357261354,0.929884789132031,0.999999999897218
"CORO1A",2.71905142717764e-08,0.342086131781513,0.00768355168037941,0.930150194579228,0.999999999897218
"CHEK1",2.71263343595514e-08,0.341197741082968,0.00764732230412719,0.930314646231003,0.999999999897218
"LASP1",2.71030132208166e-08,0.340874472451884,0.00763417879577905,0.930374403980435,0.999999999897218
"TCF4",2.70329944272491e-08,0.33990244303659,0.00759478498254501,0.930553821484081,0.999999999897218
"FAM13B",2.69743175145954e-08,0.339086178115527,0.00756185079227616,0.93070417905243,0.999999999897218
"SEPT6",2.69696091815929e-08,0.339020612740473,0.00755921119968334,0.930716244100898,0.999999999897218
"SRSF1",2.68257250271594e-08,0.337012152464794,0.0074787688491789,0.93108495323524,0.999999999897218
"YWHAQ",2.67185144303837e-08,0.335509512031031,0.00741910961957316,0.931359694472244,0.999999999897218
"LPIN2",2.67103460231368e-08,0.335394810503579,0.0074145739598347,0.931380627424521,0.999999999897218
"HLA-DMA",2.66902623124898e-08,0.335112663394874,0.00740342800360005,0.93143209559844,0.999999999897218
"RAB8A",2.66444381902733e-08,0.33446820865432,0.00737802815145913,0.931549529347867,0.999999999897218
"DUT",2.63361025135802e-08,0.33010663818465,0.00720825565371949,0.932339741632654,0.999999999897218
"ASB8",2.62243737642797e-08,0.328515207165312,0.00714722452493262,0.932626100056683,0.999999999897218
"C17orf89",2.61447166114843e-08,0.327376989025923,0.007103870743582,0.932830264983203,0.999999999897218
"NGLY1",2.60897150916658e-08,0.326589312465066,0.00707401287944758,0.93297123897434,0.999999999897218
"PSME1",2.60814641341955e-08,0.326471025960964,0.00706953922768323,0.932992387124237,0.999999999897218
"TAF1D",2.58227755225282e-08,0.32274583111888,0.00692999646506855,0.933655459603767,0.999999999897218
"HIST1H1E",2.58116407057712e-08,0.322584758825336,0.00692402130534692,0.933684001481516,0.999999999897218
"TRAPPC2L",2.57674679577356e-08,0.321945175491848,0.00690034273789671,0.933797230333902,0.999999999897218
"AKAP9",2.5731576606087e-08,0.321424796959165,0.0068811332335548,0.93388923231046,0.999999999897218
"UBA2",2.55867690928315e-08,0.319318840386874,0.00680390236540283,0.934260433122586,0.999999999897218
"UQCR11",2.53489071103707e-08,0.315836970368423,0.00667798828921678,0.934870201539105,0.999999999897218
"QARS",2.53405731992714e-08,0.315714462429866,0.00667359799247595,0.934891566538332,0.999999999897218
"AK2",2.53166071393647e-08,0.315361967532142,0.00666098073904641,0.934953006722012,0.999999999897218
"GAMT",2.52549402550871e-08,0.314453629488765,0.00662857026211475,0.935111099765807,0.999999999897218
"MRPS25",2.51947044536663e-08,0.313564506334158,0.00659698823673791,0.935265526467453,0.999999999897218
"EIF2S2",2.50890501666058e-08,0.31200049830983,0.00654177515406999,0.935536398553905,0.999999999897218
"SMU1",2.50565699051016e-08,0.311518539273993,0.00652484816568141,0.93561967160456,0.999999999897218
"NUMA1",2.50010652940918e-08,0.310693673662894,0.00649597286165557,0.935761976222922,0.999999999897218
"ATP5J2",2.49958661266802e-08,0.310616326178041,0.00649327136567816,0.935775306131186,0.999999999897218
"RUVBL2",2.48811085151713e-08,0.308905515287417,0.00643378618615279,0.93606953251639,0.999999999897218
"TYMP",2.48113426815358e-08,0.307862085772469,0.00639775650813039,0.93624840900908,0.999999999897218
"C19orf60",2.47289286167585e-08,0.306626193950438,0.00635532515432547,0.936459719148755,0.999999999897218
"ATP5G3",2.46541419288073e-08,0.305501578511263,0.00631694298089479,0.936651476523957,0.999999999897218
"SRRM2",2.45846440075344e-08,0.304453830341224,0.00628137933117032,0.936829676490929,0.999999999897218
"MANBA",2.4539097163997e-08,0.303765769328563,0.00625812644354624,0.936946465096864,0.999999999897218
"OSTF1",2.45266999638837e-08,0.303578296618663,0.00625180480524531,0.936978253521896,0.999999999897218
"HOOK3",2.45157177405727e-08,0.303412152578956,0.00624620736693947,0.937006413801593,0.999999999897218
"RASSF1",2.45089348232633e-08,0.303309505194809,0.00624275149038928,0.937023806389186,0.999999999897218
"PIK3CG",2.44949415951948e-08,0.303097664488043,0.00623562500298789,0.93705968757094,0.999999999897218
"GCA",2.44587643009692e-08,0.302549495310321,0.00621721945172277,0.937152453325211,0.999999999897218
"STOML2",2.43327265694097e-08,0.300634208865485,0.0061533090069569,0.937475645709959,0.999999999897218
"CPT1A",2.42884542933183e-08,0.299959392989375,0.00613093805187925,0.937589173387583,0.999999999897218
"CD81",2.42570084293835e-08,0.299479432263104,0.00611507307844733,0.937669810986122,0.999999999897218
"LETMD1",2.420752770409e-08,0.29872310702016,0.00609015082601985,0.937796697229749,0.999999999897218
"TMSB10",2.41508088285259e-08,0.297854488826687,0.00606164549169747,0.93794214661743,0.999999999897218
"G3BP2",2.40788016792054e-08,0.296749179110451,0.0060255530265373,0.938126804102827,0.999999999897218
"WBP2",2.39969979204077e-08,0.295489997348939,0.00598468092685155,0.938336588370239,0.999999999897218
"CREG1",2.39015909917752e-08,0.294016700360917,0.00593718790453545,0.93858126312754,0.999999999897218
"RHOG",2.38667392953448e-08,0.293477236119318,0.00591988610974203,0.938670643097761,0.999999999897218
"RTN3",2.38270242769905e-08,0.292861657248859,0.00590020074186196,0.938772496388885,0.999999999897218
"NDUFS5",2.38264433119912e-08,0.292852645726987,0.00589991302080286,0.938773986341428,0.999999999897218
"PSMA5",2.37981597859284e-08,0.292413700165495,0.00588591417938333,0.93884652300401,0.999999999897218
"BACH1",2.37613962990227e-08,0.291842471266946,0.00586774306083553,0.93894080835186,0.999999999897218
"NDUFA12",2.36442096993418e-08,0.290016487422089,0.00581000863798486,0.939241356260529,0.999999999897218
"HLA-DQB1",2.36431357902798e-08,0.289999717564591,0.00580948087416361,0.93924411055002,0.999999999897218
"VPS26B",2.36083638145323e-08,0.289456369932127,0.00579240542496406,0.939333291759463,0.999999999897218
"UXT",2.35939022704992e-08,0.289230188549846,0.00578531120441032,0.939370382139038,0.999999999897218
"MRPS15",2.3509956802842e-08,0.287914878251741,0.00574421696799551,0.939585684653083,0.999999999897218
"ZFAND1",2.34816133699669e-08,0.287469852918387,0.00573037494458033,0.939658380610392,0.999999999897218
"ANXA7",2.33412226936709e-08,0.285258640254354,0.00566205883054881,0.940018465588398,0.999999999897218
"RNASEH2B",2.33069306713654e-08,0.284716768674315,0.00564543409571447,0.940106422313451,0.999999999897218
"C6orf48",2.3293378645824e-08,0.284502432686134,0.00563887082702219,0.940141182546685,0.999999999897218
"PSMB1",2.28512647534071e-08,0.2774498527046,0.00542684799595324,0.941275243606849,0.999999999897218
"RNASEH2C",2.27886319355572e-08,0.276441156748736,0.00539713997121185,0.941435911981776,0.999999999897218
"ARHGDIA",2.2781822108803e-08,0.276331339789262,0.00539391484591084,0.941453380983496,0.999999999897218
"GLRX",2.27719219176093e-08,0.276171635901621,0.0053892278472208,0.941478777635324,0.999999999897218
"FNBP1L",2.26760230709894e-08,0.274621519803073,0.00534393237332742,0.941724787032854,0.999999999897218
"AP2S1",2.26536602199108e-08,0.274259225225645,0.00533339731293248,0.941782155275135,0.999999999897218
"ENOSF1",2.2502484414652e-08,0.271801873635351,0.00526245157354367,0.942169980021956,0.999999999897218
"WSB1",2.24631154967145e-08,0.271159578339866,0.00524405397899799,0.942270978864699,0.999999999897218
"GAS2L1",2.24091223934294e-08,0.2702770984215,0.0052188747056755,0.942409496778048,0.999999999897218
"UBE2L6",2.23624511277389e-08,0.269512797251826,0.00519715874181816,0.942529232109635,0.999999999897218
"PTPN2",2.23400305950931e-08,0.269145139086605,0.00518674265158581,0.942586752543933,0.999999999897218
"GADD45GIP1",2.22580428108003e-08,0.267797941822722,0.00514874187945527,0.942797096791464,0.999999999897218
"EIF4G1",2.22290460845406e-08,0.267320443381454,0.00513533554253579,0.942871490470653,0.999999999897218
"SMC4",2.2216202479829e-08,0.267108770437006,0.00512940301936151,0.942904442039699,0.999999999897218
"MRPL57",2.21661804227208e-08,0.26628335072319,0.00510633027061351,0.943032779625716,0.999999999897218
"LINC00493",2.21400688903453e-08,0.265851837468514,0.00509430694746661,0.943099772480936,0.999999999897218
"RPA2",2.20127372012522e-08,0.263741218522715,0.00503587881794031,0.94342646582276,0.999999999897218
"HECTD1",2.19960869933055e-08,0.263464444082711,0.00502826352523934,0.94346918576036,0.999999999897218
"WNK1",2.18999227510049e-08,0.261862342150904,0.00498439370742302,0.943715920416941,0.999999999897218
"NDUFB9",2.1853555720052e-08,0.261087676964685,0.00496330989972651,0.943834889161343,0.999999999897218
"CTSA",2.18243632471811e-08,0.260599217506889,0.00495005855363662,0.943909791987332,0.999999999897218
"ARHGAP30",2.17044460446913e-08,0.258586736199882,0.00489581033907673,0.944217483941703,0.999999999897218
"CMTM7",2.16790992064677e-08,0.258160121183231,0.00488438218714935,0.944282521700999,0.999999999897218
"RILPL2",2.16529165816223e-08,0.257718983140995,0.00487259122489851,0.944349704405296,0.999999999897218
"B2M",2.16165015335275e-08,0.257104671996769,0.00485621593052297,0.944443143418798,0.999999999897218
"LSM2",2.15858282460961e-08,0.256586523788844,0.00484244400500605,0.944521849982942,0.999999999897218
"MT-ATP8",2.14454659779286e-08,0.254207253269117,0.00477967258417551,0.944882021466727,0.999999999897218
"TIMM17B",2.14335179483574e-08,0.254004098031464,0.00477434821760951,0.94491268079407,0.999999999897218
"PCNP",2.14079115315547e-08,0.253568373921401,0.00476294729659329,0.944978388599123,0.999999999897218
"MAP3K7CL",2.14077819143408e-08,0.253566167174974,0.00476288962089814,0.944978721206652,0.999999999897218
"SIGIRR",2.13950568024532e-08,0.253349464231956,0.00475722903538519,0.945011374848427,0.999999999897218
"COX20",2.12564176978944e-08,0.250981209068441,0.00469577548655919,0.945367139711588,0.999999999897218
"FKBP11",2.12540475265203e-08,0.250940604743652,0.00469472835130918,0.945373221955546,0.999999999897218
"CCAR1",2.11937671145399e-08,0.249906591351248,0.00466813587866232,0.945527912333722,0.999999999897218
"TGOLN2",2.11548136757497e-08,0.249237046278144,0.00465099189134311,0.945627874955989,0.999999999897218
"EGLN3",2.11389544068077e-08,0.248964144489673,0.0046440210256281,0.945668573382514,0.999999999897218
"LEPROT",2.10572644950291e-08,0.247555619967412,0.00460819743305965,0.945878210186857,0.999999999897218
"SRRM1",2.10315206677268e-08,0.247110751345528,0.0045969366996442,0.945944276082495,0.999999999897218
"TMOD3",2.0943330020678e-08,0.245583165226659,0.0045584652224602,0.946170600882303,0.999999999897218
"FDPS",2.08911504742181e-08,0.244676705305401,0.00453577901739796,0.946304511975057,0.999999999897218
"FAM212A",2.08759603562433e-08,0.244412453387789,0.0045291854150053,0.946343495452692,0.999999999897218
"TIPRL",2.08592948127284e-08,0.244122342032915,0.00452195688932507,0.94638626556738,0.999999999897218
"CD69",2.07723063589407e-08,0.242604778871609,0.00448432015798445,0.946609513485809,0.999999999897218
"TMEM40",2.06546069817659e-08,0.240542621736372,0.00443364630655597,0.946911584853624,0.999999999897218
"PTPMT1",2.02605500377986e-08,0.233563312981429,0.00426608629549911,0.947922973630551,0.999999999897218
"ASPM",2.02537994994393e-08,0.233442726140594,0.0042632439657978,0.94794030033619,0.999999999897218
"YWHAG",2.02371611325789e-08,0.233145360781153,0.00425624238750672,0.947983006381113,0.999999999897218
"RP5-1171I10.5",2.01853075523791e-08,0.232217253520619,0.00423445883264217,0.94811610101021,0.999999999897218
"PMPCB",2.01736520966751e-08,0.232008351565013,0.00422957009879383,0.948146017727407,0.999999999897218
"GSTO1",2.01198154734546e-08,0.231042067548949,0.00420702564962475,0.948284204180398,0.999999999897218
"MADD",2.0119773495424e-08,0.23104131323121,0.00420700809454654,0.948284311929129,0.999999999897218
"SEC63",2.00876552178157e-08,0.230463767160324,0.00419358706843342,0.948366753035792,0.999999999897218
"NUSAP1",2.00273526872097e-08,0.229377242772433,0.00416844681837495,0.948521538898091,0.999999999897218
"UQCRC1",2.00039265496736e-08,0.228954385566575,0.00415870079765054,0.948581670147602,0.999999999897218
"CD82",1.99697953223606e-08,0.228337522790591,0.00414452153442644,0.948669280220727,0.999999999897218
"PRKDC",1.99375460850196e-08,0.227753830493992,0.00413114636111629,0.948752060059796,0.999999999897218
"SMARCB1",1.98509082751131e-08,0.226181660242406,0.00409532090674405,0.948974451434247,0.999999999897218
"PSMB9",1.9760184143073e-08,0.224528927030364,0.0040579729527639,0.949207336286133,0.999999999897218
"PGD",1.96485300704713e-08,0.222485825724294,0.0040122437102779,0.949493953327613,0.999999999897218
"TBCA",1.96054858351567e-08,0.221695483085021,0.00399468363941053,0.94960445002677,0.999999999897218
"THUMPD1",1.95977164680764e-08,0.221552667610965,0.00399151819742797,0.94962439448292,0.999999999897218
"ARHGAP4",1.95544840064807e-08,0.220757073564645,0.00397392708463259,0.949735375519256,0.999999999897218
"DUSP23",1.95325203585776e-08,0.220352296843131,0.00396500504735453,0.949791758257363,0.999999999897218
"PRMT1",1.95210972754414e-08,0.220141619811874,0.00396036874467883,0.949821082479396,0.999999999897218
"CD2AP",1.9517477895337e-08,0.220074844860993,0.00395890030765323,0.949830373812263,0.999999999897218
"CD68",1.95136954357275e-08,0.220005049699455,0.00395736599778134,0.949840083794815,0.999999999897218
"TM7SF3",1.95114950429071e-08,0.219964441928755,0.00395647357135108,0.949845732444388,0.999999999897218
"DTYMK",1.95110058615649e-08,0.219955413652286,0.00395627518483221,0.949846988226859,0.999999999897218
"TRMT112",1.94865304592937e-08,0.219503446771553,0.00394635558430686,0.949909819443536,0.999999999897218
"ATP5B",1.93952665414417e-08,0.217813786669251,0.00390947713847366,0.950144107324089,0.999999999897218
"PPT1",1.93093409540331e-08,0.216216627463952,0.00387491406531529,0.950364694865944,0.999999999897218
"ANAPC16",1.91781774528044e-08,0.213766637141521,0.00382245022422548,0.950701424179425,0.999999999897218
"PPP4R2",1.91370508580277e-08,0.212995435718047,0.00380607371466798,0.950807008187517,0.999999999897218
"FAH",1.91237133666344e-08,0.212745022939452,0.00380077030756654,0.950841249617851,0.999999999897218
"GADD45A",1.91159074025468e-08,0.212598394673423,0.00379766812538665,0.950861289963465,0.999999999897218
"ATP5C1",1.90883189481037e-08,0.212079751804886,0.00378671429646261,0.950932118383755,0.999999999897218
"VAMP5",1.89614353037051e-08,0.20968600333455,0.00373653960928205,0.951257874419584,0.999999999897218
"IL17RA",1.88964303073232e-08,0.208454236103635,0.00371096376159537,0.951424768827728,0.999999999897218
"YWHAH",1.8885649743687e-08,0.208249601039517,0.00370673070081271,0.951452447149233,0.999999999897218
"RIOK3",1.88724260504449e-08,0.207998452042523,0.00370154162765951,0.9514863981102,0.999999999897218
"AIG1",1.88198034673663e-08,0.20699750651301,0.0036809281549504,0.951621503996283,0.999999999897218
"GNPTAB",1.88079093603893e-08,0.206770928850084,0.00367627693545938,0.951652041721999,0.999999999897218
"VAPA",1.88001940121619e-08,0.206623888100782,0.00367326140209752,0.951671850660997,0.999999999897218
"SAP18",1.8764743459526e-08,0.20594758848283,0.00365942150524919,0.951762869338804,0.999999999897218
"MGST2",1.87086784814628e-08,0.204875749827448,0.00363758705895905,0.951906816479678,0.999999999897218
"TAL1",1.86862225951268e-08,0.204445659020346,0.00362885996275895,0.95196447253227,0.999999999897218
"SLC40A1",1.86665231804158e-08,0.204067991720375,0.0036212127525518,0.952015051481725,0.999999999897218
"CDK5RAP2",1.86604028194347e-08,0.20395058463796,0.00361883850260626,0.952030765766069,0.999999999897218
"EMP3",1.85829473786578e-08,0.202461852721197,0.00358885876387977,0.952229637478934,0.999999999897218
"AURKAIP1",1.85776916051882e-08,0.202360638714091,0.00358682899315373,0.952243132115602,0.999999999897218
"LAGE3",1.85169281329215e-08,0.201188662940406,0.00356340393488442,0.952399148391114,0.999999999897218
"MRPS18B",1.84674132482759e-08,0.200231167996402,0.00354437209242802,0.952526284145293,0.999999999897218
"SERINC3",1.84405783126406e-08,0.199711313487986,0.00353407894617056,0.952595186755318,0.999999999897218
"MORF4L2",1.844003664438e-08,0.199700813352419,0.00353387133117624,0.952596577571208,0.999999999897218
"SET",1.83752785282283e-08,0.198443551995551,0.00350909426376614,0.952762854952359,0.999999999897218
"NKTR",1.82757905256188e-08,0.196504489728945,0.0034711990351175,0.953018311176037,0.999999999897218
"HIST1H4C",1.82698160705528e-08,0.196387753113916,0.00346892989848411,0.953033651991025,0.999999999897218
"PTRHD1",1.8206614077402e-08,0.195150793014048,0.00344497081084108,0.953195939000293,0.999999999897218
"RAD21",1.81883935036179e-08,0.194793494785583,0.00343807903669351,0.953242725265663,0.999999999897218
"SNN",1.80732164285891e-08,0.192527686154539,0.00339467398274775,0.953538477368768,0.999999999897218
"C7orf50",1.80615958074331e-08,0.192298383720847,0.00339031000709866,0.953568317197136,0.999999999897218
"CEP57",1.80561929341214e-08,0.192191728501367,0.00338828198300244,0.953582190902144,0.999999999897218
"MT-ATP6",1.8054323061103e-08,0.192154809876154,0.00338758024825404,0.95358699243697,0.999999999897218
"SUPT4H1",1.79717270390238e-08,0.190520712800079,0.00335665572923889,0.953799087488643,0.999999999897218
"PLA2G12A",1.79049629206418e-08,0.189195055955819,0.00333176241856316,0.953970530814289,0.999999999897218
"NAA20",1.79038334380212e-08,0.189172592180924,0.00333134208269648,0.953973431226758,0.999999999897218
"MMP24-AS1",1.78683879393886e-08,0.188467005374558,0.00331816454785542,0.954064452473061,0.999999999897218
"RALBP1",1.78594296786487e-08,0.188288487306601,0.00331483827891225,0.954087456675347,0.999999999897218
"CYB5R1",1.77179716213016e-08,0.185459168699446,0.00326253497958758,0.954450716372046,0.999999999897218
"MRPS18C",1.76618878565696e-08,0.184331988870888,0.00324191347089136,0.95459474028187,0.999999999897218
"COPB2",1.76094588690271e-08,0.183275444003089,0.00322269491785801,0.95472938001257,0.999999999897218
"UCHL5",1.75640217270717e-08,0.182357582649198,0.00320608553387977,0.954846065450067,0.999999999897218
"PIH1D1",1.75504350193566e-08,0.182082720708402,0.00320112729599027,0.954880957157847,0.999999999897218
"RAB32",1.75402944446335e-08,0.181877454105663,0.00319742916628489,0.954906998988073,0.999999999897218
"EMC3",1.74694472822281e-08,0.180440471328402,0.0031716518001289,0.95508894167171,0.999999999897218
"B3GNT2",1.73701570263191e-08,0.178418026959543,0.00313570112776786,0.955343933034315,0.999999999897218
"SAFB2",1.73354023122802e-08,0.177707731330888,0.00312316567742352,0.955433189116552,0.999999999897218
"CTR9",1.72787986077262e-08,0.176548243359177,0.00310280340052609,0.955578558359514,0.999999999897218
"PRKCD",1.72288298675602e-08,0.175521918966181,0.00308488328988398,0.955706888960891,0.999999999897218
"HDDC2",1.71438754515022e-08,0.173771053898473,0.00305453551547198,0.955925073026943,0.999999999897218
"CCDC85B",1.70989275379736e-08,0.172841646425945,0.00303853971356705,0.956040511783016,0.999999999897218
"IKZF1",1.70397352690021e-08,0.171614454676001,0.00301753877681355,0.956192535415979,0.999999999897218
"HMHA1",1.70025509360049e-08,0.170841640221121,0.00300438332138552,0.956288036834495,0.999999999897218
"MTCH2",1.69661179017966e-08,0.170083013001884,0.00299152154238793,0.956381609282844,0.999999999897218
"SON",1.69128057934681e-08,0.16897036316861,0.0029727507487239,0.956518534028977,0.999999999897218
"RALY",1.69067736528657e-08,0.168844277380304,0.00297063059753451,0.956534026825233,0.999999999897218
"DICER1",1.68832536931871e-08,0.168352281390742,0.00296237112545657,0.956594435047289,0.999999999897218
"G6PD",1.68630594546231e-08,0.167929377668321,0.00295528871670418,0.956646301748713,0.999999999897218
"SNHG7",1.68629079863054e-08,0.167926203984794,0.00295523562662277,0.956646690779277,0.999999999897218
"AGPAT1",1.68554536367868e-08,0.16776998393228,0.00295262344488241,0.956665836510709,0.999999999897218
"JUND",1.68305301486358e-08,0.16724722815094,0.00294389804716057,0.956729850112703,0.999999999897218
"CDC123",1.67875001725749e-08,0.16634311225663,0.00292886418575527,0.95684036915839,0.999999999897218
"DDX18",1.67611267932205e-08,0.165787976269647,0.00291966884758601,0.956908107480307,0.999999999897218
"KAT6A",1.65504613709898e-08,0.161326175421514,0.00284673724278712,0.957449199144371,0.999999999897218
"PPP6R3",1.64985712759055e-08,0.160219586406561,0.00282891467021416,0.957582481263598,0.999999999897218
"NCOA4",1.64946378497617e-08,0.160135580223688,0.0028275659473093,0.957592584499733,0.999999999897218
"NDUFB4",1.64036794692206e-08,0.158188104883367,0.00279646715114006,0.957826218340744,0.999999999897218
"CRBN",1.63551536270464e-08,0.157145290950092,0.0027799464422754,0.957950862312411,0.999999999897218
"MRPL16",1.63358320967505e-08,0.156729324518888,0.00277338201699356,0.95800049207795,0.999999999897218
"IFNAR2",1.63286240882452e-08,0.156574036224137,0.00277093510755671,0.958019006790421,0.999999999897218
"CUX1",1.63197675217142e-08,0.156383149966838,0.00276793003921187,0.958041756070779,0.999999999897218
"NUTF2",1.63189166634543e-08,0.15636480660948,0.00276764142545074,0.958043941616269,0.999999999897218
"JAK2",1.62999936993681e-08,0.155956637855396,0.00276122658605569,0.958092547911913,0.999999999897218
"SRSF2",1.62846887379475e-08,0.155626207879259,0.00275604368515243,0.958131860972654,0.999999999897218
"CNIH1",1.62101430540676e-08,0.15401291415513,0.00273086900452307,0.958323344059281,0.999999999897218
"ABCE1",1.62082445761845e-08,0.153971743702805,0.00273022938144333,0.958328220649452,0.999999999897218
"DNAJB6",1.61892007104901e-08,0.153558525569052,0.00272381738831448,0.958377138412901,0.999999999897218
"TMEM14B",1.60433370506956e-08,0.150379444517643,0.0026749556650854,0.958751821938256,0.999999999897218
"CFAP97",1.60381388982791e-08,0.150265688136041,0.00267322253754713,0.958765174727259,0.999999999897218
"WASF2",1.59619108909909e-08,0.148593819866801,0.00264787169522222,0.95896098726081,0.999999999897218
"HDLBP",1.59131950716167e-08,0.147521720522206,0.0026317337282639,0.959086128495236,0.999999999897218
"FAM96A",1.58999999908033e-08,0.147230842243071,0.00262737111700366,0.959120024202675,0.999999999897218
"CD37",1.57580349394612e-08,0.144087945929474,0.00258066297724777,0.959484710667026,0.999999999897218
"CSK",1.57144976470564e-08,0.143119159559495,0.0025664226397663,0.959596553002598,0.999999999897218
"IMP3",1.56968465842169e-08,0.142725725038004,0.00256066048980797,0.959641896795321,0.999999999897218
"RAB8B",1.56646776254182e-08,0.142007702051331,0.0025501756611063,0.959724535928091,0.999999999897218
"TWF2",1.56438245887121e-08,0.14154156908261,0.00254339052173875,0.959778105716257,0.999999999897218
"GABARAP",1.56429191525631e-08,0.141521317408629,0.00254309611661255,0.959780431713626,0.999999999897218
"SUMO3",1.56388694941223e-08,0.141430727185107,0.00254177956725401,0.959790834985779,0.999999999897218
"COPS3",1.56170300900921e-08,0.140941831102501,0.00253468542391886,0.959846938912796,0.999999999897218
"BUB3",1.55932701372971e-08,0.14040926575406,0.00252697868417614,0.959907976823367,0.999999999897218
"RPA3",1.54826335311781e-08,0.137920076636823,0.00249124730458647,0.960192198796869,0.999999999897218
"HNRNPR",1.54725130145704e-08,0.137691605619402,0.00248799146709776,0.96021819833997,0.999999999897218
"FBXW5",1.54317297667759e-08,0.136769602946085,0.00247489280049678,0.960322970673908,0.999999999897218
"PTPRA",1.54159749234297e-08,0.136412859459023,0.00246984195461268,0.960363445115871,0.999999999897218
"NDUFS3",1.52174504810588e-08,0.131890196611997,0.00240663909621797,0.960873466271011,0.999999999897218
"FAM195B",1.52133572079304e-08,0.131796407365417,0.0024053445684306,0.960883982303473,0.999999999897218
"MOB2",1.50913371230464e-08,0.128990428312001,0.00236691474369271,0.961197467353982,0.999999999897218
"NUCB1",1.50755533981918e-08,0.128626024834148,0.00236196631607587,0.961238018181199,0.999999999897218
"NEK2",1.5072359693214e-08,0.128552250464936,0.00236096567293429,0.961246223314811,0.999999999897218
"IGF1R",1.50569585333889e-08,0.128196293701995,0.00235614319881676,0.961285791389825,0.999999999897218
"PARP14",1.50052493027607e-08,0.126998851324227,0.00233998785808152,0.961418641478669,0.999999999897218
"USMG5",1.49702492754101e-08,0.126186309062578,0.00232908445739085,0.961508563299879,0.999999999897218
"DGKZ",1.49096390827885e-08,0.124775297867336,0.00231026306244833,0.961664283732979,0.999999999897218
"SPARC",1.49064831024735e-08,0.124701689756315,0.00230928512152908,0.961672392155528,0.999999999897218
"ATP5G1",1.48606251064894e-08,0.123630594069036,0.00229509850298625,0.961790212097965,0.999999999897218
"COX6C",1.47615585066381e-08,0.121306866292183,0.0022646004931427,0.962044740262798,0.999999999897218
"HSD17B11",1.4682615212805e-08,0.119445422952975,0.00224044356054429,0.962247569129683,0.999999999897218
"DPP7",1.46267526884063e-08,0.118122945436866,0.00222342768960439,0.962391098092974,0.999999999897218
"SPG21",1.4604183609504e-08,0.117587403472512,0.00221657148555039,0.96244908573061,0.999999999897218
"CCDC124",1.45609606357513e-08,0.116559752218173,0.00220347044034816,0.962560140801072,0.999999999897218
"HAX1",1.45517932128342e-08,0.116341450394881,0.00220069675157569,0.962583695238643,0.999999999897218
"ATIC",1.44853007622193e-08,0.114754489904975,0.00218063112790905,0.962754539459505,0.999999999897218
"GABPB1-AS1",1.43951222238907e-08,0.112592063459937,0.00215356451483598,0.962986244917236,0.999999999897218
"STAT3",1.43645652314039e-08,0.111856652030759,0.00214443133639817,0.963064759008216,0.999999999897218
"ARMC8",1.43527642531513e-08,0.111572275024495,0.00214090933734995,0.963095080906267,0.999999999897218
"CNTRL",1.43384443637213e-08,0.11122692465796,0.00213663945723934,0.963131875065527,0.999999999897218
"R3HDM4",1.4314908297186e-08,0.110658656957915,0.00212963077288509,0.963192349849689,0.999999999897218
"C12orf76",1.42910946335714e-08,0.110082859022213,0.00212255114279212,0.963253538121624,0.999999999897218
"FKBP5",1.41097791767822e-08,0.105671197420786,0.00206903390328301,0.963719428126573,0.999999999897218
"DCAF7",1.40857329802033e-08,0.105082420706627,0.00206198772619135,0.963781215754337,0.999999999897218
"PDCD6IP",1.40626048023659e-08,0.104515296423874,0.00205522189208107,0.963840644702811,0.999999999897218
"PAFAH1B1",1.40475091350438e-08,0.104144698955939,0.00205081185648004,0.963879433843403,0.999999999897218
"CPNE3",1.40441850188903e-08,0.10406304562241,0.00204984138831069,0.963887975352664,0.999999999897218
"SCCPDH",1.4019270516353e-08,0.10345051192345,0.0020425749675955,0.963951994743885,0.999999999897218
"TYMS",1.398985681035e-08,0.102726143341178,0.00203401294246362,0.964027575422282,0.999999999897218
"CAPZA1",1.39705121640092e-08,0.102249022055523,0.00202839171880088,0.964077283088405,0.999999999897218
"PTPN18",1.3905709985568e-08,0.100646526525703,0.00200961798326364,0.96424379865292,0.999999999897218
"COX7A2L",1.38178844884001e-08,0.0984642866720351,0.00198431350846962,0.964469477384567,0.999999999897218
"SNRPC",1.37596849611621e-08,0.0970115203743387,0.00196763325610568,0.964619030005681,0.999999999897218
"WBP11",1.37441269084255e-08,0.0966222576694769,0.00196318617242956,0.964659009022002,0.999999999897218
"ATP5F1",1.37399434897089e-08,0.0965175230849834,0.00196199125041995,0.964669759030621,0.999999999897218
"VMA21",1.37302672124451e-08,0.0962751649229986,0.00195922878107153,0.964694623901666,0.999999999897218
"GOLGA4",1.37234716514652e-08,0.0961048701778803,0.00195728988743363,0.964712086293598,0.999999999897218
"GNG11",1.36755919355538e-08,0.0949029352260479,0.0019436561646749,0.96483512214362,0.999999999897218
"ANP32E",1.35874408590817e-08,0.0926804536881381,0.00191867981538341,0.965061644944734,0.999999999897218
"COMMD2",1.35395772143934e-08,0.0914684473364813,0.00190518599279713,0.96518464186689,0.999999999897218
"EGFL7",1.35323410803085e-08,0.091284889261159,0.00190315010982719,0.965203236891992,0.999999999897218
"HNRNPC",1.35080253214817e-08,0.0906674484146302,0.00189631685569707,0.965265722349451,0.999999999897218
"POLE4",1.34657012191295e-08,0.0895904187839792,0.00188445217979331,0.965374485283027,0.999999999897218
"LAMP1",1.34472639909673e-08,0.089120322041314,0.0018792953315232,0.965421864800637,0.999999999897218
"HRAT92",1.34462570600876e-08,0.0890946320324367,0.0018790138988609,0.965424452389388,0.999999999897218
"TCF25",1.34332395610746e-08,0.0887623634860635,0.00187537746361943,0.965457904503818,0.999999999897218
"MDK",1.34122174685503e-08,0.0882251877584505,0.00186951238391481,0.965511926794474,0.999999999897218
"PRKAR1A",1.33932636127503e-08,0.0877402332817289,0.00186423220849088,0.965560634293921,0.999999999897218
"TOMM5",1.33115950705104e-08,0.0856438049324695,0.00184156634541094,0.965770507067633,0.999999999897218
"TSC22D1",1.33080070098914e-08,0.0855514432356498,0.00184057371287969,0.965779727762203,0.999999999897218
"MT-ND2",1.32839309938236e-08,0.0849311319866828,0.00183392003476281,0.965841599073383,0.999999999897218
"CKS1B",1.32460853221959e-08,0.0839540700121478,0.00182348531218686,0.965938856498559,0.999999999897218
"RNF138",1.31974942814896e-08,0.0826960281392596,0.0018101315506029,0.966063728575378,0.999999999897218
"PTPN1",1.31389336425437e-08,0.0811745041894098,0.00179410316248854,0.966214222210018,0.999999999897218
"ZNHIT1",1.3117029920203e-08,0.0806038849774254,0.00178812630281065,0.966270512390121,0.999999999897218
"SNRNP200",1.31061700931654e-08,0.080320665564533,0.00178516668406715,0.96629842102482,0.999999999897218
"RBBP4",1.31048645733447e-08,0.0802866044497276,0.0017848110570003,0.966301776078804,0.999999999897218
"METTL5",1.30803936748449e-08,0.079647609972034,0.00177815167465679,0.966364663924869,0.999999999897218
"AZIN1",1.29734188265296e-08,0.0768419701371291,0.00174918623426319,0.966639581405856,0.999999999897218
"PDGFA",1.29500114093411e-08,0.076225379206182,0.00174287995590605,0.966699737273847,0.999999999897218
"KAT6B",1.29149998179181e-08,0.0753013027531252,0.00173346861085929,0.966789715631221,0.999999999897218
"XRCC6",1.28627785742974e-08,0.0739189471088419,0.00171947854145186,0.966923922875902,0.999999999897218
"SUN2",1.28218649869466e-08,0.0728325031190881,0.00170855739384326,0.967029070391338,0.999999999897218
"PPP1CC",1.27983530769599e-08,0.0722067885350618,0.00170229705405874,0.967089496027295,0.999999999897218
"DNAJC4",1.27459362931555e-08,0.0708082308213941,0.00168838179267656,0.967224207902244,0.999999999897218
"FEN1",1.26863022893015e-08,0.0692110101189233,0.00167261999562098,0.967377469271878,0.999999999897218
"CSDE1",1.26718083217651e-08,0.0688218212876484,0.00166880027719791,0.967414719431862,0.999999999897218
"LRP10",1.2612556927629e-08,0.0672267778706734,0.00165323066476628,0.967566998965422,0.999999999897218
"PSMD11",1.25501338651462e-08,0.0655392869679368,0.0016369065617993,0.967727431150585,0.999999999897218
"GOPC",1.25163408886754e-08,0.064622708583537,0.00162810323386773,0.967814282306021,0.999999999897218
"UXS1",1.24969274405452e-08,0.0640951770389116,0.00162305661746505,0.967864176882176,0.999999999897218
"LYST",1.24866785588071e-08,0.0638163913691521,0.00162039553227882,0.967890517622482,0.999999999897218
"PPP2R1A",1.24084869437271e-08,0.0616828799077555,0.00160016522987086,0.968091479725195,0.999999999897218
"GIT2",1.23985817136488e-08,0.0614117749582566,0.00159761154566993,0.96811693753407,0.999999999897218
"FOXP1",1.23907600536456e-08,0.0611975639133475,0.00159559647119355,0.968137040303143,0.999999999897218
"SMARCA5",1.23770991154741e-08,0.0608231508406004,0.00159208008821964,0.968172150889012,0.999999999897218
"ATF6B",1.21645302444947e-08,0.0549503477549437,0.00153786374375092,0.968718491522177,0.999999999897218
"TPRKB",1.21499246518024e-08,0.0545435585244522,0.00153417302546927,0.968756031091972,0.999999999897218
"CENPU",1.21498259844541e-08,0.0545408090340471,0.00153414810808518,0.968756284688887,0.999999999897218
"PSMB8-AS1",1.21380366736398e-08,0.0542121450915051,0.00153117230020675,0.968786585848761,0.999999999897218
"VTI1B",1.21274759068476e-08,0.0539174947906345,0.00152850904922763,0.968813729414583,0.999999999897218
"PTGS2",1.21195816256703e-08,0.0536970948638563,0.00152651975598624,0.968834019531219,0.999999999897218
"PRPF8",1.21167200334309e-08,0.0536171714158277,0.00152579897840196,0.968841374485816,0.999999999897218
"ATP6V1E1",1.21039778892906e-08,0.0532610875418593,0.00152259155465707,0.968874124778602,0.999999999897218
"FTH1",1.20781088760773e-08,0.0525371643813928,0.00151609024561391,0.968940614358707,0.999999999897218
"TAF7",1.20423879826344e-08,0.0515353241960213,0.00150713586118292,0.969032425993143,0.999999999897218
"DNAJC1",1.20410532923356e-08,0.0514978409495418,0.00150680179984184,0.969035856489147,0.999999999897218
"ATP6V0B",1.20145517118959e-08,0.0507528251004977,0.00150017635212257,0.969103972458907,0.999999999897218
"SCAND1",1.20081641771742e-08,0.0505730441238604,0.00149858163905808,0.969120390121877,0.999999999897218
"COMMD6",1.19126323792871e-08,0.0478742704280951,0.00147483234188524,0.969365933806378,0.999999999897218
"IL18",1.1910392613155e-08,0.0478107714730393,0.0014742778097063,0.969371690672447,0.999999999897218
"DNAJC2",1.19023351658073e-08,0.0475822512075627,0.00147228377002403,0.969392400725217,0.999999999897218
"EPB41",1.18657813433407e-08,0.0465438415677015,0.00146325445637787,0.969486355255315,0.999999999897218
"CCND2",1.18010840633196e-08,0.0446991009982757,0.00144734138771249,0.969652648136652,0.999999999897218
"HMGB2",1.17965287317303e-08,0.0445688816691012,0.00144622422806771,0.969664356858218,0.999999999897218
"ATP1B3",1.17901390661359e-08,0.0443861520899228,0.00144465793908415,0.969680780441019,0.999999999897218
"MTF2",1.17713418730741e-08,0.0438480961657387,0.00144005513214217,0.969729095603732,0.999999999897218
"SNW1",1.17681477343688e-08,0.0437565919963658,0.00143927372390193,0.969737305634796,0.999999999897218
"MIEN1",1.1764113681913e-08,0.043640995498868,0.00143828714373963,0.96974767453661,0.999999999897218
"ZNF706",1.17357587981433e-08,0.0428275068566108,0.00143136213142191,0.969820556481182,0.999999999897218
"PSMC1",1.16600497459931e-08,0.0406470418519819,0.00141295385865383,0.970015156394093,0.999999999897218
"SOD2",1.15580000411634e-08,0.0376883795770715,0.00138832951495713,0.970277464226973,0.999999999897218
"HSP90AA1",1.15202783548433e-08,0.0365889843006346,0.00137928215893576,0.970374424595685,0.999999999897218
"SNRNP40",1.13906000800758e-08,0.03278548196196,0.00134840508496409,0.970707754842272,0.999999999897218
"SUPT16H",1.1278421365606e-08,0.0294647391922753,0.00132197671331934,0.970996107646079,0.999999999897218
"GPSM3",1.12600004486952e-08,0.0289166945264454,0.0013176619009064,0.971043458552475,0.999999999897218
"ITGAE",1.1257120439772e-08,0.0288309402722593,0.00131698794130308,0.971050861615181,0.999999999897218
"PHKB",1.11613339360413e-08,0.0259679009106198,0.00129467087200914,0.971297082232489,0.999999999897218
"STX7",1.10663142014699e-08,0.0231065843844787,0.00127272087327929,0.971541334561429,0.999999999897218
"BOLA3",1.10187569947224e-08,0.0216664671193276,0.00126180540641896,0.971663583417749,0.999999999897218
"HIST1H2AC",1.09486814540433e-08,0.01953457025215,0.00124580713543489,0.971843718311069,0.999999999897218
"REL",1.09410345169162e-08,0.0193012109843842,0.00124406751372411,0.971863375473796,0.999999999897218
"SQSTM1",1.07983360125286e-08,0.0149202874308299,0.00121182762313159,0.972230198366787,0.999999999897218
"TOMM22",1.0794167719556e-08,0.0147915632061686,0.00121089224241437,0.972240913531239,0.999999999897218
"BANF1",1.07792590865231e-08,0.014330804192149,0.00120754964453145,0.97227923824273,0.999999999897218
"NR3C1",1.07526013903134e-08,0.0135055507616088,0.0012015843575108,0.972347765712135,0.999999999897218
"MAN1A2",1.07170884624237e-08,0.0124033931210285,0.00119366044953059,0.972439057154264,0.999999999897218
"COX14",1.07129704869335e-08,0.0122753846636983,0.00119274331235785,0.972449643066888,0.999999999897218
"COX4I1",1.07045708761524e-08,0.0120141475882793,0.00119087368114501,0.972471235620795,0.999999999897218
"SEC61A1",1.06561186725251e-08,0.0105037408892102,0.00118011755281535,0.972595790216279,0.999999999897218
"SPEN",1.06448548708964e-08,0.0101517573199396,0.00117762403991443,0.972624745821905,0.999999999897218
"WAPL",1.06107184733018e-08,0.00908304355497928,0.00117008323534692,0.972712499724123,0.999999999897218
"RPL7L1",1.05884933699945e-08,0.00838563000016361,0.00116518667990383,0.972769633626438,0.999999999897218
"MRFAP1",1.05396543528918e-08,0.00684859933194649,0.00115446271181514,0.972895184202966,0.999999999897218
"CCNI",1.05208345699966e-08,0.00625466093920594,0.00115034353692434,0.972943564442713,0.999999999897218
"CMC2",1.04876863387651e-08,0.00520627618914557,0.00114310612969052,0.973028779237026,0.999999999897218
"LAT2",1.04603016172185e-08,0.00433799846279612,0.00113714432398896,0.97309917789864,0.999999999897218
"GSTP1",1.0442814764774e-08,0.0037825139597592,0.00113334549400475,0.973144131943885,0.999999999897218
"SCN1B",1.04196273765284e-08,0.0030446980496782,0.00112831808576862,0.973203740681584,0.999999999897218
"PRKAR1B",1.04180892302003e-08,0.00299570418604937,0.00112798498552248,0.973207694860592,0.999999999897218
"SUMO2",1.03914631594824e-08,0.00214659749952552,0.00112222664964696,0.97327614375155,0.999999999897218
"RBX1",1.03362163771079e-08,0.000378720375404141,0.00111032561147602,0.973418169877951,0.999999999897218
"PSMB8",1.03324899201372e-08,0.000259179416640893,0.00110952515710964,0.973427749728671,0.999999999897218
"CCNB1IP1",1.03186999947197e-08,-0.000183513820616506,0.00110656554925569,0.973463200440215,0.999999999897218
"GRSF1",1.03119059295658e-08,-0.000401810623945992,0.00110510885346916,0.973480666430971,0.999999999897218
"EIF3I",1.02896222870174e-08,-0.00111867469186955,0.00110033781636597,0.973537952678905,0.999999999897218
"PGRMC1",1.02689371564467e-08,-0.00178532431524103,0.00109591826567151,0.973591129633185,0.999999999897218
"COPS5",1.01958759230495e-08,-0.00414936178145541,0.00108037930544612,0.973778955049946,0.999999999897218
"STK38",1.01422451264235e-08,-0.00589408652807001,0.00106904350351211,0.973916829732821,0.999999999897218
"NDUFB6",1.01339647046889e-08,-0.00616418124077108,0.00106729862012906,0.973938117207989,0.999999999897218
"SATB1",1.01124053882003e-08,-0.00686831489423055,0.00106276224111739,0.973993542420609,0.999999999897218
"PTBP3",1.00925886799402e-08,-0.00751668717523766,0.00105860105236172,0.974044487804591,0.999999999897218
"SSR2",1.00809713737667e-08,-0.00789730267958581,0.00105616540082976,0.974074353970658,0.999999999897218
"CYBA",1.00608227837388e-08,-0.00855833259007083,0.00105194775617541,0.974126152737762,0.999999999897218
"PIK3CB",1.00538118392937e-08,-0.00878861598392396,0.00105048215485662,0.974144176767923,0.999999999897218
"MRPL43",1.00092572565299e-08,-0.0102553411910964,0.00104119212899311,0.974258719867003,0.999999999897218
"ELF2",9.96356488078823e-09,-0.0117654328124193,0.00103170771839359,0.974376188611244,0.999999999897218
"DDX21",9.93960327842893e-09,-0.0125597514551528,0.00102675133101542,0.974437790781225,0.999999999897218
"PHF20L1",9.93248976646122e-09,-0.01279588250812,0.00102528221919975,0.974456078726686,0.999999999897218
"ARL6IP4",9.88139142063057e-09,-0.014496414907302,0.00101476009148316,0.974587446547456,0.999999999897218
"IL16",9.86885629173968e-09,-0.014914747163037,0.00101218715820505,0.974619672990918,0.999999999897218
"TTC1",9.77614577691317e-09,-0.018023188110418,0.000993259004897732,0.974858022853304,0.999999999897218
"CTSG",9.76240718138245e-09,-0.0184860016111341,0.000990469276601508,0.974893343659318,0.999999999897218
"PPDPF",9.7153613526334e-09,-0.0200751429951929,0.000980945975909022,0.975014295011685,0.999999999897218
"KIAA1551",9.58169901108917e-09,-0.0246268753102363,0.000954140261048675,0.9753579341493,0.999999999897218
"ANP32A",9.57422912988618e-09,-0.0248828805297275,0.000952653147715259,0.975377138972603,0.999999999897218
"DHX15",9.51538622568005e-09,-0.0269056219493613,0.000940979181013512,0.975528422676961,0.999999999897218
"GGCT",9.51109101288053e-09,-0.0270536968338152,0.000940129863178073,0.975539465601245,0.999999999897218
"ZFAND3",9.50751818694277e-09,-0.0271769121880611,0.000939423679319884,0.975548651283886,0.999999999897218
"PSMD13",9.46147533491682e-09,-0.0287683977980696,0.000930346860249719,0.975667027065166,0.999999999897218
"URI1",9.45244912983606e-09,-0.0290811809555862,0.000928572613492145,0.975690233424635,0.999999999897218
"CHD3",9.41847765636526e-09,-0.0302607210261997,0.000921910150845139,0.975777574215313,0.999999999897218
"OFD1",9.38661508357869e-09,-0.0313704051098792,0.000915683084493102,0.975859493278078,0.999999999897218
"HP1BP3",9.37795505109763e-09,-0.0316725760323215,0.000913994256908157,0.975881758371122,0.999999999897218
"AQP10",9.36774583149321e-09,-0.0320291139989919,0.000912005318191258,0.975908006475144,0.999999999897218
"DHX9",9.30497709957374e-09,-0.034228652019508,0.000899824451751824,0.976069386689353,0.999999999897218
"USP33",9.29558729763527e-09,-0.0345587979610486,0.000898009313424746,0.976093528224461,0.999999999897218
"RAB1A",9.29113478023504e-09,-0.034715450117297,0.000897149239851529,0.976104975822368,0.999999999897218
"RAB37",9.25743525005378e-09,-0.0359032170395325,0.000890653008942813,0.976191618803483,0.999999999897218
"HTT",9.25554285850266e-09,-0.0359700273657393,0.000890288914155543,0.976196484234117,0.999999999897218
"YLPM1",9.24852797886574e-09,-0.0362177893317864,0.000888939905676963,0.976214519838256,0.999999999897218
"TMED5",9.23443868848776e-09,-0.0367159101532405,0.000886233530674198,0.976250744140694,0.999999999897218
"MDH2",9.1920817036036e-09,-0.0382174147198357,0.00087812213581299,0.976359646458788,0.999999999897218
"TIMM8B",9.18891342466574e-09,-0.0383299681986694,0.000877516906988576,0.976367792309419,0.999999999897218
"IVNS1ABP",9.18317741453971e-09,-0.0385338265378541,0.000876421701361158,0.976382539969738,0.999999999897218
"GUSB",9.15978401250957e-09,-0.0393663789653925,0.000871962161907263,0.97644268603268,0.999999999897218
"CALCOCO1",9.15827927586644e-09,-0.0394199946242763,0.000871675699771631,0.976446554819788,0.999999999897218
"GLA",9.14256313351789e-09,-0.0399804389924458,0.000868686573867222,0.976486962195384,0.999999999897218
"FO538757.3",9.10198404094323e-09,-0.0414313917149964,0.000860992389420223,0.976591294351454,0.999999999897218
"CLPP",9.09057408997546e-09,-0.041840381270548,0.000858835118334266,0.97662063033804,0.999999999897218
"PYGL",9.06605610999463e-09,-0.0427207408557886,0.000854208676486984,0.976683668326017,0.999999999897218
"PIK3CA",9.02443814684834e-09,-0.0442198568034132,0.000846384143477817,0.97679067228113,0.999999999897218
"FAM46C",8.97963279117260e-09,-0.0458405228045036,0.000838000596199237,0.976905871808765,0.999999999897218
"STRAP",8.94632289128854e-09,-0.0470499486817194,0.000831795009908577,0.976991515559764,0.999999999897218
"MRPL28",8.91509100728798e-09,-0.0481874887497312,0.000825997504124841,0.977071816723445,0.999999999897218
"ARID1A",8.89151298819509e-09,-0.0490485553153063,0.000821634198954264,0.977132438976627,0.999999999897218
"RAP1A",8.88990261588344e-09,-0.0491074383613899,0.000821336607948744,0.977136579464907,0.999999999897218
"PGAM1",8.87136762654832e-09,-0.0497858365623006,0.000817915289211016,0.977184235511224,0.999999999897218
"SSNA1",8.83858689478064e-09,-0.0509886667639664,0.000811881873313407,0.977268519550277,0.999999999897218
"ZC3H15",8.83302847905304e-09,-0.0511930075367708,0.000810861040904706,0.977282811072424,0.999999999897218
"SPN",8.80192446273203e-09,-0.0523385347393468,0.00080516047528222,0.977362784307101,0.999999999897218
"SNX6",8.80075135517011e-09,-0.0523818078868507,0.000804945868373773,0.977365800552464,0.999999999897218
"LAP3",8.79077343475016e-09,-0.0527500726088608,0.000803121675756605,0.977391455379457,0.999999999897218
"NOL7",8.78195593892734e-09,-0.0530758111786404,0.000801511357722717,0.977414126588942,0.999999999897218
"POLR2B",8.70484929242858e-09,-0.0559364941516935,0.000787498411303619,0.977612381037514,0.999999999897218
"HTATSF1",8.67161719900209e-09,-0.0571762182251301,0.000781497097440476,0.977697826891981,0.999999999897218
"FXN",8.65637027679265e-09,-0.0577463885746088,0.000778751369626448,0.977737029632759,0.999999999897218
"PPP6C",8.58449414810249e-09,-0.0604460748543206,0.000765872703408009,0.977921837571098,0.999999999897218
"SENCR",8.57047559176949e-09,-0.0609749056808619,0.000763373391716869,0.977957882228629,0.999999999897218
"SKP1",8.45929969221905e-09,-0.0651957190859709,0.000743696941884551,0.978243740443155,0.999999999897218
"SMOX",8.4584726526095e-09,-0.0652272981762536,0.000743551531085968,0.978245866958309,0.999999999897218
"TP53",8.40525534919632e-09,-0.067264978736954,0.000734224710415846,0.978382701602164,0.999999999897218
"SLC10A3",8.38819449243781e-09,-0.0679206115456502,0.000731247099613353,0.97842656935353,0.999999999897218
"MRPL21",8.3862701130292e-09,-0.0679946364320483,0.000730911619684701,0.978431517420824,0.999999999897218
"HK1",8.382092107806e-09,-0.0681554021669983,0.000730183526780437,0.978442260134243,0.999999999897218
"PPP2R5C",8.34513739743474e-09,-0.0695804279173828,0.000723759298102465,0.978537280257986,0.999999999897218
"OGT",8.34443582309814e-09,-0.0696075346669989,0.000723637610566087,0.978539084190114,0.999999999897218
"CCT6A",8.33593630642316e-09,-0.0699360883507572,0.00072216418860467,0.9785609386915,0.999999999897218
"SYNGR2",8.31716557773032e-09,-0.0706627152789311,0.000718915534710357,0.978609203247745,0.999999999897218
"NUDCD2",8.27873819743518e-09,-0.0721547241398569,0.000712287742875691,0.978708010548686,0.999999999897218
"TMF1",8.27702970344079e-09,-0.0722211991155616,0.000711993781711251,0.978712403561451,0.999999999897218
"RTF1",8.26558255238088e-09,-0.0726668989910151,0.000710025765472884,0.978741837384067,0.999999999897218
"CALM2",8.24772480712645e-09,-0.0733632715126458,0.000706961066230466,0.978787754692645,0.999999999897218
"RCN2",8.20391358216077e-09,-0.0750772862656692,0.00069947037795127,0.978900406027885,0.999999999897218
"IER2",8.2004709607206e-09,-0.0752123081772681,0.000698883461363991,0.978909258021519,0.999999999897218
"CCT8",8.19351925548852e-09,-0.0754851090759647,0.000697699048287537,0.978927132910983,0.999999999897218
"ZNF644",8.14768144020164e-09,-0.077288947761859,0.000689914470776809,0.979044995750791,0.999999999897218
"PUM2",8.14063532711096e-09,-0.0775670132288764,0.000688721710988479,0.979063113472058,0.999999999897218
"PPP4C",8.13543329312754e-09,-0.0777724389425626,0.00068784177745136,0.979076489506384,0.999999999897218
"SIGMAR1",8.13298750217336e-09,-0.0778690614932381,0.000687428261844902,0.979082778391547,0.999999999897218
"HNRNPA3",8.09950254204202e-09,-0.079194454706355,0.000681779385024785,0.979168878713393,0.999999999897218
"EIF4E",8.08269115586369e-09,-0.079861676884873,0.000678952109763875,0.979212106145086,0.999999999897218
"MORC3",8.03952066386313e-09,-0.0815806044132938,0.000671718771182981,0.979323111517905,0.999999999897218
"ADSS",8.02965251206414e-09,-0.081974653616672,0.000670070773769123,0.979348485801338,0.999999999897218
"C22orf39",7.99709991186315e-09,-0.0832775184782736,0.00066464878784553,0.979432189455424,0.999999999897218
"HMGB3",7.9759612365128e-09,-0.0841260322624963,0.000661139709243759,0.97948654420153,0.999999999897218
"SCAMP3",7.95650370228887e-09,-0.0849087952293178,0.000657917913913845,0.979536576244441,0.999999999897218
"ASH1L",7.91400130319762e-09,-0.0866244448435528,0.000650907698481864,0.979645864876435,0.999999999897218
"RSF1",7.8905120817212e-09,-0.0875760511740163,0.000647049567882158,0.979706264098807,0.999999999897218
"SF3A1",7.88083353033168e-09,-0.0879688701831941,0.000645463191328352,0.97973115116344,0.999999999897218
"ADRM1",7.86110348857489e-09,-0.0887709459188182,0.000642235341302209,0.979781884315101,0.999999999897218
"LST1",7.84306117930121e-09,-0.0895059453936159,0.000639290688219837,0.979828277761017,0.999999999897218
"AFG3L2",7.83946233455421e-09,-0.0896527294304036,0.000638704136608323,0.979837531729228,0.999999999897218
"TUBB",7.76732674499969e-09,-0.0926073152740285,0.000627004016505015,0.980023019726917,0.999999999897218
"H2AFJ",7.76302639980652e-09,-0.0927842049969261,0.000626309932841353,0.980034077581884,0.999999999897218
"GBAS",7.74200110268513e-09,-0.0936502853523672,0.000622921944899839,0.980088141828617,0.999999999897218
"TRIM58",7.70682934450229e-09,-0.0951036756143925,0.000617274956981601,0.980178582353564,0.999999999897218
"DYNC1H1",7.69041763624394e-09,-0.0957838260675065,0.000614648779715158,0.980220783444881,0.999999999897218
"SNRPA1",7.68687351841278e-09,-0.095930870698865,0.000614082390255002,0.980229896802078,0.999999999897218
"OXR1",7.63326697790554e-09,-0.0981622165719578,0.000605547308169032,0.980367741164999,0.999999999897218
"YTHDF2",7.62515783492463e-09,-0.0985009418318916,0.000604261394439609,0.980388593142746,0.999999999897218
"ACRBP",7.59611721923352e-09,-0.0997165671737638,0.000599667468106162,0.980463268748313,0.999999999897218
"WDR33",7.58907932454464e-09,-0.100011778345452,0.000598556784517988,0.980481366153773,0.999999999897218
"STRA13",7.56889804475271e-09,-0.100859623772022,0.000595377589779466,0.98053326081987,0.999999999897218
"IFRD1",7.51121157008484e-09,-0.103294008295351,0.000586336814575812,0.980681597770012,0.999999999897218
"NUDT4",7.48322662200431e-09,-0.104480844239991,0.000581975856846468,0.980753559452039,0.999999999897218
"SEC31A",7.45750973490067e-09,-0.105574901242753,0.000577982688922987,0.980819689084014,0.999999999897218
"ZNF280D",7.37256368061335e-09,-0.109212182014978,0.000564890457150099,0.98103812436007,0.999999999897218
"KLF6",7.34564786454008e-09,-0.110372289041635,0.000560773372789911,0.981107337568682,0.999999999897218
"LSM8",7.33958397419074e-09,-0.110634160958768,0.000559847909236686,0.981122930699333,0.999999999897218
"FTL",7.32483309035925e-09,-0.111271971324035,0.000557599838255049,0.981160862229764,0.999999999897218
"ANKRD36C",7.31630068597058e-09,-0.111641412394601,0.000556301543470595,0.981182803114617,0.999999999897218
"SDF4",7.30270487725159e-09,-0.112230866842589,0.000554235925275708,0.981217764458558,0.999999999897218
"SMS",7.29170145492917e-09,-0.112708626166373,0.000552566982719994,0.981246059560339,0.999999999897218
"BIRC6",7.26909724153134e-09,-0.113692052763378,0.000549146386829354,0.981304185960838,0.999999999897218
"EIF2A",7.2606733092292e-09,-0.114059227725397,0.000547874346743781,0.981325848003591,0.999999999897218
"BNIP2",7.25857335904552e-09,-0.114150816209269,0.000547557477382069,0.981331248002914,0.999999999897218
"SLC44A2",7.2423674690999e-09,-0.114858405924714,0.000545115192962654,0.981372921303449,0.999999999897218
"TIMM10",7.23750640856886e-09,-0.115070920518339,0.000544383678391461,0.981385421486889,0.999999999897218
"IFNGR1",7.21947594166041e-09,-0.11586025774432,0.000541674660974821,0.981431786747378,0.999999999897218
"CAPN2",7.21415164475614e-09,-0.116093672600423,0.0005408759954571,0.981445478163721,0.999999999897218
"RNF10",7.21303300656288e-09,-0.116142732259822,0.000540708270222997,0.981448354739768,0.999999999897218
"UQCRC2",7.20752893351838e-09,-0.116384218587991,0.000539883384957133,0.981462508456944,0.999999999897218
"MAGOH",7.19686691239554e-09,-0.116852462016093,0.000538287278849481,0.98148992584796,0.999999999897218
"ZFAND6",7.13865032675888e-09,-0.119419850276397,0.000529613920875684,0.981639630202889,0.999999999897218
"PKM",7.11120866853638e-09,-0.12063636610435,0.000525549973354162,0.981710196842443,0.999999999897218
"NUDT1",7.09752811843883e-09,-0.121244364478504,0.000523529811328351,0.981745376637619,0.999999999897218
"PSMC6",7.09476659317879e-09,-0.121367217314116,0.000523122497819227,0.981752477956737,0.999999999897218
"ERGIC3",7.08596474727199e-09,-0.121759065548027,0.000521825319851803,0.981775112094531,0.999999999897218
"MKRN1",7.07849351740262e-09,-0.122092008624389,0.00052072550585867,0.981794324535816,0.999999999897218
"MSN",7.06702687489132e-09,-0.122603595784718,0.000519039797752202,0.981823811294123,0.999999999897218
"TRAPPC1",7.05788880849438e-09,-0.123011810192218,0.000517698369816108,0.981847310078434,0.999999999897218
"CTD-2336O2.1",7.0393422584216e-09,-0.123841734488995,0.000514981154037048,0.981895003080789,0.999999999897218
"ILF3",7.0391244806724e-09,-0.123851490939105,0.000514949290349316,0.9818955631031,0.999999999897218
"MINPP1",7.01438169341116e-09,-0.12496168191297,0.000511335520558517,0.981959190014482,0.999999999897218
"EIF5A",7.0024765165345e-09,-0.125497072933583,0.000509601262562493,0.981989804618995,0.999999999897218
"CDK12",7.0005492482403e-09,-0.125583819105486,0.000509320789447485,0.981994760663491,0.999999999897218
"TXN2",6.99243930348698e-09,-0.125949074770224,0.000508141404589133,0.982015615705754,0.999999999897218
"ZFAND2B",6.96496630022105e-09,-0.12718914848777,0.000504156315724294,0.98208626370666,0.999999999897218
"HSPA8",6.96490459691887e-09,-0.127191938430723,0.000504147383025883,0.982086422379494,0.999999999897218
"SSU72",6.96172038322768e-09,-0.127335943296876,0.000503686516399863,0.982094610730089,0.999999999897218
"LDLRAP1",6.93549357241954e-09,-0.128524225297931,0.000499898599869773,0.98216205424078,0.999999999897218
"TMEM18",6.92634348152964e-09,-0.128939716643173,0.000498580423959421,0.982185584171456,0.999999999897218
"RP11-879F14.2",6.9262763287926e-09,-0.128942767708624,0.000498570756267402,0.982185756858241,0.999999999897218
"XRN2",6.90032260010421e-09,-0.13012389926491,0.000494841327650816,0.982252498294811,0.999999999897218
"SVIP",6.86300121521256e-09,-0.131829155034022,0.000489502962806034,0.982348472500314,0.999999999897218
"KLF2",6.85140530136013e-09,-0.132360627859004,0.00048785020517147,0.982378292148384,0.999999999897218
"FOS",6.84906449832887e-09,-0.132468008247814,0.000487516911164878,0.982384311678896,0.999999999897218
"WEE1",6.83983595293789e-09,-0.132891663460299,0.000486204019197859,0.982408043506257,0.999999999897218
"ZCCHC7",6.83410398075683e-09,-0.133155051737486,0.000485389455755555,0.982422783667444,0.999999999897218
"DAP",6.81919927212695e-09,-0.133840834481004,0.000483274562753736,0.982461112180152,0.999999999897218
"NFKBIA",6.73727276731466e-09,-0.137633813702048,0.000471732105282378,0.982671792703864,0.999999999897218
"KRT10",6.7287739434982e-09,-0.138029580123336,0.000470542710261538,0.98269364817476,0.999999999897218
"MTR",6.70616121074944e-09,-0.139084713290806,0.000467385410638087,0.982751798863652,0.999999999897218
"MT-ND4L",6.70354824287047e-09,-0.139206836430277,0.000467021260388147,0.982758518352959,0.999999999897218
"MT-CO3",6.69660194867349e-09,-0.139531689137296,0.000466053896185332,0.982776381398845,0.999999999897218
"IMMT",6.69635638685552e-09,-0.139543178526304,0.000466019716777755,0.98277701288421,0.999999999897218
"CCDC109B",6.69045068871747e-09,-0.139819605813893,0.00046519808841531,0.982792199946955,0.999999999897218
"DGCR6L",6.66325494362842e-09,-0.141095299435547,0.000461423844761563,0.98286213646457,0.999999999897218
"ATPIF1",6.66040260422183e-09,-0.141229358803362,0.00046102888592321,0.982869471541888,0.999999999897218
"VPS37B",6.64232612953243e-09,-0.142080112407726,0.00045852979736722,0.982915957046084,0.999999999897218
"SRPK1",6.61558008897649e-09,-0.14334259346231,0.000454844592681661,0.982984737332313,0.999999999897218
"CD99",6.60868845654867e-09,-0.143668615338165,0.000453897437937437,0.983002459918153,0.999999999897218
"TRIM44",6.58689458466984e-09,-0.144701566222768,0.000450908684072328,0.983058505296285,0.999999999897218
"FNBP4",6.57841608369736e-09,-0.145104219975917,0.000449748632333584,0.983080308732054,0.999999999897218
"EIF4A3",6.57605152097133e-09,-0.145216596279398,0.000449425372839996,0.983086389478026,0.999999999897218
"BRD7",6.57333843260179e-09,-0.145345579642266,0.000449054609558149,0.983093366499128,0.999999999897218
"SCAF4",6.55978808796704e-09,-0.145990472774901,0.000447205146579111,0.983128212799754,0.999999999897218
"MT-CYB",6.5518281637418e-09,-0.146369844991046,0.000446120489795879,0.983148682693577,0.999999999897218
"UQCC3",6.54817635212217e-09,-0.14654402553098,0.000445623317426215,0.9831580737661,0.999999999897218
"AIMP1",6.45590589479398e-09,-0.150973337340729,0.000433153228400545,0.983395359108884,0.999999999897218
"TTC17",6.43653343811333e-09,-0.151910273375505,0.000430557573399756,0.983445178058939,0.999999999897218
"SRSF7",6.42721737330044e-09,-0.152361712423041,0.000429312120543051,0.983469135630291,0.999999999897218
"LITAF",6.36877867384109e-09,-0.155206596803659,0.000421540674917867,0.983619419306951,0.999999999897218
"PPP1CA",6.34370852083064e-09,-0.156434015121398,0.000418228489153404,0.983683891056568,0.999999999897218
"MCTP2",6.31931724492583e-09,-0.157632252425509,0.000415018532391063,0.983746617071698,0.999999999897218
"RPS26",6.29273583088727e-09,-0.158942671588596,0.00041153442892881,0.983814975487066,0.999999999897218
"H2AFZ",6.28992018857873e-09,-0.159081759922133,0.000411166234697609,0.983822216374681,0.999999999897218
"GABPB1",6.26280447575429e-09,-0.160424013330437,0.000407628818159142,0.983891948961239,0.999999999897218
"EIF3G",6.2450010828141e-09,-0.161308049920249,0.000405314563899537,0.98393773342809,0.999999999897218
"U2AF2",6.20445281002229e-09,-0.163329706495165,0.000400068303611211,0.98404201043691,0.999999999897218
"UVRAG",6.12160261567962e-09,-0.167496441129674,0.000389455140937206,0.984255075116224,0.999999999897218
"BSG",6.11958512096577e-09,-0.167598516154758,0.000389198478013431,0.984260263493068,0.999999999897218
"RP11-1000B6.3",6.10583650639979e-09,-0.168294906994244,0.000387451650771902,0.984295620725328,0.999999999897218
"MBNL1",6.09940951371963e-09,-0.168620913124272,0.00038663641821281,0.984312148995676,0.999999999897218
"CD38",6.05601489728158e-09,-0.170829937607241,0.00038115449239603,0.984423746926169,0.999999999897218
"TCEAL4",6.0535304644615e-09,-0.170956825158094,0.000380841825235692,0.984430136151034,0.999999999897218
"RBM8A",5.91580397800736e-09,-0.178062813143683,0.000363709565751517,0.984784329404703,0.999999999897218
"MMD",5.90688671042181e-09,-0.178527842401319,0.000362613907031089,0.984807262178511,0.999999999897218
"ADSL",5.87531191389167e-09,-0.180179370295505,0.000358747620169601,0.98488846402187,0.999999999897218
"MOB1B",5.87020332352306e-09,-0.180447301715565,0.000358124028469629,0.984901601950401,0.999999999897218
"PPP3R1",5.86510481044865e-09,-0.180714906913124,0.000357502207722994,0.984914713966908,0.999999999897218
"UBE2E3",5.81641808842244e-09,-0.183280566208545,0.000351591531456535,0.98503992344218,0.999999999897218
"COX5A",5.81433169001385e-09,-0.183390930664895,0.000351339338978808,0.985045289119742,0.999999999897218
"ZNF800",5.80364912668257e-09,-0.183956547770893,0.000350049506512158,0.985072761922745,0.999999999897218
"MCL1",5.78786464988858e-09,-0.18479395937459,0.000348148001301274,0.985113355566241,0.999999999897218
"METAP2",5.78643363884298e-09,-0.184869976779749,0.000347975868027008,0.985117035763126,0.999999999897218
"LYSMD2",5.76708731459269e-09,-0.185899290158432,0.000345652917331963,0.985166789625539,0.999999999897218
"UBQLN1",5.73582014415245e-09,-0.1875692148389,0.000341915054327308,0.985247201017076,0.999999999897218
"COQ4",5.71493309536605e-09,-0.188689172627731,0.000339429413863515,0.985300917399043,0.999999999897218
"FAM63A",5.70872261396985e-09,-0.189022863659118,0.000338692091266545,0.985316889251408,0.999999999897218
"SRGN",5.68958747235883e-09,-0.190052989677108,0.000336425363725377,0.985366100233121,0.999999999897218
"MEST",5.67853158193832e-09,-0.190649549696682,0.000335119164229082,0.985394533349438,0.999999999897218
"MFSD10",5.67032597965848e-09,-0.191092965802282,0.000334151354950089,0.985415636215677,0.999999999897218
"HNRNPA0",5.60945421642509e-09,-0.194399908857487,0.000327015538147223,0.985572184295868,0.999999999897218
"CCDC88A",5.60900762809498e-09,-0.194424285508405,0.000326963470511395,0.985573332819706,0.999999999897218
"CTSD",5.55226916621254e-09,-0.197535127048606,0.000320382065612309,0.985719251510025,0.999999999897218
"LSM12",5.54270464906889e-09,-0.198062249238503,0.00031927921546696,0.985743849365627,0.999999999897218
"GGNBP2",5.53274645296039e-09,-0.198611909395754,0.000318132992062672,0.98576945969221,0.999999999897218
"ZFR",5.47812176917724e-09,-0.201642412046599,0.000311882162259419,0.985909942824547,0.999999999897218
"RNF19A",5.4559409512094e-09,-0.202880482288417,0.000309361664639392,0.985966987321582,0.999999999897218
"HNRNPDL",5.44654396702139e-09,-0.203406316018095,0.0003082969305381,0.985991154451835,0.999999999897218
"EPS15L1",5.43837374235924e-09,-0.203864144841193,0.000307372687214448,0.986012166616783,0.999999999897218
"FUNDC2",5.41996171554329e-09,-0.20489808335678,0.000305294943263498,0.986059518660446,0.999999999897218
"LAMTOR4",5.38443956464355e-09,-0.20690151458981,0.000301306282199469,0.986150874653437,0.999999999897218
"SPAG9",5.3637821669987e-09,-0.208071874452764,0.000298998794471646,0.986204001505155,0.999999999897218
"TOLLIP",5.342542776661e-09,-0.209279302765399,0.000296635544616042,0.986258625193873,0.999999999897218
"DDX5",5.33795240526042e-09,-0.209540807293668,0.000296126018572903,0.986270430768067,0.999999999897218
"NOP10",5.32783794306669e-09,-0.210117699605112,0.000295004870405531,0.986296443278196,0.999999999897218
"FARSA",5.29084824060164e-09,-0.212235603403777,0.000290922815918187,0.986391574017159,0.999999999897218
"UROS",5.27411527838466e-09,-0.21319790947158,0.000289085566978563,0.986434608194477,0.999999999897218
"PRPF40A",5.24150957690132e-09,-0.21508070497402,0.000285522238936547,0.986518464323265,0.999999999897218
"HERC1",5.24080105373503e-09,-0.21512173117086,0.000285445052986631,0.986520286521874,0.999999999897218
"HIST1H3H",5.23459691331455e-09,-0.21548118083067,0.000284769624578155,0.986536242497221,0.999999999897218
"HM13",5.17976156191607e-09,-0.218674395008989,0.000278834629998573,0.986677269763524,0.999999999897218
"NFATC3",5.15856671500833e-09,-0.219916513526564,0.000276557395389396,0.986731779443374,0.999999999897218
"SRP54",5.14494443130504e-09,-0.220717189519634,0.000275098707627578,0.986766813761861,0.999999999897218
"IDH2",5.12202956421691e-09,-0.222068224613394,0.000272653661944774,0.986825747164868,0.999999999897218
"KIAA0922",5.11782968090547e-09,-0.222316415007696,0.000272206712518217,0.986836548606294,0.999999999897218
"CHCHD5",5.09330344456138e-09,-0.223769331310126,0.000269603965123469,0.986899626289106,0.999999999897218
"UQCRQ",5.02817026592018e-09,-0.227657525271802,0.000262752661758349,0.987067139137332,0.999999999897218
"H1F0",5.00414962476415e-09,-0.229102527156112,0.000260248207291787,0.987128916798099,0.999999999897218
"TNFAIP8",4.98166822137813e-09,-0.230460410065806,0.000257915102577555,0.987186735828929,0.999999999897218
"KIAA0125",4.97122770026659e-09,-0.231092833800016,0.000256835164605684,0.987213587414505,0.999999999897218
"NEK7",4.9706325583651e-09,-0.231128918698994,0.000256773673067636,0.987215118038129,0.999999999897218
"C19orf43",4.9696108338186e-09,-0.231190877105226,0.000256668123120793,0.987217745774117,0.999999999897218
"IGBP1",4.96432336595996e-09,-0.231511691643227,0.000256122244365481,0.987231344421515,0.999999999897218
"FXR1",4.9591399714636e-09,-0.231826480224875,0.000255587674213542,0.987244675409996,0.999999999897218
"YPEL3",4.94603626529678e-09,-0.232623549094379,0.000254238762498835,0.98727837638305,0.999999999897218
"CGGBP1",4.92623182666028e-09,-0.233831701435334,0.000252206842286347,0.987329310783484,0.999999999897218
"PCF11",4.87955225556343e-09,-0.236696149463938,0.000247449807181877,0.987449364678926,0.999999999897218
"RSRC1",4.85540899967952e-09,-0.238187042271587,0.000245007179706254,0.987511458161417,0.999999999897218
"MED28",4.8165470429157e-09,-0.240600442674033,0.000241100874688043,0.987611406489659,0.999999999897218
"ZSWIM7",4.78423842503086e-09,-0.242619797696984,0.000237877191765798,0.987694500558229,0.999999999897218
"NFE2",4.77541397923418e-09,-0.243173405905646,0.000237000480243509,0.987717196046405,0.999999999897218
"NFE2L2",4.77168331232891e-09,-0.243407719752531,0.000236630324070758,0.987726790907655,0.999999999897218
"UBE2G2",4.75542003405209e-09,-0.244431040760909,0.000235020063559821,0.987768618275196,0.999999999897218
"NDUFAB1",4.73041405996361e-09,-0.246010425944271,0.000232554895826128,0.987832930962781,0.999999999897218
"SP100",4.72687559892333e-09,-0.246234502496859,0.00023220711287987,0.987842031512055,0.999999999897218
"CAPRIN1",4.72144082538450e-09,-0.246578949241465,0.000231673454842338,0.987856009180515,0.999999999897218
"ZRANB2",4.71142792691941e-09,-0.247214453844511,0.000230691863368922,0.987881761316662,0.999999999897218
"IKBKG",4.61872852192962e-09,-0.253154412729152,0.000221703242848795,0.988120175165973,0.999999999897218
"CCS",4.61718167640987e-09,-0.253254407495202,0.000221554767683115,0.988124153511188,0.999999999897218
"RBPJ",4.59861278117052e-09,-0.254457061118839,0.000219776299830764,0.988171911034612,0.999999999897218
"NDFIP1",4.59152088793171e-09,-0.254917497519052,0.000219098952863708,0.988190150755444,0.999999999897218
"CUL5",4.57724010190534e-09,-0.255846548144823,0.000217738166536428,0.98822687969007,0.999999999897218
"PTOV1",4.56419546360608e-09,-0.256697386054618,0.000216498874619295,0.988260429382493,0.999999999897218
"ENKUR",4.54748223586189e-09,-0.257790604774887,0.000214916221078377,0.988303414403079,0.999999999897218
"MRPL34",4.50896289349489e-09,-0.260323541234384,0.000211290755406703,0.98840248305143,0.999999999897218
"SNX17",4.49924482697963e-09,-0.260965549847246,0.000210380956454121,0.98842747716466,0.999999999897218
"DDAH2",4.47385014032932e-09,-0.26264892170309,0.00020801278961374,0.98849279038237,0.999999999897218
"LGALS8",4.46277942665465e-09,-0.26338538385332,0.000206984592102872,0.988521263446678,0.999999999897218
"ABI1",4.44116373746755e-09,-0.264827926642563,0.000204984368077949,0.988576857457373,0.999999999897218
"CAST",4.42616275853375e-09,-0.265832624901931,0.000203601949778925,0.988615438937757,0.999999999897218
"GNPTG",4.41409845122423e-09,-0.266642789316041,0.000202493554513186,0.988646467521136,0.999999999897218
"NIPBL",4.40247358159217e-09,-0.267425268045048,0.000201428394082747,0.988676365916742,0.999999999897218
"VDAC1",4.39789936602849e-09,-0.267733654755048,0.000201010039165652,0.988688130500909,0.999999999897218
"MCFD2",4.3904190806305e-09,-0.268238566036687,0.000200326834023405,0.988707369312498,0.999999999897218
"HIST1H1C",4.38137608227731e-09,-0.26884995887341,0.000199502452771402,0.988730627329784,0.999999999897218
"JUNB",4.38021937004589e-09,-0.268928242805462,0.000199397126745519,0.988733602320851,0.999999999897218
"UFD1L",4.37144605126557e-09,-0.269522589336385,0.000198599165519104,0.988756166749748,0.999999999897218
"NUDC",4.36102297939337e-09,-0.270230048143308,0.000197653233427026,0.988782974252425,0.999999999897218
"MRPS12",4.35816004332432e-09,-0.27042462542427,0.000197393806759313,0.988790337550922,0.999999999897218
"RPA1",4.33870102199388e-09,-0.271750097076294,0.000195635030075581,0.988840385002701,0.999999999897218
"IDH3G",4.3140677497983e-09,-0.273435454819124,0.000193419873765208,0.988903740384582,0.999999999897218
"CCT3",4.30761891481198e-09,-0.273878053237939,0.000192842042984316,0.988920326434746,0.999999999897218
"ATG3",4.3008119763252e-09,-0.274345854843116,0.000192233063031132,0.988937833512681,0.999999999897218
"U2SURP",4.29811916595063e-09,-0.274531093966338,0.000191992417713212,0.988944759276914,0.999999999897218
"ARPC3",4.25760296567952e-09,-0.27733047092728,0.000188389846671592,0.989048964876883,0.999999999897218
"VIM-AS1",4.25421021328964e-09,-0.277565935741644,0.000188089722191129,0.989057690871433,0.999999999897218
"SMC2",4.23532916741237e-09,-0.27887931556104,0.00018642386661091,0.989106252029316,0.999999999897218
"PRR13",4.21710661309204e-09,-0.280151728912503,0.000184823135791971,0.9891531196163,0.999999999897218
"TSTD1",4.21485629018526e-09,-0.280309192233501,0.000184625938611353,0.989158907347817,0.999999999897218
"PSMA1",4.21470314013587e-09,-0.280319911360031,0.000184612521803773,0.989159301243027,0.999999999897218
"CD48",4.20970491882422e-09,-0.280669928018455,0.00018417491703095,0.989172156450478,0.999999999897218
"LAMTOR2",4.18486357017143e-09,-0.282414905703242,0.000182007708406886,0.989236047358562,0.999999999897218
"RAD23A",4.17341017564287e-09,-0.283222484721551,0.000181012811719332,0.98926550503276,0.999999999897218
"MTHFD2",4.16570846048379e-09,-0.283766617526812,0.000180345337066455,0.989285313545392,0.999999999897218
"LINC00152",4.13622911188377e-09,-0.28585747712627,0.000177801879366605,0.989361133347373,0.999999999897218
"TRIM22",4.13124986356251e-09,-0.2862119154173,0.000177374056436336,0.989373939800697,0.999999999897218
"SUMO1",4.12515838882428e-09,-0.28664603115383,0.000176851370542037,0.989389606865366,0.999999999897218
"PGLS",4.12498964723327e-09,-0.286658064646781,0.000176836902456951,0.989390040863025,0.999999999897218
"MYCBP2",4.10018032710752e-09,-0.28843197226625,0.000174716164947917,0.989453849628452,0.999999999897218
"AURKB",4.08992103751497e-09,-0.289168258487559,0.00017384292471056,0.989480236207748,0.999999999897218
"PSMB3",4.08270742049516e-09,-0.289686926178291,0.00017323023299214,0.989498789417157,0.999999999897218
"MAP3K8",4.0731539570317e-09,-0.290375059970386,0.000172420470128433,0.989523360651084,0.999999999897218
"RB1CC1",4.0531687181519e-09,-0.291819144613196,0.000170732632829725,0.989574762144191,0.999999999897218
"ERP29",4.04522216193828e-09,-0.292395064941369,0.00017006381958052,0.989595200483579,0.999999999897218
"SFXN1",4.03836880223139e-09,-0.29289254763279,0.000169488068144459,0.989612827154989,0.999999999897218
"HMGB1",4.03457106963992e-09,-0.293168539871515,0.000169169440632248,0.989622594831329,0.999999999897218
"PSMB10",3.99844801973165e-09,-0.295805065593675,0.000166153725026699,0.989715502519253,0.999999999897218
"PPP1R7",3.99611127572051e-09,-0.295976330907113,0.000165959577063141,0.989721512578146,0.999999999897218
"CWC15",3.97630200392762e-09,-0.297431707735957,0.000164318286441803,0.989772461652666,0.999999999897218
"APH1A",3.97083819871428e-09,-0.297834240255117,0.000163867019773861,0.98978651446427,0.999999999897218
"MT-ND4",3.96954151610504e-09,-0.297929840918046,0.000163760015252021,0.989789849509765,0.999999999897218
"FKBP1A",3.96250380951248e-09,-0.298449185012648,0.00016317986094973,0.98980795037387,0.999999999897218
"CPSF3L",3.94622189094746e-09,-0.299653783477942,0.000161841604748262,0.989849827217249,0.999999999897218
"ATXN7L3B",3.94109308278661e-09,-0.30003412772857,0.000161421194966289,0.989863018438517,0.999999999897218
"ARID4B",3.9272921072668e-09,-0.301059728339078,0.000160292640377392,0.989898514364005,0.999999999897218
"CNOT2",3.91022736850819e-09,-0.302332214814194,0.000158902670302246,0.989942404672775,0.999999999897218
"CSTB",3.90803613066084e-09,-0.302495961232898,0.000158724626443943,0.989948040513132,0.999999999897218
"IARS",3.90297270123164e-09,-0.302874645969673,0.00015831359119834,0.989961063601503,0.999999999897218
"MRPS5",3.88463207468509e-09,-0.304249895318082,0.000156829210686929,0.990008235526554,0.999999999897218
"SRRT",3.88373887844376e-09,-0.304317014663076,0.000156757099272226,0.990010532820075,0.999999999897218
"ANAPC5",3.87578817081662e-09,-0.30491506405973,0.000156115936632941,0.990030981979544,0.999999999897218
"DPYD",3.85335633574055e-09,-0.306608150182145,0.000154314066844743,0.990088676523792,0.999999999897218
"USP14",3.85214560730609e-09,-0.306699775892711,0.00015421711080911,0.990091790511485,0.999999999897218
"ANKRD11",3.84099076852205e-09,-0.30754513433287,0.000153325256525819,0.990120480710126,0.999999999897218
"ZEB2",3.83834313394858e-09,-0.307746096265695,0.000153113952015021,0.990127290417039,0.999999999897218
"C9orf142",3.82600025770388e-09,-0.308684545080684,0.000152130804915408,0.990159036261288,0.999999999897218
"C15orf40",3.79530452107217e-09,-0.311029860482683,0.000149699527237447,0.990237985680159,0.999999999897218
"PTMA",3.77647244771208e-09,-0.312476909365448,0.00014821761281896,0.990286421810541,0.999999999897218
"ITGB2",3.77441412429451e-09,-0.312635450400184,0.000148056088196473,0.990291715824665,0.999999999897218
"PFKL",3.74869449229569e-09,-0.314622856036328,0.000146045193838344,0.990357866832777,0.999999999897218
"RAB4A",3.73902403718393e-09,-0.315373180037514,0.000145292664221138,0.990382739303589,0.999999999897218
"IPO7",3.73257280960478e-09,-0.315874665615233,0.000144791727387782,0.990399331906324,0.999999999897218
"SUDS3",3.73084392844905e-09,-0.316009188129002,0.000144657627008542,0.99040377860153,0.999999999897218
"TXN",3.72216407764594e-09,-0.316685379273864,0.000143985314763655,0.990426103246927,0.999999999897218
"ADH5",3.70590676800999e-09,-0.317955580244043,0.000142730291177467,0.990467917196948,0.999999999897218
"MT-ND6",3.70482709862345e-09,-0.318040107496,0.000142647137937093,0.990470694117476,0.999999999897218
"ELOVL5",3.70068742089628e-09,-0.318364401330521,0.000142328535609915,0.990481341411322,0.999999999897218
"PDZK1IP1",3.67903968801525e-09,-0.320065397565609,0.000140668261115679,0.990537019631319,0.999999999897218
"KCNA3",3.63457438910055e-09,-0.323586796001536,0.000137288543391732,0.990651385039995,0.999999999897218
"EFCAB14",3.62931692979713e-09,-0.3240056307885,0.000136891651313631,0.990664907316088,0.999999999897218
"CIR1",3.60733405021651e-09,-0.325762630973513,0.000135238360009626,0.990721447690886,0.999999999897218
"HNRNPU",3.60099872850371e-09,-0.32627071567484,0.000134763756795733,0.990737742264725,0.999999999897218
"PWP1",3.57195896939897e-09,-0.328609665043009,0.000132598953441116,0.990812433153841,0.999999999897218
"MTOR",3.56251548908277e-09,-0.32937383582527,0.00013189875483779,0.990836722007043,0.999999999897218
"WDR43",3.56230157858089e-09,-0.329391165961133,0.000131882915646711,0.990837272189977,0.999999999897218
"BAX",3.56211822356915e-09,-0.329406021339264,0.000131869339720757,0.990837743783462,0.999999999897218
"RBM39",3.56175838821217e-09,-0.329435177045416,0.000131842698912532,0.990838669288634,0.999999999897218
"NBN",3.55552365861475e-09,-0.329940754053073,0.000131381531116297,0.990854705164718,0.999999999897218
"INSIG1",3.55408078063463e-09,-0.330057867551339,0.000131274920067151,0.990858416282484,0.999999999897218
"PMVK",3.55190911522507e-09,-0.330234212239086,0.000131114542111658,0.990864001859874,0.999999999897218
"DHFR",3.55046306160428e-09,-0.330351687451337,0.000131007805110515,0.990867721145963,0.999999999897218
"UBAC2",3.54260932256087e-09,-0.33099044115816,0.000130428859144934,0.990887921162725,0.999999999897218
"SNRNP70",3.53528906917688e-09,-0.331586915958427,0.000129890393982024,0.99090674904605,0.999999999897218
"FGFR1",3.49805220476932e-09,-0.334637816131728,0.000127168557897114,0.991002523314222,0.999999999897218
"OSBPL9",3.47864736345368e-09,-0.336238911848659,0.000125761579949444,0.991052433166254,0.999999999897218
"CASP4",3.42890348534585e-09,-0.340379051901954,0.000122190571281932,0.991180376118721,0.999999999897218
"SNRPB2",3.42736994891008e-09,-0.340507514960134,0.000122081299153742,0.991184320430401,0.999999999897218
"BAZ1A",3.39903048968346e-09,-0.342890533019767,0.00012007076945585,0.991257210592467,0.999999999897218
"MRPL13",3.39772613311374e-09,-0.343000629686413,0.000119978634332368,0.991260565448709,0.999999999897218
"NUP214",3.39340120991029e-09,-0.343365946198152,0.000119673390113388,0.991271689321875,0.999999999897218
"CENPK",3.3886953250962e-09,-0.343763902061157,0.000119341700071554,0.991283793045267,0.999999999897218
"SUCLG1",3.38019229790123e-09,-0.344484186112476,0.000118743539138217,0.991305663175359,0.999999999897218
"DDT",3.37937746171259e-09,-0.344553292907888,0.000118686296909275,0.991307758967359,0.999999999897218
"PTCRA",3.37555643698558e-09,-0.344877550018442,0.00011841805407768,0.991317586800017,0.999999999897218
"TMEM140",3.35743372455242e-09,-0.346419828888057,0.000117149939916772,0.991364199179228,0.999999999897218
"RBM33",3.35674455885086e-09,-0.346478621059548,0.000117101851143607,0.991365971743004,0.999999999897218
"CIAO1",3.3562809184534e-09,-0.34651817975707,0.000117069504685117,0.991367164246039,0.999999999897218
"SEP15",3.35308305068138e-09,-0.346791157571779,0.000116846523085051,0.99137538929995,0.999999999897218
"LYRM2",3.29469636362259e-09,-0.351815431994716,0.000112812692941368,0.991525562538953,0.999999999897218
"TRA2B",3.29275555044785e-09,-0.351983768426456,0.000112679822504512,0.991530554404705,0.999999999897218
"UBR2",3.29217274776411e-09,-0.352034334667686,0.000112639938407257,0.99153205340158,0.999999999897218
"TMCO1",3.28776866719e-09,-0.352416701879829,0.000112338773436915,0.99154338091218,0.999999999897218
"NEMF",3.2842368317748e-09,-0.352723661842514,0.000112097546640953,0.99155246496681,0.999999999897218
"MPC2",3.27908080925724e-09,-0.353172299636294,0.000111745852282668,0.991565726512624,0.999999999897218
"CAMLG",3.26576517290583e-09,-0.354333769927462,0.000110840143601994,0.99159997500096,0.999999999897218
"VPS4B",3.24601641576964e-09,-0.356063984297075,0.00010950365035802,0.991650769828922,0.999999999897218
"HMGN3",3.21134894827574e-09,-0.359123514775183,0.000107177141822974,0.991739936435657,0.999999999897218
"UQCR10",3.20868174214436e-09,-0.35936009390464,0.000106999182453539,0.991746796638782,0.999999999897218
"APOA1BP",3.18649579849737e-09,-0.361334627126239,0.000105524638629603,0.991803860148461,0.999999999897218
"C14orf2",3.18011129841441e-09,-0.361905058822545,0.000105102201464793,0.991820281453802,0.999999999897218
"FLII",3.17616357402515e-09,-0.362258272158395,0.000104841420031678,0.991830435232145,0.999999999897218
"FUS",3.16598551376606e-09,-0.363170694752809,0.000104170565067255,0.991856613805347,0.999999999897218
"SPTAN1",3.15936500739958e-09,-0.363765567408401,0.000103735350946521,0.991873642144152,0.999999999897218
"XPO1",3.14465212660123e-09,-0.365091456846609,0.000102771428098644,0.991911484567802,0.999999999897218
"G3BP1",3.14152288100191e-09,-0.36537415265593,0.000102566994021074,0.991919533180026,0.999999999897218
"BZW1",3.13787760278842e-09,-0.365703775846165,0.000102329104103796,0.991928909060922,0.999999999897218
"STAU1",3.12248936516664e-09,-0.367098934067011,0.000101327915613136,0.991968488571568,0.999999999897218
"VPS51",3.11832690507047e-09,-0.367477346701989,0.000101057943656903,0.991979194682954,0.999999999897218
"ITPR2",3.10790346392616e-09,-0.368426881562492,0.000100383472352573,0.992006004441053,0.999999999897218
"CYFIP2",3.09917175699106e-09,-0.369224440688897,9.98202066177366e-05,0.992028462957383,0.999999999897218
"ABHD14B",3.08540455630779e-09,-0.370485924161151,9.893532989852e-05,0.992063873102917,0.999999999897218
"WIPF1",3.07999993323072e-09,-0.370982486472436,9.85890285690517e-05,0.992077774153173,0.999999999897218
"PIM1",3.06333703964554e-09,-0.372518213869815,9.75251748116787e-05,0.992120632239585,0.999999999897218
"NDUFA2",3.045953934413e-09,-0.374128083147734,9.64214892968602e-05,0.992165342783169,0.999999999897218
"RSBN1L",3.04290984172732e-09,-0.374410821988089,9.62288604598325e-05,0.992173172401695,0.999999999897218
"SRSF6",3.04141418966871e-09,-0.374549830028848,9.61342868249081e-05,0.992177019323296,0.999999999897218
"RBM25",3.0303335488568e-09,-0.375581536821004,9.54350798208536e-05,0.992205519511364,0.999999999897218
"RNPS1",3.01208116786676e-09,-0.37728817368396,9.42888882031177e-05,0.992252465941613,0.999999999897218
"GCC2",2.99884092933522e-09,-0.378531803173306,9.34617766598284e-05,0.992286520799529,0.999999999897218
"ITFG1",2.9891291631786e-09,-0.379447050409882,9.28574037179026e-05,0.992311500178423,0.999999999897218
"DHPS",2.97871290738119e-09,-0.380431568966891,9.22113685926146e-05,0.99233829156501,0.999999999897218
"PPM1G",2.97457024546128e-09,-0.380823955598953,9.195505997717e-05,0.992348946802764,0.999999999897218
"SLBP",2.96652707578933e-09,-0.381587151753487,9.1458443562558e-05,0.992369634443451,0.999999999897218
"IRF2BP2",2.93478581471202e-09,-0.384616677254988,8.9511739244475e-05,0.992451275417412,0.999999999897218
"HNRNPL",2.93393805325052e-09,-0.38469798140412,8.94600328185812e-05,0.992453455926427,0.999999999897218
"UBE3A",2.93347929936162e-09,-0.384741986493577,8.94320588609379e-05,0.992454635877458,0.999999999897218
"ATP6AP1",2.92314884372932e-09,-0.38573450429667,8.88032852591789e-05,0.992481206625015,0.999999999897218
"LIMD2",2.92101570468315e-09,-0.385939829593737,8.86737259051466e-05,0.99248669322811,0.999999999897218
"LUC7L2",2.91605940975794e-09,-0.386417401817562,8.83730631751384e-05,0.992499441213784,0.999999999897218
"STX10",2.91216459912484e-09,-0.386793188614958,8.81371513254129e-05,0.992509458978578,0.999999999897218
"C20orf27",2.89736253328327e-09,-0.388225350380857,8.72434543477251e-05,0.992547531087839,0.999999999897218
"CCT2",2.89341689759581e-09,-0.388608181388612,8.70059994239658e-05,0.992557679584478,0.999999999897218
"DHX36",2.87671175195901e-09,-0.390234070596726,8.60042411558385e-05,0.992600646594193,0.999999999897218
"HIST1H2BJ",2.87022828100077e-09,-0.39086731107794,8.56170090049312e-05,0.992617322620993,0.999999999897218
"MED30",2.87009739333598e-09,-0.390880107681644,8.56092005982359e-05,0.992617659274991,0.999999999897218
"SMDT1",2.85921981539377e-09,-0.39194536324021,8.4961517975547e-05,0.99264563731794,0.999999999897218
"CD96",2.85087562651013e-09,-0.392764912635748,8.44663475855344e-05,0.992667099277845,0.999999999897218
"MPST",2.84590083204501e-09,-0.393254520293024,8.41718162587619e-05,0.992679894872708,0.999999999897218
"C14orf166",2.83317843645881e-09,-0.394510023610861,8.34209302726901e-05,0.992712617965756,0.999999999897218
"PRPF38A",2.81999373823963e-09,-0.395816334445756,8.26463087141801e-05,0.992746530153776,0.999999999897218
"STK26",2.81838714084872e-09,-0.395975875516445,8.25521655826925e-05,0.992750662462587,0.999999999897218
"ATRX",2.80951286374553e-09,-0.396858552091123,8.20331187667762e-05,0.992773487881883,0.999999999897218
"NUCKS1",2.79595844691004e-09,-0.398211429391404,8.12434951218326e-05,0.992808351042592,0.999999999897218
"CUEDC2",2.78746181000238e-09,-0.399062397479295,8.07504637542987e-05,0.99283020515233,0.999999999897218
"HSPA4",2.78722002727915e-09,-0.399086645869933,8.07364558707068e-05,0.992830827039188,0.999999999897218
"PCGF5",2.775763173145e-09,-0.400237756734551,8.00740864026268e-05,0.992860295101,0.999999999897218
"TSPYL1",2.76228463841523e-09,-0.401597296161473,7.92983278790788e-05,0.99289496312005,0.999999999897218
"MTHFD2L",2.75374548622145e-09,-0.402461603898389,7.88088100021693e-05,0.992916926604247,0.999999999897218
"APRT",2.74157871323084e-09,-0.40369712484878,7.81139522658796e-05,0.992948220671782,0.999999999897218
"DNAJC9",2.73272586773323e-09,-0.40459912186897,7.76102904635845e-05,0.99297099101755,0.999999999897218
"PHF14",2.7237577905142e-09,-0.405515454998229,7.7101733774326e-05,0.992994057755909,0.999999999897218
"PTPRC",2.72289665934925e-09,-0.405603581022994,7.70529891976029e-05,0.992996272666592,0.999999999897218
"KIAA1033",2.72128993981807e-09,-0.405768073546151,7.69620815858735e-05,0.993000405301113,0.999999999897218
"KIAA1109",2.71385977824159e-09,-0.406529858095434,7.65423835439581e-05,0.993019516381515,0.999999999897218
"SYF2",2.69834988171217e-09,-0.408125889427967,7.56699935296595e-05,0.993059409319555,0.999999999897218
"FDFT1",2.6860177317151e-09,-0.409400622903098,7.49799115685505e-05,0.993091128801819,0.999999999897218
"C17orf62",2.68327979394309e-09,-0.409684324913413,7.48271309667461e-05,0.993098171043999,0.999999999897218
"SS18L2",2.67687080232517e-09,-0.410349403248693,7.4470109879357e-05,0.993114655595738,0.999999999897218
"ELAVL1",2.67615371106062e-09,-0.410423903877585,7.44302164990254e-05,0.993116500024617,0.999999999897218
"MIA3",2.67534873105509e-09,-0.410507556205889,7.43854464062398e-05,0.993118570511978,0.999999999897218
"RPS27L",2.67528009898833e-09,-0.410514689361374,7.43816299606444e-05,0.993118747040374,0.999999999897218
"TFG",2.65763522254538e-09,-0.412353882152534,7.34036938506559e-05,0.993164131401284,0.999999999897218
"RNF213",2.6544753188621e-09,-0.412684371837806,7.32292449961043e-05,0.993172258987269,0.999999999897218
"GID8",2.63746194170355e-09,-0.414469679862974,7.22935541309631e-05,0.993216019094543,0.999999999897218
"MTIF3",2.62639344327019e-09,-0.415636545041646,7.16880462076284e-05,0.993244488390254,0.999999999897218
"CFDP1",2.62493586417608e-09,-0.415790524802883,7.16084983372636e-05,0.993248237431518,0.999999999897218
"NDUFA10",2.62127676992878e-09,-0.416177402262274,7.14089966109895e-05,0.9932576489937,0.999999999897218
"TMEM126A",2.61994576545562e-09,-0.416318246409537,7.13364963970865e-05,0.993261072472672,0.999999999897218
"LYPLAL1",2.61411715598509e-09,-0.416935751856826,7.10194439788143e-05,0.993276064250918,0.999999999897218
"UCP2",2.59816702451173e-09,-0.418631714437228,7.01554324720141e-05,0.993317089628566,0.999999999897218
"TMED9",2.59681553878874e-09,-0.418775832511775,7.00824661039418e-05,0.993320565789576,0.999999999897218
"DNAJB1",2.59249462196736e-09,-0.419237039301152,6.98494356354828e-05,0.993331679635235,0.999999999897218
"ISCU",2.58713268579591e-09,-0.419810293225365,6.956080174389e-05,0.993345471092298,0.999999999897218
"SYNCRIP",2.58452309867066e-09,-0.420089662704321,6.94205434390801e-05,0.9933521832223,0.999999999897218
"SLC25A36",2.57386124033875e-09,-0.421233623753521,6.88489677112087e-05,0.993379606637767,0.999999999897218
"UBXN4",2.57121219658225e-09,-0.421518491373934,6.87073205473934e-05,0.993386420256764,0.999999999897218
"SLC3A2",2.56931960487137e-09,-0.421722169548221,6.86062110021503e-05,0.99339128820188,0.999999999897218
"TIAL1",2.55418335548352e-09,-0.423355824673422,6.78002529486214e-05,0.993430220237556,0.999999999897218
"AFF1",2.54780778279473e-09,-0.42404646187579,6.74621989520017e-05,0.993446618890086,0.999999999897218
"BAZ1B",2.53663275718585e-09,-0.425260637368994,6.68717003509075e-05,0.993475362253777,0.999999999897218
"LRRFIP1",2.525789164003e-09,-0.426443258634607,6.63011963070528e-05,0.993503253145837,0.999999999897218
"AKT1",2.51779017373516e-09,-0.427318476412106,6.58819191533407e-05,0.993523827417261,0.999999999897218
"BCLAF1",2.51467677005367e-09,-0.427659786729458,6.57190857355104e-05,0.993531835430718,0.999999999897218
"LAPTM4B",2.50987135384161e-09,-0.428187308000095,6.54681542297991e-05,0.993544195486019,0.999999999897218
"ATF7IP",2.50921000668567e-09,-0.428259977070297,6.54336572639132e-05,0.993545896543252,0.999999999897218
"SRI",2.50910724923569e-09,-0.428271269592342,6.54282980806896e-05,0.993546160846657,0.999999999897218
"NDUFS4",2.50096064989056e-09,-0.429167822290226,6.50041210546597e-05,0.993567114793824,0.999999999897218
"LMNB1",2.49131904800143e-09,-0.4302321919269,6.45038846693626e-05,0.993591914057263,0.999999999897218
"SF3B5",2.48560978127355e-09,-0.430864147812922,6.42085809366674e-05,0.993606598923886,0.999999999897218
"THOC7",2.4795387487658e-09,-0.431537534098483,6.38953086506105e-05,0.993622214294555,0.999999999897218
"GHITM",2.47800986599274e-09,-0.431707340642642,6.38165372909012e-05,0.993626146751435,0.999999999897218
"RNPC3",2.47519561077682e-09,-0.432020146479031,6.36716677788459e-05,0.993633385329891,0.999999999897218
"PFDN2",2.46412700819455e-09,-0.43325343600772,6.31034859226115e-05,0.993661855015949,0.999999999897218
"SSB",2.46356065398929e-09,-0.433316670018459,6.30744818839493e-05,0.993663311742641,0.999999999897218
"USP16",2.46265008906766e-09,-0.433418362012123,6.3027864158924e-05,0.99366565381804,0.999999999897218
"STK10",2.4504546890558e-09,-0.434783507766385,6.2405163609139e-05,0.993697021763868,0.999999999897218
"RSRP1",2.44704159406337e-09,-0.435166625948273,6.22314436718542e-05,0.993705800631312,0.999999999897218
"PPP1R15A",2.44294037804965e-09,-0.435627600697145,6.20230199841706e-05,0.993716349425079,0.999999999897218
"SERPINE1",2.42732340808103e-09,-0.437389125731156,6.12325662913295e-05,0.993756518057039,0.999999999897218
"PQBP1",2.41814828812601e-09,-0.438428641320509,6.07705311745315e-05,0.993780117521772,0.999999999897218
"JTB",2.41506105767293e-09,-0.438779187455813,6.06154597311116e-05,0.993788058235113,0.999999999897218
"IDS",2.40457616910947e-09,-0.43997263351903,6.00902831611039e-05,0.993815026584231,0.999999999897218
"GMPS",2.39788207599571e-09,-0.440736960781927,5.97561785113148e-05,0.993832244571603,0.999999999897218
"ODC1",2.382551528526e-09,-0.442494409961481,5.89945343308397e-05,0.993871676536563,0.999999999897218
"SEPT2",2.38250156097531e-09,-0.442500154159273,5.89920598563629e-05,0.993871805058985,0.999999999897218
"TXNRD1",2.34009718196531e-09,-0.447413105288375,5.69108353648127e-05,0.993980874169744,0.999999999897218
"PSMG2",2.33703672102846e-09,-0.447770677425665,5.67620727451791e-05,0.993988746043977,0.999999999897218
"NDUFA5",2.33504164822147e-09,-0.448003993206633,5.66652012414275e-05,0.993993877611904,0.999999999897218
"NMI",2.33283247799607e-09,-0.448262549227565,5.65580306836943e-05,0.993999559864508,0.999999999897218
"CXCR4",2.32879621349552e-09,-0.448735494564043,5.6362486695037e-05,0.994009941625017,0.999999999897218
"SEPT9",2.32573560456601e-09,-0.449094593984006,5.62144358066748e-05,0.994017813882061,0.999999999897218
"TDP1",2.31972887812057e-09,-0.449800556301541,5.59244383619181e-05,0.994033263912053,0.999999999897218
"HIST1H2BC",2.31824997502522e-09,-0.449974613680127,5.58531537720465e-05,0.994037067830784,0.999999999897218
"SMC1A",2.30787509030337e-09,-0.451198393674271,5.53543521895828e-05,0.994063753300632,0.999999999897218
"PDAP1",2.29126337624919e-09,-0.453167847026885,5.45603565725119e-05,0.994106480670597,0.999999999897218
"MRPL36",2.29113239740004e-09,-0.453183424918001,5.45541189234221e-05,0.99410681756436,0.999999999897218
"GTF2B",2.25529896025984e-09,-0.457474636543585,5.28610046173294e-05,0.99419898562594,0.999999999897218
"NFKBIZ",2.25520883874401e-09,-0.457485503539785,5.28567800610592e-05,0.994199217429797,0.999999999897218
"MLH3",2.25209596335207e-09,-0.457861091086036,5.2710963840563e-05,0.994207224136546,0.999999999897218
"EIF4H",2.25208181295083e-09,-0.457862799449711,5.27103014540953e-05,0.994207260533158,0.999999999897218
"NDUFA6",2.24580194991824e-09,-0.458621884158242,5.24167490964208e-05,0.994223413131941,0.999999999897218
"UBB",2.20070661352268e-09,-0.464127722374494,5.03328439978519e-05,0.994339404086875,0.999999999897218
"TMEM30A",2.18745368723366e-09,-0.465764473693072,4.97284481949705e-05,0.994373492325914,0.999999999897218
"SNX1",2.18588078268357e-09,-0.465959301415647,4.96569586989943e-05,0.99437753804036,0.999999999897218
"SMIM19",2.17593260058413e-09,-0.467194364788606,4.92059987421509e-05,0.994403126057948,0.999999999897218
"BDP1",2.15762660120476e-09,-0.469479940026822,4.83815467904102e-05,0.99445021148309,0.999999999897218
"PRPF6",2.15495570822496e-09,-0.469814820341217,4.82618393742388e-05,0.994457081370852,0.999999999897218
"HBP1",2.15059650296632e-09,-0.470362159929831,4.80667815605637e-05,0.994468293820562,0.999999999897218
"SND1",2.14969481172237e-09,-0.47047549626512,4.80264836153032e-05,0.994470613089264,0.999999999897218
"GLUL",2.1389711185764e-09,-0.471826570130036,4.75485211755404e-05,0.99449819584475,0.999999999897218
"SMARCA4",2.1365011922172e-09,-0.472138589828528,4.74387735137197e-05,0.994504548822583,0.999999999897218
"MARCH7",2.11845425225364e-09,-0.474427985667295,4.66407314858055e-05,0.994550967953727,0.999999999897218
"HNRNPH3",2.11308287548282e-09,-0.475112663017323,4.64045145967352e-05,0.994564783853135,0.999999999897218
"TOP2A",2.10517656416415e-09,-0.476123222164756,4.60579099574886e-05,0.994585119946179,0.999999999897218
"PPA2",2.08719806780739e-09,-0.478433521658228,4.52745874165003e-05,0.994631363063016,0.999999999897218
"POLR1D",2.07886216617488e-09,-0.479510593066653,4.49136721115409e-05,0.994652804132151,0.999999999897218
"AES",2.07782539918985e-09,-0.479644814998524,4.4868884725669e-05,0.994655470837666,0.999999999897218
"PDCD2",2.05833916953034e-09,-0.482178441523164,4.40312536135359e-05,0.99470559207834,0.999999999897218
"PPIP5K2",2.05224203273273e-09,-0.482975485524692,4.37707844326947e-05,0.994721274750155,0.999999999897218
"CTDSP1",2.04184917611017e-09,-0.484338844877257,4.33285835320002e-05,0.994748006607039,0.999999999897218
"TNRC6B",2.04052579375368e-09,-0.484512882305965,4.32724366807155e-05,0.994751410528929,0.999999999897218
"HIST1H1D",2.02093659280922e-09,-0.487100600462446,4.2445587443686e-05,0.994801796665878,0.999999999897218
"DNAJC10",2.01933100858827e-09,-0.487313663067286,4.23781702926895e-05,0.994805926451709,0.999999999897218
"LUC7L3",2.00914102349947e-09,-0.488669329883932,4.19515504270599e-05,0.994832136513248,0.999999999897218
"SELPLG",2.00819702814218e-09,-0.488795220712012,4.19121377976316e-05,0.994834564601128,0.999999999897218
"RNF130",2.00166403907377e-09,-0.48966787100739,4.16398874579783e-05,0.994851368362596,0.999999999897218
"UIMC1",2.0011999361026e-09,-0.489729958216301,4.16205805665567e-05,0.994852562100426,0.999999999897218
"LENG8",2.00055590755061e-09,-0.48981613643403,4.15937961073243e-05,0.994854218632064,0.999999999897218
"MARCH2",1.99564054779581e-09,-0.490474662638644,4.13896555421649e-05,0.994866861626523,0.999999999897218
"MED13L",1.99275075824101e-09,-0.490862475700729,4.12698736550076e-05,0.994874294571029,0.999999999897218
"PUM3",1.99152312472062e-09,-0.49102737359368,4.12190407305045e-05,0.994877452216957,0.999999999897218
"GATA2",1.98713921812267e-09,-0.491616950197125,4.10377708913895e-05,0.994888728241431,0.999999999897218
"RAB2A",1.98668543478308e-09,-0.491678042567889,4.10190302513131e-05,0.994889895436075,0.999999999897218
"TSC22D4",1.9570124862818e-09,-0.495699474934715,3.98028680044143e-05,0.994966218461286,0.999999999897218
"MED10",1.95058890319519e-09,-0.496577010630093,3.95420036288903e-05,0.994982740832648,0.999999999897218
"PARK7",1.94403877779154e-09,-0.497474425860523,3.92768834804615e-05,0.994999588691104,0.999999999897218
"HERC2",1.93838650907408e-09,-0.498250944761483,3.90488214004941e-05,0.995014127135664,0.999999999897218
"NDUFA8",1.93326075268996e-09,-0.498956835304486,3.88425775932095e-05,0.995027311316536,0.999999999897218
"DUSP1",1.90459360088057e-09,-0.502934994524287,3.76991722727025e-05,0.995101047369132,0.999999999897218
"NDUFB2",1.89365690329458e-09,-0.504466423603038,3.72674574294664e-05,0.995129178145111,0.999999999897218
"CNOT1",1.88769834742997e-09,-0.505304020757274,3.70332958337231e-05,0.995144504419497,0.999999999897218
"POLR2I",1.88454865507947e-09,-0.505747704145253,3.69098161720077e-05,0.995152605888142,0.999999999897218
"MEPCE",1.87825760178271e-09,-0.506635831594421,3.66638007145685e-05,0.995168787397339,0.999999999897218
"XPNPEP1",1.87254045490677e-09,-0.507445186035687,3.6440941700374e-05,0.995183492737008,0.999999999897218
"GLOD4",1.86716525746114e-09,-0.508208094916026,3.62320317996732e-05,0.995197318534118,0.999999999897218
"UBE2D3",1.85478669761892e-09,-0.509972292234582,3.57532164587322e-05,0.995229158013145,0.999999999897218
"HLTF",1.85139777344942e-09,-0.510457068658029,3.56226847400155e-05,0.995237874826556,0.999999999897218
"GSK3B",1.82810213151072e-09,-0.513810495214676,3.47318633189797e-05,0.99529779467305,0.999999999897218
"ERH",1.81984459494912e-09,-0.51500810155866,3.44188043389917e-05,0.995319034288305,0.999999999897218
"RBBP7",1.81950617538265e-09,-0.515057283955409,3.44060044396592e-05,0.99531990475396,0.999999999897218
"CPSF6",1.81133387216909e-09,-0.516247384829358,3.40976297240971e-05,0.995340925139735,0.999999999897218
"IRF1",1.78343818005186e-09,-0.520345219988483,3.30554666746593e-05,0.995412677055053,0.999999999897218
"BAZ2A",1.78323545839641e-09,-0.520375202975793,3.30479523372973e-05,0.995413198485774,0.999999999897218
"DOCK10",1.76653047645805e-09,-0.522856155679704,3.24316796777424e-05,0.995456166229515,0.999999999897218
"MACF1",1.76386208582607e-09,-0.523254342404772,3.23337758706822e-05,0.995463029735608,0.999999999897218
"MLF2",1.76153874018148e-09,-0.523601467259814,3.22486523652448e-05,0.995469005733847,0.999999999897218
"NAE1",1.74036846965639e-09,-0.526782942391997,3.1478177961702e-05,0.99552345890003,0.999999999897218
"CRYL1",1.73745290692078e-09,-0.527223728207777,3.13727982911366e-05,0.995530958173914,0.999999999897218
"ATXN10",1.73558382444257e-09,-0.527506641745399,3.13053353896119e-05,0.995535765740512,0.999999999897218
"MMADHC",1.73367235692342e-09,-0.527796245135068,3.12364177385912e-05,0.995540682328099,0.999999999897218
"CCT5",1.73257520913406e-09,-0.527962597732978,3.11968945583215e-05,0.995543504360539,0.999999999897218
"LYAR",1.73207167496342e-09,-0.528038975663917,3.11787638363144e-05,0.995544799527698,0.999999999897218
"CCDC12",1.72034645831126e-09,-0.52982298423137,3.07580648763834e-05,0.995574958587578,0.999999999897218
"DERA",1.72004750532698e-09,-0.529868608470289,3.07473758476792e-05,0.995575727540698,0.999999999897218
"CDKN1A",1.71915570684829e-09,-0.530004749881947,3.07155007343089e-05,0.995578021383763,0.999999999897218
"CYC1",1.70723281822446e-09,-0.53183081679268,3.02909346804662e-05,0.995608688893478,0.999999999897218
"RNF115",1.70082256722495e-09,-0.532817178015622,3.00638912958737e-05,0.995625177051089,0.999999999897218
"NUP98",1.68884440953754e-09,-0.534668985740627,2.96419284315984e-05,0.995655986731383,0.999999999897218
"UBE2B",1.67826991719221e-09,-0.536313308181811,2.92718919328758e-05,0.995683185971987,0.999999999897218
"EIF1AX",1.67071528968446e-09,-0.537493573039833,2.900895387061e-05,0.995702617653155,0.999999999897218
"HPGD",1.66187790759328e-09,-0.538880149778077,2.87028751698847e-05,0.995725348782573,0.999999999897218
"RBMS1",1.66027299289778e-09,-0.539132647240805,2.86474638516372e-05,0.995729476874645,0.999999999897218
"ZFAND5",1.65699418415042e-09,-0.539649155178769,2.85344260481554e-05,0.995737910484856,0.999999999897218
"HIST1H2AG",1.65413668618368e-09,-0.540100019931708,2.84360952759931e-05,0.995745260418067,0.999999999897218
"MDM2",1.65070312946002e-09,-0.540642674013716,2.83181659506654e-05,0.995754092065281,0.999999999897218
"DDX3X",1.64883018405761e-09,-0.540939096370209,2.82539408478256e-05,0.995758909575266,0.999999999897218
"HIST2H2AC",1.64246300599603e-09,-0.541948995197572,2.80361494412635e-05,0.995775286959257,0.999999999897218
"TOP2B",1.63655328134309e-09,-0.542889389214819,2.78347593986922e-05,0.995790487702684,0.999999999897218
"MIR4435-2HG",1.6206483691843e-09,-0.545435035157969,2.72963618247094e-05,0.995831397651608,0.999999999897218
"TLK1",1.61720980630294e-09,-0.545988246687043,2.71806542033229e-05,0.995840242180482,0.999999999897218
"ANKRD12",1.61203674620334e-09,-0.546822442587942,2.70070437377229e-05,0.995853548112148,0.999999999897218
"PCIF1",1.60878195000536e-09,-0.547348497867475,2.68980962420488e-05,0.995861919965175,0.999999999897218
"SHFM1",1.60178913405033e-09,-0.54848184776579,2.66647710879901e-05,0.995879906600549,0.999999999897218
"LNPEP",1.59917627464267e-09,-0.548906427678231,2.65778501916703e-05,0.995886627291257,0.999999999897218
"HSD17B12",1.59026495381221e-09,-0.550359037130369,2.62824683072889e-05,0.995909548630482,0.999999999897218
"CFLAR",1.58966821327923e-09,-0.550456562878878,2.62627472268941e-05,0.99591108354248,0.999999999897218
"C11orf58",1.58888381283834e-09,-0.550584806479587,2.62368356211776e-05,0.995913101145769,0.999999999897218
"RTFDC1",1.57026714047175e-09,-0.553644774926743,2.5625612735168e-05,0.99596098620986,0.999999999897218
"SNX5",1.57010452536924e-09,-0.553671642228928,2.5620305490606e-05,0.995961404482022,0.999999999897218
"CTNNB1",1.56829757616491e-09,-0.553970349761282,2.55613693485962e-05,0.995966052245675,0.999999999897218
"HTATIP2",1.56180751566524e-09,-0.555045698928117,2.53502466942107e-05,0.995982745725081,0.999999999897218
"A1BG",1.56103781995547e-09,-0.555173488830713,2.53252664479963e-05,0.995984725506354,0.999999999897218
"MAPK1IP1L",1.56043155879758e-09,-0.555274182856709,2.53055990911946e-05,0.995986284907667,0.999999999897218
"SEMA4D",1.53824320664949e-09,-0.558983072501463,2.45910563388381e-05,0.996043356932466,0.999999999897218
"EVL",1.53779965561738e-09,-0.559057687433903,2.45768767659267e-05,0.996044497817555,0.999999999897218
"COMT",1.53737790291712e-09,-0.559128652778093,2.45633978413943e-05,0.996045582633811,0.999999999897218
"NDUFV1",1.52885490987281e-09,-0.560566397987602,2.42918011756118e-05,0.996067505153951,0.999999999897218
"UBE2K",1.51859194400782e-09,-0.562306941064429,2.3966761633071e-05,0.996093903170267,0.999999999897218
"ID2",1.51219172705646e-09,-0.563397570243589,2.37651680018525e-05,0.996110365570704,0.999999999897218
"XRCC5",1.51183293029408e-09,-0.563458829799534,2.37538918473781e-05,0.996111288454466,0.999999999897218
"RHOH",1.50775460405585e-09,-0.564156037580159,2.36259075288096e-05,0.996121778574733,0.999999999897218
"USP8",1.49803583483467e-09,-0.565824139773535,2.33223107624637e-05,0.996146776837018,0.999999999897218
"MEF2A",1.49734667490412e-09,-0.565942782346791,2.33008571969259e-05,0.996148549469097,0.999999999897218
"ACP1",1.47863644161396e-09,-0.569182140824204,2.27221793741389e-05,0.996196675257131,0.999999999897218
"FOPNL",1.47521199141601e-09,-0.569778882690554,2.26170543193896e-05,0.996205483506067,0.999999999897218
"RB1",1.47334802368436e-09,-0.570104202789431,2.25599359849773e-05,0.99621027793773,0.999999999897218
"ARHGDIB",1.45617188234382e-09,-0.573118940311338,2.20369991526994e-05,0.996254457805465,0.999999999897218
"ZNF326",1.45535197797372e-09,-0.573263621118485,2.20121900687895e-05,0.996256566734989,0.999999999897218
"RNF24",1.44716639481235e-09,-0.574711954618197,2.17652726230225e-05,0.996277621408926,0.999999999897218
"TXNDC17",1.43004255883959e-09,-0.577764990149362,2.12532376378773e-05,0.996321666756011,0.999999999897218
"HIST1H2AE",1.42041646715463e-09,-0.579495231473802,2.09680754292891e-05,0.99634642666579,0.999999999897218
"CBX5",1.40865997090612e-09,-0.581622292088808,2.0622414920769e-05,0.996376666335418,0.999999999897218
"RAC2",1.40509430577359e-09,-0.582270467074336,2.05181462359762e-05,0.996385837822011,0.999999999897218
"NDUFV2",1.40356265168723e-09,-0.582549334153638,2.04734380997151e-05,0.996389777492428,0.999999999897218
"FRG1",1.39365767342751e-09,-0.584359144022018,2.0185494536173e-05,0.996415254754841,0.999999999897218
"FDX1",1.38089910943985e-09,-0.586706913948811,1.98176006364336e-05,0.996448071922887,0.999999999897218
"FIBP",1.3746400368294e-09,-0.587865585052631,1.96383569991796e-05,0.9964641713104,0.999999999897218
"ACTR10",1.37393510681523e-09,-0.58799636812938,1.96182206473826e-05,0.996465984509054,0.999999999897218
"ELMO1",1.36915593032324e-09,-0.588884573686922,1.94819756818509e-05,0.996478277355929,0.999999999897218
"AKIRIN2",1.36508223733824e-09,-0.58964379747854,1.9366217469924e-05,0.996488755581062,0.999999999897218
"ATP5S",1.36033695392465e-09,-0.590530676169679,1.92318102374363e-05,0.996500961250763,0.999999999897218
"NUFIP2",1.35232519427212e-09,-0.592034175003607,1.90059442727286e-05,0.996521568850422,0.999999999897218
"ATG16L2",1.35194294129054e-09,-0.592106102649622,1.89952012175663e-05,0.996522552069742,0.999999999897218
"CHIC2",1.34711811290236e-09,-0.593015503441778,1.88598625948275e-05,0.996534962344846,0.999999999897218
"EIF3J",1.34584846651844e-09,-0.59325528174234,1.88243288550953e-05,0.996538228090343,0.999999999897218
"RP6-159A1.4",1.34249443553889e-09,-0.593889653016857,1.87306203724578e-05,0.996546855226261,0.999999999897218
"MRPL33",1.34117991012155e-09,-0.594138654476017,1.86939575432442e-05,0.996550236408451,0.999999999897218
"ATP5L",1.33835154786863e-09,-0.594675132186636,1.86151947579289e-05,0.996557511435792,0.999999999897218
"SSFA2",1.33724298364457e-09,-0.59488567133531,1.85843693855527e-05,0.996560362851042,0.999999999897218
"MPL",1.33161193007183e-09,-0.595957474328135,1.8428183495312e-05,0.996574846876807,0.999999999897218
"SARAF",1.33021677541728e-09,-0.596223634486755,1.83895886211032e-05,0.996578435451606,0.999999999897218
"FUBP1",1.32529643156667e-09,-0.597164253842607,1.82537975879158e-05,0.996591091412477,0.999999999897218
"SLC38A2",1.31803509917654e-09,-0.598557963279023,1.80543195320675e-05,0.996609768795419,0.999999999897218
"STX16",1.3152665420789e-09,-0.599091107649735,1.79785523268977e-05,0.996616889996032,0.999999999897218
"FAM111A",1.31379598068839e-09,-0.599374692517829,1.7938372205276e-05,0.996620672530619,0.999999999897218
"GTF2I",1.31174743665095e-09,-0.599770196850287,1.78824747957085e-05,0.996625941735231,0.999999999897218
"SORL1",1.31116919923175e-09,-0.599881932102707,1.78667125587034e-05,0.996627429060509,0.999999999897218
"SUMF2",1.30968232918519e-09,-0.600169443206514,1.7826213716784e-05,0.996631253543954,0.999999999897218
"RBM3",1.30313771943518e-09,-0.601438337754295,1.76485002135805e-05,0.996648087397772,0.999999999897218
"IQGAP1",1.29186421032247e-09,-0.603637146582008,1.73444649357647e-05,0.996677084791739,0.999999999897218
"POLR2F",1.28813756225542e-09,-0.604367671125015,1.72445419140444e-05,0.996686670369042,0.999999999897218
"EIF1",1.28263322428149e-09,-0.605450041502309,1.7097481555116e-05,0.996700828470226,0.999999999897218
"POLR2G",1.28207847804598e-09,-0.605559350542277,1.70826952354691e-05,0.996702255372732,0.999999999897218
"ALKBH7",1.28205485732962e-09,-0.605564005759789,1.70820657860419e-05,0.996702316129268,0.999999999897218
"BAZ2B",1.27818717277052e-09,-0.606327264838912,1.69791553916168e-05,0.996712264477905,0.999999999897218
"ATP6V1G1",1.27716590184825e-09,-0.606529140394474,1.69520335575025e-05,0.99671489136212,0.999999999897218
"ATP5D",1.27545911260429e-09,-0.606866836636003,1.69067548426963e-05,0.996719281517276,0.999999999897218
"SLC25A39",1.27503073383069e-09,-0.606951655090219,1.68954000629271e-05,0.996720383381091,0.999999999897218
"RAN",1.25337448519185e-09,-0.611272211730854,1.63263413460004e-05,0.996776086981949,0.999999999897218
"SH3BGRL",1.2499668075293e-09,-0.611957968580319,1.62376858336881e-05,0.996784852117161,0.999999999897218
"CHCHD10",1.24442745557546e-09,-0.613076179130199,1.60940868943777e-05,0.996799100287467,0.999999999897218
"SAT1",1.23589597445714e-09,-0.614806899692687,1.58741693269771e-05,0.996821044732954,0.999999999897218
"PTDSS1",1.23306843897317e-09,-0.61538279483841,1.58016172136532e-05,0.996828317643948,0.999999999897218
"LEPROTL1",1.22962144902855e-09,-0.616086412517003,1.57133952100335e-05,0.996837183899461,0.999999999897218
"NEDD8",1.22902564746124e-09,-0.616208204533923,1.56981713419877e-05,0.996838716404386,0.999999999897218
"UBE2I",1.22843624826033e-09,-0.616328738342097,1.56831183264983e-05,0.996840232441327,0.999999999897218
"RASAL3",1.21938630688863e-09,-0.618185821921441,1.54528931200134e-05,0.996863510461129,0.999999999897218
"FRMD3",1.21168049575231e-09,-0.619776559257244,1.52582036662366e-05,0.9968833311468,0.999999999897218
"CCT7",1.19864984331486e-09,-0.622486655612856,1.49317888213302e-05,0.996916848254235,0.999999999897218
"MPG",1.19489080594614e-09,-0.623273217283927,1.48382817136622e-05,0.996926517154019,0.999999999897218
"ZC3H7A",1.19321180535876e-09,-0.623625236223765,1.47966109936256e-05,0.996930835836537,0.999999999897218
"PSMA3",1.19278077229163e-09,-0.623715676036795,1.47859227375505e-05,0.996931944528821,0.999999999897218
"ACBD6",1.1891671203866e-09,-0.62447501659551,1.46964675057329e-05,0.996941239472502,0.999999999897218
"FOSB",1.18300364674395e-09,-0.625774797652988,1.45445182189248e-05,0.996957093003876,0.999999999897218
"SDCCAG8",1.17617603950936e-09,-0.627221529227518,1.43771177295823e-05,0.996974654804319,0.999999999897218
"SNRPD3",1.16802017370859e-09,-0.628959317741221,1.41784207778999e-05,0.996995633120121,0.999999999897218
"ARL5A",1.16368200281936e-09,-0.629887966226366,1.40732955604701e-05,0.997006791656572,0.999999999897218
"MTERF4",1.15918688705706e-09,-0.630853393334998,1.39647798167309e-05,0.997018353883382,0.999999999897218
"WTAP",1.14958810752191e-09,-0.632925897261345,1.37344634503432e-05,0.997043043631404,0.999999999897218
"GNAI3",1.13574445684535e-09,-0.635941594242893,1.34056669295991e-05,0.997078651939048,0.999999999897218
"EML4",1.12796637127167e-09,-0.637650027742886,1.32226796762731e-05,0.997098658547556,0.999999999897218
"HBA2",1.12457980827519e-09,-0.638397080409731,1.31434003345993e-05,0.997107369385699,0.999999999897218
"COA4",1.12297518790246e-09,-0.638751732210241,1.31059194525712e-05,0.997111496752818,0.999999999897218
"DDX6",1.12103277676998e-09,-0.63918163248894,1.30606200237852e-05,0.997116492977557,0.999999999897218
"GOLGA7",1.11812985516124e-09,-0.639825325185803,1.29930664826967e-05,0.997123959805217,0.999999999897218
"ARF6",1.11256877640471e-09,-0.641062507093116,1.28641444573161e-05,0.997138263883766,0.999999999897218
"ATP5I",1.10912006107831e-09,-0.641832453250668,1.27845161006054e-05,0.997147134590269,0.999999999897218
"RNMT",1.10624179138942e-09,-0.642476640009933,1.27182481819539e-05,0.997154538009851,0.999999999897218
"SEC14L1",1.10571103169821e-09,-0.64259558874582,1.27060470263449e-05,0.997155903217838,0.999999999897218
"TMEM106C",1.10492012715747e-09,-0.642772930814471,1.26878764990979e-05,0.997157937564497,0.999999999897218
"PITHD1",1.09779298398267e-09,-0.644376028414422,1.25247214218027e-05,0.997176269840787,0.999999999897218
"NIFK",1.0892145288756e-09,-0.646317617865645,1.23297430088862e-05,0.997198335150741,0.999999999897218
"JPX",1.08307132088161e-09,-0.64771622024129,1.21910548553317e-05,0.997214136573972,0.999999999897218
"CHCHD3",1.08015327538659e-09,-0.648382980184545,1.21254522867137e-05,0.9972216423062,0.999999999897218
"UBR5",1.06440789525816e-09,-0.652007998424428,1.17745236885462e-05,0.997262142229731,0.999999999897218
"PRDX6",1.0644009047118e-09,-0.652009618170566,1.17743690296344e-05,0.997262160210663,0.999999999897218
"SMARCC2",1.06128200529237e-09,-0.652733208219991,1.17054677918874e-05,0.997270182576602,0.999999999897218
"NSMCE1",1.05572923673973e-09,-0.65402605077619,1.15832991040522e-05,0.997284465289007,0.999999999897218
"SPTBN1",1.05063265303286e-09,-0.655217897140767,1.1471731187446e-05,0.997297574613283,0.999999999897218
"MRPS35",1.04505150718482e-09,-0.656528842444304,1.13501751943327e-05,0.997311930318836,0.999999999897218
"ARPC5L",1.04311808884238e-09,-0.656984400102982,1.13082168081598e-05,0.997316903416892,0.999999999897218
"SF3B2",1.03698779222972e-09,-0.658433711117619,1.11756929401274e-05,0.997332671637783,0.999999999897218
"TMEM179B",1.01406786604641e-09,-0.663919260903528,1.06871330227674e-05,0.997391625802317,0.999999999897218
"TRABD",1.01373790801638e-09,-0.663999015873037,1.06801793823234e-05,0.997392474513706,0.999999999897218
"PHIP",1.01302595319385e-09,-0.664171181186169,1.0665183129238e-05,0.99739430578955,0.999999999897218
"CREBZF",1.00865122414943e-09,-0.665231396917054,1.0573267335671e-05,0.997405558379717,0.999999999897218
"SMIM10L1",1.0083455905769e-09,-0.665305616618171,1.05668606496076e-05,0.997406344524272,0.999999999897218
"GRHPR",1.00676570752585e-09,-0.665689585891402,1.05337741250202e-05,0.997410408267859,0.999999999897218
"CDKN1B",1.00650531723276e-09,-0.66575292054676,1.05283259104062e-05,0.99741107803857,0.999999999897218
"FRYL",1.00642397802619e-09,-0.665772707579864,1.05266243176605e-05,0.997411287257653,0.999999999897218
"ORMDL1",9.87111330303209e-10,-0.670510663998544,1.012650186344e-05,0.997460962869454,0.999999999897218
"MAF1",9.8408002230844e-10,-0.671261641069455,1.00644026608584e-05,0.997468759941027,0.999999999897218
"CAPN7",9.83152691453782e-10,-0.671491780221082,1.0045443565055e-05,0.997471145203496,0.999999999897218
"HIST1H2BK",9.79808472693958e-10,-0.672323298835085,9.97722013360135e-06,0.997479747138425,0.999999999897218
"PKN2",9.79641580187674e-10,-0.672364860230932,9.97382154804396e-06,0.997480176416116,0.999999999897218
"BNIP3L",9.78314143799393e-10,-0.672695652441956,9.94681035551511e-06,0.997483590822453,0.999999999897218
"CLTA",9.77747179773115e-10,-0.672837056772461,9.93528471305385e-06,0.997485049156426,0.999999999897218
"MRPL42",9.77729043083077e-10,-0.672841581352196,9.9349161279804e-06,0.997485095807272,0.999999999897218
"LONP2",9.7589015488069e-10,-0.673300710195011,9.89758058995482e-06,0.997489825760229,0.999999999897218
"ACIN1",9.72095498211539e-10,-0.674250533971194,9.82075862429715e-06,0.997499586303595,0.999999999897218
"HCFC1R1",9.66889387096146e-10,-0.675558914219626,9.71584907287707e-06,0.997512977363722,0.999999999897218
"UBE2A",9.63575472761412e-10,-0.676394950199454,9.64936305049723e-06,0.997521501351595,0.999999999897218
"CD79B",9.5865015983299e-10,-0.677642143473355,9.55096978689348e-06,0.997534170149024,0.999999999897218
"MAP4K5",9.51537324703056e-10,-0.67945313683828,9.40976614090772e-06,0.99755246565108,0.999999999897218
"SPG7",9.49165420675112e-10,-0.680059664006871,9.36291302398134e-06,0.997558566618735,0.999999999897218
"SPSB3",9.47651254858886e-10,-0.680447546031153,9.33306428628298e-06,0.997562461328106,0.999999999897218
"TMPO",9.42269777820898e-10,-0.681830489606383,9.22736493472658e-06,0.997576303464506,0.999999999897218
"EIF5B",9.41230365462734e-10,-0.682098391383884,9.20701885664325e-06,0.997578977021968,0.999999999897218
"CNPY3",9.36146867960009e-10,-0.683412348687155,9.10783492156896e-06,0.997592052701684,0.999999999897218
"YY1",9.34787256986223e-10,-0.683764826072708,9.08139864231302e-06,0.997595549868385,0.999999999897218
"DDX39A",9.30588722051124e-10,-0.684856112806926,9.00000484237581e-06,0.997606349264127,0.999999999897218
"SAFB",9.30560223180637e-10,-0.684863534879468,8.99945360843354e-06,0.997606422568409,0.999999999897218
"IFITM2",9.29782255738863e-10,-0.685066220399343,8.98441244265165e-06,0.997608423642263,0.999999999897218
"PTGES3",9.28897127151852e-10,-0.685297004321902,8.96731472967406e-06,0.997610700354104,0.999999999897218
"TBL1XR1",9.2180972133097e-10,-0.687151868441395,8.83099707478229e-06,0.997628930452663,0.999999999897218
"NCOA7",9.12667363552336e-10,-0.689562949207996,8.65669695825602e-06,0.99765244626374,0.999999999897218
"NUP50",9.07268569858151e-10,-0.690996637788829,8.5545842005532e-06,0.997666332946409,0.999999999897218
"GNB1",8.97910152881113e-10,-0.693499508302375,8.37901441809216e-06,0.997690404504472,0.999999999897218
"RP11-367G6.3",8.94723517308986e-10,-0.694356941185123,8.31964659528714e-06,0.997698601113779,0.999999999897218
"PRKCH",8.94363732722859e-10,-0.694453915793417,8.31295697838794e-06,0.99769952654553,0.999999999897218
"PPM1A",8.91195345180043e-10,-0.695309376133859,8.25416207319984e-06,0.997707676217838,0.999999999897218
"TRAF3IP3",8.88697931534863e-10,-0.695985540955604,8.20796530271461e-06,0.997714100022718,0.999999999897218
"NPC2",8.88281026094972e-10,-0.696098577401925,8.20026607756002e-06,0.997715172379811,0.999999999897218
"ETHE1",8.86981457352056e-10,-0.696451228581095,8.17628939984783e-06,0.997718515108488,0.999999999897218
"CHD1",8.85124178496345e-10,-0.696956001033852,8.1420840611992e-06,0.997723292369728,0.999999999897218
"PRRC2A",8.81470439190709e-10,-0.697951711653729,8.07500273603215e-06,0.99773269045637,0.999999999897218
"SEPT1",8.79605011882835e-10,-0.698461459783772,8.04086116774611e-06,0.997737488677163,0.999999999897218
"CRTAP",8.76773103761673e-10,-0.699237109514705,7.98916904709255e-06,0.99774477286383,0.999999999897218
"NONO",8.7252979779536e-10,-0.700403425167954,7.91202604466993e-06,0.997755687424759,0.999999999897218
"PSMB7",8.72490655593744e-10,-0.700414206744864,7.91131618427803e-06,0.99775578810568,0.999999999897218
"IL10RA",8.6944873520814e-10,-0.70125338234364,7.85624707441568e-06,0.997763612482891,0.999999999897218
"SUB1",8.6927502029785e-10,-0.701301382181615,7.85310804881708e-06,0.997764059309512,0.999999999897218
"CARD8",8.68564198037613e-10,-0.70149787919295,7.84027003653448e-06,0.997765887674785,0.999999999897218
"PPP4R3B",8.67126124173279e-10,-0.701895843030662,7.81432940119655e-06,0.997769586664654,0.999999999897218
"PBXIP1",8.59121769750544e-10,-0.704121467919042,7.67072867196181e-06,0.997790175333922,0.999999999897218
"PRMT2",8.58098686443253e-10,-0.704407236814387,7.65247020856199e-06,0.997792806892144,0.999999999897218
"EIF4A2",8.5603766304705e-10,-0.704983825485632,7.61575420024535e-06,0.997798108223034,0.999999999897218
"RSRC2",8.51292885588521e-10,-0.706315820781004,7.53156417648878e-06,0.997810312662884,0.999999999897218
"ARF5",8.47845161787009e-10,-0.70728775304045,7.47068226140054e-06,0.997819180842614,0.999999999897218
"KDELR1",8.39883278049722e-10,-0.709545456090949,7.33103077147757e-06,0.997839660272979,0.999999999897218
"SHOC2",8.33428776697351e-10,-0.71138942514493,7.21878582191598e-06,0.997856262439461,0.999999999897218
"PRKCSH",8.24075823618139e-10,-0.714083610432052,7.05767278971787e-06,0.997880319959361,0.999999999897218
"TCERG1",8.20706692026939e-10,-0.71506063219106,7.00008192123145e-06,0.997888985987517,0.999999999897218
"HMGN2",8.18808387443475e-10,-0.715612663370099,6.96773682221118e-06,0.997893868777308,0.999999999897218
"ZCCHC11",8.12739382226526e-10,-0.717385044055974,6.86482992639106e-06,0.997909479379515,0.999999999897218
"UBA1",8.10923095492034e-10,-0.717917707224091,6.8341815594506e-06,0.997914151204573,0.999999999897218
"OTUB1",8.09914013230822e-10,-0.718214089809228,6.81718374374731e-06,0.997916746750618,0.999999999897218
"AP003068.23",8.0579832494777e-10,-0.719426265752276,6.74807489010651e-06,0.997927333061651,0.999999999897218
"MT2A",8.04342496290522e-10,-0.719856334361669,6.7237135431072e-06,0.997931077722149,0.999999999897218
"FAM60A",8.01373736241152e-10,-0.720735442768354,6.67417182451948e-06,0.997938713922079,0.999999999897218
"ST13",7.98604510247606e-10,-0.721558022661734,6.62812500371871e-06,0.997945836883683,0.999999999897218
"YME1L1",7.92233117508159e-10,-0.723460064355776,6.52278643715925e-06,0.997962225285234,0.999999999897218
"WDR83OS",7.89130715585167e-10,-0.724391040966874,6.47179972166743e-06,0.997970205237585,0.999999999897218
"ERICH1",7.82247407110591e-10,-0.726468023512176,6.3593896800769e-06,0.997987910382583,0.999999999897218
"RBCK1",7.80860930289546e-10,-0.726888304239029,6.33686654371122e-06,0.997991476658027,0.999999999897218
"TMA7",7.73137164977029e-10,-0.729241548431722,6.21212626083198e-06,0.998011343615166,0.999999999897218
"SMC3",7.72595126527711e-10,-0.729407461242643,6.2034187996481e-06,0.998012737838652,0.999999999897218
"MYO1G",7.67428423622202e-10,-0.730994042927495,6.12072593730359e-06,0.998026027557694,0.999999999897218
"UBE2E1",7.64664273688762e-10,-0.731846671982013,6.07671366288459e-06,0.998033137464696,0.999999999897218
"EIF5",7.62631871687576e-10,-0.732475298283548,6.04445398380092e-06,0.998038365180211,0.999999999897218
"ALDH2",7.5697985727259e-10,-0.734231171556262,5.95519271188347e-06,0.99805290321173,0.999999999897218
"NCBP2-AS2",7.5626462754653e-10,-0.734454179380818,5.94394454298109e-06,0.998054742915559,0.999999999897218
"ANXA11",7.54203227343961e-10,-0.735097949583942,5.91158510465214e-06,0.998060045220188,0.999999999897218
"NOSIP",7.49259622096584e-10,-0.736648084420962,5.83434129963401e-06,0.998072761092474,0.999999999897218
"FIP1L1",7.48845313416989e-10,-0.736778400247732,5.82789079874088e-06,0.998073826771488,0.999999999897218
"UPF2",7.47842093277074e-10,-0.737094211098743,5.81228613122061e-06,0.998076407240371,0.999999999897218
"HCLS1",7.4485222753821e-10,-0.738037603026254,5.76590410252099e-06,0.998084097731536,0.999999999897218
"TMX4",7.36758325989973e-10,-0.740608099651257,5.64127509013222e-06,0.998104916753677,0.999999999897218
"RC3H1",7.32901923057514e-10,-0.741841483492944,5.58237356700396e-06,0.998114836140667,0.999999999897218
"SFPQ",7.26124785913025e-10,-0.744022742146725,5.47961058703649e-06,0.99813226820104,0.999999999897218
"MT-CO2",7.20691477752562e-10,-0.745784309504535,5.39791381583268e-06,0.998146243683345,0.999999999897218
"FAM208A",7.19527336030853e-10,-0.746163245441238,5.38048926838819e-06,0.998149238073126,0.999999999897218
"ZNF185",7.16189444279823e-10,-0.747252716034914,5.33068481272951e-06,0.998157823753832,0.999999999897218
"MICU2",7.10290700078256e-10,-0.74918888158847,5.24323629195769e-06,0.998172996425625,0.999999999897218
"RGS19",7.08415053344942e-10,-0.749807462783772,5.21558149028847e-06,0.998177820939476,0.999999999897218
"BCCIP",7.06634228115828e-10,-0.750396092073395,5.18939242260258e-06,0.998182401554762,0.999999999897218
"ASAH1",7.06502604343982e-10,-0.75043964984289,5.18745936088003e-06,0.998182740115704,0.999999999897218
"TNPO1",7.05709248192125e-10,-0.750702341868836,5.17581554795953e-06,0.998184780776008,0.999999999897218
"EMC4",7.04635729372823e-10,-0.751058209203939,5.16008071301025e-06,0.998187542067077,0.999999999897218
"PSMB4",7.04151900426179e-10,-0.751218750825137,5.15299694139825e-06,0.998188786565573,0.999999999897218
"SLC9A3R1",7.03924757411014e-10,-0.751294153347479,5.1496730038247e-06,0.998189370819871,0.999999999897218
"HNRNPA2B1",7.02318563007726e-10,-0.751827951346922,5.12619907658544e-06,0.998193502252172,0.999999999897218
"UFC1",7.00436582972482e-10,-0.752454755906759,5.09876287053962e-06,0.998198343056742,0.999999999897218
"KRR1",6.98247976157722e-10,-0.753185529445002,5.06694913248686e-06,0.998203972562809,0.999999999897218
"TXNIP",6.91189794495266e-10,-0.75555590120386,4.96502920504646e-06,0.998222127526759,0.999999999897218
"SSBP2",6.90210233204017e-10,-0.75588653255162,4.95096619624329e-06,0.998224647141767,0.999999999897218
"SMIM3",6.89310398202501e-10,-0.756190613775907,4.93806534833095e-06,0.998226961685849,0.999999999897218
"MRPL51",6.89080656279461e-10,-0.756268305791342,4.93477425748046e-06,0.998227552625088,0.999999999897218
"STON2",6.88910224130985e-10,-0.756325955530403,4.93233349771617e-06,0.998227991008482,0.999999999897218
"AGTPBP1",6.83256499269129e-10,-0.758245431082695,4.85170868367557e-06,0.998242533447643,0.999999999897218
"HELZ",6.82372399237613e-10,-0.75854683690858,4.83916106598883e-06,0.998244807518549,0.999999999897218
"AP1B1",6.76093683065387e-10,-0.760697192330766,4.7505175805384e-06,0.998260957553192,0.999999999897218
"TMED3",6.75877285821468e-10,-0.76077161396226,4.74747707174027e-06,0.998261514167469,0.999999999897218
"ZFP36L1",6.73848129783052e-10,-0.761470475538196,4.71901358865149e-06,0.99826673353723,0.999999999897218
"RBM42",6.72555191412304e-10,-0.761916731842802,4.70092185556861e-06,0.99827005921716,0.999999999897218
"PPP1R2",6.68654861058119e-10,-0.76326746259571,4.64655610778937e-06,0.99828009159837,0.999999999897218
"ADGRE5",6.66335493898472e-10,-0.764073940067062,4.61437694025435e-06,0.998286057445851,0.999999999897218
"REST",6.61030295699488e-10,-0.765927854490627,4.541192390208e-06,0.998299703411307,0.999999999897218
"PSMD4",6.58752528277735e-10,-0.766727799773944,4.50995037623352e-06,0.998305562256764,0.999999999897218
"AP001189.4",6.57943069830016e-10,-0.767012658739692,4.49887375980767e-06,0.998307644335888,0.999999999897218
"NAA50",6.56889617649263e-10,-0.767383839166081,4.48447873253354e-06,0.998310354012727,0.999999999897218
"PPP1R10",6.53786308614063e-10,-0.768480297338282,4.44220724589696e-06,0.998318336306457,0.999999999897218
"TYROBP",6.48685881127729e-10,-0.770292249728905,4.37316701903475e-06,0.998331455564325,0.999999999897218
"CLK1",6.44147889230221e-10,-0.771914842613881,4.31219457872503e-06,0.998343128132555,0.999999999897218
"TPP2",6.43401063119568e-10,-0.772182828164534,4.30220124441026e-06,0.998345049109737,0.999999999897218
"SMAP2",6.43342145497882e-10,-0.772203981241039,4.30141335681039e-06,0.998345200656939,0.999999999897218
"EXOSC8",6.4094966130794e-10,-0.773064376918918,4.26948033910972e-06,0.9983513545762,0.999999999897218
"PPIA",6.40300610314691e-10,-0.773298273204573,4.26083782768053e-06,0.998353024057431,0.999999999897218
"MRPS34",6.38504786605714e-10,-0.773946504471346,4.23697096498759e-06,0.998357643253813,0.999999999897218
"RAD50",6.32191393261547e-10,-0.776238084439382,4.15359675235176e-06,0.998373882489509,0.999999999897218
"NENF",6.31787393715447e-10,-0.776385401328497,4.14828976764953e-06,0.998374921652386,0.999999999897218
"USP22",6.3166927909208e-10,-0.776428486854865,4.14673884122288e-06,0.998375225465431,0.999999999897218
"VPS35",6.31583520318653e-10,-0.77645977409518,4.14561295111508e-06,0.998375446053139,0.999999999897218
"C7orf73",6.22552837034217e-10,-0.77977529368231,4.02790859313665e-06,0.998398674671145,0.999999999897218
"AP3B1",6.21934862425469e-10,-0.780003702684218,4.01991598698715e-06,0.998400264218261,0.999999999897218
"PUM1",6.15438851875193e-10,-0.782416707878107,3.93637977445493e-06,0.998416973181589,0.999999999897218
"HSBP1",6.13081265405378e-10,-0.783297937611523,3.90627904112823e-06,0.998423037338455,0.999999999897218
"NUDT5",6.1306346897262e-10,-0.783304600847475,3.90605226263332e-06,0.998423083114236,0.999999999897218
"EIF2AK1",6.0858841522327e-10,-0.78498548923173,3.84923596914871e-06,0.998434593796394,0.999999999897218
"HUWE1",6.03660847335662e-10,-0.786848830855702,3.78715596773763e-06,0.998447268430629,0.999999999897218
"NIN",6.01626153417208e-10,-0.78762210464128,3.76166908429254e-06,0.998452502047364,0.999999999897218
"RAP2B",6.00917715644176e-10,-0.787891876341926,3.75281528218277e-06,0.998454324283025,0.999999999897218
"PTPN7",5.92598112843989e-10,-0.791080841803477,3.64962045011115e-06,0.998475723872244,0.999999999897218
"NDUFB11",5.92107743274101e-10,-0.791270016902261,3.64358289343752e-06,0.998476985195399,0.999999999897218
"SUGT1",5.9160659666881e-10,-0.791463490433699,3.63741781118904e-06,0.998478274239128,0.999999999897218
"ARRB1",5.90359096397862e-10,-0.791945722420273,3.62209379179243e-06,0.998481483045478,0.999999999897218
"VAMP7",5.9023205793171e-10,-0.79199487995135,3.62053509393073e-06,0.998481809812413,0.999999999897218
"SMCHD1",5.88313232365588e-10,-0.792738491037651,3.59703287074385e-06,0.998486745394288,0.999999999897218
"GPBP1",5.86668282878516e-10,-0.793377647131859,3.57694606989349e-06,0.998490976515192,0.999999999897218
"ATRAID",5.86349426089471e-10,-0.793501721406482,3.57305895470689e-06,0.998491796675108,0.999999999897218
"UBXN2A",5.85349937617173e-10,-0.793891025316236,3.56088809779008e-06,0.998494367548344,0.999999999897218
"ZMYM2",5.83538662759912e-10,-0.794597998380438,3.53888495814743e-06,0.998499026489614,0.999999999897218
"TACC3",5.80654415107212e-10,-0.795727721782577,3.50398822810761e-06,0.998506445319816,0.999999999897218
"NUDT21",5.79550063708204e-10,-0.796161574943976,3.49067237497152e-06,0.998509285920415,0.999999999897218
"CTSB",5.74515115902687e-10,-0.79814875372865,3.4302841194863e-06,0.998522236758373,0.999999999897218
"DENND4C",5.73328434639022e-10,-0.798619314891239,3.4161280085629e-06,0.998525289127064,0.999999999897218
"CST7",5.71471687777208e-10,-0.799357283458849,3.39403730545219e-06,0.99853006503127,0.999999999897218
"NAP1L1",5.69213386767521e-10,-0.80025766699003,3.36726567873472e-06,0.998535873808786,0.999999999897218
"CCL5",5.67862750715278e-10,-0.800797650979736,3.35130486398819e-06,0.998539347900318,0.999999999897218
"SMAD2",5.67530497267895e-10,-0.80093065703669,3.34738435028469e-06,0.998540202519068,0.999999999897218
"ANKRD17",5.65014237181675e-10,-0.80194015861043,3.31776755474493e-06,0.998546674816295,0.999999999897218
"NPTN",5.64271853890044e-10,-0.802238743395211,3.30905472272087e-06,0.99854858436666,0.999999999897218
"RAB31",5.52815106389778e-10,-0.806890493034813,3.17604741670774e-06,0.998578053291129,0.999999999897218
"HBA1",5.52388631452265e-10,-0.807065266850807,3.17114891760878e-06,0.99857915026548,0.999999999897218
"CHTF8",5.50083754506191e-10,-0.808011865497344,3.14474048428214e-06,0.998585078845778,0.999999999897218
"PDE4D",5.43856893655037e-10,-0.810586558795458,3.07394752060525e-06,0.998601095512315,0.999999999897218
"FAM32A",5.43436132451135e-10,-0.81076145924119,3.06919297010328e-06,0.998602177789915,0.999999999897218
"ARL6IP6",5.42924516907155e-10,-0.810974284445773,3.06341673408846e-06,0.99860349376211,0.999999999897218
"AKAP13",5.39788267482568e-10,-0.812282747779718,3.02812678492837e-06,0.998611560790426,0.999999999897218
"NME3",5.34834860149068e-10,-0.814362874325472,2.97280611903582e-06,0.9986243018938,0.999999999897218
"HDAC1",5.28492848974143e-10,-0.817050732077521,2.90272172746749e-06,0.998640614750198,0.999999999897218
"CEP170",5.26958144854526e-10,-0.817705381604055,2.88588762736735e-06,0.998644562300552,0.999999999897218
"DAB2",5.26156546573633e-10,-0.818047974189821,2.87711439521099e-06,0.998646624163525,0.999999999897218
"C19orf53",5.24413065089382e-10,-0.818794685741249,2.85807867349618e-06,0.998651108728956,0.999999999897218
"ACAP2",5.2315914468556e-10,-0.819333060556283,2.84442715030042e-06,0.998654334050357,0.999999999897218
"USP15",5.167276146056e-10,-0.822112230990675,2.77492031314203e-06,0.998670877167429,0.999999999897218
"HDAC2",5.1476901152195e-10,-0.822964552873181,2.75392407843284e-06,0.998675915066722,0.999999999897218
"FCHSD2",5.06793597625631e-10,-0.826464593586686,2.66925099161665e-06,0.998696429347245,0.999999999897218
"HBB",5.04589776644286e-10,-0.827440195809718,2.64608668543119e-06,0.998702097993868,0.999999999897218
"THOC3",4.99598300371315e-10,-0.829663634084242,2.59399465989019e-06,0.998714937020218,0.999999999897218
"SRSF8",4.97774523621322e-10,-0.830480852024858,2.57509054366742e-06,0.998719628120984,0.999999999897218
"ATP1A1",4.97679979771478e-10,-0.830523287241021,2.57411244679148e-06,0.998719871305753,0.999999999897218
"TMX1",4.97152961511627e-10,-0.83075996355123,2.56866362011821e-06,0.99872122689699,0.999999999897218
"IST1",4.90284121901074e-10,-0.833864788898651,2.49817484206101e-06,0.998738894859683,0.999999999897218
"POLB",4.89980436062745e-10,-0.834002931228765,2.49508102226453e-06,0.998739675997469,0.999999999897218
"SRP9",4.83949051769884e-10,-0.836762067234999,2.43403298732398e-06,0.998755189866243,0.999999999897218
"MSRB3",4.83353187805155e-10,-0.837036274024309,2.42804285400321e-06,0.998756722541838,0.999999999897218
"IFI6",4.8315355147324e-10,-0.837128209141482,2.42603758961372e-06,0.998757236044504,0.999999999897218
"TUBA1B",4.68328927042359e-10,-0.844049272168513,2.27944511772802e-06,0.99879536780328,0.999999999897218
"CALCOCO2",4.66096235718735e-10,-0.845108096252289,2.25776306567235e-06,0.99880111071103,0.999999999897218
"GLO1",4.64494588479657e-10,-0.845870377173757,2.24227301606375e-06,0.998805230453124,0.999999999897218
"CMC1",4.64345137382841e-10,-0.845941622844875,2.24083034586225e-06,0.998805614869843,0.999999999897218
"ZNF638",4.64101913421746e-10,-0.846057614162146,2.23848346701151e-06,0.998806240488251,0.999999999897218
"PHF5A",4.61667270041976e-10,-0.847221596709499,2.21505924102873e-06,0.998812502855323,0.999999999897218
"ZKSCAN1",4.59525332803136e-10,-0.848250062565805,2.19455308032686e-06,0.998818012326441,0.999999999897218
"TOMM20",4.56858872167226e-10,-0.849536224805447,2.16915856403563e-06,0.998824870971858,0.999999999897218
"RABAC1",4.56061570450638e-10,-0.8499220699265,2.16159401914475e-06,0.998826921783986,0.999999999897218
"RET",4.54917020465271e-10,-0.850476988928151,2.15075799140788e-06,0.998829865784924,0.999999999897218
"SF1",4.42719808993693e-10,-0.856467317402768,2.03697210688939e-06,0.99886123934099,0.999999999897218
"WDFY2",4.4149489264863e-10,-0.857076807282563,2.02571591897882e-06,0.998864390059736,0.999999999897218
"ANP32B",4.41268742459214e-10,-0.857189495181703,2.02364115564938e-06,0.99886497176121,0.999999999897218
"TESPA1",4.40019729291732e-10,-0.857812769737677,2.01220151771601e-06,0.998868184461605,0.999999999897218
"PSMC5",4.32656058638727e-10,-0.861518937036556,1.94541720575572e-06,0.998887125229165,0.999999999897218
"DOCK8",4.32543479290905e-10,-0.861576023272574,1.94440492220331e-06,0.998887414804758,0.999999999897218
"MT1X",4.31216397411821e-10,-0.8622499300294,1.93249201061622e-06,0.998890828312924,0.999999999897218
"DDX17",4.30394552082184e-10,-0.862668177239224,1.92513284673862e-06,0.998892942256157,0.999999999897218
"MRPL37",4.28394150005399e-10,-0.863689117323896,1.90727904152209e-06,0.998898087672585,0.999999999897218
"ADD3",4.25439131228853e-10,-0.865204876373355,1.88105736249532e-06,0.99890568854568,0.999999999897218
"TMEM173",4.22845558614015e-10,-0.866542799067719,1.8581925726604e-06,0.998912359710245,0.999999999897218
"CYLD",4.19590875575628e-10,-0.868231899523648,1.82969728700112e-06,0.998920731377307,0.999999999897218
"HNRNPF",4.16052076102571e-10,-0.870081431675894,1.79896436303025e-06,0.998929833846297,0.999999999897218
"TAOK3",4.15234215981717e-10,-0.870510827373688,1.79189863650015e-06,0.998931937538952,0.999999999897218
"TCP1",4.13242713383857e-10,-0.871559497708566,1.77475162379718e-06,0.998937060064559,0.999999999897218
"TTC14",4.09043700690359e-10,-0.873785066965707,1.73886790244745e-06,0.998947860728519,0.999999999897218
"GRAP2",4.06012661343113e-10,-0.87540396844858,1.71319314265641e-06,0.998955657141707,0.999999999897218
"ANKRD10",4.04392437642937e-10,-0.876273658918508,1.69954717559235e-06,0.998959824667134,0.999999999897218
"MRPS7",4.04344697293418e-10,-0.876299330533835,1.69914592087371e-06,0.998959947464449,0.999999999897218
"RNF7",4.01547397096149e-10,-0.87780815745083,1.67571749312476e-06,0.998967142655957,0.999999999897218
"HBS1L",4.01447031150532e-10,-0.877862463236852,1.67487991353512e-06,0.998967400816381,0.999999999897218
"XIST",3.98068897468954e-10,-0.879697220930726,1.64681064305338e-06,0.998976090022896,0.999999999897218
"KMT2A",3.94218342454869e-10,-0.881805155196292,1.61510524811135e-06,0.998985994387664,0.999999999897218
"KTN1",3.91167228415159e-10,-0.883488202992355,1.59020128114171e-06,0.998993842437287,0.999999999897218
"JMJD1C",3.89696758635847e-10,-0.884303421391599,1.578268033026e-06,0.998997624767201,0.999999999897218
"UBXN11",3.86789547962598e-10,-0.885923065049185,1.55480752140228e-06,0.999005102669942,0.999999999897218
"EPC1",3.86670728977869e-10,-0.885989485569573,1.55385241660893e-06,0.999005408295133,0.999999999897218
"RNASEK",3.84512419518135e-10,-0.887199094331854,1.5365543160106e-06,0.999010959880556,0.999999999897218
"LRBA",3.76268317721238e-10,-0.891874485712562,1.47137196407385e-06,0.999032165290236,0.999999999897218
"AMD1",3.75855312578445e-10,-0.89211104488232,1.46814367908726e-06,0.999033227618628,0.999999999897218
"GAPDH",3.75575397670555e-10,-0.892271501835233,1.46595771943047e-06,0.999033947613426,0.999999999897218
"ENG",3.74014757873553e-10,-0.893168026313654,1.45379995498052e-06,0.999037961878145,0.999999999897218
"CPVL",3.72572227904271e-10,-0.893999600176905,1.44260731761753e-06,0.999041672341769,0.999999999897218
"SMNDC1",3.66810817234652e-10,-0.897349057796499,1.39833568954624e-06,0.999056491794717,0.999999999897218
"TPR",3.66084319719723e-10,-0.89777465847319,1.39280214836601e-06,0.999058360485649,0.999999999897218
"ATAD2",3.65989116065874e-10,-0.897830485625194,1.39207782009215e-06,0.999058605367705,0.999999999897218
"LEPR",3.65895159340246e-10,-0.897885593968695,1.3913631634032e-06,0.999058847042422,0.999999999897218
"PABPN1",3.63504368458048e-10,-0.899292020601089,1.37323999016234e-06,0.999064996615104,0.999999999897218
"BRWD1",3.62577654962871e-10,-0.899839341545563,1.36624707362007e-06,0.999067380299964,0.999999999897218
"RAP1GDS1",3.61760529390656e-10,-0.900322949849345,1.36009590892181e-06,0.999069482103674,0.999999999897218
"COPS6",3.61452618194839e-10,-0.900505430793735,1.35778161259346e-06,0.999070274110333,0.999999999897218
"TAF9",3.5879900272264e-10,-0.902083702513275,1.33791840377613e-06,0.999077099718386,0.999999999897218
"PSMB6",3.57395579354683e-10,-0.902922515831833,1.32747247866258e-06,0.999080709592542,0.999999999897218
"USP34",3.56304956496038e-10,-0.903576351928114,1.3193830510713e-06,0.999083514883789,0.999999999897218
"CAND1",3.5542997481533e-10,-0.904102169432788,1.31291096305552e-06,0.999085765504561,0.999999999897218
"TBC1D10C",3.52548536252438e-10,-0.905841757241047,1.29170995000837e-06,0.999093177117476,0.999999999897218
"IGKV3-20",3.51931879602979e-10,-0.906215652339561,1.28719513961042e-06,0.999094763276721,0.999999999897218
"CHCHD2",3.49013306348597e-10,-0.907993028915613,1.26593423059746e-06,0.999102270407285,0.999999999897218
"ZNF292",3.47353578461163e-10,-0.909009558392062,1.25392259426636e-06,0.999106539545995,0.999999999897218
"EIF1B",3.43975418782855e-10,-0.911091691041788,1.22965134555877e-06,0.9991152288212,0.999999999897218
"TLE4",3.42513005647181e-10,-0.911998572407946,1.21921783473081e-06,0.99911899042856,0.999999999897218
"NPEPPS",3.42107343030131e-10,-0.912250731313897,1.2163315314392e-06,0.999120033870699,0.999999999897218
"PHTF2",3.38768211685052e-10,-0.914336267354703,1.19270345224962e-06,0.999128622757699,0.999999999897218
"INPP4B",3.3827589601699e-10,-0.914645266262432,1.18923937320364e-06,0.99912988908814,0.999999999897218
"TSPYL2",3.37714905434382e-10,-0.914997845765954,1.18529821806815e-06,0.999131332063652,0.999999999897218
"TBRG1",3.3685302241824e-10,-0.915540528420453,1.17925593336175e-06,0.999133548992293,0.999999999897218
"ATF7IP2",3.34841659067105e-10,-0.916811692349861,1.16521520571089e-06,0.999138722605138,0.999999999897218
"ARHGEF1",3.3482437950073e-10,-0.916822641628396,1.16509494651719e-06,0.999138767051502,0.999999999897218
"CCDC90B",3.33432748663011e-10,-0.917706073099375,1.15543010321585e-06,0.999142346593316,0.999999999897218
"MLLT3",3.29949801321759e-10,-0.919931248581891,1.13141756190613e-06,0.999151305402947,0.999999999897218
"PLEKHO1",3.2753454517284e-10,-0.921486328801701,1.11491407217925e-06,0.999157517905792,0.999999999897218
"PLSCR1",3.24611678857852e-10,-0.923381633528567,1.09510422572017e-06,0.999165036079578,0.999999999897218
"ZC3H13",3.24513310287907e-10,-0.923445677509129,1.09444061734367e-06,0.999165289102442,0.999999999897218
"UGP2",3.14179786073255e-10,-0.930269405977105,1.02584950330678e-06,0.999191868912886,0.999999999897218
"NFAT5",3.11935948007199e-10,-0.931776877333371,1.01124881592694e-06,0.999197640495791,0.999999999897218
"EID1",3.11810660987615e-10,-0.931861326292145,1.01043665620225e-06,0.999197962758094,0.999999999897218
"WHSC1L1",3.11082297308574e-10,-0.932352860826852,1.00572157826878e-06,0.999199836249521,0.999999999897218
"APPL1",3.10747842931683e-10,-0.932578902052577,1.00356017489233e-06,0.999200696530486,0.999999999897218
"YPEL5",3.09329918292434e-10,-0.933539564079539,9.94422694071714e-07,0.999204343705303,0.999999999897218
"FOXN3",3.09063540034583e-10,-0.933720466011859,9.92710745026077e-07,0.999205028881404,0.999999999897218
"MKKS",3.05381126705954e-10,-0.936235253228119,9.69195880229114e-07,0.999214500756641,0.999999999897218
"UTRN",3.01119998690063e-10,-0.93917839142762,9.4233728055913e-07,0.999225461197483,0.999999999897218
"RASA2",3.00018188316542e-10,-0.939945298703973,9.35453795924259e-07,0.99922829526571,0.999999999897218
"VHL",2.99220976656201e-10,-0.940501721312886,9.30489004528098e-07,0.99923034584746,0.999999999897218
"MFNG",2.9624313826387e-10,-0.942591606501632,9.12060763141924e-07,0.999238005420694,0.999999999897218
"YEATS4",2.95434184916165e-10,-0.943162496162194,9.07086421902864e-07,0.999240086204346,0.999999999897218
"YWHAE",2.93901137723723e-10,-0.944248129350475,8.97696863463681e-07,0.999244029496697,0.999999999897218
"C1D",2.93517076411343e-10,-0.944520875308652,8.95352229005054e-07,0.999245017376292,0.999999999897218
"RBBP6",2.89239301415612e-10,-0.947579963994806,8.69444332942357e-07,0.999256020636771,0.999999999897218
"MGEA5",2.88596367904768e-10,-0.948043130829511,8.65583352668754e-07,0.999257674385496,0.999999999897218
"POLR2J3",2.85753369921976e-10,-0.950102037355533,8.48613418720767e-07,0.999264987123491,0.999999999897218
"C6orf62",2.77713626867692e-10,-0.956022425271901,8.01533269991063e-07,0.999285666890342,0.999999999897218
"DNAJC7",2.77163136194007e-10,-0.956433232266687,7.9835878208548e-07,0.999287082858346,0.999999999897218
"KIF22",2.7701293155296e-10,-0.956545446634777,7.97493698061521e-07,0.999287469213604,0.999999999897218
"DNAJA2",2.75532878941532e-10,-0.957653998670824,7.88994604364044e-07,0.999291276193903,0.999999999897218
"BRD4",2.74234957444105e-10,-0.958630406559926,7.81578856980598e-07,0.999294614697921,0.999999999897218
"FAM107B",2.72804387978555e-10,-0.95971127176916,7.73445783649198e-07,0.99929829439807,0.999999999897218
"FCN1",2.69617238212167e-10,-0.962137160085568,7.55479152937066e-07,0.99930649236107,0.999999999897218
"KLF3",2.69402919618153e-10,-0.962301181522331,7.54278570373657e-07,0.999307043629771,0.999999999897218
"GTF2F1",2.675972097049e-10,-0.963687645145585,7.44201146043015e-07,0.999311688263458,0.999999999897218
"IRAK3",2.67021636817279e-10,-0.964131293207775,7.41003195330258e-07,0.999313168747788,0.999999999897218
"SF3A2",2.65066950420129e-10,-0.965644188998641,7.3019412835732e-07,0.999318196577719,0.999999999897218
"ADIPOR1",2.59398880104668e-10,-0.97008672103972,6.99299740023229e-07,0.999332775946524,0.999999999897218
"DDX24",2.59224187261385e-10,-0.970224978620298,6.98358166763829e-07,0.999333225290175,0.999999999897218
"LGALS12",2.59077711536351e-10,-0.970340966741167,6.97569169259543e-07,0.999333602053961,0.999999999897218
"LSM14A",2.54383608154442e-10,-0.974088583006623,6.7252033287113e-07,0.999345676192358,0.999999999897218
"MCTS1",2.54228063609481e-10,-0.974213791131433,6.71698150273518e-07,0.999346076282902,0.999999999897218
"SMPD1",2.50061227003982e-10,-0.977593011110889,6.49860123741357e-07,0.999356794189681,0.999999999897218
"MYEOV2",2.49507056448784e-10,-0.9780461161238,6.46982954041571e-07,0.999358219623157,0.999999999897218
"SMIM5",2.48831577430141e-10,-0.97859959159411,6.43484601326734e-07,0.999359957085384,0.999999999897218
"BLOC1S6",2.47382262763066e-10,-0.979791558487669,6.36010504259915e-07,0.999363685002058,0.999999999897218
"ST3GAL1",2.46572046555475e-10,-0.980460558166538,6.31851255666512e-07,0.999365769034316,0.999999999897218
"ARID2",2.44598724208426e-10,-0.982097975905418,6.21778281464755e-07,0.999370844799776,0.999999999897218
"DPM3",2.41891258002932e-10,-0.984363369662593,6.08089521143957e-07,0.999377808924797,0.999999999897218
"FKBP8",2.41819698259288e-10,-0.984423543818019,6.07729786823428e-07,0.999377992990254,0.999999999897218
"ARHGAP15",2.41098061792245e-10,-0.985031230832904,6.04108033874487e-07,0.999379849178371,0.999999999897218
"SRSF11",2.40813711559295e-10,-0.985271115583633,6.02683908259079e-07,0.999380580581991,0.999999999897218
"ANKLE2",2.40011015107417e-10,-0.98594962175477,5.98672791445429e-07,0.999382645272023,0.999999999897218
"TST",2.39570289751854e-10,-0.986322999542011,5.96476158691713e-07,0.999383778902609,0.999999999897218
"STARD7",2.37943746808671e-10,-0.987706181152937,5.88404201514662e-07,0.999387962684668,0.999999999897218
"TMC8",2.35219794974716e-10,-0.990041107849022,5.75009351005161e-07,0.99939496921402,0.999999999897218
"C19orf24",2.33857850969254e-10,-0.991217376619472,5.68369915406226e-07,0.999398472396631,0.999999999897218
"LINC00657",2.33833449406115e-10,-0.991238505775007,5.68251310101821e-07,0.999398535162157,0.999999999897218
"NSD1",2.33283190499067e-10,-0.991715481422822,5.65580028993994e-07,0.999399950534178,0.999999999897218
"CDC40",2.28068223250274e-10,-0.996285176471349,5.40575964276884e-07,0.99941336443569,0.999999999897218
"LAMP2",2.25888525389808e-10,-0.998222150548954,5.3029253541826e-07,0.999418971039008,0.999999999897218
"TBPL1",2.25287516361592e-10,-0.998759092334757,5.27474449700513e-07,0.999420516950157,0.999999999897218
"SRPRA",2.24655290870009e-10,-0.999325269385306,5.24518095336837e-07,0.999422143156073,0.999999999897218
"LMBRD1",2.24611632405585e-10,-0.999364417999602,5.24314250331362e-07,0.999422255454064,0.999999999897218
"TPTEP1",2.22022998465145e-10,-1.00169756705698,5.12298519019359e-07,0.999428913919913,0.999999999897218
"CCDC59",2.21825761120568e-10,-1.00187630667672,5.11388707710688e-07,0.999429421252413,0.999999999897218
"RP11-160E2.6",2.21164542341607e-10,-1.00247652393573,5.0834455403639e-07,0.99943112203467,0.999999999897218
"HPCAL1",2.18664758465354e-10,-1.00475988532263,4.96918039043931e-07,0.999437551961065,0.999999999897218
"BAG1",2.17560189301999e-10,-1.00577606539638,4.91910428015336e-07,0.999440393126061,0.999999999897218
"HNRNPH1",2.16060741710398e-10,-1.0071627305217,4.85153198011688e-07,0.999444249994572,0.999999999897218
"TCF12",2.15864215687922e-10,-1.00734509466393,4.84271021405641e-07,0.99944475549742,0.999999999897218
"POP5",2.1405854320837e-10,-1.00902744211085,4.76203194196658e-07,0.999449400035445,0.999999999897218
"FAM65B",2.13189642522453e-10,-1.00984140160582,4.72345058126114e-07,0.999451635015671,0.999999999897218
"FAM110A",2.10508040227456e-10,-1.01237177015052,4.60537023156485e-07,0.999458532614241,0.999999999897218
"PADI4",2.09027687660452e-10,-1.01378067146399,4.54082542764177e-07,0.999462340366723,0.999999999897218
"CCDC25",2.08175846793333e-10,-1.01459533605513,4.50389080861064e-07,0.999464531465828,0.999999999897218
"NRROS",2.04093958816766e-10,-1.01853978774435,4.32899887334109e-07,0.999475030869513,0.999999999897218
"BRAF",2.0363743326738e-10,-1.01898519885562,4.30965397681959e-07,0.999476205141341,0.999999999897218
"HNRNPAB",2.03216226062957e-10,-1.0193969225491,4.29184408872936e-07,0.999477288567571,0.999999999897218
"CALR",2.03189995812964e-10,-1.01942258676885,4.2907362157987e-07,0.999477356036837,0.999999999897218
"ZNF22",1.93541337832082e-10,-1.02906452590362,3.89291257512986e-07,0.99950217424777,0.999999999897218
"EHD1",1.93222809603093e-10,-1.02938990387226,3.88010929319855e-07,0.999502993563873,0.999999999897218
"HNRNPD",1.93202288349283e-10,-1.02941088241647,3.87928516193266e-07,0.9995030463485,0.999999999897218
"ZNF207",1.89678043478339e-10,-1.03304274124699,3.7390501979712e-07,0.999512111386767,0.999999999897218
"PRDX3",1.88754606261842e-10,-1.03400407701525,3.70273209585478e-07,0.999514486645594,0.999999999897218
"CBR1",1.85060391610842e-10,-1.03789129316881,3.55921421226782e-07,0.999523988879038,0.999999999897218
"KDM5C",1.82040266639929e-10,-1.0411196771244,3.44399172376193e-07,0.999531757223706,0.999999999897218
"H3F3B",1.75272171388824e-10,-1.04852716066027,3.1926632062074e-07,0.999549166071898,0.999999999897218
"HLA-DQA1",1.74184511328968e-10,-1.04974070238395,3.15316169559238e-07,0.999551963743666,0.999999999897218
"HNRNPK",1.73628177897809e-10,-1.0503639739022,3.13305189547916e-07,0.999553394740715,0.999999999897218
"DNAJC19",1.72682421115592e-10,-1.05142752217181,3.09901323812156e-07,0.999555827409849,0.999999999897218
"VDAC2",1.71974543203242e-10,-1.05222688498583,3.07365771394799e-07,0.999557648208582,0.999999999897218
"MAT2B",1.70043984430547e-10,-1.05442158409704,3.00503627292839e-07,0.999562613978687,0.999999999897218
"KDM6A",1.69636292994041e-10,-1.0548878262897,2.99064400968267e-07,0.999563662639821,0.999999999897218
"KMT2E",1.68785802933596e-10,-1.05586360581237,2.96073134335607e-07,0.99956585026456,0.999999999897218
"ALG13",1.68486954483953e-10,-1.0562074945878,2.95025621282e-07,0.999566618960506,0.999999999897218
"LGALS1",1.66640766124814e-10,-1.05834376789488,2.88595583361531e-07,0.999571367713638,0.999999999897218
"CREB1",1.65119007415323e-10,-1.06012017008641,2.83348756960649e-07,0.999575281971045,0.999999999897218
"HPS1",1.65117485583704e-10,-1.06012195368946,2.83343533974911e-07,0.99957528588549,0.999999999897218
"ETNK1",1.64780831038303e-10,-1.06051686836166,2.82189305576953e-07,0.999576151826024,0.999999999897218
"PGK1",1.64341307279165e-10,-1.06103351202906,2.8068593299413e-07,0.999577282366052,0.999999999897218
"ERAP2",1.59775287372905e-10,-1.06647301748466,2.65305582195562e-07,0.999589027051488,0.999999999897218
"ASCC3",1.58816475215396e-10,-1.06763240314936,2.62130936610899e-07,0.999591493301628,0.999999999897218
"NARF",1.58521607965668e-10,-1.06799017773613,2.61158467296326e-07,0.999592251757173,0.999999999897218
"TRMT1",1.58504262242176e-10,-1.06801124204086,2.61101317551507e-07,0.999592296373725,0.999999999897218
"ESD",1.5782881866498e-10,-1.06883305082512,2.58880765996716e-07,0.999594033745125,0.999999999897218
"WAC",1.57796874543363e-10,-1.06887199278985,2.58775983082429e-07,0.999594115911579,0.999999999897218
"PACSIN2",1.57497116768642e-10,-1.06923775151939,2.57793752790581e-07,0.999594886946499,0.999999999897218
"RAB11B",1.57451689605531e-10,-1.06929323370713,2.57645062449977e-07,0.999595003793941,0.999999999897218
"ERCC1",1.54555344457857e-10,-1.07285974533482,2.48253413032751e-07,0.999602453753362,0.999999999897218
"YTHDC1",1.52911115164112e-10,-1.07491037426129,2.4299944650417e-07,0.999606683028858,0.999999999897218
"TTC19",1.52900399532099e-10,-1.07492380123138,2.42965390099463e-07,0.999606710591534,0.999999999897218
"PPIG",1.52540860503729e-10,-1.07537478831088,2.41824087211269e-07,0.999607635395399,0.999999999897218
"EIF2AK2",1.51699903910905e-10,-1.07643326211198,2.39165088318771e-07,0.999609798498279,0.999999999897218
"CHD9",1.49873765729823e-10,-1.0787494295686,2.33441686585259e-07,0.999614495678609,0.999999999897218
"KLHDC2",1.45529725291966e-10,-1.08435940343559,2.20105346676749e-07,0.999625669390221,0.999999999897218
"HNRNPUL1",1.45470121524519e-10,-1.0844373845209,2.19925089051549e-07,0.999625822702631,0.999999999897218
"ZNRD1",1.44574672382609e-10,-1.0856122807403,2.17225900815595e-07,0.999628125970904,0.999999999897218
"PTPRE",1.441429482692e-10,-1.08618099828009,2.15930492234711e-07,0.999629236448772,0.999999999897218
"RERE",1.43877434363131e-10,-1.08653150055937,2.15135729184181e-07,0.99962991940186,0.999999999897218
"DNMT1",1.4313173389526e-10,-1.08751891021598,2.12911459928872e-07,0.999631837487603,0.999999999897218
"SETD2",1.41902970962944e-10,-1.08915576572462,2.09271530058115e-07,0.999634998103381,0.999999999897218
"C19orf70",1.39177651634046e-10,-1.0928306686902,2.01310386113176e-07,0.999642008151514,0.999999999897218
"CDC42SE2",1.38807625489766e-10,-1.09333443988541,2.00241377071174e-07,0.999642959930287,0.999999999897218
"GPI",1.38054587691697e-10,-1.09436327951738,1.98074632908479e-07,0.999644896889075,0.999999999897218
"NUB1",1.36414337350303e-10,-1.0966212810311,1.93395875891712e-07,0.999649115930042,0.999999999897218
"BCL2",1.36181716447446e-10,-1.09694342156166,1.92736860626227e-07,0.999649714275975,0.999999999897218
"TNFAIP3",1.34564839804493e-10,-1.09919584226505,1.88187325715585e-07,0.999653873195282,0.999999999897218
"CYTH1",1.34292858958891e-10,-1.0995770411949,1.87427370552432e-07,0.999654572782598,0.999999999897218
"SMG1",1.34096468388938e-10,-1.09985271317279,1.86879581882204e-07,0.999655077937112,0.999999999897218
"PNKD",1.34013307633896e-10,-1.09996955115818,1.86647864695621e-07,0.999655291842651,0.999999999897218
"AGTRAP",1.33790778878185e-10,-1.10028250682704,1.86028522723696e-07,0.999655864229632,0.999999999897218
"DDB1",1.32593687905052e-10,-1.1019738590499,1.82714440905238e-07,0.999658943379051,0.999999999897218
"ABTB1",1.31715806045642e-10,-1.10322266826013,1.8030300339996e-07,0.99966120146092,0.999999999897218
"SFSWAP",1.31629408390892e-10,-1.10334596212275,1.80066545102822e-07,0.999661423692392,0.999999999897218
"FAM49B",1.29161404746623e-10,-1.10689800431706,1.73377482533969e-07,0.999667771874933,0.999999999897218
"LSM3",1.29134750604508e-10,-1.10693668709222,1.7330593250333e-07,0.99966784043454,0.999999999897218
"TFPI",1.29059284192999e-10,-1.10704624809844,1.73103431547757e-07,0.999668034548741,0.999999999897218
"PNMA1",1.28650822595129e-10,-1.10764021543075,1.72009450354517e-07,0.999669085190946,0.999999999897218
"TRIP12",1.28343433834673e-10,-1.10808828971134,1.7118845901803e-07,0.999669875854271,0.999999999897218
"OS9",1.26226005210197e-10,-1.11120043723641,1.65586470445338e-07,0.999675322290104,0.999999999897218
"BLVRB",1.25442322774006e-10,-1.11236379812316,1.6353674425415e-07,0.99967733807286,0.999999999897218
"ITM2A",1.24604285754745e-10,-1.11361486340369,1.61358977592474e-07,0.999679493666117,0.999999999897218
"ATP2B1",1.24465472463242e-10,-1.11382279729764,1.60999659384881e-07,0.999679850720744,0.999999999897218
"FLT4",1.23649690457616e-10,-1.11504888141952,1.58896100854237e-07,0.999681949069805,0.999999999897218
"BTN3A2",1.23469494815867e-10,-1.11532065594429,1.58433317297528e-07,0.999682412567839,0.999999999897218
"PCMTD1",1.22415685832255e-10,-1.11691697482453,1.55740409867172e-07,0.999685123168317,0.999999999897218
"MNDA",1.22297965782567e-10,-1.11709603965753,1.55441020889307e-07,0.999685425967048,0.999999999897218
"ETFA",1.22136903480894e-10,-1.11734127576225,1.55031869308421e-07,0.999685840250432,0.999999999897218
"PIK3CD",1.20871400131806e-10,-1.1192780018277,1.51835833873361e-07,0.999689095369759,0.999999999897218
"HSPB11",1.2054341134441e-10,-1.11978283317477,1.51012928151326e-07,0.999689939020345,0.999999999897218
"DENR",1.20250320731441e-10,-1.12023496214579,1.50279471822532e-07,0.999690692906077,0.999999999897218
"MINK1",1.18550283363972e-10,-1.12287654785046,1.46060359749753e-07,0.999695065730938,0.999999999897218
"MRPS33",1.1826442673202e-10,-1.1233239556098,1.45356827319895e-07,0.999695801009474,0.999999999897218
"PSMC3",1.18138653990226e-10,-1.12352110655087,1.45047821375928e-07,0.999696124521289,0.999999999897218
"NDUFA3",1.17629111457797e-10,-1.12432169607791,1.43799311328275e-07,0.999697435163219,0.999999999897218
"OXLD1",1.17245934772386e-10,-1.12492573017693,1.42863985067265e-07,0.999698420767754,0.999999999897218
"APP",1.16887086260411e-10,-1.12549297282577,1.41990810672572e-07,0.999699343795523,0.999999999897218
"DGUOK",1.16682520058832e-10,-1.12581701504766,1.41494244211614e-07,0.999699869979354,0.999999999897218
"MARCH6",1.16514395526857e-10,-1.1260837021776,1.4108678788696e-07,0.999700302428164,0.999999999897218
"HIST1H3B",1.12964671466379e-10,-1.13179408375838,1.32621049511029e-07,0.999709433004939,0.999999999897218
"SF3B6",1.12576206687875e-10,-1.13242844095928,1.31710498903694e-07,0.999710432211479,0.999999999897218
"RPAP2",1.11711854452748e-10,-1.13384677555368,1.29695735334944e-07,0.999712655492594,0.999999999897218
"ATP5H",1.09508685460973e-10,-1.13750565511931,1.24630490624659e-07,0.999718322469346,0.999999999897218
"PSMB5",1.09069424270406e-10,-1.13824279786747,1.23632660357121e-07,0.999719452334085,0.999999999897218
"TUBGCP2",1.08509278519719e-10,-1.13918655750711,1.22366045429452e-07,0.999720893137294,0.999999999897218
"CTB-133G6.1",1.08388577305009e-10,-1.1393904753615,1.22093967024606e-07,0.999721203604164,0.999999999897218
"C12orf57",1.08227991856478e-10,-1.13966208180928,1.2173245309544e-07,0.999721616660997,0.999999999897218
"SNX2",1.07917844704347e-10,-1.14018764351534,1.21035759456328e-07,0.999722414419458,0.999999999897218
"SF3B1",1.06270218657313e-10,-1.14300186760577,1.17368166868916e-07,0.999726652432328,0.999999999897218
"SLTM",1.05825814854747e-10,-1.14376742781622,1.16388592334905e-07,0.999727795524864,0.999999999897218
"CMPK1",1.05726513696668e-10,-1.14393887291934,1.1617026943234e-07,0.99972805094665,0.999999999897218
"EIF2AK3",1.04870248235e-10,-1.14542306936738,1.14296193043022e-07,0.999730253427037,0.999999999897218
"CARD16",1.04614566635631e-10,-1.14586829547084,1.13739546912028e-07,0.999730911089565,0.999999999897218
"HADHA",1.0445228118011e-10,-1.14615137935338,1.13386939089055e-07,0.999731328519146,0.999999999897218
"ATXN2L",1.04389354022195e-10,-1.14626124977113,1.13250360577428e-07,0.999731490379968,0.999999999897218
"MRPL20",1.03785607302034e-10,-1.14731832602534,1.11944158258821e-07,0.999733043333312,0.999999999897218
"WAS",1.01469188865364e-10,-1.15142432993022,1.07002900604309e-07,0.999739001609592,0.999999999897218
"CD3G",1.01405265214907e-10,-1.15153879043221,1.06868123504919e-07,0.999739166033586,0.999999999897218
"ADPGK",9.96115450751872e-11,-1.15477646537578,1.03120859986839e-07,0.999743779828752,0.999999999897218
"C8orf59",9.93365071606067e-11,-1.15527738728658,1.02552191147698e-07,0.99974448727947,0.999999999897218
"DAP3",9.86278107571693e-11,-1.15657370545464,1.01094134759943e-07,0.999746310183709,0.999999999897218
"CA1",9.69096704408395e-11,-1.15975041418125,9.76026044340775e-08,0.999750729572962,0.999999999897218
"SRSF10",9.58750935283261e-11,-1.16168697841896,9.55297793107658e-08,0.999753390704915,0.999999999897218
"EWSR1",9.46506089013324e-11,-1.16400264974036,9.31052129141751e-08,0.999756540316249,0.999999999897218
"GZMM",9.23868138725675e-11,-1.16835329653356,8.87048065437919e-08,0.999762363234999,0.999999999897218
"THUMPD3-AS1",9.16033712740917e-11,-1.16988056124464,8.72067472212554e-08,0.999764378400924,0.999999999897218
"CCNL1",9.08314917728344e-11,-1.17139643722174,8.57432748907157e-08,0.999766363824327,0.999999999897218
"SERPINB6",9.05685153313473e-11,-1.17191545016837,8.52475036646175e-08,0.99976704025061,0.999999999897218
"PCM1",8.9977202423209e-11,-1.17308727595013,8.41379923768636e-08,0.999768561221805,0.999999999897218
"SERP1",8.94056858575475e-11,-1.17422625426557,8.30725327230822e-08,0.999770031272979,0.999999999897218
"CNOT4",8.89679978152134e-11,-1.17510281539972,8.22611558284603e-08,0.9997711570913,0.999999999897218
"PPP1CB",8.891124472148e-11,-1.17521674983638,8.21562397653987e-08,0.999771303071237,0.999999999897218
"S100A10",8.60808175631108e-11,-1.18098083436601,7.70087261352071e-08,0.999778583477482,0.999999999897218
"GMFG",8.59506876504486e-11,-1.18124978390768,7.67760711832159e-08,0.999778918196793,0.999999999897218
"PSMB2",8.51894895433542e-11,-1.18283014405175,7.54222015410456e-08,0.999780876145595,0.999999999897218
"CTSS",8.23820631980802e-11,-1.18876702354884,7.05330236613228e-08,0.999788097389322,0.999999999897218
"GTF3C6",8.10795446211469e-11,-1.19158144641481,6.83203016013145e-08,0.999791447719113,0.999999999897218
"BBX",7.5749269143177e-11,-1.20352497220251,5.96326442139981e-08,0.999805158218981,0.999999999897218
"TSC22D3",7.56617286938405e-11,-1.20372715173678,5.94948936561588e-08,0.999805383389955,0.999999999897218
"MRPL54",7.5218762854553e-11,-1.20475333659255,5.88003005014065e-08,0.999806522783805,0.999999999897218
"ACYP2",7.44141665976878e-11,-1.20663080413124,5.75490842992316e-08,0.999808592361062,0.999999999897218
"MRPS16",7.39156381222077e-11,-1.2078029637233,5.67805812977485e-08,0.999809874672764,0.999999999897218
"HBG2",7.1103721949952e-11,-1.21454620865112,5.25426342389936e-08,0.999817107465262,0.999999999897218
"MORF4L1",7.10879571273242e-11,-1.21458466343179,5.25193377515514e-08,0.999817148015436,0.999999999897218
"SSH2",7.09912550148521e-11,-1.21482070918356,5.23765491057418e-08,0.999817396751981,0.999999999897218
"KHDRBS1",6.86580312891548e-11,-1.2206025527033,4.89902736896716e-08,0.999823398254892,0.999999999897218
"PNRC2",6.81497315399706e-11,-1.22188477930237,4.82675740973968e-08,0.999824705700206,0.999999999897218
"COPS2",6.79223073164165e-11,-1.22246117059913,4.79459616965852e-08,0.999825290679317,0.999999999897218
"STT3B",6.63813759596536e-11,-1.22641138675396,4.579516981073e-08,0.999829254252951,0.999999999897218
"TAF11",6.45311040187711e-11,-1.23126139733633,4.32778187426038e-08,0.999834013510432,0.999999999897218
"ZNF770",6.14983244915011e-11,-1.23947915613645,3.93055375882831e-08,0.999841814406268,0.999999999897218
"BTG2",6.12761617675533e-11,-1.24009490128317,3.90220679885801e-08,0.999842385851787,0.999999999897218
"CUTA",6.11935403124426e-11,-1.2403243899836,3.89169084494769e-08,0.999842598370158,0.999999999897218
"STAG2",5.94210647598461e-11,-1.24531369729958,3.66950963570011e-08,0.99984715752029,0.999999999897218
"HBG1",5.86648676369266e-11,-1.24748179443636,3.57670699013973e-08,0.999849102605631,0.999999999897218
"S100A9",5.78783818847838e-11,-1.2497626772347,3.48144817928279e-08,0.999851125599189,0.999999999897218
"MOB1A",5.73478338875062e-11,-1.25131659291379,3.41791462501164e-08,0.999852490271312,0.999999999897218
"AAK1",5.72105477193612e-11,-1.25172072483076,3.40156977926742e-08,0.999852843397905,0.999999999897218
"MAP4",5.72028867137598e-11,-1.251743301521,3.40065883884211e-08,0.999852863103494,0.999999999897218
"H1FX",5.6879168301547e-11,-1.2526996994059,3.36227822551561e-08,0.999853695769898,0.999999999897218
"UBXN1",5.6312992996913e-11,-1.25438385626482,3.29567512482698e-08,0.999855152082351,0.999999999897218
"CD14",5.49455665317134e-11,-1.25851299621879,3.13756321409674e-08,0.999858669367855,0.999999999897218
"AIP",5.47031531675529e-11,-1.25925430839231,3.1099391675636e-08,0.999859292901941,0.999999999897218
"JUN",5.44135841710505e-11,-1.26014357957984,3.07710162822121e-08,0.999860037729441,0.999999999897218
"BRD2",5.41485845044102e-11,-1.26096101275951,3.04720301733075e-08,0.999860719359869,0.999999999897218
"SCNM1",5.36308052172632e-11,-1.26256827758943,2.98920574528144e-08,0.999862051188401,0.999999999897218
"ALAS2",5.31153878212308e-11,-1.26418167299772,2.93202647071834e-08,0.999863376941693,0.999999999897218
"GRN",5.30561178729401e-11,-1.26436807600892,2.9254865919463e-08,0.99986352939547,0.999999999897218
"TMEM14C",5.2717159959624e-11,-1.26543758629182,2.88822607176516e-08,0.999864401260823,0.999999999897218
"UPF3A",5.25871266460346e-11,-1.2658494671037,2.87399531966943e-08,0.999864735731671,0.999999999897218
"RBM17",5.22144478132736e-11,-1.26703485576138,2.83340432375473e-08,0.999865694333754,0.999999999897218
"LRPAP1",5.14493795674375e-11,-1.26949157099568,2.75098015242133e-08,0.999867662237348,0.999999999897218
"NCF1",5.05373613325603e-11,-1.27246202554533,2.65431400540321e-08,0.999870008124755,0.999999999897218
"FKBP3",4.99828105939547e-11,-1.27429108050161,2.5963815836124e-08,0.99987143453658,0.999999999897218
"DDOST",4.96492800185064e-11,-1.27539967141855,2.56184637614532e-08,0.99987229244177,0.999999999897218
"PAG1",4.89390661241203e-11,-1.27778203537039,2.48907812813062e-08,0.999874119249359,0.999999999897218
"DNAJA1",4.86592738652703e-11,-1.27872884412959,2.4606985915987e-08,0.999874838929199,0.999999999897218
"LAPTM4A",4.66856627209839e-11,-1.28554535767245,2.26513572426434e-08,0.999879915439033,0.999999999897218
"CCNH",4.66569648430935e-11,-1.28564631042753,2.26235180280613e-08,0.999879989255529,0.999999999897218
"NDUFB5",4.64340456966167e-11,-1.28643233506053,2.24078517270974e-08,0.999880562646717,0.999999999897218
"LYZ",4.54989539172698e-11,-1.28976570424105,2.15144375436763e-08,0.999882967883752,0.999999999897218
"RUNX1",4.49271715281169e-11,-1.29183344446387,2.09770942031202e-08,0.999884438618721,0.999999999897218
"CELF2",4.35918467935046e-11,-1.29675301120903,1.97486635191392e-08,0.999887873332381,0.999999999897218
"SERPINA1",4.26878668685946e-11,-1.30015838429658,1.89380858139761e-08,0.999890198543708,0.999999999897218
"PHF3",4.17053394265447e-11,-1.30393154617759,1.80763396688109e-08,0.999892725794452,0.999999999897218
"CD3D",4.15851989762577e-11,-1.30439820859755,1.79723447553145e-08,0.999893034818943,0.999999999897218
"AHSP",4.15267049414409e-11,-1.30462584203992,1.79218202600458e-08,0.999893185276922,0.999999999897218
"NUCB2",3.95904605254667e-11,-1.31232297935419,1.62895197440861e-08,0.999898165672314,0.999999999897218
"DEF6",3.80259523107557e-11,-1.31878537675403,1.50275219717206e-08,0.999902189890252,0.999999999897218
"LTB",3.79773782391861e-11,-1.31898969472176,1.49891544007127e-08,0.999902314832165,0.999999999897218
"IL32",3.70722619529167e-11,-1.32283910217668,1.42831942825183e-08,0.999904642966439,0.999999999897218
"AHNAK",3.57959905771701e-11,-1.32840832747963,1.33166793750992e-08,0.999907925783442,0.999999999897218
"CHEK2",3.56720715376265e-11,-1.32895822765306,1.32246392462251e-08,0.999908244527196,0.999999999897218
"COPZ1",3.45537511053821e-11,-1.33399747633643,1.24084511277935e-08,0.999911121063802,0.999999999897218
"EGLN1",3.37532708196646e-11,-1.33769237308801,1.18401962595955e-08,0.999913180054032,0.999999999897218
"GNG2",3.26863979248927e-11,-1.34273724262804,1.11035358788136e-08,0.999915924257616,0.999999999897218
"ARIH2",3.23879329793503e-11,-1.34417421021321,1.09016851994093e-08,0.999916691967225,0.999999999897218
"CIRBP",2.94116763612334e-11,-1.35917108676227,8.9901456976613e-09,0.99992434747532,0.999999999897218
"TECR",2.93416431076359e-11,-1.3595396042595,8.94738311910372e-09,0.999924527614404,0.999999999897218
"LBH",2.90566944060553e-11,-1.36104694889632,8.77444356321642e-09,0.999925260557618,0.999999999897218
"SLC25A37",2.89223250740197e-11,-1.36176221266232,8.69347839958828e-09,0.999925606181549,0.999999999897218
"PRELID1",2.83643486055759e-11,-1.36476366067639,8.36128066770856e-09,0.999927041405026,0.999999999897218
"TXNL1",2.81260126205778e-11,-1.36606138859165,8.22135701173959e-09,0.999927654451312,0.999999999897218
"MPLKIP",2.81017768321249e-11,-1.36619388653927,8.20719466131325e-09,0.999927716790451,0.999999999897218
"LYPLA1",2.72395638118362e-11,-1.37097356186169,7.71129772433076e-09,0.999929934569228,0.999999999897218
"S100A11",2.72101505391228e-11,-1.3711389234922,7.69465340158094e-09,0.999930010225858,0.999999999897218
"UBE2N",2.69650373443123e-11,-1.37252303150605,7.55664857045779e-09,0.999930640704439,0.999999999897218
"FBXL5",2.64902819068216e-11,-1.37523530590462,7.29290125470771e-09,0.999931861867318,0.999999999897218
"STAT1",2.61225112023324e-11,-1.37736559724619,7.09180885203348e-09,0.999932807844756,0.999999999897218
"ATAD2B",2.55477841618984e-11,-1.38074750030091,6.78318481479551e-09,0.999934286153948,0.999999999897218
"LSM6",2.54099191602576e-11,-1.38156858152116,6.71017335202441e-09,0.999934640769417,0.999999999897218
"ATP6V1B2",2.53254983120753e-11,-1.38207328094137,6.66566022311357e-09,0.999934857916179,0.999999999897218
"EXOC4",2.52541482765927e-11,-1.38250098055912,6.6281545333322e-09,0.999935041442281,0.999999999897218
"POLR2A",2.50644758521339e-11,-1.38364308265627,6.52896630654061e-09,0.99993552931647,0.999999999897218
"BTG1",2.46523244736603e-11,-1.3861509784635,6.31601166984797e-09,0.999936589449592,0.999999999897218
"PSMA4",2.41335853845494e-11,-1.38935981417514,6.05300270177305e-09,0.999937923746937,0.999999999897218
"NUTM2B-AS1",2.3669240583509e-11,-1.39228347689853,5.82231665203563e-09,0.999939118131644,0.999999999897218
"PHF20",2.35167770783924e-11,-1.39325431985164,5.74755026422798e-09,0.999939510297291,0.999999999897218
"TMEM123",2.34761397680979e-11,-1.3935140103551,5.72770373670335e-09,0.999939614824318,0.999999999897218
"CD7",2.33855842000074e-11,-1.39409411022605,5.6836015021995e-09,0.999939847750768,0.999999999897218
"COX6B1",2.33849191956281e-11,-1.39409837747297,5.68327826322312e-09,0.999939849461288,0.999999999897218
"EIF6",2.30730776034637e-11,-1.39611115277509,5.53271407322243e-09,0.999940651578223,0.999999999897218
"NDUFB10",2.26872433834835e-11,-1.39863452513876,5.34922213913201e-09,0.99994164401852,0.999999999897218
"C1orf162",2.22076791101806e-11,-1.40182345746755,5.12546792637003e-09,0.999942877550657,0.999999999897218
"ARL4C",2.17902033164799e-11,-1.40464867406333,4.93457481916473e-09,0.999943951379206,0.999999999897218
"ISG20",2.17415879600701e-11,-1.40498072661679,4.91258066902376e-09,0.999944076427313,0.999999999897218
"FGL2",2.10930672397104e-11,-1.4094731733441,4.62388098735132e-09,0.999945744548135,0.999999999897218
"CHRAC1",2.01857765318968e-11,-1.41596418357914,4.23465559927803e-09,0.999948078275454,0.999999999897218
"CFD",2.01731250829977e-11,-1.41605647549631,4.22934911628005e-09,0.999948110817429,0.999999999897218
"SRSF9",1.96942323798026e-11,-1.41958755868517,4.03093030511412e-09,0.999949342622158,0.999999999897218
"ATP6V0A2",1.95666697309903e-11,-1.42054072434791,3.97888147454795e-09,0.999949670737982,0.999999999897218
"DRAP1",1.91138000772995e-11,-1.42396887389809,3.79683086659121e-09,0.999950835606391,0.999999999897218
"MYO1F",1.85440528085466e-11,-1.42838357771036,3.57385134483933e-09,0.999952301106649,0.999999999897218
"HADHB",1.84590229379113e-11,-1.42905252352532,3.54115219086678e-09,0.999952519819935,0.999999999897218
"CAMP",1.82854204269005e-11,-1.43042665152019,3.47485809553055e-09,0.999952966359197,0.999999999897218
"TCF7",1.81770364147299e-11,-1.43129031624803,3.43378680729984e-09,0.999953245143855,0.999999999897218
"NDUFS7",1.75156526745754e-11,-1.4366598138311,3.18845155537772e-09,0.999954946350856,0.999999999897218
"CD8B",1.73838364404547e-11,-1.43775100386293,3.14064195179275e-09,0.999955285407725,0.999999999897218
"ERGIC2",1.73062378882981e-11,-1.43839674390484,3.11266592586415e-09,0.999955485006221,0.999999999897218
"HIST1H4H",1.70574454004653e-11,-1.44048420415828,3.02381455274089e-09,0.999956124948657,0.999999999897218
"MZT2B",1.67098284143202e-11,-1.44344564106735,2.90182457204108e-09,0.999957019086833,0.999999999897218
"THRAP3",1.65237726825691e-11,-1.44505278228741,2.83756354983231e-09,0.999957497658188,0.999999999897218
"UBE2G1",1.61663399047742e-11,-1.448184949036,2.71613020271749e-09,0.99995841704448,0.999999999897218
"IK",1.59936217588229e-11,-1.44972011254814,2.65840298012079e-09,0.999958861308983,0.999999999897218
"CDC37",1.52427726999447e-11,-1.45656619044928,2.41465517566477e-09,0.999960792638101,0.999999999897218
"ANXA2",1.51636633876867e-11,-1.45730447369984,2.38965631004521e-09,0.999960996122566,0.999999999897218
"LSM4",1.50539344349611e-11,-1.45833407931339,2.35519685983336e-09,0.999961278366672,0.999999999897218
"FCGRT",1.46388961973825e-11,-1.46228845103174,2.22712111668565e-09,0.999962345925356,0.999999999897218
"ZC3H11A",1.40414131048664e-11,-1.4681559105432,2.04903230991216e-09,0.999963882767523,0.999999999897218
"RWDD1",1.37119752208556e-11,-1.47148461050652,1.95401193811907e-09,0.999964730145528,0.999999999897218
"UQCRFS1",1.36770082271665e-11,-1.47184199536433,1.94405876903469e-09,0.999964820087405,0.999999999897218
"UBL5",1.32220460636519e-11,-1.47656594708271,1.8168727232931e-09,0.999965990338155,0.999999999897218
"UBE2D2",1.25954326829225e-11,-1.48330919879199,1.64874448358045e-09,0.999967602109062,0.999999999897218
"TERT",1.14371964799833e-11,-1.49658115865918,1.35945969763807e-09,0.999970581316772,0.999999999897218
"VCAN",1.14065300406474e-11,-1.4969481829152,1.35217926012595e-09,0.99997066019679,0.999999999897218
"FLT3LG",1.13611834445246e-11,-1.49749247939862,1.3414494686074e-09,0.999970776837013,0.999999999897218
"MGAT4A",1.12632172253711e-11,-1.49867485210848,1.31841487237165e-09,0.999971028825092,0.999999999897218
"PIN4",1.06979649167487e-11,-1.50567707796326,1.18940432083138e-09,0.999972482763444,0.999999999897218
"THYN1",1.04023018732444e-11,-1.50946886215059,1.12456892556155e-09,0.999973243266023,0.999999999897218
"TCEA1",1.02275361873147e-11,-1.51175449222584,1.08709931684209e-09,0.999973692797196,0.999999999897218
"PDCD6",1.00455053925347e-11,-1.51417154764331,1.04874705783705e-09,0.999974161015635,0.999999999897218
"PSMA3-AS1",9.97077907769505e-12,-1.51517482861359,1.03320229132611e-09,0.999974353226182,0.999999999897218
"SREK1",9.8703964608489e-12,-1.51653291806286,1.01250311397431e-09,0.999974611429703,0.999999999897218
"SCAF11",9.72222253803816e-12,-1.51855970369656,9.82331993074906e-10,0.999974992561714,0.999999999897218
"AKNA",9.42161888381793e-12,-1.52275542318442,9.22525199795093e-10,0.9999757657725,0.999999999897218
"DNTTIP2",8.89030640117278e-12,-1.53046475137108,8.21411220953174e-10,0.999977132411051,0.999999999897218
"CRHBP",8.71905714511379e-12,-1.53303506776893,7.90071182405797e-10,0.999977572897286,0.999999999897218
"STK17B",8.62808717602318e-12,-1.53441836601607,7.73670828796103e-10,0.999977806889655,0.999999999897218
"TPGS2",8.48387912790133e-12,-1.53663742607234,7.48025008886666e-10,0.999978177820669,0.999999999897218
"C11orf31",8.27352086586366e-12,-1.53993397323969,7.11390246122734e-10,0.999978718902837,0.999999999897218
"NAP1L4",8.22245009259594e-12,-1.54074529823261,7.02634815921305e-10,0.999978850266752,0.999999999897218
"CD2",8.22048718892671e-12,-1.5407765688733,7.0229938309592e-10,0.99997885531572,0.999999999897218
"SMC5",8.07356393275037e-12,-1.54313582003595,6.77419588385049e-10,0.999979233230775,0.999999999897218
"MDM4",7.99105731217848e-12,-1.54447711140913,6.63644751562497e-10,0.999979445453773,0.999999999897218
"TFRC",7.96213366521295e-12,-1.54495016922076,6.58849318983567e-10,0.999979519850992,0.999999999897218
"PLEKHJ1",7.79401268568004e-12,-1.54772982660714,6.31319770342316e-10,0.999979952290694,0.999999999897218
"PET100",7.56983190541687e-12,-1.55151865172967,5.95524515793825e-10,0.999980528927055,0.999999999897218
"PAPOLA",7.47632760608979e-12,-1.5531278540628,5.80903268751191e-10,0.999980769438213,0.999999999897218
"NSFL1C",7.37939230581998e-12,-1.55481469286957,5.65937368861271e-10,0.999981018774569,0.999999999897218
"COMMD1",7.27480268403841e-12,-1.55665648681002,5.50008764264283e-10,0.999981287799321,0.999999999897218
"CPA3",7.19576631598677e-12,-1.55806363765428,5.38122653949968e-10,0.999981491096159,0.999999999897218
"TMEM59",7.16266668845932e-12,-1.55865693555303,5.33183445831293e-10,0.999981576234808,0.999999999897218
"NKG7",7.1496415062218e-12,-1.5588910609414,5.31246039738979e-10,0.999981609738098,0.999999999897218
"CHMP5",7.07508509800923e-12,-1.56023838378654,5.20224149575037e-10,0.999981801511612,0.999999999897218
"TMEM230",7.02669333108457e-12,-1.56111950523591,5.13132087313854e-10,0.999981925984603,0.999999999897218
"STUB1",6.97002963604802e-12,-1.56215797689322,5.04889597265406e-10,0.999982071734595,0.999999999897218
"CHD4",6.95992882431494e-12,-1.56234386452294,5.03427308070218e-10,0.999982097715838,0.999999999897218
"KDM5B",6.90869197388862e-12,-1.56329041838279,4.96042437768985e-10,0.999982229506935,0.999999999897218
"DDX46",6.87729527884725e-12,-1.56387346530203,4.91544131922069e-10,0.999982310265312,0.999999999897218
"EIF2AK4",6.70758858993784e-12,-1.56706564810477,4.67584393986609e-10,0.999982746783766,0.999999999897218
"FAM136A",6.57924316572124e-12,-1.56952682342234,4.49861730194274e-10,0.999983076913041,0.999999999897218
"SMARCE1",6.4301995791761e-12,-1.57243787777818,4.29710611547989e-10,0.999983460281996,0.999999999897218
"RNF149",6.33624643778344e-12,-1.57430323639391,4.17245146308293e-10,0.999983701947662,0.999999999897218
"DPY30",6.18098209647851e-12,-1.57743928059618,3.97047206209632e-10,0.999984101317602,0.999999999897218
"MECOM",6.17118934443645e-12,-1.57763936436255,3.95790090533423e-10,0.999984126506455,0.999999999897218
"RSBN1",5.86180323922388e-12,-1.5841074506656,3.57099832376356e-10,0.999984922307406,0.999999999897218
"CYBB",5.77911947433817e-12,-1.58588629313974,3.47096727492454e-10,0.999985134986054,0.999999999897218
"CIB1",5.70677599384877e-12,-1.58746092935245,3.38461149083523e-10,0.999985321067489,0.999999999897218
"KDM5A",5.37605263149333e-12,-1.59488840592305,3.00368369337659e-10,0.999986171751995,0.999999999897218
"CYTIP",5.10856871559653e-12,-1.6011922849008,2.7122246089796e-10,0.999986859772403,0.999999999897218
"MAZ",4.97651586283276e-12,-1.60441097388086,2.57381874019503e-10,0.999987199437902,0.999999999897218
"ECHS1",4.96678650008707e-12,-1.60465104741669,2.56376466301139e-10,0.999987224463706,0.999999999897218
"TMEM160",4.83569205305171e-12,-1.60792636756724,2.43021359359378e-10,0.999987561663999,0.999999999897218
"TRPM7",4.80967099432798e-12,-1.60858566043725,2.40412980239776e-10,0.999987628595199,0.999999999897218
"FAM133B",4.69025257205421e-12,-1.61165173210375,2.28622849705599e-10,0.999987935762497,0.999999999897218
"EPRS",4.48715334363568e-12,-1.61702584158079,2.09251700438783e-10,0.999988458173026,0.999999999897218
"HADH",4.23439567836881e-12,-1.62401767110906,1.86341698046398e-10,0.999989108314667,0.999999999897218
"PSMF1",4.23432031636669e-12,-1.62401980933461,1.86335065242313e-10,0.999989108508513,0.999999999897218
"TIA1",4.22400773483041e-12,-1.62431271807741,1.85428541686721e-10,0.999989135034469,0.999999999897218
"ROMO1",4.17459989653562e-12,-1.62572474014486,1.81116029668518e-10,0.999989262120993,0.999999999897218
"CDK2",4.17232592430145e-12,-1.6257900770586,1.80918769733971e-10,0.99998926797009,0.999999999897218
"OCIAD1",3.32719288247688e-12,-1.65253520616318,1.15049074622635e-10,0.999991441815865,0.999999999897218
"XBP1",3.2580719574577e-12,-1.65497611715949,1.10318542886541e-10,0.999991619608263,0.999999999897218
"UBTF",3.13518478890444e-12,-1.65942917419765,1.02153549138187e-10,0.999991935697848,0.999999999897218
"MIER1",2.96619902776654e-12,-1.6658074256003,9.14382171483631e-11,0.999992370361936,0.999999999897218
"FYTTD1",2.94407051871111e-12,-1.66666592007901,9.00790069802328e-11,0.999992427280745,0.999999999897218
"PPHLN1",2.91091237131053e-12,-1.66796288505191,8.80613698511254e-11,0.999992512569918,0.999999999897218
"CCDC53",2.6049818279852e-12,-1.68057702833849,7.05239403356345e-11,0.999993299482494,0.999999999897218
"ZC3HAV1",2.56806717171568e-12,-1.68218515333468,6.85393421308114e-11,0.999993394434136,0.999999999897218
"MGST3",2.47577025649881e-12,-1.68629568084445,6.37012354611611e-11,0.999993631839668,0.999999999897218
"EDF1",2.11356756751127e-12,-1.70383578436715,4.64258052693626e-11,0.999994563495095,0.999999999897218
"EAPP",2.0938970763832e-12,-1.7048613956755,4.5565677732364e-11,0.999994614091406,0.999999999897218
"NDUFB1",1.76121915961467e-12,-1.72361603677513,3.22369522447775e-11,0.999995469803404,0.999999999897218
"PIAS1",1.71903838905713e-12,-1.72621010870296,3.07113087326968e-11,0.999995578300511,0.999999999897218
"NDUFA1",1.61807466716237e-12,-1.73265165600285,2.72097336333349e-11,0.999995837998747,0.999999999897218
"LGALS3",1.37950316848267e-12,-1.74938642299619,1.97775539488198e-11,0.999996451650821,0.999999999897218
"LUC7L",1.34468916421317e-12,-1.7520358662483,1.87919125923892e-11,0.999996541199179,0.999999999897218
"UFM1",1.31108462347548e-12,-1.75465047920875,1.78644076815117e-11,0.999996627636563,0.999999999897218
"NBPF14",1.27600025672937e-12,-1.75744318611572,1.69211040786794e-11,0.999996717880345,0.999999999897218
"GIMAP7",1.24132609273883e-12,-1.7602696586,1.60139674701315e-11,0.999996807069007,0.999999999897218
"DARS",1.18465323797626e-12,-1.76504076717539,1.45851085205472e-11,0.99999695284256,0.999999999897218
"RANBP2",1.07549282026319e-12,-1.77481919536579,1.20210444817331e-11,0.999997233624284,0.999999999897218
"CD3E",1.02370569063048e-12,-1.77976378781013,1.08912420030664e-11,0.999997366830806,0.999999999897218
"SPOCK2",9.49538528673399e-13,-1.78723843676642,9.37027541681059e-12,0.999997557603103,0.999999999897218
"RPAIN",9.45914482223091e-13,-1.78761653237101,9.29888598075158e-12,0.999997566924852,0.999999999897218
"EREG",9.39289381148106e-13,-1.7883109962936,9.16908499139234e-12,0.999997583965894,0.999999999897218
"UTP18",9.28527257686531e-13,-1.78944825175799,8.96017491736031e-12,0.999997611648159,0.999999999897218
"AP3S1",7.96971116663147e-13,-1.80436568056115,6.60103959382391e-12,0.999997950036019,0.999999999897218
"MS4A7",6.35321434922639e-13,-1.82595986948438,4.19482830172054e-12,0.999998365830291,0.999999999897218
"SYNE2",6.00547948539113e-13,-1.83122390652452,3.74819820844784e-12,0.999998455274429,0.999999999897218
"IL7R",5.31726957115602e-13,-1.84247531948611,2.93835679809990e-12,0.99999863229534,0.999999999897218
"GPATCH8",2.73098743600002e-13,-1.90100880936981,7.75115778349841e-13,0.999999297537168,0.999999999897218
"SESN3",2.60036571910093e-13,-1.90511731212718,7.0274220552522e-13,0.999999331135602,0.999999999897218
"SYNRG",2.22048528539259e-13,-1.9181791008867,5.12416342589145e-13,0.999999428848203,0.999999999897218
"PRRC2C",1.44520116615977e-13,-1.95237221499657,2.17061989815673e-13,0.999999628266285,0.999999999897218
"GIMAP4",4.7290013725555e-14,-2.03285836957353,2.3241601651735e-14,0.999999878360931,0.999999999897218
"PDZD8",7.43156164720679e-15,-2.14294459280995,5.73967554013527e-16,0.999999980884585,0.999999999897218
"LCK",5.63378840897972e-15,-2.1572563541429,3.29858923331637e-16,0.999999985508806,0.999999999897218
"HBM",5.46715717264768e-15,-2.15877706639581,3.10634931931697e-16,0.999999985937413,0.999999999897218
"TRA2A",5.04701611558498e-15,-2.16279833501673,2.64725974792616e-16,0.999999987018098,0.999999999897218
"PDGFRB",4.71236999145655e-15,-2.16621534869967,2.30784127690661e-16,0.999999987878872,0.999999999897218
"MMP9",4.71001504262091e-15,-2.16624013316516,2.3055352227816e-16,0.99999998788493,0.999999999897218
"COL1A1",4.69685385517235e-15,-2.16637884579108,2.29266851791887e-16,0.999999987918783,0.999999999897218
"BTF3L4",4.53458720633711e-15,-2.16811743922786,2.13699098462568e-16,0.999999988336164,0.999999999897218
"CDC25A",4.53206632849318e-15,-2.16814487320286,2.13461564346305e-16,0.999999988342648,0.999999999897218
"SKAP1",4.17367966501919e-15,-2.17218722243956,1.81036189533949e-16,0.999999989264488,0.999999999897218
"NOS2",4.00678937040009e-15,-2.17417365157059,1.66847690346532e-16,0.999999989693762,0.999999999897218
"CLEC2D",3.88103685004191e-15,-2.17571855632209,1.56539054338969e-16,0.999999990017222,0.999999999897218
"DUSP2",3.84519983173237e-15,-2.17616679469106,1.53661476701613e-16,0.999999990109402,0.999999999897218
"PGR",3.59147595525135e-15,-2.17944852953443,1.34051938807868e-16,0.999999990762029,0.999999999897218
"GZMK",3.5133795280843e-15,-2.18049926739543,1.28285421663329e-16,0.999999990962908,0.999999999897218
"ATP12A",3.48099296071061e-15,-2.18094097735923,1.25931235242633e-16,0.999999991046212,0.999999999897218
"GNLY",3.44904547206585e-15,-2.18138021531861,1.23630325723638e-16,0.999999991128387,0.999999999897218
"CFTR",3.43535335040773e-15,-2.1815695490748,1.2265069151056e-16,0.999999991163606,0.999999999897218
"RBL2",3.40233910311737e-15,-2.18202878167965,1.20304636796611e-16,0.999999991248525,0.999999999897218
"LINC00861",3.38187176111578e-15,-2.18231543537204,1.18861564937377e-16,0.999999991301171,0.999999999897218
"PON1",3.36437694126549e-15,-2.18256165640749,1.17634976135385e-16,0.999999991346171,0.999999999897218
"CCR5",3.29454568646846e-15,-2.18355568696265,1.12802374596396e-16,0.999999991525791,0.999999999897218
"ESR1",3.25517696055861e-15,-2.18412419831375,1.1012258039523e-16,0.999999991627055,0.999999999897218
"DHRS4",3.24042857634908e-15,-2.18433871592368,1.09126965788798e-16,0.99999999166499,0.999999999897218
"LEF1",3.22811823194583e-15,-2.18451842314634,1.08299397002939e-16,0.999999991696655,0.999999999897218
"PRTN3",3.22599833237426e-15,-2.18454942972923,1.08157203659843e-16,0.999999991702108,0.999999999897218
"IGLV2-14",3.20207547847861e-15,-2.18490057002743,1.06559040865113e-16,0.999999991763642,0.999999999897218
"SAMHD1",3.17650911373916e-15,-2.18527836543637,1.04864232990795e-16,0.999999991829404,0.999999999897218
"MET",3.09896695436605e-15,-2.18644061207559,9.98070142124975e-17,0.999999992028857,0.999999999897218
"AVP",3.08174035396856e-15,-2.18670224443673,9.87004797852017e-17,0.999999992073167,0.999999999897218
"IGKV3-11",2.99840510673063e-15,-2.18798616734467,9.34346129682284e-17,0.999999992287522,0.999999999897218
"PTBP1",2.90138852689677e-15,-2.18952057698277,8.74860788847994e-17,0.999999992537067,0.999999999897218
"KLRD1",2.82407043502797e-15,-2.19077573235821,8.28854351151767e-17,0.999999992735944,0.999999999897218
"CYP1A1",2.73553286497571e-15,-2.19225027571305,7.77698115924849e-17,0.99999999296368,0.999999999897218
"BAD",2.72874171896074e-15,-2.19236508504253,7.73841532269744e-17,0.999999992981148,0.999999999897218
"SHH",2.66196752859304e-15,-2.19350738775629,7.36432048727771e-17,0.999999993152904,0.999999999897218
"ANKRD44",2.64619005380253e-15,-2.19378092911701,7.27728257299314e-17,0.999999993193487,0.999999999897218
"MT-CO1",2.5816146481644e-15,-2.19491550092252,6.92643888209247e-17,0.999999993359587,0.999999999897218
"TTR",2.57640308270967e-15,-2.1950081395715,6.89850198290689e-17,0.999999993372993,0.999999999897218
"ILF3-AS1",2.5519521959059e-15,-2.19544495701556,6.76818533729114e-17,0.999999993435885,0.999999999897218
"USP48",2.52132956631534e-15,-2.19599719767378,6.60672768344167e-17,0.999999993514652,0.999999999897218
"SH3KBP1",2.50622651880906e-15,-2.19627171365842,6.52781465951358e-17,0.9999999935535,0.999999999897218
"IGKC",2.47865927120016e-15,-2.19677651325826,6.384999012142e-17,0.999999993624409,0.999999999897218
"EMC6",2.47004424001629e-15,-2.19693526967195,6.34069169416646e-17,0.999999993646568,0.999999999897218
"CCDC47",2.4154622806851e-15,-2.19795243924146,6.06356019444706e-17,0.999999993786963,0.999999999897218
"PPARG",2.39520993986234e-15,-2.19833494529753,5.96230713200285e-17,0.999999993839056,0.999999999897218
"KNG1",2.35840953689926e-15,-2.19903725349029,5.78050282763173e-17,0.999999993933714,0.999999999897218
"EGFR",2.33541413668708e-15,-2.19948095829997,5.66832812764423e-17,0.999999993992863,0.999999999897218
"DEFA3",2.33163913964321e-15,-2.19955416111778,5.65001820339133e-17,0.999999994002573,0.999999999897218
"IGFBP3",2.32863897697694e-15,-2.1996124123046,5.63548759457985e-17,0.99999999401029,0.999999999897218
"FIS1",2.31414915152314e-15,-2.19989466929017,5.56557278285933e-17,0.99999999404756,0.999999999897218
"IDO1",2.30919459232267e-15,-2.19999153521983,5.54176667595566e-17,0.999999994060304,0.999999999897218
"DNAJC8",2.29161455449605e-15,-2.20033670538661,5.45770826101299e-17,0.999999994105524,0.999999999897218
"MON2",2.2700077115142e-15,-2.20076410799036,5.35527575238721e-17,0.999999994161101,0.999999999897218
"TEK",2.26978658562826e-15,-2.20076850031931,5.35423246745737e-17,0.99999999416167,0.999999999897218
"KLF1",2.22777006128677e-15,-2.20160992827352,5.15784040120053e-17,0.999999994269744,0.999999999897218
"DEFA4",2.20087905169458e-15,-2.20215572482131,5.03407320494341e-17,0.999999994338913,0.999999999897218
"F8",2.09632993320403e-15,-2.20433439499829,4.56716229300339e-17,0.999999994607834,0.999999999897218
"MS4A1",2.04883961796046e-15,-2.20535540573801,4.36257694602234e-17,0.999999994729988,0.999999999897218
"GZMA",2.02586689400666e-15,-2.20585671192126,4.26529415977712e-17,0.999999994789078,0.999999999897218
"LTF",2.01736341802272e-15,-2.20604352764599,4.22956258613937e-17,0.999999994810951,0.999999999897218
"C1QA",2.00002957116852e-15,-2.20642647178365,4.15719127416096e-17,0.999999994855537,0.999999999897218
"RNF5",1.97732956171301e-15,-2.20693235661724,4.06335991258155e-17,0.999999994913926,0.999999999897218
"HBD",1.94565150624096e-15,-2.20764683415204,3.93420768521375e-17,0.999999994995408,0.999999999897218
"AR",1.93133368030071e-15,-2.20797308872293,3.87651797023405e-17,0.999999995032236,0.999999999897218
"MTRNR2L12",1.91168050811352e-15,-2.20842436077244,3.79802480899419e-17,0.999999995082788,0.999999999897218
"ABL1",1.90833629382179e-15,-2.20850155136744,3.78474821896275e-17,0.99999999509139,0.999999999897218
"KDR",1.68541845835878e-15,-2.21393324093152,2.95217885344617e-17,0.999999995664777,0.999999999897218
"ANKRD36B",1.67581279787326e-15,-2.21418105978765,2.91862419681764e-17,0.999999995689485,0.999999999897218
"PRPF38B",1.67501329485472e-15,-2.21420174202666,2.91584000489232e-17,0.999999995691542,0.999999999897218
"CTSK",1.67300600705964e-15,-2.21425370616149,2.90885567458209e-17,0.999999995696705,0.999999999897218
"PARP8",1.60086311284206e-15,-2.21615831443991,2.66339492956022e-17,0.99999999588227,0.999999999897218
"NOD2",1.58919479905028e-15,-2.21647335155666,2.62471070992443e-17,0.999999995912283,0.999999999897218
"CCL4",1.58503667691453e-15,-2.21658610463003,2.61099358769026e-17,0.999999995922979,0.999999999897218
"NFKB1",1.48806644216692e-15,-2.2192914225349,2.3012924836317e-17,0.999999996172405,0.999999999897218
"JCHAIN",1.43568277068761e-15,-2.22081729313593,2.14212174735494e-17,0.999999996307146,0.999999999897218
"ALPL",1.41989736795985e-15,-2.22128659871815,2.09527524273102e-17,0.999999996347749,0.999999999897218
"RP11-290D2.6",1.3826997803628e-15,-2.2224107045812,1.98693180186984e-17,0.999999996443429,0.999999999897218
"CXCL12",1.37208027644783e-15,-2.22273645040859,1.95652866932612e-17,0.999999996470744,0.999999999897218
"ALK",1.30106091957172e-15,-2.22497309830473,1.7592292498968e-17,0.999999996653419,0.999999999897218
"AZU1",1.27190847940002e-15,-2.22592207721361,1.68127555463308e-17,0.999999996728405,0.999999999897218
"MBD4",1.26077068512973e-15,-2.22628963910286,1.6519594311421e-17,0.999999996757054,0.999999999897218
"ARG1",1.25539549784947e-15,-2.226468038885,1.63790348466478e-17,0.99999999677088,0.999999999897218
"USP3",1.16860003179534e-15,-2.22944481843215,1.41925018920552e-17,0.999999996994135,0.999999999897218
"CXCR2",1.16764713974357e-15,-2.22947855272234,1.41693658179724e-17,0.999999996996585,0.999999999897218
"LMO4",1.14538794022504e-15,-2.23027346746068,1.36342855512373e-17,0.99999999705384,0.999999999897218
"NBEAL1",1.08761477727121e-15,-2.2324011555905,1.2293551715563e-17,0.999999997202444,0.999999999897218
"MAP2K1",1.0584056558752e-15,-2.23351456080986,1.16421040687447e-17,0.999999997277576,0.999999999897218
"XDH",1.0502716664305e-15,-2.2338293718484,1.14638494034071e-17,0.999999997298498,0.999999999897218
"IL2",1.04404689606186e-15,-2.23407172585841,1.13283637687045e-17,0.999999997314509,0.999999999897218
"TRAC",1.0334969956365e-15,-2.23448535895553,1.11005784435886e-17,0.999999997341646,0.999999999897218
"GYPA",1.02084132017113e-15,-2.23498642747493,1.08303789883753e-17,0.999999997374199,0.999999999897218
"C9orf78",9.95903686071536e-16,-2.23598978977025,1.03077019617277e-17,0.999999997438343,0.999999999897218
"UQCRHL",9.58081685518034e-16,-2.23755407583759,9.53964579946223e-18,0.999999997535628,0.999999999897218
"APOB",9.09870656374295e-16,-2.23962785815735,8.60372442196398e-18,0.999999997659637,0.999999999897218
"ALOX5AP",8.15928683782308e-16,-2.24395946949595,6.91881271794444e-18,0.999999997901273,0.999999999897218
"RASSF5",7.97539506356659e-16,-2.24485781690931,6.61045850680404e-18,0.999999997948574,0.999999999897218
"IGHG1",7.61574143275029e-16,-2.24666815542356,6.0276989613222e-18,0.999999998041084,0.999999999897218
"IGKV1-5",6.84273760069864e-16,-2.25082557623335,4.86616629108963e-18,0.999999998239915,0.999999999897218
"HLF",6.78066865299086e-16,-2.25117685910847,4.7782868546053e-18,0.999999998255881,0.999999999897218
"ACHE",6.75926937028309e-16,-2.2512986181925,4.74817461441302e-18,0.999999998261385,0.999999999897218
"IGKV4-1",6.0699575827872e-16,-2.25541226403652,3.82911566924079e-18,0.999999998438689,0.999999999897218
"C5AR1",5.9023510486894e-16,-2.25647371677434,3.62057247438642e-18,0.999999998481801,0.999999999897218
"C1QB",5.88269381370828e-16,-2.25659991844478,3.59649666797833e-18,0.999999998486857,0.999999999897218
"PLAT",5.69508819652594e-16,-2.25782318811026,3.37076193935684e-18,0.999999998535113,0.999999999897218
"CYP3A4",5.57157819090861e-16,-2.25864780503805,3.22614314072224e-18,0.999999998566882,0.999999999897218
"ZFC3H1",4.56016883644633e-16,-2.26607375031565,2.16117043598634e-18,0.999999998827036,0.999999999897218
"ETS1",4.37157490051119e-16,-2.26761492029995,1.98610873191798e-18,0.999999998875546,0.999999999897218
"TLR9",4.20513655225817e-16,-2.26902385612386,1.83775401141826e-18,0.999999998918357,0.999999999897218
"PLG",4.13690863842095e-16,-2.26961547750119,1.77860305056653e-18,0.999999998935907,0.999999999897218
"ATM",4.10640871620387e-16,-2.26988269931764,1.7524737415653e-18,0.999999998943752,0.999999999897218
"CD79A",3.89667907694747e-16,-2.27176845422248,1.57803434962221e-18,0.999999998997699,0.999999999897218
"FCGR3A",3.78208953521757e-16,-2.27283638682242,1.48658855527255e-18,0.999999999027173,0.999999999897218
"BOD1L1",3.64085196225163e-16,-2.27419209471424,1.37763197674792e-18,0.999999999063502,0.999999999897218
"CLC",3.56895923252681e-16,-2.27489983782321,1.32376333331152e-18,0.999999999081995,0.999999999897218
"ELANE",3.35116569194531e-16,-2.27712229281436,1.16712931018205e-18,0.999999999138015,0.999999999897218
"EHMT1",3.00083038984508e-16,-2.28097597768154,9.3585824713691e-19,0.999999999228128,0.999999999897218
"ZMAT2",2.76751013188968e-16,-2.28376589334278,7.95986335243939e-19,0.999999999288143,0.999999999897218
"S100A8",2.44185182483828e-16,-2.28802359143413,6.19677584509314e-19,0.999999999371908,0.999999999897218
"PSMD5-AS1",2.37225271495105e-16,-2.28899721196796,5.84856172684711e-19,0.999999999389811,0.999999999897218
"ABCB1",1.86253766088838e-16,-2.29700002163404,3.60526588688124e-19,0.999999999520919,0.999999999897218
"VEGFA",1.42796861447884e-16,-2.30550429710666,2.11916365762812e-19,0.999999999632699,0.999999999897218
"CD164",1.37089299115433e-16,-2.30678410584342,1.95314409670732e-19,0.99999999964738,0.999999999897218
"F2",1.3488397583841e-16,-2.30729104967117,1.89081000070981e-19,0.999999999653052,0.999999999897218
"FLT1",9.44386011078087e-17,-2.31816779825747,9.26885875111725e-20,0.999999999757086,0.999999999897218
"S100A12",8.93777061563931e-17,-2.31980385364186,8.30205454045325e-20,0.999999999770103,0.999999999897218
"F10",7.15967163683104e-17,-2.32627541914101,5.32737640338832e-20,0.999999999815839,0.999999999897218
"SHISA5",3.99587033546749e-17,-2.34242515300242,1.65939565039318e-20,0.999999999897218,0.999999999897218
