"gene","distance","Z","FC","p.value","p.adj"
"SYK",0.000487993695333873,6.91299323326384,544563.097268359,0,0
"PRSS57",2.88279229485928e-05,3.99561696070045,1900.40642759007,0,0
"SMIM24",6.8938894409673e-06,2.88202105641531,108.679695740127,1.90748743450875e-25,1.90748743450875e-22
"GYPC",3.58345124397034e-06,2.43785417100601,29.3645118214149,5.9965774559939e-08,4.49743309199543e-05
"CDCA7",3.42817565978624e-06,2.40912803439694,26.8748419943306,2.17066161462024e-07,0.000130239696877214
"RPS18",3.0929472694807e-06,2.34303337920939,21.8758439801207,2.90872522392969e-06,0.00145436261196485
"C1orf228",3.00671920815552e-06,2.32502698997626,20.6730963875048,5.44760714540019e-06,0.00233468877660008
"CD34",2.81296019792796e-06,2.28286720249411,18.094515533664,2.10206031810812e-05,0.00788272619290546
"SPINK2",2.77612318828503e-06,2.27456737609758,17.6237065487717,2.69211484426107e-05,0.00897371614753691
"RPS6",2.652396688445e-06,2.24597072049867,16.0878029962916,6.04722642746378e-05,0.0181416792823913
"IMPDH2",2.62209788935409e-06,2.23879121511412,15.7223546079258,7.3352130001798e-05,0.0200051263641267
"BST2",2.47784966176251e-06,2.2035879295029,14.040083521157,0.000178954994488221,0.0440385544870981
"ZFP36L2",2.46716424863284e-06,2.20090984024914,13.9192524512576,0.000190833736110758,0.0440385544870981
"LCP1",2.36936287409122e-06,2.17591752338779,12.8375735177147,0.000339727882505175,0.0727988319653946
"C1QTNF4",2.27859666933047e-06,2.15190674361493,11.8728423686618,0.000569584178246868,0.113916835649374
"ICAM3",2.23674690204271e-06,2.14055465045268,11.4407230983498,0.000718518241457921,0.13472217027336
"FABP5",2.21202476098816e-06,2.1337614605096,11.1892184702424,0.000822739913379549,0.145189396478744
"RPS21",2.15455146332199e-06,2.11770995791165,10.6153307293258,0.00112153892020754,0.186923153367923
"IGFBP7",2.1123562175879e-06,2.10568656349973,10.2036158596966,0.00140165554955166,0.21650037226103
"RPL18A",2.10675624843529e-06,2.10407520033845,10.1495869103406,0.00144333581507353,0.21650037226103
"RPS19",1.97620114234514e-06,2.06541053415912,8.93062960314656,0.00280427663452647,0.400610947789495
"SELL",1.93153646976056e-06,2.05167169442863,8.53150423222272,0.00349051096163291,0.432873665514974
"EEF1B2",1.9278188300435e-06,2.05051572998499,8.4986945633708,0.00355401376917493,0.432873665514974
"RPS3A",1.92710989792067e-06,2.0502950742203,8.49244512781798,0.00356624204638792,0.432873665514974
"RPS5",1.92474675413506e-06,2.04955903324708,8.47162995366185,0.00360728054595812,0.432873665514974
"FKBP4",1.87187092872512e-06,2.03288085125416,8.0125653459192,0.00464538844431647,0.536006358959592
"RPS28",1.81043706804627e-06,2.01298060996883,7.49525912036706,0.00618616295359211,0.677942556908149
"RPL36",1.80468845374987e-06,2.0110885393458,7.4477358480608,0.00635162980853304,0.677942556908149
"CCND1",1.79785673786706e-06,2.00883315257629,7.39145520908343,0.00655344471677877,0.677942556908149
"HPSE",1.77537186256584e-06,2.00135709211047,7.20772901855866,0.00725902864617349,0.706130285221649
"RPL10A",1.77422804669833e-06,2.0009745843687,7.19844458725902,0.00729667961395704,0.706130285221649
"RPL12",1.745044968661e-06,1.99114206489936,6.96358740752342,0.00831850792675878,0.779860118133636
"RPL3",1.72760948007655e-06,1.98519913691928,6.82513022888952,0.00898840018536812,0.810318631559691
"TGFB1I1",1.72274721590852e-06,1.98353252037485,6.78676636597885,0.00918361115767649,0.810318631559691
"RPL7",1.6642235953059e-06,1.96314483567339,6.33349067820462,0.0118478897876671,0.999999999946943
"ZFAS1",1.65408002244416e-06,1.95954791050549,6.256519726031,0.0123737050801835,0.999999999946943
"RBPMS2",1.65148766376016e-06,1.95862557855509,6.23692401930744,0.0125113591065821,0.999999999946943
"NPM1",1.6406537116989e-06,1.95475729914133,6.15536252538017,0.0131014260089531,0.999999999946943
"RPS23",1.58191374229375e-06,1.93338890904799,5.72249448897739,0.016748918581089,0.999999999946943
"RPS14",1.57797067439056e-06,1.93192991302675,5.69400233789022,0.0170229868621138,0.999999999946943
"RPS3",1.56002432822267e-06,1.92524915637428,5.56522244081333,0.0183206825839985,0.999999999946943
"ITM2C",1.54458686374602e-06,1.91944865927094,5.45562435338837,0.0195054326703697,0.999999999946943
"CDK6",1.54363811781494e-06,1.91909053357765,5.44892429413428,0.0195803795976,0.999999999946943
"RPL34",1.5253016180349e-06,1.91213111871465,5.32024028484029,0.0210791045563223,0.999999999946943
"RPL13",1.50399655218339e-06,1.90395301960657,5.17265444573279,0.0229451291379479,0.999999999946943
"RPL22L1",1.47407908388708e-06,1.89229719770757,4.96891254730907,0.0258068678989307,0.999999999946943
"CALD1",1.46970062365517e-06,1.89057412478088,4.93943804353384,0.0262505698963768,0.999999999946943
"HSH2D",1.46031372204877e-06,1.8868649599307,4.87654366969539,0.0272240806069025,0.999999999946943
"TTK",1.44916015400766e-06,1.88243065134258,4.80233612395259,0.0284211737989498,0.999999999946943
"PGF",1.43697343977752e-06,1.87755152660895,4.72190523982151,0.0297807287652607,0.999999999946943
"GSN",1.42456405990998e-06,1.87254612667256,4.64070275740875,0.0312222145356435,0.999999999946943
"RP11-620J15.3",1.41706209759909e-06,1.86950173819724,4.59195421831125,0.0321223694275388,0.999999999946943
"FHL2",1.35422863710808e-06,1.84343754478118,4.19376192173028,0.0405729692025401,0.999999999946943
"RPL26",1.34840319013462e-06,1.84096809621724,4.1577591509273,0.0414441995618929,0.999999999946943
"MANF",1.34591078463509e-06,1.83990871207918,4.14240284731743,0.0418217644476418,0.999999999946943
"BANK1",1.34196594497888e-06,1.83822848514113,4.11815582075786,0.0424253022753493,0.999999999946943
"KCNAB2",1.33356156179045e-06,1.83463442766844,4.06673546807831,0.0437357217120433,0.999999999946943
"DAAM1",1.31855952753815e-06,1.82816968241597,3.97575183239872,0.046159842282808,0.999999999946943
"RPS9",1.31229531192003e-06,1.82545132643301,3.93806554381339,0.0472050305369771,0.999999999946943
"GOLGB1",1.30735002265028e-06,1.82329733406432,3.90844084229945,0.048044150478834,0.999999999946943
"EIF3E",1.29023939365337e-06,1.81578945482692,3.80680280585114,0.051044797804463,0.999999999946943
"VWF",1.27761656826821e-06,1.81019503788086,3.73268082460721,0.0533576907698856,0.999999999946943
"RSU1",1.25838629727545e-06,1.80157908966812,3.62116026765129,0.0570490734656356,0.999999999946943
"RPL29",1.24857540310496e-06,1.79713919748075,3.56491628370477,0.0590127161940626,0.999999999946943
"FCER1G",1.24647445450639e-06,1.79618447567637,3.55292917507628,0.0594404328328498,0.999999999946943
"RPS25",1.24482026531442e-06,1.7954317866897,3.54350528803349,0.0597790041625923,0.999999999946943
"RPL14",1.24154127235947e-06,1.7939372044132,3.52486191248854,0.060454860953957,0.999999999946943
"SPX",1.24048627841631e-06,1.7934556024917,3.51887398752229,0.0606736553863795,0.999999999946943
"EIF4B",1.23609903476831e-06,1.7914490080825,3.49402750972785,0.0615905723091913,0.999999999946943
"EEF1A1",1.19813504595341e-06,1.77382177665856,3.28270100952758,0.0700136171951074,0.999999999946943
"SH3BP5",1.18813042340131e-06,1.76909565170674,3.22810772161699,0.0723842830974048,0.999999999946943
"PYCARD",1.18757389143994e-06,1.76883173418146,3.22508427515564,0.0725180638741498,0.999999999946943
"LAT",1.186931684017e-06,1.76852705406569,3.22159714385506,0.0726726910495624,0.999999999946943
"PDLIM7",1.1786256592478e-06,1.76457348078495,3.1766661021627,0.0746969935572268,0.999999999946943
"RPL7A",1.17479396303362e-06,1.76274146215138,3.15604507826767,0.0756462395720983,0.999999999946943
"NASP",1.17158683156173e-06,1.76120406143156,3.13883689414444,0.0764483068199734,0.999999999946943
"PLEK",1.16965891776228e-06,1.76027811585002,3.12851511887399,0.0769337844876289,0.999999999946943
"CDKN2D",1.16696667271183e-06,1.75898285048307,3.11412966723472,0.0776159339350632,0.999999999946943
"RPL37",1.16606197149329e-06,1.75854700635822,3.10930302585744,0.0778462661496841,0.999999999946943
"CNN2",1.16250211232812e-06,1.75682916632571,3.09034728352062,0.0787579976617584,0.999999999946943
"THBS1",1.15638738054043e-06,1.75386774154427,3.05792248767331,0.080344334130053,0.999999999946943
"CD151",1.14956025455461e-06,1.75054515929338,3.02192210281847,0.0821460522772357,0.999999999946943
"RPL11",1.14768886743159e-06,1.74963140745363,3.01209124270545,0.0826456030591725,0.999999999946943
"CD9",1.14338379917414e-06,1.74752441934332,2.98953645773124,0.0838041546633453,0.999999999946943
"PPP1R14A",1.128591603378e-06,1.74023183518408,2.9126843014352,0.0878854869194217,0.999999999946943
"FBL",1.12699867160003e-06,1.73944156534649,2.90446798465541,0.0883343959698575,0.999999999946943
"CSF3R",1.12645013001479e-06,1.73916920331001,2.90164130210444,0.0884894093785519,0.999999999946943
"RPL31",1.12565217298928e-06,1.73877279538579,2.89753181707305,0.0887152969648083,0.999999999946943
"UHRF1",1.12414433428525e-06,1.73802306565327,2.88977438626761,0.0891434080902624,0.999999999946943
"PDLIM1",1.11959745432302e-06,1.73575695125922,2.86644484759707,0.0904444582905582,0.999999999946943
"RPL32",1.112403999515e-06,1.7321554090097,2.82972915051465,0.0925339642820511,0.999999999946943
"CCND3",1.11238976501148e-06,1.73214826217044,2.82965673162395,0.0925381371271481,0.999999999946943
"CTSW",1.10193821376896e-06,1.72687916270993,2.77673397138758,0.0956430275857199,0.999999999946943
"RPS29",1.09771398234407e-06,1.72473719321877,2.75548580272228,0.0969213724951375,0.999999999946943
"CSRP1",1.09656088042226e-06,1.72415124729984,2.74969980165655,0.0972726901533311,0.999999999946943
"RPS15",1.08798581792803e-06,1.71977695805612,2.70686286440427,0.0999173076740363,0.999999999946943
"RPLP0",1.08323198814e-06,1.71733900890231,2.68325988621676,0.101407947878626,0.999999999946943
"RPL9",1.06708954562079e-06,1.70899048339937,2.60388329615904,0.106602223537187,0.999999999946943
"PLAC8",1.06467520350207e-06,1.70773240658802,2.59211379996863,0.10739692069056,0.999999999946943
"CMAS",1.06229968876059e-06,1.70649213767118,2.58055960002764,0.108183410095362,0.999999999946943
"TPM1",1.05442439023082e-06,1.7023630726318,2.54243976071965,0.110823423293857,0.999999999946943
"RPS24",1.0418817383993e-06,1.69573116593504,2.48231354697695,0.115132785878144,0.999999999946943
"PF4",1.03443909263423e-06,1.69176297502773,2.44697557714553,0.117751552340113,0.999999999946943
"LRPPRC",1.03303701451863e-06,1.69101265132491,2.44034681409139,0.118250078829752,0.999999999946943
"RPN1",1.02792942583228e-06,1.68827180682739,2.41627512187929,0.120080156929795,0.999999999946943
"RPS16",1.02344700657859e-06,1.68585666429508,2.39524810699699,0.121704439541644,0.999999999946943
"PPIF",1.01659156299845e-06,1.68214507099629,2.36326698288488,0.124221796603656,0.999999999946943
"CD84",1.0148734192466e-06,1.6812114425023,2.35528540744167,0.124859031671257,0.999999999946943
"PDIA6",1.01480245861719e-06,1.68117285338616,2.3549560526891,0.124885404665831,0.999999999946943
"PAICS",1.01281076756079e-06,1.68008879275779,2.34572126587663,0.125627403266631,0.999999999946943
"PDLIM5",1.00908429483117e-06,1.67805551490142,2.32849162027424,0.127024910865133,0.999999999946943
"SBDS",1.0084045519393e-06,1.67768392213889,2.32535562353278,0.127281128883136,0.999999999946943
"RPL30",1.00812612111444e-06,1.67753165038931,2.32407169180274,0.127386194865454,0.999999999946943
"UROD",1.00649562416133e-06,1.67663920863598,2.31656007725623,0.128002818587781,0.999999999946943
"TNFSF13B",9.96001582115443e-07,1.67086508212831,2.26850552841862,0.132027163003004,0.999999999946943
"PARVB",9.9102084623266e-07,1.66810599613957,2.24587388627723,0.133971203554575,0.999999999946943
"AC090498.1",9.83164138319496e-07,1.66372914199713,2.21040494399454,0.137082683709535,0.999999999946943
"RPS4Y1",9.81253780831317e-07,1.66266031350948,2.20182334300824,0.137847599515188,0.999999999946943
"PPBP",9.78389856778721e-07,1.66105457701411,2.18898945089487,0.139000485695058,0.999999999946943
"RPL5",9.75635071912938e-07,1.65950616981601,2.17668003135871,0.140116429728787,0.999999999946943
"RPS8",9.74338073573444e-07,1.65877583686997,2.17089657003131,0.140644215323993,0.999999999946943
"MYB",9.69499360383243e-07,1.65604369899575,2.14938809560935,0.142626723182796,0.999999999946943
"CD63",9.66422505421627e-07,1.65430020348123,2.13576691864484,0.143898479218851,0.999999999946943
"CITED2",9.65009284700051e-07,1.6534977852414,2.12952512858175,0.144485511646744,0.999999999946943
"COL1A2",9.51999462803286e-07,1.64606247359102,2.07249357120047,0.149976134882797,0.999999999946943
"ACTN1",9.49890498470073e-07,1.64484885278948,2.06332135239157,0.150880991023503,0.999999999946943
"MYL6",9.49745823462978e-07,1.6447655124895,2.06269288353308,0.15094321634746,0.999999999946943
"RPSA",9.48445276603351e-07,1.64401583386807,2.05704760047008,0.151503465364627,0.999999999946943
"PSMA6",9.43942760956089e-07,1.64141350809362,2.03756328241418,0.153455294750162,0.999999999946943
"VASP",9.43163877040602e-07,1.64096224031257,2.03420212414291,0.153794870351966,0.999999999946943
"RPL39",9.42787978308605e-07,1.64074433707449,2.03258098143173,0.153958957842444,0.999999999946943
"FERMT3",9.20033601711787e-07,1.62741104915189,1.93565147809315,0.164141468713537,0.999999999946943
"RPS12",9.16300666540003e-07,1.62519634430027,1.91997595753389,0.165859310793615,0.999999999946943
"ABRACL",9.11083823656785e-07,1.62208807003315,1.89817590816373,0.168282635120703,0.999999999946943
"FNBP1",9.06599617592703e-07,1.61940391399914,1.87953686569094,0.17038679530609,0.999999999946943
"EEF2",8.99771647735611e-07,1.61529456355786,1.85133236623268,0.173628511768359,0.999999999946943
"ZYX",8.91175443660069e-07,1.61008226897283,1.81612696821802,0.177774986813694,0.999999999946943
"ACTB",8.86459751912774e-07,1.60720431237891,1.79695759846887,0.180080741994418,0.999999999946943
"HMGA1",8.83841781443499e-07,1.6056008278905,1.78635940668156,0.181370362922785,0.999999999946943
"RPL23A",8.82027639882209e-07,1.60448725653405,1.77903369968205,0.18226802732746,0.999999999946943
"SELK",8.77966331248601e-07,1.601987069893,1.7626882467294,0.184289560851555,0.999999999946943
"LCN2",8.74621760139738e-07,1.59992054954897,1.749284072145,0.185966759782946,0.999999999946943
"TROVE2",8.7401079510731e-07,1.59954230838433,1.74684100895671,0.186274354880372,0.999999999946943
"TMSB4X",8.66731833583181e-07,1.59501820703811,1.71786598698466,0.189967971183439,0.999999999946943
"TBXAS1",8.62775273024236e-07,1.59254519895121,1.7022179467645,0.191998173317131,0.999999999946943
"RRBP1",8.61291704071371e-07,1.59161536564701,1.69636894631186,0.192763525180263,0.999999999946943
"LTBP1",8.56521000691542e-07,1.58861583341704,1.67762858279749,0.195239856293997,0.999999999946943
"NAA38",8.51760566048326e-07,1.58560823639506,1.65903231262611,0.197734029718346,0.999999999946943
"CDK2AP2",8.51587119236741e-07,1.58549837853532,1.65835671298396,0.197825343292585,0.999999999946943
"PRDX2",8.48246317446157e-07,1.5833785721563,1.64537066919497,0.19959018072888,0.999999999946943
"RPL41",8.38133166365932e-07,1.57691700695847,1.60637094006764,0.205002687281346,0.999999999946943
"FLNA",8.37340418921282e-07,1.57640763746365,1.60333360837638,0.20543142891186,0.999999999946943
"LRRFIP2",8.37221728546379e-07,1.57633133841533,1.60287910558268,0.205495676279088,0.999999999946943
"HINT1",8.3677706497562e-07,1.57604540672495,1.60117692168747,0.205736503498719,0.999999999946943
"ARHGEF6",8.36317265940059e-07,1.57574960345748,1.59941774982866,0.20598574358362,0.999999999946943
"RPS13",8.33855896081493e-07,1.57416371658767,1.59001709375476,0.207323691615821,0.999999999946943
"ITGA2B",8.33318709035101e-07,1.57381705998817,1.58796911049007,0.207616531388246,0.999999999946943
"AKR7A2",8.29197371906278e-07,1.57115100018392,1.57230074181773,0.209873204595025,0.999999999946943
"HSPD1",8.28520286269918e-07,1.57071189700382,1.5697340486777,0.210245640488898,0.999999999946943
"APBB1IP",8.26601717436921e-07,1.56946597029373,1.56247253461271,0.211303560601197,0.999999999946943
"SLAIN2",8.26544853453914e-07,1.56942900421458,1.56225756928242,0.211334974654089,0.999999999946943
"MYADM",8.26531227661973e-07,1.56942014604532,1.56220606131876,0.21134250261541,0.999999999946943
"GLTSCR2",8.26427121340231e-07,1.569352462012,1.56181254857788,0.211400025551767,0.999999999946943
"DGKD",8.22065343529285e-07,1.56650999430589,1.54536995619551,0.213820264449673,0.999999999946943
"STOM",8.18688896180251e-07,1.56430062062636,1.53270151142348,0.21570744843432,0.999999999946943
"RPL35",8.13398390276605e-07,1.56082279366443,1.51295636446102,0.218688525033147,0.999999999946943
"RPL38",8.07502676649281e-07,1.5569238616818,1.49110328354075,0.222045358061138,0.999999999946943
"IFI27L2",8.07267426039349e-07,1.55676777346449,1.49023460069899,0.22218006379193,0.999999999946943
"SNCA",8.05907605019165e-07,1.5558647593274,1.48521830618108,0.222959851305364,0.999999999946943
"TSPAN32",8.03510819495817e-07,1.5542698980548,1.47639730404818,0.224339049326123,0.999999999946943
"RCN1",8.02852471719281e-07,1.55383109798703,1.47397895530396,0.224718952006257,0.999999999946943
"DHX29",8.0271526738384e-07,1.55373960953691,1.47347520391889,0.224798184262325,0.999999999946943
"FAM26F",7.9905954438757e-07,1.55129693370253,1.46008477383883,0.226916632829292,0.999999999946943
"VIM",7.98471568539949e-07,1.5509031537047,1.45793680193007,0.227258682615591,0.999999999946943
"RTN4",7.95647748427862e-07,1.54900845909017,1.44764295663667,0.228906536904184,0.999999999946943
"CAMTA1",7.93153345476674e-07,1.54732992114574,1.43858029162428,0.230369218324449,0.999999999946943
"RPL17",7.90546130149267e-07,1.54557055399862,1.42913817285544,0.231905140619355,0.999999999946943
"RAP1B",7.8425122652222e-07,1.54130181354399,1.40646911096599,0.235643426366691,0.999999999946943
"RPS15A",7.84098141040706e-07,1.54119763152283,1.40592008029929,0.235734865623035,0.999999999946943
"ACTR3",7.82610045160237e-07,1.54018398782672,1.40058871043855,0.236625026207435,0.999999999946943
"GP1BA",7.82465635026139e-07,1.54008553100184,1.40007187438737,0.236711536896053,0.999999999946943
"GATA1",7.74166479079352e-07,1.53440054943659,1.37052988779559,0.241720862524238,0.999999999946943
"PPIB",7.7400227096592e-07,1.53428753186196,1.36994854446569,0.241820724672456,0.999999999946943
"TAOK1",7.68437363214128e-07,1.53044505317186,1.35032009784788,0.245222164671368,0.999999999946943
"MFF",7.68390558787959e-07,1.53041263296085,1.35015561070655,0.245250914579078,0.999999999946943
"GNB2L1",7.68327685406172e-07,1.53036907949762,1.34993466739795,0.24528953866354,0.999999999946943
"CKLF",7.65525535637334e-07,1.52842482733045,1.34010599336965,0.247015276936825,0.999999999946943
"CMTM5",7.61180162945051e-07,1.52539754204563,1.32493541484216,0.249708215183311,0.999999999946943
"PFN1",7.59217340119528e-07,1.52402517322395,1.31811111606113,0.250931327818177,0.999999999946943
"MAT2A",7.52212001722018e-07,1.5191018749189,1.29389877663792,0.255330697078656,0.999999999946943
"TC2N",7.51070723550019e-07,1.51829601821259,1.28997547261716,0.256052470790966,0.999999999946943
"ILK",7.48314579974735e-07,1.51634550369546,1.28052540594431,0.25780136780997,0.999999999946943
"RPL27A",7.46869768637107e-07,1.51532051719507,1.27558542050737,0.258721468108347,0.999999999946943
"LCP2",7.42459365123916e-07,1.51218095883425,1.26056476810986,0.261544214767523,0.999999999946943
"SEC11C",7.40755834139606e-07,1.51096395083436,1.25478681531053,0.262640187008198,0.999999999946943
"AHCY",7.40488626733411e-07,1.51077283616517,1.25388171853842,0.26281238307599,0.999999999946943
"GFI1B",7.38503146720231e-07,1.50935087993939,1.24716664051192,0.264094324344664,0.999999999946943
"FAM162A",7.34827707372353e-07,1.50670981406,1.23478354195001,0.266478766049223,0.999999999946943
"TACC1",7.33705777889119e-07,1.50590133834142,1.23101590367567,0.267209559943871,0.999999999946943
"PAPSS1",7.33207644811676e-07,1.50554203294787,1.22934492984269,0.267534471445303,0.999999999946943
"DSTN",7.33137839906851e-07,1.50549166542725,1.2291108618499,0.26758002396956,0.999999999946943
"RPS2",7.24547842921658e-07,1.49926150252981,1.20047721363358,0.273226319527861,0.999999999946943
"VIMP",7.15060735742628e-07,1.492305568584,1.16924534147027,0.279556356774114,0.999999999946943
"PRDX1",7.13118576158111e-07,1.49087168835163,1.16290244773498,0.280864410649454,0.999999999946943
"DNAJC3",7.08545392447066e-07,1.48748188125272,1.14803503527865,0.283960863587645,0.999999999946943
"PTMS",7.06895836271458e-07,1.48625449970248,1.14269580395799,0.285083410443063,0.999999999946943
"PSTPIP2",7.05000925258533e-07,1.4848414789066,1.13657777473117,0.286376624021767,0.999999999946943
"VPS13A",6.98639001410784e-07,1.48007315044008,1.11615738789309,0.290747374804237,0.999999999946943
"RIN3",6.92922369590409e-07,1.47575614681279,1.0979661450177,0.29471288408004,0.999999999946943
"RCSD1",6.92865252409977e-07,1.47571285780044,1.09778514308017,0.294752687102174,0.999999999946943
"MMRN1",6.91528225753966e-07,1.47469863973684,1.09355242448744,0.295685444700606,0.999999999946943
"RPS7",6.88598055498011e-07,1.47246994389607,1.08430477272915,0.297736541072431,0.999999999946943
"MLEC",6.83947594552957e-07,1.4689157957793,1.06970847932537,0.301011302693752,0.999999999946943
"RPL4",6.80856970070299e-07,1.46654211833628,1.06006271842656,0.303200880772774,0.999999999946943
"PROS1",6.7484642933903e-07,1.46189890788021,1.0414290649411,0.307489342001412,0.999999999946943
"MEF2C",6.7318265335339e-07,1.46060726594026,1.03630028696617,0.308683491101618,0.999999999946943
"RPL6",6.71627454448738e-07,1.45939740239817,1.03151765797854,0.309802479847754,0.999999999946943
"EBNA1BP2",6.68871231800959e-07,1.45724720574449,1.02306875204117,0.311792196880566,0.999999999946943
"WDR1",6.67601732593769e-07,1.45625424480659,1.01918892471763,0.312711475754707,0.999999999946943
"KIF5B",6.65762686138037e-07,1.4548128854844,1.01358152717388,0.314046342238398,0.999999999946943
"NPDC1",6.63625076248119e-07,1.45313316710572,1.00708322485403,0.315602623490154,0.999999999946943
"OCIAD2",6.63512462089233e-07,1.45304454527473,1.00674145896356,0.315684752146238,0.999999999946943
"LSM1",6.5841639294915e-07,1.44902043021592,0.991336406578969,0.31941596427781,0.999999999946943
"SYTL1",6.56664330581028e-07,1.44763065283553,0.98606748470516,0.320705418699928,0.999999999946943
"CAP1",6.55945417142359e-07,1.44705946019416,0.983909581239642,0.321235495842811,0.999999999946943
"PIP4K2A",6.54220991214833e-07,1.44568714275392,0.978743148381871,0.322509299679081,0.999999999946943
"RPL22",6.51600050643442e-07,1.4435953313376,0.97091677395296,0.324451644522583,0.999999999946943
"RPL13A",6.51586319984119e-07,1.44358435343775,0.970875855641239,0.324461840148441,0.999999999946943
"HSPA5",6.51544301766736e-07,1.4435507578953,0.970750643812304,0.324493041841434,0.999999999946943
"ARF3",6.46480439924108e-07,1.43948809502882,0.955719757001809,0.328267643102163,0.999999999946943
"HSP90B1",6.42834587562547e-07,1.43654590581498,0.944970513328861,0.331002822590221,0.999999999946943
"MCM7",6.42324434836048e-07,1.43613305749648,0.943471253630019,0.331386720049863,0.999999999946943
"COX17",6.37146635282168e-07,1.43192663232398,0.928321851640366,0.335299370862963,0.999999999946943
"DNM1L",6.36348019228875e-07,1.43127519470728,0.925996144920918,0.335905490073528,0.999999999946943
"RPL35A",6.30842931383748e-07,1.42676520188168,0.910043742319524,0.340102812860857,0.999999999946943
"PTTG1IP",6.3068404541372e-07,1.42663452845582,0.909585387420896,0.3402244515649,0.999999999946943
"TAGLN2",6.22249345182386e-07,1.41965607842041,0.885418683511378,0.346721828252348,0.999999999946943
"FYB",6.18933823723412e-07,1.41689043447201,0.87600829603063,0.349297310752731,0.999999999946943
"YIF1B",6.17730744243135e-07,1.41588369787937,0.872606047596862,0.350234853450916,0.999999999946943
"HCST",6.07569322195369e-07,1.40731190398963,0.844134129063966,0.358217078358698,0.999999999946943
"GNB5",6.04461718818187e-07,1.40466554439066,0.835521036536015,0.360680906613295,0.999999999946943
"RPL18",6.03532655600694e-07,1.40387207874297,0.832954603343587,0.361419563720391,0.999999999946943
"RPL8",5.95498500267967e-07,1.39696583584854,0.810925821724067,0.367846672733657,0.999999999946943
"GP6",5.95485256212664e-07,1.39695438437507,0.810889751685286,0.367857326043326,0.999999999946943
"PF4V1",5.93120511251686e-07,1.39490614735274,0.804462254022761,0.369762568702532,0.999999999946943
"NDUFAF3",5.92526704249168e-07,1.39439070240999,0.802852273634172,0.370241952501063,0.999999999946943
"CDC42EP3",5.90996782787311e-07,1.39306060466488,0.798711649555314,0.371478844467756,0.999999999946943
"NACA",5.89152908863899e-07,1.39145357392645,0.793735560947457,0.372972958728603,0.999999999946943
"SFT2D1",5.85039284221767e-07,1.38785251129894,0.782690105332068,0.37631967060957,0.999999999946943
"FAM96B",5.84128397353104e-07,1.38705214440699,0.780254757331705,0.377063237269603,0.999999999946943
"HNRNPA1",5.80578815939636e-07,1.38392284690369,0.770800798817188,0.379969432767246,0.999999999946943
"RPL19",5.79997032755796e-07,1.38340836248456,0.76925677328288,0.380447073692184,0.999999999946943
"RALB",5.78646335766447e-07,1.382212176548,0.765678055119214,0.381557410312012,0.999999999946943
"PSMD6",5.77787319730177e-07,1.38145016226948,0.763406403235794,0.382264595367383,0.999999999946943
"MGST1",5.76886736418476e-07,1.3806502156694,0.761028451211609,0.383006863012776,0.999999999946943
"HSP90AB1",5.7684376098668e-07,1.38061201542743,0.760915069134924,0.383042305752477,0.999999999946943
"ATP6V0D1",5.74801600853851e-07,1.37879390856132,0.755536975714521,0.384728833671736,0.999999999946943
"DTD1",5.74284265391158e-07,1.37833244006843,0.75417758431466,0.385156797495119,0.999999999946943
"BCL11A",5.71947635057191e-07,1.37624362624478,0.748052920052657,0.387093388817384,0.999999999946943
"RPLP2",5.70350203261391e-07,1.37481133735814,0.743880178708918,0.388420746569721,0.999999999946943
"CLIC4",5.68225299554238e-07,1.37290068889567,0.738347685683938,0.390190687917351,0.999999999946943
"DCXR",5.65882269035408e-07,1.37078668905078,0.732271206987304,0.392147991105633,0.999999999946943
"CMTM6",5.65723579623952e-07,1.37064323635402,0.731860565411066,0.392280770847221,0.999999999946943
"RPS20",5.61179032971223e-07,1.36652010980495,0.7201494910858,0.396094877748108,0.999999999946943
"RPL37A",5.54690911376607e-07,1.36058301574561,0.703593608184732,0.401578818014006,0.999999999946943
"AIF1",5.53707606303279e-07,1.35967795586986,0.701101287042361,0.40241389310929,0.999999999946943
"DCTN3",5.49228395333565e-07,1.35553739844687,0.689804066253289,0.406231033034054,0.999999999946943
"LTA4H",5.47739730138368e-07,1.35415478020673,0.686069752289178,0.407504429480637,0.999999999946943
"PEBP1",5.46086504509886e-07,1.35261548824309,0.68193451676555,0.408921375190369,0.999999999946943
"RAB27B",5.45902147553809e-07,1.35244358529531,0.681474156915969,0.409079565279568,0.999999999946943
"TOP1",5.40135888891252e-07,1.34704120055869,0.667153631864881,0.414045744084346,0.999999999946943
"PBX1",5.38250097132981e-07,1.34526352148179,0.662503259231612,0.415677587250357,0.999999999946943
"PLXDC2",5.35400725762334e-07,1.34256720028516,0.655507547537938,0.418150442519388,0.999999999946943
"FHL1",5.32513863516997e-07,1.33982264205221,0.648457657129456,0.420664647638555,0.999999999946943
"RPL28",5.31723418570562e-07,1.33906890419258,0.646533990188175,0.421354600973569,0.999999999946943
"SLC25A6",5.3123621877426e-07,1.33860384357118,0.645349739468585,0.421780192119716,0.999999999946943
"PLP2",5.29913507177481e-07,1.33733936467291,0.642140060379249,0.422936911142745,0.999999999946943
"CYB5R3",5.29043525090001e-07,1.33650618616177,0.640033332536625,0.423698727231664,0.999999999946943
"ESAM",5.27730825682333e-07,1.33524676029288,0.636861083029619,0.424849735337063,0.999999999946943
"HHEX",5.27675113491585e-07,1.3351932488234,0.636726624129124,0.424898625576316,0.999999999946943
"TMEM167A",5.27144593386237e-07,1.33468343874578,0.635446948592735,0.425364348206433,0.999999999946943
"DIAPH1",5.26716934438724e-07,1.33427214941328,0.63441632305708,0.425739989981432,0.999999999946943
"ANKRD28",5.24111471112499e-07,1.33176012180486,0.628155426132512,0.428032723984512,0.999999999946943
"GNAI2",5.23757710304659e-07,1.33141821022361,0.627307737088705,0.428344576681124,0.999999999946943
"GNA15",5.23482714547602e-07,1.33115228665465,0.626649181898717,0.428587086491982,0.999999999946943
"ARPC1A",5.23169888200731e-07,1.33084963275602,0.625900451154722,0.428863054945225,0.999999999946943
"DYNLT1",5.19296043990441e-07,1.32708865394282,0.616665729543576,0.432289027063995,0.999999999946943
"CDK2AP1",5.18506255125587e-07,1.32631888208052,0.614791402289113,0.43298944501619,0.999999999946943
"SSR4",5.16131726657991e-07,1.32399837664863,0.609173352504283,0.435099227388794,0.999999999946943
"PLD3",5.06562421743743e-07,1.31455164157467,0.586794080775313,0.443661512345888,0.999999999946943
"FKBP2",5.02829417299734e-07,1.31082431696854,0.578177438139983,0.447027594991359,0.999999999946943
"ATP2A3",5.02802981778451e-07,1.31079783595337,0.578116646071471,0.44705148381685,0.999999999946943
"TLN1",5.02487085108638e-07,1.31048130190355,0.577390446105224,0.447337004401309,0.999999999946943
"TIMP1",5.01590590113116e-07,1.30958205444277,0.575332021493049,0.448147858390604,0.999999999946943
"CORO1B",5.0030077369432e-07,1.30828582214162,0.572376947774267,0.449315923668869,0.999999999946943
"PDIA3",4.94717974384412e-07,1.30264151253333,0.559674042331175,0.454391605671482,0.999999999946943
"SELP",4.94183100298362e-07,1.30209784103,0.558464491312155,0.454879584739353,0.999999999946943
"ATP8A1",4.92681707440774e-07,1.30056901421244,0.555076269819957,0.456250919189147,0.999999999946943
"P2RX1",4.90812504530181e-07,1.29865998291976,0.550872411775408,0.457961446132991,0.999999999946943
"EIF3L",4.89183609799215e-07,1.29699121631,0.547222039497368,0.45945499405637,0.999999999946943
"SEC61B",4.88167706238345e-07,1.29594799658111,0.544951531844273,0.460387864442548,0.999999999946943
"DBNL",4.87959747900614e-07,1.29573421371982,0.544487334501066,0.460578956208567,0.999999999946943
"S100A4",4.87934189913047e-07,1.29570793443249,0.544430298501091,0.460602444362203,0.999999999946943
"ANGPT1",4.87619510385398e-07,1.29538427582342,0.543728294713116,0.460891694208003,0.999999999946943
"MYDGF",4.84721320129089e-07,1.29239481528393,0.537284151248507,0.46356044667721,0.999999999946943
"EPB41L4A-AS1",4.81930922433317e-07,1.28950181399179,0.531115983831653,0.466138054282983,0.999999999946943
"SLC50A1",4.81743223246263e-07,1.28930669047636,0.530702353493955,0.466311725116385,0.999999999946943
"DNAJC15",4.78650420645514e-07,1.28608199390941,0.523909984599983,0.469178542813139,0.999999999946943
"RPS27",4.78082601107645e-07,1.28548799110358,0.522667700629983,0.469705930020876,0.999999999946943
"RSL24D1",4.7654962767657e-07,1.28388125891337,0.519321203124975,0.471131381107745,0.999999999946943
"SDF2L1",4.7471197511848e-07,1.28194925218262,0.515323752060884,0.472843281773188,0.999999999946943
"MRPS26",4.74032055033176e-07,1.28123277252214,0.513848634231302,0.473477541156495,0.999999999946943
"MGLL",4.70379979463372e-07,1.27736895724529,0.505961466922667,0.476892351750292,0.999999999946943
"SEPW1",4.69006810269631e-07,1.27590942166482,0.503011696030969,0.478179789775344,0.999999999946943
"SEPT7",4.66610635815438e-07,1.27335361203842,0.497885012249877,0.480430906438682,0.999999999946943
"PNPLA2",4.59823689153134e-07,1.26605204143331,0.483506668604573,0.486838218699266,0.999999999946943
"TMEM91",4.54669369044527e-07,1.2604439936763,0.472727839522685,0.491734904327414,0.999999999946943
"HELLS",4.54587301728038e-07,1.26035425571611,0.47255720122335,0.491813082797695,0.999999999946943
"PRDX4",4.54483342984999e-07,1.26024055995338,0.472341089443955,0.491912124921996,0.999999999946943
"CHD1L",4.53591273455414e-07,1.25926400604948,0.4704886670319,0.492762444739533,0.999999999946943
"TKT",4.49589448136089e-07,1.25486252011832,0.462223482161042,0.496586655167146,0.999999999946943
"TREML1",4.46555088332409e-07,1.2515023450636,0.456005278768096,0.499496853226231,0.999999999946943
"GUCY1B3",4.45808207753551e-07,1.25067222268394,0.454481181618001,0.500214558877797,0.999999999946943
"RPS11",4.43532040413133e-07,1.2481348877186,0.449852131101024,0.502405183302578,0.999999999946943
"UBE2J1",4.43259155987719e-07,1.24782993257459,0.449298755625837,0.502668152356609,0.999999999946943
"SYPL1",4.42411673245523e-07,1.24688180722043,0.447582337906012,0.503485305136848,0.999999999946943
"PCBD1",4.42106463449635e-07,1.24653996533992,0.446964997083501,0.503779763700449,0.999999999946943
"RPL24",4.41544243096864e-07,1.24590972810135,0.445828922149569,0.50432241729154,0.999999999946943
"ERP44",4.40579987462407e-07,1.24482719062234,0.443883823097007,0.505253831587731,0.999999999946943
"C1QBP",4.40394677545723e-07,1.24461891333303,0.443510502574153,0.505432933822045,0.999999999946943
"SPI1",4.40301709157077e-07,1.24451439369285,0.44332327004507,0.505522800462263,0.999999999946943
"F2R",4.39555980754946e-07,1.24367531381792,0.441822849840677,0.506243953065611,0.999999999946943
"LMAN1",4.39315440169482e-07,1.24340439784269,0.441339419958975,0.506476681902279,0.999999999946943
"DYNLL1",4.37724742724635e-07,1.24160957253135,0.43814915421532,0.508017135193613,0.999999999946943
"NUDT3",4.37341134721716e-07,1.24117588865618,0.43738153083587,0.508388994017751,0.999999999946943
"RPS4X",4.36567842124095e-07,1.24030064429589,0.435836170223913,0.509139035805174,0.999999999946943
"SNRPN",4.32766679287892e-07,1.23597862428113,0.428279626740021,0.512834318789785,0.999999999946943
"PPA1",4.32587221449884e-07,1.23577376092492,0.427924506052808,0.513009122725361,0.999999999946943
"NDUFA4",4.31244276827328e-07,1.2342383471139,0.425271691289213,0.514318225187606,0.999999999946943
"NCOR1",4.30160615279808e-07,1.23299634131104,0.423137070265179,0.51537584340845,0.999999999946943
"MRPL41",4.28252646719539e-07,1.2308029512521,0.419391763301247,0.517240698656968,0.999999999946943
"FAM127A",4.27485044962779e-07,1.22991812201939,0.417889671738473,0.517991939681695,0.999999999946943
"RAB14",4.26990847061755e-07,1.22934771902457,0.416924020068056,0.51847590264829,0.999999999946943
"HEMGN",4.24112703947669e-07,1.22601431068697,0.411322388084509,0.521299075413077,0.999999999946943
"FXYD5",4.22141074588941e-07,1.22371943307893,0.40750693882235,0.523237604641963,0.999999999946943
"RPS17",4.20652030409922e-07,1.2219800724925,0.404637160553955,0.52470409878539,0.999999999946943
"TMEM165",4.19130717495138e-07,1.2201974786069,0.401715664621502,0.526204543820643,0.999999999946943
"SCAMP2",4.18778006296608e-07,1.21978338671873,0.401039837298074,0.526552729691711,0.999999999946943
"PABPC1",4.18639309888094e-07,1.21962047051066,0.400774237990923,0.526689678833284,0.999999999946943
"CFL1",4.18261823150281e-07,1.2191768274104,0.400051808212063,0.527062502165159,0.999999999946943
"RPS27A",4.18040030521224e-07,1.21891600209573,0.399627647974377,0.527281617601613,0.999999999946943
"EPS15",4.16949594146244e-07,1.21763190936322,0.397545549840722,0.528359567118775,0.999999999946943
"MYH9",4.1608874440728e-07,1.21661611172035,0.395905669623608,0.52921135117811,0.999999999946943
"PDCD5",4.15605443013211e-07,1.21604501736167,0.394986487648133,0.529689868871113,0.999999999946943
"NDUFB3",4.14477245059373e-07,1.21470962770603,0.392844946371088,0.530807755282072,0.999999999946943
"MRPL52",4.13575648962777e-07,1.21364017998931,0.391137724807656,0.531701970837559,0.999999999946943
"C12orf75",4.13213753363984e-07,1.2132103392269,0.390453501304556,0.532061118529221,0.999999999946943
"TPT1",4.12073421601475e-07,1.21185376754355,0.388301432744664,0.533193594670904,0.999999999946943
"MPO",4.11667488898742e-07,1.21137007004069,0.387536779631195,0.533597024909606,0.999999999946943
"SNRPE",4.09078307513046e-07,1.20827507804098,0.382677286992116,0.536173869115295,0.999999999946943
"SH3BGRL3",4.07879760077456e-07,1.20683661454229,0.38043818034972,0.537368822912537,0.999999999946943
"RASGRP2",4.01675282870137e-07,1.19933085920493,0.368952112923496,0.543576011110759,0.999999999946943
"BID",3.99647161989656e-07,1.19685549958051,0.36523572594979,0.545612728454497,0.999999999946943
"ACAP1",3.96881873884768e-07,1.19346274744149,0.360198843880203,0.548395823445327,0.999999999946943
"THOC2",3.96758391235063e-07,1.19331076659645,0.359974739977874,0.548520264602908,0.999999999946943
"C1orf43",3.96704030921287e-07,1.1932438475827,0.359876105646712,0.548575051297199,0.999999999946943
"ARHGAP6",3.95643648117704e-07,1.19193688972906,0.357954792070112,0.549644291403922,0.999999999946943
"LSP1",3.95015503295757e-07,1.19116124208388,0.356819078352295,0.550278167230398,0.999999999946943
"UHMK1",3.94980294451286e-07,1.19111773364728,0.35675547260805,0.550313707961218,0.999999999946943
"TCEB1",3.93564217281461e-07,1.18936504950842,0.3542019899076,0.551744069569937,0.999999999946943
"VPS28",3.89323699837125e-07,1.18408353570489,0.346610304030855,0.556038255347554,0.999999999946943
"MCM4",3.89057054324056e-07,1.1837497623958,0.346135683899988,0.556308819528412,0.999999999946943
"DYNLRB1",3.8573035935666e-07,1.17956875925527,0.340241613434638,0.559689791264969,0.999999999946943
"PABPC4",3.83749780109338e-07,1.17706463986395,0.336756560134012,0.561707406809333,0.999999999946943
"CYTL1",3.83110049103973e-07,1.17625340210388,0.335634714314832,0.5623598511052,0.999999999946943
"GDI1",3.80779500666937e-07,1.17328805182933,0.331563645085069,0.564739804599473,0.999999999946943
"NRIP1",3.80590971646979e-07,1.17304748106357,0.331235403179505,0.56493254185706,0.999999999946943
"GSPT1",3.80215667498413e-07,1.17256826883077,0.330582456910991,0.565316317467971,0.999999999946943
"BTF3",3.80110699926602e-07,1.17243416591829,0.330399951818168,0.565423676812911,0.999999999946943
"RBM6",3.79275963767392e-07,1.1713665879055,0.328950405897853,0.566277781671965,0.999999999946943
"HLA-DPA1",3.77226443456335e-07,1.16873667761609,0.325404866412425,0.568377479815787,0.999999999946943
"TGFB1",3.76168050708439e-07,1.16737369553123,0.32358143646656,0.569463240532906,0.999999999946943
"TPM4",3.74232817697133e-07,1.16487288257532,0.320260608506184,0.571451070877175,0.999999999946943
"PLIN3",3.7404026139781e-07,1.16462343595031,0.319931121997143,0.57164904104651,0.999999999946943
"STMN1",3.73838120884723e-07,1.16436145326534,0.319585418216462,0.571856899980523,0.999999999946943
"HIGD2A",3.73223843663156e-07,1.16356456701429,0.318536018790641,0.572488775088188,0.999999999946943
"SPCS2",3.72866489421262e-07,1.16310045536109,0.317926327291062,0.572856519334813,0.999999999946943
"LGALSL",3.72112968804814e-07,1.1621205555589,0.316642640056502,0.573632315623388,0.999999999946943
"SERPINE2",3.72112403798552e-07,1.1621198201612,0.316641678493999,0.573632897519217,0.999999999946943
"HERPUD1",3.71695365094783e-07,1.16157674812369,0.315932334562559,0.574062478932147,0.999999999946943
"MYL9",3.7117215904737e-07,1.16089467378873,0.315043534834071,0.574601636121851,0.999999999946943
"ARPC5",3.71011000235561e-07,1.16068441161686,0.314770017447718,0.574767756486536,0.999999999946943
"MAPRE2",3.70596892306333e-07,1.16014376486559,0.314067741693422,0.575194717602328,0.999999999946943
"CHMP2A",3.70120532979602e-07,1.15952119425081,0.313260865281275,0.575686047634207,0.999999999946943
"COX7A2",3.69888965995541e-07,1.15921829947985,0.312869002768219,0.575924963731594,0.999999999946943
"ISCA1",3.67556789542838e-07,1.15615852943347,0.308936117548279,0.578333760984721,0.999999999946943
"BEX4",3.66520042749051e-07,1.1547929123797,0.307195777940799,0.579406087604577,0.999999999946943
"GPAA1",3.64926324403305e-07,1.15268707766674,0.304530062149816,0.581056317609489,0.999999999946943
"STX11",3.64743759295322e-07,1.15244533769257,0.304225438158305,0.581245496618906,0.999999999946943
"GP9",3.64052581083378e-07,1.15152917316152,0.303073534896671,0.581961975495444,0.999999999946943
"NCL",3.63963323903466e-07,1.15141075147115,0.302924940027468,0.582054530022867,0.999999999946943
"PROM1",3.63178764931989e-07,1.15036875191664,0.301620378214279,0.582868367962202,0.999999999946943
"ZNF580",3.62989478360741e-07,1.15011706078875,0.301306054721052,0.583064797980165,0.999999999946943
"IL2RG",3.62040054128594e-07,1.14885290245218,0.29973194212411,0.584050517781105,0.999999999946943
"MCM3",3.57126828604866e-07,1.14226449682658,0.29165185274404,0.589163923666534,0.999999999946943
"MRPL27",3.56513609786833e-07,1.14143667293056,0.290651127833785,0.589803574132724,0.999999999946943
"IFITM1",3.56139200957291e-07,1.14093062495151,0.290040967642165,0.590194278446478,0.999999999946943
"ARF4",3.56121635136326e-07,1.14090687176512,0.290012357019965,0.590212611715727,0.999999999946943
"DHRS7",3.50617084703253e-07,1.13341271560668,0.281116239200546,0.595970525736277,0.999999999946943
"P4HB",3.50108664252837e-07,1.13271537535354,0.28030155203812,0.596503636961857,0.999999999946943
"EMB",3.48719834534599e-07,1.13080598214843,0.278082132556055,0.597961018953654,0.999999999946943
"PAFAH1B3",3.46947176833535e-07,1.12835926086991,0.275262152241174,0.599823520060882,0.999999999946943
"MZB1",3.45784835356371e-07,1.12674902264109,0.273420876724417,0.601046195853713,0.999999999946943
"RNH1",3.44858808456159e-07,1.12546278715526,0.271958371563298,0.602021095332121,0.999999999946943
"YIPF3",3.44857713356533e-07,1.12546126430299,0.271956644357666,0.602022248649304,0.999999999946943
"POLR2L",3.44166520645568e-07,1.12449924720126,0.270867580283196,0.60275038507462,0.999999999946943
"BCAP29",3.43966286492448e-07,1.12422024298931,0.270552493487014,0.602961395627617,0.999999999946943
"CDS2",3.42354164175036e-07,1.12196876597998,0.268022352537559,0.604661490539113,0.999999999946943
"PDIA4",3.41523572948466e-07,1.12080516692261,0.266723423005759,0.605538245180094,0.999999999946943
"CHST12",3.41369745389333e-07,1.12058939536564,0.266483204313821,0.605700684787552,0.999999999946943
"RPL21",3.41136367575785e-07,1.1202618783368,0.2661189657728,0.605947165522437,0.999999999946943
"EIF4G3",3.40802152048624e-07,1.11979250841025,0.26559778110568,0.606300223618694,0.999999999946943
"NDUFS8",3.38071120742779e-07,1.11594199089345,0.261358080640548,0.609188666777377,0.999999999946943
"CAPNS1",3.37970844753623e-07,1.11580009613971,0.261203059689889,0.609294838913429,0.999999999946943
"ACTG1",3.36583201978449e-07,1.11383275379326,0.259062564696886,0.610764917970702,0.999999999946943
"LINC00116",3.3514719662291e-07,1.11178940245863,0.256856740749019,0.612287886676933,0.999999999946943
"PAIP2",3.3507608575653e-07,1.11168801809711,0.256747753606616,0.61236334758467,0.999999999946943
"RPLP1",3.34563285668993e-07,1.11095635284357,0.25596250195932,0.612907638719388,0.999999999946943
"MTDH",3.3343595617609e-07,1.10934443873596,0.254240448521813,0.614104948031694,0.999999999946943
"PTPN11",3.33354818181587e-07,1.10922824063852,0.254116730309272,0.614191162478204,0.999999999946943
"LIPA",3.31145289834346e-07,1.10605446903963,0.250759242696618,0.616540978034944,0.999999999946943
"HLA-DPB1",3.31023463473156e-07,1.10587894208735,0.250574771000373,0.616670654027008,0.999999999946943
"NRDC",3.28115812725192e-07,1.10167284390606,0.246192096506838,0.619769194716106,0.999999999946943
"APEX1",3.24423728149664e-07,1.09628503818102,0.240682773195602,0.62371341437418,0.999999999946943
"CLNS1A",3.22288952284307e-07,1.09314540706345,0.237525708758373,0.625998917578286,0.999999999946943
"TSPO",3.20961486601208e-07,1.09118395916441,0.235573064272355,0.627421925682358,0.999999999946943
"PPCS",3.19558558765044e-07,1.08910332446429,0.233518177750873,0.628927334772307,0.999999999946943
"RHOF",3.18774682525895e-07,1.08793732163296,0.232373944018657,0.629769144455148,0.999999999946943
"EXOSC4",3.18010109655655e-07,1.08679762700781,0.231260594945249,0.630590687666605,0.999999999946943
"PRKACB",3.15976317394264e-07,1.08375435291627,0.228312059614012,0.632778245076393,0.999999999946943
"ACTR2",3.14431589947099e-07,1.08143148644627,0.226085197633004,0.634441912382392,0.999999999946943
"SRPK2",3.14412819456315e-07,1.08140319954255,0.226058205412208,0.634462139534299,0.999999999946943
"TFAM",3.13793285028222e-07,1.0804687432305,0.225168210788406,0.635129905298554,0.999999999946943
"MAGED2",3.13389740252143e-07,1.07985920498098,0.22458944105629,0.63556502613663,0.999999999946943
"RHOA",3.12293535419147e-07,1.07819997836648,0.223021007792153,0.63674764033897,0.999999999946943
"CD226",3.1085159969163e-07,1.07600971782798,0.220966277153143,0.638304647969959,0.999999999946943
"IGLL1",3.10392000953878e-07,1.07530974255477,0.220313356297883,0.638801260271731,0.999999999946943
"CAPZB",3.09701179159371e-07,1.07425591340915,0.219333769844046,0.63954802182151,0.999999999946943
"BLVRA",3.09021668878946e-07,1.07321734292829,0.218372352459462,0.640282912417233,0.999999999946943
"HOPX",3.08317239321647e-07,1.0721385863012,0.21737790691729,0.641045125829892,0.999999999946943
"SSRP1",3.07825778508675e-07,1.07138469756269,0.216685454060178,0.641577125104909,0.999999999946943
"TUFM",3.07600260539049e-07,1.07103840806797,0.216368076069829,0.641821306697584,0.999999999946943
"TNIK",3.07474572597343e-07,1.07084531467377,0.216191292720781,0.641957413249893,0.999999999946943
"C6orf25",3.07468372050141e-07,1.07083578704493,0.216182573360429,0.641964128088459,0.999999999946943
"RPL10",3.0526101390926e-07,1.06743333934593,0.213089705987229,0.644356427633875,0.999999999946943
"MSI2",3.05124837287075e-07,1.06722273497866,0.212899630198652,0.64450413471255,0.999999999946943
"S100A6",3.0430464878134e-07,1.06595253799033,0.211756602046318,0.645394067545681,0.999999999946943
"FAM177A1",3.04109734177484e-07,1.06565024271742,0.211485418311756,0.645605631374799,0.999999999946943
"MAP1A",3.02892729146083e-07,1.06375895533007,0.209796134529645,0.646927238586921,0.999999999946943
"ATP6V0C",3.02705603204518e-07,1.06346756603723,0.209536992142769,0.64713054704202,0.999999999946943
"SERINC1",3.02481085850276e-07,1.06311774462631,0.209226279397298,0.647374515246557,0.999999999946943
"GAPVD1",3.02216216106115e-07,1.06270475946588,0.208860018826123,0.647662380448786,0.999999999946943
"UQCC2",3.01209150871176e-07,1.0611316625787,0.207470383158657,0.648757357839005,0.999999999946943
"REXO2",2.99936821478981e-07,1.05913765243123,0.205721344989797,0.650141841835764,0.999999999946943
"TMBIM6",2.99776861425015e-07,1.05888644065264,0.205501975974852,0.650315987831846,0.999999999946943
"CAT",2.97958431333147e-07,1.05602243110501,0.203016410005971,0.652297024641346,0.999999999946943
"HSPB1",2.9785653416065e-07,1.05586149461151,0.2028775768085,0.652408106390195,0.999999999946943
"FLOT1",2.97442078519803e-07,1.05520640901859,0.20231337729058,0.652859998726195,0.999999999946943
"KRAS",2.95899507821836e-07,1.05276123487461,0.200220375252482,0.654543024246918,0.999999999946943
"HLA-DRA",2.95580671256397e-07,1.05225445530766,0.199789126250218,0.654891111088092,0.999999999946943
"MYLK",2.95115374735915e-07,1.05151402876753,0.199160614134294,0.655399228831939,0.999999999946943
"OSGEP",2.94671780356883e-07,1.0508071907025,0.198562338756518,0.655883795777351,0.999999999946943
"LAMTOR1",2.94660356780334e-07,1.0507889757731,0.198546943674531,0.655896276405903,0.999999999946943
"TESC",2.94516799118392e-07,1.05056002024166,0.198353527824106,0.656053126004452,0.999999999946943
"MICU1",2.94295087102186e-07,1.05020622801391,0.198054999470915,0.656295396027729,0.999999999946943
"PECAM1",2.93438285731863e-07,1.04883682257802,0.196903456126771,0.65723198298136,0.999999999946943
"EIF3D",2.92848325724279e-07,1.04789187998847,0.196112500108971,0.657877193431905,0.999999999946943
"GRINA",2.92452117285963e-07,1.0472563405746,0.195582199215287,0.658310650388713,0.999999999946943
"MYC",2.91865988573227e-07,1.04631478402747,0.19479901824609,0.658952093107927,0.999999999946943
"SEC62",2.91231183045921e-07,1.04529317592432,0.193952568030796,0.659647089456935,0.999999999946943
"EMD",2.90036018609881e-07,1.04336450060522,0.192363936180915,0.660956373768144,0.999999999946943
"ATP6V0E1",2.89832182500327e-07,1.04303487386143,0.192093646042517,0.661179776833608,0.999999999946943
"POLD4",2.88627853591708e-07,1.04108320806945,0.190500563578899,0.662500328989144,0.999999999946943
"HLA-DRB1",2.8790846381363e-07,1.03991402449103,0.189552121709777,0.663289644373559,0.999999999946943
"EAF2",2.87105821028258e-07,1.0386065312917,0.188496712874324,0.664170746375939,0.999999999946943
"TMEM147",2.87099464946583e-07,1.03859616464609,0.188488366911597,0.664177725626473,0.999999999946943
"GTF2H5",2.87086147874348e-07,1.03857444411291,0.188470881299198,0.664192348437895,0.999999999946943
"SEC61G",2.87080194652624e-07,1.03856473395118,0.188463064848841,0.664198885414473,0.999999999946943
"RAB7A",2.86475172021011e-07,1.03757698092366,0.187669528630575,0.664863367887594,0.999999999946943
"HSPA9",2.86327906590858e-07,1.03733628248907,0.187476631423692,0.665025146009603,0.999999999946943
"ACTN4",2.86297148542962e-07,1.03728599630894,0.187436355185472,0.665058937166656,0.999999999946943
"SNRPD2",2.85163827401689e-07,1.03542985047894,0.185955340536407,0.666304491200132,0.999999999946943
"AKR1A1",2.84220006708275e-07,1.03387916360234,0.184726446566882,0.667342481431074,0.999999999946943
"LIMS1",2.83972942913995e-07,1.03347250085746,0.184405432005447,0.667614301226969,0.999999999946943
"EBPL",2.81099845224844e-07,1.02872069222015,0.180692862680451,0.670778480263201,0.999999999946943
"ERBB2IP",2.80190428781519e-07,1.027207807206,0.179525595957029,0.67178125321048,0.999999999946943
"MYL12B",2.79973982254428e-07,1.02684710235873,0.179248336785868,0.672020005307896,0.999999999946943
"RPL15",2.7986485330928e-07,1.0266651486402,0.179108628306868,0.672140392919764,0.999999999946943
"MYL6B",2.78013780587269e-07,1.02356936345439,0.176747155248586,0.674183716717946,0.999999999946943
"ADI1",2.77829000567036e-07,1.0232593488113,0.176512285671648,0.674387820151679,0.999999999946943
"HEBP1",2.77792889143793e-07,1.02319874192824,0.176466403524009,0.674427710734856,0.999999999946943
"SPINT2",2.77677048624214e-07,1.02300427705048,0.17631926010537,0.674555680459494,0.999999999946943
"PRKAR2B",2.7702157879424e-07,1.02190258939473,0.175487822653294,0.675279959188721,0.999999999946943
"GOLGA2",2.76646488549742e-07,1.02127113214324,0.175012919524521,0.675694560433141,0.999999999946943
"CLTB",2.74369087473117e-07,1.0174211043379,0.17214330750566,0.678213965125401,0.999999999946943
"SRSF5",2.73730160438727e-07,1.01633598245873,0.171342496088906,0.678921434684874,0.999999999946943
"CNBP",2.72802621003957e-07,1.01475676819811,0.170183269364361,0.679948981755649,0.999999999946943
"SCP2",2.69351143897207e-07,1.00883901019251,0.165904220355918,0.683777809114092,0.999999999946943
"RARRES3",2.69246940898567e-07,1.0086593245165,0.165775879536743,0.683893531788721,0.999999999946943
"PTP4A2",2.69054940887806e-07,1.00832808486237,0.165539534255134,0.68410677690636,0.999999999946943
"ITGA4",2.68983206810369e-07,1.00820427600729,0.165451275383346,0.684186454938845,0.999999999946943
"YWHAZ",2.68609688076369e-07,1.00755913983307,0.164992092496,0.684601394575977,0.999999999946943
"ARHGAP18",2.68346038598123e-07,1.00710329827899,0.164668360831558,0.684894338468293,0.999999999946943
"VCP",2.68018535533451e-07,1.0065365130552,0.164266666928935,0.685258296799673,0.999999999946943
"EIF4EBP1",2.66890019897054e-07,1.00457884916626,0.162886260699535,0.686512989788935,0.999999999946943
"GUK1",2.66676771807528e-07,1.00420811381046,0.162626068827101,0.686750177975771,0.999999999946943
"TNFRSF1A",2.66589988655084e-07,1.0040571660227,0.162520241038384,0.686846712589885,0.999999999946943
"GDI2",2.6620453571762e-07,1.00338620476994,0.162050616373704,0.687275538970091,0.999999999946943
"PNN",2.64087582228901e-07,0.999686068391581,0.159483495762101,0.689632495368506,0.999999999946943
"RP11-354E11.2",2.63381167799328e-07,0.998445613287599,0.158631424178192,0.690419669243184,0.999999999946943
"COA3",2.63340557185697e-07,0.998374213612133,0.158582509345919,0.6904649327753,0.999999999946943
"ITGB1",2.62955708355327e-07,0.997697114578314,0.158119339534822,0.690893930187137,0.999999999946943
"RCAN3",2.62732734104668e-07,0.997304421499594,0.157851297486892,0.691142528739705,0.999999999946943
"ARPC1B",2.62076985853548e-07,0.996147862348842,0.157064326364471,0.691873828791459,0.999999999946943
"MTCH1",2.61396251083192e-07,0.994944567825651,0.156249449097563,0.692633298258371,0.999999999946943
"RPL23",2.61238345982612e-07,0.994665058893812,0.156060730761128,0.69280951106485,0.999999999946943
"UNC13D",2.60352768239738e-07,0.993094762708771,0.155004456584308,0.693798071542447,0.999999999946943
"RPL27",2.60260418756499e-07,0.992930742266859,0.154894513119475,0.693901190276194,0.999999999946943
"TUBA1C",2.59489908428568e-07,0.991560274341424,0.153978729183459,0.694761773717218,0.999999999946943
"ITGB3",2.59414213371953e-07,0.991425448469523,0.153888908899443,0.694846338817605,0.999999999946943
"MRPS6",2.59376398580338e-07,0.991358081024441,0.153844047418582,0.694888586217405,0.999999999946943
"MTURN",2.59031224630976e-07,0.990742754804484,0.15343485349468,0.695274264863285,0.999999999946943
"VPS13C",2.58121159631194e-07,0.989116996522657,0.152358609530505,0.696291499962116,0.999999999946943
"COPE",2.57979456846554e-07,0.988863407359577,0.152191372461301,0.696449939018275,0.999999999946943
"HLA-A",2.57897517590806e-07,0.988716714811123,0.152094709978826,0.696541562022576,0.999999999946943
"CARHSP1",2.56969937834766e-07,0.987053272743246,0.151002599715891,0.69757907352524,0.999999999946943
"TADA3",2.55834657408561e-07,0.985010234903889,0.149671303051874,0.698849670932398,0.999999999946943
"VDAC3",2.5569790452804e-07,0.984763604032646,0.149511336364072,0.699002780770216,0.999999999946943
"KRTCAP2",2.55627417229138e-07,0.984636436893941,0.149428917247657,0.699081703808812,0.999999999946943
"SEC11A",2.54740860775395e-07,0.983034377806866,0.14839422819538,0.700074638495868,0.999999999946943
"GRB2",2.53243908447718e-07,0.980318256260596,0.146655312824126,0.701752374120578,0.999999999946943
"SHPRH",2.51730739830767e-07,0.977558480309498,0.144907975771725,0.703449763189915,0.999999999946943
"AFF4",2.51681342565496e-07,0.977468144665768,0.144851110603736,0.703505199289663,0.999999999946943
"HLA-F",2.51472880686367e-07,0.977086748377856,0.144611256277603,0.703739163069565,0.999999999946943
"MIF",2.50505696660349e-07,0.975313608161372,0.143501023400301,0.704825032880106,0.999999999946943
"FAM204A",2.50465340502009e-07,0.975239493801162,0.143454791449284,0.704870354345119,0.999999999946943
"MBP",2.49988375483666e-07,0.974362756484935,0.142908945323918,0.705406083096712,0.999999999946943
"H3F3A",2.49915350356565e-07,0.974228396303251,0.142825466085071,0.705488118072956,0.999999999946943
"TMEM256",2.49330997075397e-07,0.973152002924449,0.14215833654929,0.706144692174721,0.999999999946943
"CD44",2.49213984614766e-07,0.97293619937448,0.142024936421197,0.706276192631295,0.999999999946943
"VDR",2.48134458090121e-07,0.970941083506003,0.14079717533161,0.707489794829801,0.999999999946943
"CST3",2.48103188150714e-07,0.970883179850566,0.140761691007833,0.70752495954695,0.999999999946943
"FGFR1OP2",2.47391311633597e-07,0.969563252513387,0.139955081586429,0.708325671348826,0.999999999946943
"PNP",2.46972095685636e-07,0.968784415902214,0.13948116282899,0.708797352325257,0.999999999946943
"UBE2C",2.46087494141615e-07,0.967137186029772,0.138483768513756,0.709793028368001,0.999999999946943
"RPS19BP1",2.45936160381585e-07,0.96685486935209,0.138313497159392,0.709963413971797,0.999999999946943
"ADAM10",2.45777213939642e-07,0.966558188283624,0.138134773265885,0.710142386254524,0.999999999946943
"ATP6AP2",2.45429090706673e-07,0.965907816250709,0.137743737280183,0.710534425770485,0.999999999946943
"BIN2",2.45149109501244e-07,0.965384166280815,0.137429645254826,0.710849782621074,0.999999999946943
"CD46",2.4510370964427e-07,0.965299205733661,0.137378747998738,0.710900923418651,0.999999999946943
"SPCS3",2.43480911291939e-07,0.962253300786004,0.135565638069883,0.71272978225465,0.999999999946943
"POMP",2.43338966911713e-07,0.961986039721709,0.135407620167778,0.712889829281638,0.999999999946943
"HLA-DRB5",2.4192133333051e-07,0.959309370673921,0.133834512165332,0.714488951034193,0.999999999946943
"EIF3F",2.4106227949424e-07,0.957680723435709,0.132885716782014,0.715458593483752,0.999999999946943
"ATP5E",2.40668133766913e-07,0.95693178749001,0.132451525924951,0.715903632580862,0.999999999946943
"MCM5",2.3736017398697e-07,0.950603763924965,0.128835482633398,0.719642518920186,0.999999999946943
"SH3GLB1",2.35858789451081e-07,0.947706317830196,0.127210780077451,0.721341710007029,0.999999999946943
"RPL36AL",2.35642916829506e-07,0.947288397744533,0.126978024219622,0.721586137090186,0.999999999946943
"CD74",2.34643759695975e-07,0.945349723907805,0.125903499888513,0.72271782733637,0.999999999946943
"AK3",2.34440235390568e-07,0.944953943697184,0.125685183327313,0.722948422579891,0.999999999946943
"TMEM55A",2.34213640919539e-07,0.944512948696785,0.125442342721485,0.723205186171965,0.999999999946943
"OXA1L",2.33428406663697e-07,0.942981859785793,0.124602626435455,0.724095208615417,0.999999999946943
"NRBP1",2.33319394394561e-07,0.942768948184093,0.12448627347288,0.724218797909406,0.999999999946943
"STK17A",2.32759368838883e-07,0.941673797558362,0.123889393584285,0.72485382284921,0.999999999946943
"TBCB",2.3264268831559e-07,0.941445336009051,0.123765215072078,0.724986153231183,0.999999999946943
"IFI16",2.32223558141088e-07,0.940623852312287,0.123319664785665,0.725461567265289,0.999999999946943
"PPP1R18",2.31758276521368e-07,0.939710401106378,0.122825994872375,0.725989454237924,0.999999999946943
"TUBA4A",2.31277030921119e-07,0.938763929262692,0.122316428610778,0.72653559016369,0.999999999946943
"POLR2E",2.31079786959179e-07,0.938375512013553,0.122107883136785,0.726759470341187,0.999999999946943
"TEX264",2.30246563885181e-07,0.936731521342086,0.121228882204586,0.727705470805726,0.999999999946943
"NOLC1",2.30024006602856e-07,0.93629152903629,0.120994634792258,0.727958221690062,0.999999999946943
"OTUD6B-AS1",2.29463297911515e-07,0.935181372697632,0.120405478405684,0.728595130982882,0.999999999946943
"DNPH1",2.29294801251792e-07,0.934847302292965,0.120228713996559,0.728786563066789,0.999999999946943
"BRK1",2.28277807380184e-07,0.932826410295146,0.119164575535905,0.729942346818165,0.999999999946943
"SMAP1",2.27843009161549e-07,0.931960021993778,0.118711064943963,0.730436669692359,0.999999999946943
"OSBPL8",2.27327452101766e-07,0.930930846222332,0.118174440323904,0.731022952553764,0.999999999946943
"DMTN",2.26956742278475e-07,0.930189564771757,0.117789333240568,0.731444614704328,0.999999999946943
"PNRC1",2.26864644303068e-07,0.930005239827174,0.117693755925339,0.73154938370141,0.999999999946943
"SLC30A5",2.2590995814672e-07,0.928090686068813,0.116705288257543,0.732635712033149,0.999999999946943
"IFITM3",2.25250963706734e-07,0.926765010588914,0.116025407090522,0.733385888313977,0.999999999946943
"SPNS1",2.25243479411287e-07,0.926749935335065,0.116017696988107,0.733394409638742,0.999999999946943
"GTF2A2",2.23167718076664e-07,0.922551913527349,0.113889196997962,0.735759054504728,0.999999999946943
"DBI",2.22472712077067e-07,0.921138741081502,0.113180936657577,0.736551345506463,0.999999999946943
"TAF15",2.22389609434867e-07,0.920969509522843,0.113096397047295,0.736646099394102,0.999999999946943
"SRC",2.21842435475188e-07,0.919853860134303,0.112540550272991,0.737270088749256,0.999999999946943
"MYL12A",2.2143027273688e-07,0.919011907474788,0.112122758864138,0.737740227649286,0.999999999946943
"CA2",2.21356232842078e-07,0.918860516761528,0.112047790168413,0.737824692640182,0.999999999946943
"GNG5",2.20431409030661e-07,0.916965791968959,0.111113477254585,0.738880001550789,0.999999999946943
"PSIP1",2.2041625472944e-07,0.916934687185574,0.111098200037689,0.738897298103048,0.999999999946943
"SLMAP",2.1874539438868e-07,0.913493718639186,0.109420229452114,0.740805164085412,0.999999999946943
"UNC45A",2.18436680107926e-07,0.912855451678968,0.109111598945417,0.741157843320832,0.999999999946943
"PTPN6",2.17413901087823e-07,0.910735234368594,0.108092211628664,0.7423266676753,0.999999999946943
"PDCD10",2.17073392889347e-07,0.910027436806489,0.107753894147331,0.742715929975035,0.999999999946943
"ENSA",2.15717733756106e-07,0.907199883814358,0.106412215099441,0.744266344501759,0.999999999946943
"CDC42SE1",2.14961444768798e-07,0.905615737660845,0.105667377763836,0.745131733822022,0.999999999946943
"TSPAN3",2.13633047129587e-07,0.902821461006114,0.104365427284237,0.746652541095557,0.999999999946943
"ARPC4",2.12766459516315e-07,0.90099044198723,0.103520442368848,0.747645180646062,0.999999999946943
"EZR",2.12404138694071e-07,0.900222968067893,0.103168171846932,0.748060328051193,0.999999999946943
"PA2G4",2.12385937191235e-07,0.900184383312218,0.103150491067958,0.748081185271944,0.999999999946943
"USP10",2.11972316701979e-07,0.899306786794592,0.10274911221903,0.748555205361159,0.999999999946943
"MRPS36",2.11863974995858e-07,0.899076667322055,0.102644106344325,0.748679383555419,0.999999999946943
"CDC5L",2.11787337538685e-07,0.898913826346199,0.102569860965395,0.748767227174038,0.999999999946943
"POLD2",2.11418765019177e-07,0.898129958483373,0.102213167906388,0.749189739013001,0.999999999946943
"EHD3",2.11417779747264e-07,0.898127861447037,0.102212215223415,0.749190868577027,0.999999999946943
"LYL1",2.10899382905012e-07,0.897023333521846,0.101711580620379,0.749785258694618,0.999999999946943
"NPR3",2.10334611960549e-07,0.895817306843995,0.101167559771369,0.75043299017513,0.999999999946943
"FCGR2A",2.10043856116191e-07,0.895195320402065,0.100888055337459,0.750766524476977,0.999999999946943
"EIF3M",2.09447016890792e-07,0.893916208619392,0.100315523476734,0.751451321623806,0.999999999946943
"SDCBP",2.09162846937113e-07,0.893306077247714,0.100043499365873,0.751777439355695,0.999999999946943
"ANXA6",2.09139769132664e-07,0.893256496049723,0.100021424155293,0.751803925739634,0.999999999946943
"PPP1R12A",2.09077778361475e-07,0.893123289247142,0.0999621385749492,0.751875073962087,0.999999999946943
"RUFY1",2.08653847512632e-07,0.892211417633039,0.0995571785426428,0.752361685560223,0.999999999946943
"HDGF",2.08310695748629e-07,0.891472120151788,0.0992299846810869,0.752755646494016,0.999999999946943
"EEF1D",2.07832039942387e-07,0.890439116849291,0.098774487771572,0.753305282586023,0.999999999946943
"ANXA5",2.07549471809875e-07,0.889828325130387,0.098506083063571,0.753629811709426,0.999999999946943
"HINT2",2.074371266995e-07,0.889585281959058,0.0983994705868475,0.753758852014668,0.999999999946943
"SPG20",2.07255117757697e-07,0.88919128756293,0.0982268715279391,0.753967923231981,0.999999999946943
"CNPPD1",2.06527079997355e-07,0.887612289782372,0.0975379884885189,0.754804390604795,0.999999999946943
"COX7C",2.06148435337342e-07,0.886789155042863,0.0971806660212301,0.755239542113643,0.999999999946943
"SSR1",2.05249184339216e-07,0.884828992263137,0.0963346813605535,0.756273303464035,0.999999999946943
"SDPR",2.03974034479937e-07,0.882036608977305,0.0951414043331689,0.757739938551163,0.999999999946943
"CD52",2.03392555756367e-07,0.880758215346719,0.0945997290466166,0.75840902607232,0.999999999946943
"NHP2",2.02107508035468e-07,0.877921694975571,0.0934081304913209,0.759888327440796,0.999999999946943
"UNG",2.01685421624111e-07,0.876986589159495,0.0930183861069419,0.760374410335489,0.999999999946943
"WRB",2.01274110824778e-07,0.876073716904816,0.0926393755283091,0.760848174869067,0.999999999946943
"PHB",2.01033878304122e-07,0.875539788609013,0.0924183663852839,0.761124925977091,0.999999999946943
"GSTK1",2.00308080483539e-07,0.873923289888855,0.091752250161838,0.761961240404512,0.999999999946943
"MEIS1",1.9977607882065e-07,0.872735175287839,0.0912655246262098,0.762574426172083,0.999999999946943
"M6PR",1.99709909072743e-07,0.872587206585628,0.091205076782078,0.762650703933825,0.999999999946943
"PDE5A",1.98966221545378e-07,0.870921233735659,0.0905270754957939,0.763508154679108,0.999999999946943
"RSL1D1",1.98809456722787e-07,0.870569365659797,0.0903844797313745,0.763688937162971,0.999999999946943
"FAU",1.98304343770451e-07,0.86943396522263,0.0899257855084749,0.764271525173825,0.999999999946943
"COX8A",1.98226454723254e-07,0.869258661240076,0.0898551581276162,0.764361372856005,0.999999999946943
"PIN1",1.98152849450841e-07,0.869092943625503,0.0897884406404546,0.76444628197273,0.999999999946943
"C4orf3",1.98118087573616e-07,0.86901466084131,0.0897569403013816,0.764486383349539,0.999999999946943
"EIF2S3",1.97529524565863e-07,0.867687416230931,0.0892244382357189,0.765165446697494,0.999999999946943
"ORAI1",1.96117538299883e-07,0.86448922239082,0.0879534039277556,0.766795282145303,0.999999999946943
"ALOX12",1.95654612909777e-07,0.863436321250475,0.0875386749818097,0.76732985532225,0.999999999946943
"BZW2",1.95253781421789e-07,0.862522897685072,0.0871803668926696,0.767792813670695,0.999999999946943
"CISD2",1.95243933127917e-07,0.862500434654291,0.0871715726330746,0.767804189444089,0.999999999946943
"REEP5",1.94959578513858e-07,0.86185142310788,0.0869178429724204,0.768132669285788,0.999999999946943
"COMMD7",1.94898693020365e-07,0.861712350912558,0.0868635629061946,0.76820300820786,0.999999999946943
"NRGN",1.94845230801295e-07,0.86159020349725,0.0868159147478016,0.768264772849491,0.999999999946943
"FYN",1.94772488397016e-07,0.861423958990491,0.0867511041337312,0.768348814158112,0.999999999946943
"POLR2K",1.94099303919851e-07,0.859882904304436,0.0861524715935827,0.769126691854156,0.999999999946943
"UBE2L3",1.93382497689595e-07,0.858236871293019,0.0855173266175661,0.769955230859152,0.999999999946943
"COX6A1",1.93267283376157e-07,0.857971804775093,0.0854154571607975,0.770088428827413,0.999999999946943
"PSAP",1.92753871734663e-07,0.856788956472259,0.0849622501668262,0.770682060636925,0.999999999946943
"EIF3H",1.91630342418583e-07,0.854190867948852,0.0839746759611891,0.771981608795694,0.999999999946943
"RANBP1",1.91503307270055e-07,0.853896274202607,0.083863376264248,0.772128586368213,0.999999999946943
"CDK4",1.91389638746281e-07,0.853632533441351,0.0837638500761504,0.772260105907921,0.999999999946943
"C9orf16",1.91271714201931e-07,0.853358773554509,0.0836606598427073,0.772396556767867,0.999999999946943
"IARS2",1.91150348053803e-07,0.853076870691157,0.0835545244348255,0.772536997267612,0.999999999946943
"MEA1",1.90635679237764e-07,0.851879692456657,0.0831051921021257,0.773132636072007,0.999999999946943
"SNHG8",1.90244973522352e-07,0.85096898777433,0.0827648948341004,0.773584898610246,0.999999999946943
"ATP5G2",1.88669018051919e-07,0.847278962312483,0.0813993550121192,0.775409929431682,0.999999999946943
"TET2",1.88526714047212e-07,0.846944445819677,0.0812766100495812,0.775574785432249,0.999999999946943
"SRM",1.88184903518188e-07,0.846140047592535,0.0809821582345648,0.775970806580618,0.999999999946943
"OST4",1.87583741126993e-07,0.844722216461143,0.0804655847301549,0.776667453662986,0.999999999946943
"PSMD2",1.87547008355473e-07,0.844635454780512,0.0804340741682539,0.776710026656959,0.999999999946943
"ERBB2",1.87087897886913e-07,0.843549801110899,0.0800407549014623,0.777242188626337,0.999999999946943
"EIF4G2",1.86568005081153e-07,0.842317614511439,0.0795965274008548,0.777844930532872,0.999999999946943
"CBX3",1.85659411957451e-07,0.840156988442328,0.0788231391148758,0.778898636099013,0.999999999946943
"RPN2",1.85267789171985e-07,0.839222875330083,0.0784909568667171,0.779352930891404,0.999999999946943
"TMED4",1.84236763438399e-07,0.836755396002145,0.0776197744845856,0.780549313368199,0.999999999946943
"MT-ND3",1.84233881387467e-07,0.83674848178051,0.0776173460616203,0.780552658374571,0.999999999946943
"CCNDBP1",1.84092680757098e-07,0.83640961729928,0.0774984165979326,0.780716545603295,0.999999999946943
"SERPINB1",1.84079811839204e-07,0.836378722207917,0.0774875819911756,0.780731482644988,0.999999999946943
"ADK",1.8342637810986e-07,0.834807514203127,0.0769384383081088,0.78149003392786,0.999999999946943
"CLU",1.83163023162413e-07,0.834172889608025,0.0767176677418605,0.781795813481202,0.999999999946943
"RNASET2",1.83016660151286e-07,0.833819845333796,0.076595108697537,0.781965769116194,0.999999999946943
"LAIR1",1.8295945678067e-07,0.833681797526168,0.0765472353110392,0.782032196072796,0.999999999946943
"RPL36A",1.82736324159003e-07,0.833142956702025,0.0763606391074812,0.782291322236278,0.999999999946943
"RAB6A",1.82382866326101e-07,0.832288222241994,0.0760655235832545,0.782701845823325,0.999999999946943
"PTGS1",1.82007170215194e-07,0.83137812979716,0.0757524669009138,0.783138264408309,0.999999999946943
"H2AFY",1.81749289690894e-07,0.830752489494343,0.0755379561591839,0.783437864785255,0.999999999946943
"IQGAP2",1.81728564592757e-07,0.83070217510953,0.0755207297667467,0.783461944179729,0.999999999946943
"PSMD8",1.81248835383426e-07,0.829536137810012,0.0751225350137156,0.784019374068659,0.999999999946943
"STIP1",1.80786566277783e-07,0.828409996670165,0.0747398286399691,0.784556620751649,0.999999999946943
"C19orf33",1.80520630008662e-07,0.827761009610909,0.0745201064248337,0.78486573700463,0.999999999946943
"ARPC2",1.80437544440821e-07,0.827558078276641,0.074451525670247,0.784962320108407,0.999999999946943
"FEZ2",1.7853838518391e-07,0.822897191727607,0.072892524292592,0.787170904361725,0.999999999946943
"KIT",1.78139214715819e-07,0.821912072266281,0.0725669470622679,0.787635329062256,0.999999999946943
"ABCC4",1.78077163229516e-07,0.821758761955016,0.0725164011711751,0.787707531177122,0.999999999946943
"PYURF",1.77937502202017e-07,0.821413532050674,0.0724027005318551,0.787870045183611,0.999999999946943
"VCL",1.77896039405446e-07,0.821310994250668,0.0723689620715226,0.78791829438859,0.999999999946943
"ATOX1",1.7780036289322e-07,0.821074306178702,0.0722911396763411,0.788029633825159,0.999999999946943
"SERBP1",1.77257786061398e-07,0.819729960249495,0.0718506045779052,0.788661116200237,0.999999999946943
"MCM6",1.75792293065232e-07,0.816080926075734,0.0706674544750964,0.790367435031769,0.999999999946943
"SSSCA1",1.75493148086284e-07,0.815332813533574,0.0704271501130779,0.790715862614188,0.999999999946943
"SHKBP1",1.75298134313894e-07,0.814844518558288,0.0702707151366894,0.790943026434768,0.999999999946943
"CKAP5",1.74840530936145e-07,0.813696867558527,0.069904320524501,0.791476140183009,0.999999999946943
"KXD1",1.74806731406122e-07,0.813611996103536,0.0698772958433218,0.791515520936338,0.999999999946943
"AP2B1",1.74738422263168e-07,0.813440426571675,0.0698226946785878,0.791595111404135,0.999999999946943
"SDHC",1.74541248403645e-07,0.812944864868649,0.0696652085047708,0.791824860911248,0.999999999946943
"C20orf24",1.74444800789764e-07,0.812702283427448,0.0695882388853216,0.791937249493225,0.999999999946943
"POLE3",1.73967609997602e-07,0.811500351617217,0.0692080447118251,0.792493374486674,0.999999999946943
"RER1",1.73730235189861e-07,0.810901391609815,0.0690193079886453,0.792770053832951,0.999999999946943
"C1orf186",1.7349183527358e-07,0.81029912804545,0.06883001557609,0.79304795428772,0.999999999946943
"SEPT5",1.73440739000896e-07,0.81016995117332,0.0687894783446111,0.793107520135669,0.999999999946943
"NREP",1.73367699045984e-07,0.809985240819381,0.0687315528251097,0.793192669085266,0.999999999946943
"GPX4",1.73279603171996e-07,0.809762365549755,0.0686617194264946,0.793295373293378,0.999999999946943
"CERS2",1.72933082597713e-07,0.808884739722525,0.0683873777502027,0.793699389766644,0.999999999946943
"CLINT1",1.7279225103615e-07,0.808527621156587,0.06827603780976,0.79386360442039,0.999999999946943
"N4BP2L1",1.7234792206187e-07,0.807399236427682,0.0679253505955659,0.794381767812759,0.999999999946943
"LINC00989",1.72320305770331e-07,0.807329020658068,0.0679035842061174,0.794413976118032,0.999999999946943
"RAD23B",1.69297746408359e-07,0.799584198738621,0.0655423697331906,0.7979412311699,0.999999999946943
"DAD1",1.68864294355842e-07,0.798463703681465,0.0652071838611776,0.798447399631552,0.999999999946943
"MAPRE1",1.68036513989546e-07,0.796316881137618,0.0645694536962431,0.79941428461368,0.999999999946943
"NIPSNAP3A",1.67967751912121e-07,0.796138135284026,0.0645166196872641,0.799494615692842,0.999999999946943
"PHYKPL",1.67671701794638e-07,0.795367830307356,0.0642893936844673,0.799840499526763,0.999999999946943
"BUD31",1.67620714771992e-07,0.79523504566754,0.0642503003091733,0.79990007309134,0.999999999946943
"ZNF428",1.6614459031009e-07,0.791375483703581,0.0631236634579957,0.801625289837907,0.999999999946943
"PLEKHB2",1.66066490555686e-07,0.791170449788633,0.0630643321984897,0.801716595757603,0.999999999946943
"NCF4",1.65186656409448e-07,0.788854822931206,0.0623978621893376,0.802745391002964,0.999999999946943
"PHB2",1.65022228157226e-07,0.788420876400265,0.0622737012527082,0.802937695904576,0.999999999946943
"ARL6IP5",1.64078318986969e-07,0.785922481611308,0.0615633410947881,0.804041862996633,0.999999999946943
"EIF4E2",1.64060759347964e-07,0.785875885381801,0.0615501647993896,0.804062407642447,0.999999999946943
"TUBA1A",1.63287252581949e-07,0.783818991889581,0.0609711447393841,0.8049675388521,0.999999999946943
"DNM3",1.63075606387972e-07,0.783254709907048,0.0608131906124665,0.805215245609821,0.999999999946943
"FBXO9",1.63037515229543e-07,0.783153085260966,0.0607847844713866,0.805259828867864,0.999999999946943
"SLC38A1",1.62881915280356e-07,0.782737740452848,0.0606688161184511,0.805441955203599,0.999999999946943
"GNB2",1.62631338977769e-07,0.782068148114949,0.060482294807605,0.805735271465412,0.999999999946943
"SNRPF",1.62512354172593e-07,0.781749881509282,0.0603938267231997,0.805874560683708,0.999999999946943
"SEPT11",1.59066887009794e-07,0.772444685273059,0.0578601225501706,0.809910641200507,0.999999999946943
"AASDHPPT",1.58183177576084e-07,0.770029810505398,0.0572190148460759,0.810946653599949,0.999999999946943
"TRBC2",1.57934934900103e-07,0.769349337253222,0.0570395639589188,0.811237739343787,0.999999999946943
"CLIC1",1.57823943225099e-07,0.769044790122423,0.0569594209283049,0.811367895009621,0.999999999946943
"ALDOA",1.57684437668641e-07,0.768661740146477,0.0568587689787832,0.811531495201481,0.999999999946943
"MRPL11",1.57467531462974e-07,0.768065579998473,0.0567024499717144,0.811785880601892,0.999999999946943
"UBA52",1.56157991043704e-07,0.764451097723053,0.0557632672572264,0.813322117519728,0.999999999946943
"VAMP8",1.55878271534297e-07,0.763675623775618,0.0555636731979553,0.813650353019557,0.999999999946943
"FRMD4B",1.55773481035579e-07,0.763384798538965,0.0554889920016612,0.813773327351647,0.999999999946943
"SIVA1",1.55179544539896e-07,0.761733222593672,0.0550666594226113,0.814470413686263,0.999999999946943
"HLA-B",1.53772377189919e-07,0.757798217352485,0.0540724990773854,0.816122551375998,0.999999999946943
"TTC3",1.53424393689562e-07,0.75682028636889,0.0538280462391451,0.816531240860915,0.999999999946943
"PFDN5",1.5315411380855e-07,0.756059392126862,0.0536385610759503,0.816848705706543,0.999999999946943
"PPP3CA",1.51455132933902e-07,0.75124948071619,0.0524551071405903,0.818844977708763,0.999999999946943
"TBXA2R",1.51377645369787e-07,0.751028991889596,0.052401446645528,0.818936052316153,0.999999999946943
"NAPA",1.51243220131423e-07,0.750646255408958,0.052308421690296,0.819094054118658,0.999999999946943
"FAAP20",1.50625478470551e-07,0.748883603528093,0.0518819946272123,0.81982023455945,0.999999999946943
"TAPBP",1.49015516897323e-07,0.744260045468237,0.0507788396549011,0.821713534521165,0.999999999946943
"GCSH",1.48269778705349e-07,0.742103660604032,0.0502718727614593,0.822590868490693,0.999999999946943
"FBXO7",1.48044607902577e-07,0.741450699805182,0.0501192973325945,0.822855817440155,0.999999999946943
"ENY2",1.47550977163365e-07,0.740016218069511,0.0497856252094149,0.823436722463235,0.999999999946943
"PNISR",1.47305826679171e-07,0.739302263297208,0.0496203286955253,0.82372525171555,0.999999999946943
"CD36",1.46770090406025e-07,0.737738427570502,0.0492600568720687,0.82435586806954,0.999999999946943
"CAPG",1.4664587588121e-07,0.737375131384521,0.0491767125707753,0.82450209747066,0.999999999946943
"ROCK1",1.46351896043596e-07,0.736514246825983,0.0489797418614384,0.824848204408973,0.999999999946943
"INPP5D",1.45655170768909e-07,0.734467948118965,0.0485145043620749,0.825668605553402,0.999999999946943
"LSM7",1.44815925383755e-07,0.731991728717751,0.0479570469800841,0.826657078323513,0.999999999946943
"SF3A3",1.44638449156651e-07,0.731466481147057,0.0478395734307878,0.826866147090825,0.999999999946943
"LSM5",1.44604906598574e-07,0.731367147698555,0.0478173874129757,0.8269056619385,0.999999999946943
"CDC42",1.44550094682014e-07,0.731204783699269,0.047781144300928,0.826970234120724,0.999999999946943
"MRPL3",1.44117110051221e-07,0.729920309645753,0.047495326210625,0.827480360685153,0.999999999946943
"GLG1",1.44041096762354e-07,0.729694465500215,0.047445237448148,0.827569924263672,0.999999999946943
"SF3B4",1.44008188776788e-07,0.729596659966043,0.0474235610117436,0.82760869919198,0.999999999946943
"TCEB2",1.43818949638294e-07,0.729033846339845,0.0472990056327209,0.827831684653084,0.999999999946943
"LRRC59",1.43575307493332e-07,0.728308284082187,0.0471388838984592,0.828118795043615,0.999999999946943
"LYN",1.43534751295171e-07,0.728187404434142,0.0471122567027769,0.828166589112276,0.999999999946943
"TNFRSF14",1.43279033226385e-07,0.727424539773525,0.046944538105532,0.828467958606272,0.999999999946943
"BCAP31",1.43169732569652e-07,0.727098109919951,0.0468729419814221,0.82859677959352,0.999999999946943
"PSME2",1.43100574447224e-07,0.726891455016623,0.0468276689804337,0.828678291252849,0.999999999946943
"SLC44A1",1.43081390529478e-07,0.726834115184511,0.046815114482476,0.828700902271168,0.999999999946943
"ACADM",1.42995894987905e-07,0.726578491670722,0.0467591842493688,0.828801672842792,0.999999999946943
"ATP2C1",1.42242846244159e-07,0.724321186908663,0.0462679921361244,0.82968938627886,0.999999999946943
"PCBP2",1.42176167349945e-07,0.724120812653096,0.0462246243951542,0.829767999589359,0.999999999946943
"MRPL4",1.41945111356693e-07,0.723425841919858,0.0460745036249391,0.830040423953678,0.999999999946943
"CYCS",1.4152833628895e-07,0.722169772760299,0.0458043356286214,0.830531870266968,0.999999999946943
"C2orf88",1.41489835009973e-07,0.722053576018116,0.0457794178534754,0.830577272951398,0.999999999946943
"NQO2",1.41434879699155e-07,0.721887673401865,0.0457438628815086,0.830642080054533,0.999999999946943
"CNOT7",1.41016255814676e-07,0.720622061041379,0.0454734750680963,0.831135788067178,0.999999999946943
"ATP8B4",1.41012158521044e-07,0.720609657681366,0.0454708326000782,0.83114062057861,0.999999999946943
"SDHA",1.40976267914983e-07,0.720500995949471,0.0454476889496169,0.831182951662943,0.999999999946943
"SNRPD1",1.39010090142205e-07,0.714511143101353,0.0441888231380725,0.833502700164416,0.999999999946943
"CDK5RAP3",1.38869168937982e-07,0.714079009778337,0.0440992758859714,0.833669018658112,0.999999999946943
"HLA-C",1.38520655916409e-07,0.713008657953112,0.0438782061354451,0.834080373809287,0.999999999946943
"YWHAB",1.38367392292876e-07,0.71253721355798,0.0437811633878053,0.834261287548614,0.999999999946943
"LMNA",1.38128993863497e-07,0.711802987857856,0.0436304288982265,0.834542712601131,0.999999999946943
"CLEC1B",1.3688853342183e-07,0.707964701069115,0.0428503059065801,0.836007395048277,0.999999999946943
"SOD1",1.36249768424455e-07,0.705976390911143,0.0424513329120937,0.836761843533426,0.999999999946943
"HNRNPM",1.35449359494953e-07,0.703473446989624,0.0419540311994056,0.837707422356754,0.999999999946943
"CCPG1",1.35304585948337e-07,0.703019354912039,0.0418643949259059,0.837878478509383,0.999999999946943
"CASP8",1.35146147968417e-07,0.702521918790098,0.0417664082000642,0.838065688557012,0.999999999946943
"CALM1",1.35050749025482e-07,0.70222215698291,0.0417074636434657,0.83817841620793,0.999999999946943
"ETV6",1.34836176188214e-07,0.701547254260957,0.0415750366940511,0.838431977186605,0.999999999946943
"PCNA",1.34643627990797e-07,0.70094083053435,0.0414563818519449,0.838659525904491,0.999999999946943
"ATF4",1.34612305583999e-07,0.700842110393556,0.0414370959393737,0.838696543229745,0.999999999946943
"FAM50A",1.34166911094848e-07,0.69943617536286,0.0411633420434461,0.839222956200337,0.999999999946943
"STXBP2",1.34028549856273e-07,0.698998596892573,0.0410784854389066,0.839386500384209,0.999999999946943
"SSR3",1.32493945314451e-07,0.694118754750574,0.0401431871601996,0.84120087976262,0.999999999946943
"TUBB4B",1.31801034797128e-07,0.691899260671897,0.0397244072367632,0.842020392360581,0.999999999946943
"PIK3R1",1.30587774659476e-07,0.687988448106693,0.0389964279486945,0.843455739675379,0.999999999946943
"ANXA1",1.30444758784166e-07,0.687525371726111,0.0389110592478428,0.843624968955285,0.999999999946943
"FLT3",1.30444053267378e-07,0.68752308621279,0.0389106383442887,0.843625803804269,0.999999999946943
"ORAI2",1.30251701264773e-07,0.686899562691594,0.0387959681743121,0.843853423470343,0.999999999946943
"CLTC",1.30210480994872e-07,0.686765839872075,0.0387714168291795,0.843902203157831,0.999999999946943
"RHEB",1.30195784437608e-07,0.686718153815012,0.0387626652419505,0.843919595073039,0.999999999946943
"DCTN2",1.29562113839259e-07,0.684657610065766,0.0383862630846005,0.844669553529215,0.999999999946943
"ZCRB1",1.29429927469904e-07,0.6842266671368,0.0383079755028112,0.844826015810764,0.999999999946943
"TRAPPC6A",1.292178669233e-07,0.68353452469507,0.0381825492518433,0.845077033877983,0.999999999946943
"CAPN1",1.28628990306869e-07,0.681607301080979,0.0378353282889171,0.845774175089166,0.999999999946943
"MPHOSPH8",1.28574921598908e-07,0.681429965305659,0.0378035271007349,0.845838190356245,0.999999999946943
"IPO5",1.27759617820841e-07,0.678748018872185,0.0373256168247994,0.846803601754135,0.999999999946943
"TIMM13",1.27254797160377e-07,0.677079935971773,0.0370312277855532,0.847401481587128,0.999999999946943
"HMGN1",1.27202412665586e-07,0.676906511986159,0.0370007462173959,0.847463527730894,0.999999999946943
"TOMM7",1.27152428131498e-07,0.676740975373658,0.0369716728429899,0.847522732153418,0.999999999946943
"PJA2",1.27046532602413e-07,0.676390088075743,0.0369101167310658,0.847648163465806,0.999999999946943
"NOP58",1.26695621594352e-07,0.675225515076664,0.0367065019037945,0.848063838684538,0.999999999946943
"SMARCC1",1.26115091850501e-07,0.673292728470755,0.03637088816133,0.848751603859972,0.999999999946943
"USP47",1.25372478642084e-07,0.670808995539805,0.0359438182446366,0.84963156035392,0.999999999946943
"LAMTOR5",1.25228583955189e-07,0.670326248027779,0.0358613574620517,0.849802089480066,0.999999999946943
"PPM1K",1.24767354284216e-07,0.668775625068586,0.0355976818421064,0.850348738587404,0.999999999946943
"HLA-E",1.24701392607764e-07,0.668553458980729,0.0355600524141767,0.850426922209516,0.999999999946943
"ARMCX3",1.24426013908254e-07,0.667624847986661,0.0354031709489136,0.850753341315611,0.999999999946943
"XRN1",1.23805982411275e-07,0.665527463384681,0.0350512125793644,0.851488386862507,0.999999999946943
"RRM1",1.23621820717723e-07,0.664902738467976,0.0349470126115979,0.851706734901782,0.999999999946943
"CNST",1.23408233545179e-07,0.664177179858399,0.0348263577722273,0.851959984973613,0.999999999946943
"LDHA",1.22629059393837e-07,0.66152101982387,0.0343879731998641,0.8528839801232,0.999999999946943
"DOK2",1.22384432433744e-07,0.660684072281012,0.0342509121343673,0.853174116314367,0.999999999946943
"C10orf54",1.22331257434659e-07,0.66050195097687,0.0342211551380372,0.85323718636582,0.999999999946943
"MGMT",1.219761544111e-07,0.659283975121609,0.0340227692396726,0.853658392652921,0.999999999946943
"CORO1C",1.21963140478445e-07,0.659239279778575,0.0340155096829229,0.853673829953023,0.999999999946943
"PARP1",1.2182065987255e-07,0.658749669644536,0.0339360804475742,0.8538428460074,0.999999999946943
"KPNB1",1.21257432779515e-07,0.656809346961587,0.0336230049042474,0.854511033564491,0.999999999946943
"APLP2",1.20757028243029e-07,0.655078860514632,0.0333460670386879,0.855104778801635,0.999999999946943
"PTPN12",1.20655549890484e-07,0.654727170055363,0.0332900457509539,0.855225195977933,0.999999999946943
"CD53",1.20114304526515e-07,0.652847034927476,0.0329920458738222,0.855867510412057,0.999999999946943
"F13A1",1.20044755563111e-07,0.652604907195222,0.0329538506180995,0.855950053484689,0.999999999946943
"GOLPH3",1.19898782190038e-07,0.652096318470545,0.0328737561564121,0.856123304767107,0.999999999946943
"BPTF",1.19696675040038e-07,0.65139126308158,0.03276302239741,0.856363190938373,0.999999999946943
"LAPTM5",1.19273966968074e-07,0.649913282112529,0.0325320261754528,0.856864956892892,0.999999999946943
"CCT4",1.19204978437977e-07,0.649671634260286,0.0324944037561203,0.856946853647403,0.999999999946943
"ARL2BP",1.18418797125656e-07,0.646909230408743,0.0320672026251271,0.857880243414143,0.999999999946943
"PHPT1",1.1817029378453e-07,0.646032746222529,0.0319327569819504,0.858175319140095,0.999999999946943
"SNU13",1.1792460880779e-07,0.645164624978231,0.0318001137800626,0.858467067787726,0.999999999946943
"NGFRAP1",1.17870376139556e-07,0.644972783353915,0.0317708712246496,0.858531471187613,0.999999999946943
"ENO1",1.17682720212215e-07,0.644308379768456,0.0316697899081684,0.858754327151894,0.999999999946943
"GSR",1.17590708309174e-07,0.643982271031428,0.0316202863199112,0.858863602534385,0.999999999946943
"SSX2IP",1.17450607562657e-07,0.643485299189101,0.0315449846782082,0.85902999448886,0.999999999946943
"CCNG1",1.17104878580327e-07,0.642256703426824,0.0313595456389546,0.859440629504226,0.999999999946943
"HACD4",1.16807745657486e-07,0.641198276787543,0.0312006089278994,0.859793575577256,0.999999999946943
"UBC",1.16752790580723e-07,0.641002262969083,0.0311712576463786,0.859858856432266,0.999999999946943
"PAK2",1.16326658034776e-07,0.639479603055026,0.0309441307992678,0.860365089583063,0.999999999946943
"ABLIM1",1.16116080859364e-07,0.638725375122334,0.0308322006544901,0.860615270381328,0.999999999946943
"RBMX",1.15612271068542e-07,0.636916030761243,0.0305652287488677,0.861213889299111,0.999999999946943
"MZT2A",1.15254040407387e-07,0.635625331419666,0.0303761062905883,0.861639581896646,0.999999999946943
"SETD5",1.14463917473411e-07,0.632766148660532,0.0299610477066556,0.862578642565423,0.999999999946943
"RNF181",1.1445712729683e-07,0.632741503040084,0.0299574931407321,0.862586713530157,0.999999999946943
"TGFBR2",1.14238812242229e-07,0.631948428250021,0.0298433205320588,0.862846215615543,0.999999999946943
"CENPC",1.14183348442746e-07,0.631746734472826,0.0298143492551063,0.862912145501172,0.999999999946943
"ARPP19",1.1408498715608e-07,0.63138883456216,0.0297630052599542,0.863029070029608,0.999999999946943
"HDAC8",1.13658961599781e-07,0.629835581281191,0.0295411333693569,0.863535531902431,0.999999999946943
"STK4",1.13264579848853e-07,0.628393177927581,0.0293364812959926,0.864004425413072,0.999999999946943
"ARL8B",1.12805641113269e-07,0.626709154872816,0.0290992249382587,0.864550133149142,0.999999999946943
"ISYNA1",1.12766576505589e-07,0.626565536692088,0.0290790742974485,0.86459658647284,0.999999999946943
"MAPKAPK3",1.1231573268692e-07,0.62490490273424,0.0288470212548479,0.865132737132874,0.999999999946943
"SHMT2",1.11989600638875e-07,0.623700012770956,0.0286797378485729,0.865520617280624,0.999999999946943
"RFC1",1.11921870986971e-07,0.623449403895617,0.0286450581772114,0.865601174568704,0.999999999946943
"ITSN2",1.1183731879553e-07,0.623136364142059,0.0286017942903265,0.865701742455605,0.999999999946943
"DAPP1",1.11532495598721e-07,0.622006097766278,0.028446092974728,0.866064322651884,0.999999999946943
"MAPK14",1.10988812448596e-07,0.619983465451733,0.0281694387777054,0.866711091210337,0.999999999946943
"TARSL2",1.10890643881946e-07,0.619617336476929,0.0281196296050049,0.866827882619096,0.999999999946943
"NEAT1",1.10748730235146e-07,0.6190875573676,0.028047702784833,0.866996722806547,0.999999999946943
"UBE2V2",1.10643491388198e-07,0.618694307822247,0.027994423519853,0.867121933476605,0.999999999946943
"TM9SF2",1.10458744863691e-07,0.618003171637967,0.0279010144177099,0.867341748547003,0.999999999946943
"KDELR2",1.10212605100174e-07,0.617080799583761,0.0277768070047418,0.867634626442777,0.999999999946943
"BTK",1.1016073565863e-07,0.616886198025719,0.0277506679178167,0.867696347407778,0.999999999946943
"STARD3NL",1.10062486827474e-07,0.616517373679453,0.0277011901280304,0.867813258774727,0.999999999946943
"NDUFB7",1.09759033837228e-07,0.615376405491344,0.0275486509454776,0.868174371429517,0.999999999946943
"ILF2",1.09477646810264e-07,0.614315949657788,0.0274075801632994,0.868509249905661,0.999999999946943
"RAC1",1.09133565315668e-07,0.613015991869025,0.0272355702275249,0.868918773072982,0.999999999946943
"PDCD4",1.08710967415054e-07,0.611414507736036,0.0270250500219111,0.869421793975872,0.999999999946943
"SOCS2",1.08692989511161e-07,0.611346258353818,0.0270161123113947,0.869443194359763,0.999999999946943
"PCBP1",1.08258201309522e-07,0.60969267733574,0.0268004076281694,0.869960782916754,0.999999999946943
"HSPE1",1.07696469544448e-07,0.607547731725438,0.026523004489574,0.870629572419757,0.999999999946943
"SLC25A3",1.07682548597373e-07,0.607494451795118,0.0265161481556546,0.870646147669615,0.999999999946943
"DOCK2",1.07678213212031e-07,0.607477857661084,0.0265140130760638,0.870651309693177,0.999999999946943
"DCTPP1",1.07672665142747e-07,0.607456621006546,0.0265112809023494,0.870657915634046,0.999999999946943
"FAXDC2",1.07493219178314e-07,0.606769231861332,0.0264229877761625,0.870871582110221,0.999999999946943
"ATP6V1F",1.07413450176922e-07,0.606463346666538,0.026383786172444,0.870966566161085,0.999999999946943
"TMEM261",1.07152614156234e-07,0.605461753754208,0.0262558043215644,0.871277166735793,0.999999999946943
"PSMA7",1.07062711906447e-07,0.605116043610657,0.0262117649731546,0.871384225917829,0.999999999946943
"YBX3",1.067884423429e-07,0.604059804771588,0.0260776402002892,0.871710851597073,0.999999999946943
"RPS10",1.06523573563103e-07,0.603037527050888,0.0259484391999271,0.872026302715192,0.999999999946943
"YBX1",1.06393749596476e-07,0.602535655569599,0.0258852292192894,0.872180926771094,0.999999999946943
"TFDP2",1.06296128681572e-07,0.602157923142166,0.0258377493536087,0.872297199289051,0.999999999946943
"ZNF106",1.05889204808147e-07,0.600580122200402,0.0256403033640915,0.872781900360026,0.999999999946943
"TXNL4A",1.05297530534008e-07,0.59827653666388,0.0253545646350118,0.873486749173107,0.999999999946943
"DEK",1.05049374620008e-07,0.597307029897714,0.0252351986622343,0.873782401890664,0.999999999946943
"AKIRIN1",1.04952994769859e-07,0.596929951536994,0.0251889147323593,0.873897233505752,0.999999999946943
"SERF2",1.04811657182002e-07,0.596376434558562,0.0251211178432758,0.87406563474714,0.999999999946943
"MSH6",1.04562791273659e-07,0.595400226943652,0.0250019637754822,0.87436216794593,0.999999999946943
"VBP1",1.04476162058706e-07,0.595059938779228,0.024960553188514,0.874465394094118,0.999999999946943
"ATP5A1",1.0395827133082e-07,0.593020477840473,0.0247137064535938,0.875082549870352,0.999999999946943
"PRKCB",1.03788768824605e-07,0.592351054785668,0.0246331814497331,0.875284557750055,0.999999999946943
"RAB13",1.03561690864977e-07,0.591452754697292,0.0245255101957068,0.87555519502051,0.999999999946943
"CTTN",1.03179272633877e-07,0.589936062653329,0.0243447158226296,0.876011003643995,0.999999999946943
"UQCRB",1.02788361439066e-07,0.588380624631032,0.024160597557709,0.876476977635773,0.999999999946943
"NSA2",1.02659270994932e-07,0.587865842696013,0.0240999497619256,0.876630865448979,0.999999999946943
"MRPL14",1.02116671523514e-07,0.585695908895304,0.023845865312914,0.877277745405014,0.999999999946943
"ARF1",1.01924349787482e-07,0.584924378534472,0.0237561295323834,0.877507048547711,0.999999999946943
"GARS",1.01668284644912e-07,0.583895163096381,0.0236369141460036,0.877812368220692,0.999999999946943
"TPST2",1.01367186867434e-07,0.582682057178434,0.0234971166947238,0.878171405876117,0.999999999946943
"CASP3",1.01210140913313e-07,0.582048083615314,0.0234243659613168,0.878358681940225,0.999999999946943
"ZCCHC17",1.00950523838245e-07,0.580998165104064,0.0233043470466544,0.878668288181541,0.999999999946943
"UQCRH",1.00751371984141e-07,0.580191181157701,0.0232124896527828,0.878905799226387,0.999999999946943
"POLR3GL",1.00449565965222e-07,0.578965583197753,0.0230736294858401,0.879265757704482,0.999999999946943
"NT5C3A",1.00328479900396e-07,0.578472966709582,0.0230180351976909,0.879410181841714,0.999999999946943
"TPI1",1.00032677802642e-07,0.577267371634295,0.0228825054694771,0.87976301356285,0.999999999946943
"ENDOD1",9.97247959595098e-08,0.576009245230019,0.0227418661033683,0.880130279319081,0.999999999946943
"AURKA",9.95721381762074e-08,0.575384171978543,0.022672293323726,0.880312391136396,0.999999999946943
"PUF60",9.90103412094405e-08,0.573076633494856,0.0224171759096203,0.880982636539022,0.999999999946943
"CAPZA2",9.88216552284994e-08,0.572299064793465,0.0223318156056112,0.881207765325909,0.999999999946943
"ETS2",9.87899918670134e-08,0.572168454602208,0.0223175072626105,0.881245545089393,0.999999999946943
"MT-ND5",9.86717015981486e-08,0.571680189276547,0.0222640936857536,0.8813866878438,0.999999999946943
"SRSF3",9.86464244232213e-08,0.571575786961558,0.0222526881602081,0.881416848802364,0.999999999946943
"OSTC",9.79649548620647e-08,0.568752305011181,0.0219462979408743,0.882230049254273,0.999999999946943
"PTGIR",9.77250832664841e-08,0.567754396755701,0.02183895652308,0.882516318609211,0.999999999946943
"COTL1",9.76045417580211e-08,0.567252118126293,0.0217851141089966,0.882660181954247,0.999999999946943
"WBP1",9.75699344973639e-08,0.567107815097029,0.0217696683223344,0.882701485589598,0.999999999946943
"PRRC2B",9.75147293760006e-08,0.566877532308585,0.0217450407113963,0.882767373354289,0.999999999946943
"CMIP",9.65820301296629e-08,0.562969623923545,0.0213310603912637,0.883880679802656,0.999999999946943
"TMEM258",9.65258896030724e-08,0.562733355291924,0.0213062692595482,0.883947698679784,0.999999999946943
"NUTM2A-AS1",9.64185302177953e-08,0.562281197916445,0.0212589004986496,0.884075863406761,0.999999999946943
"GMPR",9.61130048570695e-08,0.560992039134146,0.0211243860535328,0.884440613591615,0.999999999946943
"RGS10",9.58509549616837e-08,0.559883481227733,0.0210093527807344,0.884753480289168,0.999999999946943
"TPP1",9.48831767800763e-08,0.55576647916323,0.0205872443475303,0.885909085698672,0.999999999946943
"SRSF4",9.47463066892931e-08,0.555181278057815,0.0205278925054117,0.886072539299284,0.999999999946943
"MTPN",9.44099947893933e-08,0.553740215021283,0.0203824193585148,0.886474191746523,0.999999999946943
"MRPS21",9.43711576669378e-08,0.553573514327825,0.0203656535128955,0.88652057624155,0.999999999946943
"LINC01420",9.43611836235546e-08,0.553530693081693,0.0203613488676535,0.886532488643225,0.999999999946943
"PDXDC1",9.36327770029913e-08,0.550392753389272,0.0200482095740543,0.887402523136565,0.999999999946943
"N4BP2L2",9.30149497639942e-08,0.547714495986905,0.019784509930928,0.888140584133073,0.999999999946943
"LMAN2",9.26781855892175e-08,0.546248113318812,0.0196415081259127,0.888542925996376,0.999999999946943
"RABGAP1L",9.26025135123067e-08,0.545917974398763,0.0196094464942825,0.888633337562096,0.999999999946943
"TOX4",9.25781061798806e-08,0.545811441073264,0.0195991108956747,0.888662499290137,0.999999999946943
"C4orf48",9.2356869754132e-08,0.544844670487356,0.0195055497623166,0.888926838055472,0.999999999946943
"FO538757.2",9.23128236942076e-08,0.544651955274617,0.0194869493539561,0.888979466854887,0.999999999946943
"USP1",9.22984887656241e-08,0.544589218251101,0.0194808977063744,0.888996595168559,0.999999999946943
"SNAP23",9.18179960575203e-08,0.542481415680115,0.0192785961325739,0.889570749329012,0.999999999946943
"IGHM",9.15795015733281e-08,0.541431633955064,0.0191785750547095,0.889855754581532,0.999999999946943
"ATXN2",9.14976871506732e-08,0.54107096335448,0.019144323215994,0.88995352758783,0.999999999946943
"FLI1",9.13467089691636e-08,0.540404654180296,0.0190811961463308,0.890133959712505,0.999999999946943
"EIF3K",9.11786034871718e-08,0.539661629324956,0.0190110304624993,0.890334867153416,0.999999999946943
"AKR1B1",9.10191248525612e-08,0.538955632760996,0.0189445850117338,0.890525470923452,0.999999999946943
"METTL9",9.04440692902719e-08,0.536400949367776,0.0187059588008918,0.891212811423515,0.999999999946943
"SHARPIN",9.03968744814187e-08,0.536190659671689,0.0186864419033707,0.891269225094007,0.999999999946943
"PSMD1",9.03147467408069e-08,0.535824488704628,0.0186525031611817,0.891367396679628,0.999999999946943
"JARID2",9.02785494029289e-08,0.535663008948537,0.0186375546465187,0.891410665780369,0.999999999946943
"RDH11",9.00550366691025e-08,0.534664648026787,0.0185453827178635,0.891677852669057,0.999999999946943
"VPS29",8.95952436657137e-08,0.53260410150966,0.0183564922496857,0.892227527384255,0.999999999946943
"SRP72",8.93063615594705e-08,0.531304776217559,0.0182383093436807,0.892572907533585,0.999999999946943
"GPX1",8.92180781571692e-08,0.53090696839327,0.0182022683691151,0.892678461007522,0.999999999946943
"CD59",8.91597842350353e-08,0.530644106384548,0.0181784898930826,0.892748159476826,0.999999999946943
"DUT",8.89122254979067e-08,0.529526133348713,0.0180776821935308,0.893044159506096,0.999999999946943
"TGS1",8.8477812826732e-08,0.52755776844433,0.0179014636946179,0.893563612278265,0.999999999946943
"SEC13",8.84775228096028e-08,0.527556451543792,0.0179013463381319,0.893563959084073,0.999999999946943
"CLDN5",8.8270907911211e-08,0.52661730557722,0.0178178366261223,0.893811036716278,0.999999999946943
"IL1B",8.82325345684619e-08,0.526442673130484,0.0178023483672676,0.893856926094646,0.999999999946943
"SMARCA2",8.80892428743559e-08,0.525789985438492,0.0177445724621492,0.894028286908176,0.999999999946943
"BRD3",8.79977924874254e-08,0.525372949779925,0.0177077483135526,0.894137653912225,0.999999999946943
"AUP1",8.78982234161933e-08,0.524918462069743,0.0176676985234624,0.894256732471304,0.999999999946943
"MAP1LC3B",8.76892781765799e-08,0.523963263882518,0.0175838016327386,0.894506626026613,0.999999999946943
"NCKAP1L",8.72190872812975e-08,0.521806513346903,0.0173957381034904,0.895069001449342,0.999999999946943
"ANAPC15",8.64476670712083e-08,0.518246025819533,0.0170893813307767,0.895991778621166,0.999999999946943
"NDUFA12",8.61502453258502e-08,0.516865891194544,0.0169719921581085,0.896347593834372,0.999999999946943
"MAX",8.59499574969383e-08,0.515934152664043,0.0168931686560163,0.896587216366615,0.999999999946943
"CEBPZ",8.58392864509798e-08,0.515418500780783,0.0168496926371774,0.896719626244522,0.999999999946943
"RP11-501J20.5",8.57665680768094e-08,0.515079367640538,0.0168211564433612,0.896806630070099,0.999999999946943
"TMEM109",8.55913649415493e-08,0.514261252886381,0.0167525024388974,0.897016256779296,0.999999999946943
"PRDX5",8.54438255829678e-08,0.513571184068431,0.016694797477845,0.8971927899626,0.999999999946943
"AP1S2",8.48122310511287e-08,0.51060533342947,0.0164488962387857,0.897948560257128,0.999999999946943
"OLA1",8.4323617597011e-08,0.508297685603043,0.0162599140505068,0.898533301977826,0.999999999946943
"BACH1",8.40673746947948e-08,0.50708283570817,0.0161612428332087,0.898839979341912,0.999999999946943
"GNAQ",8.39746167435924e-08,0.506642275294524,0.016125598642992,0.898950997905317,0.999999999946943
"GTF3A",8.35616656087679e-08,0.504675782863118,0.0159673910498567,0.899445267824236,0.999999999946943
"DCK",8.33881070534288e-08,0.503846764973786,0.0159011310174532,0.899653015370223,0.999999999946943
"SRP14",8.33752511259481e-08,0.503785297802987,0.0158962284471357,0.89966840403764,0.999999999946943
"RGCC",8.3348617911816e-08,0.503657931993246,0.0158860743539108,0.899700284368169,0.999999999946943
"ADAR",8.30822270474509e-08,0.502382041347632,0.0157846895348304,0.900019166861887,0.999999999946943
"NME2",8.24912245211514e-08,0.499538654953654,0.0155609205843322,0.900726682452468,0.999999999946943
"ARGLU1",8.21005684571557e-08,0.497649416666122,0.0154138849729425,0.901194397659142,0.999999999946943
"CTSC",8.16133842788655e-08,0.495282374575641,0.0152314959673538,0.901777729751172,0.999999999946943
"SLC39A10",8.13780455602633e-08,0.494134547812775,0.0151437801449741,0.902059532606707,0.999999999946943
"INTS10",8.11993398013355e-08,0.493261008819856,0.0150773418515466,0.902273529411264,0.999999999946943
"CLEC2B",8.11555943892287e-08,0.493046920295921,0.0150611006636955,0.902325914806718,0.999999999946943
"MAP3K7CL",8.10835891625047e-08,0.492694310522305,0.0150343866244449,0.902412142427048,0.999999999946943
"NEXN",8.08725636146287e-08,0.491659346722641,0.0149562324331464,0.902664856137502,0.999999999946943
"TMED2",7.99249515291279e-08,0.486982674197242,0.0146077910656475,0.903799790504007,0.999999999946943
"MARCKSL1",7.95834147772652e-08,0.485285285864033,0.0144832132544325,0.904208889950652,0.999999999946943
"EIF3A",7.95154682715299e-08,0.48494684605191,0.0144584929369875,0.904290280649232,0.999999999946943
"SPCS1",7.89421278365703e-08,0.482080991007296,0.0142507408380785,0.904977104689099,0.999999999946943
"SNRPA",7.8417093246929e-08,0.479440667794265,0.0140618112844125,0.905606123881746,0.999999999946943
"VPS36",7.78347829878833e-08,0.476494267177318,0.0138537460750097,0.906303831605662,0.999999999946943
"SLC25A5",7.76046609794875e-08,0.475324596708458,0.0137719487360927,0.906579577270009,0.999999999946943
"BCL2L1",7.75288527697227e-08,0.474938615958895,0.013745055587252,0.906670417573113,0.999999999946943
"CDV3",7.74330360611646e-08,0.474450291092177,0.0137111019788947,0.906785235628893,0.999999999946943
"SH3BGRL2",7.71738333268513e-08,0.473126638705605,0.0136194613311458,0.907095850439798,0.999999999946943
"NDUFA11",7.69862389381438e-08,0.472166249260239,0.0135533293498347,0.907320662472564,0.999999999946943
"PIK3CG",7.67838958489051e-08,0.471128069114051,0.0134821784893558,0.907563157585658,0.999999999946943
"CSNK1A1",7.67260554865328e-08,0.470830864931806,0.0134618742219413,0.907632477105576,0.999999999946943
"EMC10",7.67243584951408e-08,0.470822142248986,0.0134612787415169,0.907634510897177,0.999999999946943
"RIF1",7.64859161212003e-08,0.469594856119932,0.0133777393873501,0.907920282707878,0.999999999946943
"RGS18",7.6469988290803e-08,0.469512755494703,0.0133721682655388,0.907939372545859,0.999999999946943
"SECISBP2",7.62645234242988e-08,0.468452343017734,0.0133004062651079,0.908185631250133,0.999999999946943
"INF2",7.59587243004676e-08,0.466869490469426,0.0131939583877683,0.908552161319991,0.999999999946943
"SNRPB",7.59111047233696e-08,0.466622507271572,0.0131774206224918,0.908609239780689,0.999999999946943
"TNF",7.50892000866968e-08,0.462338245887575,0.0128936162776861,0.909594477009644,0.999999999946943
"HN1",7.5048632429026e-08,0.462125728268388,0.0128796882423474,0.909643110068504,0.999999999946943
"SLIRP",7.50033859685198e-08,0.461888582373376,0.0128641627193675,0.909697352539144,0.999999999946943
"AP2M1",7.47544078715019e-08,0.460581406744918,0.0127788978045986,0.909995840584936,0.999999999946943
"CACYBP",7.40779978858909e-08,0.457010927228445,0.0125486861546058,0.910806820493707,0.999999999946943
"GCLM",7.37305195415167e-08,0.455165697667318,0.0124312377856746,0.911223464891851,0.999999999946943
"COX7B",7.37149098917377e-08,0.455082627646736,0.0124259746537104,0.911242182238168,0.999999999946943
"ZFAND1",7.36625044154374e-08,0.45480362896505,0.0124083131616412,0.911305021384772,0.999999999946943
"ZNF148",7.3557397297213e-08,0.454243534051945,0.0123729282237342,0.91143105648033,0.999999999946943
"SSBP1",7.34682591297689e-08,0.453767988674772,0.0123429589227194,0.911537944778595,0.999999999946943
"SEPT6",7.34033219305998e-08,0.453421237535272,0.0123211491515752,0.911615813964802,0.999999999946943
"NOP56",7.3386544917903e-08,0.453331608401828,0.0123155175684987,0.911635932191395,0.999999999946943
"CHD2",7.33678323137486e-08,0.45323161757886,0.0123092377790925,0.91165837155759,0.999999999946943
"LY6E",7.31379412894085e-08,0.45200138075758,0.0122322190157918,0.911934052928121,0.999999999946943
"DR1",7.29137894803089e-08,0.450798613618146,0.0121573557546433,0.912202862136737,0.999999999946943
"PPIH",7.24649978505022e-08,0.44838076243101,0.0120081568702402,0.912741095955542,0.999999999946943
"SETX",7.21121937623786e-08,0.446470879318712,0.011891515348029,0.913164240454742,0.999999999946943
"HPRT1",7.19490460868011e-08,0.445584939724078,0.0118377691405643,0.913359924074208,0.999999999946943
"CLEC11A",7.18844603786448e-08,0.445233737554686,0.0118165261195212,0.913437391325741,0.999999999946943
"YWHAQ",7.16424707291192e-08,0.443915408124721,0.0117371024451626,0.913727652833527,0.999999999946943
"SKAP2",7.09787947527368e-08,0.440279801889118,0.0115206511601376,0.914523777188021,0.999999999946943
"C16orf13",7.0669030415712e-08,0.438572786285076,0.0114203141599768,0.914895389928254,0.999999999946943
"ANO6",7.04134062402462e-08,0.437159211625794,0.0113378444130699,0.915202066746245,0.999999999946943
"SENP6",6.98479653286523e-08,0.434016456170969,0.0111564829148542,0.915880480928439,0.999999999946943
"COX5B",6.9634819096713e-08,0.432826030540675,0.011088497139752,0.916136229018711,0.999999999946943
"EMP3",6.95493228407067e-08,0.432347641528793,0.0110612853793341,0.916238815980873,0.999999999946943
"SWI5",6.94802695993285e-08,0.431960884806531,0.0110393315085171,0.916321673987296,0.999999999946943
"SNN",6.94386613138236e-08,0.431727681652463,0.0110261136518343,0.916371600823913,0.999999999946943
"ABCC3",6.93749605132066e-08,0.431370420337029,0.0110058929250191,0.91644803766851,0.999999999946943
"LDHB",6.89899963856527e-08,0.429205283919287,0.0108840876323234,0.916909986161061,0.999999999946943
"PRKACA",6.79403182981974e-08,0.42324777621848,0.0105554059336293,0.918169718892239,0.999999999946943
"MIS18BP1",6.73362673809823e-08,0.419783059450704,0.0103685460961174,0.918894741824572,0.999999999946943
"RAB1B",6.71714330386344e-08,0.418832907489891,0.0103178453170132,0.919092598933881,0.999999999946943
"PLPP5",6.70781162030736e-08,0.418294103261726,0.0102891974280485,0.91920461300371,0.999999999946943
"AHCTF1",6.69713342349295e-08,0.417676751870325,0.010256464659131,0.919332792086472,0.999999999946943
"UBA7",6.69062194734187e-08,0.417299875707364,0.0102365300829061,0.919410955660661,0.999999999946943
"ARRB2",6.68730278192836e-08,0.417107643746032,0.0102263760765743,0.919450799127396,0.999999999946943
"ENOSF1",6.67895117287135e-08,0.416623586627518,0.0102008490840999,0.919551053253014,0.999999999946943
"SLA2",6.6767233766656e-08,0.416494375176565,0.0101940451347337,0.919577796311042,0.999999999946943
"KMT2C",6.67085846193203e-08,0.416154032628617,0.0101761438549499,0.919648200741871,0.999999999946943
"EP300",6.63189098831018e-08,0.413886106951244,0.0100576042578003,0.920115995515739,0.999999999946943
"SRSF1",6.63035223231735e-08,0.413796312935892,0.0100529375938186,0.920134468464993,0.999999999946943
"KAT6A",6.56990926684397e-08,0.410254745011561,0.00987048582258067,0.920860127471818,0.999999999946943
"SELT",6.56977415767775e-08,0.41024679679232,0.00987007985673154,0.920861749623508,0.999999999946943
"PSMD7",6.55711803362736e-08,0.409501629477918,0.00983208870787576,0.921013703415636,0.999999999946943
"DKC1",6.54884206109627e-08,0.409013679908569,0.00980728551061673,0.921113069157041,0.999999999946943
"PRPF4B",6.5340327906716e-08,0.408139188221127,0.00976298011324284,0.921290880231,0.999999999946943
"MCTP1",6.49452713707069e-08,0.405797905491428,0.00964528038726671,0.92176523360439,0.999999999946943
"MDH1",6.4845469601715e-08,0.405204475524799,0.00961565924946907,0.921885072269933,0.999999999946943
"NME4",6.4782258083217e-08,0.404828203271775,0.0095969216514888,0.921960975489624,0.999999999946943
"TMEM183A",6.45206185519639e-08,0.403267365728547,0.00951955900204166,0.922275154940832,0.999999999946943
"ACADVL",6.44726620520272e-08,0.402980679405843,0.00950541297928389,0.922332742917931,0.999999999946943
"NT5C",6.441659345851e-08,0.402645263277359,0.00948888742015193,0.922400072719794,0.999999999946943
"UXT",6.4294122974079e-08,0.4019117305958,0.00945284068556679,0.922547142965891,0.999999999946943
"BLOC1S1",6.38030969289239e-08,0.398958487704333,0.00930900587077096,0.923136824409438,0.999999999946943
"STOML2",6.34692833988919e-08,0.396939479393382,0.00921185249681234,0.923537730839809,0.999999999946943
"NDUFS6",6.32752515022132e-08,0.395761665112655,0.00915561549531764,0.923770769977059,0.999999999946943
"GAMT",6.30611018341555e-08,0.394458078896044,0.00909374757351645,0.924027978860521,0.999999999946943
"ZNF24",6.30350644292809e-08,0.394299319797272,0.00908623965821639,0.924059252165744,0.999999999946943
"ZFP36",6.29366517182353e-08,0.393698747599614,0.00905789024807166,0.924177455894573,0.999999999946943
"GABARAPL2",6.28546325813312e-08,0.393197594189181,0.00903429711966044,0.924275970543799,0.999999999946943
"CCDC85B",6.28366804388414e-08,0.393087827114563,0.00902913721906436,0.924297533337528,0.999999999946943
"CHEK1",6.25770999645911e-08,0.391497584433828,0.0089546919564733,0.924609328528079,0.999999999946943
"MEAF6",6.25020757249941e-08,0.391036901854695,0.00893323310873537,0.924699446083071,0.999999999946943
"SOX4",6.24133971654957e-08,0.390491754896231,0.00890790197360911,0.924805966168974,0.999999999946943
"UBA2",6.21706363310008e-08,0.388995940628084,0.00883874104839636,0.925097575732954,0.999999999946943
"SRRM1",6.21264392779028e-08,0.388723066045147,0.00882617860813789,0.925150667272989,0.999999999946943
"ERLEC1",6.18856798192975e-08,0.387233634219091,0.00875790273351972,0.925439884494588,0.999999999946943
"ATP5J",6.16479796070103e-08,0.385758175069201,0.00869075448924,0.925725436401416,0.999999999946943
"SPTLC2",6.16200985915329e-08,0.385584787152187,0.00868289527734444,0.925758930802899,0.999999999946943
"GLIPR1",6.15502344907983e-08,0.385150012691304,0.00866321732182129,0.925842861474386,0.999999999946943
"FAH",6.14838100031952e-08,0.384736245160349,0.00864452887112362,0.925922660759892,0.999999999946943
"NDUFS2",6.14515718380793e-08,0.384535288894504,0.00863546597514684,0.925961390458557,0.999999999946943
"SLC40A1",6.11720206935728e-08,0.382788853763644,0.0085570769803045,0.926297239860051,0.999999999946943
"TCF4",6.10555981079466e-08,0.382059480545706,0.00852453631883728,0.926437112439194,0.999999999946943
"ME2",6.09310592608846e-08,0.381277919465281,0.00848979574743001,0.926586738584842,0.999999999946943
"TPM3",6.08780156969218e-08,0.380944615075022,0.00847502058966505,0.926650468115376,0.999999999946943
"NBAS",6.08435245238124e-08,0.380727750872606,0.00846542006007885,0.926691908009305,0.999999999946943
"MAP2K3",6.07570680108062e-08,0.380183682809396,0.0084413790233456,0.926795783248743,0.999999999946943
"MALAT1",6.07002309996037e-08,0.379825642311098,0.00842559293108433,0.926864072111227,0.999999999946943
"PARVG",6.05851190447211e-08,0.37909960884844,0.00839366663325196,0.927002379141658,0.999999999946943
"CD81",6.05770309437489e-08,0.379048550518458,0.00839142567729593,0.92701209707913,0.999999999946943
"C17orf89",6.05177600924054e-08,0.378674206139859,0.00837501273612508,0.927083311955861,0.999999999946943
"THUMPD1",6.0413664767177e-08,0.378015985594697,0.00834622614881271,0.927208385569025,0.999999999946943
"PSME1",6.03689071253571e-08,0.377732668601831,0.00833386407720509,0.927262163753062,0.999999999946943
"H2AFV",6.03291931338315e-08,0.377481125007419,0.00832290273443393,0.927309882057945,0.999999999946943
"TMEM219",6.02722969415552e-08,0.377120500326378,0.0083072115523622,0.927378246073664,0.999999999946943
"C19orf60",6.02694029880138e-08,0.377102149690861,0.00830641383572094,0.92738172333801,0.999999999946943
"MANBA",6.01403216562734e-08,0.37628286098801,0.00827087159646367,0.927536823959158,0.999999999946943
"MT-ND1",5.99598165556761e-08,0.375134612978157,0.00822129773245931,0.927753718599726,0.999999999946943
"RASSF1",5.98102822219804e-08,0.374181099927818,0.00818034252661717,0.927933402882517,0.999999999946943
"TRAPPC2L",5.9712160057816e-08,0.373554291677334,0.00815352391057736,0.928051310983941,0.999999999946943
"RHOG",5.96954254717032e-08,0.373447301060403,0.00814895443166022,0.928071420189371,0.999999999946943
"SUPT4H1",5.92323143151649e-08,0.370476052879569,0.00802300732527604,0.928627938383286,0.999999999946943
"RUVBL2",5.92218852571895e-08,0.370408909343601,0.0080201823455878,0.928640471329294,0.999999999946943
"HIF1A",5.91176097597848e-08,0.3697370049422,0.007991963985748,0.928765783637197,0.999999999946943
"AK2",5.87585608662524e-08,0.367415541757797,0.00789518091510699,0.929197281483877,0.999999999946943
"MPP1",5.86825456803143e-08,0.366922476460431,0.00787476634296796,0.929288637702798,0.999999999946943
"GPCPD1",5.84756044321083e-08,0.365577351107744,0.00781932428336358,0.929537347594161,0.999999999946943
"GNAS",5.83287877968871e-08,0.364620524581232,0.00778010910217179,0.929713801605484,0.999999999946943
"DAZAP2",5.815895491572e-08,0.363511080774522,0.00773486918590789,0.929917922384243,0.999999999946943
"NDUFC1",5.79756022630174e-08,0.362310150137354,0.00768617597076424,0.930138297643331,0.999999999946943
"MRPS15",5.75932267199096e-08,0.359794984388123,0.00758512264642647,0.930597899752453,0.999999999946943
"LINC00493",5.7156594051382e-08,0.356905103720198,0.00747054813144053,0.931122745336549,0.999999999946943
"MRPS25",5.70145348692343e-08,0.355960735285584,0.00743345910864899,0.931293511210023,0.999999999946943
"CD82",5.6893824117919e-08,0.355156675143751,0.00740201629992908,0.931438617142084,0.999999999946943
"RPA2",5.6773408456477e-08,0.354353100719942,0.00737071675325661,0.931583370618262,0.999999999946943
"PCMT1",5.6594306920002e-08,0.353155148821739,0.00732428570467888,0.931798675451352,0.999999999946943
"RNF11",5.65799649992588e-08,0.353059077832099,0.00732057398804801,0.931815916640918,0.999999999946943
"LETMD1",5.64855539022544e-08,0.35242612511819,0.0072961636940801,0.93192941406546,0.999999999946943
"TYMS",5.63059898240911e-08,0.351219744285761,0.00724984932135452,0.932145282978075,0.999999999946943
"SNX3",5.62503020090747e-08,0.350844932150902,0.00723551590420774,0.932212230946714,0.999999999946943
"QARS",5.57430965714898e-08,0.34741619837687,0.00710561980471814,0.93282201604548,0.999999999946943
"C6orf48",5.57371554122955e-08,0.347375875307803,0.00710410523623031,0.932829159007525,0.999999999946943
"LARS",5.54565769247885e-08,0.345467298223435,0.00703276172770443,0.933166500249623,0.999999999946943
"CENPT",5.50926961306783e-08,0.342979524311312,0.00694077295802475,0.933604014236724,0.999999999946943
"UQCR11",5.47614639832859e-08,0.340702503724063,0.0068575642509918,0.93400229039382,0.999999999946943
"LSM2",5.45831130741713e-08,0.339471482502238,0.00681296861499845,0.934216747788166,0.999999999946943
"TMED10",5.44934301257463e-08,0.338851146429737,0.00679059887021856,0.934324588524367,0.999999999946943
"ARFGAP3",5.42524487422882e-08,0.337179870630116,0.00673067276034083,0.934614366516521,0.999999999946943
"FKBP11",5.40103366748664e-08,0.335494237462875,0.00667073294258059,0.934905512870718,0.999999999946943
"PLK1",5.38307744011539e-08,0.334239838292263,0.00662645175750657,0.935121447019699,0.999999999946943
"HLA-DMA",5.38248716778215e-08,0.334198540862024,0.00662499861226248,0.935128545471276,0.999999999946943
"UBE2L6",5.37166465743561e-08,0.333440662630664,0.00659838376620155,0.935258694896459,0.999999999946943
"ARHGAP30",5.36496525068736e-08,0.332970851046589,0.00658193534892348,0.935339261539063,0.999999999946943
"DGKZ",5.3586935092441e-08,0.332530567765352,0.00656655554080598,0.935414685705853,0.999999999946943
"UBL4A",5.31368537005582e-08,0.329357728930917,0.0064567126186328,0.935955972018719,0.999999999946943
"SET",5.30471946926172e-08,0.328722888922904,0.0064349418885234,0.936063803157179,0.999999999946943
"CORO1A",5.29698890711891e-08,0.328174768600106,0.00641620028635159,0.936156778060469,0.999999999946943
"CREG1",5.29508406789577e-08,0.328039602868903,0.00641158648305701,0.936179687555687,0.999999999946943
"LASP1",5.2660958916342e-08,0.325977389974975,0.00634157760437095,0.936528334768228,0.999999999946943
"TERF2IP",5.26272351681328e-08,0.325736839122142,0.0063334579919328,0.936568895858281,0.999999999946943
"PGD",5.25031491849231e-08,0.324850580250493,0.00630362678918224,0.936718141146029,0.999999999946943
"PRKDC",5.2143104027156e-08,0.322268678050545,0.00621746783014184,0.937151200555025,0.999999999946943
"HLA-DQB1",5.2092134687003e-08,0.321901922099881,0.00620531875097602,0.937212507571104,0.999999999946943
"GADD45GIP1",5.20883049336658e-08,0.321874352047349,0.00620440636883788,0.93721711409564,0.999999999946943
"MRPL57",5.18797708677717e-08,0.320370465288405,0.00615482747845201,0.93746794733221,0.999999999946943
"ADD1",5.14937859356019e-08,0.317572926638094,0.00606358447004198,0.937932242026313,0.999999999946943
"RNF167",5.14752027390583e-08,0.317437779788712,0.00605920877896905,0.937954595970326,0.999999999946943
"GCA",5.12629319561875e-08,0.315891015453854,0.00600933851310618,0.938209942437557,0.999999999946943
"HNRNPR",5.12074395983841e-08,0.315485737930708,0.00599633528221262,0.938276696796992,0.999999999946943
"CD47",5.11589710443598e-08,0.315131444691327,0.00598498942471882,0.938335002248402,0.999999999946943
"TRMT112",5.10872086733441e-08,0.314606342801338,0.00596821051818276,0.938421329702199,0.999999999946943
"RASA3",5.10754366556321e-08,0.314520142968823,0.00596546032740127,0.938435491069242,0.999999999946943
"KCTD20",5.10421383572983e-08,0.314276224735919,0.00595768457687381,0.938475547980222,0.999999999946943
"CMTM7",5.09357460799625e-08,0.313495946346284,0.00593287405561753,0.938603535923227,0.999999999946943
"NUTF2",5.09126549167093e-08,0.313326409092898,0.0059274960678238,0.938631314375377,0.999999999946943
"TSC22D1",5.08991074452036e-08,0.313226911288044,0.00592434196398631,0.938647611890904,0.999999999946943
"PTPN2",5.08725663876038e-08,0.313031916831929,0.00591816514424716,0.938679540676083,0.999999999946943
"PSMB9",5.04839542401431e-08,0.310166641585298,0.00582809354974298,0.939147050783695,0.999999999946943
"PTRHD1",5.04214229027116e-08,0.309703801164546,0.00581366469660857,0.939222279505734,0.999999999946943
"RP5-1171I10.5",5.02746185168287e-08,0.308615228701595,0.00577986045369238,0.939398895583396,0.999999999946943
"TRAM1",5.02542819191094e-08,0.308464212359397,0.00577518537402891,0.939423362186614,0.999999999946943
"PMPCB",5.01725807165259e-08,0.307856975932724,0.00575642255326363,0.939521656043278,0.999999999946943
"TALDO1",4.98454433539371e-08,0.305416908774366,0.00568160074429349,0.939915240775864,0.999999999946943
"PSMA5",4.97775142987737e-08,0.304908490482298,0.00566612559703043,0.939996969263935,0.999999999946943
"RPA3",4.94554676839451e-08,0.302489872687603,0.00559304626550223,0.940384446552659,0.999999999946943
"ITM2B",4.94216288960769e-08,0.302234943614414,0.0055853950525674,0.940425161236648,0.999999999946943
"NKTR",4.93014318618439e-08,0.301328193820911,0.00555825990742668,0.94056978304923,0.999999999946943
"JAK1",4.92954369362957e-08,0.301282918604384,0.00555690824979039,0.940576996231957,0.999999999946943
"SNRPG",4.92627976973522e-08,0.301036334636742,0.00554955206339827,0.940616268330545,0.999999999946943
"ELF2",4.92155195779918e-08,0.300678904249254,0.00553890522659288,0.940673154440077,0.999999999946943
"PTPMT1",4.91816307895608e-08,0.300422515592482,0.00553127990175765,0.940713930388075,0.999999999946943
"JKAMP",4.90734700020237e-08,0.299603186258217,0.00550697774982365,0.940844073543502,0.999999999946943
"UBR4",4.87791032951886e-08,0.297365345771802,0.00544110880205374,0.941198274701985,0.999999999946943
"WAPL",4.87057151044008e-08,0.296805603524661,0.00542474881507231,0.94128658195808,0.999999999946943
"CANX",4.82224243499522e-08,0.293101042822884,0.00531762694422049,0.941868138736311,0.999999999946943
"ANAPC16",4.7969370520276e-08,0.291148413048537,0.00526196341631252,0.942172657606144,0.999999999946943
"MRPS18B",4.75970865543795e-08,0.288259421707332,0.00518060554013747,0.942620670496608,0.999999999946943
"TAX1BP1",4.75969787161669e-08,0.288258582019685,0.00518058206531373,0.942620800273594,0.999999999946943
"TM7SF3",4.73732700401772e-08,0.286513090148179,0.00513199840983196,0.942890023863901,0.999999999946943
"HIST1H2AC",4.71071068054266e-08,0.284426980930098,0.00507449289866542,0.94321034815253,0.999999999946943
"C12orf76",4.69631334650197e-08,0.28329428354195,0.00504352197771022,0.943383622186987,0.999999999946943
"TAF1D",4.63656280483275e-08,0.278560943116059,0.00491600232101084,0.944102757290884,0.999999999946943
"TBCA",4.63408472727874e-08,0.278363490305875,0.00491074886924726,0.944132583490646,0.999999999946943
"EPB41",4.61720951892604e-08,0.277016428803974,0.00487504860560217,0.944335695976166,0.999999999946943
"HNRNPC",4.61479586281514e-08,0.27682340904006,0.00486995305372034,0.944364747391651,0.999999999946943
"TMSB10",4.57435329314049e-08,0.27357608827758,0.00478496970724734,0.944851536037819,0.999999999946943
"AKAP9",4.56272564658154e-08,0.272637828817352,0.00476067459081918,0.944991496501425,0.999999999946943
"IFNAR2",4.56225043026025e-08,0.272599438383375,0.00475968297632067,0.94499721665439,0.999999999946943
"PSMB1",4.56031744596745e-08,0.272443246048313,0.00475565056139258,0.945020483910218,0.999999999946943
"CD2AP",4.55972118484606e-08,0.272395054305237,0.00475440704087349,0.945027661091327,0.999999999946943
"ATP5J2",4.55730703150765e-08,0.272199878615577,0.00474937391333129,0.945056720243941,0.999999999946943
"AP2S1",4.50608941327692e-08,0.268037774998598,0.00464322143426154,0.945673243646384,0.999999999946943
"PRMT1",4.50449504121808e-08,0.267907552156014,0.00463993622966498,0.94569243615406,0.999999999946943
"MT-ATP8",4.5041035896962e-08,0.267875573607613,0.00463912982132796,0.945697148318941,0.999999999946943
"GLRX",4.48581508881808e-08,0.266378843412444,0.00460153278118413,0.945917301402256,0.999999999946943
"SCN1B",4.48106466822884e-08,0.265989200824669,0.0045917920133109,0.94597448663123,0.999999999946943
"DDX18",4.47722281920672e-08,0.265673818892446,0.00458392182588809,0.946020734743187,0.999999999946943
"MESDC2",4.45569014471302e-08,0.263901806559767,0.00453993619117271,0.946279948068253,0.999999999946943
"HDDC2",4.45327718603595e-08,0.26370277038675,0.0045350203591278,0.946308995954678,0.999999999946943
"MGST2",4.44244129776665e-08,0.262807799227034,0.00451297763149599,0.946439442355107,0.999999999946943
"RNASEH2B",4.4366577472633e-08,0.262329339511979,0.00450123451908402,0.946509067446959,0.999999999946943
"ARHGDIA",4.43531205636352e-08,0.262217935825225,0.00449850437758824,0.946525267563377,0.999999999946943
"UQCRC1",4.41174247445993e-08,0.260261933458764,0.00445082063132825,0.94680901384364,0.999999999946943
"SNHG7",4.39644605717243e-08,0.258987638339948,0.00442001031836004,0.946993165886328,0.999999999946943
"MFSD1",4.38662784350064e-08,0.258167680989745,0.0044002906865591,0.947111367874722,0.999999999946943
"DHX15",4.38492507373562e-08,0.258025313627047,0.00439687520296767,0.947131867727596,0.999999999946943
"TMEM50A",4.36961210508392e-08,0.256742841848082,0.00436621942299745,0.947316223995908,0.999999999946943
"ASB8",4.36722255398228e-08,0.256542362761352,0.00436144533714231,0.947344992592914,0.999999999946943
"DNAJC4",4.35381070613425e-08,0.255415358626451,0.00433469825902469,0.947506463543422,0.999999999946943
"CLCN3",4.35225869411757e-08,0.255284747414002,0.00433160841191969,0.947525149016658,0.999999999946943
"SNRNP200",4.35105864689271e-08,0.255183728393079,0.00432922003458323,0.947539597024,0.999999999946943
"CARD19",4.3471104215753e-08,0.25485119879822,0.0043213667821173,0.947587131932013,0.999999999946943
"SEC63",4.33514598815186e-08,0.253841916946987,0.00429761235667913,0.947731179622289,0.999999999946943
"IKZF1",4.33513085676943e-08,0.253840638977979,0.0042975823559812,0.947731361800046,0.999999999946943
"CNTRL",4.33124111789347e-08,0.253511989939653,0.00428987371963105,0.947778193295975,0.999999999946943
"NDUFS5",4.32092842941956e-08,0.25263941331841,0.00426946965429886,0.947902356392485,0.999999999946943
"PPT1",4.31497726316081e-08,0.252135048897152,0.00425771716783004,0.94797400804488,0.999999999946943
"TYMP",4.30344968159315e-08,0.251156356746909,0.00423499833614928,0.948112800569097,0.999999999946943
"CDKN3",4.3017216856784e-08,0.251009453329727,0.00423159799868612,0.94813360584199,0.999999999946943
"ATP5G3",4.2941356994467e-08,0.250363932229215,0.00421668650884404,0.948224942421588,0.999999999946943
"SIGIRR",4.27758900284684e-08,0.248952460631923,0.00418425259912143,0.948424169854878,0.999999999946943
"ZMYND8",4.26944860160535e-08,0.248256321706964,0.00416834219495558,0.948522184031321,0.999999999946943
"WSB1",4.26623655024589e-08,0.247981320493692,0.00416207258312062,0.948560858822002,0.999999999946943
"PPP4R2",4.26397131512542e-08,0.247787273060101,0.00415765390174859,0.9485881335192,0.999999999946943
"RTN3",4.21494657155825e-08,0.243565525847751,0.00406259877494982,0.949178433545025,0.999999999946943
"OAZ1",4.20664929320742e-08,0.242846786538855,0.00404661976593318,0.949278342672743,0.999999999946943
"TMBIM1",4.19653859255688e-08,0.241969293452197,0.0040271910046718,0.949400088645625,0.999999999946943
"CEP57",4.19115376776365e-08,0.241501201496832,0.00401686258548405,0.949464929415031,0.999999999946943
"EGFL7",4.18351958246196e-08,0.240836679784575,0.00400224248494297,0.949556856182467,0.999999999946943
"XRCC6",4.17649089570518e-08,0.240223930700007,0.00398880553200752,0.949641492454621,0.999999999946943
"FDPS",4.16411932328504e-08,0.239143215511836,0.00396520930786195,0.949790466722913,0.999999999946943
"AP1M1",4.13040618926915e-08,0.236183974648637,0.00390126373834208,0.950196437711408,0.999999999946943
"PCNP",4.1277845916586e-08,0.235952978992724,0.00389631299137948,0.950228007332955,0.999999999946943
"CD55",4.12575643972129e-08,0.235774185779417,0.00389248509135286,0.950252430657633,0.999999999946943
"ELF1",4.11911805606715e-08,0.235188439077532,0.0038799690732481,0.950332371444578,0.999999999946943
"ATP5B",4.07754437345916e-08,0.231501342523354,0.003802044338781,0.950833021652251,0.999999999946943
"GNPTAB",4.0656931757538e-08,0.23044429171804,0.00377997551775834,0.950975743017431,0.999999999946943
"MT-ATP6",4.06226225217163e-08,0.230137775070811,0.00377359858050382,0.951017061168616,0.999999999946943
"RAB11A",4.06164813578272e-08,0.230082886522452,0.00377245771198286,0.951024456903578,0.999999999946943
"MT-ND2",4.04965685292825e-08,0.229009679278033,0.00375021559276797,0.951168867425932,0.999999999946943
"MRPL16",4.04147376857796e-08,0.228275713822711,0.00373507489028233,0.951267416892423,0.999999999946943
"RNASEH2C",4.03580894334e-08,0.227766861024707,0.00372461152021898,0.95133563922207,0.999999999946943
"NAA20",4.03314863891028e-08,0.227527680113782,0.00371970279688033,0.95136767778558,0.999999999946943
"PRPF8",3.96385333520421e-08,0.221248661057021,0.00359298115502559,0.952202242141154,0.999999999946943
"CPNE3",3.95540504163201e-08,0.220476622699883,0.00357768179393057,0.952303993544298,0.999999999946943
"FAM96A",3.94465390503533e-08,0.219492064610096,0.00355825932224591,0.952433481555297,0.999999999946943
"PTTG1",3.94127033400979e-08,0.219181724013079,0.00355215766675314,0.952474233960691,0.999999999946943
"CALCOCO1",3.92979643456502e-08,0.21812761145123,0.00353150555714484,0.952612428822459,0.999999999946943
"AQP10",3.91798935401834e-08,0.217040090728432,0.00351031660639589,0.95275463809839,0.999999999946943
"PYGL",3.91387182165851e-08,0.2166601645964,0.00350294228965997,0.952804231685319,0.999999999946943
"LPIN2",3.90266632899734e-08,0.215624466544188,0.00348291301634692,0.952939197080649,0.999999999946943
"DUSP23",3.89036862929294e-08,0.214484836791932,0.00346099757133981,0.953087319198786,0.999999999946943
"PARP14",3.86400832580348e-08,0.212031427308619,0.00341425451556201,0.953404826630465,0.999999999946943
"MKI67",3.83535591965785e-08,0.209348118370277,0.00336380746846934,0.953749950614266,0.999999999946943
"ATP5C1",3.80790099073127e-08,0.206760543927621,0.00331582102460461,0.954080658882245,0.999999999946943
"TIPRL",3.77244873486959e-08,0.203395121300874,0.0032543666359027,0.954507710617148,0.999999999946943
"DICER1",3.77014763603796e-08,0.203175732402762,0.00325039768318523,0.954535429707899,0.999999999946943
"RALBP1",3.76891391874675e-08,0.203058060681643,0.00324827075549014,0.954550291118109,0.999999999946943
"SAP18",3.74678489034237e-08,0.200941687086959,0.00321023855103155,0.954816861000736,0.999999999946943
"SMOX",3.72760187710154e-08,0.199098247691432,0.00317745075845654,0.955047946795378,0.999999999946943
"GABPB1-AS1",3.72695530432424e-08,0.199035970034891,0.0031763485618962,0.955055735720247,0.999999999946943
"CSK",3.70618395635128e-08,0.197030263363032,0.00314104189370047,0.955305959590522,0.999999999946943
"ATF6B",3.69719186620693e-08,0.19615894198634,0.00312581854365241,0.955414284963022,0.999999999946943
"HNRNPA3",3.695204177734e-08,0.195966088913404,0.00312245843492603,0.955438230240572,0.999999999946943
"FO538757.3",3.68858164905106e-08,0.195322894224262,0.00311127635159246,0.955518010782744,0.999999999946943
"IMP3",3.68430990729295e-08,0.194907480025556,0.00310407419397188,0.955569472007901,0.999999999946943
"SRSF2",3.68301188134954e-08,0.19478116786016,0.00310188737517893,0.95558510922707,0.999999999946943
"NDUFS3",3.6748287069072e-08,0.193983962432996,0.0030881187058804,0.955683691696461,0.999999999946943
"VMA21",3.67240657152136e-08,0.193747701655396,0.0030840491956251,0.955712871222548,0.999999999946943
"FKBP5",3.65189268567145e-08,0.191741275283903,0.00304969072687676,0.955960004898959,0.999999999946943
"CCDC124",3.64973511653727e-08,0.191529677905085,0.00304608822515425,0.955985997685124,0.999999999946943
"ACRBP",3.63966146461903e-08,0.19054029117562,0.00302929638449558,0.956107358160473,0.999999999946943
"TMEM14B",3.63346856253842e-08,0.189930870498363,0.00301899642894626,0.956181966518581,0.999999999946943
"FBXW5",3.63184951069814e-08,0.189771396591964,0.00301630653490817,0.956201471944328,0.999999999946943
"TGOLN2",3.63073609167865e-08,0.189661690784201,0.00301445739536702,0.956214885805523,0.999999999946943
"G3BP2",3.60809898273457e-08,0.187424873268635,0.00297698517491493,0.956487607952255,0.999999999946943
"CKS2",3.60796808373755e-08,0.187411903421758,0.00297676917346559,0.956489184981882,0.999999999946943
"IRF2",3.59203919475978e-08,0.185830559623643,0.00295054280212099,0.95668109245714,0.999999999946943
"KIF2A",3.58710481737585e-08,0.185339460763301,0.0029424420599041,0.956740541175088,0.999999999946943
"IL17RA",3.58168385453632e-08,0.184799256114768,0.00293355532973596,0.95680585248682,0.999999999946943
"CD68",3.57843961752043e-08,0.184475624207743,0.00292824339326812,0.956844938924671,0.999999999946943
"GGH",3.57699426345621e-08,0.184331359368125,0.00292587839946871,0.956862352526065,0.999999999946943
"C7orf50",3.55851886266053e-08,0.182482796994002,0.00289573176304114,0.95708494565396,0.999999999946943
"LBR",3.55612936152827e-08,0.182243105299171,0.00289184417302781,0.957113734802257,0.999999999946943
"ABCE1",3.55167255818786e-08,0.181795667205968,0.00288460017084082,0.957167431336509,0.999999999946943
"MTCH2",3.54925557346538e-08,0.181552811184598,0.00288067544967115,0.957196551774494,0.999999999946943
"FAM46C",3.513763489497e-08,0.177969936236582,0.00282335076636228,0.957624175859743,0.999999999946943
"UCHL5",3.50772369360224e-08,0.177357095678663,0.00281365301253802,0.957696947168768,0.999999999946943
"RAB10",3.47330013322104e-08,0.173846610358649,0.00275869959673998,0.958111710869015,0.999999999946943
"OSTF1",3.4665226144308e-08,0.173151881138616,0.00274794389145084,0.958193373394863,0.999999999946943
"YWHAG",3.4607645150394e-08,0.172560718507279,0.00273882247821222,0.95826275325075,0.999999999946943
"MZT1",3.43779479228408e-08,0.170193955768107,0.00270258700469049,0.958539520640809,0.999999999946943
"CSDE1",3.42229051961643e-08,0.168588632582474,0.00267826492542069,0.958726337959761,0.999999999946943
"KIFAP3",3.41566372797052e-08,0.167900559423214,0.00266790278932169,0.958806187573171,0.999999999946943
"MDK",3.4065505928763e-08,0.166952425244911,0.00265368562599945,0.958915997089621,0.999999999946943
"CFAP97",3.37604105817133e-08,0.163762061145799,0.00260636493903683,0.959283630051781,0.999999999946943
"COX7A2L",3.3738744099947e-08,0.163534543491744,0.00260302062913164,0.959309738000326,0.999999999946943
"B3GNT2",3.37299143275041e-08,0.163441786442043,0.00260165833347725,0.959320377822624,0.999999999946943
"SLC2A3",3.36701092471414e-08,0.162812975501043,0.00259244073232531,0.959392442772791,0.999999999946943
"SNRPC",3.36216598255064e-08,0.162302849059474,0.00258498534298632,0.959450824430121,0.999999999946943
"CAPN2",3.35643792420253e-08,0.161698913311986,0.00257618486508409,0.959519847937002,0.999999999946943
"SF3A1",3.35216126350978e-08,0.161247420298534,0.00256962407072182,0.959571382197716,0.999999999946943
"CDC123",3.35120730730733e-08,0.16114664147245,0.00256816175442407,0.959582877504398,0.999999999946943
"IVNS1ABP",3.34983476056403e-08,0.161001597681528,0.00256605851228966,0.959599416900833,0.999999999946943
"RNF138",3.34213792684516e-08,0.160187276188596,0.00255428011906059,0.959692165236523,0.999999999946943
"FEN1",3.3294690523303e-08,0.158843355783221,0.00253495205865537,0.959844828813416,0.999999999946943
"DPP7",3.32517738063106e-08,0.158387084386671,0.00252842118527701,0.959896545024315,0.999999999946943
"MRPL18",3.31403348707941e-08,0.157199918869188,0.00251150224322787,0.960030833797868,0.999999999946943
"CENPU",3.30692945710056e-08,0.15644130868642,0.00250074636867967,0.960116441047056,0.999999999946943
"RAB8A",3.30685822812449e-08,0.156433695261365,0.00250063864114135,0.960117299395525,0.999999999946943
"LMNB1",3.30446858698975e-08,0.156178191870804,0.00249702586462784,0.960146095916711,0.999999999946943
"WNK1",3.2879018027902e-08,0.154402417941389,0.00247205120370525,0.960345736422235,0.999999999946943
"SON",3.28248072676299e-08,0.153819648959007,0.00246390611274792,0.960411064448579,0.999999999946943
"RYBP",3.28163110582899e-08,0.153728238313107,0.00246263078748864,0.960421303041281,0.999999999946943
"TUBB1",3.2710797053139e-08,0.152591295265515,0.00244682009486136,0.960548456162947,0.999999999946943
"RNF10",3.26326902285536e-08,0.151747615658988,0.00243514901405868,0.960642582006999,0.999999999946943
"KLF6",3.25723568261176e-08,0.151094714329433,0.00242615281998919,0.960715289632721,0.999999999946943
"PPP1CC",3.25370157305389e-08,0.150711779916963,0.00242089091133957,0.960757879246505,0.999999999946943
"CD37",3.19942934804816e-08,0.144785265531791,0.00234080283020149,0.961411928736042,0.999999999946943
"NFKBIA",3.18320156595014e-08,0.142996212377195,0.00231711754141589,0.961607499258783,0.999999999946943
"KAT6B",3.17671095231021e-08,0.142278424254752,0.00230767787417018,0.961685722099185,0.999999999946943
"VAMP5",3.16599313071024e-08,0.141090357575524,0.00229213251505194,0.961814890731443,0.999999999946943
"COPA",3.16430470965775e-08,0.140902877820128,0.00228968838287758,0.961835239271149,0.999999999946943
"PIH1D1",3.16247683279902e-08,0.140699814978328,0.00228704384641742,0.961857268534586,0.999999999946943
"TWF2",3.15109176539321e-08,0.139432719649201,0.00227060655347407,0.961994480100556,0.999999999946943
"DNAJC2",3.14830357324509e-08,0.139121802232568,0.00226659011285997,0.962028083253932,0.999999999946943
"KIAA1551",3.14811173561911e-08,0.139100401192697,0.00226631389806129,0.962030395273959,0.999999999946943
"IL6ST",3.14253419092985e-08,0.138477684435389,0.00225829050468858,0.962097615777356,0.999999999946943
"DCAF7",3.14045109519625e-08,0.13824486620826,0.00225529758503932,0.962122721291917,0.999999999946943
"ARHGAP4",3.12926820855296e-08,0.136992704192994,0.00223926432612369,0.962257498323517,0.999999999946943
"SCAF4",3.12682156432484e-08,0.136718231461303,0.00223576412032674,0.962286985616603,0.999999999946943
"WBP2",3.12372378746578e-08,0.136370444354398,0.00223133632204684,0.962324320523804,0.999999999946943
"HNRNPU",3.12300636915222e-08,0.136289857085671,0.00223031150818756,0.962332966977015,0.999999999946943
"GABARAP",3.12159686464337e-08,0.136131481183225,0.00222829875230543,0.962349954589138,0.999999999946943
"GUSB",3.11159484782982e-08,0.135005836032539,0.00221404209040798,0.96247050125814,0.999999999946943
"RALY",3.1076097537145e-08,0.134556469285171,0.0022083745684351,0.962518530792811,0.999999999946943
"SPG21",3.10718283714346e-08,0.134508299643824,0.00220776784686212,0.962523676125849,0.999999999946943
"TAF7",3.0931112519302e-08,0.132917350183639,0.00218781636766839,0.96269327217713,0.999999999946943
"G6PD",3.09180506278509e-08,0.132769351807973,0.00218596897301031,0.962709014946996,0.999999999946943
"ANAPC11",3.08630172500696e-08,0.132145195596902,0.00217819395568454,0.962775343769986,0.999999999946943
"HSD17B11",3.08187275451582e-08,0.131642184330894,0.00217194684468995,0.962828723998737,0.999999999946943
"PAFAH1B1",3.06871374839567e-08,0.130143958657242,0.00215343884833909,0.962987324085935,0.999999999946943
"RILPL2",3.06490385754027e-08,0.129709138282216,0.00214809506284666,0.963033243406714,0.999999999946943
"IGF1R",3.05607810780232e-08,0.128700052208483,0.00213574149246676,0.963139617642164,0.999999999946943
"FNBP1L",3.05285920026562e-08,0.128331389671035,0.00213124479204109,0.963178414376759,0.999999999946943
"HMGB1",3.03709593960513e-08,0.126521121091307,0.00210929249674722,0.963368406502912,0.999999999946943
"ATP5G1",3.03369783088748e-08,0.12612980834923,0.00210457509857307,0.96340936365104,0.999999999946943
"COX20",3.03333583052819e-08,0.126088099352254,0.00210407286563528,0.963413726819765,0.999999999946943
"CAPZA1",3.01653605416107e-08,0.124147681375172,0.00208083108146428,0.963616214724709,0.999999999946943
"ADSL",3.01041164090271e-08,0.123437957045445,0.00207239031866709,0.963690032935106,0.999999999946943
"VPS37B",3.00609451975629e-08,0.122936914688496,0.00206645070241243,0.963742067846735,0.999999999946943
"TMEM40",3.00461628282515e-08,0.122765207582149,0.00206441886166061,0.96375988529469,0.999999999946943
"SUPT16H",3.00405218117032e-08,0.122699664030064,0.00206364376582937,0.963766684515247,0.999999999946943
"CALM3",2.99805769708785e-08,0.122002496571571,0.00205541612095184,0.963838937292401,0.999999999946943
"RBBP4",2.99427901040674e-08,0.121562406324389,0.00205023818258744,0.963884482750165,0.999999999946943
"CTSA",2.97325960171264e-08,0.119105495578367,0.00202155445972999,0.96413783709886,0.999999999946943
"MCUR1",2.97233402986227e-08,0.118996960688447,0.00202029604107977,0.964148993426333,0.999999999946943
"FOXP1",2.96219638863757e-08,0.117806266879693,0.00200653842889323,0.964271187365208,0.999999999946943
"ICAM2",2.95064569543088e-08,0.11644527825494,0.00199092047578218,0.96441041453202,0.999999999946943
"IFNGR1",2.94299206529523e-08,0.115540915528549,0.00198060544102306,0.96450266874807,0.999999999946943
"LAMP1",2.89751058233638e-08,0.110124173835975,0.00191986126752386,0.965050896606084,0.999999999946943
"USMG5",2.89615907740324e-08,0.10996208410269,0.00191807069815866,0.965067187724156,0.999999999946943
"NDUFB9",2.88633083598879e-08,0.108781372834389,0.00190507467474889,0.965185658348695,0.999999999946943
"HTATSF1",2.87918451551782e-08,0.107920654947537,0.00189565273318943,0.965271801307323,0.999999999946943
"FAM195B",2.868621553248e-08,0.10664501986524,0.0018817689564746,0.965399129787508,0.999999999946943
"MMD",2.85832243519619e-08,0.105397307673458,0.0018682811055513,0.965523278675743,0.999999999946943
"ANXA7",2.85316670514332e-08,0.104771234449807,0.00186154731954169,0.965585427821502,0.999999999946943
"GADD45A",2.84811590890973e-08,0.104156948606633,0.00185496237376738,0.965646312257517,0.999999999946943
"FAM63A",2.82673418294897e-08,0.101545926508986,0.00182721531601401,0.965904058848387,0.999999999946943
"B2M",2.82442389636263e-08,0.101262779164815,0.00182422977461335,0.965931908473933,0.999999999946943
"WBP11",2.82050308217427e-08,0.100781785105244,0.00181916856441021,0.965979172491872,0.999999999946943
"AGPAT1",2.80832532665718e-08,0.0992841358578972,0.00180349365477162,0.966125971756722,0.999999999946943
"NR3C1",2.79960025106143e-08,0.098207627757309,0.00179230465602004,0.966231150685773,0.999999999946943
"COMMD2",2.77927044558032e-08,0.0956879501018578,0.00176636887656984,0.966476224439504,0.999999999946943
"ARL6IP4",2.77118606137027e-08,0.094681513531205,0.00175610774078868,0.966573681756678,0.999999999946943
"PPP2R1A",2.75379601188246e-08,0.0925079164045105,0.00173413665719085,0.966783320634419,0.999999999946943
"HMG20B",2.75273214240577e-08,0.0923745552492124,0.00173279702369411,0.966796145767652,0.999999999946943
"SVIP",2.75201150874104e-08,0.0922841948810911,0.00173188988972276,0.966804833137819,0.999999999946943
"ATP5F1",2.73812426250373e-08,0.0905388382719112,0.00171445500796979,0.96697224719052,0.999999999946943
"GOPC",2.73160521620079e-08,0.089716863848403,0.00170630102690277,0.967050836345011,0.999999999946943
"LAT2",2.72109469039169e-08,0.0883880107485155,0.00169319545960119,0.967177544714527,0.999999999946943
"DTYMK",2.69679276788303e-08,0.0852983219468497,0.00166308687106609,0.967470516762583,0.999999999946943
"CCS",2.69530026998749e-08,0.0851077809780014,0.00166124656147307,0.967488509728062,0.999999999946943
"IL16",2.69388375793699e-08,0.0849268558953244,0.00165950088775729,0.967505586653497,0.999999999946943
"FAM13B",2.69233603069869e-08,0.0847290766193056,0.00165759455687988,0.967524245475895,0.999999999946943
"POLE4",2.68373784539679e-08,0.0836285368626683,0.00164702414734062,0.967627902314874,0.999999999946943
"COX4I1",2.67985593633499e-08,0.0831306598719527,0.00164226289694947,0.967674701488222,0.999999999946943
"PBRM1",2.66748048096743e-08,0.0815392382043332,0.00162713012520667,0.967823897142672,0.999999999946943
"KIAA0922",2.65939373892573e-08,0.0804958505360883,0.00161727945413886,0.967921389660654,0.999999999946943
"GBAS",2.65518739001307e-08,0.0799520369734242,0.0016121674155831,0.967972100945685,0.999999999946943
"MTSS1",2.6524763060857e-08,0.079601139940288,0.0016088768833829,0.968004785547322,0.999999999946943
"TOMM5",2.64959173760218e-08,0.07922744597897,0.00160537947830316,0.968039561723309,0.999999999946943
"CCNI",2.63955654989625e-08,0.0779246308626594,0.00159324192839055,0.968160545787451,0.999999999946943
"ATP1B3",2.63127178433791e-08,0.0768458129200066,0.00158325621997079,0.968260427342253,0.999999999946943
"DCP2",2.62109720484964e-08,0.0755168589800504,0.00157103564940956,0.968383093270947,0.999999999946943
"GRSF1",2.60612593108704e-08,0.0735532016221088,0.00155313991290388,0.968563590070162,0.999999999946943
"DDX21",2.60337673376003e-08,0.0731915463508016,0.00154986483252678,0.968596735141858,0.999999999946943
"PGAM1",2.59130868508438e-08,0.0716000612330442,0.00153552922537595,0.968742231464283,0.999999999946943
"NGLY1",2.59119426206475e-08,0.0715849407627366,0.0015353936212987,0.968743610990433,0.999999999946943
"CRLF3",2.58693065738213e-08,0.0710211107658302,0.00153034504133616,0.968795014648557,0.999999999946943
"URI1",2.58009647037593e-08,0.0701156518274155,0.00152226995107485,0.968877410506372,0.999999999946943
"CTSG",2.57152886487686e-08,0.0689775811236911,0.00151217687569715,0.968980705662127,0.999999999946943
"VAPA",2.56750293333766e-08,0.0684416603933698,0.00150744571743597,0.969029244401007,0.999999999946943
"MMP24-AS1",2.56012271684852e-08,0.0674573255395229,0.00149879195042627,0.969118224453581,0.999999999946943
"PTGS2",2.5505072467448e-08,0.0661711545795809,0.00148755457878054,0.969234154561036,0.999999999946943
"PRPF6",2.53805483768823e-08,0.0644992301538476,0.0014730645835781,0.969384289540527,0.999999999946943
"FTL",2.53660350815652e-08,0.0643039031715629,0.00147138038759863,0.969401787858236,0.999999999946943
"CD99",2.52915632206744e-08,0.0633000927858302,0.00146275345137699,0.969491576952601,0.999999999946943
"CUX1",2.52156823316312e-08,0.0622746419926997,0.00145398938051093,0.969583065279172,0.999999999946943
"COMMD6",2.51771270150297e-08,0.0617525783939855,0.00144954641819533,0.96962955093695,0.999999999946943
"TCF25",2.51402500268643e-08,0.0612525893428704,0.0014453032209216,0.969674013151902,0.999999999946943
"EIF2S2",2.51174709266383e-08,0.0609434247599323,0.00144268528422063,0.969701477731796,0.999999999946943
"GOLGA4",2.50716184016405e-08,0.0603203606327582,0.00143742278121015,0.969756761865281,0.999999999946943
"LAGE3",2.49544552509817e-08,0.0587237827178553,0.00142401961986885,0.969898025481644,0.999999999946943
"AIG1",2.47730285638245e-08,0.0562385745562162,0.0014033887547097,0.970116773509054,0.999999999946943
"MOB2",2.47467886484952e-08,0.0558778269628237,0.00140041735382933,0.970148411432015,0.999999999946943
"RPL7L1",2.46370937079526e-08,0.0543661234861622,0.00138802962722752,0.970280673040641,0.999999999946943
"U2AF2",2.46152139633204e-08,0.0540638990494031,0.00138556535536594,0.970307054029095,0.999999999946943
"TNFAIP8",2.45181544513417e-08,0.0527203941022664,0.00137466013546008,0.970424081648498,0.999999999946943
"CEP350",2.43628382215243e-08,0.0505608393533659,0.00135729905930211,0.970611352496611,0.999999999946943
"REL",2.43565177999713e-08,0.0504727053442469,0.00135659490575733,0.970618973310265,0.999999999946943
"AURKAIP1",2.41936019348022e-08,0.0481940598694121,0.00133850761709106,0.970815409145794,0.999999999946943
"PSMD13",2.40886415836546e-08,0.0467189374447455,0.00132691897626967,0.970941966047772,0.999999999946943
"EIF3I",2.40260195754216e-08,0.0458361768536808,0.00132002889716502,0.971017473454831,0.999999999946943
"ENKUR",2.39586768128401e-08,0.0448846331810016,0.00131263942419239,0.97109867327073,0.999999999946943
"METTL5",2.3805614143751e-08,0.0427131959065756,0.00129592111307802,0.971283232606085,0.999999999946943
"CRBN",2.37876776498797e-08,0.0424579438386126,0.00129396900848746,0.971304860105749,0.999999999946943
"HIST1H3H",2.3678806155651e-08,0.0409050048099088,0.00128215163312684,0.971436135835131,0.999999999946943
"DHFR",2.35239161671408e-08,0.038684921277734,0.00126543263768419,0.971622901355959,0.999999999946943
"PSMD11",2.35017594297842e-08,0.0383663033812887,0.00126304998555868,0.97164961795898,0.999999999946943
"TIMM17B",2.34500633210199e-08,0.0376218867130176,0.00125749951124979,0.971711953271853,0.999999999946943
"VIM-AS1",2.34288236233265e-08,0.0373156242625572,0.00125522260364251,0.971737564208981,0.999999999946943
"MDH2",2.33290249846086e-08,0.0358733521162876,0.0012445517558971,0.971857902312498,0.999999999946943
"DNAJC1",2.33102766017161e-08,0.0356018051770425,0.00124255219038229,0.971880509354164,0.999999999946943
"CDK1",2.32909719805776e-08,0.0353220032264193,0.00124049498040901,0.971903787138683,0.999999999946943
"ATP6V0B",2.32518736436315e-08,0.0347546917728212,0.00123633366147112,0.971950932538277,0.999999999946943
"SCAND1",2.32379287544055e-08,0.0345521525913358,0.00123485116880232,0.971967747532306,0.999999999946943
"DNAJB6",2.30356586751502e-08,0.0316023772338802,0.00121344767850237,0.972211649768178,0.999999999946943
"COX6C",2.29511289203823e-08,0.030362970678273,0.00120455848280326,0.972313578596532,0.999999999946943
"MTF2",2.2865877892226e-08,0.0291089602769197,0.00119562653606808,0.972416377618656,0.999999999946943
"COX14",2.27860577116033e-08,0.0279311435756982,0.00118729372207334,0.972512628327958,0.999999999946943
"LAP3",2.2742837006317e-08,0.0272918855894199,0.00118279386476669,0.972564745935941,0.999999999946943
"MRPL21",2.24681647302373e-08,0.0232044551662354,0.0011543964541325,0.972895961723565,0.999999999946943
"SNRPA1",2.24358935187696e-08,0.0227213740361307,0.001151082697216,0.972934876533108,0.999999999946943
"HSP90AA1",2.22514364032701e-08,0.0199485014050644,0.00113223320719979,0.973157308633114,0.999999999946943
"ATIC",2.22472093480711e-08,0.0198847236973479,0.0011318030724809,0.973162405954993,0.999999999946943
"RBM8A",2.22136196200677e-08,0.0193775476563743,0.0011283879693099,0.973202911179556,0.999999999946943
"GSTP1",2.22068872970025e-08,0.0192758151148521,0.00112770410766885,0.973211029570302,0.999999999946943
"YPEL3",2.19825289366179e-08,0.0158700812719914,0.00110503260494166,0.973481580979017,0.999999999946943
"SMARCB1",2.18127485785254e-08,0.0132726786485709,0.00108802925420524,0.973686319373424,0.999999999946943
"ADSS",2.1737895558671e-08,0.0121219422074135,0.00108057466537275,0.973776585296482,0.999999999946943
"CHD3",2.16745184125949e-08,0.0111449297405565,0.00107428298864918,0.973853012623804,0.999999999946943
"TP53",2.16665823584109e-08,0.0110224137177999,0.0010734964422503,0.973862582832013,0.999999999946943
"BSG",2.15952736721635e-08,0.00991980256695673,0.0010664419238846,0.973948575227863,0.999999999946943
"POLR2B",2.153701816648e-08,0.00901667329274587,0.00106069600756414,0.974018826789043,0.999999999946943
"GIT2",2.14794191797795e-08,0.00812163034604671,0.00105503010544525,0.974088286838095,0.999999999946943
"MAN1A2",2.14546878903514e-08,0.00773668475096831,0.00105260199196296,0.974118110974775,0.999999999946943
"PDZK1IP1",2.14134806648859e-08,0.00709443095350148,0.0010485624875306,0.974167803972604,0.999999999946943
"EIF4A3",2.13680385668582e-08,0.00638492493614931,0.0010441168468022,0.974222604043307,0.999999999946943
"CCNA2",2.13467359728169e-08,0.00605186688092089,0.00104203604653481,0.974248293560619,0.999999999946943
"TRA2B",2.13303974376503e-08,0.00579622405496604,0.00104044153324561,0.974267996769855,0.999999999946943
"MIEN1",2.12668836210321e-08,0.00480082673731686,0.00103425467912978,0.974344590444917,0.999999999946943
"RCN2",2.12238121416131e-08,0.00412433210619571,0.00103006960247462,0.974396532079472,0.999999999946943
"TOMM22",2.12167571808606e-08,0.00401341079858086,0.00102938490994636,0.974405039951598,0.999999999946943
"DECR1",2.09937026275994e-08,0.000489794407786617,0.00100785456630876,0.974674032259352,0.999999999946943
"SNAP29",2.08622790674487e-08,-0.00160159339937545,0.000995275438044423,0.974832523657364,0.999999999946943
"SPN",2.07899287038736e-08,-0.00275782530968498,0.000988384179731332,0.974919775639023,0.999999999946943
"SIGMAR1",2.07540367006579e-08,-0.00333271521766298,0.000984974407015377,0.974963060237938,0.999999999946943
"CCT6A",2.06892322780491e-08,-0.00437289552130396,0.000978832850742632,0.97504121246932,0.999999999946943
"EIF2A",2.06498126742783e-08,-0.00500700948081088,0.000975106424934226,0.97508875147159,0.999999999946943
"SATB1",2.04793429161745e-08,-0.00776141128279027,0.000959073346263871,0.97529433451955,0.999999999946943
"WASF2",2.04422131819771e-08,-0.00836398687448196,0.000955598834666331,0.975339112439092,0.999999999946943
"GAS2L1",2.02847374751131e-08,-0.0109302770988969,0.000940932714254909,0.975529026713864,0.999999999946943
"EGLN3",2.0197968730156e-08,-0.0123517111366369,0.000932900179045584,0.975633669627088,0.999999999946943
"SRSF7",2.01244250120773e-08,-0.0135606596750593,0.000926118899092159,0.975722363515779,0.999999999946943
"ILF3",2.01231951782462e-08,-0.0135809089500688,0.000926005709517716,0.975723846700688,0.999999999946943
"SUMO2",2.00263974313019e-08,-0.0151780755625514,0.000917118484482255,0.975840585464239,0.999999999946943
"NDUFB4",2.00123721414448e-08,-0.0154100501222801,0.000915834344542824,0.975857500105422,0.999999999946943
"SSR2",2.00006261002173e-08,-0.0156044353554844,0.00091475958229918,0.975871665958098,0.999999999946943
"PTCRA",1.99487267294277e-08,-0.0164645085492166,0.00091001834572084,0.975934257251254,0.999999999946943
"JUNB",1.99387763164975e-08,-0.0166296285056728,0.000909110738923884,0.975946257591191,0.999999999946943
"PSMB8",1.98930518359241e-08,-0.0173893161490465,0.00090494589428443,0.976001402036973,0.999999999946943
"WEE1",1.97186872710077e-08,-0.0203003002403523,0.000889151538166881,0.976211689506748,0.999999999946943
"MAGOH",1.96966595994625e-08,-0.0206696396179443,0.00088716611205015,0.976238255477189,0.999999999946943
"CNIH1",1.95474656500731e-08,-0.0231806849839579,0.000873777188891686,0.976418188126529,0.999999999946943
"KRT10",1.93685391429364e-08,-0.0262142319105564,0.000857854268724452,0.976633980768124,0.999999999946943
"RAB37",1.93346141872761e-08,-0.0267921481054852,0.000854851752072824,0.976674895837161,0.999999999946943
"SNW1",1.91735411736118e-08,-0.0295481436244633,0.000840667864340405,0.976869158193381,0.999999999946943
"ANKRD36C",1.91601804508933e-08,-0.0297776521258299,0.000839496665264331,0.976885271975372,0.999999999946943
"GSTO1",1.90743572921013e-08,-0.0312552376449583,0.000831992884716178,0.976988779749677,0.999999999946943
"PIK3CA",1.90528745979174e-08,-0.0316260020700725,0.000830119858710336,0.977014689202348,0.999999999946943
"TIMM8B",1.90180666409035e-08,-0.0322275165244832,0.000827089514698036,0.977056669794389,0.999999999946943
"COPS5",1.89192766382348e-08,-0.0339399324621352,0.000818519142226802,0.977175817115579,0.999999999946943
"IL18",1.89085344151755e-08,-0.0341266056481251,0.000817589908075477,0.977188772982609,0.999999999946943
"HRAT92",1.88607044065998e-08,-0.0349588939979826,0.000813458876860931,0.977246459367626,0.999999999946943
"ZNHIT1",1.85460606347302e-08,-0.0404802242262542,0.000786544205774158,0.977625945040281,0.999999999946943
"GGCT",1.84873483820379e-08,-0.0415195096739078,0.000781572078682351,0.97769675729816,0.999999999946943
"EIF5A",1.84737802496286e-08,-0.041760092128652,0.000780425285551858,0.977713121711315,0.999999999946943
"KIAA0125",1.83901992539088e-08,-0.0432455019024015,0.000773379498031298,0.977813928270955,0.999999999946943
"FNBP4",1.83528115955632e-08,-0.0439118608536024,0.000770238101268783,0.977859021426081,0.999999999946943
"TSTD1",1.83325001427628e-08,-0.0442743663388629,0.000768534166411828,0.977883519044861,0.999999999946943
"PPP6R3",1.82444112601283e-08,-0.045850573458897,0.000761166195256623,0.977989763181311,0.999999999946943
"CKAP2",1.82324879152802e-08,-0.046064430717754,0.000760171624230896,0.978004143975864,0.999999999946943
"SNRPB2",1.79552618807115e-08,-0.0510713819529585,0.000737230464052986,0.978338509425598,0.999999999946943
"SPARC",1.78822022100423e-08,-0.0524020975188759,0.000731243112396349,0.978426628155201,0.999999999946943
"ANAPC5",1.78756024571105e-08,-0.0525225388041844,0.000730703454780111,0.978434588262153,0.999999999946943
"PRKCD",1.78390590102906e-08,-0.053190134322482,0.000727718925586215,0.97847866415476,0.999999999946943
"IMMT",1.7792626479154e-08,-0.0540401071801209,0.000723935558247087,0.978534667594418,0.999999999946943
"ERGIC3",1.77828426900277e-08,-0.0542194508644444,0.000723139623425301,0.978546468081223,0.999999999946943
"DGCR6L",1.76194227424501e-08,-0.0572278145059528,0.000709909743388591,0.978743573893911,0.999999999946943
"CCT8",1.7554091916551e-08,-0.0584372709808401,0.000704654973524356,0.978822371771254,0.999999999946943
"TRIM44",1.75476374187763e-08,-0.058556974231364,0.000704136876910406,0.978830156786223,0.999999999946943
"SSU72",1.75176273114537e-08,-0.0591140365348801,0.000701730495544065,0.978866353143204,0.999999999946943
"FAM212A",1.74617127663527e-08,-0.0601541676491325,0.0006972579353606,0.978933793965542,0.999999999946943
"KCNA3",1.74522069637863e-08,-0.0603312841388241,0.000696498995812502,0.978945259318234,0.999999999946943
"PCF11",1.7432675896451e-08,-0.060695459475787,0.00069494093992519,0.978968816582714,0.999999999946943
"UQCRC2",1.74163819450481e-08,-0.0609995473615074,0.000693642454009364,0.978988469435789,0.999999999946943
"DNAJC9",1.74126129897151e-08,-0.0610699211971214,0.000693342274033681,0.97899301534078,0.999999999946943
"MAP3K8",1.73724554674612e-08,-0.0618205652600347,0.000690147945679229,0.979041451160324,0.999999999946943
"PDGFA",1.73251906499684e-08,-0.0627059985138595,0.000686397716712317,0.979098459511866,0.999999999946943
"ATP6V1E1",1.73086845899412e-08,-0.0630157090875429,0.0006850904497257,0.97911836828359,0.999999999946943
"CPT1A",1.72451750374953e-08,-0.064209768236369,0.000680072163800815,0.979194970403067,0.999999999946943
"INSIG1",1.71105672153019e-08,-0.0667532624843461,0.000669496943599371,0.979357328415461,0.999999999946943
"TTC17",1.71085414508736e-08,-0.066791673255818,0.000669338426024635,0.979359771809628,0.999999999946943
"RB1CC1",1.70426452984266e-08,-0.0680433010230187,0.000664192238080289,0.979439253157972,0.999999999946943
"CD38",1.70100979335296e-08,-0.0686630576601196,0.000661657764770708,0.979478510585252,0.999999999946943
"MRPL28",1.69900361457702e-08,-0.0690455819463668,0.000660097960709911,0.979502708396123,0.999999999946943
"MTHFD2",1.69447781391824e-08,-0.0699099753539505,0.000656585910764029,0.979557297054216,0.999999999946943
"CCNB1IP1",1.69370319779705e-08,-0.0700581223614756,0.000655985742646508,0.979566640218274,0.999999999946943
"SYNGR2",1.69073209277976e-08,-0.0706268997405885,0.000653686292474359,0.979602476732618,0.999999999946943
"LEPROT",1.68603785708026e-08,-0.0715273214094217,0.000650061474925941,0.97965909717962,0.999999999946943
"SSNA1",1.68589725860195e-08,-0.071554323831948,0.00064995306236216,0.979660793037397,0.999999999946943
"TMEM18",1.6758447715205e-08,-0.0734900343566143,0.00064222522999026,0.979782043438016,0.999999999946943
"SERINC3",1.67093485293034e-08,-0.0744391640280583,0.000638467537879475,0.979841265727962,0.999999999946943
"TMOD3",1.66933608098677e-08,-0.074748744072338,0.00063724633449791,0.979860549765299,0.999999999946943
"PPP2R5C",1.66776621522542e-08,-0.0750529778952692,0.000636048348277046,0.979879485154044,0.999999999946943
"UQCC3",1.6645047013988e-08,-0.075685843691935,0.000633563045459926,0.979918824880153,0.999999999946943
"METAP2",1.63786867631287e-08,-0.0808950810311597,0.000613448261373023,0.980240105095907,0.999999999946943
"RIOK3",1.63591951757973e-08,-0.0812791671374308,0.000611989052130782,0.980263615717534,0.999999999946943
"ZCCHC7",1.62621543042858e-08,-0.0831973243814119,0.000604750088468154,0.980380666019229,0.999999999946943
"CYB5R1",1.62276010495861e-08,-0.0838827251886144,0.000602182915163416,0.980422344115612,0.999999999946943
"CCDC109B",1.62191873201617e-08,-0.0840498127044867,0.000601558634270197,0.980432492754536,0.999999999946943
"LRP10",1.61808883183802e-08,-0.0848113432762415,0.000598721020622515,0.980478689043617,0.999999999946943
"MEST",1.61259617373524e-08,-0.0859062350498481,0.000594663161475395,0.980544941647399,0.999999999946943
"ODC1",1.60601998980491e-08,-0.0872213891392354,0.000589822965737475,0.980624263948093,0.999999999946943
"GABPB1",1.603261292508e-08,-0.0877744890533223,0.00058779840123498,0.98065753956724,0.999999999946943
"MT-CYB",1.58606133036225e-08,-0.0912417548404914,0.000575254121504141,0.980865007591399,0.999999999946943
"SCAMP3",1.58559476650207e-08,-0.0913362622281678,0.000574915731931828,0.980870635359216,0.999999999946943
"COX5A",1.57194674476416e-08,-0.0941115723702269,0.000565061141941044,0.981035260397842,0.999999999946943
"G3BP1",1.56354260091069e-08,-0.095830990882279,0.000559035288115337,0.981136633184521,0.999999999946943
"RSF1",1.56301509360231e-08,-0.0959391824528939,0.000558658137592994,0.981142996113607,0.999999999946943
"LST1",1.55989622084245e-08,-0.0965795120298338,0.000556430845917708,0.981180616785038,0.999999999946943
"UXS1",1.55310981132865e-08,-0.0979766733694064,0.000551599815071458,0.981262476403195,0.999999999946943
"MRPS12",1.54979068036261e-08,-0.0986619387892191,0.000549244700590879,0.981302512784861,0.999999999946943
"FKBP1A",1.54576269731569e-08,-0.0994952701037282,0.000546393382191677,0.981351099622254,0.999999999946943
"ATPIF1",1.5403527454165e-08,-0.10061748800972,0.000542575475089288,0.9814163563248,0.999999999946943
"LITAF",1.53923163292271e-08,-0.100850475696108,0.000541785958816397,0.981429879585287,0.999999999946943
"STRAP",1.53640994654209e-08,-0.101437527712225,0.000539801398737668,0.98146391580076,0.999999999946943
"HNRNPA0",1.5265449687422e-08,-0.103497335028641,0.000532891741534764,0.981582911043996,0.999999999946943
"MRPL43",1.52572012750324e-08,-0.103670085964079,0.000532316020096432,0.981592860622124,0.999999999946943
"RP11-1000B6.3",1.52237513667818e-08,-0.104371479178485,0.000529984478046432,0.981633209322186,0.999999999946943
"OGT",1.52079418991697e-08,-0.104703446073862,0.000528884299559432,0.981652279389859,0.999999999946943
"PTPN18",1.51849006818443e-08,-0.10518780308336,0.000527282911719796,0.981680072727448,0.999999999946943
"SRPK1",1.51016295518721e-08,-0.106943619949825,0.00052151572828898,0.981780518240386,0.999999999946943
"RTF1",1.50339361793177e-08,-0.108377188226618,0.000516850796628289,0.981862173350162,0.999999999946943
"HIST2H2AC",1.49874276492246e-08,-0.109365374661981,0.0005136579150073,0.981918274360431,0.999999999946943
"STRA13",1.4974541407382e-08,-0.109639646007607,0.000512775005050917,0.981933818432042,0.999999999946943
"IARS",1.49428456141674e-08,-0.110315135242558,0.000510606576734322,0.98197205161604,0.999999999946943
"FUNDC2",1.48381478700746e-08,-0.112555308931638,0.00050347646573115,0.982098344004432,0.999999999946943
"MADD",1.48241965712882e-08,-0.11285485641765,0.000502530141634387,0.982115172890423,0.999999999946943
"TMEM140",1.47783007265329e-08,-0.113842016640535,0.000499423282924099,0.982170535242961,0.999999999946943
"MRFAP1",1.47578290416961e-08,-0.114283196376769,0.000498040586117595,0.982195229458978,0.999999999946943
"UBE2G2",1.4647691956737e-08,-0.116665907481115,0.000490634611119352,0.982328083934367,0.999999999946943
"DDX5",1.46176088475513e-08,-0.117319436316728,0.000488621371364169,0.982364372211774,0.999999999946943
"CCDC88A",1.4559810504941e-08,-0.118578344067766,0.000484764971598638,0.982434092577315,0.999999999946943
"RPS26",1.45588758234705e-08,-0.118598738091299,0.000484702733660486,0.98243522005597,0.999999999946943
"MPST",1.45240508196327e-08,-0.119359405568859,0.000482386677605915,0.982477228454639,0.999999999946943
"SAFB",1.4504559752034e-08,-0.119785833259799,0.000481092834362196,0.982500739989075,0.999999999946943
"KIAA1109",1.44714559435408e-08,-0.120511225533486,0.000478899340545214,0.982540672230247,0.999999999946943
"MT-CO3",1.44554396378935e-08,-0.120862703536551,0.000477839882016555,0.982559992288238,0.999999999946943
"CLPP",1.44049828701805e-08,-0.121972196817319,0.000474509899938769,0.982620857057546,0.999999999946943
"HIST1H2BJ",1.43462994919932e-08,-0.123266845185009,0.000470651634418326,0.982691645513819,0.999999999946943
"NUP214",1.43441816109416e-08,-0.123313655066884,0.000470512684216767,0.982694200269263,0.999999999946943
"GLUL",1.43286184846539e-08,-0.123657819304981,0.00046949224595608,0.982712973747176,0.999999999946943
"SMU1",1.43197306563967e-08,-0.123854511361952,0.000468909988524601,0.982723694955194,0.999999999946943
"C22orf39",1.42678232326873e-08,-0.125005374196046,0.000465516657279377,0.982786309896045,0.999999999946943
"NUDC",1.42269777728703e-08,-0.125913540618019,0.00046285514053179,0.982835581074204,0.999999999946943
"HDLBP",1.42083695518071e-08,-0.126328031868567,0.000461645146635603,0.982858027874081,0.999999999946943
"PHF20L1",1.41649858771774e-08,-0.127296224039197,0.00045883028651554,0.98291036096058,0.999999999946943
"RBX1",1.40450620977958e-08,-0.129986042966074,0.000451094064638569,0.983055023627882,0.999999999946943
"SUMO3",1.40174731933816e-08,-0.130607671302636,0.000449323624918693,0.983088303883026,0.999999999946943
"R3HDM4",1.40155076095214e-08,-0.130652000093674,0.000449197621989161,0.983090674950843,0.999999999946943
"ADRM1",1.39806550647225e-08,-0.131438910851186,0.000446966348590028,0.983132717316842,0.999999999946943
"HMGN2",1.37970280259122e-08,-0.135613293963276,0.000435302216341666,0.983354226021125,0.999999999946943
"FXR1",1.37815877458796e-08,-0.13596649569525,0.00043432846645011,0.983372851639825,0.999999999946943
"MCTP2",1.37784810177513e-08,-0.136037604767686,0.000434132670668044,0.983376599288851,0.999999999946943
"GPSM3",1.37390178268454e-08,-0.13694208312952,0.000431649417828475,0.983424203804594,0.999999999946943
"ARMC8",1.37066485746925e-08,-0.137685660264024,0.000429617873835417,0.983463250933765,0.999999999946943
"DDX39A",1.36840427196791e-08,-0.138205861867299,0.00042820193753308,0.983490520470213,0.999999999946943
"RPA1",1.36534167976754e-08,-0.138911813406364,0.000426287385779793,0.983527464677423,0.999999999946943
"EMC3",1.36453292560864e-08,-0.139098467479733,0.000425782516424081,0.983537220726333,0.999999999946943
"EIF3G",1.36337254909411e-08,-0.139366441373708,0.000425058667333458,0.983551218420665,0.999999999946943
"HNRNPDL",1.35402823702825e-08,-0.141531650422792,0.000419252081957507,0.98366393962466,0.999999999946943
"MKRN1",1.35145276846341e-08,-0.142130707536414,0.00041765869767804,0.983695007770935,0.999999999946943
"ZNF280D",1.34730698006551e-08,-0.143097112093606,0.00041510016398008,0.983745018901279,0.999999999946943
"MED28",1.3459120050598e-08,-0.143422869595399,0.000414241035969214,0.983761846662305,0.999999999946943
"YWHAH",1.3445805586373e-08,-0.143734065822164,0.000413421863634964,0.983777908076686,0.999999999946943
"CYBA",1.34144787043993e-08,-0.144467321225581,0.000411497675372086,0.983815698134873,0.999999999946943
"PRKAR1B",1.33708973873887e-08,-0.14548989259796,0.000408828249382863,0.983868270950729,0.999999999946943
"TSPYL1",1.33662270029118e-08,-0.145599648215933,0.000408542696127131,0.983873904911821,0.999999999946943
"XPNPEP1",1.336600991292e-08,-0.145604750715627,0.000408529425394815,0.983874166791044,0.999999999946943
"YTHDF2",1.32665442830179e-08,-0.147950217098657,0.000402471754957681,0.983994153996611,0.999999999946943
"DDAH2",1.32375395425419e-08,-0.148637048914915,0.000400713825005849,0.984029143012971,0.999999999946943
"WDR33",1.32375073271419e-08,-0.148637812502604,0.000400711874622183,0.984029181875089,0.999999999946943
"BUB3",1.32329797883162e-08,-0.148745142877392,0.00040043781572736,0.984034643541288,0.999999999946943
"TAL1",1.3230488808399e-08,-0.148804207966851,0.000400287072857681,0.98403764846356,0.999999999946943
"COPB2",1.32161593394778e-08,-0.149144170428465,0.000399420469200256,0.984054934412346,0.999999999946943
"PSMC1",1.31783582220368e-08,-0.15004253189362,0.00039713887632482,0.984100534755118,0.999999999946943
"SNX6",1.31760920090887e-08,-0.15009646070698,0.000397002300301568,0.984103268540695,0.999999999946943
"RAB32",1.31582259383708e-08,-0.150521900342171,0.000395926402775666,0.984124820805368,0.999999999946943
"ZRANB2",1.31366467505009e-08,-0.151036429874952,0.000394628847242756,0.984150852306738,0.999999999946943
"VPS26B",1.3119960441478e-08,-0.151434798956546,0.000393626960396747,0.984170981420424,0.999999999946943
"RBBP7",1.30322259732511e-08,-0.153536651612092,0.000388380117787251,0.984276817878566,0.999999999946943
"USP33",1.30104589747823e-08,-0.154060028379702,0.000387083822060982,0.984303076039516,0.999999999946943
"STX7",1.29790722109195e-08,-0.154816050267411,0.000385218452992846,0.984340938832124,0.999999999946943
"ERH",1.29686409654684e-08,-0.155067662754413,0.000384599503746177,0.984353522363517,0.999999999946943
"MEPCE",1.29587057655324e-08,-0.155307473849506,0.000384010450610332,0.984365507503607,0.999999999946943
"BRD7",1.29559297521232e-08,-0.155374508517288,0.000383845942827185,0.984368856295386,0.999999999946943
"U2SURP",1.29093499726138e-08,-0.156501176357988,0.000381090861689925,0.984425046980953,0.999999999946943
"MT-ND4L",1.28632694612843e-08,-0.157619252934543,0.000378375075122849,0.984480635459292,0.999999999946943
"PTOV1",1.28046163088363e-08,-0.159047437021962,0.00037493235876924,0.984551390848523,0.999999999946943
"PLA2G12A",1.28030775606733e-08,-0.159084981555073,0.000374842251920372,0.984553247096938,0.999999999946943
"HOOK3",1.27800576652477e-08,-0.159647122318494,0.000373495533196755,0.984581016852111,0.999999999946943
"SNX17",1.26579183434861e-08,-0.162644555353766,0.00036639063527209,0.984728358365851,0.999999999946943
"PPM1A",1.26228627929986e-08,-0.163509503425333,0.000364364039811138,0.984770647364817,0.999999999946943
"ZNF706",1.26060493123168e-08,-0.163925094863752,0.000363394030421179,0.984790930195633,0.999999999946943
"PIK3CB",1.25816333264978e-08,-0.164529462449288,0.000361987716544751,0.984820384275557,0.999999999946943
"HIST1H2BC",1.25629278857783e-08,-0.16499316780702,0.00036091216360455,0.984842949487213,0.999999999946943
"NCOA4",1.24976115386798e-08,-0.166617075259413,0.000357169057926817,0.984921743619659,0.999999999946943
"SMC1A",1.24538067415855e-08,-0.167710299319217,0.000354669652576767,0.984974587456192,0.999999999946943
"ASH1L",1.24228574293083e-08,-0.168484710923616,0.000352909043519203,0.98501192314198,0.999999999946943
"CCAR1",1.24171270400662e-08,-0.168628280437181,0.000352583540344852,0.985018835997484,0.999999999946943
"PSMB8-AS1",1.23831516194539e-08,-0.169480688429256,0.000350656720156412,0.985059822271847,0.999999999946943
"HMGB2",1.22254114347033e-08,-0.173465074011703,0.000341780084681584,0.985250112777885,0.999999999946943
"AIMP1",1.21816399311023e-08,-0.174578630555531,0.000339337067249151,0.985302916856429,0.999999999946943
"MPL",1.21653039002167e-08,-0.174995114763971,0.000338427550324323,0.985322623965157,0.999999999946943
"RAN",1.21019547820917e-08,-0.176614804311941,0.000334912099084484,0.985399045793045,0.999999999946943
"FUS",1.20694404267379e-08,-0.177448986805563,0.000333114898080403,0.985438269855528,0.999999999946943
"ZNF800",1.20550854743511e-08,-0.177817897078977,0.000332322979871407,0.985455587126856,0.999999999946943
"NOL7",1.19734167138975e-08,-0.179924016370795,0.000327835500662527,0.985554109359051,0.999999999946943
"UVRAG",1.19410726265509e-08,-0.180761579501916,0.000326066712601615,0.985593128154569,0.999999999946943
"ATXN7L3B",1.19361857293509e-08,-0.180888299233293,0.000325799880886719,0.985599023542419,0.999999999946943
"DPYD",1.18872071497381e-08,-0.182160837724072,0.000323131612046069,0.985658109691228,0.999999999946943
"CPSF3L",1.18843072931675e-08,-0.182236323360826,0.000322973976863517,0.985661607985363,0.999999999946943
"STK26",1.18304999019068e-08,-0.183639888654914,0.000320056003519602,0.985726519549624,0.999999999946943
"VDAC1",1.17994748073298e-08,-0.184451703912829,0.00031837953209107,0.98576394730231,0.999999999946943
"AURKB",1.17686719761345e-08,-0.185259542301275,0.000316719425952044,0.98580110695405,0.999999999946943
"MTHFD2L",1.17432951296913e-08,-0.185926461211639,0.000315355011211672,0.985831720876616,0.999999999946943
"CASP4",1.17313266751621e-08,-0.186241434607152,0.000314712535870423,0.985846159294913,0.999999999946943
"ATG3",1.16743239035246e-08,-0.18774542143983,0.00031166157613999,0.985914925953081,0.999999999946943
"C9orf142",1.16456314162477e-08,-0.188504875388256,0.000310131490648406,0.98594953986161,0.999999999946943
"BAX",1.1611976812505e-08,-0.189397747302462,0.000308341588383991,0.98599013997868,0.999999999946943
"MSN",1.15293982124333e-08,-0.191598170378746,0.000303971638442737,0.986089761000003,0.999999999946943
"CCT3",1.15172650703395e-08,-0.191922629375045,0.000303332196490494,0.986104398176201,0.999999999946943
"HECTD1",1.15103729665346e-08,-0.19210706733678,0.000302969268060772,0.986112712672336,0.999999999946943
"TOP2A",1.1506795084132e-08,-0.192202852085201,0.000302780947501139,0.986117028958676,0.999999999946943
"ZC3H15",1.14795123769792e-08,-0.192934100231982,0.000301346857333279,0.986149942288612,0.999999999946943
"OSBPL9",1.13743912869445e-08,-0.195765830244885,0.000295853092900471,0.986276758557219,0.999999999946943
"HMHA1",1.13236832154849e-08,-0.197139941473045,0.000293221092831803,0.986337932023568,0.999999999946943
"ISCU",1.13197231461828e-08,-0.197247478487229,0.000293016040679478,0.986342709395906,0.999999999946943
"MRPS35",1.12963973814882e-08,-0.197881562359817,0.000291809689409845,0.986370849282822,0.999999999946943
"PTGES3",1.12858324487338e-08,-0.198169132632758,0.000291264115811398,0.986383594680329,0.999999999946943
"CDKN1B",1.12762148871724e-08,-0.198431119793517,0.000290767908377484,0.986395197184568,0.999999999946943
"SAT1",1.1234040133367e-08,-0.199582281118983,0.000288596943703354,0.986446076306382,0.999999999946943
"CTNNB1",1.11890708477288e-08,-0.20081386790769,0.000286291090579911,0.986500326778911,0.999999999946943
"NUMA1",1.11772203619281e-08,-0.201139137337794,0.000285684982721556,0.986514623090562,0.999999999946943
"BOLA3",1.1066660025523e-08,-0.204188314022355,0.000280061185045293,0.986648002220954,0.999999999946943
"LYST",1.10429642345896e-08,-0.204845273719082,0.0002788631421806,0.986676588687625,0.999999999946943
"RBM39",1.10010848899313e-08,-0.206009372433527,0.000276752031355557,0.98672711173133,0.999999999946943
"SRRM2",1.09853042137886e-08,-0.206449019943799,0.000275958618373597,0.986746149478355,0.999999999946943
"TNRC6B",1.09117929605891e-08,-0.208504302235421,0.000272277666344764,0.986834833270865,0.999999999946943
"CDKN1A",1.08380122032595e-08,-0.210579266067761,0.000268608070249003,0.986923842356053,0.999999999946943
"MT-ND6",1.08218261673081e-08,-0.211036114920239,0.000267806363577543,0.986943369207145,0.999999999946943
"CD48",1.07999512967566e-08,-0.211654475800433,0.000266724788502708,0.986969759086813,0.999999999946943
"PIM1",1.07990425283613e-08,-0.211680188513265,0.000266679902955856,0.986970855426803,0.999999999946943
"CTR9",1.07677405890115e-08,-0.21256699729182,0.00026513615497706,0.987008618163348,0.999999999946943
"EPS15L1",1.07675715067689e-08,-0.212571793611939,0.000265127828353045,0.98700882214466,0.999999999946943
"XRN2",1.07673752770892e-08,-0.212577360099793,0.000265118164990279,0.987009058876721,0.999999999946943
"HBP1",1.07642354709529e-08,-0.212666439633379,0.000264963568674731,0.9870128467482,0.999999999946943
"DYNC1H1",1.07537381072146e-08,-0.212964424848612,0.000264447031715861,0.987025510801221,0.999999999946943
"AKIRIN2",1.06808790922003e-08,-0.215039650774955,0.00026087579356061,0.987113408238718,0.999999999946943
"PPP1CA",1.06512231537505e-08,-0.215887861505335,0.00025942913808999,0.98714918533869,0.999999999946943
"MRPS5",1.0605606219543e-08,-0.217196603076362,0.000257211736441418,0.987204217929,0.999999999946943
"CENPK",1.05689984743391e-08,-0.218250418951302,0.000255439147331961,0.987248381814369,0.999999999946943
"SPTAN1",1.05311122830951e-08,-0.219344385730014,0.000253611108286909,0.987294088068716,0.999999999946943
"MOB1A",1.04909130649094e-08,-0.220508891087435,0.000251678641904275,0.987342584825926,0.999999999946943
"TRIM22",1.04718337057169e-08,-0.221062947665344,0.000250764040723497,0.987365602380759,0.999999999946943
"HIST1H1C",1.04668931616726e-08,-0.221206562114832,0.000250527478805568,0.987371562710717,0.999999999946943
"MRPS18C",1.04641581279204e-08,-0.221286090938266,0.000250396568596174,0.987374862287638,0.999999999946943
"EIF4G1",1.04627196279798e-08,-0.221327926639101,0.00025032772967254,0.98737659771099,0.999999999946943
"PSMG2",1.04500840990632e-08,-0.22169561918348,0.000249723467409439,0.987391841365172,0.999999999946943
"EIF4E",1.04250052843673e-08,-0.222426557010487,0.000248526299310416,0.987422096762731,0.999999999946943
"C17orf62",1.04175306357233e-08,-0.222644706220293,0.000248170044180321,0.987431114276393,0.999999999946943
"WDR43",1.04123018566404e-08,-0.222797390200217,0.000247920983106572,0.987437422344664,0.999999999946943
"IPO7",1.03787614083932e-08,-0.22377838370589,0.000246326333214795,0.987477886003885,0.999999999946943
"ITGB2",1.03688653443417e-08,-0.224068351368352,0.000245856816876536,0.987489824758162,0.999999999946943
"FLII",1.03570187512229e-08,-0.224415788842685,0.000245295347178142,0.987504116662498,0.999999999946943
"HAX1",1.03464433273707e-08,-0.22472623756628,0.000244794666832808,0.987516875012905,0.999999999946943
"FGFR1",1.03446242713012e-08,-0.224779665008581,0.000244708597433752,0.98751906954983,0.999999999946943
"PFKL",1.02308801751264e-08,-0.228136783250445,0.000239356806480723,0.987656292345365,0.999999999946943
"MTR",1.02243959465189e-08,-0.228329139566353,0.000239053498771036,0.987664115039132,0.999999999946943
"NDUFA5",1.02240115046927e-08,-0.228340547464324,0.000239035522073673,0.987664578836925,0.999999999946943
"IER2",1.02217395082251e-08,-0.228407974137216,0.000238929296152739,0.987667319815947,0.999999999946943
"ERP29",1.02202200120663e-08,-0.228453075923924,0.000238858266136182,0.987669152964606,0.999999999946943
"BAZ2A",1.01429443676066e-08,-0.23075450431296,0.000235259880635479,0.987762379836788,0.999999999946943
"MT-ND4",1.00713816512891e-08,-0.232899432881756,0.000231951877839267,0.987848714668052,0.999999999946943
"TXN2",1.00677217418524e-08,-0.233009486245303,0.000231783327257439,0.987853130066939,0.999999999946943
"GNPTG",1.00668789841538e-08,-0.233034832872601,0.000231744524236712,0.987854146789254,0.999999999946943
"OXR1",1.0030081205492e-08,-0.234143360055528,0.000230053414615265,0.987898540496937,0.999999999946943
"XPO1",9.96958824260470e-09,-0.235973412692302,0.000227286807691133,0.987971520714845,0.999999999946943
"CFLAR",9.96839023989544e-09,-0.236009752493601,0.000227232186809148,0.987972966016186,0.999999999946943
"LSM12",9.96481648487308e-09,-0.236118180121082,0.000227069286565112,0.987977277486575,0.999999999946943
"ARID4B",9.96445391891456e-09,-0.236129182251983,0.000227052763210982,0.987977714895534,0.999999999946943
"SEC14L1",9.90333754137270e-09,-0.237988765814835,0.000224276075850891,0.988051447327227,0.999999999946943
"PRPF40A",9.90261684633398e-09,-0.238010753836584,0.000224243434577547,0.988052316793598,0.999999999946943
"PKM",9.88045772364231e-09,-0.238687497188509,0.000223240976694054,0.98807905017727,0.999999999946943
"SNRNP70",9.84973863479672e-09,-0.239627850424746,0.000221854988525741,0.988116110564996,0.999999999946943
"BDP1",9.83494692233658e-09,-0.240081555194834,0.000221189153368287,0.988133955719284,0.999999999946943
"ZFAND2B",9.81725088895344e-09,-0.240625124410049,0.000220393897575533,0.988155304739028,0.999999999946943
"NBN",9.81118050717329e-09,-0.240811784723248,0.000220121425885495,0.98816262822968,0.999999999946943
"TNPO1",9.80232481421256e-09,-0.24108427181428,0.000219724236573441,0.988173312005071,0.999999999946943
"LYRM2",9.79481126149406e-09,-0.241315629609165,0.000219387525242358,0.98818237658361,0.999999999946943
"NEMF",9.77113957307812e-09,-0.242045540485066,0.000218328393512462,0.988210934838503,0.999999999946943
"COPS3",9.76630788793596e-09,-0.242194713341017,0.000218112526523286,0.988216763934316,0.999999999946943
"AZIN1",9.76404704344803e-09,-0.24226453642564,0.000218011554603921,0.988219491487911,0.999999999946943
"HIST1H2AG",9.75114881266167e-09,-0.242663149806154,0.0002174359518765,0.988235052320112,0.999999999946943
"RAP1A",9.71963440712432e-09,-0.243639019510556,0.000216032775300039,0.988273072311168,0.999999999946943
"LAMTOR4",9.69892253453581e-09,-0.244281879776436,0.000215113054297332,0.988298059794014,0.999999999946943
"SAFB2",9.69824452035854e-09,-0.244302944328069,0.000215082979904611,0.988298877772764,0.999999999946943
"IGBP1",9.65587799001563e-09,-0.245621735936132,0.000213207915585691,0.988349990181916,0.999999999946943
"SERPINE1",9.63707245676010e-09,-0.246208730942098,0.000212378248068357,0.98837267782596,0.999999999946943
"PSMB10",9.57350155043029e-09,-0.248200435051651,0.000209585585073499,0.988449372029833,0.999999999946943
"NDUFB6",9.56051768581587e-09,-0.248608639404755,0.000209017478296537,0.988465036239346,0.999999999946943
"ELOVL5",9.51742938419163e-09,-0.249966772346068,0.000207137681950141,0.988517019575397,0.999999999946943
"PRKAR1A",9.47484408280721e-09,-0.25131431631489,0.000205288172879468,0.988568396121075,0.999999999946943
"JAK2",9.4629682818393e-09,-0.251691046517156,0.000204773877639063,0.98858272355264,0.999999999946943
"LYSMD2",9.41496492189251e-09,-0.253218036779608,0.000202701609895395,0.988640636724258,0.999999999946943
"RBMS1",9.40482115074644e-09,-0.253541577364126,0.000202265059978013,0.988652874582776,0.999999999946943
"FARSA",9.39936615928195e-09,-0.253715692540263,0.000202030492159252,0.988659455707685,0.999999999946943
"PSMC6",9.39390281656335e-09,-0.25389016239971,0.000201795701638045,0.988666046908662,0.999999999946943
"CSTB",9.32199266331455e-09,-0.25619485215077,0.00019871804184504,0.988752802342056,0.999999999946943
"HM13",9.32017918444887e-09,-0.256253173030378,0.000198640733070133,0.988754990200957,0.999999999946943
"SS18L2",9.30627739109358e-09,-0.256700578264853,0.000198048597898192,0.988771761925184,0.999999999946943
"HPGD",9.28731153745212e-09,-0.257311900075455,0.000197242188825108,0.98879464315857,0.999999999946943
"CYFIP2",9.24617282380313e-09,-0.258641655676317,0.000195498666273605,0.988844274729408,0.999999999946943
"MCL1",9.23014120536911e-09,-0.259161250883817,0.000194821317282614,0.988863615997442,0.999999999946943
"ITGAE",9.18417060981981e-09,-0.260655553018352,0.000192885539912908,0.988919077034957,0.999999999946943
"C14orf166",9.1703450079629e-09,-0.261106235226753,0.000192305247677749,0.988935756886417,0.999999999946943
"GRAP2",9.15938623287514e-09,-0.261463885715592,0.000191845903838054,0.988948978067675,0.999999999946943
"NIPBL",9.09227325634664e-09,-0.263662339658412,0.00018904480364244,0.989029946382506,0.999999999946943
"DUSP1",9.07742887791006e-09,-0.264150510212239,0.000188428024596701,0.989047855368143,0.999999999946943
"HSPA4",9.05508178839452e-09,-0.264886725274673,0.000187501410942138,0.989074816002523,0.999999999946943
"IDS",8.9781491540551e-09,-0.26743338202584,0.00018432889411851,0.989167631433925,0.999999999946943
"VPS35",8.97690621298158e-09,-0.267474681970849,0.000184277860416455,0.989169130982274,0.999999999946943
"HNRNPF",8.96947306922663e-09,-0.267721771349256,0.000183972811729887,0.989178098711857,0.999999999946943
"ZFAND3",8.95730954542382e-09,-0.268126490479047,0.000183474178121641,0.989192773419863,0.999999999946943
"MAP4K5",8.94132575833124e-09,-0.268659049415827,0.000182819964789157,0.989212057097835,0.999999999946943
"SFXN1",8.9213428637975e-09,-0.269326019476337,0.000182003712291486,0.989236165517358,0.999999999946943
"SUN2",8.91144160293547e-09,-0.269656975955428,0.000181599946567336,0.98924811092512,0.999999999946943
"CCND2",8.86790374845233e-09,-0.271116065219168,0.000179829827114589,0.989300637337154,0.999999999946943
"LINC00152",8.7698765705617e-09,-0.27442420852992,0.00017587606792433,0.989418902772445,0.999999999946943
"SNRNP40",8.75967425246425e-09,-0.274770353769843,0.000175467099824607,0.989431211429397,0.999999999946943
"RBM3",8.75362465746398e-09,-0.274975770677218,0.000175224821787398,0.989438510006149,0.999999999946943
"UROS",8.64135659658967e-09,-0.278810475057956,0.000170759014563074,0.989573956763394,0.999999999946943
"RP6-159A1.4",8.64120801461239e-09,-0.278815578771092,0.000170753142454079,0.989574136021585,0.999999999946943
"NDUFA10",8.63634634017325e-09,-0.278982616870551,0.000170561059897968,0.989580001436909,0.999999999946943
"GLOD4",8.61512158790865e-09,-0.279712819319984,0.000169723745671113,0.989605608256288,0.999999999946943
"DDX3X",8.5908761406522e-09,-0.280548861041093,0.000168769786370263,0.989634859437125,0.999999999946943
"ATRX",8.56793137231495e-09,-0.28134194460513,0.00016786947949856,0.98966254141271,0.999999999946943
"MTERF4",8.53937967640287e-09,-0.282331414954136,0.000166752530233108,0.989696987946935,0.999999999946943
"NFE2L2",8.52419346353757e-09,-0.28285887215003,0.000166159960797804,0.989715309542483,0.999999999946943
"SDF4",8.52280476896323e-09,-0.282907145954159,0.000166105826259116,0.989716984950609,0.999999999946943
"SMS",8.50844413541425e-09,-0.283406751961257,0.00016554653261811,0.989734310521172,0.999999999946943
"TUBB",8.50698718917538e-09,-0.283457480051979,0.00016548984264192,0.989736068272922,0.999999999946943
"RNPC3",8.48912698421913e-09,-0.284079953289555,0.000164795688589097,0.989757615953666,0.999999999946943
"CHIC2",8.47210477250203e-09,-0.28467428152733,0.00016413546177036,0.989778152633324,0.999999999946943
"AP003068.23",8.45693202729463e-09,-0.285204912116214,0.000163548085767757,0.989796458004578,0.999999999946943
"SMC2",8.42000037793123e-09,-0.28649997786551,0.000162122767012095,0.989841014733349,0.999999999946943
"C19orf43",8.41965469460122e-09,-0.286512123112192,0.000162109455376697,0.989841431788211,0.999999999946943
"GATA2",8.40247943259548e-09,-0.287116106042946,0.000161448755466641,0.989862153145312,0.999999999946943
"CIAO1",8.35951962645414e-09,-0.288631540467822,0.000159802080397517,0.989913982689312,0.999999999946943
"SCCPDH",8.35215925571901e-09,-0.28889186169934,0.000159520799941597,0.989922862730375,0.999999999946943
"CD69",8.33668750360449e-09,-0.289439717124829,0.000158930346564462,0.989941528885789,0.999999999946943
"IDH2",8.32222902371493e-09,-0.289952492569224,0.000158379552599869,0.989958972566871,0.999999999946943
"NDUFAB1",8.30422173756632e-09,-0.290592212460569,0.000157694904193161,0.989980697772851,0.999999999946943
"IRF2BP2",8.28959831392492e-09,-0.291112607028579,0.000157140003556258,0.989998340464068,0.999999999946943
"GGNBP2",8.28009657314029e-09,-0.291451167662071,0.000156779974563726,0.990009804011945,0.999999999946943
"PPP3R1",8.25759094113617e-09,-0.292254425789937,0.000155928864393171,0.990036956348969,0.999999999946943
"FXN",8.19807801649641e-09,-0.294387739812084,0.000153689387319944,0.990108756875891,0.999999999946943
"RNF213",8.19347315741645e-09,-0.294553367585026,0.000153516781202574,0.990114312501152,0.999999999946943
"TMEM106C",8.12485601579853e-09,-0.297031034132489,0.00015095626164375,0.990197097094453,0.999999999946943
"VPS51",8.10684828561217e-09,-0.297684282051868,0.000150287851729874,0.9902188229167,0.999999999946943
"MDM2",8.09686318297931e-09,-0.298047045537352,0.000149917864427355,0.990230869666567,0.999999999946943
"ZFR",8.08521405683274e-09,-0.298470755936703,0.000149486794820493,0.990244924017546,0.999999999946943
"FRMD3",8.08191636662998e-09,-0.298590798338458,0.000149364878293851,0.990248902590818,0.999999999946943
"MRPL34",8.07231824981581e-09,-0.298940431283475,0.000149010316282218,0.990260482458309,0.999999999946943
"SEPT9",8.04696607965096e-09,-0.299865683073195,0.000148075813319632,0.99029106917354,0.999999999946943
"SYNCRIP",8.0371736381877e-09,-0.300223746608443,0.000147715642431672,0.990302883496078,0.999999999946943
"ANP32E",8.03477808067792e-09,-0.300311398652473,0.000147627599396503,0.9903057736734,0.999999999946943
"SEC31A",8.03049016017706e-09,-0.300468347925631,0.000147470072581723,0.99031094693737,0.999999999946943
"PPP1R15A",8.02375330729888e-09,-0.300715081925577,0.000147222748335867,0.990319074775045,0.999999999946943
"TPX2",8.0204880611967e-09,-0.300834734838903,0.000147102948867175,0.990323014209853,0.999999999946943
"NONO",8.00643510886186e-09,-0.301350180648331,0.000146587912953495,0.990339968735372,0.999999999946943
"NUCB1",7.99494470160299e-09,-0.301772220449035,0.000146167464614572,0.990353831619414,0.999999999946943
"UBE3A",7.9759541307431e-09,-0.30247089742319,0.00014547389962232,0.990376743266417,0.999999999946943
"TLK1",7.8844159860098e-09,-0.305859088038931,0.000142153921596426,0.990487181851047,0.999999999946943
"APRT",7.8710998980384e-09,-0.306354817092307,0.000141674156036402,0.990503247408279,0.999999999946943
"CBX5",7.87048737239035e-09,-0.306377637638466,0.000141652106849171,0.990503986406632,0.999999999946943
"MCTS1",7.86579606578803e-09,-0.306552470429411,0.000141483290007026,0.990509646362313,0.999999999946943
"SYF2",7.85836539500851e-09,-0.306829577898916,0.000141216103021533,0.99051861130011,0.999999999946943
"NOP10",7.84400627687755e-09,-0.307365710140112,0.000140700503142678,0.990535935257781,0.999999999946943
"PGLS",7.8000465880677e-09,-0.309012375265507,0.000139127883594881,0.990588971675412,0.999999999946943
"SP100",7.79402240725974e-09,-0.30923866076759,0.00013891306234702,0.990596239723038,0.999999999946943
"C20orf27",7.73857029777075e-09,-0.311328777519472,0.000136943445221009,0.990663141565111,0.999999999946943
"DERA",7.70053836855572e-09,-0.312769832690642,0.000135600710047954,0.990709026352033,0.999999999946943
"CFDP1",7.69818947477676e-09,-0.312859036682883,0.000135517998146205,0.99071186024795,0.999999999946943
"DAB2",7.64120880351627e-09,-0.315030279778289,0.000133519261062076,0.990780606385907,0.999999999946943
"PPDPF",7.61888075886487e-09,-0.315884930169291,0.000132740099427657,0.990807544782194,0.999999999946943
"LENG8",7.5380796550981e-09,-0.318996072846116,0.000129939511611024,0.990905029991407,0.999999999946943
"SLC25A36",7.50226046321954e-09,-0.320384533837937,0.000128707561201483,0.990948245303675,0.999999999946943
"ZFAND5",7.45233837207535e-09,-0.322329316633294,0.000127000349724804,0.99100847559449,0.999999999946943
"LAMTOR2",7.4266036204176e-09,-0.32333627944936,0.000126124737497257,0.99103952422529,0.999999999946943
"BANF1",7.42413653729786e-09,-0.323432972133304,0.000126040955315313,0.991042500728515,0.999999999946943
"BAZ1B",7.42129637085166e-09,-0.323544321732786,0.000125944537687025,0.991045927352004,0.999999999946943
"PTPRC",7.3727443560608e-09,-0.325453574640685,0.000124302005638375,0.99110450474522,0.999999999946943
"BCLAF1",7.37135609593222e-09,-0.325508327047744,0.000124255198842027,0.991106179664255,0.999999999946943
"HNRNPH1",7.31176860388075e-09,-0.327866930866694,0.000122254446289763,0.991178071288719,0.999999999946943
"C15orf40",7.30897010332503e-09,-0.32797811220354,0.000122160881057794,0.991181447649248,0.999999999946943
"KIAA1033",7.28252090482857e-09,-0.329030742509926,0.000121278345986003,0.991213358327795,0.999999999946943
"RRM2",7.20280873745558e-09,-0.332223381099652,0.000118637927369917,0.991309530300366,0.999999999946943
"TTC1",7.18142682204422e-09,-0.333084998053515,0.000117934607027158,0.99133532739969,0.999999999946943
"CMC2",7.17387254012903e-09,-0.333389942914679,0.000117686622132875,0.991344441578821,0.999999999946943
"ARHGDIB",7.14097693017414e-09,-0.334721110278728,0.000116609798658439,0.991384129875403,0.999999999946943
"SELPLG",7.13599695039156e-09,-0.334923096888732,0.000116447212514859,0.991390138183991,0.999999999946943
"HTT",7.12837752865086e-09,-0.335232375986518,0.000116198673524411,0.991399330960625,0.999999999946943
"CHCHD5",7.07110662949416e-09,-0.3375663011449,0.000114339044334326,0.991468427918279,0.999999999946943
"UFD1L",7.04720779066177e-09,-0.338545100956527,0.000113567467046101,0.991497261726802,0.999999999946943
"HNRNPD",7.04620764431362e-09,-0.338586125818811,0.000113535234130363,0.991498468397732,0.999999999946943
"NDFIP1",7.02763754008963e-09,-0.339348771959544,0.00011293758416867,0.991520873127313,0.999999999946943
"FOS",7.00675230435981e-09,-0.340208594343902,0.000112267309659969,0.991546071058431,0.999999999946943
"NUDT4",7.00571943528491e-09,-0.340251174263389,0.000112234213332153,0.991547317209957,0.999999999946943
"UBR2",6.98717495457378e-09,-0.341016599229108,0.000111640820879357,0.991569691039439,0.999999999946943
"ZC3H7A",6.96583639500357e-09,-0.341899539678925,0.00011095996869906,0.991595435920235,0.999999999946943
"HERC1",6.93332287156272e-09,-0.343249408580162,0.000109926559429721,0.991634663363929,0.999999999946943
"RAB31",6.91988209471446e-09,-0.343809040532275,0.000109500770450747,0.991650879616537,0.999999999946943
"PDCD6IP",6.90770193615894e-09,-0.344317001555116,0.000109115630089367,0.991665574940342,0.999999999946943
"SPTBN1",6.899371428804e-09,-0.344664865672695,0.000108852607608312,0.991675625673452,0.999999999946943
"MARCH7",6.8341103079826e-09,-0.347402744820651,0.000106803074360026,0.991754363073182,0.999999999946943
"EFCAB14",6.83059215127653e-09,-0.347550986048759,0.000106693139571586,0.991758607723852,0.999999999946943
"PTBP3",6.81470108352502e-09,-0.348221401526002,0.00010619728338318,0.991777780275625,0.999999999946943
"ARPC3",6.80895705685602e-09,-0.348464066290257,0.000106018334096999,0.99178471043721,0.999999999946943
"FIP1L1",6.80523206795711e-09,-0.348621529067499,0.000105902366529493,0.991789204632373,0.999999999946943
"TIMM10",6.72946674971091e-09,-0.351840664846986,0.000103557388202213,0.991880615464973,0.999999999946943
"PSMA1",6.71888040469497e-09,-0.352292967603659,0.000103231825427933,0.991893387895414,0.999999999946943
"PCIF1",6.71189365882683e-09,-0.352591816783189,0.000103017242199255,0.99190181740886,0.999999999946943
"PPIP5K2",6.67740427108553e-09,-0.354071033470382,0.000101961244248236,0.991943428890889,0.999999999946943
"CUL5",6.6706603298931e-09,-0.354361051188763,0.000101755393779699,0.991951565465487,0.999999999946943
"NEK2",6.66545973369117e-09,-0.354584872835889,0.000101596794059561,0.99195783999274,0.999999999946943
"WIPF1",6.66035525304879e-09,-0.354804705662449,0.00010144124581082,0.991963998556908,0.999999999946943
"PUM3",6.60439922664824e-09,-0.357224201824735,9.9743917450723e-05,0.992031509624758,0.999999999946943
"NUSAP1",6.60128823683481e-09,-0.357359241241813,9.96499712137273e-05,0.992035263042429,0.999999999946943
"MAPK1IP1L",6.5970493406457e-09,-0.357543329068777,9.95220354993706e-05,0.992040377282494,0.999999999946943
"STX10",6.57942139016908e-09,-0.358309985407213,9.89908811906507e-05,0.992061645457375,0.999999999946943
"LUC7L3",6.57033581286947e-09,-0.358705823838766,9.87176753074399e-05,0.992072607235717,0.999999999946943
"CHD9",6.56645366240980e-09,-0.358875105721567,9.86010530647532e-05,0.992077291063235,0.999999999946943
"NAP1L1",6.56019293909851e-09,-0.359148289205923,9.84131222098051e-05,0.992084844647432,0.999999999946943
"NFATC3",6.52454268410172e-09,-0.360708206338439,9.73464097248499e-05,0.992127856816139,0.999999999946943
"IQGAP1",6.45510072255691e-09,-0.363768124517167,9.52852837969803e-05,0.992211638873327,0.999999999946943
"SUMO1",6.45235493876117e-09,-0.363889703284388,9.52042386965087e-05,0.992214951676319,0.999999999946943
"PSMB3",6.44869621799626e-09,-0.364051775348326,9.50963007508654e-05,0.992219365942909,0.999999999946943
"SND1",6.39776608920431e-09,-0.366316197643161,9.36001405195156e-05,0.99228081344618,0.999999999946943
"PWP1",6.38181053043319e-09,-0.367028829223271,9.31338589286491e-05,0.992300063932162,0.999999999946943
"CUEDC2",6.35275863248204e-09,-0.368330379078884,9.22878429768021e-05,0.992335115248497,0.999999999946943
"MTOR",6.35251538800653e-09,-0.368341298477811,9.22807757861571e-05,0.992335408724706,0.999999999946943
"HIST1H4C",6.34687695578774e-09,-0.368594513263374,9.21170334093037e-05,0.992342211534018,0.999999999946943
"CAST",6.29603204008778e-09,-0.370886774529593,9.06470435834004e-05,0.992403556318167,0.999999999946943
"NDUFB2",6.29012000056788e-09,-0.371154353386155,9.0476886478544e-05,0.992410689242507,0.999999999946943
"PPA2",6.25878938419196e-09,-0.372576039187671,8.95778139917983e-05,0.992448489899143,0.999999999946943
"PHF14",6.23346807104358e-09,-0.373729572139787,8.88544665735829e-05,0.992479040292426,0.999999999946943
"ANKRD11",6.22745123251712e-09,-0.374004273349743,8.8683016283012e-05,0.992486299664139,0.999999999946943
"HIST1H1D",6.19591091366703e-09,-0.375448047867463,8.77869812084194e-05,0.992524353362707,0.999999999946943
"ARID1A",6.19076186902597e-09,-0.375684354843225,8.76411329970231e-05,0.992530565736292,0.999999999946943
"BNIP2",6.1623049638625e-09,-0.376993429734257,8.68372696203874e-05,0.992564899283633,0.999999999946943
"SPAG9",6.1319422428976e-09,-0.37839598737185,8.59836538789272e-05,0.992601532232426,0.999999999946943
"TXN",6.12284577044845e-09,-0.378817360506529,8.57287369973838e-05,0.992612507227127,0.999999999946943
"MARCH2",6.11400076912041e-09,-0.379227607325883,8.54812301596073e-05,0.992623178820478,0.999999999946943
"VTI1B",6.11212378183168e-09,-0.379314731715922,8.54287530468316e-05,0.992625443426873,0.999999999946943
"DNAJC10",6.11055581329413e-09,-0.379387530181291,8.53849278821469e-05,0.992627335198695,0.999999999946943
"FTH1",6.07265501988708e-09,-0.381152170497212,8.43290107246465e-05,0.992673062948335,0.999999999946943
"RNF130",6.07013361875792e-09,-0.381269905123218,8.42589974865696e-05,0.992676105049084,0.999999999946943
"DOCK10",6.05731131487108e-09,-0.381869290473675,8.39034028825484e-05,0.992691575314388,0.999999999946943
"MED13L",6.04754960358162e-09,-0.382326347225368,8.36331903124688e-05,0.992703352939409,0.999999999946943
"MLF2",5.96728880574692e-09,-0.386108793990714,8.14280247977002e-05,0.992800188641564,0.999999999946943
"ARRB1",5.96231712521479e-09,-0.386344546773577,8.12923968789231e-05,0.992806187042644,0.999999999946943
"MORF4L2",5.96164575805814e-09,-0.386376395526255,8.12740905824048e-05,0.992806997056402,0.999999999946943
"DDT",5.93870251635415e-09,-0.387466671554476,8.06497317821856e-05,0.992834678399226,0.999999999946943
"SMC4",5.90642184631925e-09,-0.389006888291,7.97753482880505e-05,0.992873625494858,0.999999999946943
"MT2A",5.8952794526912e-09,-0.389540228679475,7.94746417293306e-05,0.992887068957993,0.999999999946943
"RBM33",5.8932927714908e-09,-0.389635415004627,7.94210856006762e-05,0.992889465918533,0.999999999946943
"MLH3",5.86254753933153e-09,-0.391112057462005,7.85945696481746e-05,0.992926560508487,0.999999999946943
"STK38",5.85772603649971e-09,-0.391344236978433,7.84653466060792e-05,0.992932377726333,0.999999999946943
"PRMT2",5.85028165466363e-09,-0.391703047953129,7.82660355339627e-05,0.992941359489061,0.999999999946943
"SLC9A3R1",5.83932313604913e-09,-0.392231959748293,7.79731003996427e-05,0.992954581114218,0.999999999946943
"POLR1D",5.8318502060734e-09,-0.392593135337512,7.77736544516348e-05,0.992963597322942,0.999999999946943
"ACAP2",5.74738922446155e-09,-0.396703471791134,7.55372211828694e-05,0.993065500901113,0.999999999946943
"HLTF",5.73264330663013e-09,-0.397426470660321,7.51501108946493e-05,0.99308329210772,0.999999999946943
"FAM110A",5.70511370627975e-09,-0.398780599396367,7.44300643706339e-05,0.99311650705906,0.999999999946943
"RNPS1",5.69961889871566e-09,-0.39905155879953,7.42867606784216e-05,0.993123136643323,0.999999999946943
"RP11-367G6.3",5.69517762867541e-09,-0.399270732370972,7.41710339861659e-05,0.99312849511594,0.999999999946943
"TFG",5.67884811845118e-09,-0.400077862659089,7.37463096448918e-05,0.993148196967985,0.999999999946943
"RBM25",5.6571461414773e-09,-0.401153671915583,7.31837368829765e-05,0.993174380805655,0.999999999946943
"COQ4",5.64897120387179e-09,-0.401559850515119,7.29723793550553e-05,0.993184244021384,0.999999999946943
"MRPL13",5.63952577120141e-09,-0.402029791897928,7.27285546188846e-05,0.993195640114562,0.999999999946943
"MFSD10",5.63162452623543e-09,-0.402423431065349,7.25249050227915e-05,0.993205173117133,0.999999999946943
"PMVK",5.6270864569031e-09,-0.402649734439708,7.24080682418594e-05,0.993210648384672,0.999999999946943
"TCEAL4",5.61894191859539e-09,-0.40305628279974,7.21986157986186e-05,0.993220474926883,0.999999999946943
"CARD8",5.6042252656317e-09,-0.403792191053231,7.18209181626152e-05,0.993238230854516,0.999999999946943
"IRF1",5.58226444879086e-09,-0.404893476695252,7.12591435578051e-05,0.993264727012789,0.999999999946943
"SMIM10L1",5.57809118657958e-09,-0.405103182441603,7.11526377005579e-05,0.993269762136725,0.999999999946943
"PDE4D",5.56261343895661e-09,-0.405882130332714,7.07583255079604e-05,0.993288436349689,0.999999999946943
"GOLGA7",5.55769099463696e-09,-0.406130257121392,7.06331506017867e-05,0.993294375378268,0.999999999946943
"RAB2A",5.55208525338103e-09,-0.40641305993842,7.04907348109406e-05,0.993301138818866,0.999999999946943
"BNIP3L",5.53156443862957e-09,-0.407450433360214,6.99706224487171e-05,0.99332589760245,0.999999999946943
"LUC7L2",5.49535070546512e-09,-0.409289313449292,6.90574619529906e-05,0.993369590229399,0.999999999946943
"ADD3",5.45855956085914e-09,-0.411168340005934,6.81358836029195e-05,0.993413979535698,0.999999999946943
"SMAD2",5.44942634650719e-09,-0.411636505280552,6.79080656191052e-05,0.993424998958173,0.999999999946943
"PRR13",5.44103202728815e-09,-0.412067397388473,6.76990150157552e-05,0.993435126888648,0.999999999946943
"MINPP1",5.39010005340524e-09,-0.414694274153536,6.64375240489066e-05,0.993496577456211,0.999999999946943
"TMF1",5.38381850422806e-09,-0.415019746605155,6.62827635083944e-05,0.993504156288704,0.999999999946943
"DAP",5.35329565784276e-09,-0.416605976543191,6.55333312425405e-05,0.993540982808049,0.999999999946943
"CALM2",5.35162607503376e-09,-0.416692969181473,6.549246062064e-05,0.993542997198679,0.999999999946943
"KIF22",5.34542578890127e-09,-0.417016238240028,6.53407920413099e-05,0.993550477988983,0.999999999946943
"MAF1",5.34352088704887e-09,-0.417115621062865,6.5294230505159e-05,0.993552776297756,0.999999999946943
"CENPF",5.30242534247056e-09,-0.419267203771764,6.42937726611729e-05,0.993602359049362,0.999999999946943
"CPSF6",5.28137210885235e-09,-0.420375083681419,6.37842305114866e-05,0.99362776028586,0.999999999946943
"DNAJC19",5.27937312033879e-09,-0.42048047563169,6.37359552483464e-05,0.993630172114275,0.999999999946943
"NUDCD2",5.27264936154207e-09,-0.420835224869683,6.35737116317308e-05,0.993638284493743,0.999999999946943
"RHOH",5.25621006909185e-09,-0.421704231106108,6.31779039355859e-05,0.993658118904998,0.999999999946943
"SDCCAG8",5.23931585673887e-09,-0.422599751860081,6.27724309359312e-05,0.993678502192404,0.999999999946943
"GLA",5.22197942674042e-09,-0.423521328629025,6.23577014470096e-05,0.993699419030688,0.999999999946943
"YY1",5.18606034121047e-09,-0.425439230048334,6.15028040401929e-05,0.993742756323429,0.999999999946943
"PTPN1",5.16729145074941e-09,-0.426445996723213,6.10584395402634e-05,0.993765401475788,0.999999999946943
"SENCR",5.14654786995841e-09,-0.427562393470879,6.05691973814908e-05,0.993790429149005,0.999999999946943
"FDX1",5.11779911255591e-09,-0.42911610915848,5.98944049726846e-05,0.993825115287448,0.999999999946943
"SQSTM1",5.0950451787248e-09,-0.430351228590339,5.93630032147352e-05,0.993852568520501,0.999999999946943
"ANP32A",5.08880676517065e-09,-0.430690697539125,5.92177231503555e-05,0.993860095335486,0.999999999946943
"ELMO1",5.08875211212619e-09,-0.430693673133498,5.92164511777199e-05,0.993860161275868,0.999999999946943
"APH1A",5.05740586959866e-09,-0.432404922698313,5.84891623853043e-05,0.993897981375097,0.999999999946943
"PHIP",5.03572880098748e-09,-0.433593718512249,5.79888440652709e-05,0.993924135359477,0.999999999946943
"AMD1",4.98648893581866e-09,-0.436310718360395,5.68603468955339e-05,0.993983544646426,0.999999999946943
"BAZ1A",4.97403639345236e-09,-0.437001531776207,5.65767117409487e-05,0.993998568995518,0.999999999946943
"SKP1",4.91296416654576e-09,-0.440411495565289,5.51959202554441e-05,0.994072254417523,0.999999999946943
"EIF2AK3",4.8900273036172e-09,-0.441701703958699,5.46817435119093e-05,0.994099928424345,0.999999999946943
"USP22",4.83858751168102e-09,-0.444614465216183,5.35373642015746e-05,0.994161992087899,0.999999999946943
"CREBZF",4.83428299342625e-09,-0.444859426725667,5.34421504421773e-05,0.994167185620868,0.999999999946943
"CCT2",4.83155117780516e-09,-0.445014987312918,5.33817680228872e-05,0.994170481640123,0.999999999946943
"SSBP2",4.82183009629138e-09,-0.445569166112769,5.31671758734494e-05,0.994182210423645,0.999999999946943
"POLR2I",4.82099164623185e-09,-0.445617009935429,5.31486873970274e-05,0.994183222039462,0.999999999946943
"C7orf73",4.81681618575376e-09,-0.44585537881389,5.30566631176204e-05,0.994188259861251,0.999999999946943
"PDCD2",4.79246165695164e-09,-0.447249323720344,5.25214949568341e-05,0.994217644355668,0.999999999946943
"SEMA4D",4.77901308994789e-09,-0.448021702776728,5.22271377628124e-05,0.994233870472263,0.999999999946943
"SRP54",4.76052586134205e-09,-0.449086554385233,5.18238463427163e-05,0.994256175895519,0.999999999946943
"TMCO1",4.75192740481963e-09,-0.449583045626848,5.16368070630818e-05,0.994266550205507,0.999999999946943
"ASPM",4.71219799622769e-09,-0.451887294408454,5.07769775027363e-05,0.994314485007211,0.999999999946943
"ERICH1",4.7004828642596e-09,-0.452569981472005,5.05248151170417e-05,0.994328619692415,0.999999999946943
"PPP4C",4.68970141917643e-09,-0.453199567992367,5.02933045194806e-05,0.9943416278558,0.999999999946943
"VPS4B",4.66848881680445e-09,-0.454441970181878,4.98393570431153e-05,0.994367221553366,0.999999999946943
"H2AFZ",4.66383835767194e-09,-0.45471499933479,4.9740112742948e-05,0.994372832484969,0.999999999946943
"SRGN",4.64920351398061e-09,-0.455575761225169,4.94284395650026e-05,0.994390489906113,0.999999999946943
"UBE2E3",4.64904949874061e-09,-0.455584832299577,4.94251647645491e-05,0.994390675730589,0.999999999946943
"TMED5",4.6382849179672e-09,-0.456219485076874,4.91965480442489e-05,0.994403663553769,0.999999999946943
"ABHD14B",4.63228837399663e-09,-0.456573582188073,4.90694240881348e-05,0.994410898583293,0.999999999946943
"TXNDC17",4.62292213037532e-09,-0.457127459328723,4.88711931043801e-05,0.994422199268316,0.999999999946943
"UQCR10",4.58890112345587e-09,-0.459147554299726,4.81545341273487e-05,0.99446324675618,0.999999999946943
"NDUFV1",4.56412254685547e-09,-0.460627069235636,4.76359004362024e-05,0.994493142950572,0.999999999946943
"APOA1BP",4.54755564461602e-09,-0.461620171984509,4.72907094332596e-05,0.994513131485215,0.999999999946943
"SLBP",4.54598441789733e-09,-0.461714522465768,4.72580362366917e-05,0.994515027224213,0.999999999946943
"FRG1",4.53805268149991e-09,-0.462191248223657,4.70932704800377e-05,0.994524597137059,0.999999999946943
"SMAP2",4.53546857271115e-09,-0.462346718953099,4.70396529949801e-05,0.994527714953386,0.999999999946943
"SF3B5",4.50305754790781e-09,-0.464303273517436,4.63697527045886e-05,0.994566819979089,0.999999999946943
"MRPL33",4.50118407817299e-09,-0.464416743261079,4.63311770230534e-05,0.994569080385711,0.999999999946943
"UQCRQ",4.48634844802441e-09,-0.465316740961217,4.60262708209877e-05,0.99458698009281,0.999999999946943
"SMIM19",4.46839739864885e-09,-0.466409202264519,4.56586814956653e-05,0.994608638665904,0.999999999946943
"NUFIP2",4.44390956334743e-09,-0.467905650454367,4.51596128138376e-05,0.994638184107769,0.999999999946943
"NPTN",4.44219618764287e-09,-0.468010622890558,4.51247964135259e-05,0.994640251356605,0.999999999946943
"DHX36",4.43524587183891e-09,-0.468436805556527,4.49837012360633e-05,0.994648637160634,0.999999999946943
"GCC2",4.42838901647687e-09,-0.4688578270352,4.48447198520253e-05,0.994656910201885,0.999999999946943
"SLC3A2",4.42391031272077e-09,-0.469133132610045,4.47540572429389e-05,0.994662313918472,0.999999999946943
"SOD2",4.38561119449421e-09,-0.471497329521342,4.39825129187286e-05,0.994708523187122,0.999999999946943
"SMDT1",4.38301785136106e-09,-0.471658064470597,4.39305119461218e-05,0.99471165214987,0.999999999946943
"ELAVL1",4.36877981315273e-09,-0.472542012301134,4.36455628996772e-05,0.994728830861909,0.999999999946943
"YPEL5",4.36319891107977e-09,-0.472889178226628,4.35341239894607e-05,0.994735564424336,0.999999999946943
"PPP6C",4.34667765183125e-09,-0.473919169749685,4.32050641119288e-05,0.994755497929949,0.999999999946943
"MRPL42",4.34519977920357e-09,-0.474011471213057,4.31756896186e-05,0.994757281037671,0.999999999946943
"MACF1",4.33508816033893e-09,-0.474643732346022,4.2974977031627e-05,0.994769481078722,0.999999999946943
"REST",4.31039896702391e-09,-0.4761929096446,4.24868687749419e-05,0.994799269506062,0.999999999946943
"TACC3",4.30648127123439e-09,-0.476439443233998,4.24096717520242e-05,0.994803996351988,0.999999999946943
"POLR2F",4.30150268788603e-09,-0.476753018223774,4.23116715396928e-05,0.994810003198542,0.999999999946943
"SMARCA5",4.30098196532631e-09,-0.476785834055412,4.23014279992758e-05,0.994810631469754,0.999999999946943
"UBXN11",4.23607162046444e-09,-0.480903794254016,4.10342380800576e-05,0.994888948249732,0.999999999946943
"AKAP13",4.23280334699405e-09,-0.48111258390288,4.09709438829517e-05,0.994892891546286,0.999999999946943
"EVL",4.19627497401302e-09,-0.483455747064747,4.02668505966025e-05,0.9949369644295,0.999999999946943
"MOB1B",4.18439669462513e-09,-0.484221519160451,4.00392087247733e-05,0.994951296032562,0.999999999946943
"CYC1",4.17756267719064e-09,-0.48466295376185,3.99085302909157e-05,0.994959541539404,0.999999999946943
"CRYL1",4.1194248035871e-09,-0.488443912362339,3.88054697132729e-05,0.995029687158336,0.999999999946943
"ATG16L2",4.10863678983931e-09,-0.489150604311528,3.86024871134427e-05,0.995042703323206,0.999999999946943
"TRABD",4.10460323088217e-09,-0.48941524585009,3.85267301236979e-05,0.995047569971811,0.999999999946943
"PFDN2",4.1041649451332e-09,-0.489444015373662,3.8518502865521e-05,0.995048098780934,0.999999999946943
"CCT7",4.09559484363841e-09,-0.49000710330713,3.83578061942854e-05,0.995058438948405,0.999999999946943
"FIBP",4.07404767292617e-09,-0.491427374626761,3.79552624413957e-05,0.995084436468412,0.999999999946943
"ACBD6",4.0691506443335e-09,-0.491751070931133,3.7864072394971e-05,0.99509034492926,0.999999999946943
"UBAC2",4.0632415249105e-09,-0.492142118455096,3.77541817136385e-05,0.995097474518529,0.999999999946943
"IDH3G",4.02304298896355e-09,-0.49481554233297,3.70108562004691e-05,0.995145975672634,0.999999999946943
"SORL1",4.02191160084132e-09,-0.494891121503418,3.69900422269594e-05,0.995147340738273,0.999999999946943
"ZFAND6",3.98488728703457e-09,-0.497374689411166,3.63121420865959e-05,0.995192012081741,0.999999999946943
"PHKB",3.97314988398389e-09,-0.498166217816841,3.60985437989072e-05,0.995206173740012,0.999999999946943
"MTIF3",3.96587447721064e-09,-0.498657866924923,3.596646162749e-05,0.995214951817493,0.999999999946943
"COMT",3.96575928794418e-09,-0.498665657360415,3.59643723580541e-05,0.995215090798085,0.999999999946943
"TMEM126A",3.95649712506629e-09,-0.499292717508571,3.57965765549523e-05,0.995226265979364,0.999999999946943
"SUMF2",3.94153657835673e-09,-0.50030826763175,3.55263760025775e-05,0.995244316497587,0.999999999946943
"AKT1",3.94016694612888e-09,-0.500401408302698,3.55016903935395e-05,0.995245969015626,0.999999999946943
"GHITM",3.93347620094621e-09,-0.50085681195418,3.53812228643176e-05,0.995254041677239,0.999999999946943
"SUCLG1",3.93164979835836e-09,-0.500981242592788,3.53483738771376e-05,0.995256245307809,0.999999999946943
"LGALS8",3.92000448898755e-09,-0.501775808141665,3.51392844921989e-05,0.995270295858033,0.999999999946943
"TMPO",3.91562167131661e-09,-0.502075381962264,3.50607524489771e-05,0.995275583910266,0.999999999946943
"TIAL1",3.90225777379169e-09,-0.502990633553097,3.48218382884204e-05,0.995291708011033,0.999999999946943
"FAM32A",3.90188132156454e-09,-0.503016455051192,3.4815120061674e-05,0.995292162216402,0.999999999946943
"VAMP7",3.89853972770718e-09,-0.503245755695109,3.47555138535443e-05,0.995296193989332,0.999999999946943
"RNMT",3.88365048490947e-09,-0.504269540305466,3.44905453585128e-05,0.995314158485765,0.999999999946943
"ALKBH7",3.87723839989594e-09,-0.504711487496953,3.43767484345839e-05,0.995321894936223,0.999999999946943
"BAZ2B",3.87472991873842e-09,-0.50488455533209,3.43322809444146e-05,0.995324921524443,0.999999999946943
"RAD23A",3.86944139159458e-09,-0.505249746666999,3.42386262664869e-05,0.995331302355512,0.999999999946943
"LEPR",3.85463057770739e-09,-0.5062748007949,3.39770218800483e-05,0.995349172228776,0.999999999946943
"SPEN",3.8411706979768e-09,-0.507209332887357,3.37401492896949e-05,0.995365412144876,0.999999999946943
"RTFDC1",3.82439805278836e-09,-0.508377868124776,3.34461368347041e-05,0.995385649055773,0.999999999946943
"CAMLG",3.79427524131348e-09,-0.510487736028108,3.29213358519763e-05,0.995421993518425,0.999999999946943
"SMARCC2",3.78324001029007e-09,-0.511264315661486,3.27301181766123e-05,0.99543530799984,0.999999999946943
"ZFP36L1",3.77607337427302e-09,-0.511769707614916,3.26062335308276e-05,0.995443954855476,0.999999999946943
"DHX9",3.7633118569977e-09,-0.512671720521638,3.23862156219633e-05,0.995459352178125,0.999999999946943
"THOC7",3.74236195998676e-09,-0.514158292333718,3.20266390691711e-05,0.995484629138814,0.999999999946943
"ANKRD17",3.73420022314491e-09,-0.514739396412432,3.18870972685006e-05,0.995494476630041,0.999999999946943
"AP001189.4",3.73183391625185e-09,-0.514908080694766,3.18466973186781e-05,0.995497331682571,0.999999999946943
"SRI",3.71852179531511e-09,-0.515858784706536,3.16198967975453e-05,0.995513393338484,0.999999999946943
"HSPA8",3.71772155966335e-09,-0.515916028954864,3.16062888923403e-05,0.995514358857842,0.999999999946943
"TAOK3",3.71270734861963e-09,-0.516274960911413,3.15210895430497e-05,0.995520408723199,0.999999999946943
"KLF2",3.70735505928177e-09,-0.516658559085973,3.14302725901681e-05,0.995526866495117,0.999999999946943
"MPG",3.70130564060938e-09,-0.51709270083696,3.13277845629682e-05,0.995534165384517,0.999999999946943
"PADI4",3.68677406578313e-09,-0.518138099377144,3.10822774721235e-05,0.995551698369492,0.999999999946943
"SEPT1",3.67691135231028e-09,-0.518849664760989,3.09161997312204e-05,0.99556359816886,0.999999999946943
"ATXN10",3.6521115217751e-09,-0.520646262048502,3.05005623730632e-05,0.995593520263979,0.999999999946943
"RNF115",3.61236368778653e-09,-0.523548009178147,2.98402681483161e-05,0.995641477800939,0.999999999946943
"TMED9",3.60532324441552e-09,-0.52406488203577,2.97240650157897e-05,0.995649972411959,0.999999999946943
"HELZ",3.59459162184287e-09,-0.524854433800687,2.95473747854308e-05,0.995662920597357,0.999999999946943
"AGTPBP1",3.59233268746608e-09,-0.525020890321701,2.95102497846846e-05,0.995665646103446,0.999999999946943
"ATP5L",3.59211648916476e-09,-0.525036826331647,2.95066978453496e-05,0.995665906956439,0.999999999946943
"SARAF",3.58882343078604e-09,-0.525279661364871,2.94526223497443e-05,0.995669880179821,0.999999999946943
"ATP6AP1",3.5817219433437e-09,-0.525803996022965,2.93361772285748e-05,0.995678448444916,0.999999999946943
"RAP2B",3.57645614066133e-09,-0.526193378051907,2.92499812775822e-05,0.995684801873823,0.999999999946943
"CKS1B",3.57618430623076e-09,-0.52621349249856,2.92455350607006e-05,0.995685129854356,0.999999999946943
"GTF2I",3.56013924009935e-09,-0.527403113228964,2.89836951593465e-05,0.995704488953477,0.999999999946943
"CD96",3.55839170224883e-09,-0.527532961475314,2.89552481409506e-05,0.995706597437209,0.999999999946943
"ZNF185",3.55134727944417e-09,-0.528056950146217,2.88407182475184e-05,0.995715096853352,0.999999999946943
"DDX6",3.55011819235115e-09,-0.528148466540804,2.88207587123339e-05,0.995716579802817,0.999999999946943
"FAM111A",3.54864307552324e-09,-0.528258338418638,2.8796812944148e-05,0.995718359598365,0.999999999946943
"LRBA",3.54449282821237e-09,-0.528567676672269,2.87294948141749e-05,0.995723367060629,0.999999999946943
"HMGN3",3.54017512839737e-09,-0.528889830556785,2.86595441679399e-05,0.99572857656214,0.999999999946943
"TRIM58",3.51120530930094e-09,-0.531060220888013,2.81924120643723e-05,0.995763529973237,0.999999999946943
"NIFK",3.49284184493341e-09,-0.532444073841497,2.78982928052614e-05,0.995785686336699,0.999999999946943
"ADH5",3.48386178586310e-09,-0.533123108014183,2.77550247870422e-05,0.995796521191737,0.999999999946943
"OTUB1",3.48002967402874e-09,-0.533413339719428,2.76939994827312e-05,0.995801144811471,0.999999999946943
"MRPS34",3.47475332089347e-09,-0.533813408818111,2.76100849417585e-05,0.9958075109752,0.999999999946943
"A1BG",3.44616049028496e-09,-0.535990639746166,2.71575622334711e-05,0.995842009550429,0.999999999946943
"GID8",3.43763613236913e-09,-0.536642776524488,2.70233755272754e-05,0.995852294584813,0.999999999946943
"ZNF644",3.39908590937054e-09,-0.539609655155531,2.64206846699971e-05,0.995898807230821,0.999999999946943
"TRAPPC1",3.37360440750591e-09,-0.541586855751117,2.60260401971449e-05,0.995929551861568,0.999999999946943
"SSFA2",3.37123950135709e-09,-0.541771015383794,2.59895643321657e-05,0.995932405232398,0.999999999946943
"SSB",3.36467891357347e-09,-0.542282489460441,2.58885089718932e-05,0.995940320891319,0.999999999946943
"USP16",3.36216135388862e-09,-0.542478992848032,2.58497822554161e-05,0.995943358446052,0.999999999946943
"TPTEP1",3.35200443589539e-09,-0.543273074088006,2.5693836416049e-05,0.995955613248196,0.999999999946943
"RAD50",3.3317337038983e-09,-0.544864143661158,2.5384016990987e-05,0.995980070848332,0.999999999946943
"TDP1",3.32453999738001e-09,-0.545430809534134,2.52745196248121e-05,0.995988750397545,0.999999999946943
"STAT3",3.31986938083675e-09,-0.545799296764192,2.52035536159365e-05,0.995994385718901,0.999999999946943
"SFPQ",3.31828486199379e-09,-0.545924409465118,2.51795008772561e-05,0.995996297516413,0.999999999946943
"RASAL3",3.29116328975185e-09,-0.548074011406288,2.47695801792752e-05,0.996029020989659,0.999999999946943
"PRKCSH",3.29021005525072e-09,-0.548149842803925,2.4755234006196e-05,0.996030171112769,0.999999999946943
"MCFD2",3.28116633847523e-09,-0.548870237913576,2.46193328718595e-05,0.996041082790889,0.999999999946943
"CWC15",3.25370514284976e-09,-0.551068348665555,2.42089622349922e-05,0.996074216045264,0.999999999946943
"RNF19A",3.24852829102862e-09,-0.551484532670664,2.41319875223182e-05,0.996080462166935,0.999999999946943
"PRRC2A",3.23698956146144e-09,-0.552414248808862,2.39608589845462e-05,0.996094384202137,0.999999999946943
"JUND",3.2305787597842e-09,-0.55293203619279,2.38660448353185e-05,0.996102119144881,0.999999999946943
"PRKCH",3.22647377732372e-09,-0.553264056847688,2.38054318867341e-05,0.996107072005246,0.999999999946943
"TRAF3IP3",3.21247259279668e-09,-0.554399276501497,2.35992742758285e-05,0.99612396511434,0.999999999946943
"NPC2",3.20886750219063e-09,-0.554692274855081,2.35463369935113e-05,0.996128314831517,0.999999999946943
"FKBP3",3.1744795815744e-09,-0.557501587868348,2.3044371157349e-05,0.996169805536227,0.999999999946943
"EIF2AK1",3.15998987622731e-09,-0.558693254501648,2.28344822020207e-05,0.996187288076084,0.999999999946943
"CD79B",3.15778180751171e-09,-0.558875268318503,2.28025817896579e-05,0.9961899522194,0.999999999946943
"PBXIP1",3.14240532698777e-09,-0.560145849327243,2.25810529986188e-05,0.996208504699279,0.999999999946943
"EIF4A2",3.13399715237822e-09,-0.560842917980515,2.24603738347002e-05,0.996218649576278,0.999999999946943
"LGALS12",3.12839921441272e-09,-0.561307910292206,2.23802081661281e-05,0.996225403764625,0.999999999946943
"NDUFA6",3.11414542279712e-09,-0.562495176413905,2.2176732795988e-05,0.996242601668682,0.999999999946943
"HCLS1",3.1127094861002e-09,-0.562615044355256,2.21562860676741e-05,0.996244334197373,0.999999999946943
"SMIM3",3.11030014113756e-09,-0.562816277777046,2.21219998763961e-05,0.996247241191351,0.999999999946943
"BAG1",3.09645647641096e-09,-0.563975163808517,2.19255120835937e-05,0.996263944259174,0.999999999946943
"MRPL51",3.06101202264247e-09,-0.56696297533363,2.14264319622598e-05,0.996306709757329,0.999999999946943
"SUDS3",3.05508437123173e-09,-0.567465584781267,2.13435277183212e-05,0.996313861764917,0.999999999946943
"OFD1",3.05284771992006e-09,-0.567655452359662,2.13122876288345e-05,0.996316560396551,0.999999999946943
"IKBKG",3.0364654844698e-09,-0.569049828287392,2.10841687326461e-05,0.996336326383966,0.999999999946943
"ZCCHC11",3.03633511935638e-09,-0.569060950548274,2.10823583507672e-05,0.996336483676013,0.999999999946943
"UBA1",3.02194882550507e-09,-0.570290894784951,2.08830532853347e-05,0.996353841461812,0.999999999946943
"RAB1A",3.02167882961015e-09,-0.570314026510443,2.08793218609412e-05,0.996354167225431,0.999999999946943
"PTDSS1",3.01548517928192e-09,-0.570845157847904,2.07938152993806e-05,0.996361640176052,0.999999999946943
"FUBP1",3.01012484270859e-09,-0.571305595640868,2.07199546935083e-05,0.996368107691975,0.999999999946943
"ST13",3.00561572512756e-09,-0.571693468790176,2.06579248844294e-05,0.996373548169517,0.999999999946943
"CLK1",2.9892245142232e-09,-0.573107714284648,2.04332221085418e-05,0.996393324992721,0.999999999946943
"NPEPPS",2.94904772005308e-09,-0.576602940208755,1.98876462194939e-05,0.996441800331917,0.999999999946943
"NFKBIZ",2.91481650652736e-09,-0.579613757977134,1.94286321612225e-05,0.996483102036985,0.999999999946943
"LAPTM4B",2.9112342451851e-09,-0.579930612198077,1.93809065701926e-05,0.996487424218552,0.999999999946943
"LSM8",2.90871991696929e-09,-0.580153209402758,1.93474438440917e-05,0.996490457884232,0.999999999946943
"CTD-2336O2.1",2.89974824123245e-09,-0.580948851714497,1.92282771292937e-05,0.996501282670607,0.999999999946943
"ZNF22",2.89971061877909e-09,-0.58095219272275,1.92277781823465e-05,0.996501328064026,0.999999999946943
"MIA3",2.8816232173205e-09,-0.582562802342035,1.89886537173375e-05,0.996523151442423,0.999999999946943
"C14orf2",2.86861227638109e-09,-0.583726820792463,1.88175678554747e-05,0.996538849812207,0.999999999946943
"PGRMC1",2.86232716500117e-09,-0.584290761600342,1.87351998436848e-05,0.996546433122998,0.999999999946943
"GTF2B",2.84416137824881e-09,-0.585926790767249,1.84981482132048e-05,0.996568351082663,0.999999999946943
"MED10",2.82792949206522e-09,-0.587396358704845,1.82876095049064e-05,0.996587935693631,0.999999999946943
"PARK7",2.81448144337743e-09,-0.588619457749185,1.81140918095771e-05,0.996604161462104,0.999999999946943
"USP34",2.81200711553231e-09,-0.588845051215781,1.80822561048464e-05,0.996607146867179,0.999999999946943
"ABI1",2.79879212056283e-09,-0.590052842269852,1.79127007473978e-05,0.996623091445872,0.999999999946943
"NDUFA8",2.79058449021993e-09,-0.590805482379459,1.78077945978605e-05,0.996632994379407,0.999999999946943
"CTDSP1",2.77595785097871e-09,-0.592151532351103,1.76216073844331e-05,0.996650642182823,0.999999999946943
"H1F0",2.76641541416677e-09,-0.5930330262184,1.75006660240596e-05,0.996662155631614,0.999999999946943
"H3F3B",2.75124252936664e-09,-0.594440100804919,1.73092216009469e-05,0.996680462511633,0.999999999946943
"KDELR1",2.74846457429737e-09,-0.594698448366375,1.72742846851153e-05,0.996683814260077,0.999999999946943
"UBXN2A",2.74205422276962e-09,-0.595295473763683,1.71937996729686e-05,0.996691548685526,0.999999999946943
"HSPB11",2.73620781098545e-09,-0.595841036394024,1.71205590570491e-05,0.996698602688357,0.999999999946943
"EXOSC8",2.72898716083459e-09,-0.596516238466038,1.70303185038619e-05,0.996707314782298,0.999999999946943
"HPCAL1",2.72693442580611e-09,-0.596708473142619,1.70047078422069e-05,0.996709791515078,0.999999999946943
"PUM2",2.71974996012525e-09,-0.59738227723813,1.69152236194362e-05,0.996718459951056,0.999999999946943
"CHD1",2.70746993613464e-09,-0.598537567869899,1.67628196007008e-05,0.99673327644722,0.999999999946943
"SEP15",2.70730130525223e-09,-0.598553464170682,1.67607315693666e-05,0.996733479909275,0.999999999946943
"UBE2D3",2.70607007466432e-09,-0.598669554499158,1.67454900941497e-05,0.996734965453935,0.999999999946943
"SLC25A39",2.69207730956484e-09,-0.599992143470191,1.65727599773061e-05,0.996751848464036,0.999999999946943
"DNAJB1",2.69157999849506e-09,-0.600039259003909,1.6566637526288e-05,0.996752448496133,0.999999999946943
"ATF7IP",2.69021119416206e-09,-0.600168979421349,1.65497918674756e-05,0.996754100030935,0.999999999946943
"ADGRE5",2.68447217504098e-09,-0.600713487132443,1.6479255946451e-05,0.996761024461104,0.999999999946943
"MYO1G",2.66901515825802e-09,-0.602185073230428,1.62900293215071e-05,0.996779674170752,0.999999999946943
"MPC2",2.61522641086745e-09,-0.607364491589901,1.56400584721724e-05,0.996844573157812,0.999999999946943
"TPRKB",2.60685400630209e-09,-0.6081790049745,1.55400783768001e-05,0.996854674911496,0.999999999946943
"SMC3",2.60272992493728e-09,-0.608581055032604,1.5490948005115e-05,0.996859650836315,0.999999999946943
"TOLLIP",2.59872018139219e-09,-0.608972490156765,1.54432543266699e-05,0.996864488806555,0.999999999946943
"KLF3",2.58481010528932e-09,-0.610334490565911,1.52783716869019e-05,0.996881272058909,0.999999999946943
"RAB4A",2.57645618625503e-09,-0.611155529148639,1.51797740936679e-05,0.996891351510631,0.999999999946943
"IFRD1",2.56295384076707e-09,-0.612487473849443,1.50210867577671e-05,0.996907642816266,0.999999999946943
"AFF1",2.56260953135383e-09,-0.612521518137303,1.50170511375491e-05,0.996908058244098,0.999999999946943
"TOP2B",2.55849512020515e-09,-0.612928647002228,1.49688684384773e-05,0.996913022502581,0.999999999946943
"H2AFJ",2.55537421290941e-09,-0.613237846773166,1.49323720172139e-05,0.996916788045276,0.999999999946943
"CST7",2.49877071270933e-09,-0.618903556584107,1.42781716795272e-05,0.996985083227875,0.999999999946943
"RAD21",2.49661382167664e-09,-0.619121649904221,1.42535330291343e-05,0.996987685633933,0.999999999946943
"ZMYM2",2.48704513250489e-09,-0.620091165537788,1.4144484315392e-05,0.996999230776976,0.999999999946943
"CCDC12",2.4688122623466e-09,-0.621947567115359,1.39378541964488e-05,0.997021229726562,0.999999999946943
"UPF2",2.4661367354094e-09,-0.622220981811691,1.39076608130427e-05,0.997024457895533,0.999999999946943
"PSMB4",2.45716057644286e-09,-0.623140153062026,1.38066038171766e-05,0.997035288120562,0.999999999946943
"PSMB7",2.45222854241236e-09,-0.623646444306916,1.37512339724477e-05,0.997041238888668,0.999999999946943
"LIMD2",2.45178657339915e-09,-0.623691857267452,1.37462776060123e-05,0.9970417721484,0.999999999946943
"NEK7",2.38195391646473e-09,-0.630958333976934,1.29743764664587e-05,0.997126029076153,0.999999999946943
"NCOA7",2.36217350566086e-09,-0.633050265761455,1.27597854991219e-05,0.997149895231714,0.999999999946943
"NDUFA2",2.35542244463409e-09,-0.633767731385928,1.26869551215887e-05,0.99715804075942,0.999999999946943
"TCERG1",2.35273961029618e-09,-0.634053345016159,1.26580706089261e-05,0.997161277747191,0.999999999946943
"STON2",2.33672610598803e-09,-0.635764053292483,1.24863471879937e-05,0.997180598925351,0.999999999946943
"RAC2",2.33455023053911e-09,-0.635997286525024,1.24631043381385e-05,0.997183224239489,0.999999999946943
"TSC22D4",2.32665601547287e-09,-0.636845062182254,1.23789595814263e-05,0.997192749047071,0.999999999946943
"UBXN4",2.31953383467079e-09,-0.63761207730973,1.23032885364229e-05,0.997201342352909,0.999999999946943
"C6orf62",2.31692625060541e-09,-0.637893410497091,1.22756417518017e-05,0.997204488547674,0.999999999946943
"TUBA1B",2.30716083845738e-09,-0.63894945741909,1.21723807420179e-05,0.997216271059305,0.999999999946943
"ANKRD12",2.30316032614461e-09,-0.639383202079638,1.21302046265918e-05,0.997221097899571,0.999999999946943
"HNRNPA2B1",2.29276459419504e-09,-0.640513402909345,1.2020948000873e-05,0.99723364092795,0.999999999946943
"MORC3",2.25915133231604e-09,-0.644198525545042,1.16710635225829e-05,0.997274197201252,0.999999999946943
"ALDH2",2.24077015573778e-09,-0.646233927444153,1.14819171446968e-05,0.997296375117931,0.999999999946943
"EIF1AX",2.2354149496271e-09,-0.646829657162874,1.14271015646898e-05,0.997302836473745,0.999999999946943
"BIRC6",2.22070595816214e-09,-0.648472342059599,1.12772160555799e-05,0.997320583695875,0.999999999946943
"EIF5B",2.21957300074278e-09,-0.648599261783267,1.12657121944988e-05,0.997321950672519,0.999999999946943
"STK10",2.20920716221883e-09,-0.649763120316354,1.11607317643678e-05,0.997334457638211,0.999999999946943
"MRPL36",2.20595217850909e-09,-0.650129564350234,1.1127868175678e-05,0.997338384958793,0.999999999946943
"NSD1",2.19863450573338e-09,-0.650955103755446,1.10541630090799e-05,0.99734721414205,0.999999999946943
"MT-CO2",2.18057625840787e-09,-0.65300260829509,1.08733243700999e-05,0.997369002433216,0.999999999946943
"SEPT2",2.18003575171895e-09,-0.653064119780893,1.08679346240257e-05,0.99736965458497,0.999999999946943
"NAE1",2.17675821996257e-09,-0.653437398332867,1.08352808248992e-05,0.997373609111615,0.999999999946943
"ID2",2.17569281703372e-09,-0.653558842516813,1.08246768774701e-05,0.997374894580263,0.999999999946943
"MMADHC",2.16412576831852e-09,-0.6548806989278,1.07098842687874e-05,0.997388850876549,0.999999999946943
"LINC00657",2.16154026568759e-09,-0.655177004551752,1.06843091443281e-05,0.997391970431322,0.999999999946943
"STAG2",2.15956666545146e-09,-0.655403392059383,1.0664807376245e-05,0.997394351691365,0.999999999946943
"NDUFV2",2.13933612604044e-09,-0.657734431127328,1.04659302330636e-05,0.997418760979985,0.999999999946943
"UFC1",2.1334367372646e-09,-0.658417791799838,1.04082885557669e-05,0.997425878926255,0.999999999946943
"KRR1",2.12870682429347e-09,-0.658966873539719,1.03621885468603e-05,0.99743158583396,0.999999999946943
"STX16",2.12639229979656e-09,-0.659235946731641,1.03396673613101e-05,0.997434378438812,0.999999999946943
"MED30",2.09858263020453e-09,-0.662489017917807,1.00709846323267e-05,0.997467932382182,0.999999999946943
"HBS1L",2.08068011628433e-09,-0.66460308363426,9.8998911439071e-06,0.9974895327828,0.999999999946943
"HSD17B12",2.06230637410765e-09,-0.66678931289068,9.72581834172325e-06,0.997511701749007,0.999999999946943
"CEP170",2.05528564771029e-09,-0.667629161270051,9.65971169199169e-06,0.997520172655701,0.999999999946943
"PRDX6",2.05166060373323e-09,-0.668063781421598,9.62566679032221e-06,0.997524546478055,0.999999999946943
"AES",2.05139036656379e-09,-0.668096207919805,9.62313124264772e-06,0.997524872534619,0.999999999946943
"RSRP1",2.04987290036159e-09,-0.668278361891551,9.60889955312302e-06,0.997526703444182,0.999999999946943
"RAB8B",2.04393411701331e-09,-0.668992372681207,9.55330341391723e-06,0.997533868925299,0.999999999946943
"ZEB2",2.03444376566573e-09,-0.670137138030991,9.46479398485054e-06,0.997545319576356,0.999999999946943
"ENG",2.03384119097479e-09,-0.670209979802901,9.45918812756958e-06,0.997546046617161,0.999999999946943
"ZNF638",2.03293738007733e-09,-0.670319271482441,9.45078293079261e-06,0.99754713711667,0.999999999946943
"RNF24",2.01554263104235e-09,-0.672430977829714,9.28974434350369e-06,0.997568124876548,0.999999999946943
"EIF3J",2.00409870456253e-09,-0.673828922166863,9.18455248017897e-06,0.997581932629481,0.999999999946943
"THOC3",1.99654790533128e-09,-0.67475510479072,9.11547398014036e-06,0.997591043101744,0.999999999946943
"CHCHD2",1.9890501794603e-09,-0.675677797241812,9.04713903583666e-06,0.997600089538265,0.999999999946943
"FAM60A",1.9866854785046e-09,-0.675969431972003,9.02564027079973e-06,0.997602942685731,0.999999999946943
"HIST1H2AE",1.98452250739946e-09,-0.676236452221112,9.00599793477245e-06,0.997605552434577,0.999999999946943
"WDFY2",1.97673710787642e-09,-0.677199665310004,8.93547441232316e-06,0.997614945966386,0.999999999946943
"FDFT1",1.96483101784686e-09,-0.678679093485407,8.82816001648753e-06,0.997629311348672,0.999999999946943
"LSM14A",1.96180328092526e-09,-0.679056557806504,8.80097319860009e-06,0.997632964487502,0.999999999946943
"GSK3B",1.96135783881501e-09,-0.679112133293088,8.79697699873388e-06,0.997633501939046,0.999999999946943
"UBE2E1",1.94593269410672e-09,-0.681043454175285,8.6591530344631e-06,0.997652113264597,0.999999999946943
"ACIN1",1.94323282693035e-09,-0.681382862366573,8.63514157205954e-06,0.997655370809985,0.999999999946943
"NDUFS4",1.93941100054989e-09,-0.681864017315861,8.60120888187824e-06,0.997659982063896,0.999999999946943
"CHCHD10",1.92620953463789e-09,-0.683532406718151,8.48451148628017e-06,0.997675910394375,0.999999999946943
"TMEM173",1.92404689812471e-09,-0.683806666391997,8.46547034516058e-06,0.997678519740222,0.999999999946943
"YEATS4",1.87306481567342e-09,-0.690351038153769,8.02278949940116e-06,0.997740032574089,0.999999999946943
"LNPEP",1.86750744949241e-09,-0.691073751249389,7.97525303812534e-06,0.997746737858925,0.999999999946943
"PHTF2",1.85843763181979e-09,-0.692257272541405,7.89797523071763e-06,0.997757681120683,0.999999999946943
"CCL5",1.85540408662304e-09,-0.692654241499031,7.8722123960921e-06,0.997761341269232,0.999999999946943
"POLR2G",1.85413284472195e-09,-0.692820763782376,7.86142869891487e-06,0.997762875096467,0.999999999946943
"KTN1",1.85268783186821e-09,-0.69301016928741,7.84917991219769e-06,0.997764618588466,0.999999999946943
"SLC10A3",1.84927593932632e-09,-0.693457894579817,7.82029658006852e-06,0.997768735235176,0.999999999946943
"EPC1",1.84386372036172e-09,-0.694169588666976,7.7745887214489e-06,0.997775265392129,0.999999999946943
"HTATIP2",1.83491229704806e-09,-0.695350677852642,7.69928521011273e-06,0.997786065805295,0.999999999946943
"LEPROTL1",1.83427671754319e-09,-0.695434729374029,7.69395235537138e-06,0.997786832668971,0.999999999946943
"FCHSD2",1.81781143945956e-09,-0.697621040546209,7.55644367708879e-06,0.997806698986305,0.999999999946943
"RB1",1.81217815071173e-09,-0.698373002163812,7.50968231234998e-06,0.997813495877708,0.999999999946943
"TLE4",1.80214944394179e-09,-0.699716734338013,7.42679420330297e-06,0.997825596097683,0.999999999946943
"ITFG1",1.78745151253603e-09,-0.701697889295246,7.3061456346538e-06,0.997843330010572,0.999999999946943
"EIF4H",1.78667400872268e-09,-0.701803084268571,7.29979097765666e-06,0.997844268114374,0.999999999946943
"MPLKIP",1.77024055712208e-09,-0.704035871417888,7.16612465216016e-06,0.99786409603509,0.999999999946943
"FOPNL",1.76894574191265e-09,-0.704212561208005,7.15564538284887e-06,0.997865658305444,0.999999999946943
"IFI6",1.76776356881195e-09,-0.704373978190493,7.14608445096067e-06,0.997867084666506,0.999999999946943
"TAF9",1.76321332943923e-09,-0.704996157252572,7.10934362582357e-06,0.997872574796787,0.999999999946943
"ATP5D",1.75342006759993e-09,-0.706339995415356,7.03058933085972e-06,0.997884390941067,0.999999999946943
"PABPN1",1.74132910519858e-09,-0.70800816140399,6.93396273785538e-06,0.997898979396356,0.999999999946943
"GLO1",1.73294844888106e-09,-0.709170346152052,6.86737989608672e-06,0.997909091150153,0.999999999946943
"SH3BGRL",1.72630556709011e-09,-0.710095024223407,6.81483158484883e-06,0.997917106177214,0.999999999946943
"HP1BP3",1.72036334984946e-09,-0.710924797377913,6.76799687025058e-06,0.997924275811518,0.999999999946943
"FAM107B",1.71382138123817e-09,-0.711841208241702,6.71662186321075e-06,0.99793216908129,0.999999999946943
"SRP9",1.70143643571146e-09,-0.713584478900859,6.61989716570302e-06,0.997947112246809,0.999999999946943
"SLC38A2",1.69835731364338e-09,-0.714019600479073,6.59595853732439e-06,0.997950827388874,0.999999999946943
"PLEKHO1",1.69361552685722e-09,-0.714691023021764,6.55917832993648e-06,0.997956548633901,0.999999999946943
"MLLT3",1.69259211374156e-09,-0.714836149714603,6.55125360222346e-06,0.997957783442114,0.999999999946943
"SF1",1.68838510015645e-09,-0.715433534814154,6.51872720632998e-06,0.997962859451886,0.999999999946943
"NUCKS1",1.68619685646519e-09,-0.715744771861241,6.50184086939461e-06,0.997965499696867,0.999999999946943
"HUWE1",1.68510420461174e-09,-0.715900312844871,6.49341724236571e-06,0.997966818045733,0.999999999946943
"TBL1XR1",1.67865837332034e-09,-0.716819678082232,6.44383524082203e-06,0.99797459532124,0.999999999946943
"ATAD2B",1.65960340018625e-09,-0.7195555499948,6.29837358880523e-06,0.997997586270954,0.999999999946943
"IFITM2",1.65845341309325e-09,-0.719721535451692,6.28964796330389e-06,0.997998973798307,0.999999999946943
"LYAR",1.64110128154915e-09,-0.722238317528332,6.1587213456352e-06,0.998019910170679,0.999999999946943
"FOXN3",1.63388187221103e-09,-0.723292256803818,6.1046545635026e-06,0.998028620815178,0.999999999946943
"LONP2",1.63121963352297e-09,-0.723681931334674,6.08477698565413e-06,0.998031832963725,0.999999999946943
"PQBP1",1.63014642999718e-09,-0.72383917367632,6.07677308989229e-06,0.998033127847307,0.999999999946943
"NCBP2-AS2",1.61652983024528e-09,-0.725842093551466,5.97567860987083e-06,0.998049557081394,0.999999999946943
"NFAT5",1.6001750425318e-09,-0.728267276033622,5.85537576050939e-06,0.998069290102527,0.999999999946943
"UGP2",1.57360034758272e-09,-0.732254298895479,5.66250594652699e-06,0.998101354050242,0.999999999946943
"NEDD8",1.56862726008149e-09,-0.733006913343665,5.62677179076469e-06,0.998107354376004,0.999999999946943
"ITPR2",1.56005810565314e-09,-0.734308630612119,5.56546343827175e-06,0.998117693570581,0.999999999946943
"RBPJ",1.55874115663958e-09,-0.734509235912664,5.55607104714527e-06,0.998119282547936,0.999999999946943
"TUBGCP2",1.55305704253584e-09,-0.735376768091984,5.51562333160435e-06,0.998126140769943,0.999999999946943
"C19orf53",1.5435719257214e-09,-0.73683059360203,5.44845699811533e-06,0.99813758512828,0.999999999946943
"ATF7IP2",1.53889238770056e-09,-0.737550711755228,5.41547166889911e-06,0.99814323126974,0.999999999946943
"USP8",1.52983115372081e-09,-0.738950546216293,5.35188517261442e-06,0.998154164188729,0.999999999946943
"SRRT",1.52802098119101e-09,-0.7392310566613,5.33922743070165e-06,0.998156348269843,0.999999999946943
"PCMTD1",1.52004940202264e-09,-0.740469809349062,5.28366398884553e-06,0.998165966455689,0.999999999946943
"BRWD1",1.51136552383783e-09,-0.74182569816268,5.22346642823082e-06,0.998176444073096,0.999999999946943
"ETFA",1.499818819589e-09,-0.743639119742327,5.143957633285e-06,0.998190375861532,0.999999999946943
"CTSD",1.49737109326021e-09,-0.744025097040307,5.12718130534457e-06,0.998193329189637,0.999999999946943
"UBB",1.4915512079855e-09,-0.744945032208134,5.08740276576269e-06,0.998200351229148,0.999999999946943
"MEF2A",1.48976510539024e-09,-0.74522798329494,5.07522593574835e-06,0.998202506268735,0.999999999946943
"SMARCA4",1.46333306126591e-09,-0.749450173736201,4.89672996378377e-06,0.998234398112084,0.999999999946943
"ETHE1",1.46048421293937e-09,-0.749909193698312,4.87768240419316e-06,0.998237835418279,0.999999999946943
"IST1",1.45975267815559e-09,-0.750027187723929,4.87279731103896e-06,0.998238718058831,0.999999999946943
"GNB1",1.45678548235269e-09,-0.750506314178983,4.85300786420984e-06,0.998242298158391,0.999999999946943
"UBE2A",1.44509430900875e-09,-0.752402440743053,4.77542651942945e-06,0.998256404260026,0.999999999946943
"PLSCR1",1.44016104284694e-09,-0.753206545572095,4.74287744915031e-06,0.998262356541609,0.999999999946943
"ZC3H13",1.43460934166726e-09,-0.754114323555037,4.70638113302315e-06,0.998269055002259,0.999999999946943
"ARL5A",1.43400058022228e-09,-0.754214050082443,4.70238777341484e-06,0.998269789509484,0.999999999946943
"MINK1",1.41636745033174e-09,-0.757118791580847,4.587453347624e-06,0.998291064939769,0.999999999946943
"MRPL37",1.41414056309949e-09,-0.757487865433299,4.57303941792838e-06,0.998293751813052,0.999999999946943
"PHF5A",1.41393005002652e-09,-0.757522781032889,4.57167800739856e-06,0.998294005809727,0.999999999946943
"UBE2I",1.41227205889271e-09,-0.757797932832999,4.56096268591545e-06,0.99829600627569,0.999999999946943
"TFPI",1.40814948024777e-09,-0.758483314995583,4.53437363979401e-06,0.998300980414675,0.999999999946943
"WHSC1L1",1.40749060520375e-09,-0.75859301525481,4.5301313534093e-06,0.998301775387034,0.999999999946943
"SMIM5",1.40524323906229e-09,-0.758967529753255,4.51567621488668e-06,0.998304486969429,0.999999999946943
"PKN2",1.40091947481393e-09,-0.759689535436915,4.48793058163564e-06,0.998309703851059,0.999999999946943
"CAND1",1.39953052613575e-09,-0.759921881017573,4.47903583037973e-06,0.998311379701197,0.999999999946943
"GMPS",1.39817249743965e-09,-0.760149248268836,4.47034761967858e-06,0.998313018244524,0.999999999946943
"KDM6A",1.38956087969759e-09,-0.761595531765593,4.41544971559021e-06,0.998323408679605,0.999999999946943
"GNAI3",1.37520883816441e-09,-0.764023311190295,4.32471104085519e-06,0.9983407252821,0.999999999946943
"FRYL",1.37317982197318e-09,-0.764368314230675,4.31195888987235e-06,0.9983431734124,0.999999999946943
"HNRNPH3",1.37168631445227e-09,-0.764622545691703,4.30258438436216e-06,0.998344975419231,0.999999999946943
"EIF1",1.36799291510146e-09,-0.765252288016988,4.27944532122285e-06,0.998349431728167,0.999999999946943
"ADIPOR1",1.35767501407254e-09,-0.767019409670278,4.2151344952669e-06,0.998361880897942,0.999999999946943
"KHDRBS1",1.35625583191181e-09,-0.767263382723204,4.20632691304904e-06,0.998363593226828,0.999999999946943
"SRSF6",1.34302405528869e-09,-0.769548821626141,4.12465252960364e-06,0.998379558163871,0.999999999946943
"NFE2",1.34212204986552e-09,-0.769705331264794,4.11911396971943e-06,0.998380646487875,0.999999999946943
"PSMA3",1.34169853326588e-09,-0.769778848455605,4.11651474575897e-06,0.998381157486224,0.999999999946943
"EIF5",1.33091395970721e-09,-0.771657751340998,4.05060361588038e-06,0.998394169725612,0.999999999946943
"APPL1",1.32226554071003e-09,-0.773174083493939,3.99813215682996e-06,0.998404604565807,0.999999999946943
"ATP5I",1.31478266555846e-09,-0.774493037722058,3.95300828534816e-06,0.998413633107131,0.999999999946943
"TSC22D3",1.31159671296367e-09,-0.775056586173456,3.93387381017858e-06,0.998417477151638,0.999999999946943
"NAA50",1.29622293034195e-09,-0.777792835858268,3.84219307783309e-06,0.998436026550764,0.999999999946943
"NMI",1.29406674309262e-09,-0.778178852022046,3.82942120478282e-06,0.998438628121236,0.999999999946943
"KMT2E",1.29154773037951e-09,-0.778630533076854,3.81452711680332e-06,0.998441667462621,0.999999999946943
"HBA2",1.28916591483954e-09,-0.779058318872229,3.80047092327499e-06,0.998444541267328,0.999999999946943
"SHFM1",1.28325591890294e-09,-0.780122760121102,3.76570536924611e-06,0.998451672035461,0.999999999946943
"ARPC5L",1.27438676089271e-09,-0.781728201269141,3.7138322877153e-06,0.998462373212138,0.999999999946943
"HERC2",1.2699591697538e-09,-0.782533297110629,3.68807124409891e-06,0.998467715369297,0.999999999946943
"NRROS",1.25004479933911e-09,-0.786184914775223,3.57331202320523e-06,0.998491743265475,0.999999999946943
"GNG11",1.24883822764178e-09,-0.78640778095066,3.5664172680782e-06,0.998493199067478,0.999999999946943
"GPBP1",1.24386497623629e-09,-0.78732837317193,3.53806872321668e-06,0.998499199597278,0.999999999946943
"TYROBP",1.24071782903857e-09,-0.787912593081075,3.52018778441171e-06,0.998502996821513,0.999999999946943
"JTB",1.23684353358818e-09,-0.788633569816099,3.49823766225106e-06,0.998507671394324,0.999999999946943
"TBC1D10C",1.23265936746866e-09,-0.789414420946676,3.47460904841561e-06,0.998512719844979,0.999999999946943
"CCNL1",1.22362398031332e-09,-0.791108505488738,3.42385800031143e-06,0.998523621588778,0.999999999946943
"NUB1",1.22248613395414e-09,-0.791322616141825,3.4174932786949e-06,0.998524994469591,0.999999999946943
"ANP32B",1.2201121433725e-09,-0.791769893063869,3.40423305582384e-06,0.998527858833581,0.999999999946943
"PRPF38A",1.2075139324762e-09,-0.794156232427471,3.33429549953851e-06,0.99854305934139,0.999999999946943
"SFSWAP",1.20541849958802e-09,-0.794555245874996,3.32273334680108e-06,0.998545587608688,0.999999999946943
"SUB1",1.20282062703365e-09,-0.795050772720143,3.30842672043238e-06,0.99854872210004,0.999999999946943
"CAPN7",1.19388942183598e-09,-0.796761472567582,3.25947754844762e-06,0.998559498142866,0.999999999946943
"RERE",1.17692017049521e-09,-0.800042694368779,3.16747938800953e-06,0.998579972578461,0.999999999946943
"LSM3",1.17139716058343e-09,-0.801119517846996,3.13782066887222e-06,0.998586636426612,0.999999999946943
"WTAP",1.17127558943332e-09,-0.801143270259052,3.13716939757768e-06,0.998586783109617,0.999999999946943
"SEC61A1",1.14858295626243e-09,-0.80561494703675,3.01678611465821e-06,0.998614163155958,0.999999999946943
"STAU1",1.1409333519266e-09,-0.807139660525174,2.97673611660789e-06,0.998623392870641,0.999999999946943
"BCL2",1.13835754653659e-09,-0.807655069726526,2.96331055105711e-06,0.998626500737154,0.999999999946943
"CNOT2",1.13544215810088e-09,-0.808239653589128,2.9481516255804e-06,0.998630018331375,0.999999999946943
"RASA2",1.13226299995907e-09,-0.808878617752371,2.93166550374601e-06,0.998633854179888,0.999999999946943
"EML4",1.12984529392313e-09,-0.809365586744164,2.91915897826695e-06,0.998636771289939,0.999999999946943
"MYCBP2",1.12758647749464e-09,-0.809821372278763,2.90749852705386e-06,0.998639496689988,0.999999999946943
"HLA-DQA1",1.1239011836896e-09,-0.810566701192848,2.88852441444315e-06,0.998643943222191,0.999999999946943
"CAPRIN1",1.1116342807746e-09,-0.813063020723331,2.82581449001223e-06,0.998658743990557,0.999999999946943
"TXNIP",1.10893179154637e-09,-0.813616197589077,2.81209154076928e-06,0.998662004709103,0.999999999946943
"RAB11B",1.10733933208549e-09,-0.813942710009652,2.80402084347334e-06,0.998663926108853,0.999999999946943
"ATP6V1G1",1.10522691097997e-09,-0.814376464434524,2.79333284051175e-06,0.998666474874144,0.999999999946943
"PPP1R7",1.08743381355439e-09,-0.818058913315587,2.70411683396158e-06,0.998687943335223,0.999999999946943
"ERAP2",1.07386894906251e-09,-0.820901667264597,2.63707423315546e-06,0.998704310175115,0.999999999946943
"COA4",1.07350470720751e-09,-0.820978430206484,2.63528561656229e-06,0.998704749655231,0.999999999946943
"HIST1H1B",1.07228120260958e-09,-0.821236446321557,2.62928201612751e-06,0.9987062258885,0.999999999946943
"UBE2B",1.06795270303869e-09,-0.822151312940462,2.60809750705796e-06,0.998711448488499,0.999999999946943
"YTHDC1",1.06586951973669e-09,-0.822592762375108,2.59793255101386e-06,0.998713961976838,0.999999999946943
"CREB1",1.05942349730211e-09,-0.823963515770993,2.56660471380365e-06,0.998721739498084,0.999999999946943
"PTPRE",1.04382320482551e-09,-0.827311203529497,2.49157336689078e-06,0.998740562207847,0.999999999946943
"DNMT1",1.04323112977096e-09,-0.827439112847591,2.48874763921792e-06,0.998741276582731,0.999999999946943
"HNRNPUL1",1.04056848541129e-09,-0.828015120649003,2.47605976390727e-06,0.998744489226547,0.999999999946943
"UIMC1",1.03726020719442e-09,-0.82873258673698,2.46034052372171e-06,0.99874848086726,0.999999999946943
"POLB",1.03147763331301e-09,-0.829991447336752,2.43298491179194e-06,0.998755457897626,0.999999999946943
"CTSB",1.03007931209067e-09,-0.830296782023819,2.42639283785124e-06,0.998757145058035,0.999999999946943
"CCT5",1.02348128097438e-09,-0.831742397850893,2.39540853944882e-06,0.998765105987757,0.999999999946943
"GPI",1.01953610688536e-09,-0.832610655242414,2.37697715234685e-06,0.998769866082624,0.999999999946943
"CPVL",1.0186532418393e-09,-0.832805357077493,2.37286225850148e-06,0.998770931313537,0.999999999946943
"SETD2",1.01596397439878e-09,-0.833399338110471,2.36034997735535e-06,0.998774176079922,0.999999999946943
"DDB1",1.0113361289103e-09,-0.834424704088646,2.33889556228453e-06,0.998779759859867,0.999999999946943
"TPR",1.00856335966543e-09,-0.835041008092532,2.32608809447716e-06,0.998783105376366,0.999999999946943
"SMG1",1.00607790697068e-09,-0.835594704163743,2.31463763240306e-06,0.998786104227807,0.999999999946943
"TMX1",9.96163172632838e-10,-0.83781536463741,2.26924166925326e-06,0.998798066964353,0.999999999946943
"PNRC2",9.95861972688882e-10,-0.837883126532531,2.26786962067424e-06,0.998798430380608,0.999999999946943
"BRAF",9.85243716470402e-10,-0.840283416805391,2.2197656826592e-06,0.998811241959865,0.999999999946943
"PPM1G",9.82705711868374e-10,-0.840860471442952,2.20834410427593e-06,0.998814304218575,0.999999999946943
"TBPL1",9.80386838377173e-10,-0.841388837686329,2.19793441859555e-06,0.998817102082133,0.999999999946943
"GAPDH",9.77212688896856e-10,-0.842113847846837,2.18372517328548e-06,0.998820931888825,0.999999999946943
"EMC4",9.71692786045672e-10,-0.843379546481066,2.15912478310481e-06,0.998827591991385,0.999999999946943
"CRTAP",9.64344360035904e-10,-0.845074261383228,2.12659150716281e-06,0.998836458319815,0.999999999946943
"ITM2A",9.58045361061453e-10,-0.846535919780569,2.09890088213223e-06,0.998844058450027,0.999999999946943
"C8orf59",9.57587237368042e-10,-0.846642551414498,2.09689403284925e-06,0.998844611204483,0.999999999946943
"IL10RA",9.53554112886958e-10,-0.847583210400406,2.07926801436753e-06,0.998849477417625,0.999999999946943
"NUP98",9.53453382700464e-10,-0.84760674830128,2.07882874408491e-06,0.998849598954801,0.999999999946943
"DHPS",9.37386129962943e-10,-0.851389211945669,2.00935573982338e-06,0.998868985085463,0.999999999946943
"RABAC1",9.36494513256623e-10,-0.851600758734858,2.00553506648492e-06,0.998870060875989,0.999999999946943
"TTC14",9.32594333497398e-10,-0.852528187641221,1.98886511424719e-06,0.998874766683349,0.999999999946943
"NIN",9.18671517759741e-10,-0.855866668496158,1.92992436516308e-06,0.998891565419319,0.999999999946943
"JMJD1C",9.11856859082797e-10,-0.857516792496645,1.90139839921129e-06,0.998899787725531,0.999999999946943
"ARF5",9.10822249623234e-10,-0.857768253542987,1.89708612423657e-06,0.998901036045698,0.999999999946943
"DENND4C",9.04494283234095e-10,-0.859311690635112,1.87081756145265e-06,0.998908671127753,0.999999999946943
"ADPGK",9.01957355408939e-10,-0.859933104654102,1.86033773147943e-06,0.9989117320878,0.999999999946943
"HCFC1R1",8.98576259234597e-10,-0.860763663290487,1.84641647151611e-06,0.998915811589101,0.999999999946943
"CIR1",8.96042209746979e-10,-0.861387930922467,1.83601710199418e-06,0.998918869076293,0.999999999946943
"CCNB1",8.94336761305488e-10,-0.861808936347117,1.82903472412413e-06,0.998920926805163,0.999999999946943
"SF3B2",8.88529413418533e-10,-0.86324779011626,1.80535828566867e-06,0.998927933729093,0.999999999946943
"SF3B1",8.84640559020382e-10,-0.864215889616661,1.78958973286651e-06,0.998932625872175,0.999999999946943
"NUDT21",8.78942361264799e-10,-0.865641118410158,1.76660956552352e-06,0.998939501099865,0.999999999946943
"SPG7",8.71521165698829e-10,-0.867509401416527,1.73690339101481e-06,0.998948455230996,0.999999999946943
"PUM1",8.69369134897884e-10,-0.868053762498371,1.72833617585777e-06,0.998951051789192,0.999999999946943
"TMA7",8.65034516521747e-10,-0.869153781696869,1.71114439635408e-06,0.998956281774256,0.999999999946943
"PGK1",8.60926532898174e-10,-0.870200720871489,1.69493079541659e-06,0.99896123831052,0.999999999946943
"ATP2B1",8.59325928111313e-10,-0.870609819350213,1.68863434069535e-06,0.998963169539181,0.999999999946943
"NME3",8.58409389853284e-10,-0.870844375848846,1.68503414068731e-06,0.998964275399274,0.999999999946943
"CA1",8.53520291071374e-10,-0.872099265682737,1.66589446744329e-06,0.998970174399359,0.999999999946943
"ZNRD1",8.52060857268082e-10,-0.872475071831099,1.66020231432955e-06,0.998971935296524,0.999999999946943
"RC3H1",8.49525629794667e-10,-0.873129229485554,1.65033745842438e-06,0.998974994205312,0.999999999946943
"FKBP8",8.47455132073823e-10,-0.873664735185058,1.64230272520857e-06,0.998977492388915,0.999999999946943
"TRIP12",8.46841820405e-10,-0.873823578282657,1.6399264838927e-06,0.998978232387391,0.999999999946943
"APP",8.43537196637942e-10,-0.874681177104164,1.62715251363785e-06,0.99898221962045,0.999999999946943
"C12orf57",8.40818371900866e-10,-0.875388946527499,1.61668038966823e-06,0.998985500050751,0.999999999946943
"PPP4R3B",8.36452328566239e-10,-0.876529699251882,1.59993439348497e-06,0.998990767952263,0.999999999946943
"ARF6",8.34951537689651e-10,-0.876923019842233,1.59419823200453e-06,0.998992578749355,0.999999999946943
"ANKLE2",8.24010982796795e-10,-0.879809000755587,1.55269368201562e-06,0.999005779206211,0.999999999946943
"RGS19",8.2269648160243e-10,-0.880157989266939,1.54774377290468e-06,0.999007365233307,0.999999999946943
"RBCK1",8.05623933611073e-10,-0.88473522575019,1.48417292624804e-06,0.999027964320089,0.999999999946943
"NUDT1",7.99929130736093e-10,-0.886280806408456,1.46326441336081e-06,0.999034835452691,0.999999999946943
"UBXN1",7.99511728514604e-10,-0.886394466285388,1.46173775195104e-06,0.999035339074342,0.999999999946943
"CMPK1",7.8192453328191e-10,-0.891231067417426,1.39813614877163e-06,0.999056559115815,0.999999999946943
"DPM3",7.81087932462031e-10,-0.891463487918222,1.39514594687229e-06,0.999057568526591,0.999999999946943
"PCGF5",7.76044644851653e-10,-0.892869195318998,1.37718789952737e-06,0.999063653565915,0.999999999946943
"BBX",7.71550027581402e-10,-0.894128685539601,1.36128157907416e-06,0.999069076600487,0.999999999946943
"ATP1A1",7.70536789061956e-10,-0.89441349849535,1.35770851913697e-06,0.999070299135625,0.999999999946943
"PIK3CD",7.65449052400275e-10,-0.895848563232281,1.33983822823455e-06,0.999076437805602,0.999999999946943
"DENR",7.64585809801693e-10,-0.896092875333606,1.33681790116329e-06,0.999077479361366,0.999999999946943
"CXCR4",7.62895819699907e-10,-0.896571866304051,1.33091480385613e-06,0.999079518439303,0.999999999946943
"CLTA",7.59973863000319e-10,-0.89740221324813,1.32073929112279e-06,0.999083043961409,0.999999999946943
"MSRB3",7.58059455855198e-10,-0.89794774690106,1.3140936727856e-06,0.999085353812455,0.999999999946943
"PITHD1",7.55814099627244e-10,-0.898589117708475,1.30632056588906e-06,0.99908806297412,0.999999999946943
"LRRFIP1",7.5242956319671e-10,-0.899559026720108,1.29464735080222e-06,0.999092146627433,0.999999999946943
"RPAP2",7.47558483180238e-10,-0.900961618315705,1.27793902838186e-06,0.999098023887906,0.999999999946943
"CTB-133G6.1",7.40542356358515e-10,-0.902995897497963,1.25406368767724e-06,0.999106489280618,0.999999999946943
"AP1B1",7.3831763539538e-10,-0.903644441699852,1.24654014493729e-06,0.999109173544635,0.999999999946943
"UBQLN1",7.33349982304875e-10,-0.90509875563983,1.2298222812763e-06,0.999115167326663,0.999999999946943
"ATXN2L",7.32671771119549e-10,-0.90529797091215,1.22754862323084e-06,0.99911598563059,0.999999999946943
"HADHA",7.32583615568682e-10,-0.905323877180339,1.22725324208174e-06,0.999116091995739,0.999999999946943
"CNPY3",7.30417516321149e-10,-0.905961282162624,1.22000650009365e-06,0.999118705529051,0.999999999946943
"WAS",7.26316854063738e-10,-0.907172475497293,1.20634639144676e-06,0.999123653232846,0.999999999946943
"CDC42SE2",7.17067249807979e-10,-0.909926480059908,1.17581652845482e-06,0.999134813455198,0.999999999946943
"SRSF10",7.15547825635018e-10,-0.910381829700662,1.17083883286589e-06,0.999136646734904,0.999999999946943
"NOSIP",7.15485029537787e-10,-0.910400666883316,1.17063333749482e-06,0.999136722502298,0.999999999946943
"NUP50",7.07618681032651e-10,-0.912771817376121,1.14503395322112e-06,0.999146213740783,0.999999999946943
"RP11-879F14.2",7.07520621518116e-10,-0.91280151982535,1.14471662498548e-06,0.999146332055684,0.999999999946943
"SRSF8",7.05880516493831e-10,-0.913298842932919,1.13941563625314e-06,0.999148310944368,0.999999999946943
"YME1L1",7.05725737417246e-10,-0.913345827921191,1.13891600958588e-06,0.999148497694948,0.999999999946943
"ANKRD10",7.03261938849527e-10,-0.914094952201443,1.13097762420799e-06,0.999151470421116,0.999999999946943
"PCM1",6.99598145765172e-10,-0.915213170456003,1.11922418183137e-06,0.999155891015305,0.999999999946943
"PPP1CB",6.98807929407931e-10,-0.915455018304549,1.11669721755329e-06,0.999156844460483,0.999999999946943
"WDR83OS",6.9793381056686e-10,-0.915722822015765,1.11390527564052e-06,0.999157899139227,0.999999999946943
"HNRNPAB",6.96089338540208e-10,-0.916288871452392,1.10802548524894e-06,0.999160124609441,0.999999999946943
"CALCOCO2",6.94832860221954e-10,-0.916675219276341,1.10402900544473e-06,0.999161640628681,0.999999999946943
"RSRC1",6.94384817756144e-10,-0.916813132466547,1.10260566344293e-06,0.999162181219783,0.999999999946943
"TMX4",6.91493995065561e-10,-0.917704830142468,1.09344416534649e-06,0.999165669177172,0.999999999946943
"USP15",6.79366296541818e-10,-0.921481417630395,1.05542598077658e-06,0.999180301999971,0.999999999946943
"SMPD1",6.73514862582944e-10,-0.923324581267257,1.03732334798778e-06,0.999187362119192,0.999999999946943
"CNOT1",6.668361728681e-10,-0.925445425634051,1.01685279349735e-06,0.999195420374041,0.999999999946943
"ASAH1",6.64365743947455e-10,-0.926234603525886,1.00933247762289e-06,0.999198401100324,0.999999999946943
"USP14",6.63926698111023e-10,-0.926375123673306,1.0079988844917e-06,0.999198930836459,0.999999999946943
"FAM65B",6.60462271177068e-10,-0.927486785657126,9.97506679992574e-07,0.999203110883245,0.999999999946943
"SPSB3",6.54462897797382e-10,-0.929423912721358,9.79467087805196e-07,0.999210349500793,0.999999999946943
"MAT2B",6.48474541370403e-10,-0.931372948360112,9.61624781510292e-07,0.999217574825765,0.999999999946943
"LGALS1",6.4665927531521e-10,-0.931966856928292,9.56248590192184e-07,0.999219765057325,0.999999999946943
"RPS27L",6.41335649889417e-10,-0.933717012641111,9.40568757371769e-07,0.999226188343018,0.999999999946943
"ANXA11",6.40024485771161e-10,-0.934150000217848,9.3672683973985e-07,0.999227770344209,0.999999999946943
"MICU2",6.38950740273312e-10,-0.934505159759467,9.33586451997808e-07,0.999229065885046,0.999999999946943
"UCP2",6.37940395527545e-10,-0.934839822839005,9.30636307794819e-07,0.999230284928927,0.999999999946943
"ABTB1",6.32838410428821e-10,-0.936536862356048,9.15810139201799e-07,0.999236440791837,0.999999999946943
"HK1",6.30731567971784e-10,-0.937241121374576,9.09722468589359e-07,0.999238982828545,0.999999999946943
"HIST1H2BK",6.30590074727607e-10,-0.937288491936411,9.09314354735671e-07,0.999239153548961,0.999999999946943
"ERCC1",6.25800679224981e-10,-0.938897413944897,8.95554139753317e-07,0.999244932253106,0.999999999946943
"SUGT1",6.20649253066798e-10,-0.940639955034622,8.80870892814981e-07,0.999251147769843,0.999999999946943
"RNASEK",6.20629612122054e-10,-0.940646622894153,8.80815141961523e-07,0.999251171467867,0.999999999946943
"RAP1GDS1",6.19395409494051e-10,-0.941065988151645,8.77315394551346e-07,0.99925266061027,0.999999999946943
"PPIG",6.17035310313562e-10,-0.941869945778528,8.70642414503463e-07,0.999255508217051,0.999999999946943
"BLOC1S6",6.15983427764763e-10,-0.94222912710664,8.67676513082874e-07,0.99925677737892,0.999999999946943
"TOMM20",6.11882435441657e-10,-0.943634587989628,8.56161626435561e-07,0.999261725481829,0.999999999946943
"AKNA",6.11863890804692e-10,-0.943640962053708,8.56109730956865e-07,0.999261747857089,0.999999999946943
"NUDT5",5.98350832131447e-10,-0.948330899019513,8.1871280711263e-07,0.999278052205033,0.999999999946943
"UBR5",5.95936229868311e-10,-0.949178613736317,8.12118424886526e-07,0.999280965573266,0.999999999946943
"PDAP1",5.95659912883587e-10,-0.94927581309151,8.11365491673074e-07,0.999281298966943,0.999999999946943
"OXLD1",5.92982055099189e-10,-0.950219834074297,8.04086715676026e-07,0.999284529969395,0.999999999946943
"NDUFB10",5.86492963226492e-10,-0.952522896992215,7.86584523215668e-07,0.999292359463554,0.999999999946943
"CMC1",5.86156436268853e-10,-0.952642938307542,7.85682105047614e-07,0.999292765504324,0.999999999946943
"FAM49B",5.85424982249299e-10,-0.952904059529697,7.83722451530388e-07,0.999293648049234,0.999999999946943
"CD3G",5.81216587700771e-10,-0.954411948310201,7.72495194067229e-07,0.999298725739836,0.999999999946943
"FCGRT",5.79617122611235e-10,-0.954987536275062,7.68249344896083e-07,0.999300655594272,0.999999999946943
"AHNAK",5.77589686495028e-10,-0.955719124043363,7.62884243373144e-07,0.999303101822462,0.999999999946943
"HBA1",5.77426078308739e-10,-0.955778258401981,7.62452115054759e-07,0.999303299225948,0.999999999946943
"TST",5.73272380520657e-10,-0.957284470136992,7.51522214461339e-07,0.999308310921549,0.999999999946943
"EHD1",5.71566067021768e-10,-0.957905964895348,7.4705514384389e-07,0.999310369695279,0.999999999946943
"CHTF8",5.6897273920117e-10,-0.958853636566986,7.40291398141487e-07,0.999313498707157,0.999999999946943
"HIST1H3B",5.65818380542773e-10,-0.960011401702293,7.32105868487697e-07,0.999317304637772,0.999999999946943
"GZMM",5.64017108483597e-10,-0.960675055330383,7.27451997819731e-07,0.999319477984953,0.999999999946943
"MRPS33",5.60348103393043e-10,-0.962032571313492,7.18018440346316e-07,0.999323904868642,0.999999999946943
"NSMCE1",5.56933506262661e-10,-0.963302921715121,7.09294314798855e-07,0.999328024793264,0.999999999946943
"PPP1R10",5.49985974652162e-10,-0.96590870419974,6.91708344002629e-07,0.999336407423963,0.999999999946943
"PRDX3",5.48061887933469e-10,-0.966635425652414,6.86877025177072e-07,0.999338728954744,0.999999999946943
"BTG2",5.46134060425442e-10,-0.967365789190467,6.82053294402829e-07,0.999341054999027,0.999999999946943
"HMGB3",5.44894714467101e-10,-0.967836504506079,6.78961229899653e-07,0.999342550347327,0.999999999946943
"HDAC1",5.42356467399803e-10,-0.968803468841773,6.72650442250329e-07,0.999345612900942,0.999999999946943
"SMCHD1",5.40361356009203e-10,-0.969566288607101,6.67710723532413e-07,0.999348020127448,0.999999999946943
"BTN3A2",5.30013772420546e-10,-0.973562382272266,6.42383082757283e-07,0.999360505133446,0.999999999946943
"PSMA4",5.28091208440724e-10,-0.974312315434805,6.37731193734194e-07,0.999362824827004,0.999999999946943
"DAP3",5.27871277403523e-10,-0.974398255091764,6.37200120030738e-07,0.999363090187542,0.999999999946943
"ETNK1",5.25631130129928e-10,-0.975275387853638,6.31803375142217e-07,0.999365793065194,0.999999999946943
"TSPYL2",5.21808837064258e-10,-0.976779547779154,6.22648068197386e-07,0.999370404900614,0.999999999946943
"FOSB",5.21637554350166e-10,-0.97684717555689,6.22239369302945e-07,0.999370611563912,0.999999999946943
"SNX5",5.18070881596222e-10,-0.978259817131038,6.13759393415632e-07,0.999374914977474,0.999999999946943
"JPX",5.12028764362594e-10,-0.980672321642474,5.99526664722059e-07,0.999382205169535,0.999999999946943
"HNRNPK",5.10923078990868e-10,-0.981116479312501,5.96940200123057e-07,0.999383539248044,0.999999999946943
"ZNF770",5.09174712412295e-10,-0.9818205135686,5.92861760018363e-07,0.999385648761602,0.999999999946943
"CHEK2",5.08533025141024e-10,-0.982079436540898,5.91368393925341e-07,0.999386422997405,0.999999999946943
"ZC3H11A",5.00702260604277e-10,-0.985262289379427,5.73295971174386e-07,0.999395871304338,0.999999999946943
"LYPLAL1",5.0034362288216e-10,-0.985409093847069,5.72474996543817e-07,0.999396304023171,0.999999999946943
"TMED3",4.96355398138613e-10,-0.987047829155718,5.63385005805985e-07,0.999401116065672,0.999999999946943
"MRPL54",4.8602698480908e-10,-0.991345565056565,5.40182549655382e-07,0.999413577942198,0.999999999946943
"GTF3C6",4.85469235578604e-10,-0.991579902566573,5.38943468133512e-07,0.999414250901525,0.999999999946943
"SNX1",4.83459572117546e-10,-0.992426206443896,5.34490649666339e-07,0.999416675686175,0.999999999946943
"STAT1",4.8183121098464e-10,-0.993114184624345,5.30896230903749e-07,0.999418640405723,0.999999999946943
"VHL",4.73696712801596e-10,-0.996581578533047,5.13121872419194e-07,0.999428455186583,0.999999999946943
"NDUFB11",4.70399431320177e-10,-0.99800183995493,5.06003314339358e-07,0.999432433562956,0.999999999946943
"MIR4435-2HG",4.67565597072993e-10,-0.999229414048444,4.99925031906297e-07,0.999435852761261,0.999999999946943
"PSMD4",4.66904816506481e-10,-0.999516584435851,4.98513006200663e-07,0.999436650034354,0.999999999946943
"CDK5RAP2",4.65993580957245e-10,-0.999913181190524,4.96569057560082e-07,0.999437749497054,0.999999999946943
"MYO1F",4.6039628795686e-10,-1.00236419417535,4.84711598775148e-07,0.999444502981269,0.999999999946943
"ATRAID",4.60286904085691e-10,-1.00241235023356,4.84481304421821e-07,0.999444634959754,0.999999999946943
"HNRNPL",4.58321695220123e-10,-1.00327923049015,4.80353120797689e-07,0.999447006107218,0.999999999946943
"PTPN7",4.57730467567176e-10,-1.00354066171134,4.79114624454678e-07,0.999447719460377,0.999999999946943
"OS9",4.57363059822533e-10,-1.0037032714446,4.78345788693648e-07,0.999448162760811,0.999999999946943
"TCEA1",4.54939191168703e-10,-1.00477889972909,4.73289083742333e-07,0.99945108731002,0.999999999946943
"RBBP6",4.53429945439402e-10,-1.00545117135931,4.70154050783725e-07,0.999452908309439,0.999999999946943
"NKG7",4.51542467078323e-10,-1.00629466594931,4.66248007000524e-07,0.999455185670203,0.999999999946943
"PSMC5",4.50494829582936e-10,-1.00676416882033,4.64087004279225e-07,0.999456449710405,0.999999999946943
"RET",4.49565697567129e-10,-1.0071813583538,4.62174647470802e-07,0.999457570766331,0.999999999946943
"TMEM123",4.49069820645336e-10,-1.00740431908231,4.61155640248903e-07,0.999458169072872,0.999999999946943
"POLR2J3",4.48547918529002e-10,-1.00763921293395,4.60084366975436e-07,0.999458798780439,0.999999999946943
"SLC44A2",4.46013781845359e-10,-1.00878314943859,4.54900425122106e-07,0.999461856374953,0.999999999946943
"GNG2",4.42831575740248e-10,-1.01022766608195,4.48432361271397e-07,0.999465695905797,0.999999999946943
"TXNL1",4.42558089299114e-10,-1.01035223226547,4.47878641496731e-07,0.999466025884307,0.999999999946943
"CIB1",4.40263205023728e-10,-1.01140014086179,4.43245736701092e-07,0.999468794805833,0.999999999946943
"TMEM30A",4.37234619867801e-10,-1.01279037497571,4.37168507395206e-07,0.999472448983407,0.999999999946943
"H1FX",4.35804855195202e-10,-1.01344960340037,4.34314085075788e-07,0.999474174083989,0.999999999946943
"BTG1",4.35363273776747e-10,-1.01365358570838,4.33434389203224e-07,0.999474706879614,0.999999999946943
"NSFL1C",4.35138572039611e-10,-1.01375745260629,4.32987092279168e-07,0.999474977996327,0.999999999946943
"CD14",4.34805081801135e-10,-1.01391169231216,4.32323663913992e-07,0.999475380373177,0.999999999946943
"LMBRD1",4.34559479935014e-10,-1.01402534933489,4.31835401402569e-07,0.999475676707204,0.999999999946943
"PET100",4.34266042135519e-10,-1.0141612166474,4.3125240159338e-07,0.999476030758279,0.999999999946943
"AP3B1",4.31056602484948e-10,-1.01565248545973,4.24901621598517e-07,0.999479903148146,0.999999999946943
"SSH2",4.28120023431564e-10,-1.01702545517151,4.1913204510676e-07,0.99948344631463,0.999999999946943
"HBB",4.27337645220789e-10,-1.0173926305097,4.17601539037609e-07,0.999484390302927,0.999999999946943
"FAM133B",4.23147217041114e-10,-1.0193692377083,4.09451779871522e-07,0.999489446316906,0.999999999946943
"TPP2",4.23143007555273e-10,-1.01937123184995,4.09443633425902e-07,0.999489451395914,0.999999999946943
"CELF2",4.22930542314349e-10,-1.01947190451956,4.09032563415703e-07,0.999489707748532,0.999999999946943
"TECR",4.21231055021141e-10,-1.02027876186535,4.05751887740621e-07,0.999491758286369,0.999999999946943
"CD3D",4.19002634350196e-10,-1.02134104010869,4.01470179660715e-07,0.999494447015453,0.999999999946943
"NENF",4.17407936842315e-10,-1.02210424627136,3.98420054828286e-07,0.999496371117859,0.999999999946943
"KLHDC2",4.16906229707601e-10,-1.0223448827766,3.97462861461286e-07,0.999496976458936,0.999999999946943
"IL32",4.13375891153844e-10,-1.02404531694497,3.90759975556959e-07,0.999501236033492,0.999999999946943
"PNKD",4.12021481824495e-10,-1.02470104040878,3.88203552038435e-07,0.999502870213173,0.999999999946943
"SMNDC1",3.93147042382199e-10,-1.03403967142564,3.53451485372108e-07,0.999525643406655,0.999999999946943
"AGTRAP",3.90853320806685e-10,-1.03520098901049,3.49339261508411e-07,0.999528410925441,0.999999999946943
"RSRC2",3.90093926411463e-10,-1.03558677890286,3.4798310793929e-07,0.999529327182358,0.999999999946943
"DNAJA2",3.88589520147045e-10,-1.03635298501565,3.45304273577526e-07,0.999531142342773,0.999999999946943
"GRHPR",3.83296537217775e-10,-1.03906941373184,3.35961550528109e-07,0.999537528658326,0.999999999946943
"MIER1",3.82359550660675e-10,-1.03955368342308,3.34321010295162e-07,0.99953865919132,0.999999999946943
"SF3B6",3.71453743562551e-10,-1.04526748536523,3.15521722805189e-07,0.999551817731025,0.999999999946943
"PSMC3",3.70674377888037e-10,-1.0456813764897,3.14199087995888e-07,0.999552758084557,0.999999999946943
"TXNRD1",3.65767968750142e-10,-1.04830450265105,3.05936382015202e-07,0.999558677974699,0.999999999946943
"PHF3",3.60045237052816e-10,-1.0514030144715,2.96438034912075e-07,0.999565582809204,0.999999999946943
"TESPA1",3.56058560873438e-10,-1.05358697525258,2.89909635399447e-07,0.999570392983926,0.999999999946943
"PTPRA",3.55914121849599e-10,-1.05366649966149,2.89674473120182e-07,0.999570567258663,0.999999999946943
"ECHS1",3.54957812843311e-10,-1.05419372816186,2.88119906279456e-07,0.99957172110543,0.999999999946943
"XBP1",3.52504097249061e-10,-1.05555217489557,2.84150303319606e-07,0.99957468166712,0.999999999946943
"TCP1",3.52289780869636e-10,-1.05567121676899,2.8380489143809e-07,0.999574940253268,0.999999999946943
"MRPS7",3.50198074896621e-10,-1.05683637295798,2.80444736968608e-07,0.999577464027661,0.999999999946943
"ARL6IP6",3.48007388333443e-10,-1.05806317326739,2.76947031205622e-07,0.999580107228345,0.999999999946943
"PACSIN2",3.45987644149623e-10,-1.05920021101112,2.73741702938942e-07,0.999582544176336,0.999999999946943
"DOCK8",3.45129601035838e-10,-1.05968500430601,2.72385637568739e-07,0.999583579459151,0.999999999946943
"YLPM1",3.43878164233388e-10,-1.06039394756067,2.7041388314175e-07,0.999585089396118,0.999999999946943
"THYN1",3.42220653320795e-10,-1.0613363959701,2.67813347247088e-07,0.999587089286962,0.999999999946943
"ARHGAP15",3.42102778294767e-10,-1.06140356995887,2.67628886910063e-07,0.999587231510572,0.999999999946943
"ARIH2",3.3999255589299e-10,-1.06260955164482,2.64337392716265e-07,0.999589777626218,0.999999999946943
"MT1X",3.38010123454755e-10,-1.06374844828099,2.61263776839096e-07,0.999592169555263,0.999999999946943
"STARD7",3.35827523222011e-10,-1.06500908000935,2.57900603484751e-07,0.999594802999308,0.999999999946943
"CIRBP",3.33144451677718e-10,-1.06656857767964,2.53796106290933e-07,0.99959804029338,0.999999999946943
"HDAC2",3.33042118826743e-10,-1.06662827322276,2.53640211812739e-07,0.999598163764382,0.999999999946943
"SLTM",3.30143585313164e-10,-1.06832578570295,2.49244458951911e-07,0.999601661026839,0.999999999946943
"HIST1H1E",3.29267484338568e-10,-1.0688414215619,2.47923375713654e-07,0.999602718097608,0.999999999946943
"ACTR10",3.29167099100218e-10,-1.06890058023794,2.47772227759404e-07,0.999602839218694,0.999999999946943
"IK",3.25538773602376e-10,-1.07104941929956,2.4234007139303e-07,0.999607217020961,0.999999999946943
"POLR2A",3.19694627195653e-10,-1.07455476237748,2.33717084748631e-07,0.999614268350145,0.999999999946943
"PHF20",3.19484821125027e-10,-1.07468163827493,2.33410422272459e-07,0.999614521494329,0.999999999946943
"ESD",3.18302017088783e-10,-1.07539827366499,2.31685346658663e-07,0.999615948621588,0.999999999946943
"TRMT1",3.14913059724478e-10,-1.07746447322888,2.26778108481387e-07,0.999620037611222,0.999999999946943
"SRSF11",3.14601299038296e-10,-1.07765551947643,2.26329314757873e-07,0.999620413770046,0.999999999946943
"UTRN",3.13329602117156e-10,-1.07843652245018,2.24503253842866e-07,0.999621948152151,0.999999999946943
"CCDC25",3.12554905191467e-10,-1.07891364920732,2.23394472730227e-07,0.999622882872588,0.999999999946943
"GMFG",3.10399294818518e-10,-1.08024669878356,2.20323710654148e-07,0.999625483751724,0.999999999946943
"HADHB",3.10036265347338e-10,-1.08047199143755,2.19808650029957e-07,0.999625921769554,0.999999999946943
"ST3GAL1",3.04938285061877e-10,-1.08366023321603,2.12639377649395e-07,0.999632072802581,0.999999999946943
"C19orf24",3.0486408355948e-10,-1.08370697964295,2.12535905947804e-07,0.999632162331349,0.999999999946943
"PNMA1",3.03174671264299e-10,-1.08477398461297,2.10186886042527e-07,0.99963420071327,0.999999999946943
"ZKSCAN1",3.0283414313172e-10,-1.08498968267652,2.09714984145472e-07,0.999634611581826,0.999999999946943
"NUTM2B-AS1",3.01720988443304e-10,-1.08569625468889,2.08176081248762e-07,0.999635954672794,0.999999999946943
"NAP1L4",3.01567516607493e-10,-1.08579384833387,2.07964355574804e-07,0.999636139846192,0.999999999946943
"CD7",3.00966647946138e-10,-1.08617636043387,2.07136449601125e-07,0.99963686483193,0.999999999946943
"YWHAE",3.00603925046207e-10,-1.08640759095896,2.06637471663009e-07,0.999637302479865,0.999999999946943
"DDOST",2.98160831659034e-10,-1.08797138055558,2.03292317914226e-07,0.999640250225317,0.999999999946943
"NARF",2.95903819900411e-10,-1.08942599855785,2.00226210830159e-07,0.999642973451613,0.999999999946943
"AFG3L2",2.91924514132443e-10,-1.09201428851716,1.94877149066204e-07,0.999647774733701,0.999999999946943
"TCF7",2.89669246069099e-10,-1.09349485643598,1.91877726229169e-07,0.999650495856131,0.999999999946943
"CDK12",2.89131451425094e-10,-1.09384939509632,1.91165914231335e-07,0.999651144739115,0.999999999946943
"COMMD1",2.88439027506896e-10,-1.09430671811982,1.90251386595458e-07,0.999651980192021,0.999999999946943
"BRD4",2.8789466360084e-10,-1.09466692341518,1.89533950678003e-07,0.999652637001231,0.999999999946943
"ACYP2",2.87587217077824e-10,-1.09487062248705,1.89129355199096e-07,0.999653007954754,0.999999999946943
"LDLRAP1",2.85972489762628e-10,-1.09594358239439,1.87011493426032e-07,0.999654956224584,0.999999999946943
"COPS6",2.85782507993521e-10,-1.09607016845063,1.86763099093591e-07,0.99965518544951,0.999999999946943
"HPS1",2.85420437249245e-10,-1.09631162130787,1.86290161694923e-07,0.999655622310583,0.999999999946943
"RSBN1L",2.85117442202752e-10,-1.0965138834224,1.8589484987728e-07,0.99965598789312,0.999999999946943
"EIF1B",2.84970080052475e-10,-1.0966123215308,1.85702741072076e-07,0.999656165694802,0.999999999946943
"DDX24",2.8193445933725e-10,-1.09865003615258,1.8176744667005e-07,0.999659828361688,0.999999999946943
"IRAK3",2.80787989717678e-10,-1.09942459202771,1.80292159460056e-07,0.99966121164923,0.999999999946943
"RNF7",2.79840614666596e-10,-1.10006671809714,1.79077605032647e-07,0.999662354716682,0.999999999946943
"ZC3HAV1",2.79521791088702e-10,-1.10028324042367,1.78669789755251e-07,0.999662739397337,0.999999999946943
"TMEM230",2.78781777948667e-10,-1.10078663397037,1.77725012083466e-07,0.999663632269631,0.999999999946943
"SHOC2",2.78146431903006e-10,-1.10121975601027,1.76915861534226e-07,0.999664398854507,0.999999999946943
"FLT3LG",2.78091954471198e-10,-1.10125693389209,1.76846567257248e-07,0.999664464584947,0.999999999946943
"CYLD",2.77890279848573e-10,-1.10139462100532,1.76590159031885e-07,0.999664707918036,0.999999999946943
"HSBP1",2.77856099840034e-10,-1.10141796496296,1.76546721154552e-07,0.999664749158361,0.999999999946943
"ORMDL1",2.7681711253141e-10,-1.10212875803611,1.75228867393304e-07,0.999666002761753,0.999999999946943
"DPY30",2.76683581415594e-10,-1.10222027770627,1.75059854267754e-07,0.999666163875425,0.999999999946943
"PLEKHJ1",2.74066046698115e-10,-1.10402208952954,1.71763252792721e-07,0.999669322095335,0.999999999946943
"FCN1",2.71998156197281e-10,-1.10545616235265,1.69181045929833e-07,0.999671817135007,0.999999999946943
"ZNF292",2.70354303348256e-10,-1.10660294901986,1.67142294220809e-07,0.999673800546641,0.999999999946943
"THRAP3",2.70125591660329e-10,-1.10676298351379,1.66859619033895e-07,0.999674076501647,0.999999999946943
"MAZ",2.67562477148203e-10,-1.10856455860272,1.6370811262485e-07,0.999677169060177,0.999999999946943
"BZW1",2.67345597860061e-10,-1.10871768782342,1.63442824983423e-07,0.999677430738651,0.999999999946943
"EPRS",2.64505320602066e-10,-1.11073312554803,1.59988442399315e-07,0.999680857711436,0.999999999946943
"FYTTD1",2.63011788291828e-10,-1.11180048775059,1.58186790195105e-07,0.999682659751914,0.999999999946943
"RANBP2",2.62428302607945e-10,-1.11221891213828,1.57485701125057e-07,0.999683363764016,0.999999999946943
"OCIAD1",2.60625148163984e-10,-1.11351710977668,1.55328956205884e-07,0.999685539383035,0.999999999946943
"HADH",2.59444576148199e-10,-1.11437131214545,1.53924934434742e-07,0.999686963817277,0.999999999946943
"PSMF1",2.59424485389617e-10,-1.11438587804087,1.53901096210743e-07,0.999686988058038,0.999999999946943
"CCDC59",2.56712944179853e-10,-1.11636082037448,1.5070071767332e-07,0.999690259702716,0.999999999946943
"CDK2",2.53868877438403e-10,-1.11845188180277,1.47380053798184e-07,0.999693691247772,0.999999999946943
"MYEOV2",2.52892754621312e-10,-1.11917426135244,1.46248883543968e-07,0.999694869001227,0.999999999946943
"TMEM160",2.52594908772834e-10,-1.11939516508023,1.45904595534775e-07,0.999695228370941,0.999999999946943
"TRPM7",2.52176016496831e-10,-1.11970622920432,1.45421073278179e-07,0.999695733790768,0.999999999946943
"MGEA5",2.50828870024433e-10,-1.12070965949653,1.43871518948927e-07,0.999697359207556,0.999999999946943
"LTB",2.50256171498438e-10,-1.12113765816138,1.43215287122875e-07,0.99969805020428,0.999999999946943
"MECOM",2.49460869603698e-10,-1.12173343180726,1.42306471127052e-07,0.999699009785943,0.999999999946943
"FAM136A",2.49330725980457e-10,-1.12183108178485,1.42158027414965e-07,0.999699166812395,0.999999999946943
"KDM5B",2.48191686270518e-10,-1.12268762882799,1.40862127981755e-07,0.999700541135312,0.999999999946943
"PAPOLA",2.47281974194244e-10,-1.12337418325039,1.39831399403546e-07,0.999701638760043,0.999999999946943
"ZNF326",2.46763539573614e-10,-1.123766426264,1.3924569196309e-07,0.999702264283959,0.999999999946943
"PDCD6",2.43373902514099e-10,-1.12634880640104,1.35446503265007e-07,0.999706354093876,0.999999999946943
"XIST",2.4157290891285e-10,-1.12773363880098,1.33449282543048e-07,0.999708527105727,0.999999999946943
"DNAJC7",2.39784843614673e-10,-1.1291174433094,1.31481073916875e-07,0.99971068451877,0.999999999946943
"CGGBP1",2.38908056429126e-10,-1.1297992818937,1.3052129553112e-07,0.999711742417558,0.999999999946943
"SNRPD3",2.38884868247092e-10,-1.12981734384248,1.30495960222397e-07,0.999711770395556,0.999999999946943
"GTF2F1",2.36915135287328e-10,-1.13135722188529,1.28352815108567e-07,0.999714147002043,0.999999999946943
"NUCB2",2.35478623706649e-10,-1.13248728167692,1.26801024682128e-07,0.999715880243459,0.999999999946943
"PAG1",2.34658655297397e-10,-1.13313501694247,1.25919485550194e-07,0.999716869586828,0.999999999946943
"KMT2A",2.30066534139882e-10,-1.13679938440116,1.21039378639254e-07,0.99972241026934,0.999999999946943
"SERP1",2.29864944341399e-10,-1.13696169984722,1.20827356373829e-07,0.99972265350009,0.999999999946943
"EWSR1",2.25550629153937e-10,-1.14046551614213,1.16334324153415e-07,0.999727858992268,0.999999999946943
"MDM4",2.20354851036373e-10,-1.1447634318213,1.11036309052674e-07,0.999734128024837,0.999999999946943
"ARID2",2.18516611331741e-10,-1.14630514070463,1.09191466661049e-07,0.999736345976477,0.999999999946943
"IGKV3-20",2.17828492858547e-10,-1.14688516027104,1.08504851940765e-07,0.999737176234627,0.999999999946943
"SRPRA",2.17499404618088e-10,-1.14716311449143,1.08177248353729e-07,0.999737573300255,0.999999999946943
"SRSF9",2.14583524934535e-10,-1.14964203357231,1.05296160548676e-07,0.999741091492208,0.999999999946943
"INPP4B",2.14227110538188e-10,-1.14994704396385,1.04946665866888e-07,0.99974152152856,0.999999999946943
"MZT2B",2.13200543168703e-10,-1.15082802755464,1.03943275660494e-07,0.999742760146561,0.999999999946943
"FAM208A",2.11647237736586e-10,-1.15216809061465,1.0243420352315e-07,0.999744634307114,0.999999999946943
"CNOT4",2.10051532109023e-10,-1.15355367133031,1.00895429322629e-07,0.999746559626168,0.999999999946943
"RBM17",2.07606717075679e-10,-1.15569441451783,9.85604294757349e-08,0.999749509449049,0.999999999946943
"AIP",2.06777283902165e-10,-1.15642567093527,9.77744627400135e-08,0.999750510212265,0.999999999946943
"SCNM1",2.05516009176306e-10,-1.15754255852107,9.6585315181241e-08,0.999752032019436,0.999999999946943
"HBG2",2.04193916461337e-10,-1.15871972087405,9.53466378695145e-08,0.999753627207331,0.999999999946943
"NDUFB5",2.022650844772e-10,-1.16044905853732,9.35538416417785e-08,0.999755954464264,0.999999999946943
"CHRAC1",2.00802838800935e-10,-1.16176965361235,9.22060636231485e-08,0.999757718755512,0.999999999946943
"CDC40",1.9986852672838e-10,-1.16261784387455,9.13500118086936e-08,0.99975884606171,0.999999999946943
"PTMA",1.97235123654953e-10,-1.16502720635482,8.89586736010419e-08,0.999762023427921,0.999999999946943
"ZSWIM7",1.92801494956354e-10,-1.16914759173609,8.50042381785639e-08,0.999767372879427,0.999999999946943
"PSMB6",1.92438158636136e-10,-1.16948890035109,8.46841574090001e-08,0.999767811267519,0.999999999946943
"RP11-160E2.6",1.87794707250259e-10,-1.17390093397185,8.06466778048851e-08,0.999773413883289,0.999999999946943
"ATP5S",1.87654899025951e-10,-1.17403524003875,8.05266438381234e-08,0.999773582570694,0.999999999946943
"LAMP2",1.87139369877093e-10,-1.1745312339263,8.00848028995253e-08,0.999774204588995,0.999999999946943
"HBG1",1.85902051797196e-10,-1.17572653272709,7.90293029863082e-08,0.999775697490981,0.999999999946943
"ALAS2",1.79074654684925e-10,-1.18244928215317,7.33310713790241e-08,0.999783935174478,0.999999999946943
"TCF12",1.72501993297823e-10,-1.18913524738935,6.80468492520595e-08,0.999791865503343,0.999999999946943
"POP5",1.72112765553291e-10,-1.1895380956199,6.77401184091099e-08,0.999792335131069,0.999999999946943
"MRPL20",1.6968208687477e-10,-1.1920719113686,6.58402966622213e-08,0.999795267897598,0.999999999946943
"DRAP1",1.69252074217567e-10,-1.192523453346,6.5507011201857e-08,0.999795786734884,0.999999999946943
"ALG13",1.67402367711928e-10,-1.19447721986939,6.40830211394133e-08,0.99979801852199,0.999999999946943
"S100A10",1.66153560252694e-10,-1.19580692867317,6.31304795802874e-08,0.999799525286647,0.999999999946943
"UBE2N",1.65381075394659e-10,-1.19663381587367,6.25448288800805e-08,0.99980045733816,0.999999999946943
"RUNX1",1.64555203848716e-10,-1.19752157390167,6.19217222657529e-08,0.999801453804066,0.999999999946943
"LAPTM4A",1.63334072501772e-10,-1.19884133862535,6.10061146874593e-08,0.999802927175756,0.999999999946943
"AHSP",1.60394476838589e-10,-1.20205392114326,5.88299669073292e-08,0.999806473982611,0.999999999946943
"ATAD2",1.59499968953933e-10,-1.20304166206846,5.81756160766197e-08,0.999807553262574,0.999999999946943
"LYZ",1.58047491691179e-10,-1.20465584091891,5.71208946417417e-08,0.999809305767649,0.999999999946943
"CCNH",1.57481555566304e-10,-1.20528827690157,5.67125502942444e-08,0.999809988605141,0.999999999946943
"C11orf58",1.56492329668946e-10,-1.20639850446471,5.60023043049329e-08,0.999811182168339,0.999999999946943
"DDX17",1.54020900447975e-10,-1.2091991493324,5.42474216895838e-08,0.999814164102975,0.999999999946943
"MBNL1",1.53728791083951e-10,-1.20953274872134,5.40418501961734e-08,0.999814516551276,0.999999999946943
"MKKS",1.51714193522258e-10,-1.21184862504124,5.26347071651936e-08,0.999816947289815,0.999999999946943
"S100A11",1.47596128992354e-10,-1.21666698882667,4.98160995040448e-08,0.999821915993419,0.999999999946943
"SLC25A37",1.46427895798433e-10,-1.21805517388765,4.90306249042668e-08,0.999823325540172,0.999999999946943
"LBH",1.46228289126964e-10,-1.21829332502313,4.889704148832e-08,0.999823566378163,0.999999999946943
"DNAJA1",1.46145491450322e-10,-1.218392194089,4.88416840022718e-08,0.999823666278763,0.999999999946943
"CALR",1.42544636228832e-10,-1.22273986015537,4.64645296711652e-08,0.999828010936847,0.999999999946943
"EXOC4",1.41852988913286e-10,-1.22358587296403,4.60147182829535e-08,0.999828845452793,0.999999999946943
"COPZ1",1.39924758512842e-10,-1.22596354652908,4.47722497340779e-08,0.999831171983934,0.999999999946943
"ARL4C",1.39858280076921e-10,-1.22604602724248,4.47297171312214e-08,0.999831252194344,0.999999999946943
"TBRG1",1.39332170882976e-10,-1.22669998382252,4.43938277789045e-08,0.999831886978146,0.999999999946943
"ISG20",1.37991843305603e-10,-1.22837577658556,4.35438291667435e-08,0.99983350416759,0.999999999946943
"C1orf162",1.37165773603109e-10,-1.22941566582788,4.302405101699e-08,0.999834500872595,0.999999999946943
"DNTTIP2",1.35214594487418e-10,-1.23189368652091,4.18087251913337e-08,0.999836855092806,0.999999999946943
"FGL2",1.34331600102994e-10,-1.23302533728754,4.12644595335778e-08,0.999837920481017,0.999999999946943
"EDF1",1.31966699298806e-10,-1.23608839466818,3.98243314902507e-08,0.999840773882446,0.999999999946943
"COPS2",1.30074301677609e-10,-1.23857404363502,3.86903618467235e-08,0.999843057179094,0.999999999946943
"NDUFS7",1.29352126643973e-10,-1.23953091367509,3.82619352024024e-08,0.999843928528654,0.999999999946943
"CD8B",1.28915127503044e-10,-1.24011218952448,3.80038460722792e-08,0.999844455795578,0.999999999946943
"HIST1H4H",1.2865945461372e-10,-1.24045306889538,3.78532521417178e-08,0.999844764280986,0.999999999946943
"ANXA2",1.24305426349321e-10,-1.2463505185487,3.53345821853774e-08,0.999850017689701,0.999999999946943
"UBE2K",1.20210534590994e-10,-1.25206328897043,3.30449304736526e-08,0.999854958433943,0.999999999946943
"CFD",1.18097694109379e-10,-1.25507742011494,3.18935323076959e-08,0.999857507708763,0.999999999946943
"CAMP",1.17989779991389e-10,-1.25523262359042,3.18352722384359e-08,0.999857637913929,0.999999999946943
"PSMA3-AS1",1.17639473793639e-10,-1.25573729090213,3.16465179556723e-08,0.999858060580371,0.999999999946943
"ACP1",1.15755018033517e-10,-1.25847476970003,3.06407533824122e-08,0.999860334294674,0.999999999946943
"VDAC2",1.15416346691896e-10,-1.25897084946712,3.04617207198622e-08,0.999860742922931,0.999999999946943
"PIN4",1.12755125636966e-10,-1.26291364526132,2.90731689349995e-08,0.99986395385338,0.999999999946943
"MFNG",1.11359906536241e-10,-1.26501321783499,2.83581242452154e-08,0.99986563727291,0.999999999946943
"S100A9",1.11237408135686e-10,-1.26519864843876,2.82957694116305e-08,0.999865785074929,0.999999999946943
"CTSS",1.09853257108876e-10,-1.26730632878609,2.75959698419343e-08,0.999867455140132,0.999999999946943
"VCAN",1.09123542496572e-10,-1.26842679912049,2.72305678314708e-08,0.999868335586672,0.999999999946943
"CDC37",1.0802888980546e-10,-1.27011991211725,2.66869911315326e-08,0.99986965635394,0.999999999946943
"MAP4",1.08025039329382e-10,-1.27012589398692,2.66850887554209e-08,0.999869660999781,0.999999999946943
"CD2",1.07544269941063e-10,-1.2708742499788,2.64480913874217e-08,0.999870241078264,0.999999999946943
"PSMB2",1.06066842558406e-10,-1.27319233838322,2.57264029101537e-08,0.999872023687254,0.999999999946943
"EID1",1.05554698667346e-10,-1.27400245218041,2.54785627647749e-08,0.999872641621046,0.999999999946943
"UBE2D2",1.05030911821643e-10,-1.27483452724682,2.52263290912654e-08,0.999873273602794,0.999999999946943
"TMEM179B",1.03365482329948e-10,-1.27750438953062,2.44326659043998e-08,0.999875283048146,0.999999999946943
"PIAS1",1.03241948521593e-10,-1.27770391483578,2.43743010303066e-08,0.99987543209945,0.999999999946943
"BRD2",1.02485624932605e-10,-1.27893003658055,2.40184895677496e-08,0.999876344651394,0.999999999946943
"GRN",1.01544532462259e-10,-1.28046673651842,2.35794067438307e-08,0.999877480138607,0.999999999946943
"KDM5C",1.01505261256304e-10,-1.28053113092076,2.35611721297625e-08,0.999877527521785,0.999999999946943
"MORF4L1",1.00748542925466e-10,-1.28177620057323,2.32111860760286e-08,0.99987844055001,0.999999999946943
"ATP6V0A2",9.99540490557898e-11,-1.28309220921119,2.28465469077881e-08,0.999879399156798,0.999999999946943
"STT3B",9.8787986577291e-11,-1.28504026185379,2.23166012474791e-08,0.999880806084465,0.999999999946943
"STK17B",9.83414039726994e-11,-1.28579163406576,2.21152877161948e-08,0.999881344914445,0.999999999946943
"CYBB",9.76468846043924e-11,-1.28696607648763,2.18040198650354e-08,0.999882182895714,0.999999999946943
"NCF1",9.6804839542657e-11,-1.28839977200202,2.14295930731019e-08,0.999883198876004,0.999999999946943
"PPHLN1",9.50525570483731e-11,-1.291418385422,2.06608124036534e-08,0.999885313114966,0.999999999946943
"UBTF",9.4803606295514e-11,-1.29185116669043,2.05527292695003e-08,0.999885613489696,0.999999999946943
"SREK1",9.43600548217939e-11,-1.29262470166953,2.03608617226624e-08,0.999886148662427,0.999999999946943
"BCCIP",9.4351242184294e-11,-1.29264010255497,2.03570587466058e-08,0.999886159295428,0.999999999946943
"LRPAP1",9.40034748989794e-11,-1.29324885878708,2.02072679909671e-08,0.999886578898516,0.999999999946943
"TPGS2",9.39944339542046e-11,-1.29326471080057,2.02033812408495e-08,0.999886589806984,0.999999999946943
"TFRC",9.36059154076922e-11,-1.29394717930517,2.00367082673038e-08,0.999887058579029,0.999999999946943
"TAF11",9.33259273156515e-11,-1.29444053345594,1.99170224654781e-08,0.99988739640226,0.999999999946943
"CRHBP",9.29585964877768e-11,-1.2950897465421,1.9760544230424e-08,0.999887839609991,0.999999999946943
"DDX46",9.09731905898618e-11,-1.29863783243752,1.89254684587133e-08,0.999890235126994,0.999999999946943
"AAK1",9.09356655599355e-11,-1.29870553889487,1.89098587544298e-08,0.999890280403301,0.999999999946943
"TERT",9.0905822525971e-11,-1.29875940206959,1.8897449212941e-08,0.999890316410797,0.999999999946943
"UBL5",8.81938745479647e-11,-1.30371957516999,1.77867512096771e-08,0.999893588546485,0.999999999946943
"COX6B1",8.79365753613655e-11,-1.30419704150414,1.76831195047441e-08,0.999893898994126,0.999999999946943
"FBXL5",8.70391274574111e-11,-1.30587198974404,1.73240266367606e-08,0.999894981821429,0.999999999946943
"UQCRFS1",8.69625936718158e-11,-1.30601552249377,1.72935738862189e-08,0.999895074164252,0.999999999946943
"ASCC3",8.68712852158845e-11,-1.30618690772726,1.72572773480861e-08,0.999895184333643,0.999999999946943
"RWDD1",8.62032809360056e-11,-1.30744553500006,1.69928951055375e-08,0.999895990322793,0.999999999946943
"XRCC5",8.54271169970183e-11,-1.30891865288258,1.66882687630408e-08,0.99989692681337,0.999999999946943
"PPP1R2",7.92236141626683e-11,-1.32113018264145,1.43525506209567e-08,0.999904411729456,0.999999999946943
"CYTIP",7.79706922697636e-11,-1.32369705977114,1.3902169066798e-08,0.999905923458473,0.999999999946943
"WAC",7.78271481780861e-11,-1.32399342694528,1.38510283818478e-08,0.999906096653442,0.999999999946943
"RSBN1",7.67154992709443e-11,-1.32630482286523,1.34581702215236e-08,0.999907437927722,0.999999999946943
"PPIA",7.25305721480581e-11,-1.33527612879096,1.20298993045214e-08,0.999912487305343,0.999999999946943
"JUN",7.18755749487284e-11,-1.33672080711523,1.18136050869342e-08,0.999913277600635,0.999999999946943
"C1D",7.04411775968288e-11,-1.33992498562469,1.13467895679606e-08,0.999915008291201,0.999999999946943
"EIF6",7.03944222048103e-11,-1.34003038045403,1.13317316843547e-08,0.999915064704521,0.999999999946943
"MNDA",6.77264704248782e-11,-1.34614771978523,1.04890624508963e-08,0.999918283756043,0.999999999946943
"ATP5H",6.76881471916866e-11,-1.346237107601,1.04771952723941e-08,0.999918329995432,0.999999999946943
"ARHGEF1",6.74426205272218e-11,-1.34681083810644,1.04013248165445e-08,0.999918626238786,0.999999999946943
"RBM42",6.714994049604e-11,-1.34749713208141,1.031124366382e-08,0.999918979375641,0.999999999946943
"NDUFB1",6.68271895896132e-11,-1.34825696143626,1.0212361507928e-08,0.999919368794897,0.999999999946943
"TMC8",6.64117787918993e-11,-1.34923964572603,1.00857920769091e-08,0.999919870014136,0.999999999946943
"CCDC53",6.47152826016253e-11,-1.35330917009399,9.57708825238245e-09,0.999921916943427,0.999999999946943
"NDUFA1",6.46376322690966e-11,-1.35349764809348,9.55411939850044e-09,0.999922010633435,0.999999999946943
"LSM6",6.34423033813903e-11,-1.35642416586576,9.20402246932559e-09,0.999923452872874,0.999999999946943
"EGLN1",6.11245382181781e-11,-1.36223810584838,8.54379791903802e-09,0.999926249402234,0.999999999946943
"CUTA",6.03819899821028e-11,-1.36414131484137,8.33747661781117e-09,0.999927145333356,0.999999999946943
"SF3A2",5.94073402746792e-11,-1.36667055951092,8.07049185336076e-09,0.999928321309493,0.999999999946943
"THUMPD3-AS1",5.60587304224453e-11,-1.37564452679858,7.18631585158341e-09,0.99993236161777,0.999999999946943
"PRELID1",5.56951816044953e-11,-1.37664666992217,7.09340953177837e-09,0.999932800262272,0.999999999946943
"SERPINA1",5.51284134248404e-11,-1.37822040769842,6.94977545770453e-09,0.999933484103707,0.999999999946943
"UBE2G1",5.34742269968849e-11,-1.38289542655036,6.53896203702507e-09,0.999935479983614,0.999999999946943
"DEF6",5.26819434391186e-11,-1.38517926974679,6.34663263931558e-09,0.999936435923529,0.999999999946943
"MRPS16",5.1970252504604e-11,-1.38725641302597,6.17631502509908e-09,0.999937294623378,0.999999999946943
"ERGIC2",5.06580802023341e-11,-1.39115185840387,5.86836664411522e-09,0.999938877841744,0.999999999946943
"STUB1",5.05789368530714e-11,-1.39138960703923,5.85004461576402e-09,0.99993897333317,0.999999999946943
"C11orf31",4.77581329154163e-11,-1.40008227136946,5.21572235933003e-09,0.999942376810438,0.999999999946943
"MARCH6",4.7474006882829e-11,-1.40098242305459,5.15384748138911e-09,0.999942719626356,0.999999999946943
"NDUFA3",4.71442889654224e-11,-1.40203290976426,5.08250676678429e-09,0.99994311745175,0.999999999946943
"CYTH1",4.36980980572145e-11,-1.41341286306933,4.36661452621045e-09,0.999947275497711,0.999999999946943
"CHCHD3",4.02301421997044e-11,-1.42568196638514,3.70103268691828e-09,0.999951459804453,0.999999999946943
"TTC19",3.76277452359805e-11,-1.43550862314381,3.2376967941387e-09,0.99995459975998,0.999999999946943
"TMEM14C",3.68484946219959e-11,-1.43856612000377,3.10498342318432e-09,0.999955539974831,0.999999999946943
"CBR1",3.47073561641995e-11,-1.44726649711392,2.75462732001525e-09,0.999958123392976,0.999999999946943
"EIF2AK2",3.27840852094736e-11,-1.4554892187074,2.45779652070668e-09,0.999960443940284,0.999999999946943
"CCDC90B",3.24385668733085e-11,-1.45701071767921,2.40626305632835e-09,0.999960860829877,0.999999999946943
"ZNF207",3.21783370197681e-11,-1.45816598175265,2.3678106920666e-09,0.999961174813554,0.999999999946943
"CARD16",3.16638937921751e-11,-1.46047391794535,2.29270630715292e-09,0.999961795521647,0.999999999946943
"DGUOK",3.05881486078804e-11,-1.46540738481334,2.13956836719367e-09,0.999963093475835,0.999999999946943
"SNX2",2.7583699174181e-11,-1.48003240808089,1.73990205473456e-09,0.999966718532944,0.999999999946943
"SCAF11",2.75709553223144e-11,-1.48009733707479,1.73829473355121e-09,0.999966733909203,0.999999999946943
"SERPINB6",2.62181493351077e-11,-1.48714295314908,1.57189615293612e-09,0.999968366154667,0.999999999946943
"LSM4",2.57292652231099e-11,-1.4897670918066,1.51382109570876e-09,0.999968956024081,0.999999999946943
"TNFAIP3",2.35068063143481e-11,-1.50227242591108,1.26359251106083e-09,0.999971637560464,0.999999999946943
"MGAT4A",2.32280118025848e-11,-1.50391303911554,1.23379743060983e-09,0.999971973943569,0.999999999946943
"PSMB5",1.99923030505306e-11,-1.52432491972142,9.13998405598086e-10,0.999975878029584,0.999999999946943
"RNF149",1.9042005392563e-11,-1.53086624749268,8.29173002157218e-10,0.999977024623447,0.999999999946943
"FLT4",1.80861949445054e-11,-1.53773850620896,7.480217065752e-10,0.999978177868838,0.999999999946943
"BLVRB",1.65237541591302e-11,-1.54968462916911,6.24363110044808e-10,0.999980063051866,0.999999999946943
"C19orf70",1.58525517609465e-11,-1.55512076994426,5.74669496305037e-10,0.999980872899753,0.999999999946943
"CHD4",1.49101331342281e-11,-1.56310172299202,5.0837341114852e-10,0.99998200998707,0.999999999946943
"TMEM59",1.4383385263372e-11,-1.56775574360514,4.73088086995386e-10,0.999982645541489,0.999999999946943
"CHMP5",1.41791494529382e-11,-1.56960021529598,4.59748314474916e-10,0.999982891964833,0.999999999946943
"CPA3",1.41717286999137e-11,-1.56966766684795,4.5926721566938e-10,0.999982900918438,0.999999999946943
"EIF2AK4",1.34690426501383e-11,-1.57619843399104,4.14852051110433e-10,0.999983748753331,0.999999999946943
"SMARCE1",1.26976981839263e-11,-1.58371779313183,3.68697154063551e-10,0.999984679428918,0.999999999946943
"EAPP",1.18579507157889e-11,-1.59236993105462,3.21543005909726e-10,0.999985692637028,0.999999999946943
"KDM5A",1.14203007071787e-11,-1.59709259933918,2.98246162457753e-10,0.999986220689276,0.999999999946943
"LYPLA1",1.0493952261688e-11,-1.60763197736622,2.51824484636576e-10,0.999987338386909,0.999999999946943
"UPF3A",1.01590872520275e-11,-1.61164178548435,2.36009326767656e-10,0.999987742422594,0.999999999946943
"ROMO1",1.00077530300497e-11,-1.61349176287363,2.29030301149e-10,0.999987925016846,0.999999999946943
"TIA1",9.0677728252818e-12,-1.62556002522796,1.88027359778115e-10,0.999989059162053,0.999999999946943
"SMC5",8.06340525581906e-12,-1.63972289995979,1.48681440538788e-10,0.999990270994664,0.999999999946943
"ATP6V1B2",7.40904862085718e-12,-1.64980036610426,1.25529175122537e-10,0.999991060517079,0.999999999946943
"EREG",3.88373479418191e-12,-1.72316012935522,3.4492042869352e-11,0.999995314029825,0.999999999946943
"UFM1",3.63262658596942e-12,-1.73040561528971,3.01759741877527e-11,0.999995617007664,0.999999999946943
"LGALS3",2.28735277617403e-12,-1.77885587545749,1.19642667302427e-11,0.999997240165084,0.999999999946943
"LUC7L",2.26109136998829e-12,-1.78002848823626,1.16911170927719e-11,0.999997271851122,0.999999999946943
"NBPF14",2.14120334439594e-12,-1.78553699504884,1.04842075902616e-11,0.999997416503561,0.999999999946943
"DARS",2.00317808726868e-12,-1.79222147173036,9.17611625321054e-12,0.999997583039711,0.999999999946943
"GIMAP7",1.99740485648637e-12,-1.79250970099384,9.12330068176984e-12,0.999997590005476,0.999999999946943
"MGST3",1.92786154272673e-12,-1.7960398357067,8.49907116107228e-12,0.999997673913856,0.999999999946943
"RPAIN",1.55177693633957e-12,-1.81730610211416,5.50653458139213e-12,0.999998127683576,0.999999999946943
"AP3S1",1.31912354420991e-12,-1.83283556154231,3.97915383263161e-12,0.999998408394519,0.999999999946943
"CD3E",1.16070167623713e-12,-1.8448385460968,3.08078228730016e-12,0.999998599540462,0.999999999946943
"MS4A7",1.05988923708276e-12,-1.85324208538808,2.56886185208966e-12,0.999998721177007,0.999999999946943
"SPOCK2",9.80410450806519e-13,-1.86037265712846,2.19804029353006e-12,0.999998817073159,0.999999999946943
"UTP18",9.48141748042271e-13,-1.86341205866616,2.055731187588e-12,0.999998856007377,0.999999999946943
"SYNRG",4.18776309085888e-13,-1.93366198291131,4.01036586660642e-13,0.999999494720057,0.999999999946943
"PRRC2C",3.14838047980693e-13,-1.95647969893142,2.26670085045418e-13,0.999999620128103,0.999999999946943
"GPATCH8",2.38989612445344e-13,-1.97773615726836,1.30610422821014e-13,0.999999711644009,0.999999999946943
"SESN3",2.34131128923869e-13,-1.97928973515609,1.25353973190222e-13,0.999999717506075,0.999999999946943
"GIMAP4",1.31266568239084e-13,-2.02139600880932,3.94028874616635e-14,0.999999841618634,0.999999999946943
"SYNE2",1.23846324966755e-13,-2.02545736604248,3.50740593893119e-14,0.999999850571624,0.999999999946943
"IL7R",1.00996082808099e-13,-2.03945264286052,2.33253862960162e-14,0.999999878141877,0.999999999946943
"PDZD8",2.46465288737315e-14,-2.12670379275684,1.3890929667196e-15,0.999999970262413,0.999999999946943
"LCK",2.44159816264237e-14,-2.12723312418135,1.3632269535925e-15,0.999999970540583,0.999999999946943
"HBM",5.15833126363902e-15,-2.20645680004649,6.08468700124884e-17,0.999999993776149,0.999999999946943
"TRA2A",4.7508663186761e-15,-2.21022004950222,5.16137490579869e-17,0.999999994267781,0.999999999946943
"MMP9",4.44536068836437e-15,-2.21323050074436,4.51891106884025e-17,0.999999994636393,0.999999999946943
"PDGFRB",4.43620974596374e-15,-2.21332341892447,4.50032552081738e-17,0.999999994647434,0.999999999946943
"COL1A1",4.43262209762818e-15,-2.21335989321575,4.49304946415398e-17,0.999999994651763,0.999999999946943
"BTF3L4",4.28197504347554e-15,-2.21491514402795,4.19283767388494e-17,0.999999994833528,0.999999999946943
"CDC25A",4.26468714331728e-15,-2.2150966531307,4.15904997853789e-17,0.999999994854387,0.999999999946943
"SKAP1",3.92533296603724e-15,-2.21879590427849,3.52348793461033e-17,0.999999995263839,0.999999999946943
"NOS2",3.76858766100095e-15,-2.2205993689719,3.24770840376368e-17,0.999999995452962,0.999999999946943
"CLEC2D",3.65066515181474e-15,-2.22199967766618,3.04764084767048e-17,0.999999995595243,0.999999999946943
"DUSP2",3.61110398671896e-15,-2.22247828032868,2.98194600200416e-17,0.999999995642976,0.999999999946943
"PGR",3.39582528489014e-15,-2.22516554572658,2.63700201006583e-17,0.999999995902723,0.999999999946943
"GZMK",3.31824557807146e-15,-2.22617037235337,2.51789046995662e-17,0.999999995996328,0.999999999946943
"ATP12A",3.27328977182458e-15,-2.2267620387834,2.45012754221157e-17,0.99999999605057,0.999999999946943
"CFTR",3.25185562259341e-15,-2.22704662736515,2.41814476089016e-17,0.999999996076432,0.999999999946943
"GNLY",3.24748585803854e-15,-2.22710484639261,2.41165023909261e-17,0.999999996081704,0.999999999946943
"RBL2",3.21310243138897e-15,-2.22756533474614,2.36085289482679e-17,0.99999999612319,0.999999999946943
"LINC00861",3.18769791456074e-15,-2.2279083325199,2.32366813286338e-17,0.999999996153842,0.999999999946943
"PON1",3.15851892760337e-15,-2.22830523752637,2.28132286322678e-17,0.999999996189048,0.999999999946943
"CCR5",3.11152403857059e-15,-2.22895123832955,2.21394132349959e-17,0.999999996245751,0.999999999946943
"ESR1",3.06884394126071e-15,-2.22954532375254,2.15362157526877e-17,0.999999996297247,0.999999999946943
"DHRS4",3.04996375524009e-15,-2.22981042212132,2.12720400576807e-17,0.999999996320027,0.999999999946943
"LEF1",3.04352422924877e-15,-2.22990116659758,2.11823096491659e-17,0.999999996327797,0.999999999946943
"PRTN3",3.03571935882486e-15,-2.2300113753803,2.10738083275661e-17,0.999999996337214,0.999999999946943
"IGLV2-14",3.02221853342073e-15,-2.23020259723911,2.08867810626341e-17,0.999999996353503,0.999999999946943
"SAMHD1",2.99339316518337e-15,-2.23061337126027,2.04902525283857e-17,0.999999996388283,0.999999999946943
"MET",2.91589224355565e-15,-2.23173510430796,1.94429754007745e-17,0.999999996481793,0.999999999946943
"AVP",2.90890338621361e-15,-2.2318375300562,1.93498846241952e-17,0.999999996490225,0.999999999946943
"IGKV3-11",2.83020583732644e-15,-2.23300591191144,1.83170626210285e-17,0.999999996585179,0.999999999946943
"PTBP1",2.73178616118448e-15,-2.23450754137342,1.7065270894652e-17,0.999999996703928,0.999999999946943
"KLRD1",2.65926439349724e-15,-2.23564445233913,1.61712213812072e-17,0.99999999679143,0.999999999946943
"BAD",2.58050178264568e-15,-2.23691016862924,1.52274826121446e-17,0.999999996886462,0.999999999946943
"CYP1A1",2.57700117538859e-15,-2.23696719965942,1.51861966262421e-17,0.999999996890686,0.999999999946943
"SHH",2.53129332102534e-15,-2.23771811294698,1.46522638923572e-17,0.999999996945836,0.999999999946943
"ANKRD44",2.48953715968994e-15,-2.23841448700276,1.41728441537368e-17,0.999999996996217,0.999999999946943
"MT-CO1",2.4321726848108e-15,-2.23938791889925,1.35272214199918e-17,0.999999997065431,0.999999999946943
"TTR",2.42707789108924e-15,-2.23947533636407,1.34706084831073e-17,0.999999997071578,0.999999999946943
"ILF3-AS1",2.39353045413627e-15,-2.24005496888982,1.31007965004621e-17,0.999999997112055,0.999999999946943
"USP48",2.37180895610856e-15,-2.24043405357231,1.2864093699439e-17,0.999999997138263,0.999999999946943
"IGKC",2.36101874533572e-15,-2.24062348882684,1.27473131786079e-17,0.999999997151283,0.999999999946943
"SH3KBP1",2.35680598149805e-15,-2.24069765347317,1.2701863721341e-17,0.999999997156365,0.999999999946943
"EMC6",2.35492303773993e-15,-2.24073083951976,1.26815758052967e-17,0.999999997158637,0.999999999946943
"CCDC47",2.27638024497991e-15,-2.24213611816334,1.18497558271319e-17,0.999999997253404,0.999999999946943
"PPARG",2.24821654359122e-15,-2.24265030685531,1.1558355926514e-17,0.999999997287385,0.999999999946943
"KNG1",2.23971237161421e-15,-2.2428066701204,1.14710793325814e-17,0.999999997297646,0.999999999946943
"FIS1",2.20296262771186e-15,-2.24348837015219,1.10977271914588e-17,0.999999997341987,0.999999999946943
"EGFR",2.19215879636227e-15,-2.2436906603923,1.09891425355701e-17,0.999999997355023,0.999999999946943
"DEFA3",2.17190766771656e-15,-2.24407218888187,1.0787045299444e-17,0.999999997379457,0.999999999946943
"IGFBP3",2.16402762520099e-15,-2.24422148456145,1.07089129041725e-17,0.999999997388965,0.999999999946943
"DNAJC8",2.15846126621706e-15,-2.24432723034759,1.06538923598555e-17,0.999999997395681,0.999999999946943
"MON2",2.15379087926249e-15,-2.2444161382584,1.06078373587655e-17,0.999999997401316,0.999999999946943
"IDO1",2.14930168010774e-15,-2.24450175519653,1.05636630923852e-17,0.999999997406732,0.999999999946943
"TEK",2.14046266287218e-15,-2.24467078648697,1.04769554852558e-17,0.999999997417397,0.999999999946943
"KLF1",2.10192646666969e-15,-2.24541489540634,1.01031039820796e-17,0.999999997463894,0.999999999946943
"DEFA4",2.07127493399263e-15,-2.24601527839072,9.81059357284426e-18,0.999999997500877,0.999999999946943
"MS4A1",1.9689830607078e-15,-2.24807646367442,8.86551043252795e-18,0.999999997624298,0.999999999946943
"F8",1.96419894328189e-15,-2.24817512557962,8.82248099593489e-18,0.999999997630071,0.999999999946943
"GZMA",1.92564331491015e-15,-2.24897797242554,8.4795240831944e-18,0.99999999767659,0.999999999946943
"LTF",1.90127080988376e-15,-2.24949272653537,8.26623497866805e-18,0.999999997705997,0.999999999946943
"C1QA",1.87381745716758e-15,-2.25007946900167,8.02923828578376e-18,0.999999997739121,0.999999999946943
"RNF5",1.86429339869973e-15,-2.2502847682499,7.9478252377285e-18,0.999999997750613,0.999999999946943
"HBD",1.8554236404647e-15,-2.2504767856088,7.87237832523602e-18,0.999999997761315,0.999999999946943
"MTRNR2L12",1.81284358576534e-15,-2.25140985062919,7.51519846244991e-18,0.99999999781269,0.999999999946943
"ABL1",1.79998338775891e-15,-2.25169540717802,7.40895196948934e-18,0.999999997828207,0.999999999946943
"AR",1.77508198592611e-15,-2.25225341701408,7.2053755040743e-18,0.999999997858252,0.999999999946943
"KDR",1.64093570637694e-15,-2.25538212228991,6.15747866802941e-18,0.999999998020108,0.999999999946943
"CTSK",1.59133322945644e-15,-2.2565955762302,5.79084644043901e-18,0.999999998079956,0.999999999946943
"PRPF38B",1.58289780794063e-15,-2.25680520205797,5.72961632076022e-18,0.999999998090134,0.999999999946943
"ANKRD36B",1.57634728003796e-15,-2.25696865838908,5.68229254310206e-18,0.999999998098038,0.999999999946943
"PARP8",1.51292842018386e-15,-2.25858247400927,5.2342751406267e-18,0.999999998174557,0.999999999946943
"CCL4",1.49408440299361e-15,-2.25907333673841,5.1046979507316e-18,0.999999998197293,0.999999999946943
"NOD2",1.47118504769361e-15,-2.25967713700561,4.94942092479194e-18,0.999999998224923,0.999999999946943
"NFKB1",1.3888841045461e-15,-2.26191694894358,4.4111497399829e-18,0.999999998324224,0.999999999946943
"JCHAIN",1.3304834216804e-15,-2.26357744982349,4.04798337615474e-18,0.999999998394688,0.999999999946943
"ALPL",1.32723039081019e-15,-2.26367179482001,4.02821294304274e-18,0.999999998398613,0.999999999946943
"RP11-290D2.6",1.31000464110258e-15,-2.26417475764719,3.924329399793e-18,0.999999998419397,0.999999999946943
"CXCL12",1.29322946666227e-15,-2.26467012446785,3.82446744659076e-18,0.999999998439637,0.999999999946943
"ALK",1.22886202786853e-15,-2.26662428709508,3.45323421008101e-18,0.999999998517301,0.999999999946943
"ARG1",1.2101305269438e-15,-2.26720968911081,3.34876150543489e-18,0.999999998539901,0.999999999946943
"AZU1",1.19842803625549e-15,-2.26757943163756,3.28430670024208e-18,0.999999998554021,0.999999999946943
"MBD4",1.18863395740294e-15,-2.26789129958972,3.23084446903983e-18,0.999999998565838,0.999999999946943
"USP3",1.10846930841464e-15,-2.27053154148707,2.80974644846616e-18,0.999999998662562,0.999999999946943
"LMO4",1.09273628237891e-15,-2.27106912452157,2.73055238013514e-18,0.999999998681545,0.999999999946943
"CXCR2",1.07965968845245e-15,-2.2715210878992,2.66559127394971e-18,0.999999998697323,0.999999999946943
"MAP2K1",1.01645004915108e-15,-2.27377532432821,2.36260907515103e-18,0.999999998773589,0.999999999946943
"NBEAL1",1.01454789350458e-15,-2.27384503132334,2.35377471053503e-18,0.999999998775884,0.999999999946943
"IL2",9.86184419057161e-16,-2.27489816932678,2.22400653424519e-18,0.999999998810106,0.999999999946943
"XDH",9.85124640304298e-16,-2.27493802722653,2.21922915507756e-18,0.999999998811385,0.999999999946943
"C9orf78",9.58627723999842e-16,-2.27594689576225,2.10145335749227e-18,0.999999998843355,0.999999999946943
"GYPA",9.56607560302865e-16,-2.27602480475301,2.0926056963339e-18,0.999999998845793,0.999999999946943
"TRAC",9.5028187823276e-16,-2.27626968815747,2.06502198754229e-18,0.999999998853425,0.999999999946943
"UQCRHL",9.01308762116e-16,-2.27821508508858,1.85766317322701e-18,0.999999998912514,0.999999999946943
"APOB",8.5098259686252e-16,-2.28031249156203,1.65600308906476e-18,0.999999998973236,0.999999999946943
"ALOX5AP",7.9334257259994e-16,-2.28285162261666,1.4392667941375e-18,0.999999999042782,0.999999999946943
"RASSF5",7.53013846633801e-16,-2.28472539701186,1.29665879410583e-18,0.999999999091441,0.999999999946943
"IGHG1",6.7859843575668e-16,-2.28842479396735,1.05304151680345e-18,0.999999999181228,0.999999999946943
"IGKV1-5",6.47750095420934e-16,-2.29006272917156,9.5947741564326e-19,0.999999999218449,0.999999999946943
"ACHE",6.06414092943291e-16,-2.29236734381357,8.40927116093428e-19,0.999999999268323,0.999999999946943
"C1QB",5.95448621199387e-16,-2.29300160947333,8.10789980808661e-19,0.999999999281554,0.999999999946943
"HLF",5.9143117878659e-16,-2.29323653177401,7.99886223312489e-19,0.999999999286401,0.999999999946943
"IGKV4-1",5.76386076147304e-16,-2.29412881910797,7.59708083274463e-19,0.999999999304554,0.999999999946943
"PLAT",5.59842981603423e-16,-2.29513364546824,7.16724518633437e-19,0.999999999324514,0.999999999946943
"C5AR1",5.57893458316744e-16,-2.29525375492572,7.11741556092963e-19,0.999999999326866,0.999999999946943
"CYP3A4",5.28173412820551e-16,-2.29713153415008,6.37929751773815e-19,0.999999999362726,0.999999999946943
"TLR9",4.44182378335511e-16,-2.30298485110447,4.51172308029302e-19,0.999999999464066,0.999999999946943
"PLG",4.34032897943532e-16,-2.30375613942082,4.30789473372162e-19,0.999999999476312,0.999999999946943
"ZFC3H1",4.33282480117992e-16,-2.30381378666761,4.29301140842513e-19,0.999999999477217,0.999999999946943
"CD79A",4.12363959843623e-16,-2.30545678334061,3.88849180700189e-19,0.999999999502457,0.999999999946943
"ETS1",4.09271969735889e-16,-2.30570575790378,3.83039700128918e-19,0.999999999506188,0.999999999946943
"ATM",4.08943210659337e-16,-2.30573232652976,3.82424572732405e-19,0.999999999506584,0.999999999946943
"FCGR3A",3.93696108124265e-16,-2.30698541585051,3.54439429312043e-19,0.999999999524981,0.999999999946943
"BOD1L1",3.44651976810509e-16,-2.31132452464532,2.71632251260717e-19,0.999999999584156,0.999999999946943
"CLC",3.30770522692505e-16,-2.31265017573749,2.50191980231265e-19,0.999999999600905,0.999999999946943
"ELANE",3.05694567971124e-16,-2.31517265926505,2.1369542705856e-19,0.99999999963116,0.999999999946943
"EHMT1",2.83958341891542e-16,-2.31750930499973,1.84386469363407e-19,0.999999999657386,0.999999999946943
"ZMAT2",2.71978454595411e-16,-2.31886449295891,1.69156538286522e-19,0.999999999671841,0.999999999946943
"S100A8",2.38359774234576e-16,-2.3229657345733,1.29922903101725e-19,0.999999999712404,0.999999999946943
"PSMD5-AS1",2.02828811120658e-16,-2.32788840456086,9.40760502729137e-20,0.999999999755274,0.999999999946943
"ABCB1",1.69056870415594e-16,-2.33331985249031,6.53559956973305e-20,0.999999999796022,0.999999999946943
"CD164",1.5153314635858e-16,-2.33652195508366,5.25091595375252e-20,0.999999999817166,0.999999999946943
"VEGFA",1.33983393789504e-16,-2.34006963058656,4.10508102852872e-20,0.999999999838341,0.999999999946943
"F2",1.23986209878704e-16,-2.3422756575895,3.51533367125784e-20,0.999999999850403,0.999999999946943
"S100A12",9.58914009659671e-17,-2.34942845424753,2.10270870569391e-20,0.999999999884301,0.999999999946943
"FLT1",6.59953831730378e-17,-2.35941160848148,9.95971462766158e-21,0.999999999920372,0.999999999946943
"SHISA5",6.43181887144246e-17,-2.36008171551696,9.45991853885785e-21,0.999999999922396,0.999999999946943
"F10",4.39737876720529e-17,-2.36972302596542,4.42188593572054e-21,0.999999999946943,0.999999999946943
