"gene","distance","Z","FC","p.value","p.adj"
"GSK3B",9.0302571899119e-05,7.10598717676765,769197.620435975,0,0
"PRSS57",6.35384107211255e-07,2.16519783743528,38.0811792152061,6.78615711362443e-10,1.01792356704366e-06
"MYLK",4.63062672218592e-07,1.95528531029571,20.2263370569312,6.87991960552451e-06,0.00296559213856868
"ANKRD28",4.59765809412601e-07,1.95065560777494,19.9393518190972,7.99379123659914e-06,0.00296559213856868
"RAB27B",4.58285050374393e-07,1.94856698390087,19.8111220599031,8.54838158033401e-06,0.00296559213856868
"TLN1",4.57063906187992e-07,1.94684020921177,19.7056854751834,9.03322150080158e-06,0.00296559213856868
"PDE5A",4.54088964659448e-07,1.94261690859003,19.4499992244058,1.03267881474514e-05,0.00296559213856868
"TREML1",4.5263866422337e-07,1.940549453908,19.3259561505554,1.10198114035816e-05,0.00296559213856868
"GP9",4.52235920241653e-07,1.93997432469931,19.2915801662447,1.12200040566765e-05,0.00296559213856868
"GP6",4.47179650109277e-07,1.93271637173013,18.862608742111,1.4047943566744e-05,0.00296559213856868
"ARHGAP18",4.46515795428732e-07,1.93175825317217,18.806645835976,1.44662169718529e-05,0.00296559213856868
"GUCY1B3",4.44953199488467e-07,1.92949820241812,18.675247269373,1.54981397590645e-05,0.00296559213856868
"TUBA4A",4.44707486184849e-07,1.92914220012616,18.6546271695528,1.56666592307203e-05,0.00296559213856868
"LIMS1",4.43444937993055e-07,1.92731030119336,18.5488545737548,1.65604713067161e-05,0.00296559213856868
"ARHGAP6",4.41586495058656e-07,1.92460566765239,18.3937067748788,1.79650341683417e-05,0.00296559213856868
"SDPR",4.40251581155884e-07,1.92265693333076,18.2826666872143,1.90432044881939e-05,0.00296559213856868
"TPM4",4.40229228008837e-07,1.92262425882868,18.2808101816189,1.90617726340728e-05,0.00296559213856868
"PRKAR2B",4.4012683810346e-07,1.92247457324099,18.2723075532857,1.9147045739715e-05,0.00296559213856868
"ILK",4.3856571774125e-07,1.92018865358965,18.1429144799217,2.04930513128121e-05,0.00296559213856868
"VCL",4.38515645658471e-07,1.92011521903858,18.1387718777127,2.05376806673517e-05,0.00296559213856868
"C6orf25",4.37360362751324e-07,1.91841891654353,18.0433234736471,2.1593457036001e-05,0.00296559213856868
"LGALSL",4.37196128413541e-07,1.91817746065943,18.0297750264173,2.1747675682837e-05,0.00296559213856868
"FYB",4.30447228644704e-07,1.90818766402219,17.4774281311596,2.90739115023099e-05,0.00370943306157644
"CD226",4.29967544125834e-07,1.90747255071974,17.4384966207069,2.96754644926116e-05,0.00370943306157644
"RUFY1",4.26026013349886e-07,1.90157058272026,17.1202431776326,3.50863388919251e-05,0.00421036066703102
"DNM3",4.22062526089856e-07,1.89558853459098,16.80317230061,4.14639297456162e-05,0.00478429958603264
"CMTM5",4.20912893166589e-07,1.89384443290524,16.7117584934684,4.35104829488231e-05,0.00483449810542479
"MYL12A",4.1649529653422e-07,1.88710445016838,16.3628102994392,5.23014486888511e-05,0.00557654432247996
"MYL9",4.15765573010728e-07,1.88598523300801,16.305523373908,5.39065951173063e-05,0.00557654432247996
"PROS1",4.10115212913631e-07,1.87726172645483,15.8653424866012,6.80128833731975e-05,0.00633222948827213
"STX11",4.09663088806417e-07,1.87655927305918,15.8303808482503,6.92811289709719e-05,0.00633222948827213
"ITGB1",4.0959153938526e-07,1.87644804793473,15.8248516428821,6.948387016026e-05,0.00633222948827213
"GP1BA",4.09531466718334e-07,1.87635465086086,15.8202100854391,6.96545243709935e-05,0.00633222948827213
"ENDOD1",4.07667728789066e-07,1.87345120490824,15.6765452542127,7.51503407690088e-05,0.00663091242079489
"MMRN1",4.04576798191863e-07,1.8686108816795,15.439727782508,8.51786572695932e-05,0.00730102776596513
"NRGN",4.02484546042092e-07,1.86531651323886,15.2804488772533,9.267072743254e-05,0.00772256061937833
"CD36",3.98133384866893e-07,1.8584182717154,14.951848410466,0.000110289963902586,0.00894242950561506
"ESAM",3.97323009845648e-07,1.85712641476555,14.8910432951607,0.000113902507722302,0.00899230324123435
"YWHAZ",3.95628007687792e-07,1.85441704154406,14.7642622554465,0.000121822555344672,0.00929891144641822
"C2orf88",3.95183177627046e-07,1.8537043620448,14.7310800976245,0.000123985485952243,0.00929891144641822
"MYH9",3.90032912824705e-07,1.84540265230646,14.3496135645394,0.000151810851163726,0.0111081110607604
"CLU",3.87711389892001e-07,1.84162994982998,14.179300678089,0.00016618870252386,0.0118706216088471
"BIN2",3.83916989539416e-07,1.83542194503548,13.9031227056673,0.000192478413960062,0.0134287265553531
"DMTN",3.82511674956915e-07,1.83310941511335,13.8015252142584,0.00020317122688415,0.013852583651192
"PTGS1",3.81120845236669e-07,1.83081356723795,13.7013417441846,0.000214301326180262,0.0142867550786841
"SEPT5",3.80391259219718e-07,1.82960637484552,13.6489345383046,0.000220366330782855,0.0143717172249688
"SELP",3.79140812740931e-07,1.82753274732179,13.5593467287966,0.000231137529980327,0.0145805680814901
"FERMT3",3.78549735539078e-07,1.82655052504015,13.5171018789014,0.000236399208717525,0.0145805680814901
"GNB5",3.78346188214151e-07,1.82621197722537,13.5025694148151,0.000238237024037563,0.0145805680814901
"FRMD4B",3.77824417516844e-07,1.82534343713217,13.4653527741279,0.000243009468024835,0.0145805680814901
"TGFB1",3.76624122995201e-07,1.8233415310267,13.3799336449714,0.000254330726831401,0.0148296145992832
"RGS10",3.763436379482e-07,1.82287294011359,13.3600120645866,0.000257046653054242,0.0148296145992832
"F13A1",3.7567465525385e-07,1.82175410265211,13.3125571734628,0.000263634569723041,0.014922711493757
"SH3BGRL3",3.74581936146762e-07,1.81992292479316,13.235225741954,0.000274736785600123,0.0152631547555624
"CNST",3.73067198549601e-07,1.81737697029429,13.1284007342004,0.000290852939044399,0.0158647057660581
"ITGB3",3.69000115355431e-07,1.81049713319171,12.8437160837795,0.000338614469998079,0.0181400608927542
"CTTN",3.68290461938393e-07,1.80929006224614,12.7943620476453,0.000347665520330454,0.0182981852805502
"PPBP",3.67170904447653e-07,1.80738172902097,12.7166937194285,0.000362405917638313,0.0187451336709472
"EHD3",3.65503815877368e-07,1.80453087798188,12.6014791041359,0.000385441618603602,0.0195987263696747
"GOLGA2",3.63780753333977e-07,1.80157261514861,12.4829470640969,0.000410683787951833,0.0205341893975917
"CMIP",3.61599118259506e-07,1.79780983364518,12.3336726757455,0.000444860305632535,0.021878375686846
"LTBP1",3.57322417669325e-07,1.79037698768847,12.0436526191788,0.000519690376086532,0.0251463085203161
"TMEM55A",3.54540627820178e-07,1.7855013985472,11.8568605387485,0.000574493110459465,0.0269977237831773
"CLEC1B",3.54470033655354e-07,1.78537724512668,11.852139264121,0.000575951440707782,0.0269977237831773
"SSX2IP",3.53005683585343e-07,1.78279713075719,11.7544168598751,0.000606990251663903,0.0280149346921802
"ARPC5",3.51997001861921e-07,1.7810145613316,11.68733847208,0.000629268479518578,0.0286031127053899
"HLA-E",3.50575279160656e-07,1.7784946340407,11.5931183630972,0.000661963181346523,0.0296401424483518
"DIAPH1",3.4932170841803e-07,1.77626549787894,11.5103583282949,0.000692094351271448,0.0304159068207254
"NEXN",3.49018722327339e-07,1.77572569435059,11.490399843342,0.000699565856876684,0.0304159068207254
"TPM1",3.46729099484426e-07,1.77163348868284,11.3401363443437,0.000758497550409989,0.0325070378747138
"PF4V1",3.46095347040126e-07,1.77049671658019,11.2987191626015,0.000775605784372215,0.0327720753960091
"GMPR",3.4431970529994e-07,1.76730222603337,11.1830804389403,0.000825466112479033,0.034394421353293
"ALOX12",3.43915479055711e-07,1.76657303265561,11.1568383096733,0.000837224864398588,0.0344065012766543
"DGKD",3.4258566165324e-07,1.76416896823634,11.0707248638056,0.000877013907542968,0.0355546178733636
"SLMAP",3.41877171819472e-07,1.7628848941994,11.0249822279575,0.000898921406221091,0.0359568562488436
"NT5C3A",3.40864370526779e-07,1.76104533171797,10.9597566000289,0.000931120467685099,0.0367547553033592
"THBS1",3.4036306823345e-07,1.76013308338026,10.9275437228584,0.000947450261943635,0.0369136465692325
"CMTM6",3.38823946976988e-07,1.75732507036366,10.8289385035268,0.000999259090374961,0.0382091499739573
"LMNA",3.38624130059532e-07,1.75695972079096,10.8161698247322,0.00100617428264754,0.0382091499739573
"CORO1C",3.38017974669081e-07,1.75585028584593,10.7774814324094,0.00102742384592866,0.0385283942223249
"FLNA",3.37542088481066e-07,1.75497808921124,10.7471561565195,0.00104439686538244,0.0386813653845348
"PECAM1",3.36674158828895e-07,1.75338465426091,10.691958399191,0.00107602237275477,0.0388819688715798
"RAP1B",3.36507819200197e-07,1.75307887033636,10.6813959191475,0.00108218367870197,0.0388819688715798
"TPST2",3.3603440728543e-07,1.75220788522214,10.6513630769503,0.00109989814443152,0.0388819688715798
"MTURN",3.35987820310822e-07,1.75212211770727,10.6484099246929,0.00110165578469476,0.0388819688715798
"FAXDC2",3.35028644534506e-07,1.7503539960116,10.5876986890894,0.00113842596235292,0.0397125335704507
"CLDN5",3.33373470485976e-07,1.74729269751293,10.483342267949,0.00120455649030223,0.0412532984914851
"RGS18",3.32907367924908e-07,1.74642828391289,10.4540484144245,0.00122380941495476,0.0412532984914851
"SNCA",3.32906444100893e-07,1.74642656960307,10.4539903941552,0.00122384785524739,0.0412532984914851
"DAPP1",3.31936120710024e-07,1.74462372564528,10.3931386529178,0.00126484438507671,0.0421614795025571
"RGCC",3.29735547804618e-07,1.74051836552156,10.2557926599021,0.00136256075009618,0.044919585168006
"ACTN1",3.27870915797693e-07,1.73702138190384,10.1401290078764,0.00145076009762882,0.0468590591696586
"ABCC3",3.27573615232871e-07,1.73646224723538,10.121747997879,0.00146529965308461,0.0468590591696586
"TIMP1",3.27416635408202e-07,1.73616683967096,10.1120492344047,0.00147303084823403,0.0468590591696586
"ATP2C1",3.27197818793699e-07,1.73575486464301,10.0985377340245,0.00148387020703919,0.0468590591696586
"ITGA2B",3.25791948944944e-07,1.73310235040304,10.0119434579829,0.00155528315175787,0.0486025984924334
"KIF2A",3.2467911350089e-07,1.73099577763726,9.94366296889289,0.00161404057444211,0.0499187806528489
"MGLL",3.237753858958e-07,1.72928050029885,9.88838465988906,0.00166325312290131,0.0509159119255504
"HHEX",3.23315938039186e-07,1.72840689908222,9.86034068951636,0.00168879829337669,0.0511757058598998
"STOM",3.20531073504841e-07,1.72308891501403,9.69120920862581,0.00185151655553442,0.0555454966660327
"SH3BGRL2",3.17315238253119e-07,1.71689864161534,9.49772410558183,0.00205726917899122,0.0611070053165708
"CD84",3.15987413102318e-07,1.71432702918177,9.41840279346372,0.00214818550931341,0.0627940827387285
"PLXDC2",3.15876697916474e-07,1.71411218945045,9.41180393862304,0.00215593017402968,0.0627940827387285
"CCPG1",3.15377984159953e-07,1.71314365147612,9.38210823273838,0.00219113417359253,0.0632057934690153
"MAX",3.14228562277725e-07,1.71090640144574,9.31384507271236,0.00227428692438832,0.0644220227579897
"TUBB1",3.14201965338007e-07,1.71085455014621,9.3122684541491,0.00227624480411564,0.0644220227579897
"CD9",3.12761816544443e-07,1.70804133819371,9.22709828470621,0.00238459257994875,0.0668577358864134
"ZYX",3.12026125855163e-07,1.70659995629608,9.18374064898289,0.00244174479680007,0.0678262443555574
"PTPN12",3.11094290143095e-07,1.70477011137639,9.12896985658326,0.00251593345447034,0.0692458748936791
"F2R",3.10599724539216e-07,1.70379703149141,9.09996716610054,0.00255614083377477,0.0697129318302209
"PAIP2",3.10284577568e-07,1.70317627543142,9.08151014918937,0.00258206740635005,0.0697856055770283
"ANO6",3.09706551578934e-07,1.70203631678029,9.04770595919106,0.00263024642551244,0.0704530292547975
"OST4",3.09375331633403e-07,1.70138227968994,9.02836391953779,0.00265822290776238,0.0705722895866119
"RDH11",3.0542564577026e-07,1.69353667764226,8.79931154536804,0.0030134423751283,0.0793011151349554
"SLC2A3",3.04870183251559e-07,1.6924263754934,8.76733490343614,0.0030667322795669,0.0800017116408756
"HLA-C",3.03213626330387e-07,1.68910483130391,8.67231655082367,0.00323080235737108,0.0835552333802866
"MPP1",3.02493068274978e-07,1.68765521046651,8.63114767156824,0.00330463315631973,0.0847341834953778
"RHOF",3.02105776622507e-07,1.68687483729142,8.60906034550595,0.00334494827673084,0.0850410578829873
"LAMTOR1",3.01601846495859e-07,1.68585816362274,8.5803634659205,0.00339807534441352,0.0856657649852149
"GPX1",3.00983110155588e-07,1.68460788400381,8.54519433774452,0.00346435612601356,0.0866089031503389
"TBXA2R",2.98989373217619e-07,1.68056415811127,8.43236114408085,0.00368601404955288,0.0913887780880879
"EIF4G3",2.98525641092562e-07,1.67962031058189,8.40622426683032,0.00373938485210153,0.0919520865270868
"PARVB",2.95746454352305e-07,1.67393737285642,8.25043384258155,0.00407422622885422,0.0986694289029337
"MBP",2.95713647796596e-07,1.67387001749986,8.24860353624213,0.00407833639465459,0.0986694289029337
"SNAP23",2.95127951668703e-07,1.67266644585064,8.21596120925761,0.00415235141249945,0.0996564338999867
"PF4",2.94770442333267e-07,1.67193078209458,8.19606811715162,0.00419812712132392,0.0999554076505694
"CA2",2.92594806879074e-07,1.66743737823402,8.07552787245371,0.0044867035377365,0.105310770928828
"MYL6",2.92546869667216e-07,1.66733805130492,8.07288198421739,0.00449325955962999,0.105310770928828
"GCLM",2.90991468133971e-07,1.66410766055364,7.98726703378705,0.00471074707130633,0.10955225747224
"TAOK1",2.90098962853855e-07,1.66224736631383,7.93834638468803,0.00483980412342692,0.110978770528216
"SPNS1",2.90056160753922e-07,1.6621580289767,7.93600406104803,0.00484607297973209,0.110978770528216
"CDKN2D",2.89419851150546e-07,1.66082858245703,7.90122309558075,0.0049401382158225,0.112275868541421
"P2RX1",2.88731508608143e-07,1.65938760998472,7.8636839956118,0.00504375222363564,0.113768847149676
"MTPN",2.8817324946301e-07,1.65821679764092,7.83330470279562,0.00512922367912499,0.11483336595056
"CLCN3",2.8494628350298e-07,1.65141082110493,7.65885216670146,0.00564944356211022,0.125543190269116
"ITM2B",2.84668539860155e-07,1.65082196227689,7.64392892741205,0.00569637090445479,0.125655240539444
"DAAM1",2.83710449669362e-07,1.64878689314352,7.59256217579689,0.00586095935976722,0.128342175761326
"GNAQ",2.83128266877956e-07,1.6475474168984,7.56143379267886,0.00596305321543361,0.129631591639861
"SPINT2",2.8224069182503e-07,1.64565356134532,7.51409962553833,0.0061217878060717,0.132124916677807
"PLEK",2.81767711759989e-07,1.64464226634639,7.48893641192201,0.00620792117459767,0.132243710643003
"RABGAP1L",2.81726626426596e-07,1.64455435196996,7.48675260587069,0.00621545440022113,0.132243710643003
"ARPC1B",2.81464813645475e-07,1.64399386781775,7.47284396856366,0.00626365287552967,0.132330694553444
"CALM1",2.77122748200063e-07,1.63463292565826,7.24406014237466,0.00711359396516333,0.148862565728844
"TMEM91",2.76969480284591e-07,1.63430021717176,7.23604943250925,0.00714540315498451,0.148862565728844
"RASGRP2",2.76000857620093e-07,1.63219392225632,7.18552584795159,0.00734940103032093,0.152056573041123
"PTGIR",2.73025615102003e-07,1.62568447391008,7.03144333592866,0.00800907762910059,0.16409003739782
"WRB",2.72790723756325e-07,1.62516798614139,7.01934985731761,0.00806335031142738,0.16409003739782
"SRC",2.72653930404028e-07,1.624867024872,7.01231179066953,0.00809510851162579,0.16409003739782
"ADAM10",2.72162136349393e-07,1.6237839547553,6.9870379715148,0.00821021129070387,0.165306267598064
"RASA3",2.71687054510752e-07,1.62273610165784,6.96266633972117,0.00832279119949368,0.166455823989874
"RAB10",2.70700782190624e-07,1.62055574833645,6.91220666119507,0.00856092738711955,0.170084650075223
"RNF11",2.70445154444834e-07,1.61998952506633,6.89915817636738,0.00862363467350863,0.170203315924512
"GATA1",2.69794679388873e-07,1.61854663931511,6.86601035855915,0.00878505632490148,0.172256006370617
"NEAT1",2.68255805621905e-07,1.61512124240909,6.78790807780001,0.00917773943809209,0.177761606944724
"PRKCB",2.6823040787454e-07,1.61506456867454,6.78662281642026,0.00918434969214406,0.177761606944724
"LAT",2.6719849424452e-07,1.612758023573,6.73450540317264,0.00945654481296766,0.181856631018609
"BCL2L1",2.66151394276232e-07,1.61040974596071,6.68182633939921,0.00974007783095109,0.186116136897155
"TAGLN2",2.64204836281879e-07,1.60602325726316,6.58444567900308,0.0102873645459022,0.195329706567764
"ICAM2",2.63842650231204e-07,1.60520404264999,6.56640543561938,0.0103921635196882,0.19607855697525
"IQGAP2",2.63246640696644e-07,1.60385385920155,6.53677247166147,0.0105666885954874,0.198125411165388
"MTSS1",2.62914526554014e-07,1.6031003641901,6.52028918334973,0.0106650660150352,0.198727938168359
"C19orf33",2.61454871820399e-07,1.59977905781945,6.44809118258366,0.0111071613111279,0.205688172428295
"MAGED2",2.60202779962191e-07,1.59691740177016,6.38648001111704,0.0114992838102646,0.211643260311619
"MAP1A",2.58964075180611e-07,1.59407474850784,6.32581860608282,0.0118992546423618,0.217669292238326
"WDR1",2.57160311355199e-07,1.5899145311265,6.23800299143621,0.0125037388727165,0.224642278088155
"ERBB2IP",2.57101036788603e-07,1.58977739738844,6.23512764641755,0.0125240565656524,0.224642278088155
"INF2",2.57023912303186e-07,1.58959892683294,6.23138741346838,0.0125505364812278,0.224642278088155
"RP11-501J20.5",2.56938361197305e-07,1.58940090308483,6.22723983546767,0.0125799675729367,0.224642278088155
"DOK2",2.56711642819176e-07,1.58887584933451,6.21625504657941,0.0126582584331152,0.224702812422164
"CALD1",2.55903181244853e-07,1.58700031605205,6.17716301535026,0.0129409606189832,0.228369893276174
"PPP1R12A",2.55350937304876e-07,1.5857162663366,6.15053091176482,0.0131372657967609,0.230478347311595
"TMEM50A",2.54857850375526e-07,1.58456776019507,6.12680028996935,0.0133147629849814,0.232234238110141
"PPP1R14A",2.52720915789479e-07,1.5795683422042,6.02448692538627,0.0141087325104881,0.243582717059905
"ELF1",2.52670921360545e-07,1.57945094737483,6.02210357701139,0.0141277975894745,0.243582717059905
"UBL4A",2.51723248547262e-07,1.57722190189499,5.97701503700929,0.0144935118051408,0.248460202373843
"RAB11A",2.4970996916168e-07,1.5724625341273,5.88178919088909,0.0152982683245437,0.260765937350177
"ARL6IP5",2.49097115148211e-07,1.57100725003518,5.85295370058407,0.0155509288908048,0.263575065945844
"KMT2C",2.48793030977303e-07,1.57028403619296,5.83867248952534,0.0156776508197537,0.264230069995849
"FHL1",2.46349043454147e-07,1.56444384510224,5.72452496194744,0.0167295618620139,0.279569470649508
"ABCC4",2.46114886807826e-07,1.56388170707086,5.71364772450443,0.0168335256989727,0.279569470649508
"CTSA",2.46038960287635e-07,1.56369933282153,5.71012294403672,0.0168673580625203,0.279569470649508
"EMD",2.45599964822356e-07,1.56264392981689,5.68976452789378,0.0170641441626651,0.281277101582392
"PSTPIP2",2.44025490698883e-07,1.55884538974142,5.61704731768403,0.0177865900464402,0.290207437059615
"ACTB",2.43998105175389e-07,1.55877913511256,5.61578665307582,0.0177993894729897,0.290207437059615
"GAS2L1",2.4361935646606e-07,1.55786216509075,5.59836585271728,0.0179772382135225,0.29111326184799
"CALM3",2.43467413601613e-07,1.55749396149233,5.59138474504893,0.0180490222345754,0.29111326184799
"PDLIM7",2.4294639620194e-07,1.55622988675512,5.56747935597712,0.0182970820242295,0.293536075255019
"TMBIM1",2.42483110008526e-07,1.55510393180967,5.54626581235062,0.0185201573234995,0.295534425374992
"PTTG1IP",2.40969595795852e-07,1.55141269119222,5.47724529795453,0.0192655965985549,0.305403800922701
"RAC1",2.40773267950254e-07,1.55093242669989,5.46832385950121,0.0193641884969021,0.305403800922701
"TMEM40",2.4061489342144e-07,1.55054476129925,5.46113237689664,0.0194440419920786,0.305403800922701
"AHCTF1",2.38983472802977e-07,1.54653867542576,5.3873281331271,0.0202835057440436,0.314857796230865
"ZCCHC17",2.38939050393972e-07,1.54642926640896,5.3853255188989,0.0203067992591194,0.314857796230865
"CAP1",2.38836229928051e-07,1.5461759607774,5.3806916799423,0.0203608041562626,0.314857796230865
"OAZ1",2.37828629192862e-07,1.5436887240978,5.33538739246326,0.020896695364948,0.321487620999199
"CD151",2.37004900112206e-07,1.54164867647323,5.29849273612335,0.0213438862217501,0.326692136047196
"ORAI1",2.36550224093296e-07,1.54052003126657,5.27818271935685,0.0215942754154524,0.327529556342476
"ZFP36",2.36457753996211e-07,1.54029026551012,5.27405692599868,0.0216455102650074,0.327529556342476
"CD47",2.36312639232409e-07,1.53992953580931,5.26758550634367,0.0217261272373843,0.327529556342476
"CAPZA2",2.3562526417749e-07,1.53821826850606,5.23698586620291,0.0221115516140505,0.331673274210757
"MFSD1",2.34686834458998e-07,1.53587508809294,5.19535402708907,0.0226473416040747,0.338020023941413
"CCND3",2.34377764074118e-07,1.53510161381167,5.18167901425038,0.0228262560574424,0.339003802833303
"MICU1",2.3399919918304e-07,1.53415303622218,5.16495372822785,0.0230470715904983,0.34059711710096
"TNF",2.33650869909326e-07,1.53327906238189,5.1495881584217,0.0232518872736068,0.341004118628926
"TNIK",2.33405521137828e-07,1.53266280324363,5.13877902444616,0.0233970978522038,0.341004118628926
"VASP",2.33374327601468e-07,1.53258441269666,5.13740556954143,0.0234156161458529,0.341004118628926
"GDI1",2.32049346391396e-07,1.52924639462282,5.0792359956555,0.024214037537252,0.350928080250028
"VDR",2.31138729610191e-07,1.5269428341311,5.03944995583679,0.0247763557900494,0.357351285433405
"CAPZB",2.30730920629051e-07,1.52590869867436,5.02168296394086,0.0250318282339078,0.359308539242696
"CYB5R3",2.30354407418661e-07,1.5249525375172,5.00530728879536,0.025269717140027,0.360018095488659
"RSU1",2.30266756840157e-07,1.52472975603914,5.00149894305923,0.0253253765508186,0.360018095488659
"LRRFIP2",2.30084771644296e-07,1.52426697292657,4.99359646419891,0.0254412787478652,0.360018095488659
"CARD19",2.29583133602194e-07,1.52298970175858,4.97184580925831,0.0257631396498662,0.362182132925781
"TUBA1C",2.29395034476555e-07,1.52251014927107,4.96370220805504,0.0258847324012843,0.362182132925781
"HACD4",2.29284546418543e-07,1.52222830707366,4.95892182784123,0.0259563861930143,0.362182132925781
"TMOD3",2.28689196446227e-07,1.52070763951185,4.93320303325259,0.0263454417632893,0.365908913379018
"GNG11",2.28436832666739e-07,1.52006202119516,4.92232123507545,0.026511873725106,0.366523599886258
"ATP2A3",2.255425672407e-07,1.5126137892298,4.79838103410801,0.028486493632275,0.391965897298394
"RTN4",2.25362379503012e-07,1.5121473927339,4.79071716770776,0.0286135105027828,0.391965897298394
"SWI5",2.24977017477672e-07,1.51114885512345,4.77434724794782,0.0288867955496057,0.393426120803799
"CERS2",2.24765560011866e-07,1.51060031267261,4.76537658125784,0.0290377062703472,0.393426120803799
"COL1A2",2.24568792251558e-07,1.51008948089811,4.75703667330253,0.0291787424106923,0.393426120803799
"SKAP2",2.24477086486632e-07,1.50985127159006,4.75315226346402,0.0292446749797491,0.393426120803799
"CDC42SE1",2.23717541327272e-07,1.5078751227661,4.72104095963172,0.0297957004617039,0.399049559754963
"KCTD20",2.23291553693088e-07,1.50676429943622,4.70307911048006,0.0301086304208823,0.401448405611764
"USP47",2.22861177267082e-07,1.50564019264892,4.68496697228075,0.0304276485373814,0.40356672816115
"MEIS1",2.22309838016085e-07,1.50419742984353,4.66181524037042,0.030840569848584,0.40356672816115
"TMSB4X",2.22221932974771e-07,1.50396711469433,4.65812924928124,0.0309068483472501,0.40356672816115
"YWHAH",2.22197340200145e-07,1.50390266659634,4.65709829808362,0.0309254126423867,0.40356672816115
"PLA2G12A",2.22177871367949e-07,1.50385164203924,4.65628222807085,0.0309401158256882,0.40356672816115
"ARF1",2.21122870617485e-07,1.50108093586506,4.61216696030066,0.0317458934360254,0.412284330337993
"MAPRE2",2.19861272177098e-07,1.49775279217842,4.55968841240671,0.0327330280921327,0.423271914984474
"PDCD10",2.18435870757196e-07,1.4939728531168,4.50075745190192,0.0338798430033833,0.43619873962648
"CDC42EP3",2.18260234493334e-07,1.4935056371714,4.4935225740756,0.0340235016908655,0.43619873962648
"UBE2J1",2.17351079785108e-07,1.49108201987238,4.45616534665131,0.0347754808691303,0.443294745127621
"MCTP1",2.17209950826651e-07,1.49070502359801,4.45038033007737,0.0348934747141853,0.443294745127621
"RIOK3",2.1705873052145e-07,1.49030083822919,4.44418582928136,0.0350202848650821,0.443294745127621
"TACC1",2.16183101489948e-07,1.4879556972584,4.40840188337308,0.0357623294015555,0.450785664725489
"STK4",2.15366467578195e-07,1.48576123838026,4.37515922161276,0.036466423273618,0.455371233668219
"EGLN3",2.15342510246547e-07,1.48569675302701,4.37418589171841,0.0364872561522333,0.455371233668219
"UBA7",2.15066556732774e-07,1.4849535338362,4.36298235781193,0.0367279525964622,0.455371233668219
"RYBP",2.15060466975599e-07,1.48493712325385,4.36273527962965,0.036733279515903,0.455371233668219
"TAL1",2.14209305109471e-07,1.48263951267304,4.32827013075894,0.0374843228396798,0.462769417773825
"CAPN1",2.13495578743102e-07,1.4807068762059,4.29947535883493,0.0381241321775347,0.468739330051656
"LINC00989",2.12479852660714e-07,1.47794694754103,4.25866232784663,0.0390506602383003,0.478171349856738
"BTK",2.11473606223482e-07,1.47520164647369,4.21842211850063,0.0399873295599424,0.487650360487102
"NRDC",2.11162943068673e-07,1.4743518235216,4.20603716179082,0.0402803349670757,0.48923483765679
"HRAT92",2.09983095793227e-07,1.47111457952327,4.15916702650272,0.0414097638438264,0.500924562626932
"JARID2",2.08578078578426e-07,1.46723919594647,4.10369445749326,0.0427896155867067,0.515537537189238
"PGF",2.07028545397874e-07,1.4629392688199,4.04294798917465,0.0443562736324917,0.5322752835899
"NCOA4",2.06446887442863e-07,1.46131808237596,4.02026213816804,0.0449567254268784,0.537331379604124
"GSTO1",2.05956171050789e-07,1.4599473306634,4.0011728323359,0.045468614321751,0.541293027639893
"JAK1",2.05346138175256e-07,1.45823939048472,3.9775053489413,0.0461118083092517,0.546780335682827
"GFI1B",2.0508016553664e-07,1.45749337677538,3.967208369609,0.0463946284009826,0.547968051980109
"ARMCX3",2.04898425926082e-07,1.45698314894067,3.96018009915807,0.0465887185843151,0.548102571580178
"PDLIM1",2.04147175947701e-07,1.45486993125021,3.93119372506748,0.0473982879789147,0.551896161173433
"FCER1G",2.04131263311168e-07,1.45482509826544,3.93058090033854,0.0474155630450649,0.551896161173433
"LCP1",2.04087528329586e-07,1.45470186196881,3.92889683229968,0.0474630698609152,0.551896161173433
"GPX4",2.03820146249503e-07,1.45394794284212,3.91860881071306,0.0477543828362914,0.553139569532333
"PSIP1",2.03557579955702e-07,1.45320678020278,3.90851921076798,0.0480419100465443,0.55432973130628
"BANK1",2.02503226417788e-07,1.45022234451195,3.86813468147622,0.04921118560689,0.565645811573448
"FAM212A",2.02061884398696e-07,1.44896914841961,3.85129238153157,0.0497076750167772,0.569171851337143
"WBP2",2.01633144899045e-07,1.44774949729968,3.83496620110928,0.0501940030630445,0.572555168019519
"C12orf75",2.0135524448885e-07,1.44695776036475,3.82440241949505,0.0505113567019851,0.57295227477454
"CENPT",2.01268478703831e-07,1.44671037393023,3.82110719085256,0.050610784271751,0.57295227477454
"TNFSF13B",2.00920622618528e-07,1.44571765208775,3.80791042242832,0.0510110511472575,0.575150927971026
"ACTR3",2.0076719797843e-07,1.44527933793609,3.80209713937062,0.0511884325894214,0.575150927971026
"SPARC",2.00454114021462e-07,1.44438400994709,3.79024811751066,0.0515520061382511,0.576331614568493
"GABARAPL2",2.00346275371111e-07,1.44407534666741,3.7861711216408,0.0516777347729749,0.576331614568493
"PTPN18",2.00109057822309e-07,1.44339586654711,3.77721049073667,0.051955208937584,0.577280099306488
"TADA3",1.99266917847929e-07,1.44097809348842,3.74548532408466,0.0529503481617939,0.582191742526245
"IFI27L2",1.99265115844992e-07,1.44097291061416,3.74541758233295,0.0529524945088804,0.582191742526245
"MALAT1",1.99119397054591e-07,1.44055366547031,3.73994167995138,0.053126299449617,0.582191742526245
"PIP4K2A",1.99079882247971e-07,1.44043993291703,3.73845746082634,0.0531735124840637,0.582191742526245
"LYL1",1.98199553824365e-07,1.43790113688353,3.70546775043642,0.054234468282324,0.591297083085867
"IL6ST",1.98064051342332e-07,1.43750950396645,3.70040287079385,0.0543993316438998,0.591297083085867
"SEPT7",1.97746303590046e-07,1.43659024287294,3.68853952111394,0.0547875697407453,0.59336718130771
"RALB",1.97032291213169e-07,1.43451995697592,3.66195082565481,0.0556684162494627,0.600738304850316
"NGFRAP1",1.9657821403194e-07,1.43320002096604,3.64509173865974,0.0562347057496507,0.604674255372588
"THOC2",1.95127783182255e-07,1.42896631926318,3.59150035845976,0.0580757876430577,0.622240581889904
"SNAP29",1.91727473819197e-07,1.41893472968229,3.46741954640498,0.0625888773412935,0.668208654889255
"CYB5R1",1.90994643851772e-07,1.41675285756943,3.44096352858748,0.0635985927086901,0.676580773496703
"FNBP1L",1.88774906180448e-07,1.41010007870716,3.36144662037318,0.0667394173312098,0.703849679356266
"TPM3",1.88763632170106e-07,1.41006611924263,3.36104512789637,0.0667556897484047,0.703849679356266
"PBX1",1.88687459611348e-07,1.40983662761022,3.35833308269707,0.0668657195388453,0.703849679356266
"TERF2IP",1.87133666520466e-07,1.40513802986802,3.30325078242154,0.0691429227264623,0.724513819501705
"PDGFA",1.86871261384132e-07,1.40434124348659,3.29399341823953,0.069533714285323,0.724513819501705
"RAB32",1.86858124183252e-07,1.40430132761151,3.29353029371393,0.0695533266721637,0.724513819501705
"RHEB",1.85877558094241e-07,1.40131520409103,3.25905440002036,0.0710300753599546,0.733929121809372
"N4BP2L1",1.85818669929266e-07,1.40113544382694,3.25698971470881,0.0711195740048581,0.733929121809372
"GADD45A",1.85771634732773e-07,1.40099183063743,3.25534107775729,0.0711911248155091,0.733929121809372
"ZMYND8",1.83736336300922e-07,1.39474748662602,3.18440133614302,0.0743442249600501,0.763810530411474
"TTK",1.82672504647514e-07,1.39146008772893,3.1476327826087,0.0760371975487535,0.778537858860957
"SNX3",1.81361014035852e-07,1.3873848122193,3.10259839593776,0.0781674394000965,0.797626932654046
"HLA-B",1.81023409353648e-07,1.38633168088373,3.09105813374875,0.0787236005485879,0.800578988629708
"EMC3",1.80485350722854e-07,1.38464977778145,3.07271024405215,0.0796166353277515,0.806925358051535
"NCOR1",1.80096747510374e-07,1.38343238871943,3.0594927768654,0.0802667217819656,0.810774967494602
"TRIM58",1.793059377544e-07,1.38094805262153,3.03268313398947,0.0816029687033769,0.816900489019956
"CLIC4",1.7922631571613e-07,1.38069740115177,3.02999036427174,0.0817385019500599,0.816900489019956
"SPX",1.79175143838932e-07,1.38053626105768,3.02826039331757,0.081825703471216,0.816900489019956
"STK17A",1.79095045932947e-07,1.38028395407247,3.02555351004069,0.0819623490650022,0.816900489019956
"COTL1",1.77699006257124e-07,1.37587090619355,2.97856917766668,0.084373830767481,0.838150636763056
"CD68",1.76614854353839e-07,1.37242330475904,2.94233520340253,0.086285905979191,0.854315900784069
"H3F3A",1.7630640670848e-07,1.37143914012803,2.93206694061943,0.0868362522906013,0.855878068460261
"SQSTM1",1.76185846791e-07,1.37105406966596,2.92805836378712,0.0870521295776137,0.855878068460261
"HOOK3",1.76047960322336e-07,1.37061338199105,2.92347704641192,0.0872995629829466,0.855878068460261
"BST2",1.75548573615038e-07,1.36901486240582,2.90691479945365,0.0882004518640328,0.861893666423773
"LMAN1",1.7286129698225e-07,1.3603457187889,2.8185985700569,0.0931777253539358,0.90757524695392
"CDS2",1.72221053653518e-07,1.35826333357748,2.79775819634864,0.0943962074324759,0.915345840678218
"ABLIM1",1.72122063029751e-07,1.35794077773356,2.79454288406461,0.0945857368700826,0.915345840678218
"MLEC",1.71565586212073e-07,1.35612457314433,2.77650237886437,0.0956568613873495,0.922734997305622
"GYPC",1.70963353696267e-07,1.35415335696433,2.75704433564846,0.0968269772268379,0.929572236189645
"SENCR",1.70882280542318e-07,1.35388753720184,2.75443009959871,0.0969853699757863,0.929572236189645
"SLAIN2",1.68639027800562e-07,1.34648938314974,2.68258735159181,0.101450776204936,0.969274931894294
"PTPN1",1.67517806235384e-07,1.34276009557773,2.64703477506208,0.103743247940487,0.988030932766545
"R3HDM4",1.67183553680597e-07,1.3416442166747,2.63648192165695,0.104434575693701,0.991467490762984
"TSPAN32",1.66527276989495e-07,1.3394477293607,2.6158236028832,0.105802579992147,0.999999999643846
"C10orf54",1.66305949902098e-07,1.33870530470577,2.60887497687824,0.106267126737516,0.999999999643846
"CMAS",1.66208771152104e-07,1.33837905951707,2.6058269423779,0.10647160691977,0.999999999643846
"TARSL2",1.63730389348078e-07,1.33000316982666,2.52869402288196,0.111792707551631,0.999999999643846
"TOP1",1.63240996588461e-07,1.32833644198149,2.51360000080521,0.112867830615081,0.999999999643846
"GRB2",1.63191317065546e-07,1.328167009688,2.51207029381028,0.112977423188313,0.999999999643846
"AGPAT1",1.6272216364088e-07,1.32656478375448,2.49764731690046,0.114016511148479,0.999999999643846
"EIF4G2",1.62181574771632e-07,1.32471369725982,2.48107972071456,0.11522312922367,0.999999999643846
"PDIA6",1.61741922914823e-07,1.32320435096601,2.46764622448398,0.116211837576605,0.999999999643846
"COMMD7",1.61719423475595e-07,1.32312701510806,2.46695973833859,0.116262614054258,0.999999999643846
"FYN",1.61694989047479e-07,1.32304301783193,2.46621432142706,0.116317777136353,0.999999999643846
"MANF",1.61254601862865e-07,1.32152725500371,2.4527988140008,0.117315523127046,0.999999999643846
"PGRMC1",1.58808807936065e-07,1.31304420846867,2.37895849184142,0.122979513060589,0.999999999643846
"KCNAB2",1.5868093274499e-07,1.31259762205617,2.37512888945899,0.123281422607714,0.999999999643846
"IFRD1",1.57065584500836e-07,1.30692961963407,2.32701810638898,0.12714522874059,0.999999999643846
"LCP2",1.56360837841325e-07,1.30444116726519,2.30618249137448,0.128860181771471,0.999999999643846
"PHKB",1.55044606870626e-07,1.29976781304706,2.26751945126736,0.132111206786796,0.999999999643846
"VPS26B",1.54195874900938e-07,1.29673634475731,2.24276207624453,0.134240998369861,0.999999999643846
"HEBP1",1.53914217648345e-07,1.29572718337436,2.23457621166062,0.134953620971766,0.999999999643846
"SELT",1.53766700717762e-07,1.29519800952694,2.23029486766849,0.135328019139289,0.999999999643846
"TBXAS1",1.53066766985356e-07,1.29268127866207,2.21003683134717,0.137115397404448,0.999999999643846
"RAB1B",1.52352708114743e-07,1.29010361213357,2.18946521397307,0.138957554725383,0.999999999643846
"LCN2",1.52217179436965e-07,1.28961320557187,2.18557157341403,0.139309339190374,0.999999999643846
"FTH1",1.51519634789626e-07,1.28708324736207,2.16558643608733,0.1411307730597,0.999999999643846
"GPCPD1",1.50764620020083e-07,1.28433361557905,2.1440581891292,0.143122843439859,0.999999999643846
"C1orf228",1.50000124704083e-07,1.28153745125732,2.12236919310354,0.145161839528661,0.999999999643846
"H2AFJ",1.49448537015174e-07,1.27951243608196,2.10678893550753,0.146646751127404,0.999999999643846
"CLINT1",1.49362700015243e-07,1.27919673354733,2.1043695273056,0.146878871238175,0.999999999643846
"RRBP1",1.48096034772885e-07,1.27451992359564,2.06882880312322,0.150336932647523,0.999999999643846
"STXBP2",1.4801209806662e-07,1.27420880549981,2.06648435864647,0.150568258919169,0.999999999643846
"TYMP",1.47647770471929e-07,1.2728566476966,2.0563236935034,0.15157547742816,0.999999999643846
"JAK2",1.45799141864562e-07,1.26595146236565,2.00515351800254,0.156765423003961,0.999999999643846
"MYADM",1.45051552588036e-07,1.26313774584953,1.98464327238872,0.158902101108541,0.999999999643846
"SERPINE1",1.44952312145433e-07,1.26276330219315,1.98192852033125,0.15918738851902,0.999999999643846
"SLC10A3",1.4478116333152e-07,1.26211702681631,1.97725105838863,0.159680301822474,0.999999999643846
"SPG20",1.44260179481297e-07,1.260145715498,1.9630466902327,0.161187854915024,0.999999999643846
"DCXR",1.44029472835661e-07,1.25927081957288,1.95677294538465,0.161858867032627,0.999999999643846
"CLIC1",1.43717229448992e-07,1.25808480875918,1.94829791435933,0.162770384788707,0.999999999643846
"PRKCD",1.41868420610515e-07,1.25101695474377,1.89849370122122,0.168247018730382,0.999999999643846
"MKRN1",1.41520740986112e-07,1.24967902512457,1.88919975470261,0.16929220900352,0.999999999643846
"PJA2",1.40600255211399e-07,1.24612324156891,1.86470403618659,0.172082867353739,0.999999999643846
"B2M",1.40320776837203e-07,1.24503969906431,1.85729826727439,0.172936943053297,0.999999999643846
"NDUFAF3",1.39507407165248e-07,1.24187573182225,1.83582900498545,0.175440601190088,0.999999999643846
"NFE2",1.38857584416581e-07,1.23933661514468,1.81876632603261,0.177460194534995,0.999999999643846
"CCNG1",1.38851259510432e-07,1.23931185139943,1.8186006416823,0.177479936523433,0.999999999643846
"DNM1L",1.38681208641799e-07,1.2386456941957,1.81414889600656,0.178011331177963,0.999999999643846
"VDAC3",1.38657085683061e-07,1.23855113844624,1.81351782517532,0.178086809211346,0.999999999643846
"PABPC1",1.38464421808222e-07,1.23779544146488,1.80848156432304,0.178690487911644,0.999999999643846
"LEPROT",1.38134517518514e-07,1.23649935077695,1.79987408147593,0.179727718559861,0.999999999643846
"MAP1LC3B",1.3768907224133e-07,1.23474513562103,1.78828461461598,0.181135305313445,0.999999999643846
"PTPRA",1.37292337609847e-07,1.23317866399939,1.77799400414023,0.1823958442217,0.999999999643846
"LYN",1.37265399427696e-07,1.23307216089956,1.77729635082119,0.182481669743421,0.999999999643846
"PIK3R1",1.37057293299222e-07,1.23224878814882,1.77191136830178,0.183145708954474,0.999999999643846
"DNAJC15",1.36859762091807e-07,1.23146626702385,1.7668075819571,0.183777659872488,0.999999999643846
"IRF2",1.36823868581964e-07,1.23132397113153,1.76588096030661,0.183892665226457,0.999999999643846
"MEF2C",1.36345167934187e-07,1.22942316116927,1.75354613000709,0.18543155478337,0.999999999643846
"SOD2",1.36339904127437e-07,1.22940222815217,1.7534107361399,0.185448529238436,0.999999999643846
"HEMGN",1.3604657461004e-07,1.22823462819252,1.74587407470789,0.186396260497765,0.999999999643846
"STK38",1.35941640946758e-07,1.22781641703978,1.7431819038726,0.186736163008997,0.999999999643846
"EIF4B",1.35890711507768e-07,1.22761333934872,1.74187601046739,0.186901299275438,0.999999999643846
"TMEM219",1.35660971645737e-07,1.22669645863953,1.73599128038297,0.187647560639088,0.999999999643846
"IMPDH2",1.34973220732808e-07,1.2239437304124,1.71843423088041,0.189894718634396,0.999999999643846
"BNIP2",1.34675641554625e-07,1.22274895392537,1.71086522530465,0.1908731504176,0.999999999643846
"PRKAR1B",1.34507321930383e-07,1.22207215439522,1.70659136801969,0.191428220992127,0.999999999643846
"RP11-879F14.2",1.34146738957457e-07,1.22061984214569,1.69745368018261,0.192621317156294,0.999999999643846
"CDK2AP1",1.33989764700399e-07,1.21998655870904,1.69348339163265,0.193142417290389,0.999999999643846
"MAP3K7CL",1.33609294967786e-07,1.2184489918416,1.6838796075144,0.194409740545224,0.999999999643846
"LDLRAP1",1.32675643410233e-07,1.21465998469346,1.66042818876802,0.197545520592377,0.999999999643846
"OSTF1",1.32332325132964e-07,1.21326098096594,1.65184608916801,0.198707854635199,0.999999999643846
"ATP6V0E1",1.32257290461908e-07,1.21295480604938,1.64997337079559,0.198962555507919,0.999999999643846
"NUCB1",1.30576561997075e-07,1.20605751154091,1.6083040377791,0.20473036605636,0.999999999643846
"VPS13A",1.30349377609558e-07,1.20511939513502,1.60271247208673,0.205519237109453,0.999999999643846
"ZFP36L2",1.30278292858467e-07,1.20482557689352,1.60096490175894,0.205766523681736,0.999999999643846
"VPS28",1.29917725118617e-07,1.20333311223292,1.59211526986453,0.207024180932375,0.999999999643846
"DYNLRB1",1.28766178085796e-07,1.19854281756213,1.56401640480029,0.211078109058908,0.999999999643846
"DBNL",1.28681218317438e-07,1.19818794828982,1.56195321341093,0.211379461304818,0.999999999643846
"BACH1",1.28360263370803e-07,1.19684554053632,1.55417132529605,0.212520695258118,0.999999999643846
"GLA",1.28355208909354e-07,1.19682437712327,1.55404893002856,0.212538703158113,0.999999999643846
"ISCA1",1.27426709323453e-07,1.19292455305544,1.53164680342475,0.215865457085594,0.999999999643846
"GSN",1.26882913013987e-07,1.1906292542925,1.51860202394911,0.21783117132921,0.999999999643846
"RAB8B",1.25719337827648e-07,1.18568959107276,1.49087716405639,0.222080412760092,0.999999999643846
"RILPL2",1.24684081817071e-07,1.18126174794135,1.46642452659125,0.225910671223958,0.999999999643846
"MBNL1",1.24135785050546e-07,1.17890392446058,1.45355571534283,0.227958263777742,0.999999999643846
"SRSF5",1.22364450989223e-07,1.17122545483084,1.41236915666743,0.234663497610064,0.999999999643846
"PPIB",1.21166263641149e-07,1.16597749955182,1.38484486409886,0.239277611523522,0.999999999643846
"FAM162A",1.21042717821826e-07,1.16543386282426,1.38202222085939,0.239756989715562,0.999999999643846
"ORAI2",1.20307529389855e-07,1.16218899134994,1.36528497075745,0.24262364582387,0.999999999643846
"RAB1A",1.19967305314698e-07,1.16068162415459,1.35757396509192,0.243958377482152,0.999999999643846
"MRPL41",1.19642454965688e-07,1.15923896016913,1.35023177650684,0.245237601417508,0.999999999643846
"CDK6",1.19062588613172e-07,1.15665543300896,1.33717526375821,0.247532731069768,0.999999999643846
"SLC44A2",1.18735783742985e-07,1.15519465452961,1.32984473856709,0.248832840828158,0.999999999643846
"CAMTA1",1.18355368013606e-07,1.15348991169707,1.32133705154073,0.250352232668255,0.999999999643846
"BCAP29",1.18316768385638e-07,1.15331667528599,1.32047532802862,0.25050676199076,0.999999999643846
"LPIN2",1.17834593120397e-07,1.1511485802039,1.30973461595201,0.25244271020225,0.999999999643846
"ADI1",1.17622396585183e-07,1.15019203991906,1.30502172307392,0.253297981481141,0.999999999643846
"SEC61B",1.17136498885209e-07,1.14799614634498,1.29426191329207,0.255264017390634,0.999999999643846
"SERINC3",1.16785841481662e-07,1.14640660070446,1.28652456038264,0.256689419115936,0.999999999643846
"CTSW",1.16630094046884e-07,1.14569928332216,1.28309538973504,0.257324292331372,0.999999999643846
"PNP",1.16429311669512e-07,1.14478625152846,1.27868141421957,0.258144348015902,0.999999999643846
"ZNF24",1.15043446803641e-07,1.13844728608383,1.24842214294466,0.263854053523544,0.999999999643846
"SDHA",1.13888882854564e-07,1.1331163114584,1.22348981600003,0.268676859967513,0.999999999643846
"MARCH2",1.13740282615381e-07,1.13242683068727,1.22029912235373,0.269301957126529,0.999999999643846
"TWF2",1.13530251710572e-07,1.13145100870144,1.21579651548867,0.270187167776552,0.999999999643846
"PTP4A2",1.13516213260618e-07,1.13138572989017,1.21549585829776,0.27024640624908,0.999999999643846
"SCAMP2",1.13429752077962e-07,1.13098353324408,1.21364496522157,0.270611445451446,0.999999999643846
"TLK1",1.13135877128059e-07,1.12961453781449,1.20736446424455,0.271854711833061,0.999999999643846
"MAT2A",1.13127488482532e-07,1.12957541535665,1.20718542683775,0.271890258127009,0.999999999643846
"VIMP",1.1297757269298e-07,1.12887582912884,1.20398803874699,0.272526052345666,0.999999999643846
"WIPF1",1.12933279820095e-07,1.1286689835093,1.20304417645218,0.272714093351885,0.999999999643846
"FHL2",1.12608902249555e-07,1.12715204079579,1.19614310875876,0.274093911490093,0.999999999643846
"CSRP1",1.12164468614208e-07,1.12506758979726,1.18672010268594,0.275992150164784,0.999999999643846
"IKBKG",1.11788469412022e-07,1.12329859087005,1.17877716088189,0.277605081938266,0.999999999643846
"NDUFB3",1.11355996959932e-07,1.12125760357332,1.16967420866429,0.27946819196155,0.999999999643846
"SNN",1.10912068488956e-07,1.11915549976396,1.16036682189462,0.281389477797465,0.999999999643846
"MLH3",1.09908707386476e-07,1.11437775626088,1.13946737055573,0.285764902924891,0.999999999643846
"UQCC2",1.09457311095902e-07,1.11221616920965,1.13012698009636,0.287748255426931,0.999999999643846
"KAT6A",1.08504551630941e-07,1.10762861738159,1.11053846680981,0.291964927762836,0.999999999643846
"EMP3",1.084877917599e-07,1.10754761097956,1.11019542048141,0.292039472410051,0.999999999643846
"HSPA5",1.08160464216965e-07,1.1059633746485,1.10350620108075,0.293497925372321,0.999999999643846
"MYDGF",1.08120603247048e-07,1.10577017156627,1.10269298855526,0.293675864617846,0.999999999643846
"SYTL1",1.07914424126082e-07,1.10476986513697,1.09849146745593,0.294597402623446,0.999999999643846
"PHF20L1",1.06985199742977e-07,1.1002412535794,1.07965523915803,0.298774694141123,0.999999999643846
"AP001189.4",1.06892445407662e-07,1.09978737020908,1.07778396549936,0.299193827459024,0.999999999643846
"RAB37",1.06285487688981e-07,1.09680895967863,1.06557894877955,0.301946196134785,0.999999999643846
"CD69",1.05909475399518e-07,1.09495653129962,1.05805276527535,0.303659724518063,0.999999999643846
"LYST",1.05546037290098e-07,1.09316070502105,1.05080361389012,0.305322079958479,0.999999999643846
"PPP1R15A",1.05395492994566e-07,1.09241528623074,1.04780814999786,0.306012430154418,0.999999999643846
"DNAJB6",1.05139059398347e-07,1.0911434616818,1.04271559184332,0.307190737109961,0.999999999643846
"SEC11C",1.05044488969496e-07,1.09067375553085,1.04084063286254,0.307626043527692,0.999999999643846
"SLA2",1.05002289698887e-07,1.09046404647044,1.04000453201661,0.307820417884131,0.999999999643846
"LINC00152",1.04779431130939e-07,1.0893553569358,1.03559457179653,0.308848276052542,0.999999999643846
"HSP90B1",1.0429947202443e-07,1.08696077470261,1.0261288847421,0.311069618705446,0.999999999643846
"ABI1",1.04217974049126e-07,1.08655323596378,1.02452590915068,0.311447851121038,0.999999999643846
"HLA-A",1.03100317717756e-07,1.08093665032921,1.00266925917527,0.31666548615166,0.999999999643846
"TRAM1",1.03091585669611e-07,1.08089256469182,1.0024994248688,0.316706475084001,0.999999999643846
"CDCA7",1.03002628772483e-07,1.08044326473249,1.00077007398903,0.31712424422025,0.999999999643846
"ZFAND3",1.02826138575657e-07,1.07955087343036,0.997343466549133,0.317954166136849,0.999999999643846
"HK1",1.02773153050563e-07,1.07928270628771,0.996315884404105,0.318203601113184,0.999999999643846
"MAPK14",1.02537935296095e-07,1.07809080925205,0.991760550693176,0.319312460900072,0.999999999643846
"VAPA",1.02226223767235e-07,1.0765077003954,0.985739885176787,0.320785817548061,0.999999999643846
"GRAP2",1.02213044849371e-07,1.07644067702903,0.985485740063923,0.320848207630172,0.999999999643846
"VTI1B",1.01701862990019e-07,1.07383527361897,0.975653281981741,0.323274302093879,0.999999999643846
"HMHA1",1.00902423615782e-07,1.06973816733821,0.960375093725837,0.327092391291066,0.999999999643846
"FAM110A",1.0080051351249e-07,1.06921389059675,0.958436141283963,0.327581205610074,0.999999999643846
"PDE4D",1.00782276827429e-07,1.06912002419476,0.958089374857084,0.327668728307429,0.999999999643846
"CDC42",1.0065092978023e-07,1.06844353649355,0.955593693854824,0.328299545918911,0.999999999643846
"CTD-2336O2.1",1.00646340620819e-07,1.06841988693602,0.955506555627147,0.32832160040684,0.999999999643846
"MSN",1.00560871313352e-07,1.06797926509379,0.953884404094935,0.328732522640709,0.999999999643846
"POLR2L",1.00388606248071e-07,1.06709021051846,0.950619113876407,0.329561757266543,0.999999999643846
"FCGR2A",1.00284374654069e-07,1.06655164180414,0.948646118923628,0.330064155657127,0.999999999643846
"STARD3NL",1.00088423819881e-07,1.06553786100757,0.944942523205988,0.331009984259431,0.999999999643846
"YIF1B",1.00084213473302e-07,1.06551605956162,0.944863024465021,0.331030326262921,0.999999999643846
"CCDC85B",9.97287225533107e-08,1.06367247407601,0.938162792991428,0.332750772573833,0.999999999643846
"SEPT6",9.95516302659749e-08,1.06275197393288,0.934833884755377,0.333609985262612,0.999999999643846
"ICAM3",9.92894228870642e-08,1.0613864868724,0.929915883256194,0.334884783715333,0.999999999643846
"WASF2",9.88747534596739e-08,1.0592207311105,0.922164756190746,0.336907219231309,0.999999999643846
"PFN1",9.85586524251034e-08,1.05756456769493,0.916277888871163,0.338454178749803,0.999999999643846
"SMIM24",9.81737295460502e-08,1.0555416874994,0.909134780013617,0.340344091294269,0.999999999643846
"SERF2",9.77762775090695e-08,1.05344584400858,0.901788496187463,0.342302601874219,0.999999999643846
"PRKAR1A",9.75974350771651e-08,1.05250039845615,0.898492593436454,0.343186224031029,0.999999999643846
"TET2",9.7587250462235e-08,1.05244651326526,0.89830508187703,0.343236587854495,0.999999999643846
"MOB2",9.68685251477748e-08,1.04863166964865,0.885121862433667,0.346802669474116,0.999999999643846
"EAF2",9.66076364529904e-08,1.04724094699035,0.880360618682765,0.348102927903679,0.999999999643846
"MMP24-AS1",9.62200125722213e-08,1.04516870197876,0.873310157523038,0.350040544232337,0.999999999643846
"RAB8A",9.59636756770626e-08,1.04379440085351,0.868663236019821,0.351325647392355,0.999999999643846
"ETV6",9.59294098136192e-08,1.04361045355552,0.868042997551185,0.351497659932804,0.999999999643846
"RPS29",9.52326191392874e-08,1.03985769166045,0.85547860045391,0.355007074134575,0.999999999643846
"PRDX5",9.48849762780562e-08,1.03797658921713,0.849244219717632,0.356766232279749,0.999999999643846
"RBM6",9.48567485209965e-08,1.0378235900795,0.848739003936352,0.356909312334197,0.999999999643846
"LYPLAL1",9.46895930176837e-08,1.03691678190929,0.845750362737919,0.357757326052508,0.999999999643846
"GNAS",9.43985005744965e-08,1.03533435576541,0.840558385170766,0.359237121218736,0.999999999643846
"STAT3",9.43505165608111e-08,1.03507310691253,0.839704068336939,0.359481421132367,0.999999999643846
"COX7A2",9.39869431206123e-08,1.03308993741343,0.83324504950519,0.361335864413921,0.999999999643846
"NDUFA4",9.34708356587132e-08,1.03026346757318,0.824119031995132,0.363978603654799,0.999999999643846
"OSBPL8",9.34468344284452e-08,1.03013170052247,0.823695855482363,0.364101795847716,0.999999999643846
"ZFAND1",9.34284276018834e-08,1.03003062723685,0.823371390055524,0.364196291053632,0.999999999643846
"C9orf16",9.27949201099559e-08,1.0265415834101,0.812243224508558,0.367457870736053,0.999999999643846
"AKAP9",9.25074256926876e-08,1.02495149393203,0.807218086126678,0.368944004640862,0.999999999643846
"LGALS12",9.15594084579295e-08,1.01967807942517,0.790758099864147,0.373870991166407,0.999999999643846
"RAB14",9.14731898333976e-08,1.01919617244491,0.789269536836551,0.374321092927838,0.999999999643846
"LRPPRC",9.14724586507403e-08,1.01919208394318,0.78925691897788,0.374324911477627,0.999999999643846
"NAPA",9.12741780580287e-08,1.01808234134792,0.785838956472797,0.375361306793922,0.999999999643846
"ROCK1",9.12405529656739e-08,1.01789394335263,0.785260062401959,0.375537237842244,0.999999999643846
"DYNLL1",9.09401294653872e-08,1.01620806464565,0.780097397708086,0.377111353763877,0.999999999643846
"PIK3CG",9.03352404772131e-08,1.01279914786011,0.76975426322841,0.380293083693966,0.999999999643846
"TC2N",9.02332369226214e-08,1.01222237653273,0.768016882759324,0.380831245512852,0.999999999643846
"RAB13",8.97822414472889e-08,1.00966556550175,0.760358805798238,0.383216258621749,0.999999999643846
"EP300",8.97163491094895e-08,1.00929108694277,0.759243141201556,0.38356548348784,0.999999999643846
"AIG1",8.96530497749712e-08,1.00893112368354,0.758172151758902,0.383901149059327,0.999999999643846
"G3BP2",8.96334436905057e-08,1.00881958607621,0.757840581067093,0.384005153237818,0.999999999643846
"GPSM3",8.93181892202507e-08,1.0070232594273,0.752519074382736,0.385679847039052,0.999999999643846
"HTT",8.92237677934567e-08,1.00648419062423,0.750928886124319,0.38618229920217,0.999999999643846
"RAB6A",8.9032333593307e-08,1.00538976197237,0.747710029557525,0.387202218842809,0.999999999643846
"BRD3",8.88473679813332e-08,1.00433040395071,0.744606505767959,0.388189234070127,0.999999999643846
"UXS1",8.82787962713801e-08,1.00106217631607,0.735106898354419,0.391232835820583,0.999999999643846
"HERPUD1",8.78451397302153e-08,0.9985573555866,0.727902429355713,0.393563938839389,0.999999999643846
"AC090498.1",8.77133980396199e-08,0.997794318416479,0.725720790398674,0.394273773309527,0.999999999643846
"ARF3",8.76743173784852e-08,0.997567778205259,0.725074245385882,0.394484491849054,0.999999999643846
"MYB",8.76165394576124e-08,0.997232696928824,0.72411890339607,0.394796148705855,0.999999999643846
"MCUR1",8.7475944731544e-08,0.996416533307089,0.721796839172554,0.395555145117454,0.999999999643846
"FGFR1OP2",8.67270230931753e-08,0.992050014730472,0.70949047900869,0.399613012415256,0.999999999643846
"ATF4",8.66810712742693e-08,0.991781049933782,0.708738839214025,0.399862804879628,0.999999999643846
"PRKACB",8.64755705199579e-08,0.990576722951644,0.705382311265755,0.400981048090881,0.999999999643846
"MIR4435-2HG",8.62374085626564e-08,0.989177925637446,0.701502281485001,0.402279365876961,0.999999999643846
"SLC40A1",8.57823953981762e-08,0.986496299541298,0.694119158493741,0.404766826134171,0.999999999643846
"SERPINB1",8.57638260842006e-08,0.986386603328827,0.693818679089881,0.404868535590519,0.999999999643846
"LRP10",8.55256683811299e-08,0.984977911492321,0.689970696897438,0.406174347962648,0.999999999643846
"HMG20B",8.54053311294517e-08,0.98426484799247,0.688030442780337,0.406835109097295,0.999999999643846
"RNF24",8.52875844606194e-08,0.983566304239745,0.686134602183585,0.407482265909105,0.999999999643846
"UNC13D",8.52640489276204e-08,0.983426578625737,0.685755969923377,0.407611694976595,0.999999999643846
"DSTN",8.468524042599e-08,0.979979904775601,0.676477167072356,0.410802444837448,0.999999999643846
"CNPPD1",8.4516715646669e-08,0.978972597216292,0.673787448514564,0.411734238359391,0.999999999643846
"PLEKHO1",8.4460659181274e-08,0.978637155975689,0.67289395385353,0.412044458904688,0.999999999643846
"GAMT",8.44071760886943e-08,0.9783169365158,0.67204202928933,0.412340567397475,0.999999999643846
"CASP3",8.42612174718276e-08,0.977442155713035,0.669719821161687,0.413149307171548,0.999999999643846
"RAB4A",8.41883701380923e-08,0.977005072158012,0.668562320345626,0.413553297023242,0.999999999643846
"GTF2B",8.41231253144297e-08,0.97661332939391,0.667526468764492,0.413915324048614,0.999999999643846
"CBX3",8.38036313914993e-08,0.974691271131609,0.66246565687384,0.415690820930203,0.999999999643846
"NFE2L2",8.37332956387436e-08,0.974267294878015,0.661354118711262,0.416082295147333,0.999999999643846
"PSMB8-AS1",8.34175299164689e-08,0.972360138328418,0.656375473226737,0.41784246132479,0.999999999643846
"PRDX4",8.3400306658288e-08,0.972255936404671,0.656104456878406,0.417938594552303,0.999999999643846
"ARRB1",8.32265975703595e-08,0.97120395573355,0.653374188378644,0.418908896151594,0.999999999643846
"PDIA4",8.27325781401768e-08,0.968201897309014,0.645640565464289,0.421675616773799,0.999999999643846
"USP10",8.23788251579539e-08,0.966042791766509,0.640131031417858,0.423663352780691,0.999999999643846
"TSC22D1",8.23456342966982e-08,0.965839807759752,0.639615311023806,0.423850132939823,0.999999999643846
"CCND1",8.06420794756285e-08,0.955326426707214,0.613424516419405,0.433501325074651,0.999999999643846
"SUPT4H1",8.0450617691254e-08,0.954133008182962,0.610515168582308,0.434593905991029,0.999999999643846
"PLEKHB2",8.03528387212014e-08,0.953522597084019,0.609032040935089,0.435152496758087,0.999999999643846
"FLI1",7.99847149111672e-08,0.951218783169058,0.603464455960086,0.437259223871186,0.999999999643846
"DHRS7",7.99729683435211e-08,0.951145121176048,0.603287219208221,0.4373265445512,0.999999999643846
"ATF7IP",7.98827854156302e-08,0.950579281726492,0.601927371428305,0.437843590052235,0.999999999643846
"NDUFS8",7.96583739965128e-08,0.949168874480616,0.598550182251372,0.439131732492895,0.999999999643846
"TALDO1",7.95955239298233e-08,0.948773258887824,0.597606048536018,0.439492887512718,0.999999999643846
"FLOT1",7.91261482169765e-08,0.94581026590222,0.590578650758595,0.442195445261173,0.999999999643846
"CUX1",7.89651903158614e-08,0.944790742927248,0.588178391963787,0.443124388980702,0.999999999643846
"EIF4E",7.89236738335129e-08,0.944527485647311,0.587560077020778,0.44336417578638,0.999999999643846
"OCIAD2",7.8502788012979e-08,0.941851938821155,0.581310081264303,0.445799268601176,0.999999999643846
"TROVE2",7.84959374598273e-08,0.941808289046752,0.581208629533673,0.445838966332042,0.999999999643846
"MADD",7.84058858019713e-08,0.941234202905715,0.579875852821054,0.446360986774385,0.999999999643846
"HERC1",7.83254652669982e-08,0.940721039810736,0.578686911207051,0.446827470546599,0.999999999643846
"EXOSC4",7.8208127666057e-08,0.939971501414933,0.576954374474508,0.447508591145376,0.999999999643846
"ARF4",7.81898082563392e-08,0.939854392596084,0.576684115461832,0.447614984787877,0.999999999643846
"CKLF",7.78295752119817e-08,0.937546790476171,0.571382602853262,0.449710029356393,0.999999999643846
"ASB8",7.76770674964866e-08,0.936567098895878,0.569145538622567,0.450598656461285,0.999999999643846
"HIST1H2AC",7.73730480212601e-08,0.934609203253869,0.56469911136216,0.452373071049006,0.999999999643846
"C1QTNF4",7.71381546408839e-08,0.933091978682689,0.561275626248757,0.453746729534924,0.999999999643846
"ATP8A1",7.64383249242529e-08,0.928548131521589,0.551137568033131,0.457853256668242,0.999999999643846
"CRBN",7.63251029132709e-08,0.927809669298215,0.549506064750073,0.458519586050115,0.999999999643846
"HDAC8",7.61567996695966e-08,0.926710223058951,0.547085322884291,0.459511081259396,0.999999999643846
"CFL1",7.60871349699887e-08,0.926254529031488,0.546084884235175,0.459921835684294,0.999999999643846
"RCAN3",7.59485801297768e-08,0.925347147672529,0.544097851527688,0.460739388100782,0.999999999643846
"PPP3R1",7.58915838813253e-08,0.924973474765552,0.543281512371881,0.461075934135998,0.999999999643846
"PTMS",7.57706508954571e-08,0.924179832175442,0.541551457332495,0.461790462550729,0.999999999643846
"ATP6V0C",7.5363791713142e-08,0.92150178757079,0.535751226688496,0.464198909554523,0.999999999643846
"LIPA",7.5307403030752e-08,0.921129650282315,0.534949807250843,0.464533259287514,0.999999999643846
"UHRF1",7.5296393111089e-08,0.921056962521273,0.534793399683343,0.464598556879449,0.999999999643846
"RPL4",7.52874754688379e-08,0.920998081374855,0.534666731894666,0.464651449343018,0.999999999643846
"CD34",7.52774184144172e-08,0.920931669805783,0.534523897691784,0.464711103925562,0.999999999643846
"VWF",7.50055220152973e-08,0.919133329651633,0.530669550497361,0.466325502533239,0.999999999643846
"TRAPPC1",7.49691604318124e-08,0.918892410006699,0.530155153491944,0.466541637046599,0.999999999643846
"NUDT3",7.44451526143584e-08,0.915409383761033,0.522769861657831,0.469662523565032,0.999999999643846
"EPS15L1",7.41147275298571e-08,0.9132023051112,0.518139528469924,0.471636386928696,0.999999999643846
"UBE2E3",7.39572981998115e-08,0.912147797401489,0.515940674651738,0.472578430152848,0.999999999643846
"PAPSS1",7.38080334657221e-08,0.911146206947907,0.513860175910343,0.473472573209535,0.999999999643846
"FAH",7.36945290168949e-08,0.910383415494276,0.512280928613756,0.474153123137666,0.999999999643846
"RPL3",7.35674102267428e-08,0.909527938907942,0.510515143061958,0.474915939597433,0.999999999643846
"SCN1B",7.2053960176472e-08,0.899244624793209,0.489726272329681,0.484049433492298,0.999999999643846
"SRGN",7.20456501555625e-08,0.899187654258713,0.48961331806939,0.484099845103691,0.999999999643846
"RPS6",7.18217535817599e-08,0.897650583212937,0.486574899882234,0.485459154376469,0.999999999643846
"HCST",7.17092485684913e-08,0.896876680683756,0.485051705654528,0.486142968109568,0.999999999643846
"PPDPF",7.12517648128284e-08,0.893719010869262,0.478882475273846,0.488928945890091,0.999999999643846
"RIN3",7.10916221740474e-08,0.892609574214193,0.476732259870321,0.489906208865079,0.999999999643846
"SERPINE2",7.10461264964449e-08,0.892293999906655,0.476122277528549,0.490184035697509,0.999999999643846
"GSR",7.0970257710067e-08,0.891767362841434,0.475105936913982,0.490647529336352,0.999999999643846
"EPB41",7.08836742982255e-08,0.891165763409242,0.473947389621648,0.49117676789647,0.999999999643846
"SEMA4D",7.08735878488016e-08,0.891095639876246,0.473812517768472,0.491238440956745,0.999999999643846
"MAPRE1",7.07065413775547e-08,0.889933049853306,0.471581632153402,0.492260442298405,0.999999999643846
"THUMPD1",7.04473675068479e-08,0.88812463211006,0.468130816042068,0.49384833964597,0.999999999643846
"RPL26",6.99776193498709e-08,0.884832377378147,0.461908570150487,0.496733348683002,0.999999999643846
"PAFAH1B1",6.99294739618558e-08,0.884493882648033,0.461273192231572,0.497029545524089,0.999999999643846
"RPN2",6.97038448929203e-08,0.882904900902221,0.45830137699677,0.498418898618428,0.999999999643846
"NDUFA6",6.93602579786378e-08,0.88047675025435,0.453794358437906,0.500538559972181,0.999999999643846
"SEPT11",6.90476689372001e-08,0.878258724799439,0.449713303836149,0.502471133238344,0.999999999643846
"EIF3E",6.90214404593263e-08,0.878072226806992,0.449371712140507,0.502633469329034,0.999999999643846
"SH3BP5",6.89723599892375e-08,0.877723076750703,0.448732851721216,0.50293731787865,0.999999999643846
"ZFAND6",6.88489480386934e-08,0.876844207000133,0.447128456806753,0.503701768225956,0.999999999643846
"PSMD6",6.88246325132072e-08,0.876670887047105,0.44681268601215,0.503852458125592,0.999999999643846
"ARHGEF6",6.85320323169327e-08,0.874581135624565,0.443021613920527,0.505667645017745,0.999999999643846
"CD46",6.83718874502336e-08,0.87343415263367,0.44095353742847,0.506662582184285,0.999999999643846
"UNC45A",6.82603676834769e-08,0.87263407468424,0.439516252797059,0.50735603197162,0.999999999643846
"NRBP1",6.81924467519588e-08,0.872146241474727,0.438642026584509,0.507778620532511,0.999999999643846
"AP2M1",6.80983609086281e-08,0.871469796355511,0.437432463454759,0.50836430626905,0.999999999643846
"DBI",6.80123567820828e-08,0.870850757535889,0.436328259479386,0.508899992968104,0.999999999643846
"TSC22D4",6.79760298096158e-08,0.870589083161698,0.435862277932408,0.509126348563117,0.999999999643846
"BRK1",6.78338696914142e-08,0.869563910738507,0.434041122990786,0.510012663780961,0.999999999643846
"COA3",6.77510712393867e-08,0.868965972917404,0.432982182958952,0.510529252947716,0.999999999643846
"MACF1",6.76380157847848e-08,0.868148522515946,0.431538363558217,0.51123506058912,0.999999999643846
"PLP2",6.67367044868016e-08,0.861589508767108,0.420114050879341,0.516880140584312,0.999999999643846
"CRYL1",6.63467393749112e-08,0.858728191720096,0.41521865882752,0.519332534294705,0.999999999643846
"TCEB1",6.63030638969221e-08,0.858406835143046,0.41467216914164,0.519607572059975,0.999999999643846
"DCK",6.57799381730752e-08,0.854543652142597,0.408154524162487,0.522907685261764,0.999999999643846
"IFITM3",6.57083999720841e-08,0.854013319023822,0.407267239562476,0.523359815600954,0.999999999643846
"RPS18",6.52061542959573e-08,0.85027608475361,0.401065095770124,0.526539709148329,0.999999999643846
"C7orf50",6.52051161369386e-08,0.850268334344235,0.401052325011406,0.526546292302055,0.999999999643846
"PPCS",6.50044040128628e-08,0.848767928452047,0.398587114344336,0.527819833301554,0.999999999643846
"STX7",6.49293222497603e-08,0.848205644550705,0.397666889299948,0.528296638754311,0.999999999643846
"OTUD6B-AS1",6.49279986221391e-08,0.848195726984888,0.397650676054674,0.528305046396519,0.999999999643846
"RPL36",6.48892194444566e-08,0.847905088974335,0.397175812776201,0.528551400794662,0.999999999643846
"PSAP",6.48701773156544e-08,0.847762319779247,0.396942739753154,0.52867239207751,0.999999999643846
"NPTN",6.48372211687848e-08,0.847515145044559,0.396539522718539,0.528881824588618,0.999999999643846
"SDF2L1",6.47942389742958e-08,0.847192612603905,0.396013945308195,0.529155034909263,0.999999999643846
"HDGF",6.46245237306038e-08,0.845917305446928,0.39394210733624,0.530234507175858,0.999999999643846
"PADI4",6.41089868340264e-08,0.842025742944994,0.387681895081761,0.533520419699247,0.999999999643846
"RSL24D1",6.37342931937492e-08,0.839180541688365,0.38316341971143,0.535915071289758,0.999999999643846
"RPS4Y1",6.34818608950302e-08,0.837255657586246,0.380134241131684,0.53753140153088,0.999999999643846
"RHOA",6.33350691302606e-08,0.836133312031566,0.378378273038907,0.538472437529396,0.999999999643846
"CHD9",6.32576553420963e-08,0.835540524192787,0.377453862774214,0.538969045654115,0.999999999643846
"RP11-620J15.3",6.32406616317562e-08,0.835410313759434,0.377251089529051,0.539078090733101,0.999999999643846
"RAP1A",6.31344460709519e-08,0.83459578362418,0.375984933060493,0.539759904142107,0.999999999643846
"RAP2B",6.31262914679207e-08,0.83453320046194,0.375887813023524,0.539812267584113,0.999999999643846
"CALCOCO1",6.29920938453162e-08,0.833502297112143,0.374291342454083,0.540674360618613,0.999999999643846
"AKR7A2",6.27968897312357e-08,0.831999390332682,0.371975178666616,0.541929590215178,0.999999999643846
"DCP2",6.27039934170757e-08,0.831282765857866,0.370875456554028,0.542527455645965,0.999999999643846
"RPL41",6.26823780405111e-08,0.831115889655357,0.370619803589416,0.542666615796764,0.999999999643846
"ZFAS1",6.26159850662093e-08,0.830603011587577,0.369835100766258,0.543094166062587,0.999999999643846
"UBXN11",6.24448646805107e-08,0.829278982487787,0.367816451730954,0.544196901362409,0.999999999643846
"PTPN11",6.23166531337389e-08,0.82828492510877,0.366307603763637,0.545023852040006,0.999999999643846
"IFITM1",6.21981448938974e-08,0.827364545715614,0.364915706410144,0.545788771923518,0.999999999643846
"RNF115",6.19396928608959e-08,0.825352105293034,0.361889337811473,0.54745881346852,0.999999999643846
"TOLLIP",6.18790080041418e-08,0.824878542587261,0.361180569541346,0.547851307390854,0.999999999643846
"RPS21",6.18413388236227e-08,0.824584386395275,0.360740962141693,0.548095011836486,0.999999999643846
"CTR9",6.18357486295851e-08,0.824540719895852,0.360675746191732,0.54813118270749,0.999999999643846
"TGOLN2",6.17874578623958e-08,0.824163367418953,0.360112625090011,0.548443693067571,0.999999999643846
"RPL17",6.17069894000222e-08,0.823534013029839,0.35917525557309,0.548964634556943,0.999999999643846
"PYGL",6.16632953760181e-08,0.823191982723966,0.35866677975583,0.549247605765616,0.999999999643846
"DGKZ",6.15626578406719e-08,0.822403419202339,0.357497011393038,0.549899628059304,0.999999999643846
"PIK3CB",6.13012873323439e-08,0.820350250147205,0.35446787567619,0.551594805482545,0.999999999643846
"MOB1A",6.12380782067321e-08,0.8198525951673,0.353737253074478,0.552005147804644,0.999999999643846
"UROD",6.10341870904106e-08,0.818244334893858,0.351385650349027,0.553329793193495,0.999999999643846
"AQP10",6.09314989534398e-08,0.817432609708826,0.350204253983214,0.553997529620495,0.999999999643846
"RPL9",6.07194302624392e-08,0.815752553580028,0.347770763348785,0.555377767586475,0.999999999643846
"KRAS",6.06212987863854e-08,0.814973437670044,0.346647574910783,0.556017019099718,0.999999999643846
"UBR4",6.06076328858531e-08,0.814864851693862,0.346491302530862,0.556106070461808,0.999999999643846
"FNBP1",6.03586988592665e-08,0.81288321350225,0.34365085698439,0.557729420543063,0.999999999643846
"SMOX",6.02802858681018e-08,0.812257561943431,0.342758551859414,0.558241244958111,0.999999999643846
"PCBD1",6.02114967014458e-08,0.811708125707458,0.341976716747495,0.558690439828223,0.999999999643846
"LEPR",6.02044455323849e-08,0.811651775980058,0.341896625914846,0.55873649404819,0.999999999643846
"S100A4",6.01616378078767e-08,0.811309555164028,0.341410594920858,0.559016129300129,0.999999999643846
"PKM",6.00600930217179e-08,0.810496936178998,0.340259056855989,0.559679727556788,0.999999999643846
"CISD2",5.98690394111791e-08,0.80896483158939,0.338097744012262,0.560929303481701,0.999999999643846
"DAP",5.94225355494802e-08,0.805367865852908,0.333073477313022,0.563854893277839,0.999999999643846
"HIST1H2BK",5.91367007012762e-08,0.803053090511862,0.329876877560464,0.565731596019762,0.999999999643846
"FO538757.3",5.89995680934976e-08,0.801939157183459,0.328348742719072,0.566633029696402,0.999999999643846
"RPS25",5.872855651167e-08,0.799731202629714,0.325339163567067,0.568416532465903,0.999999999643846
"HNRNPA1",5.85611584519451e-08,0.798363045997124,0.323487133454861,0.569519503275411,0.999999999643846
"PDLIM5",5.8469301514408e-08,0.797610872946124,0.32247310867746,0.570125174110249,0.999999999643846
"TSPO",5.83194434797626e-08,0.796381587752564,0.32082221647201,0.571113941482723,0.999999999643846
"EEF1A1",5.83173328942413e-08,0.796364255371677,0.320798995726679,0.571127873009836,0.999999999643846
"PRDX1",5.82561473943988e-08,0.795861559746408,0.320126195750187,0.57153181580517,0.999999999643846
"RPS19BP1",5.79981069736624e-08,0.79373654607384,0.317296535531485,0.573236875620389,0.999999999643846
"FAM50A",5.74704899255012e-08,0.789366266645475,0.311549810715199,0.576730713129273,0.999999999643846
"STON2",5.73302349949288e-08,0.788198765324502,0.310031011161408,0.577661156279018,0.999999999643846
"FO538757.2",5.69918291277661e-08,0.785371755352164,0.306381744209433,0.579909025695976,0.999999999643846
"FAM177A1",5.68772561667927e-08,0.784411375718211,0.3051511194125,0.580671007778791,0.999999999643846
"FKBP4",5.68703488016252e-08,0.784353423651681,0.305077006757759,0.580716961072751,0.999999999643846
"ADD1",5.68593254177919e-08,0.784260926171597,0.304958749877478,0.580790300927831,0.999999999643846
"SSR4",5.64563398035733e-08,0.780868906731753,0.300651330192024,0.583474383117123,0.999999999643846
"ATP6V1E1",5.6124514773485e-08,0.778060306243757,0.297127529177299,0.585688831019476,0.999999999643846
"SPTLC2",5.61127605120428e-08,0.777960557231388,0.297003086268464,0.585767345062698,0.999999999643846
"SUMO3",5.5961332232328e-08,0.776673908516485,0.295402238948143,0.586779265565748,0.999999999643846
"RPSA",5.5959583197877e-08,0.776659030044647,0.295383774033241,0.586790958230435,0.999999999643846
"RPL35",5.57958175782932e-08,0.77526416644089,0.293657423648685,0.58788624391171,0.999999999643846
"NASP",5.57717183334113e-08,0.775058607629932,0.293403806293684,0.588047502547615,0.999999999643846
"ENY2",5.57682236006741e-08,0.775028792386994,0.293367037271956,0.588070889037426,0.999999999643846
"RPL10A",5.54383157145768e-08,0.772206979746478,0.289906363066912,0.590280541262383,0.999999999643846
"ZNF185",5.53180500528217e-08,0.771174740366524,0.288649904895759,0.591087004659858,0.999999999643846
"C12orf76",5.52891755279702e-08,0.770926625280786,0.288348648664963,0.591280703462259,0.999999999643846
"UHMK1",5.5058765595914e-08,0.768942768506615,0.285950350786786,0.592827405256866,0.999999999643846
"BLVRA",5.50038858585538e-08,0.768469202381694,0.285380593762531,0.593196076679507,0.999999999643846
"EBNA1BP2",5.4786510550849e-08,0.766589462934194,0.283129403218904,0.594657392591548,0.999999999643846
"ACRBP",5.47391426628445e-08,0.766179007220147,0.282640032966535,0.594976043603381,0.999999999643846
"NUTF2",5.44134559979525e-08,0.763348602907634,0.2792867380585,0.597169095322521,0.999999999643846
"MOB1B",5.43951288440239e-08,0.763188899907617,0.279098634989099,0.597292612686628,0.999999999643846
"PLIN3",5.430899522311e-08,0.76243771475091,0.278215440362042,0.597873272853388,0.999999999643846
"EEF2",5.42494298700122e-08,0.761917640520878,0.277605489362068,0.598274975924127,0.999999999643846
"PCGF5",5.42196936602618e-08,0.761657826628109,0.277301240168858,0.598475559925293,0.999999999643846
"CHST12",5.4128469181157e-08,0.760860012021852,0.276368908069457,0.599091100038289,0.999999999643846
"ARL8B",5.40010315041429e-08,0.759743566213679,0.275069098479753,0.599951469915159,0.999999999643846
"SEC11A",5.39451336117954e-08,0.75925315049887,0.274499930651374,0.600329029633822,0.999999999643846
"RPL27A",5.39199711665609e-08,0.75903224815089,0.274243912059134,0.600499023263634,0.999999999643846
"FAM46C",5.37825818730177e-08,0.757824546083042,0.272848133311388,0.601427587830671,0.999999999643846
"FXYD5",5.37771666429737e-08,0.757776890295421,0.272793191321886,0.601464200683047,0.999999999643846
"EPB41L4A-AS1",5.3755672363903e-08,0.757587693222261,0.272575168634768,0.601609535335233,0.999999999643846
"UIMC1",5.36750611761131e-08,0.756877561054375,0.271758282444125,0.602154733016411,0.999999999643846
"DYNLT1",5.35998621576684e-08,0.756214285124056,0.270997346537942,0.602663527223589,0.999999999643846
"RPL37A",5.35694707371322e-08,0.755945999007294,0.270690119651005,0.602869209534068,0.999999999643846
"RPL23A",5.35579768761226e-08,0.755844500865572,0.270573973615149,0.602947005637898,0.999999999643846
"ARPC4",5.34218417741565e-08,0.754640924008068,0.269200217397066,0.603868778382463,0.999999999643846
"KRTCAP2",5.33747348453678e-08,0.75422383950752,0.268725669760207,0.604187887450822,0.999999999643846
"DNAJC4",5.32698502345071e-08,0.753294061545294,0.267670582757856,0.604898662605625,0.999999999643846
"UBAC2",5.29679013163908e-08,0.750608598908761,0.264644714320239,0.606946980407314,0.999999999643846
"BEX4",5.29639384188165e-08,0.750573267017312,0.264605115973397,0.606973883932239,0.999999999643846
"FLII",5.29612919731169e-08,0.750549670920761,0.264578673620462,0.606991850556916,0.999999999643846
"SF3A1",5.26401034404358e-08,0.747678403195456,0.261379282160456,0.609174149178237,0.999999999643846
"SERINC1",5.24779658370633e-08,0.746223286790434,0.259771605090168,0.610277108562021,0.999999999643846
"RPL7",5.24766604580627e-08,0.746211555997682,0.259758681716509,0.610285992146686,0.999999999643846
"HTATIP2",5.23967522021801e-08,0.745492985285439,0.258968194693019,0.610829906512082,0.999999999643846
"SH3GLB1",5.22923586860486e-08,0.744552821143583,0.257937303736478,0.611540809229061,0.999999999643846
"ZNF580",5.22705692248667e-08,0.744356383928915,0.257722391116095,0.611689238092082,0.999999999643846
"PCNP",5.19460422553846e-08,0.741422388731596,0.25453213584116,0.613901786488884,0.999999999643846
"NPM1",5.17734755845023e-08,0.739855862310839,0.252843814528168,0.615079740402689,0.999999999643846
"RPS16",5.17144289381609e-08,0.739318824625083,0.252267416452529,0.615483025712318,0.999999999643846
"CAPN2",5.15500309105906e-08,0.737820838095233,0.250666070475098,0.616606466804029,0.999999999643846
"MRPL27",5.15423300838241e-08,0.737750568590208,0.250591184320083,0.616659113721399,0.999999999643846
"ACADM",5.14879265773575e-08,0.737253884874896,0.250062459903405,0.617031100952691,0.999999999643846
"SMIM3",5.14135940296366e-08,0.736574531544907,0.249340956301177,0.6175395130907,0.999999999643846
"UBXN2A",5.09482498874253e-08,0.732302414046141,0.244847815329233,0.6207264841942,0.999999999643846
"RPL38",5.08985951689481e-08,0.73184459115357,0.24437078521414,0.621066973288832,0.999999999643846
"ZEB2",5.07052519330322e-08,0.730058300345262,0.242517779203337,0.622393526819401,0.999999999643846
"RNH1",5.0333942178737e-08,0.726611411841642,0.238978914780147,0.624944570848126,0.999999999643846
"BID",5.02255900031757e-08,0.725601480853299,0.237951138541516,0.625689842437872,0.999999999643846
"IGFBP7",5.02220758613755e-08,0.725568695040111,0.237917842176485,0.625714019936745,0.999999999643846
"AK3",5.0195307322227e-08,0.725318888865539,0.237664287711034,0.625898202243485,0.999999999643846
"SHPRH",5.01618540196444e-08,0.725006539982827,0.237347604485209,0.626128412225014,0.999999999643846
"CST7",4.97069568662551e-08,0.720741477260985,0.233062308826681,0.629262410904769,0.999999999643846
"RCN1",4.96495163552317e-08,0.720200554292819,0.232523974398569,0.629658622176985,0.999999999643846
"RNF10",4.96198585247774e-08,0.71992105436918,0.232246263861702,0.629863236721834,0.999999999643846
"DTD1",4.96198437286704e-08,0.719920914892813,0.232246125355057,0.629863338809847,0.999999999643846
"PPP1R18",4.96119626477124e-08,0.719846618374947,0.232172356273093,0.629917716543226,0.999999999643846
"CD82",4.95442393436007e-08,0.719207761607898,0.231538930522297,0.630385075156075,0.999999999643846
"RPLP2",4.94615208507386e-08,0.718426437815609,0.230766426465908,0.630956116273625,0.999999999643846
"RPL37",4.9140383662021e-08,0.715382499134423,0.227779575195552,0.633175149994781,0.999999999643846
"SLC44A1",4.91377879344933e-08,0.715357826092869,0.227755511968783,0.63319309976598,0.999999999643846
"GNB2L1",4.88737682245049e-08,0.712842419870043,0.225314604438447,0.635019954688048,0.999999999643846
"CSF3R",4.87230366612806e-08,0.711401141211508,0.223926962247223,0.636063923234385,0.999999999643846
"MRPS26",4.8659286415165e-08,0.710790422501014,0.223341364106524,0.636505675969968,0.999999999643846
"PABPC4",4.85497328980654e-08,0.709739317032431,0.222336816370169,0.637265121070268,0.999999999643846
"NFKBIA",4.85451534607658e-08,0.709695335781002,0.222294874656814,0.63729687487375,0.999999999643846
"CCL5",4.85159204199681e-08,0.709414495999179,0.222027231109352,0.637499592374911,0.999999999643846
"GPAA1",4.84930720565701e-08,0.709194892751093,0.221818154819644,0.637658054000526,0.999999999643846
"MYL12B",4.84916334299347e-08,0.709181062673945,0.221804993815043,0.637668031948458,0.999999999643846
"CNBP",4.8412947799782e-08,0.708424092979244,0.221085747858286,0.638213875403576,0.999999999643846
"SRSF4",4.83165812128018e-08,0.707495596933758,0.220206475857539,0.638882639156925,0.999999999643846
"AKIRIN1",4.79334771986025e-08,0.703788664568176,0.216728269078512,0.641544201106472,0.999999999643846
"RPS19",4.76627172223453e-08,0.701153490682195,0.214286735148545,0.64342805316046,0.999999999643846
"KLF6",4.75585441377603e-08,0.700136219357547,0.21335105557886,0.644153464415641,0.999999999643846
"TAF7",4.7505160836044e-08,0.69961418306687,0.212872361715304,0.644525331492733,0.999999999643846
"SELL",4.73411179369109e-08,0.698006863938923,0.211404735620038,0.645668607645997,0.999999999643846
"SETX",4.73032863058872e-08,0.697635508716821,0.211066991575361,0.645932389364715,0.999999999643846
"YBX3",4.7132698339318e-08,0.695957861184067,0.209547411473188,0.647122369691502,0.999999999643846
"TKT",4.70245059478941e-08,0.694891154195882,0.20858648984577,0.647877561657003,0.999999999643846
"ZNF106",4.6983184050559e-08,0.694483193942592,0.208220068025056,0.648166087668144,0.999999999643846
"UCP2",4.69261282848873e-08,0.693919393488315,0.207714655627133,0.648564560686215,0.999999999643846
"RBBP6",4.69211297089084e-08,0.693869971836432,0.207670406411298,0.648599475147525,0.999999999643846
"GLG1",4.6871813626675e-08,0.693382135396562,0.207234095146648,0.648943983536178,0.999999999643846
"FBL",4.68179104242133e-08,0.692848421438507,0.206757725347144,0.649320622196177,0.999999999643846
"CASP8",4.67857077362074e-08,0.692529321252832,0.206473395498674,0.649545675315784,0.999999999643846
"VPS37B",4.66731691532822e-08,0.691412688443777,0.205481285805421,0.650332418495404,0.999999999643846
"MAP2K3",4.65762016784433e-08,0.690448710288681,0.204628363073559,0.651010618736911,0.999999999643846
"H1F0",4.64544183107941e-08,0.689235600562705,0.203559673462706,0.651862793149832,0.999999999643846
"MORC3",4.63869533395812e-08,0.688562398513755,0.202968850208446,0.652335072536733,0.999999999643846
"RPLP0",4.63834912701655e-08,0.688527829562554,0.202938554361209,0.652359312047096,0.999999999643846
"CORO1B",4.63514405301342e-08,0.688207696531208,0.202658192385795,0.652583731172793,0.999999999643846
"SYK",4.6065257492434e-08,0.685340799293777,0.200163413673952,0.654588975538287,0.999999999643846
"UBE2V2",4.59364042390884e-08,0.684045017588037,0.199045189818972,0.65549264755729,0.999999999643846
"LAMTOR5",4.57978545235235e-08,0.682648258515624,0.197846312104002,0.656464885735678,0.999999999643846
"RPS9",4.57578851968344e-08,0.682244645838403,0.197501128545926,0.656745468793093,0.999999999643846
"TMED5",4.5754474847792e-08,0.682210193990958,0.197471690005144,0.656769411547429,0.999999999643846
"MSI2",4.57018100433825e-08,0.681677887827981,0.197017359681559,0.657139195695251,0.999999999643846
"MCM4",4.56019001837821e-08,0.6806666143406,0.196156892189734,0.657840940073301,0.999999999643846
"ABRACL",4.55299125297027e-08,0.679936792196226,0.195538070221326,0.658346752166247,0.999999999643846
"SLC50A1",4.55034438289973e-08,0.679668200599015,0.195310785170799,0.658532770460833,0.999999999643846
"PAK2",4.51282700039606e-08,0.675846699467469,0.192103405172994,0.661171707354348,0.999999999643846
"IFNGR1",4.50435626710584e-08,0.674980122737434,0.191382912452803,0.661768115332807,0.999999999643846
"EIF2AK1",4.4854602731681e-08,0.673041990943838,0.189780559213136,0.663099318935366,0.999999999643846
"LINC00657",4.48481002997641e-08,0.672975172551811,0.189725539409452,0.663145146879037,0.999999999643846
"RPS20",4.47620040458067e-08,0.672089674600066,0.188997794909884,0.6637520562284,0.999999999643846
"IVNS1ABP",4.42660648015177e-08,0.666960450632667,0.18483300477783,0.667252314886916,0.999999999643846
"TMEM256",4.42054905411291e-08,0.666330606486145,0.184327495099031,0.667680336746685,0.999999999643846
"PAICS",4.40721015059955e-08,0.664941040431725,0.183216765609647,0.668623253808573,0.999999999643846
"PRDX6",4.40314953997816e-08,0.664517317674579,0.182879305317335,0.668910399222522,0.999999999643846
"SNRPE",4.40219461593964e-08,0.664417623356282,0.182799990769276,0.668977933554634,0.999999999643846
"PCMTD1",4.39564132839666e-08,0.663732959817493,0.182256148729199,0.669441468714218,0.999999999643846
"PEBP1",4.39450354171097e-08,0.663613999236004,0.182161809011362,0.669521960873649,0.999999999643846
"NOLC1",4.3913202516323e-08,0.663281032541246,0.181897995886925,0.669747181331129,0.999999999643846
"NCL",4.3876703822656e-08,0.662899008737135,0.181595750556877,0.670005449213496,0.999999999643846
"PNN",4.38518529571506e-08,0.662638744891171,0.181390104589956,0.670181318394309,0.999999999643846
"ADH5",4.37411272078235e-08,0.661477577998587,0.180475242517381,0.670965142382862,0.999999999643846
"ETFA",4.35160789125738e-08,0.659109769631891,0.178622928029395,0.672559354975716,0.999999999643846
"CD99",4.3449892018094e-08,0.658411405561343,0.178079979017458,0.673028494909722,0.999999999643846
"RPL35A",4.31393814481475e-08,0.655122908860525,0.175543810092586,0.675231124348914,0.999999999643846
"ITPR2",4.30372069513864e-08,0.654036398700073,0.174713252988523,0.675956516373903,0.999999999643846
"RPL14",4.29879674518821e-08,0.653512005671693,0.174313697698945,0.676306201715143,0.999999999643846
"DCTN2",4.28384982567176e-08,0.651917034496105,0.173103627354335,0.677368118120105,0.999999999643846
"N4BP2L2",4.27844122504554e-08,0.65133871706105,0.1726667972168,0.677752534855338,0.999999999643846
"MMD",4.26288355491182e-08,0.649671717804922,0.171413345851026,0.678858765104439,0.999999999643846
"GNA15",4.2539972294977e-08,0.648717218604432,0.170699440768263,0.67949093924417,0.999999999643846
"C1QBP",4.24386672503691e-08,0.647627000517876,0.169887398680665,0.680211899413113,0.999999999643846
"JKAMP",4.24371847548761e-08,0.647611029803666,0.169875529650831,0.680222452098694,0.999999999643846
"EGFL7",4.22625334154706e-08,0.645726193251035,0.168480152591367,0.681466091405537,0.999999999643846
"SCAF4",4.20274669856525e-08,0.643178829708685,0.166611173856223,0.683141295188928,0.999999999643846
"ZCRB1",4.19357763481337e-08,0.642181899218568,0.165884981135297,0.683795153457361,0.999999999643846
"SSR1",4.17408327240804e-08,0.640056123245061,0.164346292306372,0.685186110375473,0.999999999643846
"RPS14",4.14256314510968e-08,0.636600987297608,0.161873578273632,0.687437384424217,0.999999999643846
"FKBP8",4.13878581073978e-08,0.636185423042963,0.161578508850033,0.687707360934493,0.999999999643846
"POLR2K",4.13732607213608e-08,0.636024742826632,0.161464552340242,0.687811703148427,0.999999999643846
"RPL31",4.12897755059064e-08,0.635104851053318,0.160813585872287,0.688408570194735,0.999999999643846
"PDCD5",4.12108157731456e-08,0.634233361348813,0.160199116240962,0.688973261485182,0.999999999643846
"RPS3",4.10082819811657e-08,0.631991431097645,0.158628363256764,0.690422501441676,0.999999999643846
"SDCBP",4.09727099131106e-08,0.631596693489316,0.158353282648518,0.690677156426706,0.999999999643846
"HMGA1",4.07068629723885e-08,0.628637330970575,0.156305033335227,0.69258142080106,0.999999999643846
"RPL13",4.06631031961459e-08,0.628148623818754,0.155969158921833,0.692895059228724,0.999999999643846
"FAM127A",4.05522043004483e-08,0.626908096038258,0.155119581802758,0.693690137974361,0.999999999643846
"RPS27",4.05495225262221e-08,0.626878061549971,0.15509906592953,0.693709368872114,0.999999999643846
"GUK1",4.05186906209662e-08,0.626532638216463,0.154863295868281,0.69393047742303,0.999999999643846
"FAM63A",4.05074662061192e-08,0.626406830456905,0.154777507848612,0.694010978890053,0.999999999643846
"PHTF2",4.04161846608435e-08,0.625382603336606,0.154080727098289,0.694665777977185,0.999999999643846
"MRPS6",4.01935928193352e-08,0.62287669981787,0.1523882037924,0.69626347303232,0.999999999643846
"HERC2",4.01405634404466e-08,0.622277956174709,0.151986362585056,0.696644300627265,0.999999999643846
"RPL32",4.01284063739001e-08,0.622140598115503,0.151894314623339,0.69673161671672,0.999999999643846
"RPL13A",4.00892543947814e-08,0.621697993224701,0.151598062544453,0.697012846535985,0.999999999643846
"GDI2",3.99713020285401e-08,0.620362331966141,0.150707297933485,0.697860353409651,0.999999999643846
"GLTSCR2",3.99647294382611e-08,0.620287806756433,0.150657739583732,0.697907589633826,0.999999999643846
"MRPL14",3.98306724403657e-08,0.618765474620636,0.149648707330031,0.698871292399084,0.999999999643846
"SVIP",3.95396744841015e-08,0.615445829412593,0.147470065136449,0.700964874017215,0.999999999643846
"PUF60",3.95232447546179e-08,0.615257780978033,0.147347535554596,0.701083145463449,0.999999999643846
"SLC25A6",3.95042509969475e-08,0.615040302449468,0.147205947437686,0.701219883413256,0.999999999643846
"SMIM5",3.94532581416174e-08,0.614455992324635,0.146826160115802,0.701587033908059,0.999999999643846
"GNAI2",3.93514502796945e-08,0.613287478472125,0.1460693774495,0.70232026273989,0.999999999643846
"RPL22L1",3.93338996507438e-08,0.613085777901243,0.145939113495039,0.702446691877217,0.999999999643846
"RTN3",3.91139092831506e-08,0.610550998513198,0.144311234286243,0.704032129717346,0.999999999643846
"CMC2",3.90709942576452e-08,0.610055103369793,0.143994737013145,0.704341562174872,0.999999999643846
"OSTC",3.88928393201506e-08,0.607991487271267,0.14268456372194,0.705626644876395,0.999999999643846
"DNAJC3",3.87619600063884e-08,0.606470328383364,0.141725876356533,0.706571250460422,0.999999999643846
"ITSN2",3.85757089870713e-08,0.604298027110281,0.140367164300004,0.707916273829981,0.999999999643846
"LDHA",3.85399644623951e-08,0.603880104127277,0.140107154405683,0.708174509556836,0.999999999643846
"RAB2A",3.85221886858288e-08,0.603672147510168,0.139977941047166,0.708302942856062,0.999999999643846
"PSMD8",3.83412265712123e-08,0.60155041799813,0.138665907218184,0.709610899410642,0.999999999643846
"ATP5S",3.83398879583901e-08,0.601534691311017,0.138656224861217,0.709620577820749,0.999999999643846
"CLNS1A",3.82845864301923e-08,0.600884571400746,0.138256517327402,0.710020458694916,0.999999999643846
"RNF19A",3.82161590461686e-08,0.600079034252696,0.137762737552504,0.710515362112009,0.999999999643846
"SLC30A5",3.80955327257755e-08,0.598655999685516,0.136894435445777,0.711388093342891,0.999999999643846
"PYURF",3.80780786150379e-08,0.598449774167582,0.136769023194025,0.711514405166007,0.999999999643846
"PCMT1",3.80696361310018e-08,0.598349994739746,0.136708382408931,0.711575504534883,0.999999999643846
"PBRM1",3.80606040625543e-08,0.598243226252664,0.136643521637007,0.711640872854725,0.999999999643846
"MT-ND2",3.78862082265629e-08,0.596177431726162,0.135394173843844,0.712903453165526,0.999999999643846
"TBPL1",3.78789305818671e-08,0.596091048509223,0.13534216251317,0.712956158543575,0.999999999643846
"IL2RG",3.77271016279014e-08,0.594285649775242,0.134259361284798,0.714056030118624,0.999999999643846
"MKI67",3.77233942161427e-08,0.59424148738836,0.134232975463662,0.714082894605263,0.999999999643846
"SNRPN",3.76639245390753e-08,0.593532582454504,0.133810081417913,0.714513869622664,0.999999999643846
"FBXO9",3.7609565490846e-08,0.59288376191673,0.133424113160293,0.714907887728364,0.999999999643846
"CYCS",3.74899700084594e-08,0.591453466641911,0.132576905803035,0.715775035357816,0.999999999643846
"CST3",3.74282914383064e-08,0.590714301999528,0.132141033091015,0.716222389882177,0.999999999643846
"BCAP31",3.73480385076271e-08,0.58975098099655,0.131574972735489,0.716804610030777,0.999999999643846
"TPP1",3.73457408619478e-08,0.589723375049117,0.131558784288622,0.716821281450291,0.999999999643846
"SSFA2",3.73092481207414e-08,0.589284724433912,0.131301802104544,0.71708608614138,0.999999999643846
"RPL8",3.71040112670271e-08,0.586810887278109,0.129861202242937,0.718575992578358,0.999999999643846
"IARS2",3.70338892031042e-08,0.585962987690853,0.12937082233681,0.719085285753825,0.999999999643846
"SETD5",3.68985350932239e-08,0.584322433265007,0.128426882994618,0.720068708822304,0.999999999643846
"KIF5B",3.68441190619934e-08,0.583661437321039,0.128048367796942,0.720464202309357,0.999999999643846
"RPS2",3.67744223848974e-08,0.582813607504608,0.12756437714383,0.720970864150887,0.999999999643846
"APP",3.66970716719985e-08,0.58187106185961,0.127028307907373,0.721533310627835,0.999999999643846
"SMARCA2",3.65268327157013e-08,0.579790650333484,0.125852464406193,0.722771713014047,0.999999999643846
"KIAA0922",3.65136577820749e-08,0.579629300640904,0.125761692843988,0.722867584329086,0.999999999643846
"TNFAIP8",3.63673987086062e-08,0.577834759961645,0.124756208829682,0.723932173803132,0.999999999643846
"CLTC",3.63662297410862e-08,0.577820392390489,0.124748188810797,0.723940684630011,0.999999999643846
"TMBIM6",3.63538314568926e-08,0.577667983016173,0.124663142884525,0.724030954123218,0.999999999643846
"MDH1",3.62998412877338e-08,0.577003775886707,0.124293135872547,0.724424090763727,0.999999999643846
"RSRP1",3.62991157944641e-08,0.576994844856813,0.124288167645182,0.724429374035161,0.999999999643846
"HSPA9",3.62248381268364e-08,0.576079657870782,0.123780034617331,0.72497035691716,0.999999999643846
"NBAS",3.62245119202792e-08,0.576075635095255,0.12377780533603,0.724972733064373,0.999999999643846
"HIST1H3H",3.61197775270907e-08,0.574782449658623,0.123063093014828,0.725735774036683,0.999999999643846
"SDHC",3.61190429012763e-08,0.574773367722578,0.123058087202957,0.725741127105487,0.999999999643846
"RPL29",3.59583045204815e-08,0.572782409113907,0.121965248474198,0.726912716738208,0.999999999643846
"RNF181",3.58590519754522e-08,0.571549236236491,0.121292877805148,0.727636467743299,0.999999999643846
"TMEM109",3.58128406842989e-08,0.570974084946065,0.120980460797055,0.727973524102322,0.999999999643846
"ASAH1",3.58093693380572e-08,0.57093085456891,0.120957008610284,0.727998845566501,0.999999999643846
"ADIPOR1",3.57559374832704e-08,0.570264989644788,0.120596313312552,0.728388637502063,0.999999999643846
"MFF",3.57278940932268e-08,0.569915174370805,0.120407220061698,0.728593245590062,0.999999999643846
"TMEM147",3.56062801516251e-08,0.568395435050033,0.119588908484142,0.729480779749907,0.999999999643846
"CYTL1",3.54308726651746e-08,0.566195643709512,0.118413547244695,0.730761535623268,0.999999999643846
"HPSE",3.54099559512965e-08,0.565932706294547,0.118273776982136,0.730914311352533,0.999999999643846
"GSPT1",3.53654955628137e-08,0.565373367936579,0.117976956685593,0.731239085589198,0.999999999643846
"RPN1",3.53079081010549e-08,0.56464798994018,0.117593053569384,0.731659822067926,0.999999999643846
"RPL6",3.51957238597124e-08,0.563231999323526,0.116846981059229,0.732479676606868,0.999999999643846
"HIGD2A",3.51553988049867e-08,0.562722074391635,0.116579382549419,0.732774451122104,0.999999999643846
"YIPF3",3.51409174652892e-08,0.562538830718309,0.116483358724471,0.732880318750482,0.999999999643846
"SNRPD2",3.50268252269409e-08,0.561092873268331,0.115728212076689,0.733714581792147,0.999999999643846
"KIFAP3",3.49875781999422e-08,0.560594543114176,0.115469013955251,0.734001635894401,0.999999999643846
"C20orf24",3.49575603095431e-08,0.560213075571345,0.115270963705241,0.734221212872565,0.999999999643846
"RPS28",3.47787754091048e-08,0.557935264778849,0.114094908648593,0.735529450924679,0.999999999643846
"PA2G4",3.46157487478741e-08,0.555849490151303,0.113027768328432,0.736723048991689,0.999999999643846
"EIF4EBP1",3.45602654504317e-08,0.55513771971327,0.112665729215753,0.737129414485151,0.999999999643846
"CEP350",3.44488449469819e-08,0.553705403831566,0.111940443309639,0.737945691868839,0.999999999643846
"TUFM",3.44376959700173e-08,0.553561865586382,0.111867998531196,0.73802738663494,0.999999999643846
"RPL7A",3.43779670265826e-08,0.552792204959155,0.111480286012769,0.738465104247042,0.999999999643846
"NEK7",3.41546433319427e-08,0.549904327296431,0.110036609898418,0.740102459812655,0.999999999643846
"DCTN3",3.41263777409918e-08,0.549537666318156,0.109854557766327,0.740309780481055,0.999999999643846
"RPL27",3.40844989225844e-08,0.548993937682313,0.109585103078356,0.740616985265758,0.999999999643846
"RPS17",3.40401089518855e-08,0.54841698268202,0.109299852478275,0.740942655930992,0.999999999643846
"PNPLA2",3.4013980530542e-08,0.548077080247435,0.109132124662482,0.741134370947199,0.999999999643846
"RPL22",3.39917564137161e-08,0.547787793075499,0.108989561357312,0.741297451118852,0.999999999643846
"YPEL3",3.38947115761923e-08,0.546522683192455,0.108368129742524,0.742009700478755,0.999999999643846
"UBC",3.38713075735671e-08,0.546217117737303,0.108218526913852,0.742181504549794,0.999999999643846
"IER2",3.38531122586061e-08,0.545979432945006,0.108102290403318,0.742315081570395,0.999999999643846
"PLK1",3.37102464534205e-08,0.544109381505236,0.107191796132974,0.743364169804049,0.999999999643846
"UBE2C",3.36715532419974e-08,0.543601739680741,0.10694586411374,0.743648382836647,0.999999999643846
"TAF15",3.36038000678481e-08,0.54271164005813,0.106515908794483,0.744146133964849,0.999999999643846
"MDM2",3.35175825455512e-08,0.541576748812519,0.105970032638391,0.744779688646825,0.999999999643846
"HINT1",3.35102826031503e-08,0.541480544405345,0.105923878301738,0.744833338958889,0.999999999643846
"FTL",3.35058749393735e-08,0.541422448065961,0.105896015442896,0.744865733312138,0.999999999643846
"HLA-F",3.34642738089318e-08,0.540873792036586,0.105633216212877,0.745171505197897,0.999999999643846
"VBP1",3.31945582091425e-08,0.537302455725982,0.103937311455333,0.747154910200135,0.999999999643846
"CCS",3.30672943544702e-08,0.535608729126155,0.103141873445059,0.748091351809369,0.999999999643846
"TSC22D3",3.28136936847559e-08,0.53221695046541,0.101565902549712,0.749958520990477,0.999999999643846
"ARFGAP3",3.28057654210651e-08,0.532110553683165,0.101516828892466,0.750016917591123,0.999999999643846
"TRAPPC6A",3.27975038623035e-08,0.531999660741029,0.101465704851794,0.750077770641894,0.999999999643846
"RPS15",3.25781234455144e-08,0.52904620787247,0.100112849327956,0.751694252460715,0.999999999643846
"ATF6B",3.25757933193443e-08,0.529014747050865,0.100098528845185,0.75171142761596,0.999999999643846
"NPR3",3.25113940204297e-08,0.528144481365358,0.0997031491732189,0.752186157827297,0.999999999643846
"MCM6",3.24506776067393e-08,0.527322635579391,0.0993310971502773,0.752633824912283,0.999999999643846
"ZNF148",3.24382206700493e-08,0.527153858559339,0.0992548507489658,0.752725681217033,0.999999999643846
"ACP1",3.23647978930713e-08,0.526157939341299,0.0988060394982851,0.753267165113709,0.999999999643846
"RPS15A",3.2326747644685e-08,0.525641060053463,0.0985738499236418,0.753547828757999,0.999999999643846
"CD74",3.23135168441533e-08,0.525461209495355,0.0984931771591325,0.753645428518055,0.999999999643846
"HLA-DRA",3.22621484785596e-08,0.524762346159479,0.0981802794884599,0.75402439527565,0.999999999643846
"TGFBR2",3.22313399678841e-08,0.524342742404326,0.0979928558926197,0.754251711476069,0.999999999643846
"ACTR2",3.20856524411568e-08,0.522353865977664,0.0971089911888387,0.755326934215584,0.999999999643846
"SEC13",3.2021137032597e-08,0.52147065932034,0.0967188649396145,0.755803231145994,0.999999999643846
"NCF4",3.19774263833229e-08,0.520871402981304,0.0964549918052325,0.756125985854924,0.999999999643846
"TST",3.18938170546932e-08,0.519723199874804,0.0959512618241546,0.7567434666085,0.999999999643846
"HSP90AB1",3.18841771978506e-08,0.519590650966751,0.0958932683489342,0.756814669927433,0.999999999643846
"ENKUR",3.18307664204907e-08,0.518855627300061,0.0955722662331729,0.757209217804324,0.999999999643846
"RPS23",3.18224488487201e-08,0.518741068530972,0.0955223255365987,0.75727066578754,0.999999999643846
"FKBP2",3.18125624692073e-08,0.518604869152392,0.0954629823181359,0.757343705695934,0.999999999643846
"ELF2",3.17074572636743e-08,0.517154651830162,0.0948332259859457,0.758120349755855,0.999999999643846
"TNFRSF1A",3.15596905385424e-08,0.515108843175764,0.093951380294417,0.759212641386954,0.999999999643846
"POLE3",3.13378316537249e-08,0.512021827694518,0.0926351009823371,0.760853524099882,0.999999999643846
"AIF1",3.11467501645677e-08,0.509348065129231,0.0915088655727851,0.762267638283825,0.999999999643846
"SERBP1",3.11417088330176e-08,0.509277333418627,0.0914792451986442,0.762304957841412,0.999999999643846
"HNRNPM",3.11231328724133e-08,0.509016621539377,0.0913701434120177,0.762442475215351,0.999999999643846
"TOX4",3.07986450977342e-08,0.504440897639839,0.0894748369219125,0.764845856242529,0.999999999643846
"SRPK2",3.0635584472099e-08,0.50212595881468,0.0885299121957965,0.766054453173116,0.999999999643846
"EIF3D",3.06300114124536e-08,0.502046653445515,0.0884977053609777,0.766095770486077,0.999999999643846
"CD55",3.05124681138309e-08,0.500371119864728,0.0878197851000047,0.766967362822582,0.999999999643846
"DENND4C",3.04119225121931e-08,0.49893350258771,0.0872419659061501,0.767713150035848,0.999999999643846
"RPL5",3.03446684716596e-08,0.497969626605431,0.0868565323943333,0.768212120456465,0.999999999643846
"KIAA1551",3.02775553298458e-08,0.497005949907989,0.0864727569999956,0.768710141284111,0.999999999643846
"ANXA7",3.02444005173344e-08,0.496529207154018,0.0862834802703258,0.768956205645845,0.999999999643846
"NIPBL",3.0231195720133e-08,0.496339207246249,0.0862081534583406,0.769054213888721,0.999999999643846
"EMB",3.00602283675041e-08,0.49387278864982,0.0852358397209154,0.770323495253105,0.999999999643846
"CDK2AP2",3.00065034500274e-08,0.493095265937342,0.0849314377549907,0.770722482484942,0.999999999643846
"RPL21",2.99561653487882e-08,0.492365678848599,0.0846467193927962,0.771096372642135,0.999999999643846
"RPL15",2.99139763976817e-08,0.491753396602845,0.0844084618231656,0.771409775324594,0.999999999643846
"BLOC1S6",2.99085760490301e-08,0.491674968888637,0.0843779881762562,0.771449894772805,0.999999999643846
"RPS7",2.98282112632301e-08,0.490506422996786,0.0839251475872651,0.772047000781617,0.999999999643846
"FAM204A",2.97956513973038e-08,0.490032220240164,0.0837420256354569,0.772288957278233,0.999999999643846
"INPP5D",2.97657151456811e-08,0.489595837290783,0.0835738357918201,0.772511436902708,0.999999999643846
"VIM-AS1",2.97116031569936e-08,0.488806091062456,0.0832702492137711,0.772913632717531,0.999999999643846
"IFNAR2",2.96108003149218e-08,0.487331627013601,0.0827061841418516,0.773663028179233,0.999999999643846
"EEF1D",2.95908106361444e-08,0.48703872473408,0.0825945551422297,0.773811661925752,0.999999999643846
"BSG",2.95334983193883e-08,0.486198008348294,0.0822749220509185,0.774237855019596,0.999999999643846
"JUNB",2.94796237103952e-08,0.485406448638409,0.0819750262290605,0.774638546250355,0.999999999643846
"SPCS2",2.94344060656787e-08,0.484741128524042,0.0817237425048672,0.774974897839868,0.999999999643846
"TXNIP",2.93494422489076e-08,0.483488630028555,0.0812526244800315,0.775607015629837,0.999999999643846
"NRIP1",2.92588536176549e-08,0.482149798228085,0.0807518173718956,0.776281144964811,0.999999999643846
"RARRES3",2.9163583274938e-08,0.480737950341913,0.0802267982896136,0.776990295829112,0.999999999643846
"TAPBP",2.91199984020165e-08,0.480090736008207,0.079987180140411,0.777314784610944,0.999999999643846
"RPS12",2.89853163174072e-08,0.478085531512531,0.0792489982603772,0.778317736160495,0.999999999643846
"BZW2",2.88440999554609e-08,0.475974479739704,0.0784786776455261,0.779369743894831,0.999999999643846
"HMGN1",2.87521050329036e-08,0.474594490198772,0.0779788786030793,0.780055288366154,0.999999999643846
"MCM7",2.87441217301296e-08,0.474474557253116,0.0779355814203842,0.78011478786549,0.999999999643846
"CSNK1A1",2.86502737885497e-08,0.47306254553124,0.0774275016183297,0.78081433238445,0.999999999643846
"ZNF428",2.8209879810766e-08,0.466383269672909,0.075065462461158,0.784099399551031,0.999999999643846
"RAB7A",2.8123183436483e-08,0.465057903470989,0.0746047796632104,0.784746556516254,0.999999999643846
"AP1S2",2.77951195328277e-08,0.460010855617547,0.0728743652495058,0.787196778276383,0.999999999643846
"LSM5",2.77432520713764e-08,0.459208257293395,0.0726026426080904,0.787584356122457,0.999999999643846
"APBB1IP",2.7730192712992e-08,0.45900597458225,0.0725343073768101,0.787681950029479,0.999999999643846
"PRDX2",2.77051307083204e-08,0.458617549141608,0.0724032564534931,0.787869250263799,0.999999999643846
"PROM1",2.75911011008233e-08,0.456846455394601,0.0718084839819957,0.788721602279556,0.999999999643846
"H2AFY",2.75668999884841e-08,0.456469762925961,0.0716825678020474,0.788902534075732,0.999999999643846
"FAM26F",2.73687868033797e-08,0.453375451050322,0.0706559574684019,0.790384090574799,0.999999999643846
"CDKN3",2.73618652569286e-08,0.453266998702713,0.0706202243060101,0.79043586594101,0.999999999643846
"RPL19",2.72890049759606e-08,0.452123941896236,0.0702446242776753,0.790980940060285,0.999999999643846
"NHP2",2.72610944913335e-08,0.451685382348859,0.0701010090082947,0.791189767928282,0.999999999643846
"HSPD1",2.72575723082624e-08,0.451630010780488,0.0700828958223581,0.791216122172084,0.999999999643846
"CKAP5",2.71723952908093e-08,0.450289095276504,0.0696455769722772,0.791853519936899,0.999999999643846
"SMAD2",2.71108164690061e-08,0.449317441811994,0.0693302692526602,0.79231441407626,0.999999999643846
"OXA1L",2.71062795295602e-08,0.449245778843287,0.0693070666379909,0.792348374221059,0.999999999643846
"ARPC2",2.70643465877095e-08,0.448582944221941,0.0690927988530234,0.792662271587131,0.999999999643846
"RPL24",2.70356259388804e-08,0.448128450345009,0.0689462342877179,0.792877285102661,0.999999999643846
"CPT1A",2.70182023687494e-08,0.447852527700294,0.0688573957710641,0.793007732139308,0.999999999643846
"AP1M1",2.69730608729847e-08,0.447136951855639,0.0686274967473244,0.793345725078599,0.999999999643846
"GNG5",2.67554371777755e-08,0.443672800633394,0.0675245651636152,0.794975706795542,0.999999999643846
"ABTB1",2.6739315158695e-08,0.443415212998233,0.0674432131503969,0.79509649496492,0.999999999643846
"CHMP2A",2.65261776459872e-08,0.439997308418951,0.0663723264239011,0.796693808323993,0.999999999643846
"REEP5",2.65176189048792e-08,0.439859570116604,0.0663295029215797,0.796757967810549,0.999999999643846
"IFI16",2.63928696258674e-08,0.437847622677317,0.065706890890379,0.797693290215753,0.999999999643846
"ITFG1",2.63912115247911e-08,0.437820826308964,0.0656986352330166,0.797705723983059,0.999999999643846
"LTA4H",2.62857611342595e-08,0.436113695409594,0.0651746649055783,0.798496580598077,0.999999999643846
"RPL11",2.62556828720296e-08,0.43562568819189,0.0650255941548566,0.798722199426072,0.999999999643846
"PRRC2B",2.62545336814578e-08,0.435607033590149,0.0650199020412883,0.798730819906136,0.999999999643846
"MZT1",2.61648545456916e-08,0.434149133856453,0.064576476142166,0.799403610022175,0.999999999643846
"DHX29",2.61084963397174e-08,0.433230742609661,0.0642985846866752,0.799826496352683,0.999999999643846
"AASDHPPT",2.6103108569866e-08,0.433142857001817,0.0642720500117413,0.799866926801689,0.999999999643846
"PTTG1",2.60988160813472e-08,0.433072826598814,0.06425091349828,0.799899138516602,0.999999999643846
"NCKAP1L",2.60518266318075e-08,0.432305566875433,0.0640197614663313,0.800251779238268,0.999999999643846
"TMED10",2.59392876211713e-08,0.430463176455516,0.0634678493722958,0.801096513781478,0.999999999643846
"ANAPC5",2.59118012070201e-08,0.430012156012891,0.0633334139674314,0.801302866276473,0.999999999643846
"RANBP1",2.58765762104269e-08,0.42943355673562,0.0631613377079448,0.801567335949876,0.999999999643846
"CKS2",2.5870034001694e-08,0.429326021581552,0.0631294043936945,0.801616457431915,0.999999999643846
"NDUFS6",2.58336535304359e-08,0.428727607012128,0.0629519741979774,0.801889630651527,0.999999999643846
"POMP",2.58208882664061e-08,0.428517463379124,0.0628897762569427,0.801985488045084,0.999999999643846
"PCBP2",2.57729726483281e-08,0.427727877268563,0.0626565847032293,0.802345324357654,0.999999999643846
"SRM",2.57639085958643e-08,0.427578372694169,0.0626125212796699,0.802413398220992,0.999999999643846
"RPL28",2.57560046253033e-08,0.427447966117623,0.0625741100571515,0.802472760731075,0.999999999643846
"LDHB",2.57011488887847e-08,0.426541965783766,0.0623078503182745,0.802884784321618,0.999999999643846
"HELZ",2.57001615064461e-08,0.426525643001723,0.0623030629455807,0.802892201091502,0.999999999643846
"CARHSP1",2.56201755601286e-08,0.425201583755965,0.0619158580137233,0.803493078283976,0.999999999643846
"CMPK1",2.55985250119974e-08,0.42484258124234,0.0618112571802747,0.803655743354072,0.999999999643846
"EEF1B2",2.55787495147637e-08,0.42451444360355,0.0617157926019399,0.803804328208273,0.999999999643846
"WNK1",2.55733149931584e-08,0.424424229870579,0.0616895708213484,0.803845162183464,0.999999999643846
"CHD1L",2.55015684842638e-08,0.423231691738363,0.0613439134276341,0.80438430212703,0.999999999643846
"RPS3A",2.54669960498023e-08,0.422656021188687,0.0611776984875887,0.804644130311748,0.999999999643846
"RBPMS2",2.5428602950754e-08,0.422015949709036,0.0609933790688392,0.804932697884326,0.999999999643846
"COPA",2.53862131514206e-08,0.421308287942974,0.0607901951128514,0.805251336048602,0.999999999643846
"TFAM",2.53782675911446e-08,0.421175531279733,0.0607521479595984,0.805311065309747,0.999999999643846
"SNRPF",2.53437956180519e-08,0.420599152511508,0.0605872175468283,0.80557021506318,0.999999999643846
"RPS5",2.5333314408762e-08,0.420423771741882,0.060537114870366,0.805649013825132,0.999999999643846
"CDK5RAP3",2.52107751326277e-08,0.418368727388316,0.0599528855063098,0.806570422370495,0.999999999643846
"MRPL11",2.52076591497468e-08,0.418316359710642,0.0599380663966886,0.806593855860626,0.999999999643846
"COX7B",2.50485561645016e-08,0.415635076056063,0.0591838329264442,0.807790606944266,0.999999999643846
"GCA",2.50101454693138e-08,0.414985581106328,0.0590024612607614,0.808079594516609,0.999999999643846
"PHYKPL",2.50074028249165e-08,0.414939172553456,0.0589895214002432,0.808100230139998,0.999999999643846
"KCNA3",2.49078978685897e-08,0.413252493234629,0.0585210143852749,0.808848994409199,0.999999999643846
"ZFAND2B",2.48846665092443e-08,0.412857877009715,0.0584119013067921,0.809023833163033,0.999999999643846
"YBX1",2.4880516304917e-08,0.41278734703199,0.0583924193410394,0.809055068523261,0.999999999643846
"SBDS",2.48399872404906e-08,0.412098053826276,0.0582023378676072,0.809360115255725,0.999999999643846
"SRSF8",2.47700407649187e-08,0.410906185525496,0.0578750175217191,0.809886643681817,0.999999999643846
"RPS24",2.47514429860201e-08,0.410588801004827,0.0577881430010141,0.810026654637914,0.999999999643846
"DAZAP2",2.47462392255503e-08,0.410499958618258,0.0577638467171159,0.810065831559543,0.999999999643846
"LMAN2",2.47411809990199e-08,0.410413585602793,0.0577402348254119,0.810103913273521,0.999999999643846
"VCP",2.47308469778939e-08,0.41023707755469,0.0576920104344633,0.810181716096758,0.999999999643846
"RCSD1",2.46847109862556e-08,0.409448292556944,0.0574769595386316,0.810529087819956,0.999999999643846
"ACTN4",2.46818948537914e-08,0.409400104513823,0.0574638458749709,0.810550292535344,0.999999999643846
"OSGEP",2.46708862905896e-08,0.40921168723936,0.057412597515903,0.810633185371105,0.999999999643846
"HECTD1",2.46234092865519e-08,0.408398270342956,0.0571918388995375,0.810990704433681,0.999999999643846
"BTN3A2",2.44845719871748e-08,0.406011882190032,0.0565487131004177,0.81203642562593,0.999999999643846
"LSP1",2.43294339177013e-08,0.403331602668783,0.0558343804106837,0.813205320719968,0.999999999643846
"ATXN2",2.43079183252572e-08,0.402958731938149,0.0557356704619266,0.813367463888034,0.999999999643846
"RPL30",2.42839732779919e-08,0.40254342665616,0.0556259172604749,0.813547925020248,0.999999999643846
"INSIG1",2.42181800045009e-08,0.401400498594535,0.0553249077568537,0.814043824993933,0.999999999643846
"CD63",2.42154053388146e-08,0.401352240245293,0.0553122313848518,0.814064739966369,0.999999999643846
"MYC",2.41620595786016e-08,0.400423505331259,0.0550687976803896,0.814466877267065,0.999999999643846
"PHB2",2.41219127619812e-08,0.399723405048996,0.0548859490129655,0.814769548985791,0.999999999643846
"CRLF3",2.41160245616579e-08,0.399620640017828,0.0548591567745903,0.814813943168117,0.999999999643846
"MRPL4",2.40384018645085e-08,0.398263907156689,0.0545065727455525,0.815399236295933,0.999999999643846
"SOCS2",2.40052396679134e-08,0.397683139037074,0.0543562873079042,0.815649318372297,0.999999999643846
"NKTR",2.39929459671013e-08,0.397467665923116,0.0543006270577892,0.815742032149222,0.999999999643846
"CNOT7",2.38978456849597e-08,0.395797639543516,0.0538710198942891,0.816459324430877,0.999999999643846
"SSRP1",2.38469067154789e-08,0.394900781131462,0.0536416092877832,0.816843594038005,0.999999999643846
"MAP3K8",2.38262052693507e-08,0.394535833002092,0.0535485173908163,0.81699977265548,0.999999999643846
"VPS29",2.38172825391486e-08,0.394378449681766,0.0535084178867629,0.817067090950887,0.999999999643846
"CENPC",2.36619006042003e-08,0.391629645930805,0.0528125265070655,0.818239599095157,0.999999999643846
"AURKA",2.36481303893305e-08,0.391385299394243,0.0527510751267451,0.81834352844326,0.999999999643846
"FKBP1A",2.3640755522834e-08,0.391254385602341,0.0527181785324902,0.818399190838696,0.999999999643846
"MZB1",2.34961515766164e-08,0.38868039979859,0.0520752259862141,0.819490785308477,0.999999999643846
"PDZK1IP1",2.34438005109375e-08,0.387745202430187,0.051843430026592,0.819886062376564,0.999999999643846
"SPI1",2.32372296112101e-08,0.384037540493303,0.0509338367005577,0.821446222949173,0.999999999643846
"TMEM165",2.31383633078696e-08,0.38225305977284,0.0505013473042067,0.822193177285678,0.999999999643846
"FAM13B",2.31358357741967e-08,0.382207353938926,0.050490314813921,0.822212275414908,0.999999999643846
"TPTEP1",2.31137803933578e-08,0.381808341601178,0.0503940959140606,0.822378931081565,0.999999999643846
"ERP44",2.28832395701402e-08,0.377617962715168,0.0493938305561808,0.824121430320322,0.999999999643846
"MTHFD2",2.28800543467546e-08,0.377559815147337,0.0493800808041896,0.824145511322801,0.999999999643846
"CKAP2",2.28655493188963e-08,0.377294932437983,0.0493174907074076,0.824255174676497,0.999999999643846
"PPP3CA",2.28389469839866e-08,0.376808762387032,0.0492028031306401,0.824456307042354,0.999999999643846
"PPA1",2.28078290772814e-08,0.376239454180809,0.0490688175147555,0.824691594935041,0.999999999643846
"RBX1",2.28046345890984e-08,0.376180972862553,0.0490550732184517,0.824715749906453,0.999999999643846
"RPL18",2.27882795905014e-08,0.375881453183109,0.0489847359406633,0.824839420055167,0.999999999643846
"SEC63",2.27641738707766e-08,0.375439654721554,0.0488811574522684,0.82502170607332,0.999999999643846
"DR1",2.26832639761949e-08,0.37395384929816,0.048534301834712,0.825633610812823,0.999999999643846
"PNMA1",2.25444029494835e-08,0.371393265799703,0.0479418920131401,0.826684034672007,0.999999999643846
"TPT1",2.25364218329719e-08,0.371245685947894,0.0479079534699067,0.826744417826066,0.999999999643846
"TFPI",2.24216634405192e-08,0.369118724488395,0.0474212886471665,0.827612764547671,0.999999999643846
"SLC39A10",2.23914248161029e-08,0.368556726966507,0.0472934669446955,0.827841607434653,0.999999999643846
"ITM2C",2.23533077606956e-08,0.36784738147508,0.0471325880947127,0.82813009432194,0.999999999643846
"CDK1",2.22976841146348e-08,0.36681038874406,0.0468983118486214,0.828551120496796,0.999999999643846
"DAB2",2.22568595038416e-08,0.36604788831147,0.0467267377423417,0.828860161251816,0.999999999643846
"PHB",2.22410277389253e-08,0.365751869617049,0.0466602859932601,0.828980014242103,0.999999999643846
"NAA38",2.22244693270704e-08,0.365442071687627,0.0465908348298961,0.829105372508514,0.999999999643846
"MINK1",2.21988246173697e-08,0.364961885389431,0.0464833749779229,0.829299528721939,0.999999999643846
"KPNB1",2.21131279964149e-08,0.363353809077581,0.0461251777022129,0.829948413797745,0.999999999643846
"USP33",2.20930807454e-08,0.362976859419482,0.0460415835704808,0.830100226062315,0.999999999643846
"HSPE1",2.20626073433627e-08,0.362403306449531,0.0459146591202011,0.83033100481957,0.999999999643846
"TGS1",2.2046593964266e-08,0.362101640603066,0.0458480321795409,0.830452281942709,0.999999999643846
"TPP2",2.1944701547623e-08,0.360177759731509,0.0454252211503966,0.831224057356705,0.999999999643846
"CCNA2",2.18636958039874e-08,0.358642800463218,0.0450904786377618,0.831837744643939,0.999999999643846
"HLA-DRB5",2.18544199109059e-08,0.358466723968662,0.0450522265747753,0.831908023959361,0.999999999643846
"ACAP1",2.17920795559037e-08,0.357281710988444,0.0447955676431508,0.832380383935777,0.999999999643846
"KLF3",2.1658246087547e-08,0.354727893318767,0.0442470438613585,0.833394659645072,0.999999999643846
"RPL10",2.16448071119656e-08,0.35447070616904,0.0441921501775722,0.833496524157289,0.999999999643846
"SAFB2",2.1562613525371e-08,0.352894760332328,0.0438571585402662,0.834119594429764,0.999999999643846
"UQCRC1",2.15408402400847e-08,0.352476429094881,0.0437686319521938,0.834284664761184,0.999999999643846
"PDIA3",2.15108293158971e-08,0.351899235501661,0.0436467590759396,0.834512199271283,0.999999999643846
"HSH2D",2.15015870236113e-08,0.351721342017563,0.043609260805866,0.834582274561508,0.999999999643846
"SMARCC1",2.14761690113317e-08,0.351231765137592,0.0435062167334151,0.834775001335784,0.999999999643846
"IGF1R",2.14646247026007e-08,0.351009246560409,0.043459456605219,0.834862536925728,0.999999999643846
"TMEM140",2.13987282768829e-08,0.349737121459448,0.0431930250301414,0.835362240675175,0.999999999643846
"CAT",2.13585875591098e-08,0.348960567883482,0.0430311300955317,0.835666667122081,0.999999999643846
"RPS13",2.13403610750459e-08,0.348607550850356,0.0429577196643904,0.835804904563982,0.999999999643846
"REXO2",2.13003887056708e-08,0.347832449467409,0.0427969432209233,0.836108089843472,0.999999999643846
"BTF3",2.12883705764991e-08,0.347599163935363,0.0427486629666639,0.836199250570427,0.999999999643846
"GOLPH3",2.12822505604021e-08,0.347480324259209,0.0427240875865328,0.836245673376311,0.999999999643846
"TGFB1I1",2.12749166934059e-08,0.347337875346616,0.0426946472049583,0.836301304485144,0.999999999643846
"GTF3A",2.11850273913928e-08,0.345588500993539,0.0423346284555727,0.836983226965893,0.999999999643846
"ANGPT1",2.11131392136671e-08,0.344184887217959,0.0420478036477389,0.837528676650176,0.999999999643846
"SEC61G",2.09616838382502e-08,0.341214321177411,0.0414467064782982,0.838678095667749,0.999999999643846
"ME2",2.09447574916196e-08,0.340881199200936,0.0413797979148244,0.838806573844812,0.999999999643846
"PTPN6",2.0923294910594e-08,0.340458470371514,0.0412950356798167,0.838969490149687,0.999999999643846
"COPE",2.08774332487689e-08,0.339553932857064,0.0411142053278421,0.839317636008159,0.999999999643846
"BLOC1S1",2.08630712439448e-08,0.339270319694252,0.0410576582125067,0.839426667581781,0.999999999643846
"POLD4",2.08336601104256e-08,0.338689003787249,0.0409419800271639,0.839649956760369,0.999999999643846
"BPTF",2.08322114701934e-08,0.33866035307133,0.0409362865352754,0.839660955163409,0.999999999643846
"PPM1K",2.08255649781509e-08,0.338528879190897,0.040910169356188,0.839711417229861,0.999999999643846
"DDX5",2.07452563548637e-08,0.33693746050534,0.0405952578863618,0.840321195258628,0.999999999643846
"PPIF",2.07363274079803e-08,0.336760197148083,0.0405603202708056,0.84038899808419,0.999999999643846
"PNISR",2.06513454470932e-08,0.335069809060918,0.0402285515423429,0.84103437606006,0.999999999643846
"RPL36AL",2.06491290272748e-08,0.3350256425269,0.0402199168919401,0.841051209634787,0.999999999643846
"COX8A",2.05985449121127e-08,0.334016552284485,0.0400231050105072,0.841435412676626,0.999999999643846
"PACSIN2",2.05238687329259e-08,0.332522980950056,0.0397334384388518,0.84200267189183,0.999999999643846
"CTSC",2.04607878765195e-08,0.331257703775909,0.0394895694517888,0.842481914004256,0.999999999643846
"POLD2",2.0388403240648e-08,0.329801700742724,0.0392106572281656,0.843031911296855,0.999999999643846
"PCF11",2.03739378818772e-08,0.329510203800828,0.0391550378637793,0.843141832043809,0.999999999643846
"CITED2",2.03720459791234e-08,0.329472066282966,0.0391477664089424,0.84315620864079,0.999999999643846
"PDXDC1",2.03603597151987e-08,0.329236424170221,0.0391028656746035,0.843245013891408,0.999999999643846
"PGD",2.03047671568168e-08,0.328113870563212,0.0388896218391236,0.843667495348934,0.999999999643846
"EIF2S2",2.0279835663425e-08,0.327609588436523,0.0387941781348503,0.843856979457145,0.999999999643846
"RRM1",2.02654668381014e-08,0.327318713847905,0.0387392241103418,0.843966189377833,0.999999999643846
"EIF3L",2.02246875254181e-08,0.326492239755942,0.0385834744791287,0.844276147920316,0.999999999643846
"TMEM258",2.01844008675081e-08,0.325674351904224,0.0384299145203835,0.844582385533975,0.999999999643846
"NDUFS5",2.01724270550248e-08,0.325430994391988,0.0383843331719825,0.844673408578999,0.999999999643846
"APEX1",2.01387434198224e-08,0.324745741153579,0.0382562529544192,0.844929477411388,0.999999999643846
"PSME2",2.00601172160966e-08,0.323142368797987,0.0379581139861951,0.845527271157078,0.999999999643846
"MPST",2.00561642309707e-08,0.323061616594429,0.0379431556412969,0.845557327989677,0.999999999643846
"AKR1B1",1.99572611849289e-08,0.32103677262777,0.0375698598516028,0.846309418117067,0.999999999643846
"SNU13",1.97103733399793e-08,0.315944591030597,0.0366460688982423,0.848187441246154,0.999999999643846
"LASP1",1.96690722399633e-08,0.315087424145394,0.0364926535150527,0.848501694365147,0.999999999643846
"SH3BGRL",1.96138696569846e-08,0.313939341569509,0.0362881027553909,0.848921759123434,0.999999999643846
"SHOC2",1.95679120597243e-08,0.312981426205851,0.0361182474217794,0.849271506777908,0.999999999643846
"EIF1B",1.95299667346204e-08,0.312189065414188,0.0359783050703919,0.84956030160328,0.999999999643846
"STIP1",1.94589587054533e-08,0.310702762801097,0.0357171572426185,0.85010078474015,0.999999999643846
"SSSCA1",1.94473498100972e-08,0.310459331223848,0.0356745534153135,0.850189153456882,0.999999999643846
"GTF2H5",1.93869269902174e-08,0.309190293715044,0.0354532164739143,0.850649131721755,0.999999999643846
"NDUFA12",1.93798538481453e-08,0.309041518478677,0.035427351632891,0.85070298045976,0.999999999643846
"SLC38A1",1.93650251982028e-08,0.30872946469385,0.0353731573323667,0.850815875133826,0.999999999643846
"PYCARD",1.92965971262962e-08,0.307286817327721,0.0351236104951443,0.851336876830913,0.999999999643846
"JMJD1C",1.92250711830149e-08,0.305774181709667,0.0348637104384285,0.851881534650143,0.999999999643846
"SF3B4",1.92228391144192e-08,0.305726900500574,0.0348556154176055,0.851898532608677,0.999999999643846
"FOS",1.92184534896084e-08,0.305633987530049,0.0348397128536602,0.851931930827743,0.999999999643846
"MT-ND3",1.92130704587192e-08,0.305519918962444,0.0348201985898916,0.851972925040538,0.999999999643846
"NUMA1",1.92066059045918e-08,0.305382896418077,0.0347967708727874,0.852022156070051,0.999999999643846
"ACTR10",1.91819639342649e-08,0.304860224357684,0.0347075400174563,0.852209823110716,0.999999999643846
"HIST1H2BJ",1.91395978892913e-08,0.303960271589565,0.0345543964299599,0.852532491794743,0.999999999643846
"OLA1",1.90796941197906e-08,0.302684869751602,0.0343384358514207,0.852988773575465,0.999999999643846
"TUBB4B",1.906439722953e-08,0.302358638073037,0.0342833971577165,0.853105296543676,0.999999999643846
"UBA52",1.90587936907129e-08,0.302239077333951,0.0342632464955643,0.853147981902396,0.999999999643846
"FEZ2",1.90530088864728e-08,0.302115617506918,0.0342424502062879,0.853192048514569,0.999999999643846
"EMC10",1.90322410296773e-08,0.301672124114184,0.0341678420714309,0.853350254546104,0.999999999643846
"CCNB1",1.88662875349844e-08,0.298113299736911,0.0335745801913597,0.854614671661248,0.999999999643846
"MRPL3",1.8862665568272e-08,0.298035330124799,0.0335616900730897,0.854642271982349,0.999999999643846
"ARID1A",1.88061431159098e-08,0.296816919208115,0.0333608545301172,0.855073010681909,0.999999999643846
"TPX2",1.87546722269568e-08,0.295704677799703,0.0331784925190426,0.855465290683428,0.999999999643846
"NPDC1",1.87530000789007e-08,0.295668500434244,0.0331725764595289,0.855478035384703,0.999999999643846
"MESDC2",1.87345560349701e-08,0.295269275811919,0.0331073564332165,0.855618613852265,0.999999999643846
"C1orf43",1.86950299043903e-08,0.294412594186171,0.0329678041273923,0.855919893083845,0.999999999643846
"TOMM7",1.86552343336435e-08,0.293548508950769,0.0328275982856118,0.856223247279562,0.999999999643846
"KIAA1109",1.8634682190395e-08,0.293101641725206,0.0327553069543699,0.856379920746657,0.999999999643846
"NUP214",1.86103511647765e-08,0.29257206557504,0.0326698265680156,0.856565408773924,0.999999999643846
"TM9SF2",1.86057341832223e-08,0.292471508085483,0.0326536186764933,0.856600607313497,0.999999999643846
"TSPYL1",1.8604536054204e-08,0.292445409449201,0.0326494133075439,0.856609741551177,0.999999999643846
"RER1",1.85951341023545e-08,0.292240558533474,0.0326164223588303,0.856681420360553,0.999999999643846
"SEPT2",1.85746298073797e-08,0.291793501434973,0.0325445317210547,0.856837745559358,0.999999999643846
"MRPL18",1.85519703509209e-08,0.291298964738672,0.0324651770744756,0.857010508289418,0.999999999643846
"C4orf48",1.85518310711346e-08,0.291295923399396,0.0324646896086303,0.857011570222938,0.999999999643846
"PSMA5",1.85444563860367e-08,0.29113486055396,0.0324388841476493,0.85706779860312,0.999999999643846
"RP5-1171I10.5",1.85155536671387e-08,0.290503098602157,0.0323378468028471,0.857288174739953,0.999999999643846
"PARP1",1.84231498468264e-08,0.288477650447177,0.0320158813543689,0.85799280574205,0.999999999643846
"TMEM167A",1.83995369924374e-08,0.287958676524329,0.0319338647742538,0.858172885187001,0.999999999643846
"PTCRA",1.83798448745898e-08,0.287525439245098,0.0318655468684733,0.858323069441229,0.999999999643846
"RALY",1.83673823246628e-08,0.287251051555548,0.0318223483175784,0.858418119194589,0.999999999643846
"DNPH1",1.82898803772742e-08,0.285541115816383,0.0315543634076237,0.859009259409098,0.999999999643846
"PSMA6",1.82655137825027e-08,0.285002234050933,0.0314703431507905,0.859195130107263,0.999999999643846
"ATOX1",1.82599302149581e-08,0.284878663689373,0.0314511058129987,0.85923772318988,0.999999999643846
"ACTG1",1.81730908555609e-08,0.282952650246353,0.0311526709959843,0.859900211815844,0.999999999643846
"SECISBP2",1.81440131879667e-08,0.282305979216887,0.0310530597274911,0.860122064443529,0.999999999643846
"ANAPC11",1.80061993254407e-08,0.27922898736936,0.0305831207663639,0.861173686812566,0.999999999643846
"APLP2",1.79096654269854e-08,0.277061661664184,0.0302560785136767,0.861910459051042,0.999999999643846
"PHPT1",1.78924187046866e-08,0.276673398014442,0.0301978343287355,0.862042103266095,0.999999999643846
"NACA",1.78747366808973e-08,0.276275002822044,0.0301381783376971,0.862177074115244,0.999999999643846
"ERBB2",1.78321629567726e-08,0.275314388324376,0.0299947841733588,0.862502065390763,0.999999999643846
"PNKD",1.77646585151941e-08,0.273787226549681,0.0297681208446893,0.86301741576732,0.999999999643846
"PPP4R2",1.77529277838302e-08,0.273521335495835,0.0297288196070769,0.863106977853199,0.999999999643846
"WBP11",1.76955858611783e-08,0.272219449264062,0.0295370817040213,0.863544798719954,0.999999999643846
"EBPL",1.76353804223422e-08,0.270848667748877,0.0293364364301679,0.864004528392754,0.999999999643846
"RB1CC1",1.76202819321758e-08,0.270504272672079,0.0292862252890317,0.864119827927421,0.999999999643846
"MGMT",1.75552100334688e-08,0.269017099755374,0.0290703159876806,0.864616782190653,0.999999999643846
"CANX",1.75432367180993e-08,0.268742945404964,0.0290306754065907,0.864708228271016,0.999999999643846
"MAPKAPK3",1.75426955321656e-08,0.268730550036264,0.0290288843173983,0.86471236161616,0.999999999643846
"H3F3B",1.75365238548714e-08,0.268589170316154,0.0290084626676709,0.864759498491773,0.999999999643846
"PDCD4",1.72776385562515e-08,0.262620051857702,0.0281583019530407,0.866737195361472,0.999999999643846
"LSM1",1.72218378315428e-08,0.261323458657001,0.027976712744448,0.867163582382221,0.999999999643846
"CHD3",1.71967461206475e-08,0.260739254766357,0.0278952496381137,0.86735532690357,0.999999999643846
"DEK",1.71784273044235e-08,0.260312282619324,0.0278358505200816,0.867495319602869,0.999999999643846
"NT5C",1.71206170059737e-08,0.258962294950462,0.0276488146416963,0.86793713409778,0.999999999643846
"PTRHD1",1.70297204993235e-08,0.256831785291224,0.0273560086997453,0.868631892897764,0.999999999643846
"SNRPD1",1.70256965645915e-08,0.25673724464458,0.027343082382095,0.868662651808907,0.999999999643846
"METTL9",1.69606741116496e-08,0.255206918472515,0.027134630494725,0.869159710222106,0.999999999643846
"POLR3GL",1.68982975269496e-08,0.25373414865144,0.0269354104429299,0.869636591127606,0.999999999643846
"GLUL",1.68416645639539e-08,0.252392965179258,0.0267551702816361,0.870069602021299,0.999999999643846
"RBMX",1.66226615388985e-08,0.247170020008062,0.0260638649755641,0.871744446298537,0.999999999643846
"CD44",1.65907492837581e-08,0.246404054948468,0.0259638860038339,0.871988546178402,0.999999999643846
"LAGE3",1.65617055466383e-08,0.245705846442702,0.0258730609043767,0.872210715087765,0.999999999643846
"ISCU",1.64961479534003e-08,0.244125997114486,0.0256686352743607,0.872712232314752,0.999999999643846
"NIN",1.64803242812682e-08,0.243743865003153,0.0256194144183524,0.872833291474513,0.999999999643846
"JUND",1.64699561083642e-08,0.243493309975733,0.0255871889647988,0.87291261489865,0.999999999643846
"ENOSF1",1.64453731303317e-08,0.242898704387369,0.0255108633362478,0.873100696148676,0.999999999643846
"GCSH",1.64399117468288e-08,0.242766503082691,0.0254939222218391,0.87314248147594,0.999999999643846
"MPHOSPH8",1.63994089091988e-08,0.241784896736264,0.0253684587479915,0.873452381815221,0.999999999643846
"CDK5RAP2",1.63950109802726e-08,0.241678186197979,0.0253548541456387,0.873486032964473,0.999999999643846
"TRIP12",1.63923023219717e-08,0.241612451648399,0.0253464769676011,0.873506758621297,0.999999999643846
"RPL39",1.63508683591649e-08,0.24060576174517,0.0252185049854685,0.873823806872896,0.999999999643846
"UBE2B",1.62770054198479e-08,0.238805754308872,0.0249911769219168,0.874389048406305,0.999999999643846
"MTDH",1.6277001112089e-08,0.238805649127464,0.024991163693937,0.874389081373616,0.999999999643846
"HPCAL1",1.62532600151803e-08,0.238225607686114,0.0249183142865717,0.874570775478995,0.999999999643846
"RPL36A",1.61687023915381e-08,0.236153805318189,0.0246597135484981,0.875217961064672,0.999999999643846
"RPLP1",1.60336971907869e-08,0.232826696035671,0.0242496261477953,0.876251434233235,0.999999999643846
"S100A6",1.59616469222869e-08,0.231041266289754,0.0240321758123995,0.876803069977573,0.999999999643846
"LINC01420",1.59081653882072e-08,0.229711520795173,0.0238713998733445,0.877212577335396,0.999999999643846
"TMED2",1.58966328326948e-08,0.229424279307497,0.0238368014832288,0.877300886262826,0.999999999643846
"ADAR",1.58607033868914e-08,0.228528242078911,0.0237291717464104,0.877576020743513,0.999999999643846
"ARPC1A",1.58530905072805e-08,0.228338163515302,0.0237063979803954,0.877634319275446,0.999999999643846
"ASH1L",1.58416232790882e-08,0.228051702313041,0.0236721146517427,0.877722135205761,0.999999999643846
"EHD1",1.57114689987822e-08,0.224787865690763,0.0232847338662077,0.878718960722305,0.999999999643846
"SRP72",1.57056418763073e-08,0.224641201626487,0.0232674652282768,0.878763593993067,0.999999999643846
"EIF4G1",1.57032201070059e-08,0.224580233940398,0.0232602902157478,0.878782143825499,0.999999999643846
"GRINA",1.57006172906215e-08,0.224514699468876,0.0232525800459084,0.878802080483968,0.999999999643846
"PPP1R10",1.56779644733534e-08,0.223943948187949,0.0231855309038352,0.878975596344161,0.999999999643846
"C17orf62",1.56618423970643e-08,0.223537313773995,0.0231378708003957,0.879099091630453,0.999999999643846
"COMMD2",1.56617674592041e-08,0.223535422841109,0.023137649383485,0.879099665662178,0.999999999643846
"YWHAQ",1.55916238060339e-08,0.221762066551405,0.0229308623882806,0.879637001096113,0.999999999643846
"PARP14",1.55726537004832e-08,0.221281298406895,0.0228750970291866,0.87978233111756,0.999999999643846
"HIST1H2BC",1.55710377598659e-08,0.221240321768617,0.0228703498767428,0.879794711029525,0.999999999643846
"ARL2BP",1.55700289641749e-08,0.22121473912618,0.0228673865850985,0.879802439547383,0.999999999643846
"RNF167",1.55627681117851e-08,0.221030565141946,0.0228460638239739,0.879858066240274,0.999999999643846
"CCNDBP1",1.55231126487442e-08,0.220023394345456,0.0227297841260162,0.88016188431258,0.999999999643846
"ATP6AP2",1.55017246952101e-08,0.219479270068407,0.0226671924705736,0.880325754227151,0.999999999643846
"YPEL5",1.54642208212022e-08,0.218523596249066,0.0225576460556388,0.880613113237525,0.999999999643846
"RPL18A",1.53875224824903e-08,0.216562990915911,0.022334441343269,0.881200833669306,0.999999999643846
"GSTP1",1.53700743654321e-08,0.216115807750933,0.0222838194178946,0.881334543429249,0.999999999643846
"IL1B",1.52973024499412e-08,0.21424602729629,0.0220733068015685,0.881892251229784,0.999999999643846
"SELK",1.52905820812144e-08,0.214072973263255,0.0220539166931643,0.881943757601505,0.999999999643846
"SMPD1",1.52841712662018e-08,0.213907829911733,0.0220354276728199,0.881992891951331,0.999999999643846
"NDUFB9",1.52295610856472e-08,0.212498662301982,0.0218782442875996,0.88241145864185,0.999999999643846
"KXD1",1.50959232434215e-08,0.209031971094931,0.0214959701710521,0.883435881189491,0.999999999643846
"IPO5",1.50882557019423e-08,0.20883227408616,0.0214741391929595,0.8834946639019,0.999999999643846
"MTHFD2L",1.50595892985193e-08,0.208084904577681,0.0213926186290777,0.883714438715344,0.999999999643846
"RPS11",1.50223125556487e-08,0.207111233659895,0.0212868441388755,0.884000239230268,0.999999999643846
"TIMM17B",1.49079465085349e-08,0.204111056513959,0.0209639610647381,0.884877176929826,0.999999999643846
"EIF3M",1.48953987272794e-08,0.203780693948942,0.0209286858516784,0.884973399601507,0.999999999643846
"HLA-DPA1",1.48494815806129e-08,0.202569741214811,0.0207998535365054,0.885325529733386,0.999999999643846
"ALDOA",1.48145337666211e-08,0.20164593324961,0.0207020650677768,0.885593553258043,0.999999999643846
"GNB2",1.47108325494216e-08,0.198893707316254,0.0204132519988434,0.886388940755579,0.999999999643846
"SRP14",1.47102271237288e-08,0.198877590768394,0.0204115718148185,0.886393584702598,0.999999999643846
"ANKRD10",1.47005494692371e-08,0.198619892837731,0.0203847236689874,0.886467818148307,0.999999999643846
"UNG",1.46935807109278e-08,0.198434238047438,0.0203654015964277,0.886521273343783,0.999999999643846
"WSB1",1.46726285083025e-08,0.197875596926171,0.0203073632184018,0.88668199433624,0.999999999643846
"MRPL52",1.45780748565267e-08,0.1953460421075,0.0200464762939535,0.887407358144398,0.999999999643846
"WAPL",1.45769984303017e-08,0.195317164368122,0.0200435159913968,0.887415616440724,0.999999999643846
"UGP2",1.4567512080215e-08,0.195062591300977,0.0200174368309403,0.887488395844506,0.999999999643846
"PLPP5",1.4562847935299e-08,0.194937373687322,0.0200046207399984,0.887524179574144,0.999999999643846
"HPRT1",1.45547112800687e-08,0.194718848100463,0.0199822727445363,0.887586605256851,0.999999999643846
"TOMM5",1.45525090484373e-08,0.194659684981339,0.0199762262812188,0.887603501239906,0.999999999643846
"KMT2A",1.4501996558516e-08,0.193300560049405,0.0198377899888127,0.887991057665354,0.999999999643846
"PSMD7",1.44735243625929e-08,0.192532684589805,0.0197599702249242,0.888209522027954,0.999999999643846
"RPA1",1.44711123707713e-08,0.192467575592451,0.019753384832994,0.888228029394688,0.999999999643846
"FAU",1.44529995574463e-08,0.191978344355447,0.0197039670068091,0.888367012110143,0.999999999643846
"H2AFV",1.43655208665311e-08,0.189608129174543,0.0194661671175121,0.889038299310427,0.999999999643846
"TUBA1A",1.43491030905741e-08,0.189161920389806,0.0194216983440511,0.889164293650844,0.999999999643846
"GAPVD1",1.43474857956917e-08,0.189117941329382,0.0194173205313074,0.88917670534963,0.999999999643846
"SCP2",1.43168586287217e-08,0.188284297392608,0.0193345098166493,0.889411754297112,0.999999999643846
"CDK4",1.4308677484795e-08,0.18806135632548,0.0193124193263567,0.889474542333918,0.999999999643846
"HBP1",1.42900543659099e-08,0.187553459041027,0.0192621808008697,0.889617472250689,0.999999999643846
"RALBP1",1.42554648113338e-08,0.18660861704941,0.0191690441517977,0.889882951917721,0.999999999643846
"AHCY",1.42476889406131e-08,0.1863959433181,0.0191481377332912,0.889942634513613,0.999999999643846
"SIVA1",1.42349173474447e-08,0.186046419056373,0.0191138244326463,0.890040662423892,0.999999999643846
"CLTB",1.42223428626236e-08,0.185702027427156,0.0190800707642963,0.890137179078425,0.999999999643846
"CD53",1.42150147680754e-08,0.185501204693412,0.0190604137299435,0.890193427316309,0.999999999643846
"LAP3",1.41563418229343e-08,0.183890107142184,0.0189033934729822,0.890643803006163,0.999999999643846
"TNRC6B",1.41434513248772e-08,0.183535383836871,0.0188689829992404,0.890742755677412,0.999999999643846
"STAU1",1.40941986150962e-08,0.182177490482531,0.0187377943162021,0.891120855037004,0.999999999643846
"MEA1",1.40823301790045e-08,0.181849672910694,0.0187062501772144,0.891211969426278,0.999999999643846
"SLC25A5",1.39784283075734e-08,0.178969686650509,0.0184312325893019,0.89200968884494,0.999999999643846
"SSBP1",1.39718750547018e-08,0.178787429340132,0.0184139550796095,0.892060005923658,0.999999999643846
"NDUFS2",1.38416562997079e-08,0.175150598351492,0.0180723161406659,0.893059939285759,0.999999999643846
"ILF2",1.37872667086781e-08,0.173622916912849,0.017930567976689,0.89347764050975,0.999999999643846
"SLC25A3",1.37821520284571e-08,0.173478992469728,0.017917266992151,0.893516921756624,0.999999999643846
"SLIRP",1.37452120961654e-08,0.172438165687164,0.0178213493674064,0.893800631817358,0.999999999643846
"ATP5E",1.37429706397975e-08,0.172374933145298,0.0178155375225649,0.893817847330467,0.999999999643846
"MTCH1",1.37345120002129e-08,0.172136231585374,0.0177936137566952,0.89388281439052,0.999999999643846
"STX16",1.36993392326485e-08,0.171142313130619,0.0177025949758225,0.894152968452788,0.999999999643846
"COX6A1",1.36977632400832e-08,0.171097727464885,0.0176985221438686,0.894165073582427,0.999999999643846
"HIST1H1C",1.36879673422062e-08,0.170820498050987,0.0176732171478629,0.894240315996222,0.999999999643846
"MIF",1.36449847664937e-08,0.169602060950725,0.0175623975244193,0.894570476936622,0.999999999643846
"IL17RA",1.36335366105549e-08,0.169276984773061,0.0175329401486263,0.894658416441671,0.999999999643846
"STOML2",1.35999460317075e-08,0.168321816227617,0.0174466505669481,0.894916451394715,0.999999999643846
"ATP5B",1.35861964174787e-08,0.167930256461628,0.017411391095772,0.895022075917103,0.999999999643846
"HIST1H1B",1.35855016706827e-08,0.167910462571904,0.0174096104356783,0.89502741301069,0.999999999643846
"CENPF",1.34913831348735e-08,0.165220926574134,0.0171692231174471,0.895750482025762,0.999999999643846
"NOP56",1.34618054762075e-08,0.164372405420055,0.0170940241917888,0.895977731359644,0.999999999643846
"NQO2",1.34501443706375e-08,0.164037435127619,0.0170644220874709,0.896067327629536,0.999999999643846
"COX5B",1.34313833375596e-08,0.163497995586383,0.0170168504184558,0.896211477856709,0.999999999643846
"SSR2",1.33895373998505e-08,0.162292469652573,0.0169109824255005,0.896533013076237,0.999999999643846
"TXNL4A",1.33460439988416e-08,0.161036068219666,0.0168012965528612,0.896867225060837,0.999999999643846
"FBXW5",1.33106694031645e-08,0.160011615411166,0.0167123486362455,0.897139064020279,0.999999999643846
"POLR2G",1.32999236754203e-08,0.159699957423337,0.0166853757090726,0.897221642832044,0.999999999643846
"RHOG",1.32966929246752e-08,0.159606214027486,0.0166772704380957,0.897246470736064,0.999999999643846
"SMAP1",1.32724548424392e-08,0.158902301394065,0.0166165250135459,0.897432740488201,0.999999999643846
"LAPTM5",1.32673777044542e-08,0.158754714172364,0.0166038147417403,0.897471759028853,0.999999999643846
"NOP58",1.3173058440681e-08,0.156004141931328,0.0163685771580745,0.898196661213692,0.999999999643846
"GLIPR1",1.31085546297583e-08,0.15411335996498,0.0162086673567261,0.898692462063276,0.999999999643846
"ARPP19",1.30833973209371e-08,0.153373776959774,0.016146513262872,0.898885841447074,0.999999999643846
"MARCKSL1",1.30748587873012e-08,0.153122482269184,0.0161254449492818,0.898951476874597,0.999999999643846
"CLEC2B",1.30708377968696e-08,0.153004093327535,0.0161155281630983,0.898982386335351,0.999999999643846
"LBR",1.30675462042875e-08,0.152907156701129,0.0161074125281864,0.899007689009438,0.999999999643846
"YY1",1.29934646329319e-08,0.150719937784469,0.0159253002885695,0.899577185700253,0.999999999643846
"NDUFA5",1.29631427826656e-08,0.149821629211197,0.0158510597146952,0.899810297649255,0.999999999643846
"SRSF1",1.2873708753281e-08,0.14716158602108,0.0156330980678893,0.900497909549816,0.999999999643846
"DICER1",1.28660066251544e-08,0.14693176378662,0.0156143976129478,0.900557130721189,0.999999999643846
"BUD31",1.28580674172232e-08,0.146694744389415,0.015595133251404,0.900618175363427,0.999999999643846
"NUTM2A-AS1",1.28579441116823e-08,0.146691062204985,0.0155948341462497,0.900619123465492,0.999999999643846
"ATP5G3",1.28450336785213e-08,0.14630536030243,0.0155635328770619,0.900718393173719,0.999999999643846
"ARGLU1",1.28247603550745e-08,0.145699021977043,0.0155144437819904,0.900874280069961,0.999999999643846
"SEC62",1.28195856107107e-08,0.145544123657093,0.0155019262641126,0.900914070648037,0.999999999643846
"RPL34",1.2711302143011e-08,0.142290507660523,0.0152411513780017,0.901746760393356,0.999999999643846
"FAM96B",1.2706394827171e-08,0.142142496729416,0.0152293856744657,0.901784499761269,0.999999999643846
"CCAR1",1.26139207185898e-08,0.139344192660959,0.0150085206437298,0.902495706809469,0.999999999643846
"IL16",1.25988887344891e-08,0.138887664698676,0.0149727707099046,0.90261132336831,0.999999999643846
"CDC5L",1.25793531895938e-08,0.138293666137745,0.0149263738462203,0.902761581567685,0.999999999643846
"NAP1L1",1.2517856021082e-08,0.136418624252953,0.014780788305425,0.903234611504519,0.999999999643846
"TAOK3",1.24781109180706e-08,0.135202611825676,0.0146870771567399,0.903540345060378,0.999999999643846
"CDC123",1.24650664952516e-08,0.134802793243288,0.0146563859237531,0.903640690548518,0.999999999643846
"ANXA5",1.24311487912955e-08,0.133761522739235,0.014576733779994,0.903901612976678,0.999999999643846
"NDUFB4",1.24132478928789e-08,0.133210988381209,0.0145347829096149,0.904039325359945,0.999999999643846
"TACC3",1.23940798967983e-08,0.132620732913247,0.0144899296107512,0.904186788780299,0.999999999643846
"PLD3",1.23890688474911e-08,0.132466295141114,0.0144782151351433,0.904225340380347,0.999999999643846
"MGST1",1.23827410926362e-08,0.132271201012731,0.0144634293266179,0.904274022138517,0.999999999643846
"AFF1",1.23485822569033e-08,0.131216560651334,0.0143837422107967,0.904536824903322,0.999999999643846
"STMN1",1.23229701043231e-08,0.130424160389282,0.0143241375460058,0.904733880181536,0.999999999643846
"ISYNA1",1.23205290916395e-08,0.130348565865621,0.0143184632746166,0.904752661198852,0.999999999643846
"BAZ2A",1.23037610394834e-08,0.129828938363458,0.0142795153762072,0.904881675109282,0.999999999643846
"MTR",1.23014430075777e-08,0.129757056983834,0.0142741353539401,0.904899510315864,0.999999999643846
"CD81",1.22806909588776e-08,0.129113027270791,0.0142260161701701,0.905059181123749,0.999999999643846
"SNHG7",1.22433144451698e-08,0.127950717697325,0.0141395536507638,0.905346773884769,0.999999999643846
"BCL11A",1.22380108227231e-08,0.127785543849302,0.0141273062136826,0.905387583497428,0.999999999643846
"SRRM2",1.22129849087592e-08,0.12700532140133,0.0140695864971075,0.905580152960071,0.999999999643846
"MCL1",1.21914993851886e-08,0.126334386368924,0.0140201265931292,0.905745484248006,0.999999999643846
"DDX18",1.21869042021056e-08,0.126190760136527,0.0140095597374769,0.905780844751712,0.999999999643846
"SNHG8",1.21780053015909e-08,0.125912486137485,0.0139891075932284,0.905849323425855,0.999999999643846
"IGLL1",1.21180243527448e-08,0.124032303230061,0.0138516444299838,0.906310906080654,0.999999999643846
"SMARCA5",1.20850199766094e-08,0.122994345315091,0.0137762951308534,0.906564904359744,0.999999999643846
"UXT",1.20847000611145e-08,0.12298427242245,0.0137755657664093,0.906567366443245,0.999999999643846
"RPS10",1.20271809831518e-08,0.121169509255845,0.0136447437915377,0.907010050328229,0.999999999643846
"CEBPZ",1.20127089182901e-08,0.120711739854055,0.0136119266562433,0.907121436185972,0.999999999643846
"SUDS3",1.19821232194428e-08,0.119742724860097,0.0135426999263599,0.907356848427773,0.999999999643846
"DDX3X",1.19577212606262e-08,0.11896810703899,0.0134875958525098,0.907544671449262,0.999999999643846
"KDELR2",1.19342600015572e-08,0.118222077135055,0.0134347219734239,0.907725258735405,0.999999999643846
"TMEM261",1.19247020504611e-08,0.117917790782911,0.01341321129819,0.907798830087064,0.999999999643846
"UBR2",1.18011739774106e-08,0.113966302647324,0.0131367555550609,0.908749745750473,0.999999999643846
"LINC00493",1.18004168604669e-08,0.11394197486627,0.013135070003914,0.908755574420185,0.999999999643846
"NIPSNAP3A",1.17967530656582e-08,0.113824230497499,0.0131269149139613,0.908783780237722,0.999999999643846
"ADK",1.17943497150445e-08,0.113746976405949,0.0131215667702568,0.908802282556019,0.999999999643846
"RNASET2",1.17616457407631e-08,0.112694390947643,0.0130488993592683,0.909054060696619,0.999999999643846
"DHX15",1.17590407412491e-08,0.112610440982606,0.0130431197918712,0.909074116203813,0.999999999643846
"RPA2",1.17309590993328e-08,0.111704458814417,0.0129808979011418,0.909290316301546,0.999999999643846
"HNRNPR",1.17136329102935e-08,0.111144549589546,0.01294258161386,0.909423713697383,0.999999999643846
"RP11-354E11.2",1.16998812677431e-08,0.110699651017588,0.012912210629326,0.909529591845182,0.999999999643846
"AP003068.23",1.16731887485363e-08,0.109834808125739,0.0128533610968743,0.909735110388404,0.999999999643846
"USP15",1.16253465912235e-08,0.108280478375021,0.012748218895021,0.91010348527428,0.999999999643846
"ARHGAP30",1.15845566111923e-08,0.106950945303012,0.0126589162104135,0.910417575095031,0.999999999643846
"ATP5G2",1.15707324244674e-08,0.106499444499377,0.0126287217348752,0.910524026875437,0.999999999643846
"HIST1H2AG",1.15374318959891e-08,0.105409948312803,0.0125561355006496,0.910780460887021,0.999999999643846
"SRRM1",1.15240764089861e-08,0.104972241225339,0.012527082892255,0.910883308747533,0.999999999643846
"LSM2",1.15190207715919e-08,0.104806436883324,0.012516093986171,0.910922241561725,0.999999999643846
"MORF4L2",1.15172162839886e-08,0.104747241982957,0.01251217292936,0.910936137740773,0.999999999643846
"NDUFA11",1.15031396677629e-08,0.104285196810814,0.0124816062685332,0.91104454129309,0.999999999643846
"SMARCB1",1.15022411028357e-08,0.104255686288697,0.0124796563494845,0.911051461167882,0.999999999643846
"VPS36",1.14932234077545e-08,0.10395941956922,0.0124600960533329,0.911120907075017,0.999999999643846
"ARMC8",1.14847764115153e-08,0.103681722457321,0.0124417875764771,0.911185958605883,0.999999999643846
"SNRPB",1.14288435861583e-08,0.101838503531716,0.0123208954110204,0.91161672032558,0.999999999643846
"SHARPIN",1.1423775897701e-08,0.101671121854002,0.012309971363281,0.911655749966332,0.999999999643846
"COX20",1.13783095638368e-08,0.100166562564364,0.0122121796176396,0.912005925978787,0.999999999643846
"SRSF3",1.13716907994713e-08,0.0999471083837985,0.012197976096537,0.912056904299964,0.999999999643846
"CDC42SE2",1.13469344498786e-08,0.0991253097070174,0.0121449235362522,0.91224758314828,0.999999999643846
"HPGD",1.13161671705678e-08,0.0981018390594259,0.0120791507661395,0.912484566539475,0.999999999643846
"DDX17",1.12778844390663e-08,0.0968250449055819,0.0119975611806452,0.912779448180412,0.999999999643846
"DUSP1",1.12528187945848e-08,0.095987056867015,0.0119442901234533,0.912972528643676,0.999999999643846
"POLE4",1.12470098645753e-08,0.095792626787125,0.0119319615437403,0.913017275519702,0.999999999643846
"LY6E",1.12306633345926e-08,0.0952450333083986,0.0118973026560299,0.913143196256076,0.999999999643846
"GOLGB1",1.12052850944955e-08,0.0943935360158537,0.0118435940812814,0.913338694462261,0.999999999643846
"STRA13",1.11830455649209e-08,0.0936459946992915,0.0117966279268398,0.91351001830292,0.999999999643846
"C19orf60",1.11523635636821e-08,0.0926125886910525,0.0117319858519447,0.913746385936645,0.999999999643846
"ENSA",1.1133803383882e-08,0.0919862809376107,0.0116929687281573,0.913889373332298,0.999999999643846
"SPEN",1.11224937035661e-08,0.0916042018814537,0.0116692254362511,0.913976504336523,0.999999999643846
"HSP90AA1",1.1118806380117e-08,0.0914795599789821,0.0116614895674099,0.914004912099976,0.999999999643846
"CXCR4",1.10907469640152e-08,0.0905299148887423,0.0116027059718235,0.914221090183351,0.999999999643846
"HIST1H1E",1.10610744450702e-08,0.0895234414496117,0.0115407045641084,0.914449702993899,0.999999999643846
"MRPS21",1.10592039828831e-08,0.0894599193213806,0.0115368017558526,0.914464114263155,0.999999999643846
"BAX",1.10564864693388e-08,0.0893676144235022,0.0115311327107426,0.914485051822538,0.999999999643846
"MRPS36",1.10305375008544e-08,0.0884852372599466,0.0114770703515156,0.914684983184698,0.999999999643846
"STK26",1.10008952877539e-08,0.0874751024324776,0.011415468883782,0.91491337682686,0.999999999643846
"ADD3",1.0986590866451e-08,0.086986810797796,0.0113858012052431,0.915023595095574,0.999999999643846
"RNPC3",1.09702066095924e-08,0.0864268550748428,0.0113518673317223,0.915149840897598,0.999999999643846
"HNRNPC",1.09575881690547e-08,0.0859951146206404,0.0113257674621905,0.915247071371177,0.999999999643846
"ARHGAP4",1.09514694264979e-08,0.0857856087422798,0.0113131223242635,0.915294219352484,0.999999999643846
"RAB11B",1.08696550877923e-08,0.0829746376885558,0.0111447214876602,0.915924668447835,0.999999999643846
"EIF3F",1.07435005866648e-08,0.0786046207080992,0.0108875287951694,0.916896899732766,0.999999999643846
"COPB2",1.06986254174165e-08,0.0770395673239828,0.0107967652112543,0.917242767963313,0.999999999643846
"BRAF",1.06801967245657e-08,0.0763952295695665,0.0107596017634148,0.917384808723533,0.999999999643846
"SET",1.06177015933475e-08,0.0742030685461206,0.0106340506332582,0.917866515015789,0.999999999643846
"VAMP5",1.06117642664458e-08,0.0739942304778871,0.0106221610201856,0.917912280915594,0.999999999643846
"HIST2H2AC",1.06010492072013e-08,0.07361708900632,0.0106007207357447,0.917994875056419,0.999999999643846
"GGNBP2",1.05794164025018e-08,0.0728546790776637,0.0105575006100754,0.91816162838602,0.999999999643846
"RFC1",1.05310689004797e-08,0.0711459332487717,0.0104612264030024,0.918534321078003,0.999999999643846
"ARRB2",1.05171690546542e-08,0.0706534313565962,0.0104336293046759,0.918641473073074,0.999999999643846
"DKC1",1.05122650580106e-08,0.0704795394090556,0.0104239014865251,0.918679277659788,0.999999999643846
"CD59",1.04992721207441e-08,0.0700184847579079,0.0103981499670105,0.918779440244845,0.999999999643846
"TRBC2",1.04664604850809e-08,0.0688519909119535,0.0103332602894737,0.919032390957837,0.999999999643846
"PRPF8",1.03925196624331e-08,0.0662118143062133,0.0101877763536147,0.919602443860694,0.999999999643846
"SNRNP40",1.03464374518876e-08,0.0645582502544007,0.0100976279770274,0.919957739403484,0.999999999643846
"SNRPA",1.02471051070117e-08,0.0609724197527893,0.0099046714640422,0.92072364969896,0.999999999643846
"CCDC124",1.02470586532616e-08,0.0609707358732859,0.00990458166149095,0.920724007901718,0.999999999643846
"GOPC",1.02271681821011e-08,0.0602491362027232,0.00986616759585205,0.920877383898484,0.999999999643846
"LINC00116",1.02206470964645e-08,0.060012299104798,0.00985358980092509,0.920927668818784,0.999999999643846
"UQCR11",1.01971750695167e-08,0.0591587571153224,0.0098083836318628,0.921108667217737,0.999999999643846
"UQCRB",1.01551529221257e-08,0.0576264554373431,0.00972771029376307,0.921432720221342,0.999999999643846
"ATP5A1",1.01330141301135e-08,0.0568170045992773,0.0096853426389298,0.92160344835169,0.999999999643846
"BUB3",1.00406366914201e-08,0.0534230675776544,0.00950955509068009,0.922315876047198,0.999999999643846
"FKBP5",1.00204643475491e-08,0.0526783929159998,0.00947138274738039,0.922471456289308,0.999999999643846
"GRSF1",9.93114854024917e-09,0.0493657843229983,0.00930329191387614,0.923160344621218,0.999999999643846
"MT-ND5",9.93033909391397e-09,0.049335646877426,0.00930177543093884,0.923166588104447,0.999999999643846
"ODC1",9.7958709118947e-09,0.0442997413111024,0.00905156761121321,0.924203843766959,0.999999999643846
"RP11-1000B6.3",9.78407280243336e-09,0.0438550844267386,0.00902977739432171,0.924294857760833,0.999999999643846
"RPS8",9.74406015962845e-09,0.0423436377885077,0.00895607261445328,0.924603534114737,0.999999999643846
"ATP5F1",9.73564009260845e-09,0.0420249014992236,0.00894060100439773,0.924668491921031,0.999999999643846
"HN1",9.6918891452444e-09,0.0403649382713115,0.00886042531081839,0.925006022911709,0.999999999643846
"SF3A3",9.67546233955899e-09,0.0397400331900818,0.00883041565275131,0.925132756365338,0.999999999643846
"COX7C",9.66925992173029e-09,0.0395038465017387,0.00881909787370727,0.925180608757784,0.999999999643846
"CFAP97",9.66364122236969e-09,0.0392897759828978,0.00880885149229485,0.925223957926403,0.999999999643846
"CSDE1",9.62812513619541e-09,0.0379341608990417,0.00874422139830562,0.925497975371457,0.999999999643846
"RRM2",9.62769305917269e-09,0.0379176426613631,0.00874343659496777,0.92550130903205,0.999999999643846
"DERA",9.61461872590499e-09,0.0374175133162919,0.00871970567956194,0.925602183770796,0.999999999643846
"CD52",9.59525256046398e-09,0.0366756358411939,0.00868461386825669,0.9257516052037,0.999999999643846
"CDKN1B",9.54693498113069e-09,0.034819100623742,0.00859737009746568,0.926124415344225,0.999999999643846
"SP100",9.49902770185542e-09,0.0329703927002048,0.00851130201460876,0.926494075696164,0.999999999643846
"HLA-DMA",9.49672796179905e-09,0.0328814472698381,0.00850718129544537,0.92651182126394,0.999999999643846
"AZIN1",9.46531362317857e-09,0.0316646118132154,0.00845099237238554,0.926754228523448,0.999999999643846
"C16orf13",9.45461238160016e-09,0.0312493114039981,0.00843189422261997,0.926836805702075,0.999999999643846
"CNTRL",9.44983773318228e-09,0.0310638843897335,0.00842338003649428,0.926873649998491,0.999999999643846
"HNRNPA3",9.44450250055716e-09,0.0308565920110785,0.00841387130061072,0.926914820313203,0.999999999643846
"MCM3",9.43008085182863e-09,0.0302957598620426,0.00838819514615278,0.927026108626593,0.999999999643846
"SUN2",9.38128962758974e-09,0.0283929104591912,0.00830161868201372,0.92740262906688,0.999999999643846
"CTNNB1",9.35650955105856e-09,0.0274232539599386,0.00825782021437099,0.927593862417805,0.999999999643846
"CDKN1A",9.33719669106001e-09,0.0266660106972093,0.00822376530734808,0.927742906945805,0.999999999643846
"HMGB1",9.31269139830341e-09,0.0257032484975752,0.00818065572471441,0.927932027058436,0.999999999643846
"ARHGDIB",9.26186583615456e-09,0.0236995016312207,0.00809160481634979,0.928324287370338,0.999999999643846
"EIF3K",9.2431927055768e-09,0.0229609733374016,0.00805901024377242,0.928468406792615,0.999999999643846
"HDDC2",9.22790328924912e-09,0.0223553228439579,0.00803237103847451,0.928586412419343,0.999999999643846
"PAFAH1B3",9.2222348120975e-09,0.022130563120446,0.00802250588798735,0.928630162833881,0.999999999643846
"SEPW1",9.16027081878544e-09,0.0196659168286381,0.00791506197933664,0.929108427085232,0.999999999643846
"SAP18",9.15533062469213e-09,0.0194688062109855,0.00790652699183574,0.92914655869263,0.999999999643846
"PTBP3",9.1103693479908e-09,0.0176706930130583,0.00782906072143957,0.929493606320201,0.999999999643846
"NME4",9.04467601477645e-09,0.0150297817887201,0.00771655973529002,0.930000704879291,0.999999999643846
"PRKDC",8.97198677877672e-09,0.0120884750383242,0.00759302697453314,0.930561839175049,0.999999999643846
"ZFAND5",8.96734169149055e-09,0.0118998247904998,0.00758516669928917,0.930597698725091,0.999999999643846
"MEPCE",8.95983889573986e-09,0.0115949385458673,0.00757247929409717,0.930655619759777,0.999999999643846
"RBM8A",8.95711533081326e-09,0.011484208873371,0.00756787630856498,0.930676645572776,0.999999999643846
"PSMD11",8.94858941231402e-09,0.0111373918676028,0.00755347605005215,0.930742465637501,0.999999999643846
"HNRNPU",8.94697899618592e-09,0.0110718517411412,0.0075507576003532,0.930754898098282,0.999999999643846
"HIF1A",8.88178746026187e-09,0.00841021527299465,0.00744112235264847,0.931258192863153,0.999999999643846
"HLA-DQB1",8.86399790823378e-09,0.00768100783593156,0.00741134418783273,0.931395537382827,0.999999999643846
"SAT1",8.86230095775203e-09,0.00761138326122962,0.00740850675931323,0.931408638822835,0.999999999643846
"PSMB9",8.8521866687545e-09,0.00719616547606471,0.00739160617784576,0.931486727373994,0.999999999643846
"SPAG9",8.8235762238906e-09,0.00601943503314047,0.00734390375137717,0.931707621228624,0.999999999643846
"MZT2A",8.79729746336258e-09,0.00493573138420239,0.00730022502079015,0.931910517385742,0.999999999643846
"NR3C1",8.78010955050921e-09,0.00422542695229013,0.00727172693791733,0.932043226246933,0.999999999643846
"RPS27L",8.77638656259353e-09,0.00407141503916765,0.00726556145407275,0.932071971899255,0.999999999643846
"MPL",8.76394007094577e-09,0.0035561254373171,0.00724496832595759,0.932168073450882,0.999999999643846
"AMD1",8.73651415288214e-09,0.00241847264819136,0.0071996943966904,0.932379837277113,0.999999999643846
"CUL5",8.73540349346575e-09,0.00237233724184784,0.00719786394121322,0.932388413116049,0.999999999643846
"NDFIP1",8.72649619956699e-09,0.00200215810307816,0.00718319242613643,0.932457190125353,0.999999999643846
"CASP4",8.67551685194703e-09,-0.000122726426808416,0.0070995105407552,0.93285083306428,0.999999999643846
"PRMT1",8.64320819248816e-09,-0.00147491879976544,0.00704673015634236,0.933100316629522,0.999999999643846
"RUVBL2",8.60984669841472e-09,-0.00287571143476123,0.00699243648759611,0.933357936952629,0.999999999643846
"HOPX",8.5728652763581e-09,-0.00443392526513779,0.00693249700215682,0.933643518826774,0.999999999643846
"MYCBP2",8.49691094751945e-09,-0.00765234774474288,0.00681019936928634,0.934230088173838,0.999999999643846
"XRN1",8.49065262833191e-09,-0.00791862635527328,0.00680017108822733,0.934278420632722,0.999999999643846
"RAD21",8.45675434013876e-09,-0.00936384782745464,0.00674598114212733,0.934540218391737,0.999999999643846
"DTYMK",8.44644113294493e-09,-0.00980452303220761,0.00672953741544685,0.934619869085947,0.999999999643846
"ZFR",8.41649137656273e-09,-0.011086861975689,0.00668189825614389,0.934851179974531,0.999999999643846
"GUSB",8.40072154371257e-09,-0.0117636351378555,0.006656882202142,0.93497297730208,0.999999999643846
"ADSL",8.32086493568228e-09,-0.0152074834633658,0.00653092412232226,0.935589768178709,0.999999999643846
"CD96",8.27423636144308e-09,-0.0172314308959364,0.00645793305120374,0.935949932596168,0.999999999643846
"ATIC",8.25163726451393e-09,-0.0182158672464013,0.00642270462798614,0.936124495314839,0.999999999643846
"SMC4",8.24005563041183e-09,-0.0187212658234543,0.00640468803066839,0.936213956785255,0.999999999643846
"CFLAR",8.22586986514455e-09,-0.0193411304001777,0.006382654879804,0.936323534770184,0.999999999643846
"ITGA4",8.2256639296476e-09,-0.0193501357259665,0.00638233530296342,0.936325125528414,0.999999999643846
"XRCC6",8.20899689816441e-09,-0.0200796051769402,0.00635649743382296,0.936453871622863,0.999999999643846
"LGALS8",8.19816942706866e-09,-0.0205541712761302,0.00633974035522773,0.936537510359631,0.999999999643846
"NDUFB7",8.16531433002011e-09,-0.0219974873414232,0.00628902771554338,0.93679130971513,0.999999999643846
"TTC3",8.12336277692145e-09,-0.0238476340359666,0.00622457049850844,0.93711538679047,0.999999999643846
"MAPK1IP1L",8.10973584800276e-09,-0.0244503641373648,0.00620370459903908,0.937220657491798,0.999999999643846
"TRA2B",8.1084507367e-09,-0.0245072502631007,0.00620173861164555,0.937230585285576,0.999999999643846
"C4orf3",8.08431969766159e-09,-0.025576855395348,0.00616488034784621,0.937417005173937,0.999999999643846
"CKS1B",8.0652986517367e-09,-0.0264218837501007,0.00613590462022763,0.937563951171857,0.999999999643846
"UBXN4",8.0435298892693e-09,-0.0273910727359408,0.0061028269134965,0.937732127105227,0.999999999643846
"CHD2",8.03083862961542e-09,-0.0279571470357493,0.00608358375561335,0.937830175506187,0.999999999643846
"TIMM8B",8.02026662007203e-09,-0.0284292788746794,0.00606757711545182,0.937911852013743,0.999999999643846
"TMEM106C",8.02007579725238e-09,-0.0284378056483474,0.00606728839228224,0.937913326265624,0.999999999643846
"AIMP1",7.98503814625197e-09,-0.0300063805906919,0.00601439134314071,0.938184022455405,0.999999999643846
"GNPTAB",7.98418221596204e-09,-0.0300447725868176,0.00601310202586367,0.938190635347482,0.999999999643846
"MIS18BP1",7.96473815356038e-09,-0.0309178669073352,0.00598384999730603,0.938340860745342,0.999999999643846
"TMED4",7.95624577797251e-09,-0.0312997701312476,0.00597109627988897,0.938406473777718,0.999999999643846
"PUM2",7.91682272367068e-09,-0.0330772012523414,0.00591206953262611,0.938711066121775,0.999999999643846
"MCM5",7.9114369551229e-09,-0.0333206109072935,0.00590402837555707,0.938752678609232,0.999999999643846
"IDS",7.87486115592007e-09,-0.0349774064635699,0.00584956408923383,0.939035281504513,0.999999999643846
"AP2B1",7.86811069047008e-09,-0.0352839042661106,0.00583953969517408,0.939087439812994,0.999999999643846
"ZC3H7A",7.86043680658464e-09,-0.0356326017357218,0.00582815447235477,0.939146733345906,0.999999999643846
"USP1",7.82383370862628e-09,-0.0372998388951061,0.00577400180400128,0.939429557872277,0.999999999643846
"ATP6AP1",7.81271633227721e-09,-0.0378075436799051,0.00575760417939925,0.939515461041773,0.999999999643846
"CHD1",7.78149215877886e-09,-0.0392367857855239,0.00571167465157884,0.939756731751412,0.999999999643846
"LSM8",7.75204093193834e-09,-0.0405893685368599,0.00566852161806591,0.939984307883878,0.999999999643846
"TMSB10",7.72370176948524e-09,-0.0418950270657517,0.00562715250554387,0.94020329547645,0.999999999643846
"CAPZA1",7.69938893545311e-09,-0.0430184463223841,0.00559178172114418,0.940391173687,0.999999999643846
"GBAS",7.69924407114526e-09,-0.0430251491168622,0.00559157130393447,0.940392293140573,0.999999999643846
"DAD1",7.65987167410535e-09,-0.0448508935249853,0.00553452917025586,0.940696551674436,0.999999999643846
"TRMT112",7.6533185522932e-09,-0.0451555469742526,0.00552506349477183,0.94074719315204,0.999999999643846
"C17orf89",7.59644682956195e-09,-0.0478088991667802,0.00544325521909585,0.941186698772042,0.999999999643846
"TM7SF3",7.5596215400169e-09,-0.0495360457578603,0.00539060860820658,0.941471294784628,0.999999999643846
"CACYBP",7.55958214101554e-09,-0.0495378974578978,0.00539055241913909,0.941471599275005,0.999999999643846
"NFAT5",7.54510954428023e-09,-0.050218648147224,0.00536993206978557,0.94158344955226,0.999999999643846
"TRAPPC2L",7.52091353132599e-09,-0.0513592555050217,0.0053355461908738,0.941770449026606,0.999999999643846
"UBA2",7.51130840081472e-09,-0.0518129131909456,0.00532192659748032,0.941844683401893,0.999999999643846
"EIF4E2",7.46029942895381e-09,-0.0542304391405215,0.00524989008063162,0.942238920660639,0.999999999643846
"YWHAB",7.42809347935588e-09,-0.0557640908614267,0.00520466059766506,0.942487840740691,0.999999999643846
"AK2",7.41006444590217e-09,-0.0566251163924151,0.00517942636363644,0.942627189759697,0.999999999643846
"CNOT2",7.37277556535822e-09,-0.058411639084604,0.00512742976739588,0.942915406502301,0.999999999643846
"NME2",7.36696171665921e-09,-0.0586908773982866,0.00511934642153876,0.942960344126066,0.999999999643846
"MRPS25",7.3514001974879e-09,-0.0594392218410038,0.00509774167564441,0.943080626390245,0.999999999643846
"IL18",7.34011675432335e-09,-0.0599826824836628,0.0050821049441372,0.943167842214835,0.999999999643846
"COPS3",7.33786258192648e-09,-0.0600913388984797,0.00507898396337106,0.943185266012097,0.999999999643846
"SLC38A2",7.2970021304774e-09,-0.0620658662055198,0.00502257740975163,0.943501104688656,0.999999999643846
"HTATSF1",7.29268893621582e-09,-0.0622748461056088,0.00501664156125777,0.943534444868054,0.999999999643846
"CSK",7.29262823642393e-09,-0.0622777878428457,0.00501655805081761,0.943534914066721,0.999999999643846
"GATA2",7.2407314300591e-09,-0.0648005837657742,0.00494541305678197,0.943936074362495,0.999999999643846
"PGAM1",7.22497530048489e-09,-0.0655695724088031,0.00492391362941329,0.944057871450179,0.999999999643846
"RPL12",7.21335395911002e-09,-0.0661376779918869,0.00490808618149724,0.944147706884389,0.999999999643846
"HSPB1",7.20832580613562e-09,-0.066383719897008,0.00490124608824372,0.944186575793799,0.999999999643846
"HSD17B11",7.20569902982188e-09,-0.0665123138549871,0.00489767462610587,0.944206881499858,0.999999999643846
"ANAPC15",7.18186047639508e-09,-0.0676811649012381,0.00486532235868958,0.944391161754589,0.999999999643846
"ARID4B",7.16995653560106e-09,-0.0682660791017927,0.00484920717205895,0.944483184444709,0.999999999643846
"ENO1",7.14288893877715e-09,-0.0695991699841034,0.00481266339991211,0.944692431610912,0.999999999643846
"CNN2",7.10070608539231e-09,-0.0716853180801219,0.00475598817352051,0.945018535489601,0.999999999643846
"TSPAN3",7.02493911335304e-09,-0.0754590839103604,0.00465503361872363,0.945604291927145,0.999999999643846
"EZR",7.01238177062351e-09,-0.0760878882258161,0.00463840639776064,0.945701375920915,0.999999999643846
"U2AF2",7.00415305216863e-09,-0.0765004599208878,0.00462752685718062,0.945764994662673,0.999999999643846
"FKBP11",6.99347063114086e-09,-0.0770366732417327,0.00461342222720117,0.945847584246159,0.999999999643846
"PDCD6IP",6.98577458274915e-09,-0.0774234166022606,0.00460327402280704,0.945907085484979,0.999999999643846
"SPCS1",6.98344511260518e-09,-0.0775405493237113,0.00460020452739144,0.945925095613068,0.999999999643846
"TBL1XR1",6.96846514128848e-09,-0.078294585137379,0.00458049018256279,0.94604091282587,0.999999999643846
"LST1",6.9592348691345e-09,-0.0787598919946488,0.00456836379056464,0.946112276974716,0.999999999643846
"UBE2L6",6.9440983221523e-09,-0.0795240816917266,0.00454851274268804,0.946229306614868,0.999999999643846
"ANXA6",6.93693481051736e-09,-0.0798862375258237,0.00453913311814588,0.946284692385152,0.999999999643846
"PIH1D1",6.92669995858092e-09,-0.0804042213414502,0.00452574879647304,0.946363825136433,0.999999999643846
"PCIF1",6.9138695728062e-09,-0.0810544885270312,0.00450899815786345,0.946463026510542,0.999999999643846
"ANKRD11",6.90090156470416e-09,-0.081712778514135,0.00449209940476764,0.946563292789972,0.999999999643846
"GADD45GIP1",6.89172461548231e-09,-0.0821792629510389,0.00448015999143792,0.946634247803335,0.999999999643846
"MRPS18C",6.89060604858172e-09,-0.0822361584158514,0.00447870579752593,0.946642896450415,0.999999999643846
"ASPM",6.88869211805306e-09,-0.0823335280319378,0.00447621813788407,0.946657694783872,0.999999999643846
"SEC14L1",6.87358772875448e-09,-0.0831027627351743,0.00445661023044567,0.946774481167316,0.999999999643846
"ATP6V0D1",6.87353720211705e-09,-0.0831053383714339,0.00445654471103702,0.946774871838673,0.999999999643846
"BRD7",6.84457475236016e-09,-0.0845843901567998,0.00441906749440513,0.946998811257528,0.999999999643846
"EIF2S3",6.82778291403077e-09,-0.0854443632767536,0.00439741143929096,0.947128648689202,0.999999999643846
"MAP4K5",6.81621814019925e-09,-0.0860376895466145,0.00438252754485944,0.947218070360468,0.999999999643846
"YWHAG",6.8147600715746e-09,-0.0861125562013753,0.00438065279779947,0.94722934455236,0.999999999643846
"URI1",6.8011309980777e-09,-0.0868130230338261,0.00436314828229583,0.947334728847707,0.999999999643846
"PSMD1",6.78810701132714e-09,-0.087483512218352,0.00434645365439185,0.947435435282468,0.999999999643846
"LMNB1",6.78425279350319e-09,-0.0876821422218831,0.00434151931164808,0.947465237726343,0.999999999643846
"PPIH",6.77635584300443e-09,-0.0880894186213307,0.00433141803441047,0.947526300520278,0.999999999643846
"EIF3H",6.70514989215661e-09,-0.0917802035002044,0.00424086721517653,0.94807691102327,0.999999999643846
"PTPMT1",6.66515599476824e-09,-0.0938678903749605,0.00419042748390879,0.948386180617978,0.999999999643846
"PMPCB",6.63731243312759e-09,-0.0953276527019466,0.00415548975123703,0.948601497237065,0.999999999643846
"KMT2E",6.62468187967975e-09,-0.0959915628947337,0.00413968932105621,0.94869917161451,0.999999999643846
"CAST",6.58600650831991e-09,-0.0980312318877735,0.0040914948038603,0.948998260115466,0.999999999643846
"SNRNP200",6.5069816104775e-09,-0.102230861493589,0.00399389691810348,0.949609406169649,0.999999999643846
"GCC2",6.50557988643577e-09,-0.102305745710049,0.00399217638509069,0.949620246795441,0.999999999643846
"VMA21",6.50362956448634e-09,-0.102409960561619,0.00398978309739907,0.949635330172442,0.999999999643846
"PSMD13",6.49582493390499e-09,-0.102827265825086,0.00398021302612184,0.949695689713379,0.999999999643846
"SSR3",6.48359236420055e-09,-0.103482190412841,0.00396523651726778,0.949790294680993,0.999999999643846
"GGH",6.47457064739211e-09,-0.103965884163762,0.00395420918851113,0.949860067819035,0.999999999643846
"AURKAIP1",6.45755160060358e-09,-0.104879918730489,0.00393344845343748,0.949991692626705,0.999999999643846
"C22orf39",6.45699730373014e-09,-0.104909722683542,0.00393277321156895,0.949995979565397,0.999999999643846
"HELLS",6.44706938613754e-09,-0.105443906563152,0.00392068888494022,0.950072762444566,0.999999999643846
"NDUFAB1",6.42248327509756e-09,-0.106769822410693,0.00389084255175117,0.950262914324082,0.999999999643846
"FXN",6.39943721709517e-09,-0.108016625148925,0.00386296931375907,0.95044115782387,0.999999999643846
"EVL",6.38699875626123e-09,-0.108691145647001,0.00384796715199024,0.95053736076447,0.999999999643846
"OFD1",6.3737913072985e-09,-0.109408596204815,0.00383206945563083,0.95063951208854,0.999999999643846
"MDK",6.36915330049932e-09,-0.109660841604996,0.00382649453268522,0.950675384351206,0.999999999643846
"RSF1",6.36443409581275e-09,-0.109917664115805,0.00382082617456411,0.950711884734508,0.999999999643846
"G6PD",6.35248863344092e-09,-0.110568472208523,0.00380649694996647,0.950804276602309,0.999999999643846
"PPP6C",6.3217275256368e-09,-0.112249209902395,0.0037697212646692,0.951042200631233,0.999999999643846
"COMMD6",6.30671831984736e-09,-0.113071825132184,0.00375184217875612,0.951158292012236,0.999999999643846
"PRKACA",6.29293570562573e-09,-0.113828687692698,0.00373546165012521,0.951264897014866,0.999999999643846
"SMIM10L1",6.28555375919802e-09,-0.114234644321928,0.00372670300213659,0.951321994844834,0.999999999643846
"XPNPEP1",6.28125986846073e-09,-0.114470966284524,0.00372161304814978,0.951355207317232,0.999999999643846
"AP2S1",6.2807241475706e-09,-0.114500460320433,0.003720978251668,0.951359351027873,0.999999999643846
"RPS4X",6.27143081195775e-09,-0.1150124457121,0.00370997483379843,0.951431233619064,0.999999999643846
"GARS",6.25927923982256e-09,-0.115682874329485,0.00369561181122075,0.951525224847645,0.999999999643846
"SKP1",6.22533475104233e-09,-0.11756157128781,0.00365563739921723,0.951787785735629,0.999999999643846
"NCOA7",6.17881460071895e-09,-0.120150541588318,0.00360120646491656,0.952147627960192,0.999999999643846
"RPS27A",6.16387266225628e-09,-0.120985631899594,0.00358381026614311,0.952263208774225,0.999999999643846
"PRPF6",6.15719071480632e-09,-0.121359638840071,0.00357604441717238,0.952314896163024,0.999999999643846
"LETMD1",6.12417910362012e-09,-0.123212490696124,0.00353780148147292,0.952570256390738,0.999999999643846
"SNRPA1",6.11096051012369e-09,-0.123956806154188,0.00352254579096993,0.952672509750881,0.999999999643846
"TMF1",6.08587989950692e-09,-0.125372837427971,0.00349369065402005,0.952866524719372,0.999999999643846
"MAF1",6.075397071928e-09,-0.125966166471195,0.00348166537076226,0.952947617092728,0.999999999643846
"MIEN1",6.06746969477019e-09,-0.12641543752924,0.00347258531650309,0.953008941503058,0.999999999643846
"CALM2",6.05733732841396e-09,-0.126990402999008,0.00346099691824359,0.953087323619934,0.999999999643846
"PPP1CC",6.05678206357513e-09,-0.127021935468669,0.00346036242103491,0.953091619059412,0.999999999643846
"KLF2",6.04813013269959e-09,-0.127513581864828,0.00345048343486437,0.953158549180946,0.999999999643846
"RNF213",6.02803596553519e-09,-0.128657755006573,0.00342759390980401,0.953313996108453,0.999999999643846
"ATP5J2",6.01249864599303e-09,-0.129544693422997,0.00340994736996657,0.953434192832097,0.999999999643846
"STRAP",5.98535506538486e-09,-0.131098874872632,0.00337922827676015,0.953644178145861,0.999999999643846
"MRPL28",5.98396793997752e-09,-0.131178460123575,0.00337766216407775,0.953654909166112,0.999999999643846
"MRPS15",5.97558633389461e-09,-0.131659683742586,0.00336820676348804,0.953719750767319,0.999999999643846
"SEC61A1",5.95325962303809e-09,-0.132944373211686,0.00334308437823307,0.953892475682665,0.999999999643846
"GOLGA7",5.95318611740381e-09,-0.132948609550036,0.00334300182378856,0.953893044343875,0.999999999643846
"TESC",5.91589995897481e-09,-0.135103296444352,0.00330125700185684,0.954181504053499,0.999999999643846
"PIM1",5.87752493112811e-09,-0.137333049423798,0.00325856698346025,0.95447839393252,0.999999999643846
"CCT2",5.85203097403407e-09,-0.138821239267545,0.00323036000850328,0.954675632406791,0.999999999643846
"SATB1",5.84622441094064e-09,-0.139160966682907,0.00322395266598898,0.954720556289981,0.999999999643846
"SEPT9",5.82203851287452e-09,-0.140579129460635,0.00319733278450118,0.954907677900142,0.999999999643846
"BIRC6",5.81094012129771e-09,-0.141231578466124,0.00318515442845387,0.954993544839317,0.999999999643846
"MDH2",5.79005313123119e-09,-0.142462367613709,0.00316229798111849,0.955155146419728,0.999999999643846
"NUSAP1",5.78028019724681e-09,-0.143039550985279,0.00315163181044563,0.955230759746669,0.999999999643846
"GSTK1",5.77492218867949e-09,-0.143356345351418,0.00314579173237295,0.955272214904947,0.999999999643846
"SUPT16H",5.76521137097082e-09,-0.143931141435924,0.00313522101820534,0.955347348255681,0.999999999643846
"LUC7L2",5.75913276967956e-09,-0.144291362681591,0.00312861320785933,0.955394379067882,0.999999999643846
"WBP1",5.74773056863615e-09,-0.144967939876683,0.00311623712118329,0.955482599580415,0.999999999643846
"GABARAP",5.73293693864415e-09,-0.145847465809151,0.00310021649139827,0.955597060891986,0.999999999643846
"MCFD2",5.72460439943831e-09,-0.146343713910737,0.00309121101916587,0.955661531838792,0.999999999643846
"P4HB",5.70905382133568e-09,-0.147271487420288,0.003074439614507,0.955781851339367,0.999999999643846
"NFKBIZ",5.69848757177492e-09,-0.14790311951112,0.00306306987250062,0.955863606165752,0.999999999643846
"EIF3A",5.6682583986484e-09,-0.149715706311861,0.00303065829903249,0.95609750257832,0.999999999643846
"ATP8B4",5.65505950965754e-09,-0.15050972140778,0.00301656058263499,0.956199629376486,0.999999999643846
"KDM6A",5.63073089496474e-09,-0.151977431087254,0.00299066134063866,0.95638787464293,0.999999999643846
"SSNA1",5.62007635124012e-09,-0.152621909614941,0.00297935411045967,0.956470316084667,0.999999999643846
"HP1BP3",5.61318056746286e-09,-0.153039582304197,0.00297204731382442,0.956523673695882,0.999999999643846
"SPTAN1",5.60643973810426e-09,-0.153448293194609,0.00296491337820134,0.956575832502233,0.999999999643846
"TPRKB",5.59790756547067e-09,-0.153966219147359,0.00295589592516395,0.956641852529372,0.999999999643846
"B3GNT2",5.59579496432338e-09,-0.154094563853545,0.00295366528783539,0.956658199406445,0.999999999643846
"CHIC2",5.58627593250945e-09,-0.154673377601778,0.00294362484858902,0.956731855960399,0.999999999643846
"SIGIRR",5.58269321771617e-09,-0.15489144611636,0.0029398503173748,0.95675957845801,0.999999999643846
"CREBZF",5.55220491084096e-09,-0.156752023822753,0.00290782766889157,0.956995494413777,0.999999999643846
"DHX9",5.55097644101276e-09,-0.156827175020973,0.0029065410508983,0.957005000289132,0.999999999643846
"PRMT2",5.52519140590674e-09,-0.158407851743345,0.00287960121485476,0.957204525792352,0.999999999643846
"TNFRSF14",5.52233188361091e-09,-0.158583534222275,0.00287662135317193,0.957226653041255,0.999999999643846
"PCNA",5.52101468495034e-09,-0.158664486013245,0.0028752492408168,0.957236845657822,0.999999999643846
"ATPIF1",5.51092728973195e-09,-0.159284979838457,0.00286475215619334,0.957314903174785,0.999999999643846
"SCAMP3",5.50460004613416e-09,-0.159674675069949,0.00285817773474945,0.957363864380467,0.999999999643846
"ARL6IP4",5.48629088765567e-09,-0.160804495654782,0.00283919586561574,0.957505544432735,0.999999999643846
"DDX21",5.4705877210901e-09,-0.161776073453744,0.00282296611747527,0.957627059850598,0.999999999643846
"TCEB2",5.45882581672254e-09,-0.162505360634567,0.00281084026736423,0.957718077343712,0.999999999643846
"FDPS",5.45120999362274e-09,-0.162978289428977,0.00280300271028601,0.957777011387381,0.999999999643846
"FBXO7",5.44061798511511e-09,-0.163636972755873,0.00279212050817977,0.957858976633342,0.999999999643846
"SNRPC",5.42899259146299e-09,-0.164361180605376,0.00278020097229426,0.957948939144362,0.999999999643846
"TIMM13",5.40973053492066e-09,-0.165564036747696,0.00276050767357075,0.958097998756815,0.999999999643846
"CTSG",5.40876865349469e-09,-0.165624199096066,0.0027595260923337,0.958105442324065,0.999999999643846
"DDX39A",5.36448378829797e-09,-0.168404006272203,0.00271452325910595,0.958448146900741,0.999999999643846
"MRPS18B",5.35545340817691e-09,-0.168973256523913,0.0027053918885804,0.958518030695585,0.999999999643846
"PPP4C",5.35347637920761e-09,-0.169097992324595,0.00270339480244299,0.958533330458091,0.999999999643846
"SNRPB2",5.33720757910068e-09,-0.170125928660152,0.0026869889535591,0.958659231457739,0.999999999643846
"IPO7",5.33145113401967e-09,-0.170490287741543,0.00268119597553561,0.958703779685399,0.999999999643846
"MGST2",5.32746824016464e-09,-0.170742585054439,0.00267719146350683,0.958734602753156,0.999999999643846
"RNF138",5.32456074952873e-09,-0.170926862423805,0.00267427008145158,0.958757103462263,0.999999999643846
"SAFB",5.29913046453819e-09,-0.172542311894896,0.00264878627140775,0.958953906679538,0.999999999643846
"RTF1",5.26879897419177e-09,-0.174477787495523,0.00261855047949836,0.959188643256528,0.999999999643846
"MEAF6",5.22699946060503e-09,-0.177160695460388,0.00257716724779433,0.959512137103082,0.999999999643846
"WEE1",5.2137190027075e-09,-0.178016938596175,0.00256408804940694,0.959614918319478,0.999999999643846
"KRT10",5.14971990447370e-09,-0.182169509401803,0.00250152535575259,0.960110234807122,0.999999999643846
"DNAJC2",5.14424910547166e-09,-0.182526522171701,0.00249621319378274,0.960152576385616,0.999999999643846
"XPO1",5.13927915715875e-09,-0.182851131622885,0.00249139225395401,0.960191041697466,0.999999999643846
"EFCAB14",5.13787971713259e-09,-0.182942583643628,0.0024900356125904,0.960201872792029,0.999999999643846
"ZNF706",5.12772570187845e-09,-0.183606776265077,0.00248020320051368,0.960280460945203,0.999999999643846
"ANP32A",5.11717266653671e-09,-0.184298260674228,0.00247000501894447,0.960362137768632,0.999999999643846
"AFG3L2",5.11264350309451e-09,-0.184595406210779,0.00246563459551689,0.960397192046178,0.999999999643846
"NEK2",5.10626278635007e-09,-0.185014408497037,0.00245948407919866,0.960446576884438,0.999999999643846
"UCHL5",5.10444396939358e-09,-0.185133926559692,0.00245773228739101,0.960460654011232,0.999999999643846
"DNAJC9",5.07572632147167e-09,-0.187025856216386,0.00243015563133941,0.96068292208295,0.999999999643846
"TCF4",5.05823200213904e-09,-0.188182873248416,0.00241343264417487,0.960818325639781,0.999999999643846
"AKR1A1",5.05795959765298e-09,-0.188200916188664,0.00241317270664085,0.960820434020914,0.999999999643846
"ZNF800",5.0521432273815e-09,-0.188586366498933,0.00240762587082016,0.960865452160403,0.999999999643846
"ERLEC1",5.05165027836703e-09,-0.188619051598148,0.00240715605876391,0.960869267543509,0.999999999643846
"ERICH1",5.03676974713125e-09,-0.189606992915359,0.00239299553607381,0.96098444200084,0.999999999643846
"FNBP4",5.03399667175292e-09,-0.189791377078298,0.00239036125633991,0.961005905535123,0.999999999643846
"FAAP20",5.03114913724662e-09,-0.189980802366267,0.00238765775394208,0.96102794541061,0.999999999643846
"TAF1D",4.99768845459314e-09,-0.192213578204997,0.00235600415552372,0.961286932832386,0.999999999643846
"DCTPP1",4.9900579282205e-09,-0.19272453727938,0.00234881530097912,0.961345994075885,0.999999999643846
"TUBB",4.957375480252e-09,-0.194920612096322,0.00231814886456541,0.961598962771159,0.999999999643846
"SHMT2",4.95493744188052e-09,-0.195084929441992,0.00231586929298862,0.961617833831893,0.999999999643846
"FRMD3",4.94829666309997e-09,-0.195532850757773,0.00230966583634048,0.96166923532211,0.999999999643846
"AURKB",4.93504753731711e-09,-0.196428041569321,0.0022973140765683,0.961771787747311,0.999999999643846
"MANBA",4.91357882553928e-09,-0.197882963286796,0.00227736975168925,0.961937963710628,0.999999999643846
"COPS5",4.91241236158538e-09,-0.197962169211694,0.00227628860310012,0.961946992631012,0.999999999643846
"SON",4.90159260371611e-09,-0.19869762513792,0.00226627243722347,0.962030742328696,0.999999999643846
"ITGAE",4.87251895950465e-09,-0.200680749307105,0.00223946752088024,0.962255787229952,0.999999999643846
"YLPM1",4.8724448958205e-09,-0.200685814106314,0.00223939944030183,0.96225636052466,0.999999999643846
"ADSS",4.85662134142784e-09,-0.201769408408814,0.00222487789288474,0.962378844211454,0.999999999643846
"RPL23",4.80704001096697e-09,-0.205184362635552,0.00217968214559242,0.96276263882364,0.999999999643846
"IMP3",4.79448875839762e-09,-0.206053608979246,0.0021683146407102,0.962859795779666,0.999999999643846
"QARS",4.79224633683168e-09,-0.206209114090347,0.00216628683808346,0.962877154013963,0.999999999643846
"CAPNS1",4.77804436360366e-09,-0.207195423038077,0.00215346614474517,0.962987089673702,0.999999999643846
"NSA2",4.77492317881185e-09,-0.207412520807468,0.0021506536256665,0.963011250460677,0.999999999643846
"RNASEH2B",4.74910026016228e-09,-0.209213328282324,0.00212745493492084,0.963211144455601,0.999999999643846
"ACAP2",4.74181950047275e-09,-0.209722575937477,0.00212093680982068,0.963267504891285,0.999999999643846
"NDUFB6",4.74082110008717e-09,-0.209792460400899,0.00212004376815103,0.963275233533261,0.999999999643846
"PTGS2",4.72719596447846e-09,-0.210747429386711,0.00210787525380914,0.963380706388166,0.999999999643846
"RNASEH2C",4.69038117458443e-09,-0.213339537331208,0.0020751713794768,0.963665694714136,0.999999999643846
"SMU1",4.67357680381966e-09,-0.214528502021313,0.00206032845751766,0.963795781192775,0.999999999643846
"CLPP",4.67216655796007e-09,-0.214628447509173,0.00205908524212928,0.963806698272493,0.999999999643846
"GGCT",4.66175263276901e-09,-0.215367290935344,0.0020499163643622,0.963887315383863,0.999999999643846
"C6orf48",4.65966451345912e-09,-0.21551560766982,0.00204808035476892,0.963903480144688,0.999999999643846
"ETS2",4.64018396008789e-09,-0.216902030398936,0.00203099142540042,0.964054285692663,0.999999999643846
"SDF4",4.63758183999583e-09,-0.217087598275656,0.002028714187337,0.964074429681268,0.999999999643846
"SMS",4.62570090915475e-09,-0.217936007607374,0.00201833285531258,0.964166404718798,0.999999999643846
"USMG5",4.61444606032936e-09,-0.218741426730843,0.0020085231437526,0.96425353344483,0.999999999643846
"SNRPG",4.59570698199072e-09,-0.220086160996113,0.00199224320500911,0.964398601823814,0.999999999643846
"ATP6V1F",4.59286779443812e-09,-0.220290312074486,0.00198978238454812,0.964420581467479,0.999999999643846
"CYLD",4.56488946523513e-09,-0.222307870990115,0.00196561394579491,0.964637177867872,0.999999999643846
"EIF5A",4.55352896056595e-09,-0.223130109014247,0.00195584258983134,0.964725126839593,0.999999999643846
"TTC1",4.52633824385069e-09,-0.225105224733952,0.00193255428672452,0.964935629402757,0.999999999643846
"CMTM7",4.52584918266518e-09,-0.225140842463749,0.00193213669255476,0.964939415593599,0.999999999643846
"KIAA0125",4.51694900344432e-09,-0.225789606448193,0.00192454498826153,0.965008318719737,0.999999999643846
"DCAF7",4.49636291296335e-09,-0.22729438808587,0.00190704265412248,0.965167692464515,0.999999999643846
"TIPRL",4.48326813275366e-09,-0.228254641262995,0.00189595104901613,0.965269070580749,0.999999999643846
"RAB31",4.47554689099258e-09,-0.228821970481146,0.00188942612567867,0.965328847711706,0.999999999643846
"CARD8",4.45798045968645e-09,-0.230115809037716,0.00187462331427686,0.965464846103948,0.999999999643846
"UBQLN1",4.43943387158825e-09,-0.231486573041433,0.0018590577261444,0.965608433908968,0.999999999643846
"DHFR",4.42417704443875e-09,-0.232617863865965,0.00184630178218735,0.965726553199668,0.999999999643846
"ADRM1",4.41385746768658e-09,-0.23338494856411,0.00183769867623611,0.965806448421789,0.999999999643846
"FUS",4.40670845291808e-09,-0.233917254385059,0.00183175054780565,0.965861797029019,0.999999999643846
"LNPEP",4.39433528335312e-09,-0.23484028854878,0.0018214785992256,0.965957592114384,0.999999999643846
"TBCB",4.37724718929702e-09,-0.236118710005506,0.00180733990605637,0.966089891717316,0.999999999643846
"CENPU",4.36958919305986e-09,-0.236693015354857,0.00180102155366208,0.966149181831109,0.999999999643846
"MRPS35",4.31490084607844e-09,-0.240819494143456,0.00175622167778205,0.966572598052241,0.999999999643846
"FOXP1",4.30630341176492e-09,-0.24147226600775,0.00174923011126251,0.966639163242088,0.999999999643846
"MRPS12",4.2989098745402e-09,-0.242034520914152,0.00174322872477989,0.966696407507018,0.999999999643846
"MGEA5",4.29495624082473e-09,-0.242335521033047,0.00174002376408353,0.966727018481142,0.999999999643846
"PSMD2",4.27463093632873e-09,-0.243886682584935,0.00172359387413026,0.966884387744667,0.999999999643846
"MRPL21",4.27379093403931e-09,-0.243950924251268,0.00172291653820725,0.966890891514713,0.999999999643846
"GID8",4.26831404828158e-09,-0.244370049842234,0.00171850351430679,0.966933296697803,0.999999999643846
"NUDC",4.22798552196409e-09,-0.247470460400116,0.00168618288100072,0.967245546093598,0.999999999643846
"ATP6V0B",4.209220937551e-09,-0.248921676010192,0.00167124890944842,0.967390835293103,0.999999999643846
"TXN2",4.20566711013895e-09,-0.249197143907922,0.00166842804402027,0.967418351758109,0.999999999643846
"DNAJC1",4.20479888334081e-09,-0.24926447299866,0.0016677392475096,0.967425074243615,0.999999999643846
"RCN2",4.20199259955456e-09,-0.249482175394819,0.00166551389120919,0.967446802685842,0.999999999643846
"SCAND1",4.19158479108875e-09,-0.250290664942648,0.00165727357109337,0.967527388283757,0.999999999643846
"CCT6A",4.17860395053954e-09,-0.251301435944965,0.00164702470640701,0.967627896823693,0.999999999643846
"CCNB1IP1",4.17489432670201e-09,-0.251590783458326,0.00164410165836123,0.967656619933074,0.999999999643846
"RAN",4.17359375817528e-09,-0.251692278675578,0.0016430774725273,0.967666690067014,0.999999999643846
"SNX17",4.17281020564571e-09,-0.251753439458609,0.00164246058610644,0.967672757015427,0.999999999643846
"RNASEK",4.16843557336837e-09,-0.252095084992865,0.00163901859167051,0.967706629275786,0.999999999643846
"LRBA",4.1666908838504e-09,-0.252231425361906,0.00163764686356237,0.967720138216644,0.999999999643846
"CD2AP",4.13535959687465e-09,-0.254688173465355,0.00161311100287205,0.967962734531364,0.999999999643846
"CENPK",4.12999490919188e-09,-0.255110421824954,0.0016089284289827,0.968004273290901,0.999999999643846
"RSL1D1",4.12814751672333e-09,-0.255255936355958,0.00160748936789369,0.968018577664966,0.999999999643846
"MEF2A",4.09352459893997e-09,-0.257993436666943,0.00158063830324366,0.968286665081703,0.999999999643846
"DUT",4.04194091383759e-09,-0.262108856788117,0.0015410531376652,0.968686087418606,0.999999999643846
"CEP57",4.03346012343706e-09,-0.262789754112405,0.00153459305430552,0.968751756554859,0.999999999643846
"MAN1A2",4.0308175152058e-09,-0.26300217103259,0.00153258286967739,0.96877221905413,0.999999999643846
"MIA3",4.02965694416137e-09,-0.263095497100952,0.00153170046047205,0.968781205706424,0.999999999643846
"TNPO1",4.02906961343184e-09,-0.263142735414326,0.00153125399607025,0.968785753587251,0.999999999643846
"UBE2L3",4.00876913043031e-09,-0.264779104119245,0.00151586241078972,0.968942947036593,0.999999999643846
"LAT2",4.00309416658902e-09,-0.265237813405097,0.00151157362532744,0.968986890401262,0.999999999643846
"ANP32E",4.00018273711199e-09,-0.265473360794042,0.00150937570568208,0.969009434723701,0.999999999643846
"HMGN2",3.99112901993067e-09,-0.266206782710723,0.00150255101943094,0.969079541309328,0.999999999643846
"CLEC11A",3.97184855800784e-09,-0.267773396906612,0.00148806895016692,0.969228838501936,0.999999999643846
"LAIR1",3.96486969131797e-09,-0.268342058399759,0.00148284422369808,0.969282879237016,0.999999999643846
"NAA20",3.95997400417566e-09,-0.26874148570978,0.00147918455261346,0.969320788991024,0.999999999643846
"TXN",3.95424348787474e-09,-0.26920956069139,0.00147490656595189,0.969365163332789,0.999999999643846
"HDLBP",3.93134238654796e-09,-0.271085949916429,0.00145787211944581,0.969542499311289,0.999999999643846
"RBPJ",3.92823965882253e-09,-0.271340887664432,0.00145557183887491,0.969566525575648,0.999999999643846
"LRRFIP1",3.90389447157844e-09,-0.273347215864232,0.00143758599047652,0.969755045782873,0.999999999643846
"SUMO2",3.89862671118382e-09,-0.273782746332721,0.00143370896493596,0.969795837611448,0.999999999643846
"MRPL16",3.89750681297208e-09,-0.273875402586335,0.00143288540442822,0.969804509750294,0.999999999643846
"CDV3",3.89271070131438e-09,-0.274272472529827,0.00142936107446537,0.969841649367982,0.999999999643846
"VIM",3.87768283912038e-09,-0.275519339631271,0.00141834624160625,0.969958020946871,0.999999999643846
"VAMP7",3.87369471774599e-09,-0.275850928190127,0.00141543025885167,0.969988903955426,0.999999999643846
"TSTD1",3.87273781261671e-09,-0.275930532515907,0.00141473104774539,0.969996313994697,0.999999999643846
"SMC1A",3.87025689685135e-09,-0.276136996555729,0.0014129190457387,0.970015525611635,0.999999999643846
"PPP1CA",3.86986078897449e-09,-0.27616997147036,0.00141262984544104,0.970018592977686,0.999999999643846
"PSMB8",3.86857866142302e-09,-0.276276724903022,0.00141169396081209,0.970028521474337,0.999999999643846
"LYSMD2",3.86813138972728e-09,-0.276313973070449,0.00141136754932807,0.970031985043098,0.999999999643846
"PFDN5",3.8586624973219e-09,-0.277103393641505,0.00140446616517759,0.970105310092571,0.999999999643846
"FAM96A",3.85635563434985e-09,-0.277295967116157,0.00140278737491287,0.970123173977494,0.999999999643846
"ZNF280D",3.85427570521856e-09,-0.27746968083441,0.00140127459353534,0.970139280545047,0.999999999643846
"CCT5",3.85183605210182e-09,-0.277673540395159,0.001399501216516,0.970158172760855,0.999999999643846
"H2AFZ",3.84716910045931e-09,-0.278063822347041,0.00139611195091326,0.970194312805026,0.999999999643846
"ZFP36L1",3.8392217618521e-09,-0.278729363681021,0.00139034983653123,0.970255855723727,0.999999999643846
"SPINK2",3.81789656993732e-09,-0.280521049915067,0.0013749471669224,0.970420995472447,0.999999999643846
"ZC3H15",3.81741540021424e-09,-0.280561575003588,0.0013746006194213,0.970424721608187,0.999999999643846
"TOP2B",3.81009319441574e-09,-0.281178804818625,0.0013693324185045,0.970481424201295,0.999999999643846
"NREP",3.77289220217897e-09,-0.284330419046737,0.00134272318061579,0.970769508095237,0.999999999643846
"SRSF7",3.77035850633023e-09,-0.284546033804602,0.00134092036747516,0.970789129134866,0.999999999643846
"PTGES3",3.75168291436338e-09,-0.286139134342263,0.00132766939383251,0.970933754193273,0.999999999643846
"BNIP3L",3.74637660927075e-09,-0.28659301798449,0.00132391639185456,0.970974846756534,0.999999999643846
"GABPB1-AS1",3.73944491325744e-09,-0.287186759752152,0.00131902179789451,0.971028526627519,0.999999999643846
"CDK12",3.7208859406337e-09,-0.288781087176856,0.00130596160136673,0.971172250144577,0.999999999643846
"RAD23B",3.71520436652952e-09,-0.289270526077179,0.00130197639308856,0.97121624930913,0.999999999643846
"CGGBP1",3.70535377572663e-09,-0.29012062133273,0.00129508135699666,0.971292534320445,0.999999999643846
"SFT2D1",3.69673137272052e-09,-0.290866310575356,0.00128906102991194,0.971359308207182,0.999999999643846
"SSBP2",3.69380325065337e-09,-0.291119880476737,0.00128701974922617,0.971381984308622,0.999999999643846
"SNW1",3.68604297768154e-09,-0.291792736764262,0.00128161765688469,0.97144208189356,0.999999999643846
"CHEK1",3.67263161227548e-09,-0.292958429075768,0.00127230850134596,0.97154594339941,0.999999999643846
"ATAD2B",3.66902571436427e-09,-0.293272467327382,0.00126981134790081,0.971573868601698,0.999999999643846
"FABP5",3.65012020360168e-09,-0.294923277225477,0.00125675906394429,0.971720279365155,0.999999999643846
"BAZ1A",3.64233253144294e-09,-0.295605412575432,0.00125140209687826,0.971780590048401,0.999999999643846
"UQCC3",3.6419612465536e-09,-0.295637965136202,0.00125114698397797,0.971783465423263,0.999999999643846
"ELMO1",3.63075552458799e-09,-0.296621767409089,0.00124345967724633,0.97187024707312,0.999999999643846
"HIST1H4C",3.61536729658544e-09,-0.297977004576633,0.00123294170558457,0.971989420286379,0.999999999643846
"METAP2",3.61236564605885e-09,-0.298241933045248,0.00123089526133647,0.972012666462693,0.999999999643846
"ZSWIM7",3.59875372614956e-09,-0.299445697812097,0.00122163635346318,0.972118083792977,0.999999999643846
"ATXN10",3.59427290974651e-09,-0.299842807604834,0.00121859612296827,0.972152785521875,0.999999999643846
"MEST",3.56112079924543e-09,-0.302794099988214,0.00119622012525535,0.972409534017519,0.999999999643846
"NOP10",3.55055158171794e-09,-0.303739933000543,0.0011891300267243,0.972491388554932,0.999999999643846
"PSMC1",3.54606486355799e-09,-0.304142173789704,0.00118612659464087,0.972526136554489,0.999999999643846
"CAPRIN1",3.5447096566723e-09,-0.304263755504405,0.00118522015901178,0.972536632148954,0.999999999643846
"PSME1",3.54416530106719e-09,-0.304312603271271,0.00118485616209265,0.972540847990499,0.999999999643846
"COX7A2L",3.54413143841227e-09,-0.304315642149288,0.00118483352083286,0.972541110244804,0.999999999643846
"LARS",3.52776741913709e-09,-0.305787079266498,0.00117391751608199,0.972667844142877,0.999999999643846
"ERH",3.51760277496548e-09,-0.306704011435842,0.00116716238640147,0.972746566286019,0.999999999643846
"PSMC6",3.51550529573822e-09,-0.306893502368372,0.0011657708881911,0.972762810671296,0.999999999643846
"AGTPBP1",3.49487188742987e-09,-0.308762734153618,0.00115212662618465,0.972922611202715,0.999999999643846
"PSMB1",3.48695522557949e-09,-0.309482426220409,0.00114691289208576,0.972983924036374,0.999999999643846
"HNRNPF",3.47965021802695e-09,-0.310147752404621,0.00114211246832247,0.973040499881431,0.999999999643846
"CLTA",3.4789231010074e-09,-0.310214042084055,0.00114163520043894,0.973046131266998,0.999999999643846
"NDUFC1",3.4769354019491e-09,-0.310395316681804,0.00114033101585069,0.973061525631967,0.999999999643846
"PSMA7",3.43495093206135e-09,-0.314245051837302,0.0011129579807438,0.973386689993448,0.999999999643846
"G3BP1",3.43241191040234e-09,-0.314479151502888,0.00111131325271797,0.973406354534566,0.999999999643846
"FUNDC2",3.40917885352426e-09,-0.316628150971406,0.00109631981771166,0.973586293647307,0.999999999643846
"CD48",3.40855865944414e-09,-0.316685688524418,0.00109592097139475,0.973591097044555,0.999999999643846
"CREG1",3.38360115074937e-09,-0.319008534232766,0.00107993103192701,0.973784393504778,0.999999999643846
"ZNF644",3.38305871321017e-09,-0.319059182213507,0.00107958480425426,0.973788594712727,0.999999999643846
"MTF2",3.38172095312969e-09,-0.319184119965225,0.00107873117442835,0.973798955739692,0.999999999643846
"FIP1L1",3.36864868587004e-09,-0.320407207535982,0.00107040747928113,0.973900201416306,0.999999999643846
"EIF2A",3.36513864077709e-09,-0.320736309885829,0.00106817796743308,0.973927387046808,0.999999999643846
"SMAP2",3.35990674230175e-09,-0.321227397926313,0.00106485908231088,0.973967908650466,0.999999999643846
"FLT3",3.32326560046272e-09,-0.324685107818537,0.00104176028582108,0.974251700022858,0.999999999643846
"CPSF3L",3.31879900604386e-09,-0.325108829451214,0.00103896183739561,0.974286294718601,0.999999999643846
"PRPF40A",3.31429174832544e-09,-0.32553690247055,0.00103614172755922,0.974321204409028,0.999999999643846
"MTERF4",3.30220562223375e-09,-0.326687230581987,0.00102859857384344,0.974414814324464,0.999999999643846
"RP11-367G6.3",3.27921895514215e-09,-0.328885002043074,0.00101432825726865,0.974592852488821,0.999999999643846
"HM13",3.26734700301604e-09,-0.330025243781647,0.00100699708579954,0.97468480457407,0.999999999643846
"ANKRD12",3.26214369233352e-09,-0.330526111137162,0.00100379231660031,0.974725105993937,0.999999999643846
"UFD1L",3.24214407293334e-09,-0.332457633806521,0.000991521903867862,0.974880010482344,0.999999999643846
"PPP6R3",3.22608936931195e-09,-0.334015539806333,0.000981726425023776,0.975004360817101,0.999999999643846
"CPNE3",3.21995502451209e-09,-0.334612548731864,0.000977996508019817,0.975051874021042,0.999999999643846
"CTDSP1",3.21681920791859e-09,-0.334918109005361,0.000976092553266096,0.975076162336748,0.999999999643846
"COQ4",3.19738863005025e-09,-0.336817154270171,0.000964336367559158,0.975226661451919,0.999999999643846
"IDH3G",3.18020328952318e-09,-0.338504991104268,0.000953997985879202,0.975359770865615,0.999999999643846
"DDAH2",3.16630281453353e-09,-0.339875915723468,0.000945676477867652,0.975467437786915,0.999999999643846
"AUP1",3.16400206428189e-09,-0.340103321095865,0.000944302651656534,0.97548525842229,0.999999999643846
"TOP2A",3.1557392256406e-09,-0.340921183073091,0.000939376970856733,0.975549258965788,0.999999999643846
"CCT4",3.1485051207537e-09,-0.341638722773276,0.000935075118194461,0.975605291490757,0.999999999643846
"CBX5",3.13245721983787e-09,-0.343235528120793,0.000925567272680755,0.975729592634952,0.999999999643846
"LRRC59",3.11381357085582e-09,-0.345099411684813,0.000914582541876275,0.975874000229862,0.999999999643846
"FAM65B",3.10675772275689e-09,-0.345807300526268,0.000910442381283515,0.97592865272334,0.999999999643846
"NSD1",3.10650822883822e-09,-0.345832356507031,0.000910296157640178,0.97593058523084,0.999999999643846
"ANAPC16",3.10350885657193e-09,-0.346133709696401,0.00090853920174578,0.97595381750916,0.999999999643846
"LITAF",3.07659446278835e-09,-0.348849040531933,0.00089284937923001,0.976162289603489,0.999999999643846
"TRIM44",3.07052556560476e-09,-0.349464118626705,0.000889330380046837,0.976209297973256,0.999999999643846
"IARS",3.05805942863809e-09,-0.350730815064238,0.000882123790281573,0.976305858242815,0.999999999643846
"ARHGDIA",3.04888698364754e-09,-0.351665654799636,0.000876839983622562,0.976376906437485,0.999999999643846
"CIR1",3.04738743739152e-09,-0.351818714285903,0.000875977676311941,0.976388521684897,0.999999999643846
"PFDN2",3.03458591421373e-09,-0.353127997075096,0.000868633487177987,0.976487680456177,0.999999999643846
"PCBP1",3.02606213026118e-09,-0.354002389677607,0.00086376056819898,0.976553704671619,0.999999999643846
"HBA2",3.01575876558645e-09,-0.35506214830687,0.000857888587611505,0.97663351352182,0.999999999643846
"DOCK2",3.0095071211642e-09,-0.355706672801435,0.00085433548149841,0.976681938259206,0.999999999643846
"GNPTG",2.96484051971159e-09,-0.360345214028122,0.000829163865804029,0.977027924669371,0.999999999643846
"RBMS1",2.947445923941e-09,-0.362167765012917,0.000819463066928092,0.977162663958671,0.999999999643846
"TFDP2",2.94326640727887e-09,-0.362607049731143,0.000817140696094527,0.977195038772293,0.999999999643846
"FARSA",2.92189116887357e-09,-0.364862039901293,0.000805314955596013,0.977360613374702,0.999999999643846
"MSH6",2.91839890106999e-09,-0.36523179598917,0.000803391068194442,0.977387664901694,0.999999999643846
"MT-ATP6",2.88728949465361e-09,-0.368542392882484,0.000786354459828,0.977628643254479,0.999999999643846
"OGT",2.88418148078249e-09,-0.368874812227624,0.000784662433340977,0.977652718531076,0.999999999643846
"MRPL34",2.87365511943943e-09,-0.370002941911212,0.000778945339734168,0.977734257913142,0.999999999643846
"ID2",2.85379517144289e-09,-0.37214101238762,0.000768215897932518,0.977888097829578,0.999999999643846
"SYNGR2",2.84370521585835e-09,-0.373232141997607,0.000762793251222052,0.977966257358931,0.999999999643846
"RC3H1",2.84020764649015e-09,-0.37361114138952,0.000760918034613194,0.977993350528169,0.999999999643846
"OSBPL9",2.8302540186718e-09,-0.374691909428719,0.00075559404120122,0.978070454305155,0.999999999643846
"PLAC8",2.82900193968399e-09,-0.374828090267794,0.000754925653027522,0.97808015329786,0.999999999643846
"RBBP7",2.82604677599784e-09,-0.375149709216888,0.000753349292379077,0.978103044926423,0.999999999643846
"NUDT4",2.8112144002411e-09,-0.376768310223345,0.000745462206524855,0.978217941452116,0.999999999643846
"NUDCD2",2.80706076337011e-09,-0.377222887693003,0.000743260957257457,0.97825011698867,0.999999999643846
"SRRT",2.80579984008562e-09,-0.377360997824625,0.000742593366040997,0.978259884552274,0.999999999643846
"TMEM183A",2.80374847825008e-09,-0.37758579872814,0.000741507920953326,0.978275775143106,0.999999999643846
"RP6-159A1.4",2.79371999589384e-09,-0.378686807445881,0.000736212938029395,0.978353459519089,0.999999999643846
"HMGB2",2.79054471323481e-09,-0.379036119334692,0.000734540361179974,0.978378056489265,0.999999999643846
"CNOT1",2.78158819635455e-09,-0.380023255069136,0.000729832774682382,0.978447437251156,0.999999999643846
"CCT8",2.77868766279062e-09,-0.380343516972105,0.000728311484975749,0.978469905979179,0.999999999643846
"TP53",2.77107259581967e-09,-0.381185693751841,0.000724325041205662,0.978528895506637,0.999999999643846
"SRSF2",2.76324339381399e-09,-0.382053615242862,0.000720237904692097,0.978589543936997,0.999999999643846
"IGHM",2.75382189164046e-09,-0.383100842363607,0.000715334858682035,0.978662527186428,0.999999999643846
"ATP5J",2.74653865394856e-09,-0.383912493823636,0.000711556063659303,0.978718946587168,0.999999999643846
"HNRNPDL",2.74109694346225e-09,-0.384520123981923,0.000708739248236629,0.97876110071749,0.999999999643846
"TIMM10",2.71751648145334e-09,-0.387165117340155,0.000696597748304684,0.9789437671038,0.999999999643846
"BDP1",2.70558293090805e-09,-0.38851116628399,0.000690493180308986,0.979036210945212,0.999999999643846
"FUBP1",2.69692142899557e-09,-0.389491321966141,0.000686079244383022,0.979103307875942,0.999999999643846
"CCND2",2.67778737792713e-09,-0.391666139042188,0.000676378622840414,0.979251531664985,0.999999999643846
"LYRM2",2.6660579213165e-09,-0.393005903155156,0.000670466145857595,0.979342395396826,0.999999999643846
"NEMF",2.65924072449605e-09,-0.393786892587644,0.000667041722158927,0.979395205804829,0.999999999643846
"XRN2",2.65877717505886e-09,-0.393840059633896,0.000666809189720534,0.979398796761336,0.999999999643846
"EPS15",2.64745048113067e-09,-0.395141646641412,0.000661139924994854,0.979486540855169,0.999999999643846
"MAGOH",2.61932242213077e-09,-0.398394617216387,0.000647165882817481,0.979704440552736,0.999999999643846
"CYBA",2.61020832243889e-09,-0.399455048895772,0.000642670008229605,0.979775045094826,0.999999999643846
"RSRC1",2.6087043512915e-09,-0.399630340765603,0.000641929623884057,0.979786695980454,0.999999999643846
"RAD23A",2.60390528307204e-09,-0.400190262603677,0.000639569961774944,0.979823873181883,0.999999999643846
"EIF4A3",2.60052718507712e-09,-0.400584924189262,0.000637911584590264,0.979850042502678,0.999999999643846
"ATP5G1",2.59868969405278e-09,-0.400799781240079,0.000637010426775742,0.979864277117218,0.999999999643846
"CAPN7",2.59311080435799e-09,-0.401452914218571,0.000634278283544159,0.97990749551419,0.999999999643846
"PGLS",2.58895228880303e-09,-0.401940541793622,0.000632245558118068,0.979939710632246,0.999999999643846
"TXNRD1",2.58255146328078e-09,-0.402692411185951,0.000629123143826614,0.979989296503194,0.999999999643846
"FEN1",2.57588684770959e-09,-0.403476959298647,0.000625880262637062,0.980040925983232,0.999999999643846
"PHIP",2.56860352238426e-09,-0.404336325478116,0.000622345910961442,0.980097348582948,0.999999999643846
"HSPA8",2.56169619955672e-09,-0.405153251220655,0.000619003266503182,0.980150858451535,0.999999999643846
"MT-ND4L",2.55129311788294e-09,-0.40638717528472,0.000613985914322392,0.980231449544621,0.999999999643846
"TRIM22",2.54960557379807e-09,-0.406587742069578,0.00061317394519278,0.980244522711283,0.999999999643846
"MTOR",2.54581294562586e-09,-0.407038914770418,0.000611351066280893,0.980273903687632,0.999999999643846
"PMVK",2.52790629677195e-09,-0.409176880729747,0.000602781113249914,0.980412624429767,0.999999999643846
"UQCRQ",2.5221033350932e-09,-0.409872500355733,0.000600016848714572,0.980457579431476,0.999999999643846
"VDAC1",2.51464250575332e-09,-0.41076886470722,0.000596472186666875,0.980515377870162,0.999999999643846
"TCEAL4",2.50168181337996e-09,-0.412331410490424,0.00059033948974261,0.980615783543896,0.999999999643846
"RB1",2.49960955691442e-09,-0.412581883112793,0.000589361884880082,0.980631837213728,0.999999999643846
"APH1A",2.49117061569651e-09,-0.413603728547218,0.000585389108723588,0.980697213360955,0.999999999643846
"AKIRIN2",2.48484861360664e-09,-0.414371178616218,0.000582421720437817,0.980746189748599,0.999999999643846
"SRPK1",2.47645517486135e-09,-0.415392667899768,0.000578493702715259,0.980811213614861,0.999999999643846
"AFF4",2.4757348182462e-09,-0.415480473645137,0.00057815720467456,0.980816794214605,0.999999999643846
"NDUFA10",2.46967244251468e-09,-0.41622029463539,0.000575329183841784,0.980863759451713,0.999999999643846
"CWC15",2.45875750744847e-09,-0.4175562149511,0.000570254985519536,0.980948317642949,0.999999999643846
"IMMT",2.4584866379857e-09,-0.417589432033168,0.000570129347954393,0.9809504160761,0.999999999643846
"CD38",2.438162966936e-09,-0.420090709787397,0.000560742087285354,0.981107864487645,0.999999999643846
"ZCCHC7",2.43482421937578e-09,-0.420503317868479,0.000559207411834969,0.981133729988632,0.999999999643846
"RPA3",2.42792475895082e-09,-0.421357497824579,0.00055604269635013,0.981187180633501,0.999999999643846
"BANF1",2.42051019454669e-09,-0.422277763232668,0.000552651718849179,0.981244621922234,0.999999999643846
"TIAL1",2.41338659455578e-09,-0.423164185296754,0.000549403579962555,0.981299809175422,0.999999999643846
"COX14",2.40769935688518e-09,-0.423873479461848,0.000546817249917441,0.981343868847979,0.999999999643846
"PPP2R1A",2.37429829034511e-09,-0.42806826332344,0.000531750923040153,0.981602631826984,0.999999999643846
"INTS10",2.35585927714255e-09,-0.43040562011402,0.00052352374347943,0.981745482407421,0.999999999643846
"SRP54",2.34480188181626e-09,-0.431814774891119,0.000518620883657325,0.981831146455998,0.999999999643846
"COX5A",2.34372822338513e-09,-0.431951903982485,0.000518146051043602,0.981839464332753,0.999999999643846
"HNRNPH1",2.34256089857143e-09,-0.432101057144108,0.00051763004060262,0.981848507866579,0.999999999643846
"FRYL",2.34166142622667e-09,-0.432216029158141,0.00051723260844224,0.981855476287312,0.999999999643846
"EIF5",2.33220517745244e-09,-0.433427029848801,0.000513063598843751,0.981928736121994,0.999999999643846
"RBM3",2.32708395365493e-09,-0.434084623040917,0.000510812828889311,0.981968411538716,0.999999999643846
"FGFR1",2.32690463331716e-09,-0.434107671137432,0.000510734107535364,0.981969800779559,0.999999999643846
"PPM1A",2.32631999134619e-09,-0.434182825878642,0.00051047749273531,0.981974330151873,0.999999999643846
"ATP1B3",2.32024069256721e-09,-0.434965266733097,0.000507812949359789,0.982021428083699,0.999999999643846
"DOCK10",2.31744043991453e-09,-0.435326264415756,0.000506587950187541,0.982043122401011,0.999999999643846
"VPS13C",2.31730450701814e-09,-0.435343797833264,0.000506528522599619,0.982044175510391,0.999999999643846
"USP14",2.3098215451756e-09,-0.436310351382848,0.000503262474666467,0.982102148113557,0.999999999643846
"PRPF38A",2.28714380765591e-09,-0.439255991140876,0.000493428962766557,0.982277839479596,0.999999999643846
"PTMA",2.27507237529715e-09,-0.440834149179583,0.000488234120579529,0.982371360907887,0.999999999643846
"MPO",2.26640848524064e-09,-0.441971235604983,0.000484522632127341,0.98243848311445,0.999999999643846
"NUP98",2.25721497573148e-09,-0.443181897592956,0.000480599748090476,0.982509708605321,0.999999999643846
"ABHD14B",2.25516682179816e-09,-0.443452185368237,0.000479727969648225,0.982525576424233,0.999999999643846
"TEX264",2.25219593653584e-09,-0.44384461555369,0.000478464845365356,0.98254859300211,0.999999999643846
"NONO",2.24293362806007e-09,-0.445070936102999,0.000474537499515797,0.982620351721246,0.999999999643846
"SF3B5",2.24200364794611e-09,-0.445194303303332,0.000474144069284229,0.982627556647967,0.999999999643846
"SMNDC1",2.2285707591057e-09,-0.44698114449335,0.000468479453719602,0.982731626751206,0.999999999643846
"GIT2",2.22625040474449e-09,-0.44729072873712,0.000467504414057835,0.982749603518623,0.999999999643846
"CHCHD5",2.21950648201965e-09,-0.448192077030876,0.000464676306072461,0.982801851592295,0.999999999643846
"C7orf73",2.21706258376768e-09,-0.448519289694951,0.000463653559434915,0.982820785542759,0.999999999643846
"PSMA1",2.21121270235036e-09,-0.449303780906758,0.000461210019918884,0.982866107176297,0.999999999643846
"MRPS34",2.20939310671758e-09,-0.449548156891455,0.000460451277493085,0.982880204404356,0.999999999643846
"RBM25",2.20793257835071e-09,-0.449744433653499,0.000459842712299194,0.982891519780224,0.999999999643846
"NMI",2.20452906867602e-09,-0.45020225336039,0.000458426117555976,0.982917888327124,0.999999999643846
"MT-ND1",2.20300009345316e-09,-0.450408118421522,0.00045779044518577,0.982929734003913,0.999999999643846
"CEP170",2.20139121908836e-09,-0.450624873072858,0.000457122030901958,0.982942198700297,0.999999999643846
"RASSF1",2.18633232766847e-09,-0.452660258312118,0.000450889420913853,0.983058867122467,0.999999999643846
"REL",2.181843380599e-09,-0.453269307869008,0.000449039801919031,0.983093645209018,0.999999999643846
"WTAP",2.18035195748708e-09,-0.453471897373817,0.000448426119515017,0.983105200006435,0.999999999643846
"PIN1",2.16985019136136e-09,-0.454901778714034,0.000444116792283434,0.983186562517573,0.999999999643846
"PDAP1",2.16905625909617e-09,-0.455010117652316,0.000443791853588883,0.983192713520822,0.999999999643846
"BZW1",2.16225989512886e-09,-0.455938928549122,0.000441015120044843,0.983245368502996,0.999999999643846
"LAPTM4B",2.15555824976426e-09,-0.456857239029574,0.000438285617634383,0.983297289722144,0.999999999643846
"EIF4H",2.14966513891344e-09,-0.45766677452242,0.00043589242314479,0.98334294685187,0.999999999643846
"MCTS1",2.14866238255572e-09,-0.457804711574856,0.000435485855680048,0.983350715755306,0.999999999643846
"DNAJC19",2.11208182327005e-09,-0.462874629545306,0.000420783954606714,0.983634126483114,0.999999999643846
"C19orf43",2.10997736906326e-09,-0.463168573066592,0.000419945843703642,0.983650430968909,0.999999999643846
"RSBN1L",2.09682737791907e-09,-0.465011012372817,0.00041472770632642,0.983752312097056,0.999999999643846
"SRSF6",2.09552058902953e-09,-0.465194644470232,0.000414210932572566,0.983762436614674,0.999999999643846
"SS18L2",2.09381204754663e-09,-0.465434879042317,0.000413535770456343,0.983775673766932,0.999999999643846
"COX6C",2.09376136063344e-09,-0.465442008583082,0.000413515748985922,0.983776066470598,0.999999999643846
"PTOV1",2.07897164362485e-09,-0.46752862932114,0.00040769447347846,0.983890651956584,0.999999999643846
"SIGMAR1",2.06653519808596e-09,-0.469293069717593,0.000402831391379014,0.983987005386529,0.999999999643846
"PKN2",2.05048489054249e-09,-0.471583683039214,0.000396598292198452,0.984111358158387,0.999999999643846
"ZNHIT1",2.03065971276053e-09,-0.474434254795262,0.000388966320233185,0.984264957978898,0.999999999643846
"RSRC2",2.02979883119831e-09,-0.474558574499147,0.000388636591966047,0.984271627856853,0.999999999643846
"DHPS",2.0296539567593e-09,-0.474579500208336,0.000388581117011508,0.984272750305006,0.999999999643846
"U2SURP",2.02736968239341e-09,-0.474909610212088,0.000387706951844229,0.984290448251985,0.999999999643846
"M6PR",2.02130579611199e-09,-0.475787470738469,0.000385391148331456,0.984337429658908,0.999999999643846
"DPYD",2.02103931152641e-09,-0.475826100904156,0.000385289536758659,0.984339494313114,0.999999999643846
"SPCS3",2.02045292214589e-09,-0.475911120458282,0.000385065991461357,0.984344037507974,0.999999999643846
"LAMTOR2",2.00927186552466e-09,-0.477536286506253,0.000380815922994654,0.984430665570342,0.999999999643846
"MINPP1",2.00774328400672e-09,-0.47775906540329,0.000380236721376234,0.984442508656313,0.999999999643846
"MRPL42",2.00649952743077e-09,-0.477940440159489,0.000379765769294276,0.98445214498892,0.999999999643846
"POLR2E",2.00228962098938e-09,-0.478555076376952,0.000378173841551161,0.984484762367934,0.999999999643846
"ATXN7L3B",2.00049852363009e-09,-0.478816906927241,0.000377497572533485,0.984498639382864,0.999999999643846
"HNRNPD",1.99720162249046e-09,-0.479299386314398,0.000376254335800063,0.984524183035227,0.999999999643846
"MTCH2",1.98783256251887e-09,-0.480674207338194,0.000372732527091416,0.98459677250212,0.999999999643846
"SHKBP1",1.98371490087941e-09,-0.481280186117932,0.000371189945634617,0.984628675301592,0.999999999643846
"ATG3",1.97166666469571e-09,-0.483059463528098,0.000366694740134216,0.984722022710194,0.999999999643846
"SOD1",1.96900141793302e-09,-0.483454319393242,0.000365704033722431,0.984742672556009,0.999999999643846
"SUCLG1",1.96268149122165e-09,-0.484392442733141,0.000363360192330538,0.984791638236336,0.999999999643846
"SYPL1",1.94610941510818e-09,-0.486864690503625,0.000357249969460205,0.984920036038231,0.999999999643846
"PQBP1",1.9363446459848e-09,-0.488329842668554,0.000353673899570853,0.984995692094672,0.999999999643846
"TMCO1",1.93358842467441e-09,-0.488744540742865,0.000352667766942414,0.9850170469338,0.999999999643846
"ERP29",1.92805775306089e-09,-0.489578204456509,0.000350653170583007,0.985059897880256,0.999999999643846
"AP1B1",1.92768534371648e-09,-0.489634412782739,0.000350517724530518,0.985062783262461,0.999999999643846
"FAM32A",1.92431272807621e-09,-0.49014386959127,0.00034929228861789,0.985088913886216,0.999999999643846
"ILF3",1.92351658414591e-09,-0.490264243832279,0.000349003323726566,0.985095082316773,0.999999999643846
"CLK1",1.92269276244756e-09,-0.490388847651151,0.000348704438920351,0.985101465192395,0.999999999643846
"SEP15",1.91985273705821e-09,-0.490818753958164,0.00034767505131634,0.985123469389274,0.999999999643846
"ITGB2",1.91985044662088e-09,-0.490819100890151,0.00034767422174496,0.985123487135329,0.999999999643846
"VPS4B",1.90832711786377e-09,-0.492569026935653,0.00034351312590337,0.985212768704787,0.999999999643846
"MT-ATP8",1.89948942241492e-09,-0.493917238127741,0.000340338791029562,0.985281242388334,0.999999999643846
"NUDT1",1.89849096653394e-09,-0.494069891463572,0.000339981090741309,0.985288978343115,0.999999999643846
"EIF1",1.89720021655636e-09,-0.494267335095053,0.000339518953795219,0.985298978970781,0.999999999643846
"LMBRD1",1.89076892660164e-09,-0.495252830474554,0.000337220995113412,0.985348808125741,0.999999999643846
"SCCPDH",1.8899078414119e-09,-0.495384995600501,0.000336913913820044,0.985355479753919,0.999999999643846
"CCDC12",1.87404123655927e-09,-0.497829558128674,0.000331280580638408,0.98547841328791,0.999999999643846
"CIAO1",1.87152750520147e-09,-0.498218468287894,0.000330392455163089,0.985497889564367,0.999999999643846
"IKZF1",1.85582579834831e-09,-0.500657890991101,0.000324871869949702,0.985619545871477,0.999999999643846
"MFSD10",1.85538747807788e-09,-0.500726241056305,0.000324718427627893,0.985622941967295,0.999999999643846
"SELPLG",1.85179304461197e-09,-0.501287264622437,0.000323461495356822,0.985650791568576,0.999999999643846
"RBM39",1.84605335575069e-09,-0.502185053107302,0.000321459445395216,0.985695262603591,0.999999999643846
"HLA-DRB1",1.84301020214408e-09,-0.502662023209329,0.000320400489908419,0.985718840936391,0.999999999643846
"PARK7",1.82953285528104e-09,-0.50478251951771,0.000315731649866383,0.985823263475024,0.999999999643846
"C14orf2",1.82450289856056e-09,-0.505577340788654,0.000313997946734924,0.985862235662606,0.999999999643846
"BOLA3",1.8225598699269e-09,-0.505884874385294,0.000313329510273559,0.985877290289525,0.999999999643846
"TMEM18",1.81173695801511e-09,-0.507603015218094,0.000309619268493233,0.985961146531631,0.999999999643846
"SNX6",1.80149244946691e-09,-0.50923742717223,0.000306127669510722,0.986040521430244,0.999999999643846
"MT-CO3",1.79738166939365e-09,-0.509895494126816,0.000304732173524426,0.986072371972262,0.999999999643846
"USP22",1.78330673294363e-09,-0.512158431266865,0.000299978266703118,0.986181425494133,0.999999999643846
"CCDC109B",1.77748872221956e-09,-0.513098295239393,0.000298024110672419,0.986226503894679,0.999999999643846
"LAMTOR4",1.77407596841816e-09,-0.513650827691908,0.000296880804938519,0.986252946197593,0.999999999643846
"UQCRH",1.7664005039856e-09,-0.514896826067561,0.000294317477601652,0.986312416395414,0.999999999643846
"ARPC3",1.76275430161208e-09,-0.515490353613662,0.000293103671905223,0.986340667530317,0.999999999643846
"HLA-DPB1",1.75718847855283e-09,-0.516398380868483,0.000291255668818445,0.986383792108266,0.999999999643846
"MTIF3",1.75555372873921e-09,-0.51666554606163,0.000290713998213244,0.986396458328,0.999999999643846
"DGCR6L",1.74006866777866e-09,-0.519206842928526,0.000285608065051167,0.986516438437722,0.999999999643846
"A1BG",1.73526996802655e-09,-0.519998290309821,0.000284034957560835,0.986553619401014,0.999999999643846
"TMEM30A",1.72356914966847e-09,-0.521935963434289,0.000280217411442411,0.986644279018625,0.999999999643846
"DNAJB1",1.71300131777176e-09,-0.523695689630972,0.000276791715267151,0.986726160243007,0.999999999643846
"UBE2G2",1.70272498203456e-09,-0.525415788797185,0.000273480716331593,0.986805783043374,0.999999999643846
"PNRC1",1.70056746304987e-09,-0.525778049449,0.000272788101817117,0.986822499884824,0.999999999643846
"UBR5",1.70043799408666e-09,-0.525799800559636,0.000272746567154047,0.9868235030336,0.999999999643846
"ABCE1",1.68696911338296e-09,-0.528070369718265,0.000268442920631441,0.986927862453407,0.999999999643846
"CD37",1.68313964223662e-09,-0.528718763575664,0.000267225556754927,0.986957533956694,0.999999999643846
"PWP1",1.68146819152063e-09,-0.52900216323577,0.000266695080779273,0.986970484694586,0.999999999643846
"TMEM14B",1.67983299864183e-09,-0.529279648132734,0.000266176622147672,0.986983154502751,0.999999999643846
"TUBA1B",1.6759025691847e-09,-0.529947569006562,0.000264932493100178,0.987013608285803,0.999999999643846
"PSMG2",1.67009912876078e-09,-0.530936231202418,0.00026310081404088,0.987058574581082,0.999999999643846
"MLF2",1.6699440509339e-09,-0.530962690158609,0.00026305195561387,0.987059776157755,0.999999999643846
"NFATC3",1.6691606669839e-09,-0.531096381069494,0.0002628052139997,0.987065845987131,0.999999999643846
"GMPS",1.66500585604928e-09,-0.531806330585018,0.000261498512933635,0.987098038379202,0.999999999643846
"HNRNPA0",1.65873464263423e-09,-0.532880788488215,0.000259532364135313,0.98714662916454,0.999999999643846
"OXR1",1.65723241455746e-09,-0.533138682702946,0.000259062487581419,0.987158268775825,0.999999999643846
"HNRNPH3",1.65539649003978e-09,-0.533454135259511,0.000258488813404116,0.987172493948181,0.999999999643846
"FOSB",1.65062259863599e-09,-0.534275796172287,0.000257000084620796,0.987209483193872,0.999999999643846
"CCDC88A",1.65048260859164e-09,-0.534299921242536,0.000256956493884015,0.987210567870436,0.999999999643846
"REST",1.64838041223102e-09,-0.534662411817861,0.000256302347032529,0.987226856196759,0.999999999643846
"NDUFS4",1.6410043086726e-09,-0.535937434646165,0.00025401369709881,0.987284008074878,0.999999999643846
"USP16",1.63869206745423e-09,-0.536338132842685,0.000253298370339668,0.987301923906243,0.999999999643846
"SPTBN1",1.63323961436463e-09,-0.537284926666586,0.000251615565091979,0.98734417092091,0.999999999643846
"AES",1.6298057180436e-09,-0.537882593242949,0.000250558630824455,0.987370777654649,0.999999999643846
"DPP7",1.62440610431215e-09,-0.538824569388724,0.000248901158809328,0.98741261531337,0.999999999643846
"PPM1G",1.62425691733395e-09,-0.538850633363751,0.000248855442277607,0.987413771254673,0.999999999643846
"IRF2BP2",1.62420065910357e-09,-0.538860462588196,0.000248838203718611,0.987414207158758,0.999999999643846
"STK10",1.61773345446897e-09,-0.539992330299854,0.000246860512522266,0.987464316845908,0.999999999643846
"LAMP1",1.61427459017429e-09,-0.540599275368978,0.000245806019648427,0.98749111710179,0.999999999643846
"SMC2",1.61113639447397e-09,-0.541150912576003,0.000244851240828082,0.987515432739195,0.999999999643846
"FAM195B",1.60817731154101e-09,-0.541671906091714,0.000243952657971878,0.987538360570299,0.999999999643846
"MYL6B",1.59560701465597e-09,-0.543894271653123,0.000240153857352,0.987635758983667,0.999999999643846
"PPP4R3B",1.58532985684514e-09,-0.545722356667142,0.00023707020245598,0.987715389607808,0.999999999643846
"JTB",1.57367139026377e-09,-0.547808437854492,0.000233596209589119,0.987805723191246,0.999999999643846
"MED28",1.57055118918468e-09,-0.548368981967372,0.000232670800932503,0.987829899548598,0.999999999643846
"MRPL36",1.56875042434244e-09,-0.548692922256521,0.000232137554769528,0.987843852479548,0.999999999643846
"AKT1",1.56020777590314e-09,-0.55023400204983,0.000229616223045435,0.987910043840072,0.999999999643846
"PRR13",1.5427475334343e-09,-0.553406345563067,0.000224505721970838,0.988045332026102,0.999999999643846
"NUP50",1.52959517865062e-09,-0.555816298170427,0.000220694090826997,0.9881472413891,0.999999999643846
"MED30",1.52951388101558e-09,-0.55583124955862,0.000220670631769203,0.98814787131418,0.999999999643846
"RABAC1",1.5059846804527e-09,-0.56018727912342,0.00021393350226043,0.988330184842026,0.999999999643846
"IGBP1",1.50082125311082e-09,-0.56115096835113,0.000212469029960244,0.988370193195826,0.999999999643846
"ESD",1.49866103941089e-09,-0.561554985393621,0.000211857833667539,0.988386931426676,0.999999999643846
"GOLGA4",1.49572327887978e-09,-0.562105222921387,0.000211028056225072,0.988409694420757,0.999999999643846
"PABPN1",1.49232294414389e-09,-0.562743253165727,0.000210069656509223,0.988436041644519,0.999999999643846
"PRPF4B",1.49119760547391e-09,-0.562954682273855,0.000209752955119488,0.988444761244646,0.999999999643846
"PPP1R7",1.48921903143393e-09,-0.563326748170183,0.000209196709020238,0.988460092076756,0.999999999643846
"NUCKS1",1.48575149419195e-09,-0.563979829131135,0.000208223644821018,0.988486960038502,0.999999999643846
"HBA1",1.48495774318219e-09,-0.564129508372707,0.000208001220573332,0.988493110362681,0.999999999643846
"SMIM19",1.46868249434631e-09,-0.567213727341282,0.000203466788233651,0.988619218140104,0.999999999643846
"UROS",1.45009121809832e-09,-0.570772755379818,0.000198348233835709,0.988763271863036,0.999999999643846
"MPC2",1.44880736291488e-09,-0.571019966127377,0.000197997169466649,0.988773219774562,0.999999999643846
"PUM3",1.43929803835847e-09,-0.572856865761464,0.000195406569223931,0.988846902531166,0.999999999643846
"TFG",1.43701812983151e-09,-0.573298811356892,0.000194787995114928,0.988864568357875,0.999999999643846
"CRTAP",1.42469750722313e-09,-0.575697496445868,0.000191462189789288,0.988960034555863,0.999999999643846
"FDFT1",1.42345104146387e-09,-0.575941154655698,0.000191127316365528,0.988969692789825,0.999999999643846
"UTRN",1.42030852540541e-09,-0.576556260988734,0.000190284354217815,0.988994042567618,0.999999999643846
"LSM14A",1.41985641972092e-09,-0.576644850347018,0.000190163232722642,0.988997545708224,0.999999999643846
"RBBP4",1.41806551750441e-09,-0.576996011508839,0.000189683819495716,0.989011422514981,0.999999999643846
"MT-ND6",1.41698232180156e-09,-0.577208588983819,0.000189394148499452,0.989019815659062,0.999999999643846
"CCNI",1.40732341646876e-09,-0.5791103120896,0.000186820926173304,0.989094657760072,0.999999999643846
"CCT3",1.40544064643317e-09,-0.579482304311864,0.000186321388466956,0.989109246429126,0.999999999643846
"IL10RA",1.40114098183898e-09,-0.580333417546071,0.000185183106253834,0.989142562451963,0.999999999643846
"TMEM126A",1.39850540917926e-09,-0.580856228952651,0.000184487095631288,0.989162984240047,0.999999999643846
"MT2A",1.383917589826e-09,-0.583765283310142,0.000180658396639023,0.989276018381532,0.999999999643846
"PRRC2A",1.37845224635163e-09,-0.58486190910592,0.000179234308147785,0.989318366809556,0.999999999643846
"UBB",1.37842276085372e-09,-0.584867835457079,0.000179226640480937,0.989318595279174,0.999999999643846
"FAM107B",1.37694568057945e-09,-0.58516485549468,0.000178842737511658,0.98933004049876,0.999999999643846
"SFXN1",1.37679136278021e-09,-0.585195902324516,0.000178802653038422,0.989331236236945,0.999999999643846
"RBM33",1.37650221914258e-09,-0.585254082443333,0.000178727559277489,0.989333476679071,0.999999999643846
"USP34",1.37227373741092e-09,-0.586106111964609,0.000177631178292124,0.989366241264371,0.999999999643846
"GPBP1",1.37064200947434e-09,-0.586435500985101,0.000177208998045062,0.98937888478818,0.999999999643846
"EIF3I",1.36913885451739e-09,-0.586739232023362,0.000176820528234102,0.989390532060323,0.999999999643846
"C1orf186",1.36864835443831e-09,-0.586838405241879,0.000176693857448296,0.989394332725461,0.999999999643846
"RPL7L1",1.36590829686361e-09,-0.587392970874808,0.000175987077359352,0.9894155642072,0.999999999643846
"ANKRD17",1.34900565120995e-09,-0.590835087419511,0.000171658467456811,0.989546535420503,0.999999999643846
"SNRPD3",1.3470921120143e-09,-0.591227084534567,0.000171171824220746,0.98956136261717,0.999999999643846
"WDR43",1.34607652985225e-09,-0.591435324280128,0.000170913826240451,0.98956923193037,0.999999999643846
"HIST1H2AE",1.33897296738183e-09,-0.59289563464743,0.000169114681129354,0.989624274435817,0.999999999643846
"NBN",1.33060732764376e-09,-0.59462390240509,0.000167008091999568,0.989689096308287,0.999999999643846
"SLC9A3R1",1.32889682424255e-09,-0.594978419377313,0.000166578988251842,0.989702350298063,0.999999999643846
"LEPROTL1",1.32702296380839e-09,-0.595367241044379,0.000166109537662194,0.989716870077795,0.999999999643846
"VAMP8",1.32676401935817e-09,-0.595421008275711,0.000166044717463203,0.989718876532925,0.999999999643846
"HBB",1.30213231316226e-09,-0.60057697494367,0.000159936624347123,0.98990973789232,0.999999999643846
"CTSD",1.29156133310957e-09,-0.602815293172066,0.000157350367673483,0.989991648417904,0.999999999643846
"TMPO",1.2845886568837e-09,-0.60430027717803,0.000155655997345708,0.990045677106112,0.999999999643846
"C14orf166",1.28181293186291e-09,-0.604893344380267,0.000154984044575759,0.990067185185006,0.999999999643846
"PRKCSH",1.27327523924903e-09,-0.606724424877519,0.000152926334903809,0.990133340690448,0.999999999643846
"SPN",1.26236478124037e-09,-0.609079713230072,0.000150316768979394,0.99021788199912,0.999999999643846
"ZMYM2",1.2614288974788e-09,-0.609282555019626,0.000150093969868677,0.990225133838947,0.999999999643846
"LSM12",1.25404991643572e-09,-0.610886378680491,0.000148343096441943,0.990282311041112,0.999999999643846
"YME1L1",1.24845396804941e-09,-0.612108041009512,0.000147022147129018,0.990325672165904,0.999999999643846
"ENG",1.24715884684961e-09,-0.612391447562481,0.000146717269672717,0.990335707629225,0.999999999643846
"WDR83OS",1.23496838278924e-09,-0.615071428521335,0.000143863085653026,0.990430167554461,0.999999999643846
"FKBP3",1.23253426405096e-09,-0.615609254675604,0.000143296537171714,0.990449028761816,0.999999999643846
"HSPA4",1.2311787492973e-09,-0.615909153170488,0.000142981521573138,0.990459532214287,0.999999999643846
"CHCHD3",1.22941444966363e-09,-0.616299915130816,0.000142572025391891,0.990473203213185,0.999999999643846
"EIF2AK3",1.22713095193159e-09,-0.616806382053107,0.000142042894554574,0.990490897317808,0.999999999643846
"MED10",1.21841280089659e-09,-0.618747449894301,0.000140031776714457,0.990558451566896,0.999999999643846
"LSM7",1.20798775662425e-09,-0.621084182641463,0.000137645734637942,0.990639232091237,0.999999999643846
"SLC3A2",1.20616682567698e-09,-0.621494102389405,0.000137231070721663,0.990653341945904,0.999999999643846
"AKAP13",1.19899021353922e-09,-0.623114831510634,0.000135602897506116,0.990708951416527,0.999999999643846
"ANXA1",1.19316108141875e-09,-0.624437360406053,0.00013428758110482,0.990754119691429,0.999999999643846
"ATP5C1",1.19314892290047e-09,-0.624440124723081,0.000134284844291297,0.990754213904335,0.999999999643846
"BAG1",1.19111865535419e-09,-0.62490205674984,0.000133828233723516,0.990769945872917,0.999999999643846
"CYFIP2",1.18697567474233e-09,-0.625846768537803,0.000132898882936103,0.990802048668203,0.999999999643846
"SMDT1",1.18660477109118e-09,-0.625931481863296,0.000132815839988339,0.990804922697341,0.999999999643846
"GHITM",1.17737189937602e-09,-0.628047564424053,0.000130757023297085,0.9908764656883,0.999999999643846
"ARF5",1.17306891657426e-09,-0.629038609596741,0.000129803005177512,0.990909808347106,0.999999999643846
"GLOD4",1.16773453199928e-09,-0.630271521274273,0.000128625163374716,0.990951143083457,0.999999999643846
"SYNCRIP",1.16391467158912e-09,-0.631157346173957,0.000127785029691662,0.990980742187228,0.999999999643846
"HSD17B12",1.15673614837765e-09,-0.63282878160186,0.000126213644701352,0.991036366728128,0.999999999643846
"VPS35",1.15636630417907e-09,-0.632915135183369,0.000126132948819373,0.99103923255744,0.999999999643846
"CFDP1",1.14941286970628e-09,-0.634543073105404,0.000124620590250049,0.991093112986968,0.999999999643846
"CYC1",1.14715746457433e-09,-0.63507291472764,0.000124132003137144,0.991110589567569,0.999999999643846
"KIT",1.14646613282674e-09,-0.635235501054472,0.00012398243250053,0.991115946528394,0.999999999643846
"UQCRC2",1.14457835227141e-09,-0.63567989313365,0.000123574467672061,0.991130574480786,0.999999999643846
"UBE2K",1.14440850000759e-09,-0.635719907805308,0.000123537794174509,0.991131890624814,0.999999999643846
"SLC25A36",1.14295904454282e-09,-0.636061584428142,0.000123225057709051,0.991143122104914,0.999999999643846
"UBE2D3",1.13861597486698e-09,-0.637087585515141,0.000122290364165362,0.991176775512724,0.999999999643846
"SSU72",1.13432389901832e-09,-0.638104828109909,0.000121370141282592,0.99121003379699,0.999999999643846
"ARPC5L",1.11996337303122e-09,-0.641532406643045,0.000118316505056921,0.991321310239326,0.999999999643846
"CUEDC2",1.10799722752425e-09,-0.644417276015522,0.000115801728061651,0.991414033302164,0.999999999643846
"USP8",1.10649259821599e-09,-0.644781901511797,0.000115487430581414,0.991425692356145,0.999999999643846
"SFPQ",1.10532285924222e-09,-0.645065663722112,0.00011524338241906,0.991434756417086,0.999999999643846
"SENP6",1.10464214650188e-09,-0.645230913096939,0.000115101480924813,0.99144003111725,0.999999999643846
"TYROBP",1.10407149613273e-09,-0.645369510814727,0.00011498259040959,0.991444452967487,0.999999999643846
"HAX1",1.09715546533446e-09,-0.6470541352778,0.000113546573893025,0.991498043863024,0.999999999643846
"ACBD6",1.09653189086211e-09,-0.647206472387283,0.000113417540905448,0.991502875814825,0.999999999643846
"PHF14",1.09608264614071e-09,-0.647316267183402,0.000113324626518683,0.991506356921024,0.999999999643846
"FOPNL",1.08762199632384e-09,-0.649391248339845,0.000111581875639915,0.991571916809993,0.999999999643846
"UQCR10",1.08346443742556e-09,-0.65041594781342,0.000110730437271572,0.991604132926049,0.999999999643846
"TRMT1",1.07442155774232e-09,-0.652656360272702,0.000108889779953516,0.991674204490807,0.999999999643846
"SNX1",1.06256599852151e-09,-0.655618145763422,0.000106499978998296,0.991766071074657,0.999999999643846
"PTPRC",1.05924842425623e-09,-0.656452002222155,0.000105835982569595,0.991791778377123,0.999999999643846
"NAE1",1.05573495914281e-09,-0.657337529806608,0.000105135043451006,0.991819003612784,0.999999999643846
"CCT7",1.0553320016483e-09,-0.657439251289891,0.000105054801969357,0.991822126061573,0.999999999643846
"NDUFV2",1.05487812944844e-09,-0.657553865263441,0.000104964458455289,0.991825643039867,0.999999999643846
"KIAA1033",1.0537559045507e-09,-0.657837435719914,0.000104741245804761,0.991834338969948,0.999999999643846
"ARF6",1.05306483541153e-09,-0.658012187490395,0.000104603909051191,0.991839693947786,0.999999999643846
"ELAVL1",1.04371317776396e-09,-0.660386636294307,0.000102754305092377,0.991912158396746,0.999999999643846
"TRABD",1.03405059603681e-09,-0.662859189683525,0.000100860535917904,0.991987032215065,0.999999999643846
"PITHD1",1.03359243805274e-09,-0.662976916655393,0.000100771178931285,0.991990582410615,0.999999999643846
"RNMT",1.03111322637529e-09,-0.663614741839951,0.00010028833202742,0.992009793442243,0.999999999643846
"CAPG",1.02990341777941e-09,-0.663926464045618,0.000100053132817891,0.992019168065468,0.999999999643846
"ZNF22",1.01957746341545e-09,-0.666599873766046,9.80568973596147e-05,0.992099182363607,0.999999999643846
"NDUFB2",1.01650478411382e-09,-0.667399859343889,9.74667638918677e-05,0.992122992117925,0.999999999643846
"ANXA11",1.01569718377011e-09,-0.66761046428199,9.73119531629315e-05,0.99212925009914,0.999999999643846
"NOL7",1.00323656184931e-09,-0.67087818674814,9.49389436517429e-05,0.992225805762959,0.999999999643846
"GNB1",1.00142951876086e-09,-0.671354946487055,9.45972410832711e-05,0.992239808303464,0.999999999643846
"TCF25",9.97823790201354e-10,-0.672308460292568,9.39172573146136e-05,0.992267748629529,0.999999999643846
"PUM1",9.9656427742554e-10,-0.672642224465503,9.36803110115163e-05,0.992277508433996,0.999999999643846
"SMARCC2",9.95937190588571e-10,-0.672808533460215,9.35624516653155e-05,0.99228236765065,0.999999999643846
"EIF3G",9.95728761051677e-10,-0.672863830621558,9.35232943006662e-05,0.992283982744855,0.999999999643846
"ZRANB2",9.92193305546115e-10,-0.673803309526645,9.28603417843736e-05,0.992311378548672,0.999999999643846
"PHF5A",9.87090583437843e-10,-0.675164311758994,9.19076603541571e-05,0.99235091892192,0.999999999643846
"TMED9",9.85011589460279e-10,-0.675720545689389,9.15209192473938e-05,0.992367028798888,0.999999999643846
"SRI",9.82996546001333e-10,-0.676260627160678,9.11468525895584e-05,0.992382643133866,0.999999999643846
"MPLKIP",9.74361303308985e-10,-0.678585845608565,8.95525069714067e-05,0.992449556647737,0.999999999643846
"RPS26",9.73583355049004e-10,-0.678796187297835,8.94095632708814e-05,0.992455584882972,0.999999999643846
"MRPL43",9.67248496424119e-10,-0.680514369807339,8.82498182118306e-05,0.992504673019531,0.999999999643846
"TTC17",9.61436403307174e-10,-0.6820992370681,8.71924371280222e-05,0.992549710327487,0.999999999643846
"IRF1",9.57569319560811e-10,-0.683158268895167,8.64924379337765e-05,0.992579675972318,0.999999999643846
"NPEPPS",9.56449461508676e-10,-0.683465632828123,8.62902538963021e-05,0.992588353642215,0.999999999643846
"THOC7",9.53755074632148e-10,-0.684206413741531,8.58047669921726e-05,0.992609232184694,0.999999999643846
"DYNC1H1",9.51983341207779e-10,-0.684694499451445,8.54862743821976e-05,0.992622961177852,0.999999999643846
"SSB",9.50055413736653e-10,-0.685226496245181,8.51403766249027e-05,0.992637900506249,0.999999999643846
"ATP5D",9.45715902643066e-10,-0.686427331790025,8.43643717602711e-05,0.992671526978442,0.999999999643846
"GABPB1",9.38156957307285e-10,-0.688530334939644,8.30211414381478e-05,0.992730100581414,0.999999999643846
"UBA1",9.37932767642111e-10,-0.68859292821531,8.29814673561918e-05,0.992731837808023,0.999999999643846
"RIF1",9.34986796093807e-10,-0.689416626305563,8.24610097412501e-05,0.992754665893679,0.999999999643846
"ATP6V1G1",9.3166073072747e-10,-0.690349266806892,8.18753696600881e-05,0.992780439301478,0.999999999643846
"PPIP5K2",9.31369224911703e-10,-0.690431141504683,8.18241419722389e-05,0.992782698156501,0.999999999643846
"EIF1AX",9.29548559607584e-10,-0.690943004061454,8.15045506376465e-05,0.992796806346208,0.999999999643846
"TYMS",9.25759483121679e-10,-0.692011017024757,8.08414383247799e-05,0.992826167603817,0.999999999643846
"HCLS1",9.25627223197173e-10,-0.692048364009121,8.08183409243102e-05,0.992827192475813,0.999999999643846
"C9orf142",9.24417297305168e-10,-0.692390229307585,8.0607196973739e-05,0.992836568099163,0.999999999643846
"SEC31A",9.2401462490512e-10,-0.692504089375766,8.05369879367357e-05,0.992839688377063,0.999999999643846
"ACIN1",9.19019975475683e-10,-0.693919915082038,7.96686751583958e-05,0.992878391545921,0.999999999643846
"TLE4",9.17863487428846e-10,-0.694248679518044,7.94682923562134e-05,0.992887353088616,0.999999999643846
"C11orf58",9.12041885094189e-10,-0.69590902601513,7.84634247152747e-05,0.992932464279995,0.999999999643846
"NDUFV1",9.11928580796529e-10,-0.695941430570067,7.84439306741552e-05,0.992933342267338,0.999999999643846
"UPF2",9.11824534179038e-10,-0.695971190495265,7.8426031553086e-05,0.99293414851755,0.999999999643846
"GTF3C6",9.06157869791814e-10,-0.697596393789229,7.74542808573222e-05,0.992978059128075,0.999999999643846
"HUWE1",9.05785521674429e-10,-0.69770348704392,7.73906406654128e-05,0.992980944429952,0.999999999643846
"FCN1",9.04865321270175e-10,-0.697968312678146,7.72334760320468e-05,0.992988075004744,0.999999999643846
"COMT",9.04205209526065e-10,-0.698158428752455,7.71208313609151e-05,0.992993190169287,0.999999999643846
"UBE2I",8.99978617751658e-10,-0.699378528478075,7.64015334783464e-05,0.993025941770927,0.999999999643846
"UBE2A",8.97047969141308e-10,-0.700227400938467,7.59047628109656e-05,0.993048651195005,0.999999999643846
"NDUFB11",8.92387082871957e-10,-0.701582333055051,7.51180392823239e-05,0.993084768140745,0.999999999643846
"VHL",8.86606842902306e-10,-0.703271083127205,7.41480698974621e-05,0.99312955891507,0.999999999643846
"IDH2",8.85385592483213e-10,-0.703629085078652,7.39439410976155e-05,0.993139022322861,0.999999999643846
"NUDT5",8.84752603837619e-10,-0.703814807692443,7.38382494212795e-05,0.993143927320272,0.999999999643846
"NDUFA8",8.84748078603296e-10,-0.703816135831356,7.38374941038616e-05,0.993143962386087,0.999999999643846
"CAMLG",8.82825271031833e-10,-0.704380998024614,7.35169033731518e-05,0.993158862127551,0.999999999643846
"SMARCA4",8.82563482584194e-10,-0.704457984710566,7.34733091918242e-05,0.993160890713563,0.999999999643846
"MRPL33",8.77638414732256e-10,-0.705909993932379,7.26555745509273e-05,0.993199054834232,0.999999999643846
"SPG7",8.65918936841162e-10,-0.709393310235468,7.07281286629143e-05,0.993289868583241,0.999999999643846
"THOC3",8.62472163022108e-10,-0.710425435523785,7.01661853601709e-05,0.99331657750747,0.999999999643846
"RHOH",8.60397244452398e-10,-0.711048462669529,6.98289826086342e-05,0.993332655979172,0.999999999643846
"IFITM2",8.54573346816627e-10,-0.712804059634176,6.88868585314564e-05,0.993377785173479,0.999999999643846
"CCNL1",8.52535189968732e-10,-0.713420869674924,6.85586601541821e-05,0.993393578789946,0.999999999643846
"HNRNPA2B1",8.47419392009029e-10,-0.714974634777968,6.77383305293609e-05,0.993433220966748,0.999999999643846
"ARID2",8.42099939860066e-10,-0.716598770502807,6.68905805949263e-05,0.993474441271417,0.999999999643846
"SNRNP70",8.36971598811776e-10,-0.718172871150595,6.60783416815016e-05,0.993514180677329,0.999999999643846
"RERE",8.36681815526414e-10,-0.718262063251931,6.60325932137835e-05,0.993516426202337,0.999999999643846
"HNRNPL",8.34214931849168e-10,-0.719022412757425,6.56437845104765e-05,0.993535542037756,0.999999999643846
"C6orf62",8.33818261346321e-10,-0.719144854729821,6.55813719085552e-05,0.993538615830401,0.999999999643846
"DUSP23",8.31308074155407e-10,-0.719920840159366,6.51871043971702e-05,0.993558067228351,0.999999999643846
"TAX1BP1",8.28701712639212e-10,-0.720728676423574,6.47789889850229e-05,0.993578263883568,0.999999999643846
"FOXN3",8.24874658926609e-10,-0.721918803978325,6.41820547206643e-05,0.993607919671252,0.999999999643846
"LIMD2",8.19443123889413e-10,-0.723616008972269,6.33396010404171e-05,0.993650008578266,0.999999999643846
"C15orf40",8.11954805755283e-10,-0.725971721755591,6.21872577262641e-05,0.99370803550449,0.999999999643846
"ADGRE5",8.09369047577245e-10,-0.726789472255045,6.17918042733212e-05,0.993728072534747,0.999999999643846
"PARVG",8.02727424588997e-10,-0.728900166224597,6.07818471429298e-05,0.993779538464044,0.999999999643846
"HSPB11",8.01129354109694e-10,-0.729410254512269,6.05400789269207e-05,0.993791921914317,0.999999999643846
"SUB1",8.00857890786446e-10,-0.729496989231371,6.0499057769665e-05,0.993794025484119,0.999999999643846
"PLSCR1",7.99260537708183e-10,-0.730007865454277,6.02579613600886e-05,0.993806403376999,0.999999999643846
"PSMB10",7.94127810657895e-10,-0.731655371370092,5.94865118638703e-05,0.993846176901443,0.999999999643846
"CSTB",7.86712663964988e-10,-0.734051618889433,5.83807910451736e-05,0.993903636932696,0.999999999643846
"CHCHD2",7.85147795429192e-10,-0.73455977817265,5.81487688450629e-05,0.993915763115593,0.999999999643846
"ATP5L",7.83761073506705e-10,-0.735010811194051,5.79435464308828e-05,0.993926508839667,0.999999999643846
"RAC2",7.82356750257159e-10,-0.735468264024717,5.77360888969665e-05,0.993937390957749,0.999999999643846
"HCFC1R1",7.70079374858913e-10,-0.73949771259176,5.59382243505577e-05,0.994032528538073,0.999999999643846
"SLC25A39",7.68748025408719e-10,-0.739937953155437,5.57449742774612e-05,0.994042845191596,0.999999999643846
"SLBP",7.67223001182025e-10,-0.740443037289516,5.55240225204535e-05,0.99405466263606,0.999999999643846
"TDP1",7.6623208149432e-10,-0.740771687026387,5.53806891843311e-05,0.994062341294038,0.999999999643846
"MRPL57",7.62329706834168e-10,-0.742069492778068,5.48180245039158e-05,0.994092580884572,0.999999999643846
"SYF2",7.60436947524354e-10,-0.742701008409703,5.45461512770289e-05,0.994107247922832,0.999999999643846
"EIF3J",7.50287837590613e-10,-0.746110312629551,5.30998758613434e-05,0.994185893658181,0.999999999643846
"DHX36",7.4983713601345e-10,-0.74626262414082,5.30361003114678e-05,0.994189386158562,0.999999999643846
"APRT",7.49059985717599e-10,-0.746525440461016,5.2926221352733e-05,0.994195408320364,0.999999999643846
"BAZ2B",7.48307413661566e-10,-0.746780166911235,5.28199260300436e-05,0.994201240024937,0.999999999643846
"MRPL37",7.35880277583186e-10,-0.751018386219575,5.10801330572512e-05,0.994297538338505,0.999999999643846
"SRP9",7.34985121035404e-10,-0.751326029175338,5.09559364828884e-05,0.994304474941231,0.999999999643846
"NGLY1",7.34613661275017e-10,-0.751453784552807,5.09044434762655e-05,0.994307353397414,0.999999999643846
"PTPN2",7.32840477918863e-10,-0.752064392953025,5.06589975227384e-05,0.994321093865476,0.999999999643846
"NSMCE1",7.29317924556581e-10,-0.753281161162245,5.01731615165133e-05,0.994348390276,0.999999999643846
"TECR",7.20238835030411e-10,-0.756440572761514,4.89317515809522e-05,0.994418744543643,0.999999999643846
"BAZ1B",7.19446779120079e-10,-0.756717808459773,4.88241890043535e-05,0.994424882222108,0.999999999643846
"BCLAF1",7.14990198506178e-10,-0.758282578518263,4.82211839785931e-05,0.99445941648082,0.999999999643846
"ELOVL5",7.11896066658773e-10,-0.759373878480719,4.78047311018768e-05,0.994483393064257,0.999999999643846
"VPS51",7.07926997511264e-10,-0.760779714003009,4.7273160952758e-05,0.994514149588166,0.999999999643846
"TBCA",7.06926857314339e-10,-0.761135022838948,4.71396828092073e-05,0.994521899728021,0.999999999643846
"ETHE1",7.06851327957197e-10,-0.761161872752386,4.71296103676239e-05,0.994522485009069,0.999999999643846
"NIFK",7.04037221314323e-10,-0.762164009101966,4.67550938702972e-05,0.994544291674773,0.999999999643846
"STX10",6.86983221891366e-10,-0.768311364589817,4.45174166049421e-05,0.994676444132096,0.999999999643846
"TSPYL2",6.85140477750665e-10,-0.76898338460758,4.42789124235002e-05,0.99469072367501,0.999999999643846
"ZC3H11A",6.84862640407224e-10,-0.769084841400226,4.42430078422252e-05,0.994692876654609,0.999999999643846
"SLTM",6.81810312145117e-10,-0.77020176843201,4.38495179958512e-05,0.99471652934687,0.999999999643846
"ORMDL1",6.78836771084161e-10,-0.771293978346007,4.34678751480812e-05,0.994739571516398,0.999999999643846
"APOA1BP",6.783393324686e-10,-0.771477090980409,4.34041936321652e-05,0.994743426202091,0.999999999643846
"FAM208A",6.7624572808088e-10,-0.772249028811905,4.31366845112239e-05,0.994759649686348,0.999999999643846
"ATRAID",6.74067629067453e-10,-0.773054289680252,4.28592567770796e-05,0.994776527927565,0.999999999643846
"PPA2",6.71972736191983e-10,-0.773830887359897,4.25932715010106e-05,0.994792761400819,0.999999999643846
"NEDD8",6.63487804913452e-10,-0.776997632573817,4.15244207111361e-05,0.994858511756183,0.999999999643846
"C12orf57",6.62162558297139e-10,-0.777495359438974,4.13587051117279e-05,0.994868781192664,0.999999999643846
"SOX4",6.59370967750763e-10,-0.778546594624588,4.10107144442584e-05,0.994890413442185,0.999999999643846
"TESPA1",6.57336273650934e-10,-0.779315200674165,4.0758002340802e-05,0.994906180445384,0.999999999643846
"SF3B6",6.54480305147487e-10,-0.780397477293683,4.04046042314889e-05,0.994928311571315,0.999999999643846
"PIK3CA",6.54075899546059e-10,-0.780551053622654,4.035468737403e-05,0.994931445342637,0.999999999643846
"TCF12",6.53597432450592e-10,-0.780732860152338,4.02956687559461e-05,0.994935153022497,0.999999999643846
"HMGN3",6.53074741245426e-10,-0.780931600758008,4.02312444826798e-05,0.99493920339865,0.999999999643846
"NAA50",6.52511112232754e-10,-0.781146059215282,4.01618321773027e-05,0.994943571005311,0.999999999643846
"RNPS1",6.49062580531647e-10,-0.782461666188679,3.97384420979594e-05,0.994970293958785,0.999999999643846
"MRPL51",6.48844662423122e-10,-0.782545001780756,3.97117627832772e-05,0.994971982624175,0.999999999643846
"EMC4",6.4568820086492e-10,-0.78375477435235,3.93263276692069e-05,0.994996442307558,0.999999999643846
"TCERG1",6.45427144519963e-10,-0.783855054984232,3.92945342681155e-05,0.994998465255118,0.999999999643846
"RNF130",6.45401472517985e-10,-0.78386491834464,3.92914084333624e-05,0.994998664189621,0.999999999643846
"LSM3",6.44547558092831e-10,-0.784193189206594,3.9187506269202e-05,0.995005281244512,0.999999999643846
"CHTF8",6.43844098943752e-10,-0.784463899533432,3.91020144656514e-05,0.99501073240904,0.999999999643846
"GLRX",6.42696823691583e-10,-0.784905944737814,3.89627857158827e-05,0.995019622742639,0.999999999643846
"EXOSC8",6.39452256811393e-10,-0.786159733786565,3.85703821468214e-05,0.995044765170956,0.999999999643846
"FAM60A",6.35729543016234e-10,-0.787605001195736,3.8122597244058e-05,0.995073612806975,0.999999999643846
"METTL5",6.33859527979903e-10,-0.78833372487036,3.78986498739699e-05,0.995088103720095,0.999999999643846
"CTSB",6.32449647451357e-10,-0.788884354052513,3.77302430213927e-05,0.99509902901099,0.999999999643846
"LSM4",6.30706282505683e-10,-0.789566676784429,3.75225207956742e-05,0.995112538503869,0.999999999643846
"HLTF",6.27874713243399e-10,-0.790678343444651,3.71863607826779e-05,0.995134480593552,0.999999999643846
"TAF9",6.23977383065549e-10,-0.792215446626214,3.67261488086919e-05,0.995164681368244,0.999999999643846
"C8orf59",6.12275147484511e-10,-0.796880576672927,3.53615225521077e-05,0.995255363123605,0.999999999643846
"MLLT3",6.04087523415107e-10,-0.800190076610989,3.44221049996259e-05,0.995318809850938,0.999999999643846
"MIER1",6.03291395960328e-10,-0.800513916931424,3.43314349438794e-05,0.995324979124723,0.999999999643846
"LAMP2",5.92907400428126e-10,-0.804771578728256,3.31597643061656e-05,0.995405445802892,0.999999999643846
"BRD4",5.89412467285186e-10,-0.806218902040758,3.2769991484886e-05,0.995432528419514,0.999999999643846
"C19orf53",5.81846920218197e-10,-0.80937722218638,3.19341361570317e-05,0.995491154683658,0.999999999643846
"FDX1",5.81846747692357e-10,-0.809377294608008,3.19341172191886e-05,0.99549115602058,0.999999999643846
"SUMO1",5.75376152394029e-10,-0.812106458943334,3.12278013726829e-05,0.995541297401234,0.999999999643846
"CAND1",5.7520635017398e-10,-0.812178430224134,3.12093724977744e-05,0.995542613218234,0.999999999643846
"SND1",5.73067590730324e-10,-0.813086507863992,3.09777156502309e-05,0.995559186713029,0.999999999643846
"SF3B1",5.69482653471566e-10,-0.814615116702974,3.05913535130951e-05,0.995586966811607,0.999999999643846
"PPP2R5C",5.66914912205335e-10,-0.815715053732897,3.031610863362e-05,0.995606864542627,0.999999999643846
"MARCH7",5.56284242969811e-10,-0.820314641361866,2.91898060855219e-05,0.995689242885834,0.999999999643846
"PDCD2",5.53764017339118e-10,-0.821416067619697,2.89259184891123e-05,0.995708772426199,0.999999999643846
"SPG21",5.53574470261055e-10,-0.82149907923123,2.89061198571881e-05,0.995710241250074,0.999999999643846
"POLR1D",5.53243793914631e-10,-0.821643956130069,2.88715961725788e-05,0.995712803702229,0.999999999643846
"NDUFA2",5.49070241082182e-10,-0.82347887013944,2.84376369270881e-05,0.995745145086253,0.999999999643846
"COX4I1",5.48345626390526e-10,-0.823798661541985,2.83626274628687e-05,0.995750760217038,0.999999999643846
"CA1",5.43911629418386e-10,-0.825763397156088,2.79057938788568e-05,0.995785119824286,0.999999999643846
"ANP32B",5.36811849475584e-10,-0.8289380280383,2.71820295621448e-05,0.995840136939538,0.999999999643846
"ARL5A",5.35070898378425e-10,-0.829721956145105,2.70060056999002e-05,0.995853627798331,0.999999999643846
"RAP1GDS1",5.33312649891138e-10,-0.830515886620411,2.68288132808841e-05,0.995867252698076,0.999999999643846
"ATP5I",5.21329780753763e-10,-0.835987026819287,2.56367378163482e-05,0.995960109565524,0.999999999643846
"MT1X",5.15806493119378e-10,-0.838545083505274,2.50963927664129e-05,0.996002910284077,0.999999999643846
"PPT1",5.14081751620442e-10,-0.839348672889292,2.49288399211974e-05,0.996016275546473,0.999999999643846
"POLR2I",5.09918776072822e-10,-0.841297806625058,2.45267328288309e-05,0.99604853502913,0.999999999643846
"POLR2B",5.09178788796448e-10,-0.841645695054542,2.44555987504572e-05,0.996054269295223,0.999999999643846
"UBE3A",5.07652006347113e-10,-0.842364843967766,2.43091574616421e-05,0.996066100549066,0.999999999643846
"NOSIP",5.02930265853634e-10,-0.844600638072156,2.38590549017015e-05,0.996102689991604,0.999999999643846
"GNAI3",4.9628086484298e-10,-0.84777978778125,2.3232329234781e-05,0.996154217165126,0.999999999643846
"TMX4",4.93406290188474e-10,-0.849165424549091,2.29639745270019e-05,0.996176492666316,0.999999999643846
"ANKRD36C",4.8875079389069e-10,-0.851424213301409,2.25326693888416e-05,0.9962125687972,0.999999999643846
"TMEM179B",4.76153234566897e-10,-0.857629830343868,2.13860791911297e-05,0.996310189190319,0.999999999643846
"CNIH1",4.75591146643031e-10,-0.857909970608469,2.13356174455918e-05,0.996314544895979,0.999999999643846
"DDX6",4.73234142405346e-10,-0.859087770231641,2.11246651247944e-05,0.996332809685052,0.999999999643846
"GTF2I",4.73079249136954e-10,-0.859165345966823,2.11108388487724e-05,0.996334009976926,0.999999999643846
"ARL6IP6",4.72540607395822e-10,-0.859435284737076,2.1062793175755e-05,0.996338183995087,0.999999999643846
"XIST",4.66384988718951e-10,-0.862538960470081,2.05176123412185e-05,0.996385884843354,0.999999999643846
"ST3GAL1",4.65091997223049e-10,-0.863195331068653,2.04040052368589e-05,0.996395904437571,0.999999999643846
"STAG2",4.6379773779226e-10,-0.863853907548662,2.02906025891093e-05,0.996405933857784,0.999999999643846
"MNDA",4.63514726692683e-10,-0.863998125172561,2.02658473423925e-05,0.996408126955453,0.999999999643846
"LYAR",4.62320620732153e-10,-0.864607450275143,2.0161564150219e-05,0.996417380271265,0.999999999643846
"OTUB1",4.59468318626427e-10,-0.86606837180494,1.99135567110032e-05,0.996439483213028,0.999999999643846
"RAD50",4.58155522925459e-10,-0.866743376841323,1.97999250048558e-05,0.996449656276214,0.999999999643846
"CNOT4",4.56757717786589e-10,-0.867463909290475,1.96792925298111e-05,0.996460488091721,0.999999999643846
"CD3G",4.55488886395535e-10,-0.868119591158822,1.95701098215121e-05,0.996470320469601,0.999999999643846
"COX17",4.53745712895271e-10,-0.86902294202644,1.94206053226132e-05,0.996483828601409,0.999999999643846
"DPM3",4.49894972013009e-10,-0.871029031440028,1.90923757065779e-05,0.996513668615388,0.999999999643846
"KHDRBS1",4.48947261064284e-10,-0.87152500018221,1.90120236381518e-05,0.996521012581578,0.999999999643846
"FAM111A",4.47783604498511e-10,-0.872135204650274,1.89135942839612e-05,0.996530029945858,0.999999999643846
"ATF7IP2",4.47644337201621e-10,-0.87220832507467,1.89018313006339e-05,0.996531109150857,0.999999999643846
"SETD2",4.46824966456899e-10,-0.87263891842435,1.88326985896806e-05,0.996537458588531,0.999999999643846
"CALCOCO2",4.45508810551077e-10,-0.873331994244455,1.87219157834222e-05,0.996547657695985,0.999999999643846
"SHFM1",4.4511229438354e-10,-0.873541138768,1.86886044839268e-05,0.996550730364753,0.999999999643846
"TPR",4.44016856439007e-10,-0.87411976117541,1.85967309710695e-05,0.996559219093183,0.999999999643846
"BCCIP",4.4376333907335e-10,-0.874253845511126,1.85755009287999e-05,0.996561183640916,0.999999999643846
"ERGIC3",4.41886762330669e-10,-0.875248398601451,1.84187297589361e-05,0.996575725543164,0.999999999643846
"ATP1A1",4.41073969610818e-10,-0.875680284265585,1.83510344012288e-05,0.996582024008169,0.999999999643846
"SNX2",4.37248057883967e-10,-0.877722395030942,1.80340583775858e-05,0.996611671632778,0.999999999643846
"NDUFS3",4.35306768801001e-10,-0.878764414594178,1.7874279034839e-05,0.996626715005692,0.999999999643846
"EIF5B",4.33906802288537e-10,-0.879518335440692,1.77594949070189e-05,0.996637563580458,0.999999999643846
"PTDSS1",4.33882426635163e-10,-0.879531480792832,1.77574996069677e-05,0.996637752471481,0.999999999643846
"MYO1G",4.32217153676639e-10,-0.880431029197031,1.7621451986289e-05,0.996650656951114,0.999999999643846
"S100A10",4.2994429620875e-10,-0.881663570987844,1.74366109073826e-05,0.996668269706494,0.999999999643846
"MRFAP1",4.29211079966444e-10,-0.882062371784002,1.73771896986524e-05,0.996673951523012,0.999999999643846
"GZMM",4.27293954870651e-10,-0.883107863453439,1.72223015939971e-05,0.99668880765002,0.999999999643846
"YTHDF2",4.26968702633242e-10,-0.883285634885313,1.71960926569284e-05,0.996691328084799,0.999999999643846
"TOMM22",4.26869703974899e-10,-0.883339767023154,1.71881192727913e-05,0.996692095242208,0.999999999643846
"NUFIP2",4.25658436661041e-10,-0.884002953384726,1.70907131147233e-05,0.996701481558488,0.999999999643846
"RBM42",4.25585520240187e-10,-0.884042927577566,1.7084858247136e-05,0.996702046600241,0.999999999643846
"HNRNPUL1",4.24253656238205e-10,-0.884774112093872,1.69780919154528e-05,0.996712367441311,0.999999999643846
"PPP1R2",4.19939673408776e-10,-0.887155992714962,1.66345671740741e-05,0.996745797233026,0.999999999643846
"HINT2",4.1971275702577e-10,-0.887281857571901,1.66165948974428e-05,0.996747555647096,0.999999999643846
"FXR1",4.19206894690148e-10,-0.887562656068284,1.65765644535823e-05,0.996751475661374,0.999999999643846
"ALKBH7",4.18000229415048e-10,-0.888233632397269,1.64812722383273e-05,0.996760826318528,0.999999999643846
"CREB1",4.17323531670583e-10,-0.888610639982149,1.64279525923704e-05,0.996766070166156,0.999999999643846
"POLR2F",4.12478586421594e-10,-0.891325249798187,1.6048723972501e-05,0.996803614487251,0.999999999643846
"RET",4.1141507753579e-10,-0.891924772701601,1.59660726173381e-05,0.996811855803024,0.999999999643846
"PSMA3",4.0928724479358e-10,-0.89312826106102,1.58013471142651e-05,0.99682834475094,0.999999999643846
"CTSS",4.09065259889298e-10,-0.893254121819682,1.57842114260788e-05,0.996830064950849,0.999999999643846
"POLR2J3",4.06420898027707e-10,-0.894757921908116,1.55808000810682e-05,0.996850556575274,0.999999999643846
"KIF22",4.05851690213106e-10,-0.895082712254165,1.5537187645177e-05,0.996854967466857,0.999999999643846
"CNPY3",4.05150152621888e-10,-0.895483545576229,1.54835202543911e-05,0.996860403805311,0.999999999643846
"RASAL3",4.01604871862876e-10,-0.897518302602033,1.52137276718144e-05,0.996887876813065,0.999999999643846
"MPG",3.98457747012413e-10,-0.899337435559656,1.49762210926043e-05,0.996912264443343,0.999999999643846
"PSMB7",3.97776050726392e-10,-0.899733092331723,1.49250211789087e-05,0.996917547029504,0.999999999643846
"MKKS",3.91057683606376e-10,-0.903663721981406,1.44251168476555e-05,0.996969608862328,0.999999999643846
"SEPT1",3.90981230795984e-10,-0.90370878202027,1.44194771020869e-05,0.996970201308954,0.999999999643846
"RGS19",3.90495572293037e-10,-0.903995197036013,1.43836769574815e-05,0.996973964764387,0.999999999643846
"COA4",3.86114381826708e-10,-0.906592826166189,1.40627303572459e-05,0.997007915403439,0.999999999643846
"TXNL1",3.8378505318456e-10,-0.907984159900643,1.38935684937426e-05,0.997025965795508,0.999999999643846
"TPI1",3.83671686855593e-10,-0.90805205868301,1.38853616591394e-05,0.997026844291886,0.999999999643846
"AP3B1",3.80654946979411e-10,-0.909865205883432,1.36678640185123e-05,0.997050221561215,0.999999999643846
"TRAF3IP3",3.75755281831357e-10,-0.912836361567118,1.33182720178765e-05,0.997088189968416,0.999999999643846
"PRKCH",3.72981243502599e-10,-0.914533234860758,1.31223518384073e-05,0.997109686505022,0.999999999643846
"OXLD1",3.71484554204957e-10,-0.915453236717283,1.30172490843508e-05,0.997121284628364,0.999999999643846
"BBX",3.68818489821341e-10,-0.917099912218794,1.28310755853311e-05,0.997141944457937,0.999999999643846
"CCDC90B",3.67122902897909e-10,-0.918152474544399,1.27133689401635e-05,0.997155083877877,0.999999999643846
"KAT6B",3.61854543509914e-10,-0.921449590437726,1.23511032718567e-05,0.99719590938423,0.999999999643846
"MRPS5",3.60039941162043e-10,-0.922594722784118,1.22275390083006e-05,0.997209971080331,0.999999999643846
"IST1",3.57451316099656e-10,-0.924236873132357,1.20523433021286e-05,0.997230030826043,0.999999999643846
"SUGT1",3.5513597985605e-10,-0.925714282300319,1.18967145488207e-05,0.997247972806441,0.999999999643846
"SMCHD1",3.53314174838986e-10,-0.926882563442176,1.17749701789807e-05,0.997262090320586,0.999999999643846
"MSRB3",3.51793618083644e-10,-0.927861605874949,1.1673836491526e-05,0.997273873405217,0.999999999643846
"RNF7",3.50677549256069e-10,-0.928582512213904,1.15998832568475e-05,0.997282522036042,0.999999999643846
"LENG8",3.48564964210145e-10,-0.929952482383889,1.14605420013257e-05,0.997298892862528,0.999999999643846
"UVRAG",3.46572447539216e-10,-0.931251102757349,1.13298917290544e-05,0.997314333257203,0.999999999643846
"POLB",3.46547488900966e-10,-0.931267409904461,1.13282599288992e-05,0.997314526666495,0.999999999643846
"ST13",3.44657758155121e-10,-0.932505019527991,1.12050503003595e-05,0.99732917055422,0.999999999643846
"TMEM173",3.43462244607055e-10,-0.933290972652693,1.11274512552029e-05,0.99733843481956,0.999999999643846
"NDUFS7",3.40215365022931e-10,-0.935437380786203,1.09180615949168e-05,0.997363595518243,0.999999999643846
"ATAD2",3.3600593142004e-10,-0.93824629277883,1.06495579407894e-05,0.997396215238324,0.999999999643846
"PFKL",3.35764207051645e-10,-0.938408503463798,1.06342407605893e-05,0.997398088407623,0.999999999643846
"SSH2",3.28299586838896e-10,-0.943467446316941,1.01666615304247e-05,0.997455933213258,0.999999999643846
"MCTP2",3.28223521872781e-10,-0.943519500686167,1.01619509720913e-05,0.997456522655664,0.999999999643846
"YEATS4",3.27774809024077e-10,-0.943826783024167,1.01341852525366e-05,0.997459999819946,0.999999999643846
"TMA7",3.25710991464606e-10,-0.945244744723922,1.00069682521146e-05,0.997475992749504,0.999999999643846
"FCHSD2",3.21725922234911e-10,-0.948004564508565,9.76359602270434e-06,0.997506873840272,0.999999999643846
"JPX",3.19850086682283e-10,-0.94931377179912,9.65007388222748e-06,0.997521410062804,0.999999999643846
"MFNG",3.19098432095668e-10,-0.949840216698849,9.60477141316668e-06,0.997527234783824,0.999999999643846
"ATRX",3.14891846960495e-10,-0.952806126889529,9.35320655414556e-06,0.997559832451841,0.999999999643846
"KRR1",3.13362133220571e-10,-0.953893064399,9.26255336039537e-06,0.997571686510017,0.999999999643846
"MRPL13",3.12582852028414e-10,-0.954448525289336,9.21654168449376e-06,0.997577725316273,0.999999999643846
"MT-CYB",3.12106813440878e-10,-0.954788421063175,9.18849095422769e-06,0.997581414234834,0.999999999643846
"IFI6",3.11112020475796e-10,-0.955500143524624,9.13001046896587e-06,0.997589123085353,0.999999999643846
"VDAC2",3.09144487055465e-10,-0.956913552269989,9.01489567506217e-06,0.997604369897723,0.999999999643846
"MICU2",3.08735188510958e-10,-0.957208543080042,8.99104054421854e-06,0.997607541634612,0.999999999643846
"COPS6",3.07911234116386e-10,-0.957803399972906,8.9431138931045e-06,0.997613926623343,0.999999999643846
"INPP4B",3.02172859596644e-10,-0.961984355902774,8.6128840757149e-06,0.9976583944487,0.999999999643846
"CMC1",3.01322054319014e-10,-0.962610009312992,8.56445106324677e-06,0.997664987511585,0.999999999643846
"DECR1",3.00601064193166e-10,-0.963141382897668,8.52351481536424e-06,0.99767057461062,0.999999999643846
"SRPRA",2.99763193639954e-10,-0.96376026687111,8.47606555474886e-06,0.997677067439988,0.999999999643846
"TOMM20",2.97264921072111e-10,-0.965614397280649,8.33537261794438e-06,0.99769642706326,0.999999999643846
"PSMC3",2.93958313917932e-10,-0.968089013103265,8.15096800225056e-06,0.997722050638062,0.999999999643846
"C11orf31",2.91491353040631e-10,-0.96995077853631,8.0147327443051e-06,0.997741167623749,0.999999999643846
"ASCC3",2.89877386839367e-10,-0.971176099592013,7.92622448394702e-06,0.997753674579487,0.999999999643846
"PNRC2",2.89713431741391e-10,-0.971300899794599,7.9172608499519e-06,0.997754945101262,0.999999999643846
"WDR33",2.88951664196133e-10,-0.971881538221458,7.87568056646451e-06,0.99776084819472,0.999999999643846
"TMED3",2.87881348021119e-10,-0.972699572501957,7.81744344659393e-06,0.997769142295208,0.999999999643846
"EML4",2.85176638278723e-10,-0.974778393211313,7.67124022999355e-06,0.997790101649148,0.999999999643846
"LUC7L3",2.81402138205563e-10,-0.977707767723699,7.46951629409959e-06,0.997819351031669,0.999999999643846
"MZT2B",2.81308668387448e-10,-0.97778073397441,7.46455500715296e-06,0.997820075348679,0.999999999643846
"ARHGAP15",2.78310841669522e-10,-0.980132007812384,7.3063074313791e-06,0.99784330613072,0.999999999643846
"WHSC1L1",2.72980319150676e-10,-0.984366818818736,7.02911044496408e-06,0.997884613461646,0.999999999643846
"PSMD4",2.69770289725544e-10,-0.986951198363659,6.86476902858043e-06,0.997909488652004,0.999999999643846
"YWHAE",2.69688865109108e-10,-0.987017093698258,6.86062567513581e-06,0.997910119628438,0.999999999643846
"TMX1",2.68607955354431e-10,-0.987893466098653,6.80574127225637e-06,0.997918495825,0.999999999643846
"ZNF207",2.6831672046687e-10,-0.988130106384513,6.79099118956138e-06,0.99792075266531,0.999999999643846
"DOCK8",2.65636346976505e-10,-0.990318379249757,6.65599046710042e-06,0.997941523443213,0.999999999643846
"POP5",2.64141148024385e-10,-0.991547273334652,6.58127161652908e-06,0.997953110054965,0.999999999643846
"NRROS",2.63598783393175e-10,-0.99199450753304,6.55427253379862e-06,0.997957312952887,0.999999999643846
"SNX5",2.59498205540943e-10,-0.995401510344816,6.35194034732709e-06,0.997989089197381,0.999999999643846
"CPSF6",2.59196085787411e-10,-0.995654343390117,6.33715851462062e-06,0.997991430387335,0.999999999643846
"NME3",2.59038710882894e-10,-0.995786144422466,6.32946544358425e-06,0.997992649918807,0.999999999643846
"RBCK1",2.57486020152385e-10,-0.997090196639551,6.2538146003168e-06,0.998004682048431,0.999999999643846
"TUBGCP2",2.56138048777706e-10,-0.998227768291175,6.18850699949497e-06,0.998015127764737,0.999999999643846
"AHNAK",2.5592502741124e-10,-0.998408007471099,6.17821773526839e-06,0.998016778512553,0.999999999643846
"WAC",2.53497637178112e-10,-1.00047094125906,6.06157557451784e-06,0.998035588875666,0.999999999643846
"CCDC25",2.53062637280343e-10,-1.00084240961368,6.04079019415779e-06,0.998038959782494,0.999999999643846
"PCM1",2.52387474877375e-10,-1.00142004609795,6.00859995225513e-06,0.99804419175978,0.999999999643846
"KDM5C",2.51456652920517e-10,-1.00221857985392,5.96436143998308e-06,0.998051404897549,0.999999999643846
"PSMC5",2.5106129830101e-10,-1.00255851063864,5.94562115931092e-06,0.998054468584822,0.999999999643846
"MRPS7",2.49921478815342e-10,-1.00354110635464,5.89175741177715e-06,0.998063301289293,0.999999999643846
"NDUFB10",2.49687371616263e-10,-1.00374339493119,5.88072469206444e-06,0.998065115435975,0.999999999643846
"TMC8",2.46059452001085e-10,-1.00689911157105,5.71107413547142e-06,0.998093228961123,0.999999999643846
"DNAJA2",2.4456514965944e-10,-1.00821048130797,5.64191883201481e-06,0.998104808630306,0.999999999643846
"HNRNPAB",2.43744146559832e-10,-1.00893389185236,5.60410266721713e-06,0.998111170759496,0.999999999643846
"S100A9",2.39658999166207e-10,-1.01256467424532,5.41782752838184e-06,0.998142827445016,0.999999999643846
"DDOST",2.38064786798633e-10,-1.01399592013774,5.34598845328964e-06,0.998155181340228,0.999999999643846
"ERAP2",2.37839924761858e-10,-1.0141984540194,5.33589420838175e-06,0.998156923844648,0.999999999643846
"TCP1",2.37256085743615e-10,-1.01472508388366,5.30972972330383e-06,0.998161448139159,0.999999999643846
"BRD2",2.35773268995512e-10,-1.01606759347509,5.24356701595209e-06,0.998172938806313,0.999999999643846
"MT-ND4",2.32113324826679e-10,-1.01941234548416,5.08203717888783e-06,0.998201300505556,0.999999999643846
"HIST1H3B",2.31946379729718e-10,-1.01956598453389,5.07472940298859e-06,0.998202594199288,0.999999999643846
"ITM2A",2.30418835843277e-10,-1.02097618027205,5.00810757523357e-06,0.998214431468086,0.999999999643846
"GRN",2.30320016869383e-10,-1.0210676824568,5.00381287486593e-06,0.998215197237756,0.999999999643846
"ANKLE2",2.29319559336535e-10,-1.02199595632668,4.9604364487157e-06,0.99822295000034,0.999999999643846
"IRAK3",2.28229388531728e-10,-1.02301141587679,4.91338534654984e-06,0.998231397970733,0.999999999643846
"GPI",2.26270984414036e-10,-1.02484605596984,4.82942499460365e-06,0.998246574070179,0.999999999643846
"HNRNPK",2.23905104935936e-10,-1.02708059151887,4.72896046984226e-06,0.998264907785661,0.999999999643846
"TXNDC17",2.2205947434061e-10,-1.02883780169916,4.65132095013993e-06,0.99827920997985,0.999999999643846
"PPIA",2.21944588088143e-10,-1.02894759575323,4.64650931486859e-06,0.998280100258506,0.999999999643846
"FRG1",2.20494314410628e-10,-1.03033777707269,4.58598345558539e-06,0.99829133874609,0.999999999643846
"RTFDC1",2.19861484256298e-10,-1.03094683374036,4.55969720900402e-06,0.998296242685324,0.999999999643846
"PSMB5",2.19557889841153e-10,-1.03123955450889,4.54711344189394e-06,0.99829859530485,0.999999999643846
"DDX24",2.18710809635277e-10,-1.03205812670306,4.51209452726999e-06,0.99830515951472,0.999999999643846
"BCL2",2.18505302871505e-10,-1.03225712522417,4.50361913180845e-06,0.998306752031618,0.999999999643846
"MMADHC",2.16889948689829e-10,-1.03382691185236,4.43727704298426e-06,0.998319269765009,0.999999999643846
"SMG1",2.12714863381591e-10,-1.03793095804496,4.26808801945607e-06,0.998351623417505,0.999999999643846
"ATP2B1",2.12082092603428e-10,-1.03855895299381,4.24273290917798e-06,0.998356526897398,0.999999999643846
"GTF2F1",2.11722683792326e-10,-1.03891636193601,4.22836504348219e-06,0.998359312035329,0.999999999643846
"PSMA4",2.10112253182082e-10,-1.04052422071836,4.16428508001769e-06,0.998371791616596,0.999999999643846
"CD14",2.08368779154103e-10,-1.04227681664948,4.09546281629924e-06,0.99838530218104,0.999999999643846
"MYEOV2",2.045529772357e-10,-1.04615670410877,3.94683801710528e-06,0.998414871672586,0.999999999643846
"GNG2",2.0421449671396e-10,-1.0465038459205,3.93378689941909e-06,0.998417494632987,0.999999999643846
"CORO1A",2.04079571058853e-10,-1.04664236111777,3.92859046682442e-06,0.998418540201725,0.999999999643846
"CBR1",2.03936187071492e-10,-1.04678964539889,3.92307204006669e-06,0.998419651315954,0.999999999643846
"THUMPD3-AS1",2.01829540608991e-10,-1.04896385331102,3.84244054481088e-06,0.99843597618564,0.999999999643846
"ERCC1",2.00649295970273e-10,-1.05019043203162,3.79763283179353e-06,0.998445122162848,0.999999999643846
"RP11-160E2.6",1.987098905907e-10,-1.05221941868604,3.72457446357653e-06,0.998460151045283,0.999999999643846
"SRSF11",1.97291669181087e-10,-1.0537138786868,3.67159852905249e-06,0.998471141157885,0.999999999643846
"SF3B2",1.96279238368912e-10,-1.05478635578717,3.63401253548874e-06,0.998478986709224,0.999999999643846
"SUMF2",1.95712659867178e-10,-1.05538860048863,3.61306297695841e-06,0.998483377252,0.999999999643846
"ZNRD1",1.9359297444028e-10,-1.05765500495944,3.53522352025083e-06,0.998499803166042,0.999999999643846
"PSMB6",1.92935689025532e-10,-1.05836208984217,3.51125874318741e-06,0.998504896617109,0.999999999643846
"EWSR1",1.92003450755698e-10,-1.05936849513135,3.47740889761131e-06,0.99851212073919,0.999999999643846
"GMFG",1.88507182202989e-10,-1.0631804751752,3.35191885291781e-06,0.998539214104352,0.999999999643846
"TBRG1",1.88239777713824e-10,-1.06347450476249,3.34241595326477e-06,0.998541286281476,0.999999999643846
"BTG1",1.87512173704283e-10,-1.06427636459182,3.3166269818245e-06,0.998546924647541,0.999999999643846
"AKNA",1.87410618073081e-10,-1.06438849570966,3.3130354183609e-06,0.998547711624827,0.999999999643846
"IK",1.86537776768251e-10,-1.0653543754276,3.28224719304978e-06,0.998554475467257,0.999999999643846
"AGTRAP",1.86074744522667e-10,-1.06586833105999,3.26597274103701e-06,0.998558063607699,0.999999999643846
"HBG2",1.85849904207868e-10,-1.06611829286182,3.25808474217907e-06,0.998559805945602,0.999999999643846
"TMEM123",1.85826160700568e-10,-1.06614470431051,3.25725231326095e-06,0.998559989939352,0.999999999643846
"NPC2",1.83577480505728e-10,-1.06865921487857,3.17889734126923e-06,0.998577415465657,0.999999999643846
"CD79B",1.82454349478697e-10,-1.06992498064784,3.14011920155918e-06,0.998586118859708,0.999999999643846
"ZC3HAV1",1.82314923386252e-10,-1.07008257738205,3.1353218671134e-06,0.998587199303759,0.999999999643846
"HSBP1",1.78248714606817e-10,-1.07472460445051,2.99702597073228e-06,0.998618709268404,0.999999999643846
"FAM49B",1.7765393184924e-10,-1.07541117788091,2.97705830580218e-06,0.998623318373695,0.999999999643846
"DDX46",1.77374431832647e-10,-1.07573449021272,2.96769816069154e-06,0.998625484282169,0.999999999643846
"PPP1CB",1.73673927948588e-10,-1.08005658725172,2.8451616510989e-06,0.998654160319773,0.999999999643846
"PSMB4",1.73532176587733e-10,-1.08022370756816,2.84051914714709e-06,0.998655258783013,0.999999999643846
"C20orf27",1.73145632424308e-10,-1.08068002379957,2.82787868780343e-06,0.998658254200856,0.999999999643846
"IGKV3-20",1.69411033619277e-10,-1.08513411207146,2.7072045873977e-06,0.998687194449688,0.999999999643846
"HBS1L",1.68715204830754e-10,-1.08597324628872,2.68501143686817e-06,0.998692586584172,0.999999999643846
"NCF1",1.65183648451623e-10,-1.09027824400367,2.57378224950174e-06,0.99871995341332,0.999999999643846
"ACYP2",1.62699976831268e-10,-1.09335317984821,2.49696626588181e-06,0.998739199947366,0.999999999643846
"ECHS1",1.62699302278748e-10,-1.09335402041355,2.49694556112907e-06,0.998739205174626,0.999999999643846
"ADPGK",1.62671292085376e-10,-1.09338892676915,2.49608589047746e-06,0.998739422231965,0.999999999643846
"PTPN7",1.5935872500856e-10,-1.0975537074137,2.39546255040957e-06,0.998765092065834,0.999999999643846
"CYTH1",1.5800119647056e-10,-1.09928186553066,2.35482395013792e-06,0.998775611862857,0.999999999643846
"C19orf24",1.52507636169524e-10,-1.10640736161313,2.19392042927679e-06,0.998818182711724,0.999999999643846
"THYN1",1.50321752711742e-10,-1.10930366983196,2.13148045485885e-06,0.998835121620992,0.999999999643846
"KTN1",1.38323578237339e-10,-1.12587333898079,1.8048043243031e-06,0.998928098219573,0.999999999643846
"FCGRT",1.37906601036405e-10,-1.12647094657433,1.7939395395225e-06,0.998931329471556,0.999999999643846
"HDAC2",1.37517355802543e-10,-1.12703020297231,1.78382694230752e-06,0.99893434582218,0.999999999643846
"C1D",1.35616038646848e-10,-1.12978154384509,1.73484149683974e-06,0.998949079565267,0.999999999643846
"SARAF",1.34213954319023e-10,-1.13183163781592,1.69915515347769e-06,0.998959944638802,0.999999999643846
"UBE2N",1.34183134205621e-10,-1.13187690726861,1.6983748748245e-06,0.998960183470943,0.999999999643846
"NUCB2",1.34130509776813e-10,-1.13195422404107,1.69704298639732e-06,0.998960591269734,0.999999999643846
"NAP1L4",1.33348885672277e-10,-1.13310566059441,1.67732212095073e-06,0.99896664825456,0.999999999643846
"DNAJC10",1.33060537664237e-10,-1.133531891097,1.67007602249101e-06,0.998968882729561,0.999999999643846
"NCBP2-AS2",1.30634210410477e-10,-1.13715002422738,1.60972445567524e-06,0.998987684897537,0.999999999643846
"NUDT21",1.29182971870481e-10,-1.13934162380324,1.57415769073708e-06,0.998998930879057,0.999999999643846
"OS9",1.28427226264627e-10,-1.14049125573673,1.55579330631667e-06,0.999004787325807,0.999999999643846
"HDAC1",1.28052945260683e-10,-1.14106274813424,1.5467382892323e-06,0.999007687715525,0.999999999643846
"MED13L",1.2378696340671e-10,-1.14767934577339,1.44539820759247e-06,0.999040745792524,0.999999999643846
"HBG1",1.2291788036775e-10,-1.14905112702541,1.42517376114347e-06,0.999047480517582,0.999999999643846
"UBXN1",1.22764355430953e-10,-1.14929431462367,1.42161588868289e-06,0.999048670217758,0.999999999643846
"HPS1",1.22607172691827e-10,-1.14954356545714,1.41797785502105e-06,0.999049888263092,0.999999999643846
"NDUFB5",1.21332241873972e-10,-1.15157541772213,1.38864149078163e-06,0.999059767996419,0.999999999643846
"FIBP",1.21170999802445e-10,-1.1518336856307,1.38495312817559e-06,0.999061017498477,0.999999999643846
"HIST1H1D",1.20501893188582e-10,-1.15290856600679,1.36969992846534e-06,0.999066202560212,0.999999999643846
"DNAJC7",1.19065362052446e-10,-1.15523359382891,1.33723756070018e-06,0.999077334572,0.999999999643846
"MYO1F",1.18354910770559e-10,-1.1563923247464,1.32132684210078e-06,0.999082840023252,0.999999999643846
"ZKSCAN1",1.18093340370684e-10,-1.15682043665573,1.3154928962292e-06,0.999084866992771,0.999999999643846
"KDELR1",1.17027557867529e-10,-1.15857321532059,1.29185561560176e-06,0.99909312598792,0.999999999643846
"UBE2E1",1.16423296296667e-10,-1.15957304312885,1.27854929033001e-06,0.999097808550651,0.999999999643846
"SFSWAP",1.15740574813499e-10,-1.16070803822988,1.26359809558206e-06,0.999103099117434,0.999999999643846
"IL32",1.15076478722372e-10,-1.161817567515,1.24913915378056e-06,0.999108245351782,0.999999999643846
"CHEK2",1.1361773795269e-10,-1.16427406287612,1.21767101940726e-06,0.999119549471833,0.999999999643846
"SERPINA1",1.13265910211045e-10,-1.16487056365176,1.21014143562179e-06,0.999122275866508,0.999999999643846
"ZNF770",1.12438408819155e-10,-1.16627979884423,1.19252385386637e-06,0.999128688366536,0.999999999643846
"GTF2A2",1.10591435726942e-10,-1.16945741868946,1.15366757181249e-06,0.999143000989196,0.999999999643846
"CARD16",1.07927182385134e-10,-1.17412190284488,1.09875122266992e-06,0.999163646906458,0.999999999643846
"LYZ",1.04971012657502e-10,-1.17941396742864,1.03938505180749e-06,0.999186554952174,0.999999999643846
"PLEKHJ1",1.04827242578773e-10,-1.17967457161205,1.03653988275892e-06,0.999187669059918,0.999999999643846
"PSMB3",1.04730284731659e-10,-1.17985049417532,1.03462331613041e-06,0.999188420408804,0.999999999643846
"PHF3",1.03804782096109e-10,-1.18153678393707,1.01641815830862e-06,0.999195592343808,0.999999999643846
"NENF",1.03791961796943e-10,-1.18156023285298,1.0161671105259e-06,0.999195691691286,0.999999999643846
"DDT",1.0326325322548e-10,-1.18252942589676,1.00584091801002e-06,0.999199788776904,0.999999999643846
"ATG16L2",1.02619111177262e-10,-1.18371596605488,9.93331460108332e-07,0.999204780383395,0.999999999643846
"NARF",1.01927844982149e-10,-1.18499640653689,9.79993910946668e-07,0.99921013716589,0.999999999643846
"DDB1",1.01764541198406e-10,-1.18529997845052,9.76856230320691e-07,0.999211402644891,0.999999999643846
"RANBP2",1.00012391949885e-10,-1.18858356603093,9.43507423008882e-07,0.999224980457049,0.999999999643846
"MAZ",9.93749793355914e-11,-1.18979029133794,9.31519167395467e-07,0.999229919915745,0.999999999643846
"APPL1",9.78661546494239e-11,-1.19267329589492,9.03447128004052e-07,0.999241612149511,0.999999999643846
"TNFAIP3",9.78597061808295e-11,-1.19268569859458,9.03328074414631e-07,0.999241662120195,0.999999999643846
"PGK1",9.77624795472877e-11,-1.19287278463803,9.0153399753871e-07,0.99924241555202,0.999999999643846
"PRDX3",9.64989621720777e-11,-1.19531863924386,8.78381090987306e-07,0.999252206842457,0.999999999643846
"DENR",9.61047636057575e-11,-1.19608730594954,8.71219369671641e-07,0.999255261578987,0.999999999643846
"GLO1",9.60244598039798e-11,-1.19624422416947,8.69764020421264e-07,0.999255883871857,0.999999999643846
"PIK3CD",9.38039403993742e-11,-1.20062826979911,8.30003372459379e-07,0.999273091194269,0.999999999643846
"ALAS2",9.37097547606169e-11,-1.20081617509967,8.2833744773971e-07,0.999273821060743,0.999999999643846
"MT-CO2",9.24684271932106e-11,-1.2033078785167,8.06537629216855e-07,0.99928344039754,0.999999999643846
"SORL1",9.16787434265973e-11,-1.20490790696563,7.92820729812414e-07,0.999289559841256,0.999999999643846
"ZNF292",9.15293036340389e-11,-1.20521201977015,7.90238181265295e-07,0.999290717885073,0.999999999643846
"ALDH2",9.08460801023893e-11,-1.20660781593196,7.78484694367683e-07,0.999296012343635,0.999999999643846
"CCNH",9.00682479466563e-11,-1.20820784663425,7.65210855257361e-07,0.999302039946537,0.999999999643846
"SERP1",8.78164885514555e-11,-1.21290725354775,7.27427687972013e-07,0.999319489355821,0.999999999643846
"CDC40",8.71132329233115e-11,-1.21439603047948,7.15823506443196e-07,0.999324939047943,0.999999999643846
"GAPDH",8.70221206729838e-11,-1.21458966337485,7.14326921339501e-07,0.999325645098054,0.999999999643846
"SMC3",8.67630330064468e-11,-1.21514122727821,7.10079776179019e-07,0.999327652828907,0.999999999643846
"ATP5H",8.53189250073718e-11,-1.21824156355911,6.86638961281353e-07,0.999338843559224,0.999999999643846
"CPVL",8.2848872569885e-11,-1.22364990485497,6.47456952064765e-07,0.999357984573017,0.999999999643846
"UPF3A",8.26841441832282e-11,-1.22401546400681,6.44884834780717e-07,0.999359261091809,0.999999999643846
"EIF4A2",8.22386036801736e-11,-1.22500731576849,6.37953682414966e-07,0.999362713689371,0.999999999643846
"STARD7",8.20313088293123e-11,-1.22547035547399,6.34741618095201e-07,0.999364320065657,0.999999999643846
"CD3D",8.18500857568663e-11,-1.22587597723603,6.31940181271107e-07,0.999365724405636,0.999999999643846
"SF1",8.09857876092839e-11,-1.22782110337017,6.1866466672562e-07,0.999372422054179,0.999999999643846
"CCDC59",8.01690581882235e-11,-1.22967553224699,6.0624930829085e-07,0.999378751081572,0.999999999643846
"PSMB2",7.87768555547159e-11,-1.23287412007979,5.85376085376509e-07,0.999389539585635,0.999999999643846
"DAP3",7.77140943509935e-11,-1.2353484647062,5.69688264871011e-07,0.999397775171026,0.999999999643846
"WAS",7.74766073095695e-11,-1.23590533411658,5.66211756281689e-07,0.999399615513722,0.999999999643846
"CELF2",7.58631515638674e-11,-1.23972770025526,5.42874514438163e-07,0.999412118560196,0.999999999643846
"PBXIP1",7.52892389302203e-11,-1.24110407855859,5.34691779226128e-07,0.99941656594365,0.999999999643846
"ALG13",7.48917188870411e-11,-1.24206268674563,5.29060441244548e-07,0.999419646419606,0.999999999643846
"UFC1",7.41652628452603e-11,-1.24382579549225,5.18846358874567e-07,0.999425275897709,0.999999999643846
"MRPL20",7.40287481927022e-11,-1.24415876122586,5.16938054640738e-07,0.999426333781745,0.999999999643846
"ETNK1",7.20105423511336e-11,-1.24914345898169,4.89136257749331e-07,0.999441973331915,0.999999999643846
"RUNX1",7.11303728199313e-11,-1.25135480008303,4.77252116282071e-07,0.999448793972007,0.999999999643846
"PRELID1",7.08437725609604e-11,-1.25207989885041,4.73413952221924e-07,0.999451014904629,0.999999999643846
"ZCCHC11",6.98747551163325e-11,-1.2545502079709,4.60551594884608e-07,0.999458524048098,0.999999999643846
"TCEA1",6.97533855534691e-11,-1.25486167260826,4.58953066193911e-07,0.999459464569312,0.999999999643846
"BTG2",6.90883450630085e-11,-1.25657659328629,4.50243313996059e-07,0.999464618124095,0.999999999643846
"CUTA",6.89372653004066e-11,-1.25696814209717,4.48276317152938e-07,0.999465788876622,0.999999999643846
"TTC19",6.69253229096629e-11,-1.26225353659333,4.22492149419356e-07,0.999481379890371,0.999999999643846
"CIB1",6.45485678403661e-11,-1.26867501293976,3.93016618456114e-07,0.999499797923435,0.999999999643846
"WDFY2",6.33799672229118e-11,-1.27190667329335,3.78914926256013e-07,0.99950885368409,0.999999999643846
"LGALS1",6.16758503607812e-11,-1.27671166562972,3.58812847667084e-07,0.999522059286016,0.999999999643846
"HMGB3",6.15800022553762e-11,-1.27698527553306,3.57698479299114e-07,0.999522802035507,0.999999999643846
"PAG1",6.10465511150218e-11,-1.27851475329942,3.5152802894321e-07,0.999526935873751,0.999999999643846
"EPC1",6.03590763456389e-11,-1.28050275790437,3.43655155417705e-07,0.999532263277309,0.999999999643846
"TTC14",6.02950305784391e-11,-1.2806889451845,3.4292625158364e-07,0.999532759583012,0.999999999643846
"HADH",5.89777459753985e-11,-1.28455638060304,3.28105895519756e-07,0.999542967531051,0.999999999643846
"FYTTD1",5.89274734206408e-11,-1.28470543226059,3.27546779830051e-07,0.999543357104897,0.999999999643846
"LAPTM4A",5.79380239009276e-11,-1.28766134918943,3.16639470083165e-07,0.999551024581863,0.999999999643846
"OCIAD1",5.76146802025672e-11,-1.28863666405664,3.131150943089e-07,0.999553530248215,0.999999999643846
"PSMF1",5.74614376687333e-11,-1.28910052912056,3.11451673157049e-07,0.999554717760646,0.999999999643846
"ATP6V1B2",5.70562026746016e-11,-1.29033228472293,3.07074265175313e-07,0.999557858021914,0.999999999643846
"TBC1D10C",5.69953219186249e-11,-1.2905179833387,3.06419299071724e-07,0.99955832980121,0.999999999643846
"MAT2B",5.64207876467039e-11,-1.29227882062216,3.00272792094442e-07,0.999562782002408,0.999999999643846
"COPZ1",5.58734628815257e-11,-1.29397056384495,2.94475298022898e-07,0.999567023350753,0.999999999643846
"ZNF638",5.58330946666296e-11,-1.29409589873695,2.94049938748588e-07,0.999567336173545,0.999999999643846
"COPS2",5.57585949808842e-11,-1.29432740803471,2.9326574389632e-07,0.999567913489135,0.999999999643846
"RBM17",5.52749815157098e-11,-1.29583670184605,2.88200616112337e-07,0.999571661123642,0.999999999643846
"AHSP",5.47173505539912e-11,-1.29759105474299,2.82415035057311e-07,0.999575982337153,0.999999999643846
"LONP2",5.46367222323355e-11,-1.29784598001238,2.81583347364092e-07,0.999576607144987,0.999999999643846
"TMEM230",5.4476410553172e-11,-1.29835379855399,2.79933362800853e-07,0.999577849437907,0.999999999643846
"XBP1",5.38047984414576e-11,-1.30049523022004,2.73073596686827e-07,0.999583053918188,0.999999999643846
"ZC3H13",5.29369896984882e-11,-1.30329629196448,2.64335915631885e-07,0.999589778772355,0.999999999643846
"CHRAC1",5.28082124020404e-11,-1.30371528711133,2.63051405105185e-07,0.999590776697932,0.999999999643846
"MORF4L1",5.27940050212328e-11,-1.30376156625308,2.6290988284637e-07,0.99959088679427,0.999999999643846
"BLVRB",5.1663609728964e-11,-1.3074782556127,2.51771859145961e-07,0.99959964649345,0.999999999643846
"CD7",5.01513684665089e-11,-1.31256056293622,2.37248387227277e-07,0.999611365207004,0.999999999643846
"HLA-DQA1",4.91634505420196e-11,-1.31595186403412,2.27993468409579e-07,0.999619020815622,0.999999999643846
"KDM5B",4.87827012214439e-11,-1.31727444088887,2.24475724600092e-07,0.99962197133177,0.999999999643846
"AIP",4.87218079555536e-11,-1.3174867776561,2.23915668334096e-07,0.999622443208027,0.999999999643846
"PPIG",4.87081281784652e-11,-1.31753451064537,2.23789946956444e-07,0.999622549215841,0.999999999643846
"H1FX",4.86317088625499e-11,-1.31780137213585,2.23088279307548e-07,0.999623141407117,0.999999999643846
"C19orf70",4.86245451198512e-11,-1.31782640676853,2.2302255966244e-07,0.999623196920647,0.999999999643846
"YTHDC1",4.84207722779717e-11,-1.31853983977176,2.21157217185483e-07,0.999624776004388,0.999999999643846
"MECOM",4.72396703819616e-11,-1.3227262438789,2.10499665543134e-07,0.999633928641166,0.999999999643846
"NUTM2B-AS1",4.72162666164782e-11,-1.32281009732654,2.10291143154544e-07,0.999634110002457,0.999999999643846
"NUB1",4.66846458878552e-11,-1.32472446852621,2.05582352185187e-07,0.999638229656713,0.999999999643846
"CIRBP",4.50592215503898e-11,-1.33069538574244,1.91515999742678e-07,0.99965082545285,0.999999999643846
"BRWD1",4.47932946338249e-11,-1.33168970595918,1.89262122626346e-07,0.999652886183186,0.999999999643846
"TAF11",4.38994299965695e-11,-1.33506929596026,1.81783916259598e-07,0.999659812950898,0.999999999643846
"NSFL1C",4.37748649654326e-11,-1.33554491549265,1.8075375285986e-07,0.99966077823468,0.999999999643846
"FLT4",4.37641953668656e-11,-1.33558570832082,1.80665650477311e-07,0.999660860915913,0.999999999643846
"MDM4",4.36980915103669e-11,-1.33583863110823,1.80120287918739e-07,0.999661373170276,0.999999999643846
"SF3A2",4.33976094931906e-11,-1.33699245219033,1.77651675565413e-07,0.999663701676243,0.999999999643846
"DRAP1",4.31913007111548e-11,-1.33778861343186,1.75966606593587e-07,0.999665300411618,0.999999999643846
"PTPRE",4.30782918764602e-11,-1.33822610057095,1.75046987803081e-07,0.999666176143713,0.999999999643846
"NDUFA3",4.25628860723199e-11,-1.34023388571341,1.70883381762076e-07,0.999670170144768,0.999999999643846
"SCNM1",4.25158492260112e-11,-1.34041815179728,1.70505899182563e-07,0.999670534644377,0.999999999643846
"TRPM7",4.18002168093096e-11,-1.34324332183757,1.64814251184099e-07,0.999676080248661,0.999999999643846
"PET100",4.14246633401706e-11,-1.34474249165312,1.61866012438513e-07,0.999678990501024,0.999999999643846
"MRPS33",4.10007190057051e-11,-1.34644884165837,1.58569858401997e-07,0.999682275745615,0.999999999643846
"STT3B",4.03039357680642e-11,-1.3492863621109,1.53226050997776e-07,0.999687675283199,0.999999999643846
"FAM133B",4.02033391145801e-11,-1.34969947746828,1.52462116094972e-07,0.999688454830385,0.999999999643846
"KLHDC2",4.01319109445268e-11,-1.34999334421986,1.51920846830643e-07,0.999689008344116,0.999999999643846
"PHF20",3.94510181764057e-11,-1.3528172941353,1.46809488430367e-07,0.999694284742722,0.999999999643846
"EPRS",3.9174500124125e-11,-1.35397602608911,1.4475868184483e-07,0.999696427546313,0.999999999643846
"HADHA",3.91548532598849e-11,-1.35405862052243,1.44613518997404e-07,0.999696579794497,0.999999999643846
"COX6B1",3.89712823010375e-11,-1.35483205842699,1.4326070523707e-07,0.999698002329145,0.999999999643846
"ARIH2",3.8881583995121e-11,-1.35521111547534,1.4260199177336e-07,0.999698697422469,0.999999999643846
"FAM136A",3.8811897321848e-11,-1.35550612087095,1.42091284542009e-07,0.999699237440934,0.999999999643846
"CHCHD10",3.86098779691725e-11,-1.35636389509419,1.4061593884767e-07,0.999700802936538,0.999999999643846
"SRSF9",3.83603868639082e-11,-1.35742853911421,1.38804533103121e-07,0.999702736301949,0.999999999643846
"RPAP2",3.80421691528346e-11,-1.35879507078968,1.36511185275185e-07,0.999705202246038,0.999999999643846
"RASA2",3.79240191217163e-11,-1.35930493143516,1.35664558754367e-07,0.999706117818494,0.999999999643846
"CTB-133G6.1",3.77570973009111e-11,-1.36002757680104,1.34472937238313e-07,0.99970741133505,0.999999999643846
"DNMT1",3.74306106629247e-11,-1.36144893864394,1.32157409699202e-07,0.99970994135701,0.999999999643846
"CDK2",3.72284580843579e-11,-1.36233432668316,1.30733771781221e-07,0.999711507885021,0.999999999643846
"DGUOK",3.69842792293386e-11,-1.36340927195729,1.2902444854447e-07,0.999713400084561,0.999999999643846
"UBE2D2",3.64443289166318e-11,-1.36580797239151,1.25284576134133e-07,0.999717584286895,0.999999999643846
"MAP4",3.53679672048418e-11,-1.37068161600701,1.17993447730861e-07,0.999725925267708,0.999999999643846
"TMEM160",3.53625775790121e-11,-1.37070633648384,1.17957489086399e-07,0.99972596703319,0.999999999643846
"EIF2AK2",3.48722473864747e-11,-1.37296889876781,1.14709019287571e-07,0.999729766717529,0.999999999643846
"ATXN2L",3.48678074227504e-11,-1.37298951015702,1.14679811450385e-07,0.999729801123855,0.999999999643846
"CFD",3.44451833097208e-11,-1.37496177009886,1.11916647823021e-07,0.999733076137816,0.999999999643846
"HADHB",3.43704445912513e-11,-1.3753127012203,1.11431504100106e-07,0.999733655305779,0.999999999643846
"FBXL5",3.3989097566375e-11,-1.37711350296176,1.08972511619235e-07,0.999736610453849,0.999999999643846
"MRPL54",3.32309311092609e-11,-1.38074557652043,1.04165214635392e-07,0.999742485664618,0.999999999643846
"STAT1",3.24459420849608e-11,-1.38458147944913,9.93021085258813e-08,0.999748568729803,0.999999999643846
"DPY30",3.18830865106605e-11,-1.38738099418427,9.58867078678615e-08,0.999752930430476,0.999999999643846
"LYPLA1",3.1791987063408e-11,-1.38783806342927,9.53395370966066e-08,0.999753636381592,0.999999999643846
"SRSF10",3.11404877973356e-11,-1.39113979920609,9.14720717173596e-08,0.999758685003162,0.999999999643846
"ARHGEF1",2.98980336525758e-11,-1.39760341128874,8.43185143032777e-08,0.999768313073581,0.999999999643846
"PAPOLA",2.97733097108961e-11,-1.39826486299088,8.36164880791342e-08,0.999769279588845,0.999999999643846
"AAK1",2.80983786489616e-11,-1.40738490256052,7.44732341280373e-08,0.99978225902503,0.999999999643846
"SERPINB6",2.80718747364804e-11,-1.40753290863561,7.43328060135534e-08,0.999782464410104,0.999999999643846
"POLR2A",2.7461755215932e-11,-1.41097343689105,7.11367919976996e-08,0.999787192370309,0.999999999643846
"UBL5",2.73258966980167e-11,-1.41174843199436,7.04346786113493e-08,0.99978824517004,0.999999999643846
"DNTTIP2",2.70173384456774e-11,-1.41352087586974,6.88529923291919e-08,0.999790636260787,0.999999999643846
"ARL4C",2.68622136706035e-11,-1.41441849350047,6.80645991930884e-08,0.999791838359294,0.999999999643846
"CALR",2.67534717971646e-11,-1.41505036251033,6.75146451913913e-08,0.999792681025745,0.999999999643846
"NKG7",2.62776081995325e-11,-1.41784153718046,6.51342413180233e-08,0.99979636860512,0.999999999643846
"JUN",2.5734163340689e-11,-1.42108239728246,6.24680284282926e-08,0.999800579887649,0.999999999643846
"EDF1",2.49612088659253e-11,-1.42579411302617,5.87717904536584e-08,0.999806569694393,0.999999999643846
"ZNF326",2.44714937501095e-11,-1.42884415884899,5.64883191542448e-08,0.999810364612468,0.999999999643846
"PDCD6",2.43401181585417e-11,-1.42967125464057,5.5883430376758e-08,0.999811382672952,0.999999999643846
"DNAJA1",2.41587026869605e-11,-1.43081967307705,5.50534970687423e-08,0.999812788504282,0.999999999643846
"GRHPR",2.37849212327112e-11,-1.4332092360953,5.33631094609556e-08,0.999815685025043,0.999999999643846
"TERT",2.36797641984459e-11,-1.43388727667022,5.28922984306557e-08,0.999816499911735,0.999999999643846
"EID1",2.34809955950973e-11,-1.43517596740603,5.20080663400576e-08,0.999818040216584,0.999999999643846
"FLT3LG",2.34777766797659e-11,-1.43519691335655,5.19938081637661e-08,0.999818065160719,0.999999999643846
"ISG20",2.29218586074043e-11,-1.43885167998129,4.95606908308849e-08,0.999822373101153,0.999999999643846
"XRCC5",2.25216351046593e-11,-1.44153001661396,4.78451068035783e-08,0.9998254745276,0.999999999643846
"MARCH6",2.24083024592239e-11,-1.44229583180337,4.73647891663032e-08,0.999826352769037,0.999999999643846
"ACADVL",2.16289337657781e-11,-1.44765366334413,4.41273567997733e-08,0.999832392281121,0.999999999643846
"EGLN1",2.08315397427153e-11,-1.45330881897781,4.093364662494e-08,0.999838571475752,0.999999999643846
"TMEM14C",2.07905367952604e-11,-1.45360458049398,4.07726649235667e-08,0.999838889217277,0.999999999643846
"CAMP",2.06899658257048e-11,-1.45433213119346,4.03791562222741e-08,0.999839668565476,0.999999999643846
"CRHBP",1.96424435680906e-11,-1.46209529706865,3.63939103624177e-08,0.999847786062894,0.999999999643846
"TFRC",1.87479982704399e-11,-1.46900904085018,3.31548832109401e-08,0.999854717330802,0.999999999643846
"TPGS2",1.8635833636898e-11,-1.4698958029676,3.2759355013629e-08,0.999855586521045,0.999999999643846
"TCF7",1.81950146127912e-11,-1.47342562755411,3.12278806091703e-08,0.999859002531803,0.999999999643846
"CDC37",1.79934805243824e-11,-1.47506377472299,3.05399308358085e-08,0.999860564267066,0.999999999643846
"ATP6V0A2",1.77259930413698e-11,-1.47726238484643,2.96386789080801e-08,0.999862637090766,0.999999999643846
"SMC5",1.73794269936251e-11,-1.48015350260788,2.84910595105789e-08,0.999865322712947,0.999999999643846
"EAPP",1.66028155380511e-11,-1.48681528572686,2.60016661872955e-08,0.9998713408586,0.999999999643846
"PIN4",1.65929813212891e-11,-1.48690133543789,2.59708725799471e-08,0.999871417066269,0.999999999643846
"SREK1",1.65689689402608e-11,-1.48711162765639,2.58957599475426e-08,0.999871603143883,0.999999999643846
"LTB",1.63848778507168e-11,-1.48873253671715,2.53235220989839e-08,0.99987302970923,0.999999999643846
"LRPAP1",1.58902266080681e-11,-1.49316623209622,2.38175932474946e-08,0.999876862878582,0.999999999643846
"EIF6",1.51541597927365e-11,-1.49998708143474,2.16621429557812e-08,0.999882566834251,0.999999999643846
"RSBN1",1.51378254360968e-11,-1.50014162714879,2.16154697681471e-08,0.99988269341304,0.999999999643846
"C1orf162",1.50344974621834e-11,-1.50112256596892,2.13213905376125e-08,0.999883494125924,0.999999999643846
"MGST3",1.31759875247848e-11,-1.5198301078873,1.63758572092104e-08,0.999897896158584,0.999999999643846
"EREG",1.30020337667596e-11,-1.52169442744057,1.59463125486024e-08,0.999899244167361,0.999999999643846
"SDCCAG8",1.23574906816316e-11,-1.52879326091443,1.44045029267684e-08,0.999904238884038,0.999999999643846
"CPA3",1.19840287475026e-11,-1.53305245369421,1.35470076848794e-08,0.999907132928819,0.999999999643846
"CYTIP",1.18918946316036e-11,-1.53412061752167,1.33395075696707e-08,0.999907846897856,0.999999999643846
"STK17B",1.18527818568439e-11,-1.53457621224273,1.32519038439573e-08,0.999908149991991,0.999999999643846
"ANXA2",1.13989747988929e-11,-1.53995833584609,1.22565793125765e-08,0.999911666650125,0.999999999643846
"IQGAP1",1.13746183531457e-11,-1.54025234318596,1.22042574538184e-08,0.999911855393979,0.999999999643846
"MRPS16",1.12896458140574e-11,-1.5412822758521,1.20225980384687e-08,0.999912513866265,0.999999999643846
"MGAT4A",1.12577679385178e-11,-1.54167036815869,1.19547989589113e-08,0.999912760895456,0.999999999643846
"VCAN",1.12531281114614e-11,-1.54172693322541,1.19449467804848e-08,0.999912796850573,0.999999999643846
"STUB1",1.0800843333919e-11,-1.54733884809597,1.10040619387341e-08,0.999916301712199,0.999999999643846
"HIST1H4H",1.05689773415821e-11,-1.55029405052767,1.05366760175435e-08,0.999918098496569,0.999999999643846
"LBH",1.03128102923684e-11,-1.55362404942124,1.00320976431564e-08,0.999920083595573,0.999999999643846
"CHMP5",1.00885300927851e-11,-1.55659804245479,9.60049178704508e-09,0.999921821595843,0.999999999643846
"SMARCE1",9.95590240973686e-12,-1.55838337491047,9.34972752612958e-09,0.999922849359103,0.999999999643846
"CD8B",9.73264620807347e-12,-1.56143507044619,8.93510305847136e-09,0.999924579424172,0.999999999643846
"TMEM59",9.65233035768466e-12,-1.56254754050886,8.78824281791172e-09,0.999925201810678,0.999999999643846
"ROMO1",9.25188265362218e-12,-1.56821508636598,8.07417065487031e-09,0.999928304974576,0.999999999643846
"RWDD1",8.85374135559712e-12,-1.57406158746896,7.39420274351333e-09,0.99993139026559,0.999999999643846
"EIF2AK4",8.69332107019567e-12,-1.57648090245983,7.12868020060203e-09,0.999932633400295,0.999999999643846
"SLC25A37",8.62724621012708e-12,-1.5774884816333,7.0207268672762e-09,0.999933145430002,0.999999999643846
"CCDC53",8.19884321696583e-12,-1.58418591822741,6.34078249727639e-09,0.999936465226045,0.999999999643846
"UTP18",8.12003277008949e-12,-1.58545041731617,6.21946827314364e-09,0.999937075946824,0.999999999643846
"THRAP3",8.07095298740827e-12,-1.58624319847333,6.14451102836878e-09,0.99993745627766,0.999999999643846
"UBTF",7.91339206948528e-12,-1.5888163919823,5.90694680289891e-09,0.999938677254451,0.999999999643846
"UBE2G1",7.49311263011386e-12,-1.59590057851537,5.29617362342436e-09,0.999941934099158,0.999999999643846
"PPHLN1",7.40552055730412e-12,-1.5974196054015,5.17307621087842e-09,0.999942612870832,0.999999999643846
"UFM1",7.28791176620212e-12,-1.5994834962757,5.01007128232783e-09,0.999943524249151,0.999999999643846
"UQCRFS1",7.10117662398182e-12,-1.60281965319797,4.75661851931656e-09,0.999944971303902,0.999999999643846
"PSMA3-AS1",7.05680159143031e-12,-1.60362344812502,4.69735634013451e-09,0.999945315176518,0.999999999643846
"CD3E",6.96879481695905e-12,-1.60523042529148,4.58092359562074e-09,0.999945997161813,0.999999999643846
"S100A11",6.95710925926796e-12,-1.6054451014434,4.56557351940804e-09,0.999946087715962,0.999999999643846
"NDUFB1",6.83830187619123e-12,-1.60764537865915,4.41097128339889e-09,0.999947008382453,0.999999999643846
"LGALS3",6.81721357161818e-12,-1.60803933404211,4.38380767529834e-09,0.99994717180071,0.999999999643846
"LSM6",6.70882565680328e-12,-1.61008072459785,4.24551817833824e-09,0.999948011724279,0.999999999643846
"SPOCK2",6.62868870285906e-12,-1.61160821933557,4.14469847307521e-09,0.999948632724476,0.999999999643846
"COMMD1",6.61866453034055e-12,-1.61180039864224,4.13217238843593e-09,0.999948710404157,0.999999999643846
"GIMAP7",6.57513705539795e-12,-1.61263778294951,4.07800085669948e-09,0.999949047708849,0.999999999643846
"LUC7L",6.39638080335125e-12,-1.61612712716522,3.85928023530056e-09,0.999950432933295,0.999999999643846
"NBPF14",6.22673911355899e-12,-1.61951642818386,3.65728692310963e-09,0.999951747526844,0.999999999643846
"DARS",5.80018097639589e-12,-1.62840067690131,3.17337051337893e-09,0.999955053026668,0.999999999643846
"RPAIN",5.15651053785817e-12,-1.64292572437669,2.50812693477033e-09,0.999960040981031,0.999999999643846
"EXOC4",5.15587498202317e-12,-1.64294081424322,2.50750870410425e-09,0.999960045906104,0.999999999643846
"PIAS1",4.858081867486e-12,-1.65019247136734,2.22621626395314e-09,0.999962353575334,0.999999999643846
"DEF6",4.65417733719679e-12,-1.65538000040454,2.04325959529651e-09,0.999963933679734,0.999999999643846
"AP3S1",4.36541488149364e-12,-1.66306883448085,1.79758213006925e-09,0.999966171368254,0.999999999643846
"SPSB3",4.08719408193657e-12,-1.6708993694097,1.57575326091904e-09,0.999968327366991,0.999999999643846
"NDUFA1",4.05830708457586e-12,-1.671738260255,1.55355812009819e-09,0.999968551219161,0.999999999643846
"MS4A7",3.63099866923078e-12,-1.68478403553046,1.24362622697989e-09,0.999971862533071,0.999999999643846
"SYNE2",3.08398288807986e-12,-1.70355035856884,8.97142874551601e-10,0.999976101487653,0.999999999643846
"ERGIC2",2.80676558441004e-12,-1.71417351496179,7.43104648948109e-10,0.999978249710063,0.999999999643846
"CHD4",2.76531317889209e-12,-1.71583830195132,7.2131728552669e-10,0.999978570934551,0.999999999643846
"IL7R",2.57579730581111e-12,-1.72373219430672,6.25836750218862e-10,0.999980039537847,0.999999999643846
"CD2",2.56338943568568e-12,-1.72426613162985,6.19821837486721e-10,0.999980135689365,0.999999999643846
"RNF149",1.66296165466857e-12,-1.77061724510168,2.60856800509077e-10,0.99998711331707,0.999999999643846
"SCAF11",1.61939426146404e-12,-1.7733665754936,2.47367639474285e-10,0.999987450931097,0.999999999643846
"SYNRG",1.34617902183923e-12,-1.79221006684912,1.70939854425566e-10,0.999989568140568,0.999999999643846
"KDM5A",1.30660165896995e-12,-1.7952056792898,1.61036418598771e-10,0.999989874834908,0.999999999643846
"TIA1",1.07120144030943e-12,-1.81481793223089,1.0823805729791e-10,0.999991699006843,0.999999999643846
"CYBB",1.02414211136158e-12,-1.8191749647897,9.893686415575e-11,0.999992063680706,0.999999999643846
"PRRC2C",7.63566198563217e-13,-1.84695662836031,5.49959973789319e-11,0.999994082945046,0.999999999643846
"FGL2",4.0086915712994e-13,-1.90390461021635,1.51580375546185e-11,0.999996893570149,0.999999999643846
"GIMAP4",2.39623002282719e-13,-1.94568306649537,5.41620013061616e-12,0.999998143104716,0.999999999643846
"GPATCH8",1.51801681250934e-13,-1.9802056997258,2.1736562083697e-12,0.999998823652891,0.999999999643846
"SESN3",1.46191258410033e-13,-1.98295220073973,2.01595346027672e-12,0.999998867129384,0.999999999643846
"PDZD8",2.8718513849456e-14,-2.08828860225521,7.77967790535315e-14,0.999999777453448,0.999999999643846
"LCK",2.8412128126534e-14,-2.08890309423731,7.61456716638528e-14,0.999999779827703,0.999999999643846
"HBM",5.5203962666799e-15,-2.17230889894984,2.87460515374959e-15,0.999999957221145,0.999999999643846
"TRA2A",5.09098851732277e-15,-2.17593593654762,2.44479206799758e-15,0.999999960548727,0.999999999643846
"PDGFRB",4.74360805111269e-15,-2.1790665775674,2.12253708933298e-15,0.99999996324066,0.999999999643846
"MMP9",4.71493753915228e-15,-2.17933361919461,2.09695726825374e-15,0.999999963462835,0.999999999643846
"COL1A1",4.70722937917741e-15,-2.17940565065888,2.09010650111308e-15,0.999999963522567,0.999999999643846
"CDC25A",4.56941852217552e-15,-2.18071077527879,1.96951625002368e-15,0.999999964590496,0.999999999643846
"BTF3L4",4.53507172080636e-15,-2.18104127999807,1.94001912926056e-15,0.999999964856657,0.999999999643846
"SKAP1",4.21892756328745e-15,-2.18418817226723,1.67896572565383e-15,0.999999967306533,0.999999999643846
"NOS2",4.03336537538698e-15,-2.1861303121216,1.53452095839414e-15,0.999999968744498,0.999999999643846
"CLEC2D",3.91866661859327e-15,-2.18736927899443,1.44848608533666e-15,0.999999969633326,0.999999999643846
"DUSP2",3.87988182668896e-15,-2.18779523893451,1.41995535211654e-15,0.999999969933879,0.999999999643846
"PGR",3.59486266648898e-15,-2.19104215447463,1.21899605600557e-15,0.99999997214256,0.999999999643846
"ATP12A",3.5056690077912e-15,-2.19210342945688,1.15925642429756e-15,0.999999972833742,0.999999999643846
"GZMK",3.50460131627061e-15,-2.19211627243565,1.15855040226894e-15,0.999999972842016,0.999999999643846
"GNLY",3.4815128560221e-15,-2.1923948179642,1.14333552887297e-15,0.999999973020934,0.999999999643846
"CFTR",3.48117526561777e-15,-2.19239890243326,1.14311380894494e-15,0.99999997302355,0.999999999643846
"RBL2",3.44560916432914e-15,-2.19283111951907,1.11987544088835e-15,0.99999997329916,0.999999999643846
"LINC00861",3.37334840194147e-15,-2.19372113169082,1.07339628630198e-15,0.999999973859126,0.999999999643846
"PON1",3.34673461312052e-15,-2.1940530302269,1.05652613267936e-15,0.999999974065362,0.999999999643846
"CCR5",3.29018107720535e-15,-2.19476585510098,1.02112120127558e-15,0.999999974503609,0.999999999643846
"DHRS4",3.28299319886767e-15,-2.19485720209289,1.01666449966797e-15,0.99999997455931,0.999999999643846
"PRTN3",3.26035851451318e-15,-2.19514597435179,1.00269398517448e-15,0.999999974734711,0.999999999643846
"ESR1",3.24913393387533e-15,-2.19528981246298,9.95801831622083e-16,0.999999974821693,0.999999999643846
"IGLV2-14",3.24607652904195e-15,-2.19532906529271,9.93928632831696e-16,0.999999974845386,0.999999999643846
"LEF1",3.21550139817243e-15,-2.19572335371224,9.75292980320587e-16,0.99999997508232,0.999999999643846
"SAMHD1",3.21425659370866e-15,-2.19573947407836,9.74538003780349e-16,0.999999975091966,0.999999999643846
"MET",3.13154200650285e-15,-2.19682277577742,9.25026503755174e-16,0.999999975732941,0.999999999643846
"AVP",3.08083331540373e-15,-2.19749904209783,8.95311363851981e-16,0.999999976125894,0.999999999643846
"IGKV3-11",3.04416875008084e-15,-2.19799395731453,8.74128217196494e-16,0.999999976410017,0.999999999643846
"PTBP1",2.9481292150009e-15,-2.1993148946584,8.19843054690401e-16,0.99999997715425,0.999999999643846
"KLRD1",2.8216308056227e-15,-2.20111201238494,7.50996770129535e-16,0.999999978134516,0.999999999643846
"CYP1A1",2.76319774239439e-15,-2.20196548151776,7.20214106852738e-16,0.999999978587328,0.999999999643846
"BAD",2.72436529875507e-15,-2.20254122928195,7.00113371951363e-16,0.999999978888249,0.999999999643846
"SHH",2.69951539942098e-15,-2.20291335300933,6.87399657441248e-16,0.999999979080817,0.999999999643846
"ANKRD44",2.62759821425998e-15,-2.20400703097342,6.51261805609761e-16,0.99999997963812,0.999999999643846
"MT-CO1",2.60657219710489e-15,-2.20433161093612,6.40880724952865e-16,0.999999979801056,0.999999999643846
"ILF3-AS1",2.58569232340499e-15,-2.20465615480428,6.30654334516941e-16,0.999999979962859,0.999999999643846
"TTR",2.56760287408114e-15,-2.20493914023406,6.21861112063985e-16,0.999999980103038,0.999999999643846
"SH3KBP1",2.53552341539238e-15,-2.20544519398619,6.06419201230159e-16,0.99999998035163,0.999999999643846
"IGKC",2.51928431499607e-15,-2.20570345335559,5.98676289636292e-16,0.99999998047747,0.999999999643846
"EMC6",2.51199985743007e-15,-2.20581976417799,5.95219175180774e-16,0.999999980533919,0.999999999643846
"USP48",2.49796567063533e-15,-2.20604466208856,5.88586943585993e-16,0.999999980642674,0.999999999643846
"KNG1",2.40381307417887e-15,-2.20758199266467,5.45053432223092e-16,0.999999981372284,0.999999999643846
"CCDC47",2.39968138219322e-15,-2.2076506254394,5.4318135859917e-16,0.999999981404302,0.999999999643846
"PPARG",2.38399790101485e-15,-2.20791207029744,5.36104472348758e-16,0.999999981525837,0.999999999643846
"FIS1",2.34342139898757e-15,-2.20859536254746,5.18010395857893e-16,0.999999981840274,0.999999999643846
"DEFA3",2.32238516858185e-15,-2.20895358964819,5.08752072565884e-16,0.999999982003288,0.999999999643846
"EGFR",2.32137683510721e-15,-2.20897083009699,5.08310388398597e-16,0.999999982011102,0.999999999643846
"IGFBP3",2.31192186703415e-15,-2.20913280264046,5.04178124405417e-16,0.999999982084371,0.999999999643846
"TEK",2.30539005855976e-15,-2.20924502935175,5.01333268005643e-16,0.999999982134988,0.999999999643846
"MON2",2.30381359937083e-15,-2.20927215605846,5.00647864497395e-16,0.999999982147204,0.999999999643846
"IDO1",2.28803929262726e-15,-2.20954446663795,4.93815422699192e-16,0.999999982269443,0.999999999643846
"DNAJC8",2.27981125297797e-15,-2.20968714334192,4.90270180136915e-16,0.999999982333204,0.999999999643846
"KLF1",2.26476676901576e-15,-2.2099491600552,4.83820939936848e-16,0.999999982449787,0.999999999643846
"DEFA4",2.18762730698028e-15,-2.21131645030574,4.51423708758679e-16,0.999999983047559,0.999999999643846
"MS4A1",2.0864125583956e-15,-2.21317433169233,4.106180811212e-16,0.999999983831896,0.999999999643846
"F8",2.08523482201599e-15,-2.2131963990294,4.10154641271494e-16,0.999999983841023,0.999999999643846
"GZMA",2.05708204224467e-15,-2.21372709384764,3.99154397921483e-16,0.999999984059185,0.999999999643846
"LTF",1.99775127795738e-15,-2.21486613191167,3.76461464323004e-16,0.999999984518953,0.999999999643846
"C1QA",1.97876856439156e-15,-2.21523666473356,3.69341150400446e-16,0.999999984666055,0.999999999643846
"HBD",1.97868208855222e-15,-2.21523835962977,3.69308869325578e-16,0.999999984666725,0.999999999643846
"RNF5",1.96141864255972e-15,-2.21557799062851,3.62892748876612e-16,0.999999984800503,0.999999999643846
"MTRNR2L12",1.91455997647148e-15,-2.21651289851318,3.45760712531412e-16,0.999999985163622,0.999999999643846
"AR",1.89945463941123e-15,-2.21681844022798,3.40326326735845e-16,0.999999985280677,0.999999999643846
"ABL1",1.89610689274566e-15,-2.21688643718157,3.39127748698519e-16,0.999999985306619,0.999999999643846
"KDR",1.72931455529706e-15,-2.22041146269327,2.82088698180385e-16,0.999999986599133,0.999999999643846
"PRPF38B",1.71701049526375e-15,-2.22068284408466,2.78088860464854e-16,0.99999998669448,0.999999999643846
"CTSK",1.70466059295972e-15,-2.22095691154408,2.74102840449683e-16,0.999999986790182,0.999999999643846
"ANKRD36B",1.70249997775931e-15,-2.22100503378638,2.73408443633023e-16,0.999999986806925,0.999999999643846
"CCL4",1.61751387606614e-15,-2.22294056221493,2.46793503265313e-16,0.999999987465503,0.999999999643846
"PARP8",1.58765113418833e-15,-2.2236413252354,2.37764958279331e-16,0.999999987696916,0.999999999643846
"NOD2",1.56307147212604e-15,-2.22422661010059,2.30459898579708e-16,0.99999998788739,0.999999999643846
"NFKB1",1.46377200211609e-15,-2.22667414572211,2.02108493543751e-16,0.999999988656885,0.999999999643846
"RP11-290D2.6",1.41828436177398e-15,-2.22784299115389,1.89742370274284e-16,0.999999989009379,0.999999999643846
"JCHAIN",1.41676468781387e-15,-2.22788259010827,1.89335974960134e-16,0.999999989021156,0.999999999643846
"CXCL12",1.40462538591161e-15,-2.2282002190057,1.86105290525123e-16,0.999999989115226,0.999999999643846
"ALPL",1.39547250495276e-15,-2.22844126078382,1.83687778063964e-16,0.999999989186154,0.999999999643846
"ALK",1.31413489865193e-15,-2.23064474403423,1.62898689448029e-16,0.999999989816458,0.999999999643846
"ARG1",1.2924385725451e-15,-2.23125215838303,1.57564187677371e-16,0.999999989984588,0.999999999643846
"AZU1",1.29117263104548e-15,-2.23128786804775,1.57255671111173e-16,0.999999989994398,0.999999999643846
"MBD4",1.29102360539032e-15,-2.23129207372841,1.5721937266986e-16,0.999999989995553,0.999999999643846
"USP3",1.20754302662584e-15,-2.23371587680661,1.37544402619318e-16,0.999999990642464,0.999999999643846
"LMO4",1.17122439888956e-15,-2.23481528864097,1.29395125125936e-16,0.999999990923905,0.999999999643846
"CXCR2",1.13254524411231e-15,-2.23601864193859,1.20989815438061e-16,0.999999991223639,0.999999999643846
"MAP2K1",1.08910038753457e-15,-2.23741284631986,1.1188542554965e-16,0.999999991560304,0.999999999643846
"XDH",1.07104430784095e-15,-2.23800629867882,1.08206305164143e-16,0.999999991700224,0.999999999643846
"NBEAL1",1.06073450321866e-15,-2.23834899483048,1.0613315734458e-16,0.999999991780118,0.999999999643846
"IL2",1.05467804074053e-15,-2.23855163894166,1.04924643029338e-16,0.999999991827051,0.999999999643846
"C9orf78",1.03699356623016e-15,-2.23914908623128,1.01435463197882e-16,0.999999991964092,0.999999999643846
"TRAC",1.00851427792193e-15,-2.24012976425116,9.59404596860555e-17,0.999999992184785,0.999999999643846
"GYPA",9.99951744535696e-16,-2.24042923623924,9.43182594515965e-17,0.999999992251138,0.999999999643846
"UQCRHL",9.3666017279764e-16,-2.24271341315665,8.27564402529695e-17,0.999999992741599,0.999999999643846
"APOB",8.99881416863643e-16,-2.24410201832131,7.63850310954674e-17,0.999999993026606,0.999999999643846
"ALOX5AP",8.49764034584692e-16,-2.24607440671553,6.81136863215512e-17,0.999999993414978,0.999999999643846
"RASSF5",7.7990746571367e-16,-2.24899633352222,5.73751518839354e-17,0.999999993956313,0.999999999643846
"IGHG1",7.29977197993963e-16,-2.25122503177332,5.02639114680607e-17,0.999999994343234,0.999999999643846
"IGKV1-5",6.61770115864934e-16,-2.25449000180247,4.13096956929548e-17,0.999999994871787,0.999999999643846
"ACHE",6.3666378822084e-16,-2.25576449029628,3.82347267618406e-17,0.999999995066342,0.999999999643846
"C1QB",6.35750020584746e-16,-2.25581168055385,3.81250532276706e-17,0.999999995073423,0.999999999643846
"HLF",6.33145531929626e-16,-2.25594650424945,3.78133178883536e-17,0.999999995093606,0.999999999643846
"C5AR1",6.09112627634057e-16,-2.257213455326,3.49971677298112e-17,0.999999995279842,0.999999999643846
"PLAT",6.0831437136917e-16,-2.25725626485675,3.49054986319335e-17,0.999999995286028,0.999999999643846
"IGKV4-1",5.87935463087311e-16,-2.25836574492746,3.2605961121422e-17,0.999999995443949,0.999999999643846
"CYP3A4",5.76373050859607e-16,-2.25900991586379,3.13361058824509e-17,0.999999995533549,0.999999999643846
"TLR9",4.54045613115814e-16,-2.2666025119081,1.94462856470831e-17,0.999999996481493,0.999999999643846
"PLG",4.45624753848493e-16,-2.26718720283721,1.87316617774738e-17,0.999999996546748,0.999999999643846
"ATM",4.43314388262014e-16,-2.26734926855316,1.85379346541992e-17,0.999999996564652,0.999999999643846
"ZFC3H1",4.3188404627604e-16,-2.2681618467895,1.75943009392252e-17,0.999999996653228,0.999999999643846
"CD79A",4.2922562926837e-16,-2.26835346140493,1.73783678148589e-17,0.999999996673829,0.999999999643846
"FCGR3A",4.08260380557016e-16,-2.26990117858289,1.57221583104321e-17,0.999999996836294,0.999999999643846
"ETS1",4.07512160247407e-16,-2.26995765804149,1.56645830026781e-17,0.999999996842092,0.999999999643846
"BOD1L1",3.89774687784614e-16,-2.27132321262328,1.43306192550411e-17,0.999999996979544,0.999999999643846
"CLC",3.78251415315709e-16,-2.27223906956814,1.34958056761817e-17,0.99999999706884,0.999999999643846
"ELANE",3.12497380765172e-16,-2.27797383388297,9.21150211334624e-18,0.999999997578384,0.999999999643846
"ZMAT2",3.03487629669983e-16,-2.2788383388791,8.68799735903186e-18,0.999999997648203,0.999999999643846
"EHMT1",2.77933530696469e-16,-2.28141540963723,7.2865102775041e-18,0.999999997846227,0.999999999643846
"S100A8",2.56056137424545e-16,-2.28378781558945,6.1845495403699e-18,0.99999999801576,0.999999999643846
"PSMD5-AS1",1.96655572011732e-16,-2.2912352944876,3.64796115546266e-18,0.999999998476069,0.999999999643846
"ABCB1",1.80399845424e-16,-2.29360809611678,3.06979952834572e-18,0.999999998602039,0.999999999643846
"CD164",1.63736295962987e-16,-2.29623809100436,2.52887647271654e-18,0.999999998731169,0.999999999643846
"VEGFA",1.38166568890481e-16,-2.30075687595141,1.80070942846149e-18,0.999999998929315,0.999999999643846
"F2",1.30194919033657e-16,-2.30231209896572,1.59891642762913e-18,0.999999998991089,0.999999999643846
"S100A12",1.17809625277674e-16,-2.30489786476719,1.30917963829191e-18,0.999999999087065,0.999999999643846
"SHISA5",7.73906829694236e-17,-2.31536354870228,5.6495655435247e-19,0.999999999400281,0.999999999643846
"F10",5.02401761802163e-17,-2.32547470090824,2.38089366939284e-19,0.999999999610677,0.999999999643846
"FLT1",4.59599372849563e-17,-2.32748041172898,1.99249182251244e-19,0.999999999643846,0.999999999643846
