"gene","distance","Z","FC","p.value","p.adj"
"HIF1A",0.000159415175891809,6.74954605027581,525500.704174406,0,0
"PRSS57",9.65117903994871e-06,3.95279782419757,1926.08177390039,0,0
"SMIM24",2.28472890262948e-06,2.85760953342834,107.940227325879,2.77007522225486e-25,2.77007522225486e-22
"GYPC",1.18522718183484e-06,2.42101707562014,29.0480633401722,7.06046485896102e-08,5.29534864422076e-05
"CDCA7",1.13905667314684e-06,2.39572752671755,26.8290096920154,2.22275500930147e-07,0.000133365300558088
"RPS18",1.01201007423235e-06,2.32120290957474,21.1779368290033,4.18555218595039e-06,0.0020927760929752
"C1orf228",9.9361187429093e-07,2.30974044736789,20.4149125013841,6.23421046612696e-06,0.00267180448548298
"CD34",9.29229347400229e-07,2.26811198196694,17.8549982461583,2.38392283887031e-05,0.00893971064576367
"SPINK2",9.21807286595229e-07,2.26315223413364,17.5709098474005,2.7679029369282e-05,0.009226343123094
"RPS6",8.71435103948841e-07,2.22853789778496,15.7030523369492,7.41044883257707e-05,0.0222313464977312
"IMPDH2",8.65959286196505e-07,2.22467040615389,15.506326511055,8.22295802425234e-05,0.0224262491570518
"ZFP36L2",8.22930027222872e-07,2.19351264294102,14.0036031718998,0.000182460647061453,0.042665609876147
"BST2",8.22200700856378e-07,2.19297237372688,13.9787926268235,0.000184884309463304,0.042665609876147
"LCP1",7.89937607715976e-07,2.1686430404122,12.9032632505146,0.000328009752962244,0.0702878042061951
"C1QTNF4",7.60060881333518e-07,2.1453260924785,11.9456762064814,0.000547743474661235,0.109548694932247
"ICAM3",7.4200174957106e-07,2.13084067172566,11.3847588413519,0.000740491658208452,0.138842185914085
"FABP5",7.17657104469707e-07,2.11081801869373,10.6499594453095,0.00110073319587837,0.194247034566772
"RPS21",7.10786266045292e-07,2.10505961774333,10.4470105272033,0.00122848116774772,0.204746861291286
"IGFBP7",7.00660568947871e-07,2.09648404191703,10.1514792621634,0.00144185497796443,0.227661312310173
"RPL18A",6.90900253143856e-07,2.08811478190407,9.87062563310442,0.00167938393034913,0.25190758955237
"RPS19",6.51625425060168e-07,2.05335734634087,8.78031343529507,0.00304498873091801,0.434998390131144
"SELL",6.36767067311957e-07,2.03972914571123,8.38446131710929,0.00378442355016805,0.507659602046063
"RPS5",6.34552249152143e-07,2.03767394992274,8.32623669233637,0.00390765261411108,0.507659602046063
"EEF1B2",6.31878309368721e-07,2.03518435242356,8.25621268174932,0.0040612768163685,0.507659602046063
"RPS3A",6.27975245643242e-07,2.03153378921846,8.1545317107534,0.0042953690095445,0.51544428114534
"FKBP4",6.20554147152105e-07,2.02453775068821,7.96293813475932,0.00477448476367135,0.550902088115925
"RPS28",5.96651116880872e-07,2.00149567276428,7.36130636669914,0.00666423553262707,0.70752417921516
"RPL10A",5.9506839634505e-07,1.99994164737201,7.32230388292273,0.00681040521971463,0.70752417921516
"RPL36",5.94758070798983e-07,1.99963652465344,7.31466877587215,0.00683940039907988,0.70752417921516
"RPL12",5.78450174552451e-07,1.98340288404077,6.91904077343751,0.00852827099730031,0.852827099730031
"CCND1",5.75080429255583e-07,1.97999870309938,6.83866222223981,0.00892056189111486,0.863280183011116
"RPL3",5.72537297089446e-07,1.97741802142794,6.77831182184695,0.0092272120017952,0.8650511251683
"HPSE",5.61916936965658e-07,1.96653140559343,6.52917369165067,0.0106119243441838,0.9647203949258
"TGFB1I1",5.56520258147811e-07,1.96093036010415,6.40436289635412,0.0113840269054821,0.999244735911416
"ZFAS1",5.54684227107389e-07,1.95901397691688,6.36217498916725,0.0116578552522999,0.999244735911416
"RPL7",5.51463060562862e-07,1.95563840502501,6.28849660115022,0.0121524088167708,0.999999999902037
"RBPMS2",5.47881001719866e-07,1.95186434726849,6.20706737120338,0.0127241253399034,0.999999999902037
"NPM1",5.43607688518568e-07,1.94733367448265,6.11061832406438,0.0134372111439267,0.999999999902037
"RPS14",5.25966706188913e-07,1.92829448474936,5.72045383501315,0.0167683956302847,0.999999999902037
"RPS23",5.24084425972717e-07,1.92623020011698,5.67958345252871,0.0171634421260537,0.999999999902037
"RPS3",5.19924725153237e-07,1.92164520422908,5.58978261686257,0.0180655380091267,0.999999999902037
"ITM2C",5.08510731926818e-07,1.9088975231541,5.34704972572058,0.0207573651280396,0.999999999902037
"CDK6",5.0820360572916e-07,1.90855106875652,5.34059274056457,0.0208343877210488,0.999999999902037
"RPL34",5.05274885434698e-07,1.90523809578968,5.27921563418441,0.0215814681572222,0.999999999902037
"RPL13",4.98192398988116e-07,1.89715647979237,5.13225434704745,0.0234852055893423,0.999999999902037
"HSH2D",4.86697143500457e-07,1.88382330965771,4.89814425742152,0.0268855724301592,0.999999999902037
"RPL22L1",4.7913957098079e-07,1.87490665368257,4.74720576413212,0.0293459094544443,0.999999999902037
"CALD1",4.71813325291702e-07,1.86614482079927,4.60314209840774,0.0319134154123708,0.999999999902037
"TTK",4.67588823178228e-07,1.86103833148254,4.52108029483028,0.0334796850962994,0.999999999902037
"RP11-620J15.3",4.63404871153908e-07,1.85594096451906,4.44053365781596,0.0350952757187364,0.999999999902037
"GSN",4.61901922750722e-07,1.85410007992826,4.41177664313018,0.0356916503676759,0.999999999902037
"MANF",4.60102974728227e-07,1.85188974567348,4.3774788781394,0.0364168241853734,0.999999999902037
"PGF",4.48987343726163e-07,1.83806222703129,4.1685227410446,0.0411816913121484,0.999999999902037
"KCNAB2",4.43764163665017e-07,1.8314611548715,4.07209997920105,0.0435970424676882,0.999999999902037
"RPL26",4.43540532710732e-07,1.83117701646387,4.06799681710502,0.0437030725992771,0.999999999902037
"RPS9",4.37274242981854e-07,1.82316391645984,3.95386439356252,0.0467638610825713,0.999999999902037
"FHL2",4.34535078045815e-07,1.81962961477062,3.90448409986942,0.0481574110092798,0.999999999902037
"BANK1",4.32845262627918e-07,1.81743955012918,3.87417571316153,0.04903438225222,0.999999999902037
"EIF3E",4.29780146448017e-07,1.81344790543952,3.81950142165736,0.0506593104053459,0.999999999902037
"GOLGB1",4.25578863544963e-07,1.80793603914929,3.74519192182872,0.0529596450588544,0.999999999902037
"DAAM1",4.24862269925223e-07,1.80699116222394,3.73259016277406,0.0533605867479791,0.999999999902037
"RPL29",4.13220941263538e-07,1.79144286041631,3.53084475016862,0.0602370906282061,0.999999999902037
"RSU1",4.11686557723261e-07,1.78936505064318,3.50467177098953,0.0611959708069249,0.999999999902037
"RPL14",4.08122299079538e-07,1.78451221113975,3.444249673907,0.0634722353041843,0.999999999902037
"RPS25",4.06598150393293e-07,1.7824257265943,3.41857233990637,0.0644667419153452,0.999999999902037
"EIF4B",4.06340623776988e-07,1.78207251055552,3.41424327659956,0.0646360414547013,0.999999999902037
"VWF",4.02271946145688e-07,1.77646590973644,3.3462121369278,0.0673598497416095,0.999999999902037
"FCER1G",4.01364423402957e-07,1.77520859560895,3.3311311043755,0.0679801084660928,0.999999999902037
"SPX",3.97756181919253e-07,1.77018490679214,3.27150699549334,0.070492840333956,0.999999999902037
"EEF1A1",3.9643782136712e-07,1.76833944002095,3.2498561540221,0.0714297261485716,0.999999999902037
"PYCARD",3.95750730218824e-07,1.76737550957823,3.23860085875954,0.071922034338659,0.999999999902037
"CNN2",3.92606874750771e-07,1.76294620569031,3.18735015770189,0.0742102140707616,0.999999999902037
"PLEK",3.86187181844746e-07,1.75380453836435,3.08396674622996,0.0790674691839366,0.999999999902037
"RPL7A",3.86040998945903e-07,1.75359483137855,3.08163244879416,0.0791810152869235,0.999999999902037
"RPL37",3.85729610467378e-07,1.75314789693331,3.07666303967985,0.0794233252863604,0.999999999902037
"NASP",3.84992653930664e-07,1.75208888921193,3.06491801977213,0.0799991976867058,0.999999999902037
"LAT",3.82462605457684e-07,1.74843967440042,3.02476706422167,0.0820020956183325,0.999999999902037
"RPL11",3.8227598687337e-07,1.7481696705148,3.02181597816056,0.0821514275192787,0.999999999902037
"CDKN2D",3.78318662397692e-07,1.74241683306773,2.95957607561795,0.0853703206980201,0.999999999902037
"RPL31",3.77482937567092e-07,1.74119520256357,2.9465148151642,0.0860629741124628,0.999999999902037
"PDLIM7",3.77128180315772e-07,1.74067591731487,2.94097916727546,0.0863583683553733,0.999999999902037
"CSF3R",3.75144276749059e-07,1.73776403327383,2.91011818845796,0.0880254237779947,0.999999999902037
"THBS1",3.74239605740545e-07,1.73643172839191,2.89609944791044,0.088794177363585,0.999999999902037
"CD9",3.71883171418216e-07,1.73294815907592,2.85974315323785,0.0908219994770736,0.999999999902037
"UHRF1",3.69257445400549e-07,1.72904369414827,2.81950259479409,0.0931252579111497,0.999999999902037
"SH3BP5",3.67827550663191e-07,1.72690722008762,2.79770866158439,0.0943991241670191,0.999999999902037
"CTSW",3.67653281017687e-07,1.72664633951731,2.79505828806818,0.0945553280753509,0.999999999902037
"CD151",3.66372029562652e-07,1.72472498932869,2.77561098492407,0.0957101276881116,0.999999999902037
"PDLIM1",3.65416093637537e-07,1.72328765017498,2.76114566254885,0.096579051599962,0.999999999902037
"RPL32",3.65396833481831e-07,1.72325865697466,2.76085460424671,0.096596623279861,0.999999999902037
"FBL",3.65333126917377e-07,1.72316274703089,2.75989198381309,0.096654763115224,0.999999999902037
"PPP1R14A",3.63045913844909e-07,1.71970963866999,2.72544287098879,0.0987607239657562,0.999999999902037
"RPS29",3.62900612767835e-07,1.71948962947919,2.72326171140267,0.0988957384424536,0.999999999902037
"RPS15",3.57309450449234e-07,1.71096467408901,2.63999426180668,0.104203920286407,0.999999999902037
"CSRP1",3.55746774613968e-07,1.70856119173609,2.61695297928726,0.105727286716564,0.999999999902037
"RPLP0",3.5574337236513e-07,1.708555948831,2.61690292411715,0.105730622550634,0.999999999902037
"CCND3",3.55286995717179e-07,1.70785226962728,2.61019287744476,0.106178847583715,0.999999999902037
"RPL9",3.55230356015411e-07,1.70776488276664,2.60936071210475,0.106234580553177,0.999999999902037
"PLAC8",3.545743721988e-07,1.70675190657031,2.59973249243517,0.10688175417576,0.999999999902037
"PDIA6",3.48371180939996e-07,1.69709104816991,2.50956482467316,0.113157175507997,0.999999999902037
"SBDS",3.47391775516161e-07,1.69555200122029,2.49547395545149,0.114173999979918,0.999999999902037
"TPM1",3.46003316775509e-07,1.69336365321612,2.47556595145521,0.115627816046999,0.999999999902037
"RPS24",3.44471368850418e-07,1.69094022961871,2.45369308302049,0.117248720717813,0.999999999902037
"LRPPRC",3.41374593040011e-07,1.68601246826533,2.40977429681921,0.120579750051634,0.999999999902037
"CMAS",3.41322920929273e-07,1.68592991392358,2.4090448418274,0.120635952678722,0.999999999902037
"RPN1",3.37961332409613e-07,1.68053563502783,2.36182657129925,0.124336528975497,0.999999999902037
"RPS16",3.35953403027133e-07,1.67729113846662,2.33384530502199,0.126588827477228,0.999999999902037
"RPL30",3.30908193170968e-07,1.66906346978569,2.26427419702193,0.132388223263367,0.999999999902037
"TNFSF13B",3.30764971946368e-07,1.66882831029778,2.26231460852478,0.132555808721308,0.999999999902037
"PAICS",3.30117896970435e-07,1.66776474685717,2.25347174186805,0.133315010205708,0.999999999902037
"PDLIM5",3.28724359928149e-07,1.66546806212019,2.23448659590039,0.134961445873617,0.999999999902037
"RPL5",3.2472350550881e-07,1.65882666120481,2.18042639324476,0.13977573214879,0.999999999902037
"RPS4Y1",3.24219424085998e-07,1.6579848227314,2.17366211950615,0.140391559517309,0.999999999902037
"CD84",3.22098169938556e-07,1.65442965197163,2.14531214583911,0.143005947779968,0.999999999902037
"PPIF",3.22074014410278e-07,1.65438905020718,2.14499038551947,0.143035932494047,0.999999999902037
"RPS8",3.22047854657444e-07,1.65434507664496,2.14464195542575,0.143068410531146,0.999999999902037
"PF4",3.20894409514177e-07,1.65240306870042,2.12930698661683,0.144506076338443,0.999999999902037
"AC090498.1",3.20437603486511e-07,1.65163227659127,2.12324899425059,0.145078495019864,0.999999999902037
"MYB",3.20225359224371e-07,1.65127381925496,2.12043722580416,0.145345046255822,0.999999999902037
"CD63",3.1664959546876e-07,1.64520331633251,2.073346328551,0.149892321101839,0.999999999902037
"CITED2",3.16190205106893e-07,1.64441908120994,2.0673347345651,0.150484305848264,0.999999999902037
"COL1A2",3.15505053411908e-07,1.64324759215798,2.05838503759839,0.151370523033243,0.999999999902037
"UROD",3.13588443733526e-07,1.63995867840055,2.03345270855665,0.15387069942259,0.999999999902037
"RPSA",3.13336443727244e-07,1.63952493905987,2.03018585219838,0.154201749540219,0.999999999902037
"SELK",3.1242077790135e-07,1.6379463356831,2.01833753006757,0.155409208774594,0.999999999902037
"PARVB",3.11859016424509e-07,1.63697585939358,2.01108574022971,0.156153530002227,0.999999999902037
"RRBP1",3.10517721747896e-07,1.63465250038184,1.99382372362299,0.157941649032057,0.999999999902037
"MYL6",3.087885271282e-07,1.63164425432198,1.97167935436809,0.160269720752799,0.999999999902037
"VASP",3.0819913127378e-07,1.6306155293803,1.96415970603363,0.161069143213699,0.999999999902037
"ACTN1",3.07945423568926e-07,1.63017218141287,1.96092726770145,0.161414183573889,0.999999999902037
"PSMA6",3.07655301706497e-07,1.62966480923138,1.95723414653495,0.161809430645608,0.999999999902037
"RPL39",3.06994873146516e-07,1.62850827465859,1.94884016842416,0.162711888461967,0.999999999902037
"PPBP",3.03761178199163e-07,1.62281388605478,1.90800063200433,0.167185520907148,0.999999999902037
"RPS12",3.02712252615246e-07,1.62095539565784,1.89484625045379,0.168656323816478,0.999999999902037
"EEF2",2.97166413225565e-07,1.61103469884224,1.82605318188932,0.176594436163258,0.999999999902037
"ABRACL",2.96554264533075e-07,1.60992976099052,1.818537764978,0.177487429211192,0.999999999902037
"FNBP1",2.95127894876309e-07,1.60734738850975,1.80108619339705,0.179581234844418,0.999999999902037
"RPL23A",2.93429909945737e-07,1.60425901182042,1.78042112096754,0.182097623712302,0.999999999902037
"FERMT3",2.9178247601204e-07,1.60124761651828,1.76048523716843,0.184564002992521,0.999999999902037
"ACTB",2.90504551315351e-07,1.59890140830627,1.74509815209949,0.186494151502932,0.999999999902037
"CDK2AP2",2.8928731132217e-07,1.59665821228705,1.73050455655992,0.188346473848103,0.999999999902037
"NAA38",2.88071145083345e-07,1.59440874250372,1.71598503014282,0.190210681135237,0.999999999902037
"TMSB4X",2.85929373569289e-07,1.59042698120701,1.69056363391076,0.193526686486428,0.999999999902037
"HMGA1",2.85564638258443e-07,1.58974630718432,1.68625337387707,0.194095594165292,0.999999999902037
"LCN2",2.82712069923048e-07,1.58439644062054,1.65273292002866,0.198587373875887,0.999999999902037
"FLNA",2.80910773127638e-07,1.58099383799551,1.63173927548386,0.201462651011206,0.999999999902037
"ZYX",2.80573582703443e-07,1.58035477639589,1.62782431962255,0.202004239988007,0.999999999902037
"RPL41",2.7666523686318e-07,1.5728980739764,1.5827895104377,0.208359344182578,0.999999999902037
"MYADM",2.76655416517681e-07,1.57287922218034,1.58267714891256,0.208375492885375,0.999999999902037
"ARHGEF6",2.76002111895269e-07,1.57162377927281,1.57521118651227,0.209451834131179,0.999999999902037
"PRDX2",2.75888688644638e-07,1.57140555148247,1.57391678437448,0.209639112204049,0.999999999902037
"RPS13",2.75314130374011e-07,1.57029888802621,1.5673680181477,0.210589653321126,0.999999999902037
"TROVE2",2.75148942111897e-07,1.56998034343677,1.56548774323758,0.210863514692187,0.999999999902037
"GLTSCR2",2.74932973266272e-07,1.56956362276519,1.56303115453023,0.211221952320999,0.999999999902037
"TBXAS1",2.74574343327876e-07,1.5688709993779,1.55895609462063,0.211818133558572,0.999999999902037
"LTBP1",2.74416444370081e-07,1.56856579782229,1.55716359819926,0.212081007749935,0.999999999902037
"HINT1",2.72149941241188e-07,1.56416789592803,1.53154748589879,0.215880343208155,0.999999999902037
"HSPD1",2.71486698199473e-07,1.56287489198073,1.52409166617626,0.217001350731866,0.999999999902037
"CAMTA1",2.70955370037128e-07,1.56183706541822,1.51813188689774,0.217902413473345,0.999999999902037
"APBB1IP",2.70821520547745e-07,1.56157534100522,1.51663237066315,0.218129828129188,0.999999999902037
"CKLF",2.70479827367981e-07,1.5609066936466,1.51280774094016,0.218711149424919,0.999999999902037
"DHX29",2.69342084662725e-07,1.55867495133159,1.5001075998489,0.220654806668992,0.999999999902037
"FAM26F",2.67956713627825e-07,1.55594632307846,1.48471556813803,0.223038182897683,0.999999999902037
"RPL38",2.66579079486275e-07,1.55322068092867,1.46948820637544,0.225426460562169,0.999999999902037
"RPL35",2.66478696909582e-07,1.55302159372993,1.46838171865248,0.225601195692427,0.999999999902037
"ITGA2B",2.64624084481157e-07,1.54933152843744,1.4480138437649,0.228846915617914,0.999999999902037
"AKR7A2",2.6442356917854e-07,1.54893121663677,1.44582024955245,0.229199814741079,0.999999999902037
"PPIB",2.64310794071847e-07,1.54870595412889,1.44458724477202,0.229398464620919,0.999999999902037
"LRRFIP2",2.61968362612634e-07,1.54400797240903,1.41909564806133,0.233552312314224,0.999999999902037
"VIM",2.61550160255514e-07,1.54316536618031,1.41456841861674,0.234299487745532,0.999999999902037
"RPL17",2.60903235426569e-07,1.54185960109268,1.40757941358999,0.235458640298718,0.999999999902037
"SLAIN2",2.60747463154304e-07,1.54154476482346,1.40589912481818,0.23573835654075,0.999999999902037
"STOM",2.59819270948092e-07,1.53966535138647,1.395907679722,0.2374099619011,0.999999999902037
"RCN1",2.59035450433809e-07,1.53807368836205,1.38749805965195,0.238828072219474,0.999999999902037
"SNCA",2.57652980920464e-07,1.5352560937886,1.37272745487692,0.241343821474104,0.999999999902037
"RPS15A",2.56799130304119e-07,1.5335092643467,1.36364421408962,0.242906904640558,0.999999999902037
"ACTR3",2.55813987771781e-07,1.53148751705697,1.35320175548309,0.244719160597606,0.999999999902037
"GNB2L1",2.55432977908784e-07,1.53070376906359,1.34917383453462,0.245422600092775,0.999999999902037
"VIMP",2.54676872046241e-07,1.52914540799737,1.34119829096309,0.246822757714754,0.999999999902037
"IFI27L2",2.537823119012e-07,1.52729645780396,1.33179284011072,0.248486519978664,0.999999999902037
"DGKD",2.53716142251969e-07,1.52715946684353,1.33109844359484,0.248609897528199,0.999999999902037
"TACC1",2.51978923081909e-07,1.5235516863678,1.31293252742165,0.251864390959531,0.999999999902037
"PTMS",2.51689629907076e-07,1.52294878502712,1.30991954220542,0.25240922319634,0.999999999902037
"TSPAN32",2.51086938213541e-07,1.52169079814262,1.30365363134728,0.253546922791443,0.999999999902037
"RAP1B",2.5065985500622e-07,1.52079775706363,1.29922253617542,0.254355285148711,0.999999999902037
"MFF",2.48768126140588e-07,1.51682604780884,1.27968608221042,0.257957411147343,0.999999999902037
"TAOK1",2.47774943307947e-07,1.51473027039624,1.26948843213046,0.259862671615421,0.999999999902037
"RTN4",2.47399683136929e-07,1.51393649909708,1.26564601215195,0.260585076991475,0.999999999902037
"PFN1",2.47284219478589e-07,1.51369205223571,1.26446491106602,0.260807632873353,0.999999999902037
"RPL27A",2.4640253043565e-07,1.5118221420427,1.25546411561943,0.262511421144155,0.999999999902037
"GATA1",2.4564663229896e-07,1.51021435153907,1.24777306359767,0.263978236664268,0.999999999902037
"GP1BA",2.45329671687395e-07,1.50953889151372,1.24455510979252,0.264594975611271,0.999999999902037
"LCP2",2.4430079351286e-07,1.50734102896054,1.23413802105322,0.266603798279773,0.999999999902037
"SEC11C",2.43157546997664e-07,1.504889347878,1.22261433630432,0.268848197024055,0.999999999902037
"MAT2A",2.42693312253798e-07,1.50389092439944,1.21795037871582,0.269763266361323,0.999999999902037
"AHCY",2.42418710770083e-07,1.50329955679565,1.21519577648576,0.270305547542036,0.999999999902037
"FAM162A",2.41049925479019e-07,1.50034305090835,1.20151163322474,0.273019760726344,0.999999999902037
"RPS2",2.4092170409582e-07,1.50006534834121,1.20023373605135,0.273274966994539,0.999999999902037
"PRDX1",2.40786268246548e-07,1.49977188034849,1.19888467548959,0.273544709716374,0.999999999902037
"DSTN",2.39641088712013e-07,1.49728467502846,1.18750800224768,0.275832798658121,0.999999999902037
"TC2N",2.39355839860133e-07,1.49666353001819,1.18468266294651,0.276404756110507,0.999999999902037
"CMTM5",2.39350038892513e-07,1.49665089138325,1.18462524030335,0.27641639611517,0.999999999902037
"GFI1B",2.36396924571814e-07,1.49018188370656,1.15557362654173,0.282385426513384,0.999999999902037
"ILK",2.35405741812605e-07,1.48799479342747,1.14590359017944,0.284408316355512,0.999999999902037
"DNAJC3",2.34004410487807e-07,1.48488891986708,1.13230144877636,0.287284967631651,0.999999999902037
"PAPSS1",2.3329587512321e-07,1.48331234948323,1.1254549023861,0.288746896992046,0.999999999902037
"HSPA5",2.29123576064524e-07,1.47394274059314,1.08555925646837,0.297457232744735,0.999999999902037
"HSP90B1",2.28630753725833e-07,1.47282619843488,1.08089441570827,0.298497555257315,0.999999999902037
"RCSD1",2.28491514352817e-07,1.47251035557029,1.07957825653862,0.298791922033325,0.999999999902037
"PSTPIP2",2.2650385626305e-07,1.46798322639531,1.06087735104488,0.303015166819384,0.999999999902037
"RPS7",2.25245404273889e-07,1.46509897009291,1.0491216622971,0.305709462654824,0.999999999902037
"RPL6",2.25110849577024e-07,1.46478975033409,1.04786861046144,0.305998476139765,0.999999999902037
"MLEC",2.24918492941703e-07,1.46434741549298,1.04607857357621,0.306411958357655,0.999999999902037
"RPL4",2.24409276874012e-07,1.46317484673721,1.0413472861104,0.307508335723202,0.999999999902037
"RIN3",2.23967779887519e-07,1.46215633090826,1.03725387746581,0.308461008513589,0.999999999902037
"VPS13A",2.22481249945275e-07,1.45871401793771,1.02353054698978,0.311683014856492,0.999999999902037
"MEF2C",2.22139521545848e-07,1.4579198471978,1.02038870168882,0.312426825762216,0.999999999902037
"EBNA1BP2",2.20445486036193e-07,1.45396710345639,1.00488507920063,0.316131341871886,0.999999999902037
"NPDC1",2.18801452678404e-07,1.45010556861995,0.989952550931786,0.31975397173492,0.999999999902037
"OCIAD2",2.18607197390685e-07,1.4496476248056,0.988195541092511,0.320183800267661,0.999999999902037
"MMRN1",2.18240510199459e-07,1.44878221429959,0.984883163959305,0.320996197886097,0.999999999902037
"RPL13A",2.16632332856008e-07,1.44497171851225,0.970421768448721,0.324575013596914,0.999999999902037
"SYTL1",2.16194737584933e-07,1.44393058062919,0.966505242464503,0.325553310558271,0.999999999902037
"KIF5B",2.14908740047672e-07,1.44086020842465,0.955041256647393,0.328439399818612,0.999999999902037
"COX17",2.13717808263469e-07,1.43800245687346,0.9444857294289,0.331126890576784,0.999999999902037
"PROS1",2.12840982005901e-07,1.43588952254011,0.936751689323565,0.333114626493748,0.999999999902037
"MCM7",2.11730641043093e-07,1.43320293323162,0.927003559528934,0.335642760611483,0.999999999902037
"WDR1",2.11665129464436e-07,1.4330440365918,0.926429999923629,0.335792308789996,0.999999999902037
"RPL22",2.11287168524974e-07,1.43212646199177,0.923124384808554,0.336655945929503,0.999999999902037
"CAP1",2.10417009449412e-07,1.43000851477932,0.915536503396733,0.338649676470932,0.999999999902037
"RPL35A",2.09580908454904e-07,1.42796624142933,0.908275111864995,0.340572496872881,0.999999999902037
"PTTG1IP",2.09422146934283e-07,1.42757764395671,0.906899561752427,0.340938396731107,0.999999999902037
"LSM1",2.09122178719469e-07,1.42684271436681,0.90430340641757,0.341630424501528,0.999999999902037
"PIP4K2A",2.08580216339195e-07,1.42551255409782,0.899622283080821,0.342883011118461,0.999999999902037
"YIF1B",2.0348874338114e-07,1.41286666237484,0.85623851001461,0.354793463105743,0.999999999902037
"ARF3",2.03072437478271e-07,1.41182047969419,0.852738635648186,0.355778743787941,0.999999999902037
"RPL18",2.00594470029595e-07,1.40555424987637,0.832054721735672,0.361679056956427,0.999999999902037
"NACA",1.99393538986086e-07,1.40249299090535,0.822121754102309,0.364560544311071,0.999999999902037
"DNM1L",1.99323077352583e-07,1.40231287921906,0.821540814451714,0.36473005276645,0.999999999902037
"DCTN3",1.98508421994564e-07,1.40022643378034,0.81483908237184,0.36669343102789,0.999999999902037
"TAGLN2",1.97672421718937e-07,1.39807752730664,0.807990292053374,0.368715089290984,0.999999999902037
"PLP2",1.96819199558523e-07,1.39587614797267,0.801030217571056,0.370785529810657,0.999999999902037
"FAM96B",1.94861616122854e-07,1.39079374324071,0.785175206156211,0.375563036137846,0.999999999902037
"RPL8",1.94500224812039e-07,1.3898506004306,0.782265527221551,0.376449155399592,0.999999999902037
"CDC42EP3",1.93297267560822e-07,1.38670010497661,0.772619040568147,0.379408048678197,0.999999999902037
"HCST",1.93006240783588e-07,1.38593534446858,0.770294294192208,0.380126025461517,0.999999999902037
"FYB",1.92391533333795e-07,1.38431669769949,0.765395472238085,0.381645279921383,0.999999999902037
"DTD1",1.91394291485388e-07,1.38168112324047,0.757481338190899,0.384117882533601,0.999999999902037
"RPL19",1.91068077785009e-07,1.38081637979293,0.754901426237733,0.38492883329163,0.999999999902037
"SFT2D1",1.91043603959309e-07,1.38075145134699,0.754708048642766,0.384989716165884,0.999999999902037
"PSMD6",1.91008439511083e-07,1.38065814822166,0.754430243480893,0.385077204117878,0.999999999902037
"NDUFAF3",1.9056620817046e-07,1.37948347630377,0.750940905752044,0.386178497864069,0.999999999902037
"HSP90AB1",1.88372549132267e-07,1.3736211391447,0.733751845681009,0.391669765946442,0.999999999902037
"MGST1",1.88367881324356e-07,1.37360860141877,0.73371548188756,0.391681500911072,0.999999999902037
"DCXR",1.88220092600509e-07,1.37321150065239,0.732564623935244,0.392053155099565,0.999999999902037
"HNRNPA1",1.87987308117609e-07,1.37258546767714,0.730753720305966,0.392638987466111,0.999999999902037
"ATP6V0D1",1.85642829134016e-07,1.36624234601121,0.712640226772363,0.398568711542314,0.999999999902037
"BCL11A",1.85038177217597e-07,1.36459507417102,0.708005546876335,0.400106718143133,0.999999999902037
"RPS20",1.84722230900664e-07,1.3637324599217,0.705589820832252,0.400911783764032,0.999999999902037
"RPLP2",1.84633476315465e-07,1.36348990524178,0.704911945875657,0.401138115040655,0.999999999902037
"GNB5",1.84211457738967e-07,1.36233518769103,0.701693180150174,0.402215345406722,0.999999999902037
"AIF1",1.83916627109114e-07,1.36152710643941,0.69944885627952,0.402968948503342,0.999999999902037
"RALB",1.83837722325672e-07,1.36131064966253,0.698848823291822,0.403170776842725,0.999999999902037
"CMTM6",1.83824544929777e-07,1.36127449265469,0.698748640614946,0.40320448883567,0.999999999902037
"CLIC4",1.8291691884553e-07,1.35877862085756,0.691865590056994,0.405530548378377,0.999999999902037
"RPL37A",1.8255874763465e-07,1.35779071051752,0.68915874673329,0.406450669588762,0.999999999902037
"PEBP1",1.81268024028989e-07,1.3542165207076,0.679448240248973,0.409776785352385,0.999999999902037
"PBX1",1.81091961173555e-07,1.35372725612557,0.678129005897706,0.410231739622325,0.999999999902037
"PF4V1",1.79510342360611e-07,1.34931332550075,0.666335462872204,0.414332156367644,0.999999999902037
"GP6",1.79027890016883e-07,1.34796014844942,0.662758586988717,0.41558774434808,0.999999999902037
"LTA4H",1.78716007936823e-07,1.34708368814826,0.660451432725525,0.416400615790642,0.999999999902037
"SLC25A6",1.77961060530752e-07,1.34495656604386,0.654883347644464,0.41837214699282,0.999999999902037
"ARPC1A",1.77494708385373e-07,1.34363863976807,0.651455563046608,0.419592758049967,0.999999999902037
"ANKRD28",1.76538538711594e-07,1.34092698353642,0.644455644432651,0.422101934192423,0.999999999902037
"ATP2A3",1.76488641692793e-07,1.34078512566897,0.644091396815315,0.422233114738242,0.999999999902037
"RPL28",1.75014279314082e-07,1.33657759451437,0.633375040241518,0.426120022910645,0.999999999902037
"FKBP2",1.73782913192589e-07,1.33303972039437,0.624493788953347,0.429382251349021,0.999999999902037
"HHEX",1.73480232704743e-07,1.33216672679875,0.622320301700442,0.430186352058461,0.999999999902037
"TOP1",1.72581061912404e-07,1.32956545760913,0.615885884799734,0.432580238279984,0.999999999902037
"RAB27B",1.71923447255127e-07,1.32765549278231,0.611201200036987,0.43433589526973,0.999999999902037
"GNA15",1.7070163151164e-07,1.32408985852245,0.602544769623749,0.437608725128993,0.999999999902037
"TMEM167A",1.70660356980359e-07,1.3239690177743,0.602253422129875,0.437719532818684,0.999999999902037
"DYNLT1",1.69949435220698e-07,1.3218836110247,0.597246245477797,0.439630641243975,0.999999999902037
"GNAI2",1.69035836512099e-07,1.31919245291745,0.590842260812441,0.442093606392754,0.999999999902037
"PDIA3",1.69011482537868e-07,1.31912054043517,0.590672020928257,0.442159369997354,0.999999999902037
"SEC61B",1.68813097242951e-07,1.31853441022995,0.589286175799565,0.442695282923266,0.999999999902037
"SSR4",1.66620901089653e-07,1.31201716248361,0.574080684142434,0.448641902439085,0.999999999902037
"DNAJC15",1.6648937481343e-07,1.31162376591501,0.573174712651258,0.449000120863295,0.999999999902037
"SDF2L1",1.66398471839888e-07,1.31135171535428,0.572548978286699,0.449247794498472,0.999999999902037
"ATP8A1",1.65503646394704e-07,1.30866676543536,0.566407649817671,0.451689962295842,0.999999999902037
"CHD1L",1.65412362786836e-07,1.30839215371528,0.565783017354073,0.451939515881804,0.999999999902037
"CYB5R3",1.65350050898297e-07,1.30820462258278,0.565356829524726,0.452109910557085,0.999999999902037
"PLXDC2",1.64362094154458e-07,1.30522302894031,0.558621065688883,0.454816370267311,0.999999999902037
"EIF3L",1.64000440255001e-07,1.30412766251024,0.556165448141325,0.455809380947257,0.999999999902037
"S100A4",1.63505134481763e-07,1.3026240651537,0.552811115997738,0.457171343208952,0.999999999902037
"MYDGF",1.62265346937625e-07,1.298842924123,0.544459452734483,0.460590438038943,0.999999999902037
"DBNL",1.60464566420461e-07,1.29330563471056,0.532441956860916,0.465582015655153,0.999999999902037
"FHL1",1.60366308744078e-07,1.29300193872868,0.531790093423327,0.465855237879088,0.999999999902037
"DIAPH1",1.60295535540996e-07,1.29278309132137,0.531320815509958,0.466052090003436,0.999999999902037
"EPB41L4A-AS1",1.59910890225206e-07,1.29159219882112,0.528773959056561,0.467122769066669,0.999999999902037
"CDK2AP1",1.59426691830453e-07,1.29008951801469,0.525576629849784,0.468472496130888,0.999999999902037
"ESAM",1.59207622585911e-07,1.28940833891812,0.524133225759563,0.469083871173952,0.999999999902037
"ANGPT1",1.58820119867502e-07,1.28820142043374,0.521584907084969,0.470166387715938,0.999999999902037
"RPS27",1.58623382075905e-07,1.28758767440956,0.520293484995784,0.470716516500698,0.999999999902037
"EPS15",1.57806631449268e-07,1.28503259306222,0.514949304433369,0.47300415342094,0.999999999902037
"PLD3",1.57597338064103e-07,1.28437599041051,0.513584291915097,0.473591346566438,0.999999999902037
"SEPW1",1.57337510683576e-07,1.28355978968561,0.511892216904794,0.474320875181124,0.999999999902037
"MRPS26",1.57230443361366e-07,1.28322311433055,0.511195774196667,0.474621672273887,0.999999999902037
"RSL24D1",1.56582021510269e-07,1.28117984745031,0.506988102867609,0.476445598115556,0.999999999902037
"SEPT7",1.56201266927383e-07,1.27997658885165,0.5045254530676,0.47751839779806,0.999999999902037
"CORO1B",1.56004014884815e-07,1.27935222580092,0.503252021146534,0.478074686893039,0.999999999902037
"SYK",1.55956305467976e-07,1.27920110729818,0.502944257412359,0.478209289907887,0.999999999902037
"TLN1",1.55640549038126e-07,1.27819993622796,0.500909750147982,0.479100658407361,0.999999999902037
"SLC50A1",1.54521421782515e-07,1.27463715891326,0.493732104773426,0.482267204586246,0.999999999902037
"TIMP1",1.54313110394162e-07,1.27397150500182,0.492401794805715,0.482857870590935,0.999999999902037
"SELP",1.5235424078514e-07,1.267673277192,0.479979922874617,0.488431410875425,0.999999999902037
"HELLS",1.50979323471369e-07,1.26321019011239,0.471355877634606,0.492364061901552,0.999999999902037
"PRDX4",1.50244689221109e-07,1.26081093279919,0.466779996454627,0.494472262403838,0.999999999902037
"SNRPN",1.49032903637428e-07,1.25683084210599,0.459280813301291,0.497960277933755,0.999999999902037
"RPS11",1.48776247161368e-07,1.25598423034669,0.457700277847384,0.498700717095739,0.999999999902037
"SYPL1",1.48540490249095e-07,1.25520543288694,0.456250846097622,0.499381377603688,0.999999999902037
"MYH9",1.48188803160746e-07,1.25404166274854,0.454092948539734,0.50039765967973,0.999999999902037
"LMAN1",1.47880416108767e-07,1.2530191892464,0.452204942536926,0.501289717961169,0.999999999902037
"TKT",1.47704915545829e-07,1.2524364756708,0.451132249727781,0.501797756902781,0.999999999902037
"RPL24",1.46523177610902e-07,1.24849692838778,0.443942408646642,0.505225734773627,0.999999999902037
"TMEM165",1.46312024388292e-07,1.247790087065,0.442663807841939,0.505839543075226,0.999999999902037
"GUCY1B3",1.46129630342351e-07,1.24717879994595,0.441560837418774,0.506370066135879,0.999999999902037
"C1QBP",1.46044804672738e-07,1.24689428257105,0.441048349671605,0.506616895189614,0.999999999902037
"P2RX1",1.44735399064798e-07,1.24248392855428,0.433175118376888,0.510435064680332,0.999999999902037
"SPI1",1.44717877322011e-07,1.24242467560302,0.433070243914504,0.510486259139081,0.999999999902037
"DYNLL1",1.44403293524764e-07,1.24135978530961,0.431189497592018,0.511405856425837,0.999999999902037
"PCBD1",1.43846086692248e-07,1.23946861191427,0.427868268814873,0.513036814336132,0.999999999902037
"MGLL",1.43395834070806e-07,1.23793576144012,0.425193920015003,0.514356691253346,0.999999999902037
"C12orf75",1.43278139331837e-07,1.23753438538058,0.424496235164328,0.514701994113896,0.999999999902037
"MRPL41",1.4325982418881e-07,1.23747189908024,0.424387715994832,0.514755739471989,0.999999999902037
"PNPLA2",1.43051733693228e-07,1.23676146007731,0.423155731898617,0.515366580884986,0.999999999902037
"HEMGN",1.42646589442493e-07,1.2353756677605,0.420762243379264,0.51655694451502,0.999999999902037
"ERP44",1.42445469654937e-07,1.23468646136091,0.419576600494782,0.517148388007191,0.999999999902037
"PPA1",1.42202617340015e-07,1.23385310979201,0.418147165223797,0.517863023610012,0.999999999902037
"RPS4X",1.42126190641413e-07,1.23359059307617,0.417697820195295,0.51808802823172,0.999999999902037
"NUDT3",1.41574859388553e-07,1.23169317181194,0.414463466343264,0.519712675829497,0.999999999902037
"UBE2J1",1.41263285416416e-07,1.23061802413246,0.41264119465463,0.520631974349769,0.999999999902037
"NDUFB3",1.40758063394322e-07,1.22887024302288,0.409694886043777,0.522124409769247,0.999999999902037
"RPS27A",1.40231482895389e-07,1.22704272937987,0.406635256035979,0.523682275960809,0.999999999902037
"MRPL52",1.40173198190404e-07,1.22684008208107,0.406297304955709,0.523854855229471,0.999999999902037
"F2R",1.39052638399893e-07,1.22292967432405,0.39982730001648,0.527178459792658,0.999999999902037
"TMEM91",1.38857125426321e-07,1.22224457466302,0.39870374753544,0.527759455947798,0.999999999902037
"RAB14",1.38289534433128e-07,1.22025088458588,0.395450934354779,0.529447985185828,0.999999999902037
"NCOR1",1.38278709668687e-07,1.22021279265328,0.395389028069636,0.529480214506124,0.999999999902037
"PDCD5",1.37801119098917e-07,1.21852957038989,0.392662535008508,0.530903170226333,0.999999999902037
"NDUFA4",1.37198835992035e-07,1.21639959787029,0.389237639847455,0.532700402975508,0.999999999902037
"PABPC1",1.37069309746371e-07,1.21594046134145,0.388503046273455,0.533087315439676,0.999999999902037
"CFL1",1.36974532238017e-07,1.2156042596832,0.387965965863626,0.533370518729043,0.999999999902037
"RPS17",1.36834946652793e-07,1.21510874120227,0.38717564576361,0.533787750823461,0.999999999902037
"TPT1",1.36820309026145e-07,1.21505675312637,0.387092815615858,0.533831513370016,0.999999999902037
"TCEB1",1.36649813114881e-07,1.21445084896961,0.386128680657773,0.534341383519845,0.999999999902037
"UHMK1",1.36257019548741e-07,1.21305243079007,0.383912052980799,0.535516972327947,0.999999999902037
"TREML1",1.36247613273546e-07,1.21301889953081,0.383859049358868,0.535545140265048,0.999999999902037
"MPO",1.35286925918835e-07,1.20958356364765,0.378464922811487,0.538425930743054,0.999999999902037
"SNRPE",1.34264782966992e-07,1.20590498096076,0.372767640964042,0.541499518217924,0.999999999902037
"GSPT1",1.33097879274282e-07,1.20167538259313,0.366316303676848,0.545019077233133,0.999999999902037
"SPCS2",1.32483932592859e-07,1.19943702482622,0.362944649973568,0.546875383101744,0.999999999902037
"FAM127A",1.32385266037241e-07,1.19907645623237,0.362404249896771,0.547173999236656,0.999999999902037
"FXYD5",1.32293494057604e-07,1.19874087242648,0.361901973039137,0.547451821220743,0.999999999902037
"ACAP1",1.31658617675045e-07,1.19641372391059,0.358436773169044,0.549375695958003,0.999999999902037
"LSP1",1.31323741166069e-07,1.19518227605302,0.356615708883929,0.55039181828863,0.999999999902037
"RBM6",1.28917105971244e-07,1.18625068797136,0.343664816204231,0.557721420658213,0.999999999902037
"RASGRP2",1.27842112124845e-07,1.18221397383224,0.337957315159707,0.561010678038247,0.999999999902037
"BID",1.2751335696856e-07,1.18097354086831,0.336221387137048,0.562018471868044,0.999999999902037
"SCAMP2",1.27097940213871e-07,1.17940212011812,0.334034251811752,0.563293175220523,0.999999999902037
"THOC2",1.26676892954058e-07,1.17780481383347,0.331824755030667,0.564586576621176,0.999999999902037
"HLA-DPA1",1.25358184774839e-07,1.17277189732653,0.324952113913538,0.568646694309729,0.999999999902037
"SERPINE2",1.25002807306889e-07,1.17140766862003,0.323112314273789,0.56974323397787,0.999999999902037
"BTF3",1.24798750966165e-07,1.1706228013547,0.322058269123293,0.570373318301237,0.999999999902037
"COX7A2",1.24762352564434e-07,1.1704826833793,0.321870435563901,0.570485744025578,0.999999999902037
"HERPUD1",1.24451013178659e-07,1.16928270070621,0.320266010743762,0.571447826092683,0.999999999902037
"C1orf43",1.24266990262464e-07,1.16857219459022,0.319319570696858,0.572016845220752,0.999999999902037
"MRPL27",1.24064930337175e-07,1.16779098836593,0.318281978463195,0.57264194675502,0.999999999902037
"MCM4",1.23969792734928e-07,1.16742278130034,0.317794024711104,0.572936380908163,0.999999999902037
"VPS28",1.23716165491401e-07,1.16643997044107,0.316495018388185,0.573721663462959,0.999999999902037
"MAPRE2",1.23345024188669e-07,1.16499861201515,0.314598933429166,0.574871712349728,0.999999999902037
"CYTL1",1.23190729743064e-07,1.16439828101132,0.313812351108065,0.575350142427144,0.999999999902037
"P4HB",1.22775013465975e-07,1.16277753001997,0.311697958502054,0.576640114505134,0.999999999902037
"NRIP1",1.22718977108531e-07,1.16255869469323,0.311413496187504,0.576814100176364,0.999999999902037
"DYNLRB1",1.22626970422769e-07,1.16219919719968,0.310946716173302,0.577099822743011,0.999999999902037
"SH3BGRL3",1.22465449517632e-07,1.16156751646522,0.31012811455948,0.577601579776728,0.999999999902037
"HIGD2A",1.22455856367616e-07,1.16152997639035,0.310079529607336,0.577631386902262,0.999999999902037
"PABPC4",1.22251016849276e-07,1.16072778102668,0.309043018666302,0.578268021821118,0.999999999902037
"PDIA4",1.21879128637643e-07,1.15926838044576,0.307165657634965,0.579424681441705,0.999999999902037
"ARF4",1.21339754343268e-07,1.1571447842831,0.304452959233683,0.581104188751153,0.999999999902037
"CHMP2A",1.1999927192975e-07,1.15183116293062,0.29776332067076,0.585288027289127,0.999999999902037
"STX11",1.19760306857292e-07,1.15087847140635,0.296578577068107,0.586035338806903,0.999999999902037
"BCAP29",1.19755712078469e-07,1.15086013694749,0.296555820165431,0.586049712319427,0.999999999902037
"ARHGAP6",1.19201692784558e-07,1.14864492552283,0.293818287188571,0.587784008025152,0.999999999902037
"PLIN3",1.19108815869768e-07,1.14827268275765,0.293360604009855,0.588074981030507,0.999999999902037
"ISCA1",1.18954928322287e-07,1.14765535588785,0.292603055034636,0.588557240043164,0.999999999902037
"GDI1",1.18749632192222e-07,1.14683071371174,0.291593959571135,0.58920088958425,0.999999999902037
"IL2RG",1.18703850020145e-07,1.1466466440677,0.291369163398262,0.589344471263495,0.999999999902037
"EIF4G3",1.18609716343421e-07,1.14626797964178,0.29090722765834,0.589639743234856,0.999999999902037
"MCM3",1.1849629341205e-07,1.14581137277736,0.29035112188211,0.589995610962184,0.999999999902037
"PROM1",1.17887628963638e-07,1.14335452742488,0.287375965163917,0.591907001278812,0.999999999902037
"POLR2L",1.16104250636171e-07,1.13609163687473,0.278747009301815,0.597523649581677,0.999999999902037
"NCL",1.15826649849996e-07,1.13495233827177,0.27741565611294,0.598400111827297,0.999999999902037
"ARPC5",1.1557464112398e-07,1.13391600357964,0.276209800433114,0.599196277709009,0.999999999902037
"TGFB1",1.15569282411295e-07,1.13389394552897,0.276184187640669,0.599213212588366,0.999999999902037
"GPAA1",1.1533118444487e-07,1.13291296041873,0.275047360393447,0.59996588080895,0.999999999902037
"TPM4",1.15183993682555e-07,1.13230563562209,0.274345753159763,0.600431389746407,0.999999999902037
"PAFAH1B3",1.15045077453394e-07,1.13173183002941,0.273684409606701,0.600870879175408,0.999999999902037
"DHRS7",1.1477678077109e-07,1.13062189113147,0.272409378996794,0.60172010077896,0.999999999902037
"MTDH",1.14446833425945e-07,1.12925379159489,0.270845446618383,0.602765202679444,0.999999999902037
"IFITM1",1.1439590530332e-07,1.12904231533877,0.270604451203115,0.602926589305903,0.999999999902037
"BEX4",1.1427030578426e-07,1.12852041831104,0.270010564024937,0.603324685944269,0.999999999902037
"PAIP2",1.1422128828361e-07,1.1283166024849,0.269778965724653,0.603480082472459,0.999999999902037
"EMB",1.13151299724091e-07,1.12384841178748,0.264748233328298,0.60687666054961,0.999999999902037
"ACTG1",1.13004324631157e-07,1.12323177350543,0.264060903623863,0.607343885567359,0.999999999902037
"RPL21",1.12993140335494e-07,1.12318482077703,0.264008636791075,0.607379446346476,0.999999999902037
"ZNF580",1.12403235888723e-07,1.12070257127562,0.261259207365493,0.609256379402138,0.999999999902037
"MZB1",1.1216953778708e-07,1.11971604746659,0.260173966186557,0.610000662905597,0.999999999902037
"TESC",1.11895154386226e-07,1.11855548136892,0.25890267440925,0.610875036267322,0.999999999902037
"RNH1",1.11838479010061e-07,1.11831545030775,0.258640470197263,0.611055712044292,0.999999999902037
"FLOT1",1.11532409723415e-07,1.1170173482989,0.257226760293601,0.612031841251151,0.999999999902037
"NDUFS8",1.11478948107328e-07,1.11679028743212,0.256980222762916,0.612202414067976,0.999999999902037
"APEX1",1.11382976229183e-07,1.11638243917818,0.256537946280271,0.612508671421186,0.999999999902037
"STMN1",1.11212953173169e-07,1.11565914374955,0.255755347776804,0.61305140082922,0.999999999902037
"RPLP1",1.10901568146381e-07,1.11433197097234,0.254325174513083,0.614045920936295,0.999999999902037
"MYL9",1.10642452761785e-07,1.11322509511626,0.253138129439506,0.614874040753831,0.999999999902037
"RHOA",1.10631442036159e-07,1.11317800990547,0.253087749215071,0.614909241365839,0.999999999902037
"PTPN11",1.09927995614956e-07,1.11016133719805,0.249879481158202,0.617159951249928,0.999999999902037
"YIPF3",1.08606860607819e-07,1.10444987509604,0.243909377192953,0.621396705500687,0.999999999902037
"HLA-DPB1",1.08583326375135e-07,1.10434758390262,0.243803682247443,0.621472292015455,0.999999999902037
"LGALSL",1.08197673347834e-07,1.10266858268873,0.242074933268634,0.622711488918066,0.999999999902037
"GP9",1.08014553021807e-07,1.10186950760599,0.241256221979952,0.623300273755731,0.999999999902037
"CAPNS1",1.0774303576783e-07,1.10068251657014,0.240044850095387,0.624173723545318,0.999999999902037
"UBE2C",1.07607844677858e-07,1.10009052705895,0.239442833174456,0.624608819876319,0.999999999902037
"CDS2",1.07142447997259e-07,1.0980476151301,0.237376163709879,0.626107643563395,0.999999999902037
"CHST12",1.06809414975371e-07,1.09658096322632,0.235902774966669,0.627181135614664,0.999999999902037
"CLNS1A",1.06647655545966e-07,1.09586714465354,0.235188781680308,0.627702832882474,0.999999999902037
"S100A6",1.0626463994129e-07,1.09417317803223,0.233502495862749,0.628938854686299,0.999999999902037
"TSPO",1.04966046390184e-07,1.0883898862262,0.227830391291644,0.633137247959577,0.999999999902037
"PRKACB",1.04704617422211e-07,1.08721805632882,0.226696933491302,0.633983892550603,0.999999999902037
"LINC00116",1.04685410828435e-07,1.08713186385538,0.226613772372495,0.63404611252338,0.999999999902037
"BLVRA",1.03594668018458e-07,1.08221416725543,0.221916085456582,0.637583819747653,0.999999999902037
"NRDC",1.02789851016233e-07,1.0785564941918,0.218481389988159,0.640199467047242,0.999999999902037
"UQCC2",1.02575589033463e-07,1.07757851457215,0.217571505090584,0.640896572317432,0.999999999902037
"ACTR2",1.02408260590035e-07,1.0768135166648,0.216862248478883,0.641441198854666,0.999999999902037
"LIPA",1.0234030914471e-07,1.07650254202796,0.216574552658704,0.641662424743992,0.999999999902037
"SEC61G",1.02122591152327e-07,1.07550495545532,0.215654054731557,0.642371451763357,0.999999999902037
"TUFM",1.01793161594111e-07,1.07399196574351,0.21426497454191,0.643444901807617,0.999999999902037
"TFAM",1.01641612672622e-07,1.07329450101491,0.213627457177564,0.643938975907971,0.999999999902037
"SRPK2",1.01293854685062e-07,1.07169059311978,0.212168142176148,0.645073318121516,0.999999999902037
"KRAS",1.00994074188165e-07,1.07030409742581,0.210914171675414,0.646051827338657,0.999999999902037
"ACTN4",1.00946149311672e-07,1.07008210978244,0.210714048303458,0.646208315090674,0.999999999902037
"EXOSC4",1.00836354161149e-07,1.06957319213143,0.210255926837955,0.646566885117803,0.999999999902037
"IGLL1",1.00537781693739e-07,1.0681868092523,0.209012651199502,0.647542380849257,0.999999999902037
"OSGEP",1.0051217685486e-07,1.06806774903544,0.208906202585241,0.647626065177607,0.999999999902037
"SEC62",1.00161346655243e-07,1.0664337446834,0.207450404902424,0.648773132157072,0.999999999902037
"RPL10",9.9980827443224e-08,1.06559102015408,0.20670330957673,0.649363678980522,0.999999999902037
"MYL12B",9.87633648462644e-08,1.05987251650236,0.201699923091475,0.653352201812859,0.999999999902037
"HOPX",9.87148652639279e-08,1.05964343737211,0.201501874753667,0.653511297340586,0.999999999902037
"CAT",9.86391991453373e-08,1.05928584545485,0.201193085975827,0.653759540026524,0.999999999902037
"PPCS",9.85818508424046e-08,1.05901466231939,0.200959208814357,0.653947711806347,0.999999999902037
"FAM177A1",9.84508559480179e-08,1.05839470880479,0.200425497180526,0.654377615961207,0.999999999902037
"TMBIM6",9.83256638719877e-08,1.05780154399905,0.199916091136333,0.654788583357107,0.999999999902037
"HLA-DRA",9.82498188414569e-08,1.05744186625294,0.19960779331318,0.655037610353593,0.999999999902037
"ATP6V0C",9.79530881178817e-08,1.05603235287288,0.198403916832001,0.656012254470472,0.999999999902037
"EAF2",9.78244947979086e-08,1.0554203570179,0.197883327399299,0.656434815198028,0.999999999902037
"HLA-DRB1",9.78077667237045e-08,1.05534069381183,0.197815656741409,0.656489792133179,0.999999999902037
"AKR1A1",9.77859149105581e-08,1.05523661216289,0.197727276277545,0.656561611074726,0.999999999902037
"MSI2",9.77064304421702e-08,1.05485785081287,0.197405964971218,0.656822874299168,0.999999999902037
"RHOF",9.7219469905042e-08,1.05253147897,0.195443159347592,0.658424414929206,0.999999999902037
"CAPZB",9.69668314970057e-08,1.05132052696183,0.194428706319225,0.659255923401125,0.999999999902037
"EIF3D",9.69137436328751e-08,1.0510657145371,0.194215871083312,0.659430705019473,0.999999999902037
"HSPB1",9.68418090190681e-08,1.05072024633467,0.193927663070687,0.659667565617692,0.999999999902037
"HEBP1",9.52478654231951e-08,1.04300715622913,0.187596391437957,0.664924694617761,0.999999999902037
"PECAM1",9.51314333441761e-08,1.04243933140237,0.187138031816478,0.665309360297931,0.999999999902037
"HSPA9",9.47434657499373e-08,1.04054286795923,0.185614761480244,0.666591754378247,0.999999999902037
"SSRP1",9.44134954310377e-08,1.03892455881734,0.184324103467755,0.667683210832927,0.999999999902037
"MAP1A",9.42895662611221e-08,1.03831548262185,0.183840525546148,0.668093318262009,0.999999999902037
"GTF2H5",9.40001448520786e-08,1.03689033055054,0.182713662285791,0.669051459774122,0.999999999902037
"MYC",9.3354216644765e-08,1.03369580819168,0.180211231726405,0.671191774163042,0.999999999902037
"MAGED2",9.33447833910811e-08,1.03364901187597,0.180174813609753,0.671223051527173,0.999999999902037
"TMEM147",9.28764767471697e-08,1.03132063325413,0.178371490462402,0.672776507243983,0.999999999902037
"SRSF5",9.27836428693635e-08,1.03085785346294,0.178015089313946,0.673084619779349,0.999999999902037
"EMD",9.25447101366576e-08,1.02966490274896,0.177099435110601,0.673877881827781,0.999999999902037
"GAPVD1",9.25182458293892e-08,1.02953260542452,0.176998162034385,0.673965766254226,0.999999999902037
"REXO2",9.25033158362564e-08,1.02945795452656,0.176941041017904,0.67401534872875,0.999999999902037
"RAB7A",9.24869648636707e-08,1.02937618656181,0.176878494018672,0.674069651897496,0.999999999902037
"CD226",9.24407938922453e-08,1.02914522649027,0.176701936955878,0.674222999346695,0.999999999902037
"VCP",9.22892447163827e-08,1.028386426121,0.176123034919941,0.674726434065713,0.999999999902037
"SERINC1",9.22324352770237e-08,1.0281017030277,0.175906273553391,0.674915188194184,0.999999999902037
"MYL6B",9.22209247053122e-08,1.02804399454993,0.175862370225366,0.67495343552654,0.999999999902037
"MICU1",9.20724022251065e-08,1.02729880902674,0.175296371073918,0.675447021358405,0.999999999902037
"TNIK",9.18836839690615e-08,1.02635043139827,0.174578507275535,0.676074391450534,0.999999999902037
"ATP6V0E1",9.18780073837614e-08,1.02632187813849,0.174556936978547,0.676093266031516,0.999999999902037
"TUBA1C",9.16000303975359e-08,1.02492176246322,0.173502290502352,0.677017785166812,0.999999999902037
"RPL15",9.15702500946139e-08,1.02477154478723,0.173389493359675,0.677116859889368,0.999999999902037
"CLTB",9.14108780202855e-08,1.02396691453789,0.172786472267384,0.677647162442468,0.999999999902037
"SNRPD2",9.1245296589704e-08,1.02312963524851,0.172161069259944,0.678198295548248,0.999999999902037
"C6orf25",9.09893739183954e-08,1.02183292059662,0.17119667694017,0.679050465604528,0.999999999902037
"PTP4A2",9.05446477787206e-08,1.01957197161356,0.169527260589437,0.680532288278576,0.999999999902037
"EBPL",8.98824777814426e-08,1.01618750937366,0.167056758040181,0.682740917222801,0.999999999902037
"KRTCAP2",8.9681608824937e-08,1.01515652695299,0.166310916992717,0.683411442216448,0.999999999902037
"SCP2",8.96475359786965e-08,1.01498144410853,0.166184567568316,0.683525206313924,0.999999999902037
"LAMTOR1",8.9551364758473e-08,1.01448695574584,0.165828203059903,0.683846346278649,0.999999999902037
"RARRES3",8.90563409731644e-08,1.01193430127954,0.163999933469957,0.68550025935289,0.999999999902037
"RCAN3",8.90358378791302e-08,1.01182830723307,0.163924428032557,0.685568794368914,0.999999999902037
"COA3",8.90098985421493e-08,1.01169417908642,0.163828927800605,0.685655504641842,0.999999999902037
"GDI2",8.8960723581663e-08,1.01143980947619,0.163647957913625,0.685819898550119,0.999999999902037
"RPL23",8.87971034953951e-08,1.01059255871824,0.16304653589076,0.686366994229439,0.999999999902037
"SPCS3",8.87301060421233e-08,1.01024524154709,0.162800591343688,0.68659106073737,0.999999999902037
"ADI1",8.86345097486224e-08,1.0097492699742,0.162449983188693,0.686910820990372,0.999999999902037
"RP11-354E11.2",8.84379690901316e-08,1.00872810979848,0.161730339616334,0.687568406230506,0.999999999902037
"FGFR1OP2",8.83238720522841e-08,1.00813438921103,0.161313300431523,0.68795026029045,0.999999999902037
"SLC30A5",8.83012336431075e-08,1.00801650726686,0.1612306181757,0.68802603481057,0.999999999902037
"CNBP",8.81902544277198e-08,1.00743823775495,0.160825595450158,0.688397546001887,0.999999999902037
"POLD4",8.81523137411031e-08,1.00724039773121,0.160687246354574,0.688524572528784,0.999999999902037
"MYLK",8.81091108483755e-08,1.00701502754037,0.160529781339319,0.688669227772913,0.999999999902037
"OTUD6B-AS1",8.7653352494568e-08,1.00463163849463,0.158873345015958,0.690195925650332,0.999999999902037
"ERBB2IP",8.75316783992858e-08,1.00399351230039,0.158432577990507,0.690603722751962,0.999999999902037
"EIF4EBP1",8.72512273958685e-08,1.00251971467405,0.157418970221933,0.691544010907611,0.999999999902037
"TNFRSF1A",8.71259888062506e-08,1.00186023607706,0.156967382749792,0.691964061078948,0.999999999902037
"GRINA",8.70535224618179e-08,1.00147826596319,0.156706378608374,0.692207156462836,0.999999999902037
"SEC11A",8.69712521223499e-08,1.00104428205133,0.156410326371948,0.692483178737457,0.999999999902037
"UNC13D",8.67890179679077e-08,1.00008170057688,0.155755548135404,0.693094731417276,0.999999999902037
"RPL27",8.60541314177078e-08,0.996181935289122,0.153128993451873,0.695562935528646,0.999999999902037
"AFF4",8.60230886381149e-08,0.996016563223286,0.15301853525242,0.695667267666496,0.999999999902037
"VDAC3",8.60163962168593e-08,0.995980904314327,0.152994727117209,0.695689761079221,0.999999999902037
"ITGA4",8.58675559833799e-08,0.995187218766557,0.15246571009009,0.696190086379666,0.999999999902037
"TADA3",8.54985603558408e-08,0.993214364914209,0.151158154531261,0.697431032247675,0.999999999902037
"ATP5E",8.53126586876177e-08,0.992217612083103,0.150501535212603,0.698056533351052,0.999999999902037
"COPE",8.51165391433131e-08,0.991164014341356,0.149810374804645,0.698716636804783,0.999999999902037
"SPINT2",8.5066644310114e-08,0.990895629727624,0.149634790296498,0.698884610308578,0.999999999902037
"GUK1",8.4549422689141e-08,0.9881053572353,0.147820705278207,0.700626730506738,0.999999999902037
"VPS13C",8.44500377122871e-08,0.987567494065304,0.147473393080745,0.700961662511871,0.999999999902037
"RPS19BP1",8.41186253210899e-08,0.985769911308341,0.146318186746619,0.702078957536816,0.999999999902037
"SH3GLB1",8.36140273370253e-08,0.983021047844094,0.144568029367683,0.7037813519911,0.999999999902037
"GOLGA2",8.3457740886863e-08,0.982166716553651,0.144028098231211,0.704308927309848,0.999999999902037
"MTCH1",8.33788831958851e-08,0.981735114509761,0.14375604779492,0.704575180821654,0.999999999902037
"ITGB1",8.30100921543452e-08,0.97971190885004,0.142487172659511,0.705820839503118,0.999999999902037
"PRKAR2B",8.23261368470615e-08,0.975938814298278,0.140148821514098,0.708133108390055,0.999999999902037
"MIF",8.19039266461795e-08,0.973595960948885,0.138714999118109,0.709561833442213,0.999999999902037
"HLA-F",8.16413993625115e-08,0.972133864524646,0.137827175776469,0.710450720053927,0.999999999902037
"H3F3A",8.15856685779218e-08,0.971822953805242,0.13763907035463,0.710639468698666,0.999999999902037
"LIMS1",8.14732101359243e-08,0.971195005487619,0.13725988592911,0.71102039621721,0.999999999902037
"CD44",8.14447856748484e-08,0.971036168343043,0.137164127883197,0.711116689076157,0.999999999902037
"HLA-A",8.14369013010002e-08,0.970992101531485,0.137137572446699,0.711143399595365,0.999999999902037
"EIF3F",8.09495059880942e-08,0.96826071849207,0.1355009632068,0.712795274804223,0.999999999902037
"CD46",8.0936054651008e-08,0.968185133076873,0.135455934699872,0.712840883088484,0.999999999902037
"POMP",8.08407080557271e-08,0.967649048979365,0.135136975372352,0.713164195960001,0.999999999902037
"TMEM256",8.0607921542624e-08,0.966337887089322,0.134359823039417,0.713953773280296,0.999999999902037
"CST3",8.06022622475185e-08,0.966305970128683,0.134340957518956,0.713972972588235,0.999999999902037
"HLA-DRB5",8.03409133120425e-08,0.964829892008105,0.133471181802004,0.71485980285419,0.999999999902037
"MRPS6",8.00436739877895e-08,0.963145999129896,0.13248539528642,0.715868887312499,0.999999999902037
"GNG5",7.99709905228145e-08,0.962733408086802,0.13224489844045,0.716115712769965,0.999999999902037
"ARPC1B",7.99248616518409e-08,0.962471385406978,0.13209237942256,0.716272376990242,0.999999999902037
"FAM204A",7.95768002418934e-08,0.960490044214613,0.130944397459517,0.717454857977343,0.999999999902037
"YWHAZ",7.93306737140827e-08,0.959084391646023,0.130135642930024,0.718291441137031,0.999999999902037
"SHPRH",7.9288988269846e-08,0.95884594472012,0.129998915569143,0.718433163287819,0.999999999902037
"PNN",7.90918555207378e-08,0.957716829965934,0.129353297899753,0.719103506244402,0.999999999902037
"RPL36AL",7.90808243677957e-08,0.95765357433881,0.129317217914136,0.719141023681372,0.999999999902037
"MCM5",7.87038019864214e-08,0.955486976499982,0.128087102685872,0.720423699703846,0.999999999902037
"PNP",7.84504698086664e-08,0.954026076844556,0.127263854989633,0.721286009022959,0.999999999902037
"PNRC1",7.83695132306972e-08,0.953558352425666,0.127001331890959,0.721561649317651,0.999999999902037
"GRB2",7.82060770675841e-08,0.952612816419656,0.126472172884044,0.722118225596932,0.999999999902037
"CD74",7.79861382697777e-08,0.951337663540093,0.125761818265406,0.722867451834339,0.999999999902037
"ITGB3",7.7864973590985e-08,0.950633836404692,0.125371337256084,0.723280315497026,0.999999999902037
"ADAM10",7.74990684193818e-08,0.94850252434045,0.12419580909886,0.72452761082474,0.999999999902037
"ATP6AP2",7.73543821104914e-08,0.947657333677761,0.123732509097594,0.725021018645418,0.999999999902037
"OXA1L",7.71878905503687e-08,0.946683055624562,0.12320045781501,0.725588927825096,0.999999999902037
"CARHSP1",7.6724088959436e-08,0.943959257712033,0.121724348112791,0.727171768062358,0.999999999902037
"TBCB",7.66782203616538e-08,0.943689100923483,0.121578848667264,0.727328369666527,0.999999999902037
"ARHGAP18",7.64798578570183e-08,0.942519157382644,0.120950626193557,0.728005737175755,0.999999999902037
"IFITM3",7.62057124219272e-08,0.940897873052395,0.120085074538536,0.728942237667095,0.999999999902037
"CKAP5",7.59797607942701e-08,0.939557768716656,0.11937402042999,0.729714408910096,0.999999999902037
"MTURN",7.55202832286336e-08,0.936821860927238,0.117934588780668,0.731285480857007,0.999999999902037
"MBP",7.51022551925513e-08,0.934320093216395,0.116632593682514,0.732715806055945,0.999999999902037
"IFI16",7.48431863814404e-08,0.932763532553881,0.115829322149136,0.733602702683293,0.999999999902037
"SMAP1",7.4327052218913e-08,0.929648362551227,0.114237264583214,0.735370696346776,0.999999999902037
"ARPC4",7.42976355349648e-08,0.929470246942177,0.114146858293387,0.735471504178603,0.999999999902037
"GTF2A2",7.4184239128433e-08,0.928783063832676,0.113798692010168,0.735860144161808,0.999999999902037
"UNC45A",7.41047614910893e-08,0.928300881379319,0.113554985088804,0.736132575705541,0.999999999902037
"HINT2",7.39515414741296e-08,0.927370034883972,0.113085894863205,0.736657873229499,0.999999999902037
"DBI",7.38774156394464e-08,0.926919098504089,0.112859303638487,0.736912049476431,0.999999999902037
"PSIP1",7.35087483386819e-08,0.924670460796981,0.111735720244822,0.738176630561936,0.999999999902037
"STIP1",7.33263879513421e-08,0.923554532296665,0.111182020308442,0.738802414765281,0.999999999902037
"DNPH1",7.2978688960922e-08,0.921420100506394,0.110130114620656,0.739996050783803,0.999999999902037
"OSBPL8",7.25865499522383e-08,0.919002173904815,0.108949762183489,0.741342999071629,0.999999999902037
"TEX264",7.24740717285683e-08,0.918306527325806,0.108612372374501,0.741729494178836,0.999999999902037
"SSR1",7.24420500187939e-08,0.918108309414129,0.108516415698156,0.74183953836658,0.999999999902037
"NOLC1",7.23917670267665e-08,0.917796897583525,0.108365822600945,0.742012349004777,0.999999999902037
"POLR2E",7.21038989608736e-08,0.916010430331693,0.107505696180851,0.743001932977545,0.999999999902037
"ENSA",7.16603296513457e-08,0.91324546481057,0.106187056000124,0.744527591358387,0.999999999902037
"AK3",7.16118798772796e-08,0.912942550378867,0.106043517735371,0.744694295414246,0.999999999902037
"RAB6A",7.15808274786151e-08,0.912748312463532,0.105951572330278,0.744801145562594,0.999999999902037
"NRBP1",7.15261851386107e-08,0.91240633668268,0.105789874503841,0.744989179745024,0.999999999902037
"BIN2",7.12762818821544e-08,0.910839416643809,0.105051933568055,0.745849335612349,0.999999999902037
"MRPS36",7.10867051268485e-08,0.90964754459196,0.104493853959319,0.746502061773217,0.999999999902037
"COX8A",7.0761635824251e-08,0.907597348610169,0.103540368230544,0.747621721517302,0.999999999902037
"PTPN6",7.04008017789717e-08,0.905311925158217,0.102487096002082,0.748865192089873,0.999999999902037
"PDCD10",7.01219502025847e-08,0.903538733468286,0.101676818599429,0.749826590500247,0.999999999902037
"CISD2",6.9805624713298e-08,0.901519773273763,0.10076154386761,0.750917658582296,0.999999999902037
"TMEM55A",6.97718210927523e-08,0.901303547721437,0.100663979228678,0.751034283344317,0.999999999902037
"COX6A1",6.97425725542519e-08,0.901116384959082,0.10057959968685,0.751135197357266,0.999999999902037
"TSPAN3",6.97345539473621e-08,0.901065061539476,0.100556472868391,0.751162864091687,0.999999999902037
"VDR",6.96189296041007e-08,0.90032442931279,0.100223291209949,0.751561840258547,0.999999999902037
"FYN",6.94172731417757e-08,0.899030141942229,0.0996435235061342,0.752257839814109,0.999999999902037
"POLR2K",6.93775625333788e-08,0.89877488104701,0.0995295526462764,0.75239492125163,0.999999999902037
"EZR",6.93275095009329e-08,0.898452956810107,0.0993859915674207,0.752567715970631,0.999999999902037
"PA2G4",6.92077121065518e-08,0.897681634758095,0.0990428118969558,0.752981334798727,0.999999999902037
"BRK1",6.91772957838284e-08,0.897485611891639,0.0989557737317652,0.75308636309846,0.999999999902037
"COX7C",6.90976456262251e-08,0.896971936599244,0.0987280312234664,0.753361418670974,0.999999999902037
"TAF15",6.90876821272167e-08,0.89690764415752,0.0986995612021824,0.753395827786032,0.999999999902037
"STK17A",6.89442693708796e-08,0.895981331876892,0.0982902238387669,0.753891160435156,0.999999999902037
"PPP1R18",6.85546664241869e-08,0.89345633376249,0.0971824896834388,0.755237319009644,0.999999999902037
"CDC5L",6.8464067963569e-08,0.892867372820253,0.0969257962569615,0.755550462101676,0.999999999902037
"RER1",6.83077185206904e-08,0.891849375257251,0.0964836083770875,0.756090960296604,0.999999999902037
"ANXA6",6.82132932410652e-08,0.891233581789163,0.0962170442187077,0.756417445218535,0.999999999902037
"MAPRE1",6.8204292028432e-08,0.891174841593295,0.0961916528942062,0.756448570089684,0.999999999902037
"HDGF",6.81333445312257e-08,0.890711614485822,0.0959916359363188,0.756693909941165,0.999999999902037
"POLD2",6.80608548021663e-08,0.890237882339475,0.0957874860867011,0.756944608234238,0.999999999902037
"PSMD8",6.79015461510777e-08,0.889195223214646,0.0953395952654041,0.757495650702826,0.999999999902037
"ANXA5",6.77542053674465e-08,0.888228987974399,0.0949262859783964,0.75800540651555,0.999999999902037
"NPR3",6.76581327876789e-08,0.887597971250603,0.0946572739700997,0.758337846104284,0.999999999902037
"NHP2",6.76133443339234e-08,0.887303527436571,0.0945319926621556,0.75849284269919,0.999999999902037
"RAD23B",6.74216000548393e-08,0.886041051220608,0.0939965874903385,0.759156509760247,0.999999999902037
"EIF3M",6.74185708864332e-08,0.886021081509613,0.0939881413811817,0.759166995770691,0.999999999902037
"SDCBP",6.7021053635793e-08,0.883393631719133,0.0928830524019284,0.760543456646735,0.999999999902037
"CA2",6.69351557472142e-08,0.882824087994486,0.0926451168626612,0.760840990289502,0.999999999902037
"EEF1D",6.68657623486403e-08,0.882363510256376,0.0924531212838134,0.76108138141215,0.999999999902037
"UNG",6.66649209070569e-08,0.881028127906535,0.0918985614918189,0.76177726193621,0.999999999902037
"TET2",6.66251356478702e-08,0.880763181058124,0.0917889051077527,0.76191513379462,0.999999999902037
"DMTN",6.64684990954195e-08,0.87971872656479,0.0913578186516115,0.762458015594398,0.999999999902037
"CNPPD1",6.63720049689547e-08,0.8790742313792,0.0910927579331933,0.762792509813533,0.999999999902037
"SPG20",6.62749679521604e-08,0.878425283902855,0.090826594274881,0.763128930622801,0.999999999902037
"TUBA4A",6.62541385346207e-08,0.878285876268935,0.0907695118554032,0.763201150646962,0.999999999902037
"PIN1",6.58582037620378e-08,0.875628644173587,0.0896878761519448,0.764574332025893,0.999999999902037
"RSL1D1",6.57842295478758e-08,0.875130634831447,0.0894865082530724,0.76483097170461,0.999999999902037
"SPNS1",6.57086981216615e-08,0.874621636828112,0.0892811349172782,0.765093040486135,0.999999999902037
"SNHG8",6.56938822523176e-08,0.874521734330068,0.0892408775833496,0.765144449752742,0.999999999902037
"PHB",6.55596028908135e-08,0.873615397848031,0.0888764308277112,0.765610429981809,0.999999999902037
"CDC42SE1",6.55368697503376e-08,0.873461796940513,0.0888148047653583,0.765689327602276,0.999999999902037
"FAU",6.55245196545456e-08,0.873378331584968,0.088781334506531,0.765732190854561,0.999999999902037
"CD52",6.54180438166426e-08,0.872658167748178,0.088493033683472,0.766101764339552,0.999999999902037
"MYL12A",6.53490788604478e-08,0.872191167088905,0.0883065499267297,0.766341167427285,0.999999999902037
"EIF4G2",6.5275611212097e-08,0.871693202142645,0.0881081071073849,0.76659622558283,0.999999999902037
"SLMAP",6.52306294434314e-08,0.871388073175914,0.0879867174224255,0.766752401594047,0.999999999902037
"FCGR2A",6.51782927286183e-08,0.871032821212734,0.087845584692927,0.766934125792046,0.999999999902037
"M6PR",6.50917311433311e-08,0.87044470967052,0.0876124087878393,0.767234714144284,0.999999999902037
"REEP5",6.48478727459279e-08,0.868784219057688,0.0869571796066798,0.768081709754592,0.999999999902037
"USP10",6.46692577322073e-08,0.867564520753343,0.0864788148760349,0.76870227073178,0.999999999902037
"COMMD7",6.43994997442848e-08,0.865716847412048,0.0857588531329046,0.769639770034094,0.999999999902037
"EIF3H",6.425996112916e-08,0.864758439627536,0.08538761710894,0.770124845692338,0.999999999902037
"RPN2",6.41857907851758e-08,0.864248267135243,0.0851906181116933,0.770382719391889,0.999999999902037
"C4orf3",6.39761966224788e-08,0.862803806960971,0.0846351586185704,0.771111568569294,0.999999999902037
"EIF2S3",6.35378299001153e-08,0.859769296166636,0.0834792872268512,0.772636611199927,0.999999999902037
"PDE5A",6.35376609264729e-08,0.859768122955621,0.0834788432148194,0.772637199215418,0.999999999902037
"SRC",6.35155262863885e-08,0.859614415033615,0.0834206902306718,0.772714227216594,0.999999999902037
"PSMD2",6.2953563499166e-08,0.85569625245485,0.0819510672728971,0.774670592031594,0.999999999902037
"GSTK1",6.28870680762507e-08,0.855230607427758,0.0817780351967534,0.774902177947824,0.999999999902037
"PPP1R12A",6.28047379768918e-08,0.854653480979224,0.0815640520434442,0.775188939586188,0.999999999902037
"MEIS1",6.27806041143153e-08,0.85448417951095,0.0815013791471258,0.775273005372906,0.999999999902037
"BZW2",6.27764919099989e-08,0.854455326314106,0.0814907026220597,0.775287329728519,0.999999999902037
"LYL1",6.25725052459666e-08,0.853021980834824,0.0809619693793843,0.775997987947648,0.999999999902037
"CDK4",6.23763217126183e-08,0.85163960807456,0.0804550852281895,0.776681638230781,0.999999999902037
"UBE2L3",6.23229614299866e-08,0.851262957021137,0.080317492318427,0.776867615348446,0.999999999902037
"IARS2",6.21874600291234e-08,0.85030523339832,0.0799686224469339,0.777339937164435,0.999999999902037
"LRRC59",6.21273063365088e-08,0.849879482633326,0.0798139905842843,0.777549643314983,0.999999999902037
"MEA1",6.20653428305189e-08,0.849440545702877,0.0796548628603466,0.777765675732179,0.999999999902037
"TMED4",6.18942481761893e-08,0.848226554206401,0.0792163013111776,0.778362277170351,0.999999999902037
"MT-ND3",6.1745742424533e-08,0.847170461153542,0.0788366226280115,0.778880217779504,0.999999999902037
"RANBP1",6.15200429427138e-08,0.8455611497761,0.0782613322821704,0.779667573446797,0.999999999902037
"ATP5G2",6.14731288759061e-08,0.845225989537377,0.0781420164538931,0.77983126220568,0.999999999902037
"SRM",6.12577345358506e-08,0.843684309281834,0.0775953756409931,0.780582923868927,0.999999999902037
"SERPINB1",6.09634404341553e-08,0.841570229921517,0.076851599934068,0.781610253484313,0.999999999902037
"WRB",6.07441673766604e-08,0.839989263027077,0.0762997551072719,0.782375945577749,0.999999999902037
"ADK",6.06742523716232e-08,0.839484124615516,0.076124217996247,0.782620130151675,0.999999999902037
"AP2B1",6.05922140178478e-08,0.838890745560936,0.0759185003073282,0.782906683946248,0.999999999902037
"PSAP",6.05761164481769e-08,0.838774230306053,0.0758781670391236,0.782962915003586,0.999999999902037
"RNASET2",6.05355112389084e-08,0.838480206913599,0.0757764762609029,0.783104759702777,0.999999999902037
"MCM6",6.03677153675475e-08,0.837263362001685,0.0753569751270895,0.783690991318726,0.999999999902037
"RUFY1",6.0301310743823e-08,0.836780983479882,0.0751912806225403,0.78392302434502,0.999999999902037
"H2AFY",5.99053551356332e-08,0.8338949965327,0.074207067781481,0.785306982473081,0.999999999902037
"ATOX1",5.97053318841139e-08,0.832430751676368,0.0737123421123108,0.786006369251478,0.999999999902037
"LAIR1",5.96003342596723e-08,0.831660413342776,0.0734533094553476,0.786373565490426,0.999999999902037
"RPL36A",5.94978379993797e-08,0.83090728207661,0.0732008875192574,0.786732059828423,0.999999999902037
"CBX3",5.94507685539102e-08,0.83056104101039,0.0730851131516066,0.786896706642999,0.999999999902037
"ARPC2",5.94433407240075e-08,0.830506380290675,0.0730668516593104,0.786922689730262,0.999999999902037
"CCNDBP1",5.94364224795612e-08,0.830455464194819,0.0730498450470018,0.786946890464049,0.999999999902037
"SLC44A1",5.93061777555478e-08,0.82949593627948,0.0727300434179547,0.787402538342672,0.999999999902037
"C9orf16",5.90503455471992e-08,0.827605817602716,0.0721039179114621,0.788297752976466,0.999999999902037
"ERBB2",5.9024060612603e-08,0.827411216222968,0.0720397413199242,0.788389745758359,0.999999999902037
"C20orf24",5.84937399394438e-08,0.823468701992317,0.0707510283811385,0.79024640632842,0.999999999902037
"GNB2",5.84639265687802e-08,0.823246137110327,0.0706789253119802,0.790350818846148,0.999999999902037
"POLE3",5.80560316945295e-08,0.820191087648202,0.0696961312016029,0.791779727276753,0.999999999902037
"PYURF",5.78372939260774e-08,0.818545051888549,0.0691719322120456,0.79254628251504,0.999999999902037
"ALOX12",5.77594717537164e-08,0.81795811572848,0.0689859107687418,0.792819054715487,0.999999999902037
"SERBP1",5.76176972068356e-08,0.816887071120926,0.0686476651941554,0.793316049644834,0.999999999902037
"SEPT5",5.74405291597711e-08,0.815545402183207,0.0682261462963682,0.793937235541414,0.999999999902037
"SDHC",5.72794087695832e-08,0.814322116451819,0.0678439351173692,0.794502268724433,0.999999999902037
"SEPT11",5.71719428024475e-08,0.813504522234038,0.0675896002784716,0.794879201151647,0.999999999902037
"EHD3",5.71354455333237e-08,0.81322654782384,0.0675033324931041,0.795007224709444,0.999999999902037
"SDPR",5.70683518161428e-08,0.812715136400772,0.0673448882824151,0.795242587577496,0.999999999902037
"PLEKHB2",5.70246982629881e-08,0.81238211176938,0.0672418988259881,0.795395733019387,0.999999999902037
"GPX4",5.66711877338552e-08,0.80967700962077,0.066410783901929,0.796636208957444,0.999999999902037
"N4BP2L1",5.65639475893976e-08,0.808853480835145,0.0661596805149292,0.797012618646448,0.999999999902037
"NREP",5.64892349334403e-08,0.808278933469547,0.0659850215247465,0.797274885738511,0.999999999902037
"ORAI1",5.63208634733725e-08,0.806981702636875,0.0655922586473633,0.797866011284533,0.999999999902037
"KIT",5.62996009058601e-08,0.806817642624986,0.0655427424829475,0.797940669044302,0.999999999902037
"ENY2",5.61822769894226e-08,0.805911407234013,0.0652698553319687,0.798352653485664,0.999999999902037
"DAD1",5.60568432237608e-08,0.804940698569811,0.0649787348971508,0.798793177878808,0.999999999902037
"PPP3CA",5.59944275781994e-08,0.80445696802012,0.0648341162714829,0.799012406003315,0.999999999902037
"KXD1",5.58336730878259e-08,0.803208923714533,0.0644623859060411,0.799577111472012,0.999999999902037
"SSSCA1",5.58073057259822e-08,0.803003916610415,0.0644015157673056,0.799669745918164,0.999999999902037
"NIPSNAP3A",5.57696188790286e-08,0.802710753139648,0.0643145640492105,0.799802153143338,0.999999999902037
"SHKBP1",5.57465900818502e-08,0.8025315284356,0.0642614605390828,0.799883064287156,0.999999999902037
"C1orf186",5.56366505263814e-08,0.801675016340998,0.0640082464872223,0.800269363950275,0.999999999902037
"FAM50A",5.52706622197687e-08,0.798812993980698,0.0631688998218346,0.80155570544708,0.999999999902037
"FEZ2",5.5061059872747e-08,0.797166440433954,0.0626906987830996,0.802292638766403,0.999999999902037
"UBC",5.42451837142808e-08,0.790704632166474,0.0608466042135861,0.805162817310826,0.999999999902037
"FBXO9",5.41961642609362e-08,0.790313695298965,0.0607366840545289,0.805335347372592,0.999999999902037
"IQGAP2",5.4130680915094e-08,0.789790974249122,0.0605900006661342,0.805565838937874,0.999999999902037
"VCL",5.41063461423849e-08,0.789596580995186,0.0605355357140155,0.80565149799834,0.999999999902037
"EIF4E2",5.39567466951627e-08,0.788399855694689,0.0602012472737293,0.806178143314879,0.999999999902037
"CLINT1",5.37833877261941e-08,0.787009433119851,0.0598150245649841,0.806788540872744,0.999999999902037
"CLIC1",5.3675092029693e-08,0.786138860617989,0.0595743856460001,0.807169910161866,0.999999999902037
"OST4",5.36255438207009e-08,0.785740038266041,0.0594644485569819,0.807344412212716,0.999999999902037
"VAMP8",5.33111170528914e-08,0.783201629285851,0.0587691679640045,0.808452003640015,0.999999999902037
"PFDN5",5.32424374508697e-08,0.78264542930982,0.0586178433103132,0.808693983761636,0.999999999902037
"PHYKPL",5.32302311300768e-08,0.782546511126071,0.0585909690267358,0.80873699243478,0.999999999902037
"ABCC4",5.32266244914339e-08,0.78251727967643,0.0585830295799362,0.808749700448537,0.999999999902037
"NCF4",5.28952865894197e-08,0.779824406163975,0.0578559362555719,0.80991738639261,0.999999999902037
"PHB2",5.28603979144903e-08,0.779539999248288,0.0577796401847451,0.810040364145455,0.999999999902037
"SNRPF",5.27358190948911e-08,0.778523112135365,0.0575076166069595,0.810479525502692,0.999999999902037
"AURKA",5.26045107177607e-08,0.777449019413633,0.0572215935232911,0.810942474269255,0.999999999902037
"TUBB4B",5.23861463766071e-08,0.775657616486908,0.0567475192910393,0.811712499165858,0.999999999902037
"BUD31",5.23098909977658e-08,0.775030500204655,0.0565824315958191,0.811981443806512,0.999999999902037
"ZNF428",5.21831796259167e-08,0.773986670244599,0.0563086419239224,0.812428390431966,0.999999999902037
"SLC38A1",5.21628085480062e-08,0.773818649624024,0.0562646873835573,0.81250025065588,0.999999999902037
"NRGN",5.17773457984189e-08,0.770628496285731,0.055436211731855,0.813860291052586,0.999999999902037
"ALDOA",5.17652065450994e-08,0.770527693149437,0.0554102206224424,0.813903131502766,0.999999999902037
"CLTC",5.17638509238859e-08,0.770516434925279,0.0554073185076057,0.813907915639073,0.999999999902037
"UBA52",5.14686629260327e-08,0.768058786055677,0.0547771899310618,0.814949831576949,0.999999999902037
"TTC3",5.06078854015516e-08,0.760821208659046,0.0529602905714781,0.817989954120311,0.999999999902037
"TRBC2",5.0534838948688e-08,0.760202079890366,0.052807517167314,0.818248068732794,0.999999999902037
"MRPL11",5.03825768553656e-08,0.75890901527516,0.0524897771651289,0.818786160510088,0.999999999902037
"ARL6IP5",5.02628798503636e-08,0.757890105459929,0.0522406670079624,0.819209227734556,0.999999999902037
"CERS2",5.02064335176667e-08,0.757408875281678,0.052123398029411,0.819408754700769,0.999999999902037
"CLU",5.01817893044433e-08,0.757198624078169,0.0520722402481549,0.81949587093831,0.999999999902037
"SSR3",5.00159788740577e-08,0.755781667974917,0.051728695058713,0.820082061571204,0.999999999902037
"CD36",4.998912581419e-08,0.755551805294481,0.0516731647707165,0.820177004826092,0.999999999902037
"CYCS",4.99076020840418e-08,0.754853299019569,0.0515047619804995,0.820465261052381,0.999999999902037
"TAPBP",4.98009364954598e-08,0.753937866605513,0.051284838975013,0.820842451906515,0.999999999902037
"LINC00989",4.96258797295001e-08,0.752431762763058,0.0509249269054393,0.8214615774042,0.999999999902037
"TUBA1A",4.9269798485011e-08,0.749353830155162,0.050196744151162,0.822721277320304,0.999999999902037
"CDC42",4.9193818886468e-08,0.748694554209949,0.050042045417595,0.822990127765899,0.999999999902037
"MRPL3",4.9002880500471e-08,0.747033843191542,0.0496543379959497,0.823665846450219,0.999999999902037
"PTGS1",4.87685439966408e-08,0.74498792527568,0.0491805698406565,0.82449532693822,0.999999999902037
"LSM7",4.85931491749194e-08,0.743450979579369,0.048827452648778,0.825116299992007,0.999999999902037
"ACADM",4.85523793301656e-08,0.743093028231156,0.0487455541671779,0.82526065845664,0.999999999902037
"GLG1",4.84036383919426e-08,0.741784880462838,0.0484473461857956,0.825787372622095,0.999999999902037
"GCSH",4.81271061709595e-08,0.739343468614859,0.0478953636024613,0.826766823305226,0.999999999902037
"FBXO7",4.80228795703378e-08,0.738420104502868,0.0476881387808282,0.827136053989161,0.999999999902037
"PNISR",4.78049216441029e-08,0.736483497912769,0.0472562437896736,0.82790831000149,0.999999999902037
"TCEB2",4.77889527894696e-08,0.736341307774216,0.0472246779164169,0.827964896481841,0.999999999902037
"RHEB",4.76418006501282e-08,0.735029075451648,0.0469342964393629,0.828486379855163,0.999999999902037
"SIVA1",4.74931612595415e-08,0.733699979808201,0.0466418892531513,0.829013210558824,0.999999999902037
"DNM3",4.74493991106793e-08,0.733307977150639,0.0465559733508524,0.829168333796703,0.999999999902037
"C19orf33",4.72373776387861e-08,0.731404294189538,0.0461408442727575,0.829919978325217,0.999999999902037
"PJA2",4.71847399507079e-08,0.730930517919277,0.0460380699747116,0.830106610131716,0.999999999902037
"NAPA",4.71494064075818e-08,0.730612232002849,0.0459691460356241,0.830231893864207,0.999999999902037
"INPP5D",4.71473008506962e-08,0.730593258485531,0.0459650404275949,0.830239359768215,0.999999999902037
"ROCK1",4.71448018256806e-08,0.730570738401587,0.0459601678372434,0.830248220855219,0.999999999902037
"AASDHPPT",4.70326479360055e-08,0.729558982701431,0.0457417564671805,0.830645920304753,0.999999999902037
"HMGN1",4.67637366548259e-08,0.727124482086478,0.0452201906776506,0.831599660440508,0.999999999902037
"ATP8B4",4.64745626062705e-08,0.724492849742033,0.0446626614554235,0.83262554270697,0.999999999902037
"YWHAB",4.64481074936808e-08,0.724251380785674,0.0446118285103637,0.832719409895462,0.999999999902037
"PSME2",4.64053648673587e-08,0.723860993526134,0.0445297606085561,0.832871072961045,0.999999999902037
"TNFRSF14",4.63731686082545e-08,0.723566723345977,0.0444679921314203,0.832985318606673,0.999999999902037
"HLA-B",4.6330827358916e-08,0.723179457189917,0.0443868257658189,0.833135568243319,0.999999999902037
"FAAP20",4.6265725078075e-08,0.722583407824333,0.0442621721161595,0.833366598209628,0.999999999902037
"SETD5",4.61785756711282e-08,0.721784355820562,0.0440955784234647,0.833675889842205,0.999999999902037
"CAPG",4.61173422138219e-08,0.721222132321933,0.0439787132115167,0.833893221648217,0.999999999902037
"MRPL4",4.60179395344536e-08,0.720308062235574,0.0437893315004766,0.834246051931978,0.999999999902037
"LYN",4.5777436613822e-08,0.718089328710148,0.0433328164106111,0.835099856122309,0.999999999902037
"SOD1",4.57584591894916e-08,0.717913821256661,0.0432968958851218,0.835167235751585,0.999999999902037
"CNOT7",4.5710727086929e-08,0.717472102770419,0.0432066142621606,0.835336714644168,0.999999999902037
"BCAP31",4.55032418240896e-08,0.7155473131882,0.042815266742665,0.836073506185097,0.999999999902037
"PCBP2",4.53858492665574e-08,0.714454891530693,0.0425946358603817,0.836490437353221,0.999999999902037
"ATP2C1",4.50649416918352e-08,0.711455966541197,0.0419944215934962,0.837630406131043,0.999999999902037
"SF3B4",4.50444406699152e-08,0.711263748179674,0.0419562219332844,0.837703244084523,0.999999999902037
"ZCRB1",4.45729961084835e-08,0.70682223560771,0.0410825726495396,0.839378619071708,0.999999999902037
"CDK5RAP3",4.43041421587742e-08,0.704270929416037,0.040588466270913,0.84033437325112,0.999999999902037
"CASP8",4.42200547115116e-08,0.703470198742543,0.0404345419874368,0.840633345764414,0.999999999902037
"KDELR2",4.41009281250907e-08,0.702333523716366,0.040216978221617,0.841056939111476,0.999999999902037
"SF3A3",4.40882190338819e-08,0.702212098515534,0.0401938019476413,0.841102133140174,0.999999999902037
"ETV6",4.3761200391653e-08,0.699077129062337,0.0395997486874074,0.842265203981547,0.999999999902037
"PCNA",4.3699519430401e-08,0.698483529870852,0.0394881964828243,0.842484616459185,0.999999999902037
"LSM5",4.35877315873053e-08,0.697405848536463,0.0392864251931612,0.842882301074461,0.999999999902037
"PIK3R1",4.35045218294692e-08,0.696602102693281,0.0391365713923479,0.843178345334259,0.999999999902037
"TIMM13",4.34446622518591e-08,0.696023071396388,0.0390289463994163,0.843391327867075,0.999999999902037
"XRN1",4.32641103480488e-08,0.694272331094536,0.0387052192763379,0.844033807355645,0.999999999902037
"ANXA1",4.3018280763645e-08,0.69187832583787,0.0382666175912004,0.844908739015519,0.999999999902037
"NQO2",4.28718515260168e-08,0.690446640933856,0.0380065507097868,0.845429986069664,0.999999999902037
"ATF4",4.26708628058402e-08,0.688474536674069,0.037651026902321,0.846145559733698,0.999999999902037
"FLT3",4.22797293270604e-08,0.684613346631363,0.0369639499540778,0.847538462943154,0.999999999902037
"ITSN2",4.20193783844216e-08,0.68202587440014,0.0365101169152508,0.848465888182106,0.999999999902037
"IPO5",4.20163297225303e-08,0.681995492679303,0.0365048192184026,0.848476749407243,0.999999999902037
"TBXA2R",4.18219393202099e-08,0.680054288231184,0.0361678182889363,0.849169347938113,0.999999999902037
"RNF181",4.18011935410449e-08,0.679846653161108,0.0361319450854098,0.849243270490516,0.999999999902037
"C2orf88",4.17231904246744e-08,0.679065148740478,0.0359972228711857,0.849521227533992,0.999999999902037
"SDHA",4.16786942455401e-08,0.678618774466365,0.0359204845026937,0.849679794021325,0.999999999902037
"LAMTOR5",4.14545549183375e-08,0.676363913740678,0.0355351775944347,0.850478628777728,0.999999999902037
"TOMM7",4.11506015377978e-08,0.673289035594846,0.0350159854497893,0.851562166668675,0.999999999902037
"LDHA",4.11224011699534e-08,0.673002747540109,0.0349680092219592,0.851662710031823,0.999999999902037
"DCTN2",4.09404864142869e-08,0.671151828453336,0.0346593148589372,0.852311352399017,0.999999999902037
"MGMT",4.09335327170251e-08,0.671080934503093,0.0346475421646552,0.85233614875901,0.999999999902037
"TM9SF2",4.09168959760164e-08,0.670911277799843,0.0346193840747563,0.852395474714969,0.999999999902037
"PPM1K",4.08059398030165e-08,0.669778234449569,0.0344318807926178,0.852791161350947,0.999999999902037
"PAK2",4.0723853949719e-08,0.668938270168455,0.0342934927273397,0.853083915871269,0.999999999902037
"STXBP2",4.06822809345722e-08,0.668512299200631,0.0342235113258521,0.853232191384384,0.999999999902037
"MPHOSPH8",4.06418593102761e-08,0.668097760872508,0.0341555366384994,0.853376365286039,0.999999999902037
"NOP58",4.0357783337049e-08,0.665174253203913,0.0336797288102106,0.854389731671713,0.999999999902037
"FRMD4B",4.03110567015587e-08,0.664691654717909,0.0336017845211307,0.854556439719312,0.999999999902037
"ARL2BP",4.02993781854332e-08,0.664570961199825,0.0335823177955905,0.854598106533276,0.999999999902037
"CORO1C",4.00658569758636e-08,0.662151159454815,0.0331942491737412,0.855431352555935,0.999999999902037
"USP47",3.98405430265073e-08,0.659804692197199,0.0328219572440272,0.856235466420114,0.999999999902037
"HNRNPM",3.97343938236763e-08,0.658695210874656,0.032647291790208,0.856614349806309,0.999999999902037
"CD53",3.97083878475891e-08,0.658422999020376,0.032604570773649,0.856707179213785,0.999999999902037
"SNRPD1",3.96158446643667e-08,0.657453058237476,0.032452773388771,0.857037532003783,0.999999999902037
"SRSF4",3.95424087501735e-08,0.656681969828747,0.0323325694535363,0.85729969511389,0.999999999902037
"ARPP19",3.94072428907011e-08,0.65525943020843,0.0321119055963739,0.857782272652711,0.999999999902037
"CCT4",3.93533704577123e-08,0.654691266521102,0.0320241672073274,0.857974626180686,0.999999999902037
"TXNL4A",3.91472048648848e-08,0.652510651826276,0.031689507826053,0.858710825895848,0.999999999902037
"TRAPPC6A",3.90658971376485e-08,0.651647899283692,0.0315580079603587,0.859001202662311,0.999999999902037
"LAPTM5",3.90400818978636e-08,0.65137364676129,0.0315163138779144,0.859093401406634,0.999999999902037
"SMARCC1",3.88908863987745e-08,0.649785531769977,0.0312758887969578,0.859626288512303,0.999999999902037
"ENO1",3.88035546214552e-08,0.648853454619776,0.0311355828038418,0.859938244348538,0.999999999902037
"CCNG1",3.88030334192141e-08,0.648847886416636,0.0311347463945638,0.859940106188765,0.999999999902037
"PARP1",3.87591404865632e-08,0.648378726724029,0.0310643486818813,0.860096903448739,0.999999999902037
"GOLPH3",3.87096022499146e-08,0.647848667872836,0.0309849924517561,0.860273873865521,0.999999999902037
"ABLIM1",3.82498943963359e-08,0.642901317377724,0.0302534186936708,0.8619164679625,0.999999999902037
"BPTF",3.82102208494077e-08,0.642471921109849,0.0301906923526814,0.862058254646135,0.999999999902037
"UBE2V2",3.82036267232251e-08,0.642400513551596,0.0301802729385941,0.862081821391486,0.999999999902037
"STARD3NL",3.80329786445373e-08,0.64054881518816,0.0299112564312716,0.862691743140681,0.999999999902037
"LMNA",3.80168015788381e-08,0.640372901680302,0.02988581674861,0.862749566645895,0.999999999902037
"ARL8B",3.79588407136783e-08,0.639742083035934,0.0297947576773241,0.862956748719706,0.999999999902037
"CALM1",3.78828104156673e-08,0.638913327739745,0.0296755213888518,0.863228534570532,0.999999999902037
"GARS",3.78640990863216e-08,0.638709145225466,0.0296462135673265,0.863295424527679,0.999999999902037
"VPS29",3.78275839083886e-08,0.638310428778095,0.0295890610242028,0.863425963167753,0.999999999902037
"HLA-C",3.77693776799035e-08,0.637674167544115,0.0294980722577445,0.863634053166852,0.999999999902037
"PHPT1",3.75650106310214e-08,0.635433392971508,0.0291797125356666,0.864364749782411,0.999999999902037
"SNU13",3.75119649517951e-08,0.63485003450317,0.0290973611785096,0.864554428984451,0.999999999902037
"ORAI2",3.73530209109245e-08,0.633097755110552,0.0288513034707533,0.865122823165019,0.999999999902037
"RAB13",3.73517957267329e-08,0.633084222774278,0.028849410848398,0.865127204774413,0.999999999902037
"ZNF106",3.70999240869345e-08,0.630293992803559,0.0284616464071949,0.866028057711375,0.999999999902037
"BTK",3.70234122060357e-08,0.629443117302138,0.0283443734668943,0.866301747313078,0.999999999902037
"MAPKAPK3",3.6872577173438e-08,0.627761196441854,0.0281138914388868,0.866841344168991,0.999999999902037
"ARMCX3",3.68590027397886e-08,0.627609536848357,0.0280931953044853,0.866889908360412,0.999999999902037
"SHMT2",3.6855732572653e-08,0.627572993795295,0.0280882106135378,0.866901607857159,0.999999999902037
"HDAC8",3.68235110493056e-08,0.627212777179047,0.0280391192376104,0.867016886584208,0.999999999902037
"KPNB1",3.67687981779825e-08,0.626600489834447,0.0279558593318943,0.867212638932998,0.999999999902037
"MZT2A",3.66361428234122e-08,0.625112642469242,0.027754503572788,0.86768728859099,0.999999999902037
"SMARCA2",3.64960793333643e-08,0.62353658799211,0.0275426929727425,0.868188496818808,0.999999999902037
"PSMA7",3.64846090609446e-08,0.623407285534308,0.0275253830286557,0.86822954480374,0.999999999902037
"HN1",3.64279974223497e-08,0.622768591219357,0.0274400293337571,0.868432142724565,0.999999999902037
"PCBP1",3.63776702819195e-08,0.622200070100306,0.0273642621018834,0.868612257361164,0.999999999902037
"NDUFB7",3.63768988361591e-08,0.622191350107114,0.0273631015096857,0.868615018323604,0.999999999902037
"DCTPP1",3.62041738200186e-08,0.62023488199373,0.0271038671276492,0.869233232042795,0.999999999902037
"RFC1",3.61875590862679e-08,0.620046255981195,0.0270789959507803,0.869292703366724,0.999999999902037
"OSTC",3.60337512750083e-08,0.618296483321211,0.0268492976762347,0.869843283161859,0.999999999902037
"CAPN1",3.58561693496886e-08,0.61626811125591,0.0265853117699636,0.87047904469178,0.999999999902037
"ISYNA1",3.58189933632292e-08,0.615842369634985,0.0265302125861378,0.870612149151678,0.999999999902037
"TPI1",3.56679120212468e-08,0.614108194041849,0.0263068804047292,0.871153116666682,0.999999999902037
"SOCS2",3.56422930348441e-08,0.613813492156011,0.0262691033926142,0.871244854954171,0.999999999902037
"ATP6V1F",3.56218709556303e-08,0.613578439027472,0.0262390090314882,0.871317985027824,0.999999999902037
"VBP1",3.55992026804302e-08,0.613317394792673,0.0262056248317828,0.871399159864417,0.999999999902037
"GSR",3.54502023949819e-08,0.611597906905417,0.0259867168872453,0.871932761873032,0.999999999902037
"HSPE1",3.53355159729372e-08,0.610270099925095,0.0258188474537769,0.872343518279933,0.999999999902037
"CCPG1",3.53041393544668e-08,0.609906174229598,0.0257730154668523,0.872455901551922,0.999999999902037
"CLEC1B",3.5110125172115e-08,0.607649578257318,0.0254905221991857,0.873150869360857,0.999999999902037
"TGFBR2",3.50596238051248e-08,0.607060405294244,0.02541724530835,0.873331783681293,0.999999999902037
"RPS10",3.50279252475488e-08,0.606690215890285,0.025371304952977,0.873445342862975,0.999999999902037
"HACD4",3.48202017450713e-08,0.60425706066925,0.0250712820710067,0.874189570828174,0.999999999902037
"DOCK2",3.48038086174508e-08,0.604064501302807,0.0250476808304223,0.874248308573617,0.999999999902037
"SLC25A3",3.47773904203028e-08,0.603754017141143,0.0250096698508284,0.874342968316286,0.999999999902037
"ATP5A1",3.47746318667206e-08,0.603721584907929,0.0250057024583732,0.874352852666488,0.999999999902037
"ILF2",3.47437093874893e-08,0.603357876292297,0.0249612508290134,0.874463654325786,0.999999999902037
"TMEM261",3.46031279605446e-08,0.601700789963862,0.0247596610153215,0.874967417750499,0.999999999902037
"PDCD4",3.449105242579e-08,0.600375493352693,0.0245995333888895,0.875369068676688,0.999999999902037
"RRM1",3.44653742506883e-08,0.600071318341031,0.0245629189079978,0.875461097413525,0.999999999902037
"RBMX",3.43885935244275e-08,0.599160616842713,0.0244536000302477,0.87573628406853,0.999999999902037
"MRPL14",3.43038766605354e-08,0.59815372007101,0.0243332647479169,0.876039931742913,0.999999999902037
"YBX3",3.42745410486261e-08,0.597804547016127,0.0242916644357987,0.876145082600143,0.999999999902037
"TMED2",3.41436012977278e-08,0.596242818612836,0.0241064150547466,0.876614450968835,0.999999999902037
"RAC1",3.39243973396419e-08,0.59361660265603,0.0237978794061297,0.877400309433556,0.999999999902037
"UQCRH",3.38521085000732e-08,0.592747280128078,0.0236965665857509,0.87765949550748,0.999999999902037
"C10orf54",3.38501986362408e-08,0.592724290726932,0.0236938928415842,0.877666343355303,0.999999999902037
"NSA2",3.3809471674708e-08,0.592233782391847,0.0236369123929122,0.87781237271628,0.999999999902037
"PTPN12",3.37913595137197e-08,0.592015476829147,0.0236115939914187,0.877877316468726,0.999999999902037
"POLR3GL",3.37742526307195e-08,0.59180919394643,0.023587693293774,0.877938656407447,0.999999999902037
"TFDP2",3.37268608096788e-08,0.591237243742526,0.0235215435280436,0.878108592500045,0.999999999902037
"TARSL2",3.36695893207216e-08,0.590545122402741,0.023441727617343,0.878313962287772,0.999999999902037
"UQCRB",3.32269127658367e-08,0.585160426755222,0.0228293717151546,0.879901631046061,0.999999999902037
"MSH6",3.3161854594156e-08,0.584363785312543,0.0227400595873369,0.880135004400803,0.999999999902037
"CASP3",3.30523283902315e-08,0.583019539685,0.0225900969611454,0.880527914720423,0.999999999902037
"MAPK14",3.29261180442431e-08,0.581465689151363,0.0224179057346598,0.880980713593709,0.999999999902037
"PUF60",3.28632324941867e-08,0.580689524081335,0.0223323556506978,0.881206339632663,0.999999999902037
"PSMD1",3.28391018820324e-08,0.580391347329786,0.0222995715619673,0.881292920023085,0.999999999902037
"CACYBP",3.27487183489151e-08,0.579272793183989,0.0221769896224364,0.881617227819184,0.999999999902037
"APLP2",3.26968272669983e-08,0.578629388189723,0.0221067654232375,0.881803428699592,0.999999999902037
"ETS2",3.24710580843666e-08,0.575819614850017,0.0218025282576543,0.882613632653403,0.999999999902037
"STK4",3.24675913884505e-08,0.575776337734251,0.0217978731151721,0.882626074331062,0.999999999902037
"MT-ND5",3.24520047676458e-08,0.575581709471703,0.0217769492575383,0.88268201374909,0.999999999902037
"NGFRAP1",3.23316458888398e-08,0.574076045566405,0.0216157149235811,0.883113994003323,0.999999999902037
"DEK",3.21502200371861e-08,0.571797164471792,0.0213738066379765,0.883765215483827,0.999999999902037
"PDXDC1",3.1955308594707e-08,0.56933633526878,0.0211154338340071,0.884464930515226,0.999999999902037
"PRRC2B",3.18316378040473e-08,0.567768135442221,0.0209523116879427,0.884908944604765,0.999999999902037
"SSX2IP",3.168504899669e-08,0.56590241459671,0.0207597798199611,0.885435287839126,0.999999999902037
"HLA-E",3.16654422834475e-08,0.565652296931487,0.0207340954592072,0.885505691737457,0.999999999902037
"CNST",3.16573210414516e-08,0.565548656751255,0.020723461468233,0.885534853804543,0.999999999902037
"LMAN2",3.1615266903035e-08,0.565011605987768,0.0206684392221534,0.885685865896061,0.999999999902037
"C4orf48",3.15079297101238e-08,0.563638025054549,0.0205283343641926,0.886071321540101,0.999999999902037
"SRSF3",3.12245688730113e-08,0.559992146191082,0.0201607590058612,0.887089020136013,0.999999999902037
"SEC13",3.11999949316033e-08,0.559674603328665,0.0201290381927092,0.887177286951791,0.999999999902037
"YBX1",3.11152495889866e-08,0.558577850453499,0.0200198378200897,0.887481693356959,0.999999999902037
"DOK2",3.10577527631354e-08,0.557832253745866,0.0199459182066849,0.887688232178864,0.999999999902037
"AKIRIN1",3.09291507867702e-08,0.556160216845101,0.019781078602766,0.88815022093038,0.999999999902037
"SERF2",3.08957459373944e-08,0.555724905032514,0.0197383727995683,0.888270230478017,0.999999999902037
"N4BP2L2",3.07592288379628e-08,0.553941610602924,0.0195643247528752,0.888760705482879,0.999999999902037
"H2AFV",3.07480430931144e-08,0.55379518716109,0.0195500980143202,0.888800895219882,0.999999999902037
"CD59",3.07334756892047e-08,0.553604427384406,0.0195315780252357,0.888853235491626,0.999999999902037
"TOX4",3.06772981088658e-08,0.552868042750198,0.0194602399190174,0.88905508449015,0.999999999902037
"PLK1",3.05668460454176e-08,0.551416776889554,0.0193203609635142,0.889451965521537,0.999999999902037
"AUP1",3.05178624873659e-08,0.550771698570791,0.0192584885850858,0.889627984191273,0.999999999902037
"CENPC",3.0460106525858e-08,0.550009930584521,0.0191856630388959,0.889835532811253,0.999999999902037
"MRPS21",3.04017480507589e-08,0.549238932664671,0.0191122178936117,0.890045254259568,0.999999999902037
"TMEM109",3.01734319542799e-08,0.546210072471041,0.0188262315988789,0.890865822124686,0.999999999902037
"SHARPIN",2.99873186218946e-08,0.54372622422137,0.018594702965557,0.891534799815494,0.999999999902037
"LINC01420",2.99648906791551e-08,0.543425994458156,0.0185668988805571,0.891615421472392,0.999999999902037
"ATXN2",2.98776273614576e-08,0.542255979857255,0.0184589158387902,0.89192911730523,0.999999999902037
"FO538757.2",2.98736391545339e-08,0.542202435199465,0.0184539882010214,0.891943454591785,0.999999999902037
"SRP72",2.98291229444496e-08,0.541604347431147,0.0183990307496714,0.892103489221406,0.999999999902037
"NCKAP1L",2.97501775439921e-08,0.540541773039365,0.0183017703143749,0.892387306706794,0.999999999902037
"NUTM2A-AS1",2.97495019482904e-08,0.54053266915557,0.018300939095338,0.892389735607936,0.999999999902037
"WBP1",2.96973862516602e-08,0.539829847159728,0.0182368754495351,0.892577104960684,0.999999999902037
"NEAT1",2.96025951571675e-08,0.53854874552678,0.0181206406764852,0.892917918726001,0.999999999902037
"IGHM",2.95028543819276e-08,0.537196872610387,0.0179987377192609,0.893276550021693,0.999999999902037
"ANAPC15",2.94848375085085e-08,0.536952248584144,0.0179767614075011,0.893341334428622,0.999999999902037
"MKI67",2.94638478224124e-08,0.536667096417353,0.0179511758994848,0.893416809262839,0.999999999902037
"GMPR",2.930835140095e-08,0.534549077237916,0.0177622000449704,0.893975974207253,0.999999999902037
"ENDOD1",2.92591094848066e-08,0.533876304965806,0.0177025644828334,0.894153059077725,0.999999999902037
"CDKN3",2.92490795413462e-08,0.533739148646513,0.0176904297807742,0.894189129629797,0.999999999902037
"USP1",2.91716851928418e-08,0.532679420913509,0.0175969343335494,0.894467469247475,0.999999999902037
"TPP1",2.89145387026977e-08,0.529140692038109,0.0172880700271572,0.895392359302256,0.999999999902037
"IL1B",2.88863890268561e-08,0.528751641135129,0.0172544248992152,0.895493615133879,0.999999999902037
"SPCS1",2.88551725382484e-08,0.528319816830779,0.0172171525684493,0.895605904439572,0.999999999902037
"AKR1B1",2.87282582229544e-08,0.526559969643581,0.0170660325060753,0.896062451366331,0.999999999902037
"PRKCB",2.8671348292564e-08,0.525768625446673,0.0169984847468603,0.896267183776375,0.999999999902037
"COTL1",2.86515756772629e-08,0.525493361878211,0.0169750475089363,0.896338317007705,0.999999999902037
"ARF1",2.85060223449786e-08,0.523461923358879,0.0168030151678834,0.896861979914331,0.999999999902037
"SRP14",2.84821316157904e-08,0.523127622921814,0.0167748619545468,0.89694793682218,0.999999999902037
"FAXDC2",2.84374607474894e-08,0.522501890218624,0.0167222844278728,0.897108662231062,0.999999999902037
"CTSC",2.83501076033352e-08,0.521275794100547,0.0166197084204591,0.897422970304247,0.999999999902037
"EIF3K",2.82669756192941e-08,0.520105876743316,0.0165223822547068,0.897722105038212,0.999999999902037
"PLPP5",2.82509068031391e-08,0.519879393421576,0.0165036027670117,0.897779927314078,0.999999999902037
"TMEM258",2.79834180518868e-08,0.516092619074652,0.0161925593705071,0.898742542450884,0.999999999902037
"ZNF148",2.79713716401837e-08,0.515921337683482,0.0161786210981514,0.898785897541226,0.999999999902037
"SETX",2.79506977593727e-08,0.515627236689573,0.0161547144208572,0.898860303636013,0.999999999902037
"F13A1",2.79408067826942e-08,0.515486463115672,0.0161432830331286,0.898895901957217,0.999999999902037
"BACH1",2.77524271706159e-08,0.512796998007427,0.0159263377000152,0.899573932191603,0.999999999902037
"FLI1",2.76658913022612e-08,0.511556188418283,0.0158271715444359,0.899885423274218,0.999999999902037
"DCK",2.75583661291348e-08,0.510009685986933,0.0157043840853575,0.900272488106309,0.999999999902037
"BRD3",2.74573940178133e-08,0.508552626056678,0.0155895151668171,0.90063598508307,0.999999999902037
"TGS1",2.73775435067561e-08,0.507397038214559,0.0154989733864477,0.900923459608073,0.999999999902037
"RABGAP1L",2.73330803002333e-08,0.506752294323777,0.0154486712509457,0.901083539850321,0.999999999902037
"RGS10",2.728300614236e-08,0.506025089937964,0.0153921192197254,0.901263825936109,0.999999999902037
"CEBPZ",2.70346181416268e-08,0.502400528377922,0.0151131313276298,0.902158192681674,0.999999999902037
"CTTN",2.70219860151808e-08,0.502215419601229,0.0150990111811838,0.902203680307785,0.999999999902037
"AP2M1",2.68647240132392e-08,0.499904578868352,0.0149237767488245,0.902769999377291,0.999999999902037
"TPST2",2.68434648368726e-08,0.499591285608294,0.0149001664806959,0.902846559988461,0.999999999902037
"CAPZA2",2.67584244712366e-08,0.498335886241594,0.0148059082695615,0.903152824642704,0.999999999902037
"MAP3K7CL",2.64849590458633e-08,0.494275111459567,0.0145048281714394,0.904137781389133,0.999999999902037
"ZCCHC17",2.63975059114981e-08,0.492968758782843,0.0144091966540788,0.904452797767889,0.999999999902037
"SEPT6",2.63384681780798e-08,0.492084728114339,0.0143448167055816,0.904665467067558,0.999999999902037
"NDUFA11",2.63365794412603e-08,0.492056417605849,0.0143427594399993,0.904672270902709,0.999999999902037
"PTTG1",2.63271620763623e-08,0.491915233081997,0.0143325039813947,0.904706195372704,0.999999999902037
"GTF3A",2.62916888239376e-08,0.491383023861615,0.0142939067329032,0.904833983347427,0.999999999902037
"MARCKSL1",2.60655986176338e-08,0.487976146126675,0.0140491284604637,0.905648502934984,0.999999999902037
"METTL9",2.60618966178865e-08,0.487920147378627,0.0140451380532308,0.905661840702357,0.999999999902037
"SLC39A10",2.60441531496437e-08,0.487651652116044,0.0140260201332087,0.905725768210537,0.999999999902037
"CLEC2B",2.60274774217009e-08,0.487399168215337,0.0140080645318217,0.905785849340129,0.999999999902037
"NME2",2.59894499383777e-08,0.486822872442707,0.01396716142877,0.905922860916802,0.999999999902037
"DAPP1",2.58621249286121e-08,0.484887918811955,0.0138306435138043,0.906381628446355,0.999999999902037
"COX7B",2.56645438437994e-08,0.481868740151291,0.0136201244604111,0.9070935989732,0.999999999902037
"PIK3CG",2.55675095035563e-08,0.480378542760656,0.0135173272814059,0.907443283248295,0.999999999902037
"EIF3A",2.5564264834949e-08,0.480328627672577,0.0135138966410865,0.907454976425171,0.999999999902037
"SLA2",2.55006491550982e-08,0.479348861507401,0.013446722711533,0.907684239447715,0.999999999902037
"UBR4",2.54679096880597e-08,0.478843797371364,0.0134122172424186,0.907802231426283,0.999999999902037
"JARID2",2.54113841836504e-08,0.477970454598014,0.0133527470287625,0.90800595229985,0.999999999902037
"MAP1LC3B",2.53619991221549e-08,0.477206044034178,0.0133008973966114,0.908183943596976,0.999999999902037
"ARGLU1",2.53354848412906e-08,0.476795103853576,0.0132731015289116,0.908279507013426,0.999999999902037
"ARFGAP3",2.532111287263e-08,0.476572198145738,0.0132580470316829,0.908331307367555,0.999999999902037
"SNRPA",2.5194634658711e-08,0.47460576990371,0.013125930706578,0.908787184892824,0.999999999902037
"AP1S2",2.51282595416352e-08,0.47357034454202,0.0130568614331258,0.909026439105221,0.999999999902037
"NT5C3A",2.51213359249937e-08,0.473462201270105,0.0130496672819469,0.909051396289328,0.999999999902037
"OLA1",2.51098116416275e-08,0.473282140219017,0.0130376970930075,0.90909293744543,0.999999999902037
"INTS10",2.50238895887726e-08,0.471937370861649,0.0129486236191352,0.909402665305,0.999999999902037
"MTPN",2.50187631133394e-08,0.4718570087076,0.0129433187682527,0.909421145423367,0.999999999902037
"SLC25A5",2.48748089532898e-08,0.469594500338269,0.0127947995021269,0.909940096962941,0.999999999902037
"CHD2",2.47399982449383e-08,0.467465299433804,0.0126564907459599,0.910426121410825,0.999999999902037
"ZFAND1",2.46229573421333e-08,0.465608516650007,0.0125370224153665,0.910848108702735,0.999999999902037
"CKS2",2.45407221486318e-08,0.464299286426558,0.0124534205294748,0.911144620154264,0.999999999902037
"PTGIR",2.44898906213855e-08,0.463488101526283,0.0124018840846141,0.911327907119253,0.999999999902037
"SLIRP",2.44832068306406e-08,0.463381330141778,0.0123951155540443,0.911352007704816,0.999999999902037
"VPS36",2.44699763738132e-08,0.463169902759106,0.0123817228042856,0.911399714668753,0.999999999902037
"SECISBP2",2.44672320126285e-08,0.463126034386719,0.0123789456856253,0.911409610447184,0.999999999902037
"CDV3",2.44592046037963e-08,0.462997692273879,0.0123708242473948,0.911438556227375,0.999999999902037
"SNRPB",2.43607275395814e-08,0.461420239296182,0.0122714105465662,0.911793661118008,0.999999999902037
"ADAR",2.42849071417289e-08,0.46020191030174,0.0121951422740043,0.912067078859158,0.999999999902037
"RIF1",2.40559421431779e-08,0.456502476043169,0.0119662678044874,0.912892818046071,0.999999999902037
"LY6E",2.39590990830624e-08,0.454928496494995,0.0118701154801366,0.91324210113468,0.999999999902037
"EMC10",2.38925646328319e-08,0.453843894335999,0.0118042803661781,0.913482080119113,0.999999999902037
"SENP6",2.38878649919121e-08,0.453767184027471,0.011799637045223,0.913499031261183,0.999999999902037
"PCMT1",2.38743262828754e-08,0.453546123495658,0.011786265688495,0.913547864271593,0.999999999902037
"PRDX5",2.37810491375326e-08,0.452020106549246,0.0116943475715752,0.91388431612712,0.999999999902037
"DUT",2.37575056569103e-08,0.451634107856778,0.0116712039872653,0.913969240204302,0.999999999902037
"PPIH",2.37090658075919e-08,0.450838877135915,0.0116236590121966,0.914143971471938,0.999999999902037
"CLEC11A",2.36228521733828e-08,0.44942000016881,0.0115392781356018,0.914454969850044,0.999999999902037
"LDHB",2.36197065596385e-08,0.449368145129452,0.0115362052047879,0.914466317268093,0.999999999902037
"CSNK1A1",2.35782478240048e-08,0.448684138654647,0.01149574265876,0.914615876230184,0.999999999902037
"SSBP1",2.35478623006131e-08,0.448182155690865,0.011466132393893,0.914725491414445,0.999999999902037
"GAMT",2.35049719217546e-08,0.447472622432238,0.0114244013116588,0.914880220381293,0.999999999902037
"SNAP23",2.3478369754807e-08,0.447031975494712,0.0113985564093923,0.9149761905137,0.999999999902037
"MESDC2",2.34531147480807e-08,0.446613239450687,0.0113740474000596,0.91506730176998,0.999999999902037
"COX5B",2.34188118311314e-08,0.446043854651888,0.0113407999889528,0.915191056517788,0.999999999902037
"MZT1",2.33883429142751e-08,0.44553749786601,0.0113113094143033,0.915300981054732,0.999999999902037
"CMIP",2.33854083855151e-08,0.445488699096013,0.0113084711387973,0.915311568215518,0.999999999902037
"C16orf13",2.31231686356834e-08,0.441106112350526,0.0110562708666404,0.916257734356671,0.999999999902037
"INF2",2.2923858026747e-08,0.437746060209624,0.0108664928142944,0.916976930354608,0.999999999902037
"NDUFA12",2.28922097466116e-08,0.437210174841944,0.0108365093435294,0.91709113684647,0.999999999902037
"ERLEC1",2.28909399895133e-08,0.437188661139728,0.0108353072443692,0.917095718948038,0.999999999902037
"PSMD7",2.28874825925904e-08,0.437130076612024,0.0108320344098891,0.917108195477296,0.999999999902037
"MDH1",2.26580800341277e-08,0.433225532175527,0.0106159824026875,0.917936074079783,0.999999999902037
"DR1",2.25742312422174e-08,0.43178975985245,0.0105375564927153,0.918238693746503,0.999999999902037
"EMP3",2.25466049735287e-08,0.431315684786182,0.0105117806218042,0.91833840263596,0.999999999902037
"NOP56",2.25398336490141e-08,0.431199409369878,0.0105054676545519,0.918362841935765,0.999999999902037
"BCL2L1",2.23986431424685e-08,0.428767941878898,0.0103742664503816,0.918872449156484,0.999999999902037
"SNN",2.23799852108832e-08,0.428445628976169,0.0103569902489327,0.918939794826635,0.999999999902037
"TNF",2.23347633252575e-08,0.427663452484348,0.0103151770459297,0.919103025310009,0.999999999902037
"NDUFS2",2.23049868238021e-08,0.427147669774023,0.0102876911813922,0.919210506828202,0.999999999902037
"PRKACA",2.21515157148447e-08,0.424479691774964,0.0101466077865774,0.919764500843479,0.999999999902037
"HPRT1",2.20805251383449e-08,0.423240106928431,0.0100816768513849,0.92002077304436,0.999999999902037
"ADD1",2.20197566436889e-08,0.422176242822401,0.0100262610242837,0.920240150673851,0.999999999902037
"GNAQ",2.20102584929131e-08,0.422009728458921,0.0100176132992713,0.92027444007287,0.999999999902037
"GGH",2.19106735332533e-08,0.420260089618919,0.00992716940029171,0.920633961957715,0.999999999902037
"TMEM183A",2.17001054352101e-08,0.416537553569789,0.00973728014320839,0.921394208786431,0.999999999902037
"NT5C",2.16464307058754e-08,0.415583615541731,0.00968916982400164,0.921588010545748,0.999999999902037
"SRSF1",2.1610823474986e-08,0.414949642328492,0.00965731970010152,0.921716579091971,0.999999999902037
"MIS18BP1",2.15645620030131e-08,0.414124609616441,0.00961601783651543,0.921883620415655,0.999999999902037
"YWHAQ",2.15578324902017e-08,0.414004465834823,0.00961001715648977,0.921907919686065,0.999999999902037
"PRPF4B",2.15523509372101e-08,0.413906577988472,0.00960513066142395,0.921927712812949,0.999999999902037
"BLOC1S1",2.1451366964328e-08,0.412099334432786,0.00951533146841978,0.922292360558123,0.999999999902037
"NDUFS6",2.12838443255361e-08,0.409084829684629,0.00936729342455481,0.92289731186803,0.999999999902037
"KAT6A",2.12792095433763e-08,0.409001134217078,0.00936321421436065,0.922914049450795,0.999999999902037
"ATP5J",2.11547742877067e-08,0.40674809011654,0.00925402714034413,0.923363435064119,0.999999999902037
"NDUFC1",2.11046630452513e-08,0.405837495906291,0.00921023735079493,0.923544413775068,0.999999999902037
"KMT2C",2.10536833329377e-08,0.404909179439233,0.00916579521469256,0.923728533060142,0.999999999902037
"MEAF6",2.10258571102183e-08,0.404401648056755,0.00914158273764652,0.923829032492578,0.999999999902037
"RNF167",2.10090964961782e-08,0.40409566253174,0.00912701424984234,0.923889567066203,0.999999999902037
"SOX4",2.09984470673663e-08,0.403901133324647,0.00911776369934644,0.923928030004945,0.999999999902037
"DKC1",2.09488757381142e-08,0.402994495818332,0.00907476564643731,0.924107070960756,0.999999999902037
"ME2",2.09059337416835e-08,0.402207589112185,0.00903760000968911,0.924262171303573,0.999999999902037
"ARRB2",2.08951487288206e-08,0.402009733192632,0.00902827772905397,0.92430112567848,0.999999999902037
"SELT",2.07568189082168e-08,0.399464065262093,0.00890913561197956,0.924800775053083,0.999999999902037
"NME4",2.07147719367222e-08,0.398687341531627,0.00887307779810969,0.924952655229337,0.999999999902037
"SNRPG",2.06629299426776e-08,0.397727777865946,0.00882872081085189,0.925139920309768,0.999999999902037
"CCNA2",2.06525334972036e-08,0.397535092788077,0.00881983879618935,0.925177475136466,0.999999999902037
"SKAP2",2.06184762340478e-08,0.396903289928912,0.00879077389730185,0.925300500525756,0.999999999902037
"RGCC",2.05079311106279e-08,0.394846242661012,0.00869676383540738,0.925699836065368,0.999999999902037
"CCDC85B",2.03935038185656e-08,0.392706723692614,0.00859998460999628,0.926113215350251,0.999999999902037
"SLC40A1",2.03853106721684e-08,0.392553129144911,0.00859307586301361,0.92614281462379,0.999999999902037
"PARVG",2.03584085414107e-08,0.392048423020878,0.00857041057060006,0.926240004320729,0.999999999902037
"GLIPR1",2.03004935310372e-08,0.390959908821717,0.00852171821752708,0.926449238406945,0.999999999902037
"UBA2",2.02916458842126e-08,0.390793378165925,0.00851429172588159,0.926481203440681,0.999999999902037
"CANX",2.02548440413362e-08,0.390100011249884,0.00848343592612612,0.926614163473289,0.999999999902037
"GPX1",2.01800894675412e-08,0.3886881980354,0.00842093182988674,0.926884247845502,0.999999999902037
"MT-ND1",2.01669378231751e-08,0.388439343755236,0.00840995933023822,0.926931764922349,0.999999999902037
"MAX",2.01574541409406e-08,0.388259806317967,0.00840205147340025,0.926966029761936,0.999999999902037
"RDH11",2.01496171412323e-08,0.38811138683736,0.00839551949032244,0.926994345188433,0.999999999902037
"FAH",2.00408131029133e-08,0.386045593830288,0.00830509592079524,0.927387468526953,0.999999999902037
"CHEK1",2.00368368671198e-08,0.385969914107365,0.00830180067089677,0.927401835527541,0.999999999902037
"TCF4",1.99702413806007e-08,0.384700447153495,0.00824670777405541,0.927642462949353,0.999999999902037
"EP300",1.99176886262503e-08,0.383696053580856,0.00820336158120425,0.927832354871807,0.999999999902037
"ACADVL",1.99011751116921e-08,0.383379967421605,0.00818976460449769,0.927892024963163,0.999999999902037
"TMED10",1.98918039328733e-08,0.383200491179554,0.00818205353432683,0.927925887050658,0.999999999902037
"THUMPD1",1.97423937016888e-08,0.380328969249588,0.00805960195655048,0.928465787873218,0.999999999902037
"SUPT4H1",1.96724059964669e-08,0.378977335798184,0.00800255991576871,0.928718703043906,0.999999999902037
"C19orf60",1.96703824354073e-08,0.378938193426514,0.00800091366713383,0.928726015711093,0.999999999902037
"CDK1",1.96632114273727e-08,0.378799454049172,0.00799508112593406,0.928751930072787,0.999999999902037
"MAP2K3",1.96411685636915e-08,0.378372707948797,0.00797716587309827,0.928831588348334,0.999999999902037
"RGS18",1.95023919241694e-08,0.375676363282862,0.00786483718927022,0.929333114296485,0.999999999902037
"STOML2",1.93710414816607e-08,0.37310881538652,0.0077592531147449,0.92980782851425,0.999999999902037
"C17orf89",1.93448113061623e-08,0.372594264315738,0.00773825385414644,0.929902630105351,0.999999999902037
"GCLM",1.93313837965489e-08,0.372330624091631,0.00772751511751715,0.92995116044687,0.999999999902037
"NBAS",1.93247875470314e-08,0.372201052497152,0.00772224245602838,0.929975001019869,0.999999999902037
"CD81",1.93156889183276e-08,0.372022262674312,0.00771497248981297,0.930007885949619,0.999999999902037
"PSME1",1.93022591388702e-08,0.371758230365338,0.00770424811332595,0.930056425059766,0.999999999902037
"RP11-501J20.5",1.92444895080166e-08,0.370620633474216,0.00765820111539442,0.930265224191396,0.999999999902037
"ENOSF1",1.92144270030392e-08,0.370027462995085,0.0076342935040307,0.930373882228369,0.999999999902037
"SPTLC2",1.91979879167815e-08,0.369702756370193,0.0076212359069759,0.930433300275834,0.999999999902037
"MANBA",1.91700915306367e-08,0.369151187491167,0.00759910332998638,0.930534130903154,0.999999999902037
"TPM3",1.91336690156866e-08,0.368429982824126,0.00757025469153026,0.930665780638103,0.999999999902037
"RASSF1",1.91194220944812e-08,0.368147552124706,0.00755898527232737,0.930717276868139,0.999999999902037
"TRAPPC2L",1.90797015502156e-08,0.367359160531733,0.00752761035665448,0.930860850350925,0.999999999902037
"SWI5",1.90435330297181e-08,0.366640022520744,0.00749909791153757,0.930991586681345,0.999999999902037
"RHOG",1.90190352290249e-08,0.366152254911428,0.00747981648496728,0.93108013857084,0.999999999902037
"CLDN5",1.89595120083641e-08,0.364964816163671,0.00743307109934799,0.931295299954386,0.999999999902037
"LETMD1",1.89240632748601e-08,0.364256094722872,0.00740530175285006,0.931423440544173,0.999999999902037
"UXT",1.88184291572669e-08,0.362137265805761,0.00732285970664193,0.931805298793672,0.999999999902037
"DAZAP2",1.88182923119905e-08,0.362134514203642,0.0073227532051791,0.931805793487775,0.999999999902037
"AK2",1.87630525342979e-08,0.361022355367519,0.00727982544626171,0.932005486799569,0.999999999902037
"CD82",1.87438523549856e-08,0.360635122298434,0.00726493421909852,0.932074896977493,0.999999999902037
"LARS",1.87106483550048e-08,0.359964638558553,0.00723921792440099,0.932194933301583,0.999999999902037
"MRPS25",1.86483745479788e-08,0.358704343626981,0.00719111019022542,0.932420064517243,0.999999999902037
"CORO1A",1.85941256611761e-08,0.357603455739361,0.0071493325758712,0.932616188583617,0.999999999902037
"RUVBL2",1.84555739721516e-08,0.35477899641317,0.00704318489921084,0.933117108103698,0.999999999902037
"GCA",1.84058721611178e-08,0.353761278162285,0.00700530066088292,0.933296806404585,0.999999999902037
"RAB1B",1.8381357745859e-08,0.353258424506994,0.00698665264622117,0.933385440217373,0.999999999902037
"MRPS15",1.83768313947847e-08,0.353165513326573,0.00698321218774274,0.933401805689056,0.999999999902037
"QARS",1.83135662994059e-08,0.351864790281761,0.00693521336747532,0.933630549865489,0.999999999902037
"UQCR11",1.80972424601003e-08,0.347387327629784,0.00677234052164451,0.934412741538955,0.999999999902037
"PSMA5",1.78952052026727e-08,0.34316312707653,0.00662197203693731,0.935143332468623,0.999999999902037
"TAX1BP1",1.78886951992477e-08,0.343026323972669,0.00661715496790209,0.935166874332657,0.999999999902037
"NEXN",1.78196493168244e-08,0.341572689749935,0.00656617242685712,0.935416565670517,0.999999999902037
"HLA-DMA",1.77501282640667e-08,0.340104070222327,0.00651503822676878,0.93566798179016,0.999999999902037
"TMEM219",1.7746096889623e-08,0.340018754074134,0.00651207919733091,0.935682561060432,0.999999999902037
"SRRM1",1.77458786422826e-08,0.340014134813165,0.00651191902292927,0.935683350341975,0.999999999902037
"CKAP2",1.75352215984699e-08,0.335532201585245,0.00635823381025092,0.936445211284322,0.999999999902037
"UBE2L6",1.74984519522911e-08,0.334745072977869,0.00633159657743198,0.93657819814099,0.999999999902037
"MRPL18",1.74804645319354e-08,0.334359489269286,0.00631858622043635,0.936643254905122,0.999999999902037
"GNAS",1.74297528663052e-08,0.333270549149152,0.0062819783550742,0.936826670744738,0.999999999902037
"ZFP36",1.73650221278245e-08,0.331876545433486,0.00623540488781928,0.937060796158117,0.999999999902037
"LINC00493",1.73580329790041e-08,0.331725759672152,0.00623038659273991,0.937086075623313,0.999999999902037
"LASP1",1.7345157639056e-08,0.331447844702918,0.00622114722852576,0.937132645366881,0.999999999902037
"AHCTF1",1.73296529801081e-08,0.331112936369241,0.00621003015975173,0.93718872556895,0.999999999902037
"CREG1",1.73222311935058e-08,0.330952529413645,0.00620471214798407,0.937215570209891,0.999999999902037
"RPA2",1.7263658198159e-08,0.329684480556452,0.00616282214811133,0.937427431541887,0.999999999902037
"TAF1D",1.72089890892977e-08,0.328497550369335,0.00612385213001319,0.937625176326544,0.999999999902037
"PTPN2",1.70887670599293e-08,0.325875755449203,0.00603858851540619,0.938060047474921,0.999999999902037
"ZNF24",1.70753812803024e-08,0.325582842745546,0.00602913206287864,0.938108468110393,0.999999999902037
"ARHGAP30",1.70355896375232e-08,0.324710920536019,0.00600106480872666,0.938252408527977,0.999999999902037
"GABARAPL2",1.70333990308826e-08,0.324662867869528,0.00599952155398996,0.938260332784075,0.999999999902037
"MRPL57",1.69911224067648e-08,0.323734437686224,0.00596977707931979,0.938413264584665,0.999999999902037
"LBR",1.69495290138944e-08,0.322819039690876,0.00594058543904495,0.938563727075925,0.999999999902037
"LSM2",1.69478104681432e-08,0.322781175285108,0.00593938084506554,0.938569943895987,0.999999999902037
"C6orf48",1.69020742462495e-08,0.321772242508712,0.00590736747042088,0.938735395542484,0.999999999902037
"ATP5J2",1.67554643564694e-08,0.318521893893173,0.00580533002040275,0.939265777379724,0.999999999902037
"HLA-DQB1",1.66616453991476e-08,0.316428857684208,0.0057405004021868,0.939605194766911,0.999999999902037
"CMTM7",1.66348349664196e-08,0.315828843421098,0.00572204106388763,0.939702191329668,0.999999999902037
"PGD",1.66207308565855e-08,0.315512855840552,0.00571234212998278,0.939753218473385,0.999999999902037
"PRKDC",1.65663541015968e-08,0.314292405148538,0.00567502601943843,0.939949950004179,0.999999999902037
"TSC22D1",1.65556219739341e-08,0.314051116009095,0.00566767553358282,0.939988778571103,0.999999999902037
"DGKZ",1.6420931980915e-08,0.311011216790489,0.00557583073262,0.940476095665181,0.999999999902037
"ANO6",1.63862529027963e-08,0.310224997307,0.00555230460291542,0.940601570424971,0.999999999902037
"FKBP11",1.63830733110145e-08,0.310152839105476,0.00555015007138326,0.94061307479871,0.999999999902037
"CD55",1.63827972673995e-08,0.310146573946964,0.00554996304046988,0.940614073578111,0.999999999902037
"AP1M1",1.6380252230007e-08,0.310088806762281,0.00554823882132725,0.940623282021988,0.999999999902037
"NUTF2",1.62721149076592e-08,0.307627032471465,0.00547522513772916,0.941014551357598,0.999999999902037
"GADD45GIP1",1.61615967134671e-08,0.305096240440725,0.00540110360214731,0.941414450024985,0.999999999902037
"JKAMP",1.60968380483397e-08,0.303606274957932,0.00535790644604947,0.941648779433599,0.999999999902037
"GLRX",1.60819962619025e-08,0.303264057865509,0.00534803068751749,0.941702485191019,0.999999999902037
"PSMB1",1.60569279252803e-08,0.302685413034941,0.00533137084737075,0.941793196841099,0.999999999902037
"SH3BGRL2",1.59062453317648e-08,0.299190524796884,0.00523177827441488,0.942338468938051,0.999999999902037
"RP5-1171I10.5",1.59024482440519e-08,0.299102083137488,0.00522928074599487,0.94235220973381,0.999999999902037
"PTRHD1",1.58813097307391e-08,0.298609387889017,0.00521538782193671,0.942428705513331,0.999999999902037
"ANAPC11",1.57071043045692e-08,0.29452705049375,0.00510159798448153,0.943059138020294,0.999999999902037
"SEC63",1.56486258528599e-08,0.293147791531918,0.0050636816137583,0.943270773870358,0.999999999902037
"PTPMT1",1.56039403156655e-08,0.292090809800777,0.00503480364491178,0.943432495312546,0.999999999902037
"TMSB10",1.55803245932945e-08,0.291531139980329,0.00501957536950182,0.943517963923264,0.999999999902037
"UQCRC1",1.55757001658156e-08,0.291421458726674,0.00501659607119086,0.943534700450926,0.999999999902037
"PMPCB",1.55406157933097e-08,0.290588406356103,0.00499402168953916,0.94366167710395,0.999999999902037
"UBA7",1.55281401685904e-08,0.290291785773246,0.00498600675198576,0.943706828978401,0.999999999902037
"NKTR",1.55238457653128e-08,0.290189633814367,0.00498324931127417,0.94372237135677,0.999999999902037
"ATP5G3",1.54506379968607e-08,0.288444414057711,0.00493635985220755,0.943987329465317,0.999999999902037
"MALAT1",1.54341106874495e-08,0.288049415447891,0.0049258048043596,0.944047146989926,0.999999999902037
"RASA3",1.535937495295e-08,0.286258621980713,0.00487821640085756,0.944317643024733,0.999999999902037
"SET",1.53160473188701e-08,0.285216929348409,0.00485073306142175,0.944474464566409,0.999999999902037
"PSMB9",1.52380764934834e-08,0.283335833291288,0.00480147061872092,0.944756680293067,0.999999999902037
"MT-ATP8",1.519094015744e-08,0.282194555554401,0.00477181153594149,0.944927293822451,0.999999999902037
"MRPS18B",1.51089151796077e-08,0.280201145739927,0.00472041892836132,0.945224195444914,0.999999999902037
"PRMT1",1.50659551141361e-08,0.279153333408419,0.00469361340299366,0.9453796988382,0.999999999902037
"RNASEH2B",1.50619083808771e-08,0.279054497538013,0.00469109232146378,0.945394346985457,0.999999999902037
"C12orf76",1.50488460855397e-08,0.278735310597433,0.00468295924016892,0.945441629305061,0.999999999902037
"TRMT112",1.5041676216269e-08,0.278560006555163,0.00467849800681711,0.945467582562811,0.999999999902037
"TM7SF3",1.5029724138098e-08,0.278267614624044,0.00467106591520238,0.945510846432217,0.999999999902037
"ABCC3",1.49900311449442e-08,0.277295117450712,0.00464642624027728,0.945654527407264,0.999999999902037
"HIST1H2AC",1.49683801002516e-08,0.276763707683386,0.00463301368232103,0.945732900756131,0.999999999902037
"RNASEH2C",1.49281458873811e-08,0.275774400590821,0.0046081405653623,0.945878543621607,0.999999999902037
"ARHGDIA",1.49189925399477e-08,0.275549006346833,0.0046024912395305,0.94591167785794,0.999999999902037
"IFNAR2",1.48983927425402e-08,0.275041309599913,0.00458978998897843,0.945986247483142,0.999999999902037
"NDUFS5",1.48576188609095e-08,0.274034596707415,0.00456470171671175,0.946133847080479,0.999999999902037
"AP2S1",1.48285242564017e-08,0.27331476976635,0.00454684176781552,0.946239169356435,0.999999999902037
"TBCA",1.47411373687166e-08,0.271145293497401,0.00449340913132468,0.946555514954022,0.999999999902037
"SIGIRR",1.47331387205652e-08,0.270946157201338,0.00448853414145576,0.946584470945568,0.999999999902037
"WSB1",1.46827197679645e-08,0.269688735539924,0.00445786586821406,0.946766994756665,0.999999999902037
"EPB41",1.4665111130967e-08,0.269248696457443,0.00444717985454114,0.946830741196905,0.999999999902037
"TRAM1",1.44583032706926e-08,0.264045721511708,0.0043226357116776,0.947579448298767,0.999999999902037
"IRF2",1.44558747507344e-08,0.26398423825307,0.00432118371205149,0.947588240552974,0.999999999902037
"GPCPD1",1.44441771277083e-08,0.263687961005775,0.00431419318016951,0.947630590912092,0.999999999902037
"ANAPC16",1.4435877478734e-08,0.263477620413806,0.00430923671895905,0.947660639252992,0.999999999902037
"FDPS",1.43640371020877e-08,0.26165251776437,0.00426645346848174,0.947920735784472,0.999999999902037
"TALDO1",1.43354971207066e-08,0.260925245777303,0.0042495162335774,0.948024065712375,0.999999999902037
"DCP2",1.43274987879519e-08,0.26072120074782,0.0042447756148615,0.948053024092333,0.999999999902037
"TYMS",1.42773531865794e-08,0.259439665959427,0.0042151145645436,0.948234580413816,0.999999999902037
"CD2AP",1.41293605069351e-08,0.255634456085193,0.00412818345857343,0.948770415858544,0.999999999902037
"PBRM1",1.41172130052274e-08,0.255320573147467,0.00412108822464827,0.948814399214738,0.999999999902037
"MGST2",1.41024018138424e-08,0.254937542846194,0.00411244541292531,0.948868027399795,0.999999999902037
"DNAJC4",1.40906902669581e-08,0.254634423083062,0.00410561776767425,0.948910432593026,0.999999999902037
"CEP350",1.40853352776686e-08,0.254495751207015,0.00410249778404073,0.948929821997559,0.999999999902037
"HDDC2",1.40843415034368e-08,0.254470011533348,0.00410191891066906,0.948933420269632,0.999999999902037
"SCN1B",1.40609401567187e-08,0.253863435780388,0.00408829943377114,0.949018152504225,0.999999999902037
"ATP5B",1.40586316141331e-08,0.253803549292858,0.00408695709983503,0.949026511369454,0.999999999902037
"SNX3",1.40173700819971e-08,0.252731721385706,0.00406300218742465,0.94917591375463,0.999999999902037
"KIFAP3",1.39023165802736e-08,0.249728411070175,0.00399657828940478,0.949592516227283,0.999999999902037
"SNHG7",1.38653280393506e-08,0.248758262709979,0.00397533996649616,0.949726452654889,0.999999999902037
"RTN3",1.38183977802337e-08,0.247524099073633,0.00394847468049147,0.949896390335486,0.999999999902037
"TPX2",1.38021713178707e-08,0.247096526193519,0.00393920701294252,0.949955147996962,0.999999999902037
"COPA",1.37979809962997e-08,0.246986038410838,0.0039368154995993,0.949970321619431,0.999999999902037
"DDX18",1.37872671209565e-08,0.246703408249399,0.0039307041453231,0.950009117841269,0.999999999902037
"HNRNPR",1.37863389872838e-08,0.246678915212664,0.00393017494747021,0.950012478729694,0.999999999902037
"GNPTAB",1.37635595399096e-08,0.24607732353841,0.00391719786201549,0.950094966243989,0.999999999902037
"IKZF1",1.37234965388711e-08,0.245017169508268,0.00389442667428432,0.950240041181813,0.999999999902037
"CRLF3",1.37110579562452e-08,0.244687467380391,0.00388737028089363,0.950285083739933,0.999999999902037
"RALBP1",1.36756450030441e-08,0.243747363791005,0.00386731559455642,0.950413321889325,0.999999999902037
"MCTP1",1.36706855677965e-08,0.243615536453924,0.0038645111603179,0.95043128120573,0.999999999902037
"TMEM50A",1.36458498628005e-08,0.242954746288254,0.00385048250366145,0.95052121768829,0.999999999902037
"CEP57",1.36402896645599e-08,0.242806665131679,0.00384734527373966,0.950541352684164,0.999999999902037
"MT-ATP6",1.36402348054509e-08,0.242805203841811,0.00384731432696152,0.950541551344132,0.999999999902037
"COX20",1.35603001730688e-08,0.240670497922927,0.00380235431638342,0.950831019960021,0.999999999902037
"NAA20",1.35044324067891e-08,0.239171974948113,0.00377108783393405,0.951033338687093,0.999999999902037
"EGFL7",1.3375561172085e-08,0.235694534394872,0.00369945714518058,0.951500043143431,0.999999999902037
"RPA3",1.3372329066035e-08,0.235606944023101,0.0036976694679382,0.951511748361777,0.999999999902037
"TIPRL",1.33251992072492e-08,0.23432761421329,0.00367165103292532,0.951682432465637,0.999999999902037
"PPT1",1.33080947931337e-08,0.233862340533426,0.00366223111621407,0.951744377854952,0.999999999902037
"NGLY1",1.33020677517335e-08,0.233698268645235,0.00365891472558717,0.951766205472785,0.999999999902037
"FAM13B",1.31725602800753e-08,0.230156945058586,0.00358801596081616,0.952235240267943,0.999999999902037
"MRPL16",1.31577237671733e-08,0.229749307036481,0.00357993800711316,0.952288974449453,0.999999999902037
"DUSP23",1.31144776739398e-08,0.228558810531252,0.00355644398773581,0.952445602343563,0.999999999902037
"MT-ND2",1.30347915994972e-08,0.226356165784294,0.00351335602435104,0.952734212688413,0.999999999902037
"ASB8",1.29401880509858e-08,0.223725849636012,0.0034625428157009,0.953076859807626,0.999999999902037
"HNRNPC",1.29170764905589e-08,0.223080712336601,0.00345018545213029,0.953160569506417,0.999999999902037
"PPP4R2",1.28375884134114e-08,0.220854150274251,0.00340785315147902,0.95344847797797,0.999999999902037
"ATP5C1",1.2826269297285e-08,0.22053610809911,0.00340184627873906,0.953489476689833,0.999999999902037
"FAM96A",1.28026800334761e-08,0.219872512888822,0.00338934486390088,0.953574919218635,0.999999999902037
"AKAP9",1.27239976959993e-08,0.217651328448441,0.00334781260756308,0.953859917886725,0.999999999902037
"CNTRL",1.26421761191509e-08,0.215328756633848,0.0033048948733528,0.95415629358576,0.999999999902037
"TERF2IP",1.26364219744154e-08,0.215164926645193,0.00330188708174226,0.954177136599238,0.999999999902037
"SAP18",1.26363183890019e-08,0.215161976800359,0.00330183294839069,0.954177511812918,0.999999999902037
"CENPT",1.26359786755881e-08,0.215152302492112,0.00330165541853891,0.954178742344547,0.999999999902037
"ELF2",1.26253751951214e-08,0.214850223823603,0.00329611657572814,0.954217151003747,0.999999999902037
"UCHL5",1.24666171252348e-08,0.210300708268983,0.00321374356623458,0.954792228111769,0.999999999902037
"DECR1",1.24590039434818e-08,0.210081268383798,0.00320981959185277,0.954819806305528,0.999999999902037
"PARP14",1.24275852425365e-08,0.209174424478267,0.00319365117192405,0.954933618822315,0.999999999902037
"SNRNP200",1.2386206305435e-08,0.207977034632237,0.00317241939036843,0.955083513148669,0.999999999902037
"TMBIM1",1.23464037715425e-08,0.206821958480626,0.00315206328695839,0.955227698486719,0.999999999902037
"MPP1",1.23446957814883e-08,0.206772319547815,0.00315119124025451,0.955233885741789,0.999999999902037
"CALCOCO1",1.23225546492348e-08,0.20612829299474,0.00313989758449377,0.95531409302943,0.999999999902037
"PYGL",1.22718255368132e-08,0.204648897041674,0.00311409833199998,0.955497863317746,0.999999999902037
"WNK1",1.22675581031104e-08,0.2045242037606,0.00311193290069954,0.955513322547441,0.999999999902037
"NDUFB9",1.22518312090682e-08,0.204064340591261,0.00310395907777423,0.955570295028022,0.999999999902037
"PIH1D1",1.21763065566163e-08,0.201848744751234,0.00306580920684469,0.955843894916219,0.999999999902037
"XRCC6",1.21651717814769e-08,0.201521079117499,0.00306020463579786,0.955884232824827,0.999999999902037
"AQP10",1.21407374670233e-08,0.200801125239543,0.00304792385420742,0.955972751321059,0.999999999902037
"UBL4A",1.20408262277927e-08,0.197844016381297,0.00299796497305464,0.956334706653438,0.999999999902037
"CFAP97",1.20293913412274e-08,0.197504207760188,0.00299227348467421,0.956376133180748,0.999999999902037
"PCNP",1.20191820761765e-08,0.197200582132361,0.00298719659442874,0.956413119602397,0.999999999902037
"SRSF2",1.2015438572335e-08,0.1970891930904,0.00298533609503906,0.956426681700251,0.999999999902037
"MTCH2",1.20026701493726e-08,0.196709036697821,0.00297899462355499,0.956472939688519,0.999999999902037
"NDUFS3",1.19941123002158e-08,0.196454044566052,0.00297474811876345,0.95650394351216,0.999999999902037
"ABCE1",1.19635551315384e-08,0.195542255109411,0.0029596100100265,0.956614648158139,0.999999999902037
"CPNE3",1.19489040786813e-08,0.195104363149648,0.00295236553275292,0.956667727313172,0.999999999902037
"CDC123",1.19232638291206e-08,0.194336894780362,0.00293970861128814,0.956760619582901,0.999999999902037
"YWHAG",1.19148503397423e-08,0.19408474648441,0.00293556134402898,0.956791101010368,0.999999999902037
"ATF6B",1.19089686988805e-08,0.193908384069083,0.00293266384125026,0.956812409782151,0.999999999902037
"DICER1",1.19055544857616e-08,0.193805973148225,0.0029309825362902,0.956824779250664,0.999999999902037
"WAPL",1.18811643084901e-08,0.19307363090628,0.00291898579006109,0.956913143553426,0.999999999902037
"TMEM14B",1.18484055856711e-08,0.19208794373913,0.00290291153686584,0.957031827480396,0.999999999902037
"CCDC124",1.18107945707972e-08,0.190953313387911,0.00288451105960256,0.957168092298846,0.999999999902037
"CD47",1.18086470947241e-08,0.190888434158315,0.00288346221309158,0.95717587264884,0.999999999902037
"SMOX",1.17243934684111e-08,0.188334802142755,0.00284246251841877,0.95748112848299,0.999999999902037
"IL17RA",1.17173590785473e-08,0.188120873119803,0.00283905270599743,0.957506614773059,0.999999999902037
"EIF2S2",1.17128332997749e-08,0.187983176337492,0.00283685998612532,0.957523012140047,0.999999999902037
"FO538757.3",1.17084969035106e-08,0.187851197892447,0.00283475981590736,0.957538723371382,0.999999999902037
"ARHGAP4",1.16763410270398e-08,0.186871197164591,0.00281921059287604,0.957655228094028,0.999999999902037
"IMP3",1.1606601545371e-08,0.18473764679316,0.00278563446895127,0.957907905977543,0.999999999902037
"KCTD20",1.15950276971318e-08,0.184382483000272,0.00278008169181784,0.957949840388169,0.999999999902037
"JAK1",1.1556726905927e-08,0.183204943076756,0.00276174564821555,0.958088612788524,0.999999999902037
"PRPF8",1.15073437467335e-08,0.181681637315557,0.0027381935932415,0.958267540980336,0.999999999902037
"FKBP5",1.1471978747724e-08,0.180587230725886,0.00272138912217272,0.958395678978367,0.999999999902037
"LAGE3",1.14661719527077e-08,0.180407251715096,0.002718634837191,0.958416718841111,0.999999999902037
"ANXA7",1.14311990952704e-08,0.179321596148244,0.00270207596643792,0.95854343722405,0.999999999902037
"TAF7",1.1413934721828e-08,0.178784591100603,0.00269392031784434,0.958605992221239,0.999999999902037
"GABPB1-AS1",1.13842584409454e-08,0.177859855102497,0.00267993011926702,0.958713520591914,0.999999999902037
"B3GNT2",1.1371034898455e-08,0.177447120608683,0.00267370791548629,0.958761434721299,0.999999999902037
"VAMP5",1.1338728223621e-08,0.17643699463895,0.00265853675362895,0.958878495220057,0.999999999902037
"CD37",1.12587234507453e-08,0.173924633948251,0.00262115244616025,0.959168389546913,0.999999999902037
"RRM2",1.11759308062713e-08,0.171308246754986,0.00258274414374308,0.959468391307753,0.999999999902037
"MCUR1",1.10940006804928e-08,0.168702389001822,0.00254501504079582,0.959765273355703,0.999999999902037
"HMG20B",1.10701309119033e-08,0.167940027183604,0.00253407515204546,0.959851768913525,0.999999999902037
"SON",1.10634417022553e-08,0.167726126961864,0.00253101360946418,0.959876008316704,0.999999999902037
"CSDE1",1.10359290637051e-08,0.166845167860822,0.0025184409796695,0.959975705079225,0.999999999902037
"G6PD",1.10125016391371e-08,0.166093503741302,0.0025077598740606,0.960060598862009,0.999999999902037
"FAM46C",1.09760070643289e-08,0.164919794264711,0.00249116637172171,0.960192844881078,0.999999999902037
"TIMM17B",1.09647447929618e-08,0.16455689744,0.00248605671798826,0.960233656389085,0.999999999902037
"COX7A2L",1.09582394172728e-08,0.16434713052008,0.00248310764154291,0.960257230206321,0.999999999902037
"TGOLN2",1.09231174414691e-08,0.163212733262177,0.00246721605836642,0.96038450386117,0.999999999902037
"SNRPC",1.09122689366995e-08,0.162861695364381,0.00246231776556096,0.960423816456595,0.999999999902037
"VMA21",1.08908206056779e-08,0.162166767903767,0.00245264778682634,0.960501540774312,0.999999999902037
"GABARAP",1.08455768664177e-08,0.16069693649448,0.00243231204428815,0.960665495962724,0.999999999902037
"CSK",1.08446883122622e-08,0.160668016463761,0.00243191351270827,0.96066871594014,0.999999999902037
"IVNS1ABP",1.08152869168323e-08,0.159709910886575,0.00241874490453261,0.960775262232157,0.999999999902037
"LPIN2",1.07358929265597e-08,0.157111274448358,0.00238336369644279,0.961062977760646,0.999999999902037
"ACRBP",1.07205404987914e-08,0.156606839018971,0.00237655210528331,0.961118613941679,0.999999999902037
"DHX15",1.07088961023592e-08,0.156223817395247,0.00237139220020175,0.961160812589119,0.999999999902037
"MDK",1.0656608247262e-08,0.154499402543253,0.00234829135057717,0.961350302218283,0.999999999902037
"FBXW5",1.06499710949482e-08,0.154279985603722,0.00234536713428234,0.961374355216923,0.999999999902037
"ATP5G1",1.06272978510211e-08,0.153529530705565,0.00233539143105887,0.961456523176734,0.999999999902037
"RAB8A",1.06005650566942e-08,0.152642910514082,0.00232365693054617,0.961553403495218,0.999999999902037
"AURKAIP1",1.05340947826928e-08,0.150429858113288,0.00229460756121075,0.961794295896374,0.999999999902037
"SMU1",1.05338115985307e-08,0.150420403742813,0.00229448419270138,0.961795322180842,0.999999999902037
"DTYMK",1.05181078677891e-08,0.149895771883324,0.00228764809096916,0.961852233990014,0.999999999902037
"RNF138",1.04994775441949e-08,0.149272479647956,0.00227955122041382,0.961919752301246,0.999999999902037
"DPP7",1.04943070936611e-08,0.149099326800137,0.00227730665068144,0.961938490622614,0.999999999902037
"SPG21",1.04813557253586e-08,0.148665271878897,0.00227168912167158,0.961985427998167,0.999999999902037
"G3BP2",1.04401905807981e-08,0.147282535146593,0.00225388020910223,0.962134616495161,0.999999999902037
"CENPU",1.03851649883983e-08,0.145426766289743,0.00223018442255768,0.962334039349453,0.999999999902037
"SF3A1",1.03839950269508e-08,0.145387215481391,0.00222968195912562,0.962338279530274,0.999999999902037
"DCAF7",1.03626841984839e-08,0.14466611582415,0.00222053950262788,0.962415514540264,0.999999999902037
"USMG5",1.03430497550515e-08,0.144000592495491,0.002212132848079,0.962486674283773,0.999999999902037
"HIST1H1B",1.029328007419e-08,0.142308654735676,0.00219089496168002,0.962667052403322,0.999999999902037
"ZMYND8",1.02861685984773e-08,0.142066314170076,0.00218786869327403,0.962692826375948,0.999999999902037
"CPT1A",1.02524651726171e-08,0.140915794151244,0.00217355474063625,0.962814977526851,0.999999999902037
"PPP1CC",1.02030608944774e-08,0.139223312906251,0.0021526574882458,0.962994034771541,0.999999999902037
"DNAJC2",1.01566268348111e-08,0.137626043446196,0.00213310861436885,0.963162328675711,0.999999999902037
"HSD17B11",1.01421840727218e-08,0.13712793062605,0.00212704635054918,0.963214674828323,0.999999999902037
"RALY",1.01359199042247e-08,0.13691169453036,0.00212441968514732,0.96323737864566,0.999999999902037
"WBP11",1.0132407363088e-08,0.136790392186259,0.00212294753094097,0.963250109493195,0.999999999902037
"ATP5F1",1.0108635045221e-08,0.135968469991055,0.00211299763862729,0.963336270083788,0.999999999902037
"CAPN2",1.01006317335436e-08,0.135691377329247,0.00210965311503264,0.963365277450926,0.999999999902037
"KIAA1551",1.0026250361181e-08,0.133106908006587,0.00207869641446695,0.963634869138202,0.999999999902037
"ITM2B",9.98523028221024e-09,0.131674440191294,0.00206172219972271,0.963783546211387,0.999999999902037
"KAT6B",9.9786413129986e-09,0.131443866709662,0.00205900215388305,0.963807428015196,0.999999999902037
"COMMD2",9.96421179350085e-09,0.130938457006717,0.0020530516583066,0.963859728107927,0.999999999902037
"POLE4",9.92232521786777e-09,0.129467702272074,0.00203582710386436,0.964011547750172,0.999999999902037
"RNF11",9.89259367822703e-09,0.128420448869023,0.00202364496135534,0.964119311749043,0.999999999902037
"RNF10",9.84730496359673e-09,0.126819916965089,0.002005158708451,0.964283465051578,0.999999999902037
"KLF6",9.84460396945497e-09,0.12672425900109,0.00200405887876469,0.964293255112558,0.999999999902037
"FEN1",9.81167441882505e-09,0.125556183410653,0.00199067441194262,0.96441261245277,0.999999999902037
"GOPC",9.79635705694662e-09,0.125011678825165,0.00198446383502018,0.964468132448984,0.999999999902037
"TOMM5",9.78177275879425e-09,0.124492541455316,0.00197855950376602,0.964520995509675,0.999999999902037
"SMARCB1",9.69220322294458e-09,0.121289342478863,0.00194249093323651,0.964845657657202,0.999999999902037
"SUPT16H",9.66182315927312e-09,0.120197009804808,0.00193033260159515,0.964955777414087,0.999999999902037
"FAM195B",9.6537159147702e-09,0.119905001835232,0.00192709447307931,0.964985164160553,0.999999999902037
"TYMP",9.61968958369007e-09,0.118677094297614,0.00191353360287767,0.965108501672523,0.999999999902037
"FOXP1",9.59776350043661e-09,0.117883835743039,0.00190482053965657,0.965187979051531,0.999999999902037
"NFKBIA",9.54020354586558e-09,0.115793827194359,0.00188204177215353,0.9653966232636,0.999999999902037
"IGF1R",9.53123504014917e-09,0.11546718802289,0.0018785049149993,0.965429132655291,0.999999999902037
"C7orf50",9.41973121289126e-09,0.111383552133985,0.00183480957635168,0.965833320888062,0.999999999902037
"CAPZA1",9.41466340314383e-09,0.111196950621848,0.00183283585452012,0.965851691310486,0.999999999902037
"IFNGR1",9.37161454062833e-09,0.109608301612326,0.00181611276937598,0.966007740871874,0.999999999902037
"COX6C",9.3689754592055e-09,0.109510703244917,0.00181509006520783,0.966017307427183,0.999999999902037
"VPS37B",9.25701345479997e-09,0.105347835263033,0.00177196756013693,0.966423169308698,0.999999999902037
"SRRM2",9.25410123388685e-09,0.105238969854515,0.00177085282711935,0.966433726216031,0.999999999902037
"GOLGA4",9.24300495259751e-09,0.104823891198922,0.00176660863314742,0.966473950695483,0.999999999902037
"HNRNPA3",9.20602586889043e-09,0.103437463569826,0.00175250134038774,0.96660800202146,0.999999999902037
"KIF2A",9.20133042962055e-09,0.103261073113973,0.00175071410554113,0.966625023329095,0.999999999902037
"RBBP4",9.09080733050293e-09,0.099086238808721,0.00170890879107379,0.967025681947912,0.999999999902037
"SCAF4",9.08559373756829e-09,0.0988882102244523,0.00170694922914422,0.967044582012894,0.999999999902037
"LAMP1",9.04389365320026e-09,0.0973007270678888,0.00169131644125632,0.967195751807465,0.999999999902037
"TCF25",9.03605960648693e-09,0.0970017787597418,0.00168838758918459,0.967224151671455,0.999999999902037
"PPP6R3",8.95066169616242e-09,0.0937282064114161,0.00165662519537246,0.967533737533191,0.999999999902037
"NDUFB4",8.90561969360185e-09,0.0919905945411705,0.00163999402972903,0.967697026490764,0.999999999902037
"ATIC",8.88596170384328e-09,0.0912298283324415,0.00163276187626238,0.967768292234161,0.999999999902037
"LAT2",8.80255378591472e-09,0.0879854849847271,0.00160225395313231,0.968070672258767,0.999999999902037
"CNIH1",8.78972482544016e-09,0.0874840912696009,0.00159758706341293,0.968117181697531,0.999999999902037
"CCAR1",8.77989526091203e-09,0.0870994899245304,0.00159401589258163,0.968152817357327,0.999999999902037
"MTSS1",8.77969511559831e-09,0.0870916549313731,0.00159394321946536,0.968153542955779,0.999999999902037
"EIF4G1",8.76932278657485e-09,0.0866854005148257,0.00159017927611289,0.968191146399813,0.999999999902037
"CCNB1",8.67211992232603e-09,0.0828576985441579,0.00155512221989708,0.968543545363514,0.999999999902037
"DNAJC1",8.66840370766113e-09,0.0827106168900351,0.00155378968995194,0.968557018239026,0.999999999902037
"SVIP",8.66407099360951e-09,0.0825390656175608,0.00155223682181242,0.968572726201137,0.999999999902037
"ATP6V0B",8.64880252280817e-09,0.0819339212688817,0.00154677070792508,0.968628081107769,0.999999999902037
"PPP2R1A",8.64369577527233e-09,0.0817313141704667,0.00154494464345445,0.96864659534223,0.999999999902037
"CALM3",8.63381191604098e-09,0.0813388807456984,0.00154141344908474,0.968682428782402,0.999999999902037
"RAB11A",8.61870590584253e-09,0.0807383453764442,0.00153602434917411,0.96873719499338,0.999999999902037
"SCAND1",8.61453772751562e-09,0.0805724786580394,0.0015345390043203,0.968752306576312,0.999999999902037
"GUSB",8.59703705374245e-09,0.0798752979707278,0.00152831041991086,0.968815754771779,0.999999999902037
"ELF1",8.59156413045199e-09,0.0796570165659435,0.00152636517685771,0.968835596740187,0.999999999902037
"MMD",8.57473112401065e-09,0.0789848885503917,0.00152038997963544,0.968896624572262,0.999999999902037
"IL16",8.55657507250959e-09,0.0782586386705374,0.00151395827842902,0.968962449290079,0.999999999902037
"OSTF1",8.47842606905494e-09,0.0751171898560804,0.0014864299660203,0.969245780708533,0.999999999902037
"NR3C1",8.44177941618176e-09,0.073635337005722,0.00147360802058535,0.969378645522376,0.999999999902037
"CD99",8.42927470251504e-09,0.0731284068917559,0.00146924557576003,0.969423982366467,0.999999999902037
"DDX21",8.39670614791016e-09,0.0718050149232265,0.00145791393358226,0.969542062741387,0.999999999902037
"CARD19",8.39256071424371e-09,0.0716362475268313,0.00145647475171258,0.969557092451161,0.999999999902037
"ARL6IP4",8.35286383136062e-09,0.0700164229283983,0.00144272906170074,0.969701018260432,0.999999999902037
"FTL",8.31577080734718e-09,0.0684967570373333,0.00142994389941587,0.96983550435908,0.999999999902037
"HSP90AA1",8.28708566464708e-09,0.067317486943562,0.00142009576868227,0.969939507061968,0.999999999902037
"ATP1B3",8.24070066941088e-09,0.0654029918472618,0.00140424296129023,0.970107684572394,0.999999999902037
"FAM63A",8.20597832279419e-09,0.0639636882410227,0.0013924342838178,0.970233577830623,0.999999999902037
"PSMD11",8.17894806261341e-09,0.0628395466085506,0.00138327611388995,0.970331582305866,0.999999999902037
"HTATSF1",8.15163788506759e-09,0.0617004616951982,0.00137405379217672,0.970430602141424,0.999999999902037
"HIST1H1E",8.13659252099107e-09,0.0610715065734429,0.00136898632922194,0.970485153042646,0.999999999902037
"GRSF1",8.09615945113911e-09,0.0593761963911374,0.00135541436062949,0.970631754392523,0.999999999902037
"COPB2",8.08872403249672e-09,0.0590636330940739,0.00135292591027883,0.970658713680738,0.999999999902037
"COX4I1",8.08238520795425e-09,0.0587969690835353,0.00135080626826771,0.970681696972314,0.999999999902037
"GSTP1",8.04536253470558e-09,0.0572358247001456,0.00133845943814058,0.970815934159012,0.999999999902037
"METTL5",8.02206734749135e-09,0.0562503098135194,0.00133071969415552,0.970900398510705,0.999999999902037
"URI1",8.01655136118612e-09,0.0560165870195376,0.00132889031334538,0.970920398578406,0.999999999902037
"ZNHIT1",8.00760805378233e-09,0.0556373433209124,0.00132592693302387,0.970952825592901,0.999999999902037
"RPL7L1",8.00200075837003e-09,0.0553993754065131,0.00132407063315459,0.970973156781406,0.999999999902037
"CCNI",7.95345123781194e-09,0.0533328678573873,0.00130805264256813,0.97114919064381,0.999999999902037
"COMMD6",7.92309140811249e-09,0.0520349944825076,0.00129808553277366,0.971259271911921,0.999999999902037
"PTGS2",7.88551843465028e-09,0.0504227304395916,0.00128580313314173,0.971395507971752,0.999999999902037
"CLCN3",7.87594352107896e-09,0.0500107957047902,0.00128268248116675,0.971430225839362,0.999999999902037
"MTF2",7.84279333919651e-09,0.0485812102519099,0.00127190747478116,0.971550426154215,0.999999999902037
"PSMD13",7.80970721870815e-09,0.0471491124929108,0.00126119860711474,0.971670394831136,0.999999999902037
"EIF3I",7.79409737543993e-09,0.0464716153039204,0.00125616194261823,0.971726995592576,0.999999999902037
"HECTD1",7.72373711229445e-09,0.043403049150203,0.00123358461435835,0.97198212128,0.999999999902037
"HDLBP",7.72233586188859e-09,0.0433416898372639,0.00123313705791837,0.971987202230693,0.999999999902037
"RAB10",7.71766411702541e-09,0.043137048620467,0.00123164549908275,0.97200414204153,0.999999999902037
"GIT2",7.6884404786226e-09,0.0418544736342457,0.00122233568293481,0.972110107640788,0.999999999902037
"MIEN1",7.68257303546101e-09,0.0415964482743741,0.00122047074075072,0.972131383186914,0.999999999902037
"KIAA0922",7.60258613129679e-09,0.0380616767312294,0.00119518924118304,0.97242142036156,0.999999999902037
"PGAM1",7.53649896111917e-09,0.0351165568462432,0.00117450065737674,0.972661059044151,0.999999999902037
"MAN1A2",7.50070426183971e-09,0.0335119610818841,0.00116337053949131,0.972790855232188,0.999999999902037
"MFSD1",7.49294495057582e-09,0.0331632463488869,0.00116096482271463,0.97281899158897,0.999999999902037
"COX14",7.49199428202202e-09,0.0331205002239705,0.00116067024621882,0.972822438849527,0.999999999902037
"ADSL",7.47367927580189e-09,0.0322960525086656,0.00115500240969762,0.972888851788536,0.999999999902037
"OAZ1",7.46751940583517e-09,0.0320183699461017,0.00115309926871203,0.972911188436288,0.999999999902037
"CTSG",7.44800454674427e-09,0.0311373304322147,0.00114708035786447,0.972981952494515,0.999999999902037
"REL",7.31961384124001e-09,0.0252900424866673,0.00110787386244532,0.973447523385593,0.999999999902037
"TNFAIP8",7.26462847564386e-09,0.022758396984101,0.00109129155490379,0.973646914315078,0.999999999902037
"RILPL2",7.25162414459542e-09,0.0221572016485881,0.00108738803398475,0.973694071570357,0.999999999902037
"SUMO2",7.25117215356221e-09,0.0221362889884126,0.00108725248522657,0.973695710614916,0.999999999902037
"TOMM22",7.23880958055089e-09,0.0215638569867184,0.001083548317151,0.973740540768618,0.999999999902037
"LAP3",7.2373259252276e-09,0.0214951009554418,0.00108310419786204,0.973745920924115,0.999999999902037
"CCS",7.22085574640549e-09,0.0207310061743617,0.00107818010801197,0.973805646549534,0.999999999902037
"GBAS",7.21287722936032e-09,0.0203603141130544,0.00107579880412569,0.97383457900957,0.999999999902037
"PSMB8",7.20614419325520e-09,0.0200472097914881,0.00107379128030426,0.973858995014533,0.999999999902037
"MRPS18C",7.16536348619254e-09,0.0181453151357194,0.00106167216103349,0.974006878591829,0.999999999902037
"CENPF",7.14319898066441e-09,0.0171076553801229,0.00105511421214106,0.974087254384716,0.999999999902037
"SERPINE1",7.12284754389612e-09,0.016152395969732,0.00104911059916119,0.974161055625231,0.999999999902037
"HIST1H3H",7.09909710581942e-09,0.0150345730248037,0.00104212595017312,0.974247183081722,0.999999999902037
"SAFB2",7.08816230022401e-09,0.0145188233979969,0.00103891802999781,0.974286836640498,0.999999999902037
"PAFAH1B1",7.08222332007851e-09,0.0142384147951778,0.00103717779651956,0.974308373556496,0.999999999902037
"SSR2",7.03974864079752e-09,0.0122269636927127,0.00102477443420397,0.974462402836717,0.999999999902037
"BSG",7.02796586800688e-09,0.0116670941701645,0.00102134687451694,0.974505131804195,0.999999999902037
"MDH2",6.99461365804224e-09,0.0100778737548596,0.00101167598315144,0.974626080428875,0.999999999902037
"TP53",6.97992355383078e-09,0.00937579416883527,0.00100743099689893,0.974679352883119,0.999999999902037
"MRPL21",6.9630207148507e-09,0.00856636260720169,0.00100255764106898,0.974740649777681,0.999999999902037
"IL18",6.93766009731702e-09,0.00734868405085285,0.000995267937429455,0.974832618459908,0.999999999902037
"CCT6A",6.9232800543585e-09,0.00665650363115512,0.000991146327868843,0.974884766928746,0.999999999902037
"TIMM8B",6.91817978979642e-09,0.00641070159624219,0.000989686543938315,0.974903262795511,0.999999999902037
"SNW1",6.90832354442267e-09,0.00593524088656575,0.000986868564327523,0.974939006038629,0.999999999902037
"YPEL3",6.86987372788808e-09,0.00407475440355472,0.000975913860324001,0.975078443098424,0.999999999902037
"RCN2",6.82587238034517e-09,0.0019344455230869,0.000963452494363808,0.975238013546432,0.999999999902037
"VAPA",6.82097692225342e-09,0.00169557641155627,0.000962071029925267,0.975255766937756,0.999999999902037
"MMP24-AS1",6.77298389043189e-09,-0.00065416456584084,0.000948580215239916,0.975429814438542,0.999999999902037
"AIG1",6.76651254157752e-09,-0.000972114520122733,0.000946768410876313,0.975453282978799,0.999999999902037
"BUB3",6.73851982602688e-09,-0.00235051921550235,0.000938951149423627,0.975554799643852,0.999999999902037
"ENKUR",6.73359033276979e-09,-0.00259377311229602,0.000937577892241181,0.975572676682759,0.999999999902037
"ADSS",6.6925428907945e-09,-0.00462539150478429,0.000926181929338291,0.975721537635311,0.999999999902037
"COPS3",6.68739928934992e-09,-0.00488073817455285,0.000924758828995517,0.975740191266947,0.999999999902037
"HNRNPU",6.62714232813454e-09,-0.00788496101435308,0.000908168789395664,0.975958718351307,0.999999999902037
"HAX1",6.62192480711868e-09,-0.00814621180173928,0.000906739357446558,0.975977640227907,0.999999999902037
"HMGB1",6.59822886056855e-09,-0.00933497938649708,0.000900261602094358,0.976063576185221,0.999999999902037
"ARMC8",6.57147412076007e-09,-0.0106816916672695,0.000892975576557082,0.976160605526727,0.999999999902037
"SMC4",6.56221902168288e-09,-0.0111486669216969,0.000890462059050613,0.976194170359521,0.999999999902037
"SIGMAR1",6.55665471940699e-09,-0.0114296964430777,0.000888952600319159,0.976214350053089,0.999999999902037
"CCNB1IP1",6.55139382947363e-09,-0.0116955936259553,0.000887526627544278,0.976233429394828,0.999999999902037
"CUX1",6.50495155763353e-09,-0.0140510191882749,0.000874988027099942,0.976401859277132,0.999999999902037
"CRBN",6.48816193107079e-09,-0.0149061609906595,0.00087047707468977,0.976462749641841,0.999999999902037
"VIM-AS1",6.46982545070863e-09,-0.0158423003658424,0.000865563840024576,0.97652925008503,0.999999999902037
"SPN",6.46017956314724e-09,-0.0163356865718966,0.000862984819101806,0.976564232643642,0.999999999902037
"U2AF2",6.43170073065309e-09,-0.01779614158263,0.000855392885128439,0.976667516551427,0.999999999902037
"SNRPA1",6.4314743941133e-09,-0.0178077712174354,0.000855332682308903,0.976668337405547,0.999999999902037
"B2M",6.42000590000984e-09,-0.0183975146312112,0.000852284973100596,0.9767099301946,0.999999999902037
"SATB1",6.41374736840791e-09,-0.0187197349681019,0.00085062408600013,0.976732628038687,0.999999999902037
"MKRN1",6.39974173710357e-09,-0.0194418111575998,0.000846913144822484,0.976783422391567,0.999999999902037
"COPS5",6.39406807826667e-09,-0.0197347161384131,0.000845412157289376,0.97680399912947,0.999999999902037
"POLR2B",6.39322365215019e-09,-0.0197783294010191,0.000845188875035695,0.976807061622803,0.999999999902037
"CHD3",6.34504489056008e-09,-0.022275061933141,0.00083249833774195,0.97698179285181,0.999999999902037
"LMNB1",6.310799236377e-09,-0.0240598420719819,0.0008235362217378,0.977105993172149,0.999999999902037
"WEE1",6.2747364519039e-09,-0.0259484981475619,0.000814150991334981,0.977236784364089,0.999999999902037
"MRPL43",6.2683109464114e-09,-0.0262860056170165,0.000812484418342884,0.977260088217483,0.999999999902037
"RYBP",6.26707818099044e-09,-0.026350792680072,0.000812164873185081,0.97726455918073,0.999999999902037
"GRAP2",6.24427020154265e-09,-0.0275514625311745,0.000806264154541212,0.977347278727197,0.999999999902037
"MORF4L2",6.15784729724182e-09,-0.03213603628833,0.000784100637627116,0.977660717877171,0.999999999902037
"KRT10",6.15573054595415e-09,-0.0322490297508632,0.000783561663311391,0.977668394967946,0.999999999902037
"RBM8A",6.14233687900353e-09,-0.0329647799332844,0.000780155618619386,0.977716971529132,0.999999999902037
"IL6ST",6.09837756248719e-09,-0.03532356486871,0.000769028782928919,0.977876405103307,0.999999999902037
"PPP2R5C",6.09791082240202e-09,-0.0353486889913689,0.000768911072006518,0.97787809790144,0.999999999902037
"ZNF706",6.09727602907348e-09,-0.0353828619386374,0.000768750992849131,0.977880400204307,0.999999999902037
"PIK3CA",6.09385096956775e-09,-0.0355672974643299,0.000767887565196338,0.97789282239903,0.999999999902037
"EIF4A3",6.07864992838062e-09,-0.03638695088444,0.000764061369948795,0.977947954438275,0.999999999902037
"PSMC1",6.06365701917911e-09,-0.0371971381145564,0.000760296923745691,0.978002331715258,0.999999999902037
"GGCT",6.0624396983348e-09,-0.0372629965433703,0.000759991684716693,0.978006746779684,0.999999999902037
"TWF2",5.99084551328849e-09,-0.041156799202655,0.000742147481518848,0.978266410760608,0.999999999902037
"CCND2",5.97184606097923e-09,-0.0421969508426973,0.000737447631872234,0.978335320004893,0.999999999902037
"SSNA1",5.97036412394132e-09,-0.042278203086754,0.000737081676236271,0.978340694859334,0.999999999902037
"SNAP29",5.96232472199210e-09,-0.0427192980631422,0.000735097976041503,0.97836985307561,0.999999999902037
"ANKRD36C",5.9233823958098e-09,-0.0448633173042011,0.000725526897250479,0.978511093936461,0.999999999902037
"SRSF7",5.91772390633371e-09,-0.0451758769228018,0.00072414139648705,0.978531616904403,0.999999999902037
"JUNB",5.90598413213452e-09,-0.0458251841400135,0.000721271095647685,0.97857419633606,0.999999999902037
"CD68",5.89728483917117e-09,-0.0463070553876791,0.000719147850024436,0.978605748170557,0.999999999902037
"EIF2A",5.8780947934287e-09,-0.0473722307764365,0.000714475182244775,0.978675349479401,0.999999999902037
"MRFAP1",5.86906264293863e-09,-0.0478746274119742,0.000712281175637039,0.978708108680869,0.999999999902037
"UQCRC2",5.84216865136292e-09,-0.0493745672184896,0.000705768314781774,0.978805652184821,0.999999999902037
"OGT",5.84172191780757e-09,-0.0493995334829168,0.00070566038282956,0.978807272473437,0.999999999902037
"MAGOH",5.83218485874856e-09,-0.0499329223864746,0.000703358174240343,0.978841863108848,0.999999999902037
"SYNGR2",5.81914702841186e-09,-0.0506633371099167,0.000700216979399917,0.978889151004069,0.999999999902037
"MADD",5.81062562298421e-09,-0.0511415026080323,0.000698167722385645,0.978920057975507,0.999999999902037
"SCAMP3",5.80629063425251e-09,-0.0513849890106725,0.000697126381767754,0.978935780907312,0.999999999902037
"BOLA3",5.7426945176978e-09,-0.0549754209832713,0.000681938808132856,0.979166443898469,0.999999999902037
"CCT8",5.73629148865271e-09,-0.0553388380399618,0.000680418950267739,0.979189667769215,0.999999999902037
"ERGIC3",5.72584811282569e-09,-0.0559323345768576,0.000677943691669237,0.979227546068831,0.999999999902037
"ILF3",5.71819498576375e-09,-0.0563678623154768,0.000676132633558956,0.979255304119032,0.999999999902037
"PDZK1IP1",5.71061722374711e-09,-0.0567996033179883,0.000674341796653913,0.979282788843403,0.999999999902037
"EIF5A",5.68591453907e-09,-0.0582105170244573,0.000668520351140714,0.979372386243113,0.999999999902037
"TLK1",5.6772052612058e-09,-0.0587092318180057,0.000666473936147418,0.979403975124821,0.999999999902037
"NUMA1",5.65696506950211e-09,-0.0598708225971215,0.000661730223937637,0.979477387193785,0.999999999902037
"CYBA",5.60239926356453e-09,-0.0630205622319963,0.000649025991722492,0.979675300645305,0.999999999902037
"STRA13",5.55018113458562e-09,-0.0660599893785674,0.000636983658335662,0.979864700103322,0.999999999902037
"TRIM58",5.54789973509443e-09,-0.0661933502195176,0.000636460102261628,0.979872974953283,0.999999999902037
"PDCD6IP",5.54499475420649e-09,-0.066363232337404,0.000635793752665809,0.979883511594599,0.999999999902037
"SCCPDH",5.50863091879883e-09,-0.0684963814930788,0.000627482080338848,0.980015406972302,0.999999999902037
"CLPP",5.46592372087922e-09,-0.0710174098814168,0.000617790335766102,0.980170311076746,0.999999999902037
"IMMT",5.46580802794141e-09,-0.071024262641027,0.000617764183471952,0.980170730709859,0.999999999902037
"CD38",5.45507491390386e-09,-0.0716605617761075,0.000615340379612418,0.980209661113903,0.999999999902037
"ZCCHC7",5.43330004168627e-09,-0.0729548260235234,0.000610437709632099,0.980288641559247,0.999999999902037
"TRIM44",5.38374034949323e-09,-0.075917559117603,0.00059935231830754,0.980468402073116,0.999999999902037
"STRAP",5.3754926012779e-09,-0.076412930064281,0.000597517341066797,0.980498318002266,0.999999999902037
"FNBP4",5.37423920135059e-09,-0.0764882690941823,0.000597238728134414,0.980502864290811,0.999999999902037
"MRPL28",5.36245703281798e-09,-0.077197220110577,0.000594622895981583,0.980545600192926,0.999999999902037
"WDR33",5.35809302485777e-09,-0.0774601546087904,0.00059365547259897,0.980561429196181,0.999999999902037
"ANAPC5",5.34580895237635e-09,-0.0782012845542815,0.000590936539819631,0.980605985669107,0.999999999902037
"UQCC3",5.32409033833238e-09,-0.0795152742371338,0.000586144654621206,0.980684763017394,0.999999999902037
"MARCH2",5.31744346206781e-09,-0.0799183505480563,0.000584682020165632,0.980708872479619,0.999999999902037
"ASPM",5.31218567957209e-09,-0.0802375021907433,0.000583526347860577,0.980727943451666,0.999999999902037
"ATPIF1",5.30495471139886e-09,-0.0806768789713762,0.000581938832313935,0.980754171559542,0.999999999902037
"SNX6",5.27768665912411e-09,-0.0823384951289324,0.000575971748010173,0.980853078199853,0.999999999902037
"MTHFD2",5.26402593626053e-09,-0.0831737525256872,0.000572993925356772,0.980902628465094,0.999999999902037
"NOL7",5.26266640957116e-09,-0.0832569816506988,0.000572697992187541,0.980907559753419,0.999999999902037
"PCF11",5.24923055083049e-09,-0.0840805260250841,0.000569777470058002,0.980956294469085,0.999999999902037
"CCDC109B",5.24237266279553e-09,-0.0845015872126048,0.00056828966433559,0.980981169514154,0.999999999902037
"SUMO3",5.23693761808399e-09,-0.0848356305875526,0.000567111923326086,0.981000883611489,0.999999999902037
"METAP2",5.2341899311106e-09,-0.0850046215324312,0.000566516981254249,0.981010850078247,0.999999999902037
"CDK5RAP2",5.23032155780276e-09,-0.0852426694768609,0.000565679912147338,0.981024881526573,0.999999999902037
"NUSAP1",5.21335646601981e-09,-0.0862884700910268,0.000562016180426333,0.981086417748058,0.999999999902037
"WBP2",5.21243009030113e-09,-0.086345661428867,0.00056181646575513,0.981089777925365,0.999999999902037
"C22orf39",5.20571314485949e-09,-0.0867606090654307,0.000560369440463958,0.981114141837857,0.999999999902037
"DGCR6L",5.19312914303438e-09,-0.0875392623689244,0.00055766350308954,0.981159786966332,0.999999999902037
"MT-CO3",5.19055728001325e-09,-0.0876986030103745,0.000557111281507974,0.981169115724802,0.999999999902037
"DDX5",5.18949593057735e-09,-0.0877643793845225,0.000556883471945379,0.981172965492223,0.999999999902037
"SRPK1",5.16170082505977e-09,-0.0894911603168992,0.000550934076073593,0.981273785121892,0.999999999902037
"KCNA3",5.15744778406553e-09,-0.089756098464101,0.000550026553549632,0.981289211965737,0.999999999902037
"KIAA0125",5.15428649884544e-09,-0.089953150706185,0.00054935247676336,0.981300678742754,0.999999999902037
"MEST",5.14743254316223e-09,-0.0903807409805824,0.000547892436036887,0.981325539778051,0.999999999902037
"MT-CYB",5.14338268866972e-09,-0.090633628749378,0.00054703064260996,0.981340229635788,0.999999999902037
"SNRNP40",5.14299837014309e-09,-0.0906576360467642,0.000546948896347288,0.981341623657678,0.999999999902037
"FAM110A",5.1422622568498e-09,-0.0907036233511401,0.000546792338825276,0.981344293729596,0.999999999902037
"MAP3K8",5.13596732212596e-09,-0.0910971227714327,0.000545454439231125,0.981367127082646,0.999999999902037
"RSF1",5.13013106819e-09,-0.091462326533212,0.000544215489804558,0.981388296695725,0.999999999902037
"ADRM1",5.1130030864589e-09,-0.0925362107087023,0.000540587608841002,0.981450424422067,0.999999999902037
"FNBP1L",5.10790528828101e-09,-0.0928564377259172,0.000539510186169796,0.98146891550803,0.999999999902037
"PTCRA",5.10036042164098e-09,-0.0933308945180976,0.000537917546568083,0.981496282788155,0.999999999902037
"LST1",5.09505646091415e-09,-0.0936647998519945,0.000536799347141881,0.981515521707048,0.999999999902037
"RBX1",5.09091432878817e-09,-0.0939257747766403,0.000535926897534982,0.981530546362731,0.999999999902037
"ITGAE",5.07553507589862e-09,-0.0948963704860072,0.000532693802140454,0.981586331212065,0.999999999902037
"RAD21",5.05709664485215e-09,-0.0960634266287261,0.000528830486443888,0.981653212674401,0.999999999902037
"TRA2B",5.04541252315812e-09,-0.0968048965640508,0.000526389646500007,0.981695594391932,0.999999999902037
"INSIG1",5.03756097151885e-09,-0.0973039964628746,0.000524752611013391,0.981724074288982,0.999999999902037
"TTC17",5.03170415846994e-09,-0.0976767395930085,0.000523533135414674,0.981745318695112,0.999999999902037
"JUND",5.02282035877989e-09,-0.0982428525421693,0.000521686104042766,0.981777542908472,0.999999999902037
"RP11-1000B6.3",5.01646321780884e-09,-0.0986484935473768,0.000520366393941517,0.981800602188997,0.999999999902037
"HIST1H4C",4.99735039663468e-09,-0.0998707694856015,0.000516408735804723,0.98186993028614,0.999999999902037
"DNAJB6",4.98357400568275e-09,-0.100754313634452,0.000513565452061108,0.981919901589961,0.999999999902037
"GNG11",4.96152450320992e-09,-0.10217290285747,0.000509031030843968,0.981999882219421,0.999999999902037
"ATP6V1E1",4.95352392522039e-09,-0.102688994953224,0.000507390704802151,0.982028902930966,0.999999999902037
"RTF1",4.95187600817498e-09,-0.102795387354779,0.000507053167839624,0.982034880467705,0.999999999902037
"FKBP1A",4.94747156959369e-09,-0.103079897532797,0.000506151573641486,0.982050856818981,0.999999999902037
"PPP1R15A",4.93705506098078e-09,-0.103753646576805,0.000504022493397681,0.982088640959619,0.999999999902037
"RPS26",4.93215270333981e-09,-0.104071165417994,0.000503022029872503,0.98210642345492,0.999999999902037
"DHFR",4.92290944933405e-09,-0.104670589006996,0.000501138388450408,0.982139951861351,0.999999999902037
"PDE4D",4.92136180339093e-09,-0.104771049716185,0.000500823345937815,0.982145565699364,0.999999999902037
"TMEM18",4.91809889812969e-09,-0.104982941737142,0.000500159465706481,0.982157401368985,0.999999999902037
"NDUFB6",4.91435588805492e-09,-0.105226162956334,0.00049939844419837,0.982170978547257,0.999999999902037
"SSU72",4.91321766313361e-09,-0.105300157039795,0.000499167137414579,0.982175107279532,0.999999999902037
"GABPB1",4.90948577922831e-09,-0.105542865639408,0.00049840913055766,0.982188644106086,0.999999999902037
"MOB2",4.88515098358172e-09,-0.10712948013881,0.00049348045744418,0.982276914905742,0.999999999902037
"WASF2",4.86059525512284e-09,-0.108737515860777,0.000488531862601826,0.982365987325791,0.999999999902037
"BANF1",4.84346504348607e-09,-0.109863499369682,0.000485094461657449,0.982428124867631,0.999999999902037
"LINC00152",4.83825009093063e-09,-0.110206973662925,0.000484050422857384,0.982447041428756,0.999999999902037
"AP001189.4",4.82675291749162e-09,-0.110965360465038,0.000481752650220068,0.982488745962699,0.999999999902037
"RB1CC1",4.82099985777313e-09,-0.111345441688663,0.00048060492209222,0.982509614472877,0.999999999902037
"MLH3",4.8128984360804e-09,-0.111881342242839,0.00047899101967303,0.982539001394977,0.999999999902037
"PRPF6",4.78023426635171e-09,-0.114050070869382,0.000472511451661971,0.982657486938822,0.999999999902037
"ZNF280D",4.77779022717068e-09,-0.114212862422537,0.000472028403671229,0.982666352427138,0.999999999902037
"WIPF1",4.75640111135546e-09,-0.1156406534349,0.000467811529206299,0.982743939227207,0.999999999902037
"BRD7",4.64372952898401e-09,-0.123255776747803,0.000445910614191496,0.983152646388099,0.999999999902037
"ZC3H15",4.6357459832088e-09,-0.123801464565222,0.000444378704277666,0.983181606231414,0.999999999902037
"MOB1A",4.63564288808569e-09,-0.12380851664716,0.000444358939274161,0.983181980203062,0.999999999902037
"BNIP2",4.61139891235417e-09,-0.125470711092725,0.000439723182534463,0.983269923937394,0.999999999902037
"YTHDF2",4.6100133718294e-09,-0.125565935824487,0.000439458983850976,0.983274949918212,0.999999999902037
"XRN2",4.59962114532472e-09,-0.126280965910396,0.000437479896439048,0.9833126472352,0.999999999902037
"RPA1",4.5953762658025e-09,-0.126573438124756,0.000436672789730892,0.983328045348423,0.999999999902037
"COX5A",4.58868416357617e-09,-0.127035003832799,0.000435401890034137,0.98335232066667,0.999999999902037
"AIMP1",4.55907188099024e-09,-0.129084500586809,0.000429800440387855,0.983459738156055,0.999999999902037
"MRPS12",4.49418258090796e-09,-0.133616546740349,0.000417652803713658,0.983695122802664,0.999999999902037
"ARRB1",4.49285327671452e-09,-0.133709985196296,0.000417405770796873,0.983699944842118,0.999999999902037
"MT-ND4L",4.47122884838142e-09,-0.135233396475969,0.000413397431846997,0.9837783873522,0.999999999902037
"TMEM140",4.46841407405841e-09,-0.135432166800563,0.000412877103208675,0.983788597944111,0.999999999902037
"CCDC88A",4.4454574956839e-09,-0.137057384567055,0.000408645669831356,0.983871873015296,0.999999999902037
"HNRNPA0",4.44465039151744e-09,-0.137114657091371,0.000408497298293664,0.983874800791786,0.999999999902037
"H2AFJ",4.43903021562246e-09,-0.13751371982221,0.000407464877314578,0.983895188028521,0.999999999902037
"LEPROT",4.43219980102503e-09,-0.1379993108166,0.000406211895169112,0.983919965430788,0.999999999902037
"LGALS12",4.4286538083228e-09,-0.138251662098726,0.000405562173463024,0.983932828563494,0.999999999902037
"SMARCA5",4.42650847514871e-09,-0.13840442090561,0.000405169342917493,0.98394061078834,0.999999999902037
"FXR1",4.39426556989704e-09,-0.140708110438698,0.000399288293330317,0.984057572542994,0.999999999902037
"TSTD1",4.39035202940876e-09,-0.140988729327692,0.000398577396350281,0.984071769009237,0.999999999902037
"DYNC1H1",4.37578136735315e-09,-0.142035438588431,0.000395936196052196,0.984124624495473,0.999999999902037
"NUP214",4.37184837660294e-09,-0.142318493921186,0.000395224774046601,0.984138891541942,0.999999999902037
"OXR1",4.33848068437491e-09,-0.144728943573196,0.000389214770749839,0.984259934088611,0.999999999902037
"HNRNPDL",4.32921406061147e-09,-0.145401229476875,0.000387553887460452,0.984293549175946,0.999999999902037
"FUNDC2",4.30866314996896e-09,-0.146896679503865,0.000383883160564105,0.984368098612168,0.999999999902037
"TPRKB",4.2949441911166e-09,-0.147898454788834,0.00038144245319764,0.984417864884231,0.999999999902037
"MED28",4.27699653796755e-09,-0.149213245073777,0.000378261181188489,0.984482971067193,0.999999999902037
"USP33",4.25890139139069e-09,-0.150543730369317,0.00037506725190977,0.984548612395988,0.999999999902037
"MPST",4.25685078961126e-09,-0.150694816829486,0.000374706159531823,0.984556051094791,0.999999999902037
"LITAF",4.2563331226275e-09,-0.150732968112989,0.000374615030562236,0.984557928967543,0.999999999902037
"NFE2",4.25152109594758e-09,-0.151087801456073,0.000373768462182164,0.984575384930911,0.999999999902037
"MCTP2",4.23565317361608e-09,-0.15226037597835,0.000370983641967432,0.984632946981362,0.999999999902037
"SERINC3",4.22135381912781e-09,-0.15332033269101,0.000368483025428093,0.984684819005614,0.999999999902037
"SLC2A3",4.2065507910414e-09,-0.154420935316246,0.000365903236636319,0.984738518213352,0.999999999902037
"ZRANB2",4.19835779933829e-09,-0.155031538686121,0.00036447930386085,0.984768238997582,0.999999999902037
"SNRPB2",4.19107289100455e-09,-0.155575340046251,0.000363215526536059,0.984794665648804,0.999999999902037
"EIF3G",4.18927091073297e-09,-0.155709981080463,0.000362903259713099,0.984801202494667,0.999999999902037
"CHD9",4.1821495405024e-09,-0.156242573985831,0.000361670504929503,0.984827035917069,0.999999999902037
"PTBP3",4.17936220536885e-09,-0.156451248978103,0.000361188570481562,0.984837147234753,0.999999999902037
"HIST1H2BJ",4.14241271469393e-09,-0.159229042119729,0.00035483030879081,0.984971185181508,0.999999999902037
"UVRAG",4.12010519842211e-09,-0.160916579116819,0.000351018969522428,0.985052108117686,0.999999999902037
"IARS",4.10449017519919e-09,-0.162102594087989,0.000348363317592153,0.98510875340059,0.999999999902037
"PTOV1",4.07851933832969e-09,-0.164083929802466,0.000343968782090051,0.985202965748195,0.999999999902037
"AGPAT1",4.07422522132426e-09,-0.16441259301236,0.000343244860238305,0.985218543196208,0.999999999902037
"CD69",4.0444078491216e-09,-0.166703141064867,0.000338239143653117,0.985326709608723,0.999999999902037
"TSPYL1",4.03032498050227e-09,-0.167790111385833,0.000335887707092977,0.985377797148097,0.999999999902037
"TTC1",4.02462483243239e-09,-0.16823101468874,0.000334938277087113,0.985398475234861,0.999999999902037
"SNX17",4.0176999743506e-09,-0.168767383392824,0.00033378666434004,0.985423596142195,0.999999999902037
"DDAH2",4.00499012022494e-09,-0.169753937766425,0.000331678159708334,0.985469702982832,0.999999999902037
"UBE2G2",4.002753863088e-09,-0.169927801742216,0.000331307866372287,0.985477815335207,0.999999999902037
"KIAA1109",3.97577015004319e-09,-0.17203244409519,0.000326856039740511,0.985575702849642,0.999999999902037
"ZNF800",3.95973689849646e-09,-0.173288905280166,0.000324225103853223,0.985633866005964,0.999999999902037
"PSMC6",3.94115444475207e-09,-0.174750711593108,0.00032118916425619,0.985701276892035,0.999999999902037
"ICAM2",3.9365901199568e-09,-0.175110689778255,0.000320445644671186,0.985717834741367,0.999999999902037
"ANP32A",3.92023393835723e-09,-0.176403668112567,0.000317788330346675,0.985777169568112,0.999999999902037
"ASH1L",3.91747049529921e-09,-0.176622587402753,0.000317340458896495,0.985787194434936,0.999999999902037
"PPP1CA",3.91709663111013e-09,-0.176652215196329,0.000317279890949831,0.985788550692005,0.999999999902037
"VDAC1",3.91571750953306e-09,-0.176761528476362,0.000317056516059733,0.985793553694634,0.999999999902037
"NUDC",3.91487575310093e-09,-0.176828265131522,0.000316920216301025,0.985796607312307,0.999999999902037
"DNAJC9",3.90523756163669e-09,-0.17759330132732,0.00031536165972308,0.985831571540846,0.999999999902037
"NPTN",3.90409332068129e-09,-0.177684235556302,0.000315176883838722,0.985835722477237,0.999999999902037
"TXN2",3.882286219858e-09,-0.179421739475976,0.000311665749245719,0.985914831664589,0.999999999902037
"IKBKG",3.88145209742773e-09,-0.179488368262582,0.000311531838735245,0.985917857596748,0.999999999902037
"FXN",3.87406424834862e-09,-0.18007904838628,0.000310347045108251,0.985944658383634,0.999999999902037
"U2SURP",3.87126514616697e-09,-0.180303101937672,0.000309898741099949,0.985954812647867,0.999999999902037
"MSN",3.84222855820704e-09,-0.182635719163599,0.000305267358196145,0.986060148409942,0.999999999902037
"G3BP1",3.82315384507441e-09,-0.184176459836049,0.000302243887124848,0.986129345703041,0.999999999902037
"PLEKHO1",3.81801339849838e-09,-0.184592823200547,0.000301431665529802,0.986147993707171,0.999999999902037
"LRP10",3.79929900117159e-09,-0.186112792561046,0.000298483909137041,0.986215884012363,0.999999999902037
"BAX",3.77825917228305e-09,-0.187829464299818,0.000295187163351972,0.986292210415487,0.999999999902037
"LSM12",3.75336518018993e-09,-0.189871425841584,0.000291310151084129,0.986382518768001,0.999999999902037
"NEK2",3.74890811977428e-09,-0.190238270473283,0.000290618709684724,0.986398687739253,0.999999999902037
"ODC1",3.73197571591823e-09,-0.191635399154374,0.000287999408096499,0.986460113825589,0.999999999902037
"GLUL",3.71480020443085e-09,-0.193058257955521,0.000285354613542561,0.986522421921292,0.999999999902037
"SLC10A3",3.69675023407885e-09,-0.194559767810084,0.000282588311876235,0.986587902405086,0.999999999902037
"LAMTOR4",3.66558025078044e-09,-0.197167833142991,0.000277842988045222,0.986700979013055,0.999999999902037
"NUDCD2",3.65185858286385e-09,-0.198322105470626,0.000275766736434376,0.986750757747064,0.999999999902037
"VPS26B",3.63243197865726e-09,-0.199962777737844,0.000272840576025743,0.986821232632412,0.999999999902037
"NUDT4",3.61943025516486e-09,-0.201065125762046,0.000270890891038126,0.986868399706971,0.999999999902037
"SEC31A",3.61473924035154e-09,-0.201463701939578,0.000270189161979061,0.986885417573271,0.999999999902037
"PADI4",3.60863602323797e-09,-0.201982944278115,0.000269277543806032,0.986907558576629,0.999999999902037
"CASP4",3.60477208427182e-09,-0.202312072803611,0.000268701195875128,0.986921576022814,0.999999999902037
"MTR",3.59705859606226e-09,-0.202970027210532,0.000267552493011881,0.986949558724783,0.999999999902037
"LYSMD2",3.58534088288196e-09,-0.203971901848978,0.000265812183888687,0.986992067833975,0.999999999902037
"OSBPL9",3.58014054790139e-09,-0.204417451996551,0.000265041651902956,0.987010933438793,0.999999999902037
"RAP2B",3.56375677342069e-09,-0.205824875238891,0.000262621385667199,0.987070370006368,0.999999999902037
"PRPF40A",3.56025914852925e-09,-0.206126065595492,0.000262106142680072,0.98708305859476,0.999999999902037
"CPSF3L",3.55627153734279e-09,-0.206469765663073,0.000261519335919145,0.987097524746083,0.999999999902037
"CKS1B",3.55058674683573e-09,-0.206960331710935,0.000260683913554659,0.987118147887385,0.999999999902037
"SDF4",3.54233412103623e-09,-0.207673710633128,0.000259473507061196,0.98714808657287,0.999999999902037
"SMS",3.53680788246177e-09,-0.208152225725632,0.000258664552308133,0.987168134543797,0.999999999902037
"ISCU",3.53318994157395e-09,-0.208465856001133,0.000258135626541872,0.987181259637298,0.999999999902037
"UBXN11",3.52450293841504e-09,-0.209220058118866,0.00025686783832147,0.987212774187552,0.999999999902037
"HM13",3.5121800696289e-09,-0.21029271603134,0.000255074782590791,0.987257478898458,0.999999999902037
"GADD45A",3.49295549398715e-09,-0.211972726634963,0.000252290025725972,0.987327221593537,0.999999999902037
"TIMM10",3.48795830500006e-09,-0.212410747445265,0.00025156866577611,0.987345350354325,0.999999999902037
"STX7",3.46370348810557e-09,-0.214544588095367,0.000248082077926704,0.987433341870669,0.999999999902037
"C17orf62",3.46339283107057e-09,-0.2145720030313,0.000248037579321715,0.987434468871866,0.999999999902037
"TUBB1",3.44674357143874e-09,-0.216044423979766,0.000245658573400384,0.987494869071441,0.999999999902037
"IFRD1",3.41658206000911e-09,-0.218727737710176,0.000241378002623567,0.987604289212946,0.999999999902037
"STK26",3.41052607736055e-09,-0.219269001265246,0.000240523063127242,0.987626259177205,0.999999999902037
"IPO7",3.40923806702364e-09,-0.219384227639085,0.000240341426812997,0.98763093183729,0.999999999902037
"DPYD",3.40089185496148e-09,-0.220131809331097,0.000239166099606125,0.987661210340562,0.999999999902037
"RNF24",3.39493400386118e-09,-0.220666443588118,0.000238328867520469,0.987682824325858,0.999999999902037
"GNPTG",3.38482626028631e-09,-0.221575351292612,0.000236911826149133,0.987719493376573,0.999999999902037
"HIST1H2BC",3.37988395855799e-09,-0.222020636261306,0.000236220484963738,0.987737423155547,0.999999999902037
"PIK3CB",3.370778185502e-09,-0.222842528176872,0.000234949392417086,0.98777045727353,0.999999999902037
"MRPS5",3.3697076469682e-09,-0.22293928297618,0.000234800179135611,0.987774340997467,0.999999999902037
"LEPR",3.36596231111518e-09,-0.223277996288095,0.000234278521529693,0.987787928413973,0.999999999902037
"MTHFD2L",3.36289639748312e-09,-0.22355551059214,0.000233851926979901,0.987799051009382,0.999999999902037
"LDLRAP1",3.34901765197066e-09,-0.224814531849934,0.000231925686187442,0.987849400686672,0.999999999902037
"ARID1A",3.34570676208854e-09,-0.225115555298846,0.000231467342327585,0.987861412027055,0.999999999902037
"C9orf142",3.32467397518636e-09,-0.227033941759371,0.000228566250856345,0.987937715433099,0.999999999902037
"RP11-879F14.2",3.31943027430839e-09,-0.227513867524554,0.000227845826603295,0.987956738713328,0.999999999902037
"FARSA",3.31608223642392e-09,-0.227820640828244,0.000227386439485084,0.987968884845069,0.999999999902037
"ATG3",3.30474525794017e-09,-0.228861436987286,0.000225834325643788,0.988010013562318,0.999999999902037
"CCT3",3.28257178596454e-09,-0.230906133312594,0.000222813982790453,0.988090455410528,0.999999999902037
"ITGB2",3.28137551858676e-09,-0.231016788261761,0.000222651612217745,0.98809479528276,0.999999999902037
"GTF2B",3.27937558859503e-09,-0.231201860905367,0.000222380291890222,0.98810205071891,0.999999999902037
"ATXN7L3B",3.27573616949394e-09,-0.231538904353782,0.000221886974815638,0.988115253970058,0.999999999902037
"SEC61A1",3.27550882025101e-09,-0.231559969827705,0.0002218561761905,0.988116078758152,0.999999999902037
"SPTAN1",3.27473445758726e-09,-0.231631729453083,0.000221751290603728,0.988118888026921,0.999999999902037
"STON2",3.27040667070805e-09,-0.232033055553854,0.000221165558729204,0.988134588575493,0.999999999902037
"PFKL",3.26625160075095e-09,-0.232418802122545,0.000220603931573796,0.988149662537824,0.999999999902037
"HIST2H2AC",3.26494134130142e-09,-0.232540532351458,0.000220426976185615,0.988154415960856,0.999999999902037
"XPO1",3.2633412967116e-09,-0.232689243106166,0.000220210980532407,0.988160220681101,0.999999999902037
"SEMA4D",3.25879951101518e-09,-0.233111711478056,0.000219598445706347,0.988176697597437,0.999999999902037
"CD48",3.24439993031337e-09,-0.234454543596712,0.000217662064333132,0.988228937146729,0.999999999902037
"MACF1",3.24242355933026e-09,-0.23463925625501,0.000217396961403797,0.988236107132322,0.999999999902037
"MT-ND6",3.23011501110541e-09,-0.235791839003466,0.000215749575082383,0.988280760770944,0.999999999902037
"ABI1",3.22046115811421e-09,-0.236698522604569,0.000214461879618396,0.98831578358364,0.999999999902037
"ZFAND2B",3.21775751138456e-09,-0.236952873064993,0.000214101940006363,0.988325592035466,0.999999999902037
"NFE2L2",3.21540618715986e-09,-0.237174230030914,0.00021378915127559,0.988334122312004,0.999999999902037
"ZNF185",3.20170082732592e-09,-0.238467294195135,0.000211970523996213,0.98838384347361,0.999999999902037
"PIM1",3.18729987084229e-09,-0.239831208044395,0.000210067964483228,0.988436088212852,0.999999999902037
"NDUFAB1",3.18001407171224e-09,-0.240523298361191,0.000209108679968481,0.98846252013412,0.999999999902037
"FLII",3.17252808734961e-09,-0.241235849416336,0.00020812532470097,0.98848967831428,0.999999999902037
"OFD1",3.15582706566699e-09,-0.242830841492557,0.000205939839545369,0.988550267502454,0.999999999902037
"PPP6C",3.14998491655989e-09,-0.243390524029576,0.000205178062939249,0.988571462093957,0.999999999902037
"NDUFA5",3.14754179791216e-09,-0.243624845764961,0.000204859915410597,0.988580325427426,0.999999999902037
"HMHA1",3.13717993291921e-09,-0.244620431635704,0.000203513317427747,0.988617917012719,0.999999999902037
"IGBP1",3.124505224091e-09,-0.245842154288517,0.000201872186631144,0.988663899348355,0.999999999902037
"WDR43",3.12200046587554e-09,-0.246084101776672,0.000201548654866439,0.988672986317614,0.999999999902037
"RBM39",3.12004271275451e-09,-0.246273329363528,0.000201295958690097,0.98868008881752,0.999999999902037
"NBN",3.11710617154243e-09,-0.246557356825178,0.000200917223038829,0.988690742248104,0.999999999902037
"ATF7IP",3.11675052574675e-09,-0.246591771388368,0.000200871378408986,0.988692032489897,0.999999999902037
"SKP1",3.11041798756087e-09,-0.247205123576352,0.000200055956431347,0.988715006210612,0.999999999902037
"NOP10",3.10562840450083e-09,-0.247669754604823,0.000199440317702014,0.988732382273685,0.999999999902037
"SENCR",3.1052634437703e-09,-0.24770518462557,0.000199393445637685,0.988733706309962,0.999999999902037
"SNRNP70",3.10308167521422e-09,-0.247917064454023,0.000199113355055381,0.988741621520314,0.999999999902037
"TNRC6B",3.08405685559963e-09,-0.249770174345732,0.000196679333809997,0.988810641467916,0.999999999902037
"UXS1",3.08339497343443e-09,-0.249834824518867,0.000196594922542416,0.988813042704932,0.999999999902037
"MEPCE",3.08040989384353e-09,-0.250126546691761,0.000196214453983396,0.988823872252579,0.999999999902037
"UROS",3.07732216788191e-09,-0.250428560205312,0.000195821290192353,0.988835074192384,0.999999999902037
"FGFR1",3.06996876134571e-09,-0.251148871800809,0.000194886559892253,0.988861751574299,0.999999999902037
"YLPM1",3.06074112991567e-09,-0.252054911491834,0.000193716750828147,0.988895228463705,0.999999999902037
"HBP1",3.05801420829687e-09,-0.25232311852179,0.000193371726499108,0.988905121456149,0.999999999902037
"TMF1",3.04295907274702e-09,-0.253807643181815,0.000191472408123287,0.988959739977206,0.999999999902037
"CALM2",3.0294669231903e-09,-0.255143511785715,0.000189778236690624,0.989008688185888,0.999999999902037
"MBNL1",3.01718708274196e-09,-0.256363875728173,0.000188242835688656,0.989053238290792,0.999999999902037
"MIR4435-2HG",3.00626623217041e-09,-0.257452835915977,0.000186882594283708,0.989092858137062,0.999999999902037
"PPP4C",2.99175997418162e-09,-0.258904669072,0.000185083401366117,0.989145485554839,0.999999999902037
"XPNPEP1",2.98531250757375e-09,-0.259551927933464,0.000184286523799505,0.989168876407198,0.999999999902037
"CENPK",2.982240465073e-09,-0.259860758975427,0.000183907438031956,0.989180021515512,0.999999999902037
"IDH2",2.97739996231594e-09,-0.260347937116347,0.00018331091872266,0.989197582451166,0.999999999902037
"ZNF644",2.95443296148424e-09,-0.262668953859805,0.000180493786875599,0.98928090486385,0.999999999902037
"TRIM22",2.94923553273315e-09,-0.263196386615978,0.000179859297310165,0.989299760729263,0.999999999902037
"LSM8",2.94388421370765e-09,-0.263740285461908,0.000179207188473061,0.989319174902812,0.999999999902037
"PSMB8-AS1",2.9434480385045e-09,-0.263784655629481,0.000179154088598525,0.989320757313156,0.999999999902037
"PGLS",2.92863421991321e-09,-0.265295021688086,0.000177355328978215,0.989374500741202,0.999999999902037
"MRPL34",2.92138177351111e-09,-0.266036892018188,0.000176478013971249,0.989400812092972,0.999999999902037
"HOOK3",2.9163698127774e-09,-0.266550518640234,0.000175872997431631,0.989418995131285,0.999999999902037
"LYRM2",2.91533237527393e-09,-0.266656931767874,0.000175747893413675,0.989422758881704,0.999999999902037
"NEMF",2.90745590719389e-09,-0.267465926218144,0.000174799526282445,0.98945133416253,0.999999999902037
"UBXN2A",2.9009313823695e-09,-0.268137513770963,0.000174015882970902,0.989475004697081,0.999999999902037
"ERP29",2.89684307374104e-09,-0.268559007781405,0.00017352574430208,0.989489836808854,0.999999999902037
"SFXN1",2.89620296961167e-09,-0.268625047916137,0.000173449066159152,0.989492159064388,0.999999999902037
"C14orf166",2.89615673499883e-09,-0.268629818477783,0.000173443528366051,0.989492326800515,0.999999999902037
"COQ4",2.88385296588632e-09,-0.269901712832337,0.000171972975245699,0.989536964080203,0.999999999902037
"C19orf43",2.88130606408375e-09,-0.270165589451852,0.000171669350286535,0.989546204079544,0.999999999902037
"SAFB",2.87892173833435e-09,-0.270412806864689,0.000171385349707891,0.989554854264474,0.999999999902037
"MCL1",2.87803773387351e-09,-0.270504509814467,0.000171280114368598,0.989558061377768,0.999999999902037
"MT-ND4",2.87759567516824e-09,-0.270550376380164,0.000171227502097515,0.989559665139366,0.999999999902037
"PSMB10",2.86859883321142e-09,-0.271485199740075,0.00017015848564004,0.9895923051338,0.999999999902037
"MFSD10",2.86607050506277e-09,-0.271748368663432,0.000169858668954832,0.989601477757407,0.999999999902037
"IER2",2.86532406462788e-09,-0.271826103033792,0.000169770204370332,0.989604185799013,0.999999999902037
"PRKCD",2.86498171225072e-09,-0.271861761559064,0.000169729638096132,0.989605427833163,0.999999999902037
"LYPLAL1",2.85120167464876e-09,-0.273300154698039,0.000168100827698559,0.9896554210144,0.999999999902037
"RBBP7",2.85077463789879e-09,-0.273344826780439,0.000168050477100091,0.989656970279736,0.999999999902037
"ERH",2.83678322789276e-09,-0.274811704936153,0.000166404964210319,0.989707730350687,0.999999999902037
"CST7",2.82447982223712e-09,-0.276106844019269,0.000164964665223661,0.989752366468526,0.999999999902037
"ARID4B",2.82160258076577e-09,-0.276410432921811,0.000164628743955916,0.989762804956044,0.999999999902037
"NDUFA6",2.81756572086252e-09,-0.276836834030918,0.000164158013052022,0.989777450483932,0.999999999902037
"CSTB",2.81276063062709e-09,-0.277345077440166,0.000163598578748049,0.989794883117925,0.999999999902037
"MINPP1",2.78975111546118e-09,-0.279789403343853,0.000160932922030131,0.989878360588762,0.999999999902037
"HERC1",2.77151674059366e-09,-0.281739005627592,0.00015883601744638,0.989944514147283,0.999999999902037
"CIAO1",2.76549651999686e-09,-0.282385143575146,0.000158146727497369,0.989966355274037,0.999999999902037
"SS18L2",2.75443666374662e-09,-0.283575385310436,0.000156884326642172,0.990006480022999,0.999999999902037
"HSPA8",2.75045472037932e-09,-0.284004937518718,0.000156431055771219,0.990020926372289,0.999999999902037
"CCL5",2.74950910441893e-09,-0.28410702570321,0.000156323511172431,0.990024357033932,0.999999999902037
"C15orf40",2.74800986906784e-09,-0.28426894523814,0.000156153079412792,0.990029796207746,0.999999999902037
"BAZ2A",2.74792212817153e-09,-0.284278423769766,0.000156143107983959,0.990030114528687,0.999999999902037
"EIF2AK1",2.74689047871052e-09,-0.284389891321754,0.000156025888712302,0.990033857317409,0.999999999902037
"DDX39A",2.7467373021971e-09,-0.284406444840564,0.000156008488065673,0.990034413036545,0.999999999902037
"GGNBP2",2.73538655286616e-09,-0.285635351086169,0.000154721758283967,0.99007559317911,0.999999999902037
"ANP32E",2.73322031758985e-09,-0.285870388103666,0.000154476797645909,0.990083452211941,0.999999999902037
"CDKN1A",2.72283059226054e-09,-0.286999943411064,0.000153304611842217,0.99012114581905,0.999999999902037
"ZFR",2.70340403817728e-09,-0.28912211247693,0.000151124853656858,0.990191624824784,0.999999999902037
"NDUFA10",2.70284154838134e-09,-0.289183757494729,0.000151061971939295,0.990193665523488,0.999999999902037
"CTNNB1",2.70020732547862e-09,-0.289472599504295,0.000150767661684775,0.990203222418181,0.999999999902037
"LAMTOR2",2.696852898027e-09,-0.289840768440922,0.000150393301507122,0.990215392198967,0.999999999902037
"ELOVL5",2.67795558955097e-09,-0.291922372265129,0.000148293022827744,0.990283951214578,0.999999999902037
"RNPC3",2.67337623971377e-09,-0.292428735191666,0.000147786289251897,0.99030056500494,0.999999999902037
"PPP3R1",2.66072819924113e-09,-0.293831244167117,0.00014639121045455,0.990346451866683,0.999999999902037
"TCEAL4",2.64756887903917e-09,-0.295296645408202,0.000144946759994037,0.990394193675916,0.999999999902037
"SUMO1",2.64748337163208e-09,-0.295306188173361,0.000144937397577392,0.990394503895573,0.999999999902037
"MPL",2.62301154961002e-09,-0.298048416299009,0.000142270344359601,0.990483287377382,0.999999999902037
"SPAG9",2.62013107938414e-09,-0.298372660981734,0.00014195804647721,0.990493737697179,0.999999999902037
"NFATC3",2.61987336718926e-09,-0.29840168594162,0.00014193012228606,0.990494672674759,0.999999999902037
"DUSP1",2.61606858444153e-09,-0.298830492020593,0.00014151817782883,0.990508476394674,0.999999999902037
"PSMB3",2.61390843644029e-09,-0.299074187312938,0.000141284564689673,0.99051631339478,0.999999999902037
"VPS51",2.60805424612987e-09,-0.299735508767074,0.000140652422789695,0.99053755235618,0.999999999902037
"CYFIP2",2.59447578878544e-09,-0.301274413781118,0.000139191662327718,0.990586814930009,0.999999999902037
"SP100",2.59189431765156e-09,-0.301567778957657,0.000138914812182628,0.990596180498151,0.999999999902037
"CHCHD5",2.57479011702322e-09,-0.303518021390108,0.000137087432903873,0.990658234510201,0.999999999902037
"IDS",2.57433804049241e-09,-0.303569721120038,0.000137039298051997,0.990659874643887,0.999999999902037
"HPGD",2.57066771868333e-09,-0.30398975515406,0.000136648813383911,0.990673190573136,0.999999999902037
"EIF4E",2.54394173399532e-09,-0.307064195319158,0.000133822240624817,0.990770152536248,0.999999999902037
"SPEN",2.54171284654956e-09,-0.307321870086784,0.000133587845284187,0.990778238953641,0.999999999902037
"RAB1A",2.54127899214364e-09,-0.307372049607088,0.000133542243965512,0.99077981298021,0.999999999902037
"PGRMC1",2.53691875127502e-09,-0.30787677037841,0.000133084382529161,0.990795631964058,0.999999999902037
"SLC44A2",2.52958931433067e-09,-0.30872690187055,0.000132316502578618,0.990822223219831,0.999999999902037
"HIST1H2AG",2.52706138273584e-09,-0.30902061252389,0.000132052175138935,0.990831394578214,0.999999999902037
"RNF115",2.52259755298051e-09,-0.309539875293652,0.000131586070263405,0.990847589395354,0.999999999902037
"SMIM3",2.51268039756485e-09,-0.310696385385466,0.000130553488275334,0.990883568943747,0.999999999902037
"NDFIP1",2.50835530832088e-09,-0.311202014409473,0.00013010443035591,0.990899260420673,0.999999999902037
"RAN",2.5073045708839e-09,-0.311324966976066,0.00012999545300123,0.990903072509538,0.999999999902037
"CUL5",2.49557808893308e-09,-0.31270021117681,0.000128782337832299,0.990945616350163,0.999999999902037
"GATA2",2.48954169628749e-09,-0.313410343001278,0.000128160084750045,0.990967516477203,0.999999999902037
"TMEM40",2.48712407766543e-09,-0.313695177962014,0.000127911290554279,0.99097628763733,0.999999999902037
"PSMG2",2.47948523822223e-09,-0.314596750787925,0.000127126775362942,0.991004001479639,0.999999999902037
"IRF2BP2",2.4764128791394e-09,-0.314960050069276,0.000126811922012432,0.99101514805487,0.999999999902037
"SRP54",2.47582545224142e-09,-0.315029556776984,0.000126751767343204,0.991017279250654,0.999999999902037
"CFLAR",2.467791236325e-09,-0.315981646772616,0.00012593046650577,0.991046427542849,0.999999999902037
"RBM33",2.45044566529815e-09,-0.318046445271046,0.000124166411907492,0.991109357653869,0.999999999902037
"SEPT9",2.44744899875646e-09,-0.318404458470528,0.00012386290971228,0.991120229631231,0.999999999902037
"C20orf27",2.44603787240159e-09,-0.318573179099115,0.000123720119543327,0.991125349231722,0.999999999902037
"PRR13",2.43136405767477e-09,-0.320332706005036,0.00012224017461727,0.991178586207503,0.999999999902037
"SQSTM1",2.42826341758735e-09,-0.320705688800443,0.000121928595520956,0.991189835414214,0.999999999902037
"CTSA",2.41928234794318e-09,-0.321788394880311,0.000121028343802509,0.991222418989441,0.999999999902037
"LINC00657",2.40388470215957e-09,-0.323652846350667,0.000119492664236401,0.991278282118807,0.999999999902037
"HP1BP3",2.403305481187e-09,-0.323723185819317,0.000119435087166531,0.991280383551029,0.999999999902037
"CAST",2.40312777780203e-09,-0.323744768742558,0.00011941742546287,0.991281028264608,0.999999999902037
"UQCRQ",2.39972422868479e-09,-0.324158415410667,0.000119079403278473,0.991293376451042,0.999999999902037
"DERA",2.39654359592875e-09,-0.324545433855235,0.0001187639529889,0.991304915891583,0.999999999902037
"TXN",2.39294828033257e-09,-0.32498345161022,0.000118407878846798,0.991317959817334,0.999999999902037
"UBE3A",2.38831650039074e-09,-0.325548590420066,0.000117949942948694,0.991334764073967,0.999999999902037
"ATRX",2.38248177507614e-09,-0.326261869355083,0.000117374336771697,0.991355932663178,0.999999999902037
"HMGN2",2.37857493132157e-09,-0.326740323879647,0.000116989706577612,0.991370106833503,0.999999999902037
"UFD1L",2.37159800456398e-09,-0.327596469294209,0.000116304395800145,0.991395419382678,0.999999999902037
"GPSM3",2.36410620962201e-09,-0.328518248798192,0.000115570753391837,0.991422599902374,0.999999999902037
"HSPA4",2.36288885045171e-09,-0.328668271920943,0.000115451761366392,0.991427016529126,0.999999999902037
"DHX9",2.34879030718746e-09,-0.330410666198948,0.000114078149835821,0.991478166615404,0.999999999902037
"APRT",2.33225434309869e-09,-0.332465978175539,0.000112477537052417,0.99153815980782,0.999999999902037
"CDKN1B",2.32440271378338e-09,-0.333446346534292,0.000111721491400683,0.991566645875105,0.999999999902037
"PTPRC",2.32229063006073e-09,-0.333710558955012,0.000111518550717105,0.991574308612486,0.999999999902037
"KIAA1033",2.32146396570069e-09,-0.333814028226724,0.000111439170468964,0.991577307789209,0.999999999902037
"MDM2",2.3192518382901e-09,-0.334091067136763,0.000111226890464895,0.991585333490866,0.999999999902037
"BDP1",2.31426581621611e-09,-0.334716346453209,0.000110749164335386,0.991603423015155,0.999999999902037
"PRKAR1A",2.30203905124898e-09,-0.336254659066928,0.000109582032209454,0.991647782315929,0.999999999902037
"ARPC3",2.30122294780103e-09,-0.336357591260597,0.000109504349407192,0.991650743180039,0.999999999902037
"SYF2",2.3008702894575e-09,-0.336402080660466,0.000109470789283461,0.991652022642175,0.999999999902037
"PSMA1",2.27469653959709e-09,-0.339720766016409,0.000106994366291905,0.991746982377543,0.999999999902037
"APH1A",2.27332049248204e-09,-0.339896162782644,0.000106864955837094,0.991751974751794,0.999999999902037
"BIRC6",2.26928307635028e-09,-0.340411324854615,0.000106485708684592,0.991766622720372,0.999999999902037
"PHKB",2.25834889808852e-09,-0.341810525526302,0.000105462012121475,0.991806292536556,0.999999999902037
"JAK2",2.24755123056144e-09,-0.343198079240451,0.000104455948398333,0.991845467103965,0.999999999902037
"CFDP1",2.24579261472427e-09,-0.343424621498774,0.000104292547435858,0.991851847466632,0.999999999902037
"ETFA",2.23702093954985e-09,-0.344556895876207,0.000103479441382624,0.991883671632719,0.999999999902037
"PHF14",2.2222919457535e-09,-0.346466915706636,0.00010212126866699,0.991937109338756,0.999999999902037
"SYNCRIP",2.21635270417684e-09,-0.347240233149883,0.000101576144614338,0.991958657287025,0.999999999902037
"PHTF2",2.21532825153589e-09,-0.347373804828112,0.000101482264339886,0.991962374067316,0.999999999902037
"MRPS35",2.21417747247354e-09,-0.347523911769889,0.000101376859343965,0.991966549168224,0.999999999902037
"SLC25A36",2.20973979073726e-09,-0.348103399451505,0.000100970905063398,0.991982649366795,0.999999999902037
"EFCAB14",2.20836131116583e-09,-0.34828361305369,0.000100844969044214,0.99198765058119,0.999999999902037
"RAB2A",2.20549945773504e-09,-0.348658067578003,0.000100583764941385,0.991998033574348,0.999999999902037
"AFG3L2",2.19988854651945e-09,-0.349393452042146,0.000100072634745341,0.992018390334545,0.999999999902037
"CTSD",2.19762210354498e-09,-0.349690964339171,9.98665405911921e-05,0.992026613142326,0.999999999902037
"RBMS1",2.19751953530288e-09,-0.349704434646786,9.98572187915423e-05,0.992026985266838,0.999999999902037
"RAB37",2.19268904620917e-09,-0.350339446829395,9.94186979517039e-05,0.992044510609563,0.999999999902037
"HMGB3",2.19123327010071e-09,-0.350531061706193,9.92867291071106e-05,0.992049792264976,0.999999999902037
"BAZ1B",2.18404204226727e-09,-0.351479234101429,9.86361165946185e-05,0.992075882537117,0.999999999902037
"PWP1",2.17518331754646e-09,-0.352651025737605,9.78375805857122e-05,0.992108022614986,0.999999999902037
"SMAD2",2.16917744372165e-09,-0.353447829666763,9.72980500077274e-05,0.992129812355952,0.999999999902037
"BCLAF1",2.1671340325923e-09,-0.353719370187258,9.71148226995727e-05,0.992137225999418,0.999999999902037
"AKIRIN2",2.16677767976196e-09,-0.353766747362876,9.70828871606512e-05,0.992138518873346,0.999999999902037
"MTOR",2.16640590352026e-09,-0.35381618234192,9.7049575007931e-05,0.992139867704552,0.999999999902037
"NUDT1",2.16188493918105e-09,-0.354417927633119,9.66449418260357e-05,0.992156270093319,0.999999999902037
"CAMLG",2.15853046190734e-09,-0.354865123301727,9.63452572880399e-05,0.992168440383972,0.999999999902037
"PMVK",2.15842805008245e-09,-0.354878785687799,9.6336115272466e-05,0.992168811941645,0.999999999902037
"CDK12",2.12972204197302e-09,-0.35873086924078,9.37907110623179e-05,0.99227295952836,0.999999999902037
"ARHGDIB",2.12234996501023e-09,-0.359727454283477,9.3142517896206e-05,0.99229970600714,0.999999999902037
"PTGES3",2.11213725713908e-09,-0.361113056376795,9.22482745590595e-05,0.992336758534004,0.999999999902037
"PCMTD1",2.10146959746117e-09,-0.362566649599418,9.13188007832592e-05,0.992375461680319,0.999999999902037
"PPA2",2.09648894744739e-09,-0.363247530626862,9.08864481107579e-05,0.992393531894185,0.999999999902037
"ZFAND5",2.09527397866612e-09,-0.363413837692705,9.07811366084853e-05,0.9923979399029,0.999999999902037
"HIST1H2BK",2.09101739952135e-09,-0.363997151317748,9.04126649042373e-05,0.992413383131137,0.999999999902037
"SELPLG",2.08557373018422e-09,-0.364744655530077,8.99425243923142e-05,0.99243313322688,0.999999999902037
"RNF213",2.07970701032358e-09,-0.365552162795945,8.94372193801246e-05,0.992454418191125,0.999999999902037
"CHIC2",2.07036801837302e-09,-0.366841716561712,8.86357813878514e-05,0.992488300868231,0.999999999902037
"ABHD14B",2.07008253483427e-09,-0.366881216925178,8.86113390551703e-05,0.992489336627615,0.999999999902037
"CCT2",2.06556720774316e-09,-0.367506605122252,8.82251971425424e-05,0.992505718633076,0.999999999902037
"LENG8",2.06395822429164e-09,-0.367729743539496,8.80878037967926e-05,0.9925115561679,0.999999999902037
"MRPL13",2.0550328970253e-09,-0.368970300865398,8.7327601841703e-05,0.992543938054976,0.999999999902037
"DDT",2.044506050405e-09,-0.370439523980834,8.64352270596918e-05,0.992582130413554,0.999999999902037
"PCIF1",2.04217436276666e-09,-0.370765849731811,8.62381867762651e-05,0.992590589991034,0.999999999902037
"PUM3",2.0409836823888e-09,-0.370932614151879,8.6137654535218e-05,0.992594909889418,0.999999999902037
"RBM25",2.03086326238939e-09,-0.372353503487138,8.52855282574538e-05,0.992631627716664,0.999999999902037
"HTATIP2",2.0276518876404e-09,-0.372805668218017,8.5016019962409e-05,0.992643278886902,0.999999999902037
"RNPS1",2.02696910820239e-09,-0.372901884901408,8.49587740244326e-05,0.992645756075253,0.999999999902037
"SLBP",2.00482702748413e-09,-0.376037584332235,8.31127771096168e-05,0.992726089675686,0.999999999902037
"TMCO1",2.00049724976178e-09,-0.376654290386652,8.27541713491989e-05,0.992741798534729,0.999999999902037
"MAPK1IP1L",1.99287566727178e-09,-0.377742699537847,8.21248115484871e-05,0.992769450391771,0.999999999902037
"RAP1A",1.98671453113287e-09,-0.3786252099196,8.16178055066254e-05,0.992791803610981,0.999999999902037
"TXNIP",1.9720074349584e-09,-0.380741536387267,8.04138902716248e-05,0.992845162452278,0.999999999902037
"GSK3B",1.96971831269432e-09,-0.381072176882105,8.02273084320946e-05,0.992853467623644,0.999999999902037
"PPM1A",1.96736472503672e-09,-0.381412479043633,8.00356980973728e-05,0.992862006682904,0.999999999902037
"TMEM106C",1.95712439373763e-09,-0.382897269096879,7.92046787908887e-05,0.992899159672681,0.999999999902037
"STX10",1.95679134326094e-09,-0.382945673422826,7.91777240284872e-05,0.992900368014799,0.999999999902037
"DHX36",1.95275162559797e-09,-0.383533365052198,7.88511429785889e-05,0.992915024536163,0.999999999902037
"GLOD4",1.95211207882934e-09,-0.383626502683509,7.87995022732165e-05,0.992917344879451,0.999999999902037
"LGALS8",1.94249010198452e-09,-0.385030985889618,7.8024609898794e-05,0.992952254435875,0.999999999902037
"DENND4C",1.93352123971626e-09,-0.386345621749228,7.7305763053927e-05,0.99298479443523,0.999999999902037
"TBPL1",1.93102644079198e-09,-0.3867122510808,7.71063983853755e-05,0.9929938458368,0.999999999902037
"EGLN3",1.92305769746398e-09,-0.387886096534831,7.6471323399944e-05,0.993022757309472,0.999999999902037
"UQCR10",1.91875732219372e-09,-0.388521335560218,7.61296927849295e-05,0.993038359545274,0.999999999902037
"ANKRD11",1.91856635057898e-09,-0.388549574177668,7.61145393450573e-05,0.993039052411418,0.999999999902037
"SMDT1",1.91123063168315e-09,-0.389636157062988,7.5533597833461e-05,0.993065667215028,0.999999999902037
"FRMD3",1.91103311350376e-09,-0.389665464245543,7.55179864388375e-05,0.993066383833046,0.999999999902037
"HNRNPH1",1.90997358479799e-09,-0.389822719283115,7.54342712032976e-05,0.993070227921639,0.999999999902037
"TSC22D4",1.9066342855258e-09,-0.390318836644886,7.51707310092959e-05,0.993082343273761,0.999999999902037
"APOA1BP",1.90473708563755e-09,-0.390601040654556,7.50212078947249e-05,0.993089226528358,0.999999999902037
"UBR2",1.89352795714915e-09,-0.392273402521358,7.41408260237026e-05,0.993129894517828,0.999999999902037
"CBX5",1.88981497574445e-09,-0.392829273758646,7.38503485492805e-05,0.993143365639423,0.999999999902037
"MCFD2",1.8844998545937e-09,-0.393626664954314,7.34355232180845e-05,0.993162649510828,0.999999999902037
"CUEDC2",1.88312425653035e-09,-0.393833356623849,7.33283532502897e-05,0.99316764033961,0.999999999902037
"GSTO1",1.85479037767463e-09,-0.398120310277064,7.1138326656954e-05,0.993270438986453,0.999999999902037
"IDH3G",1.85178717186272e-09,-0.398578047523803,7.09081442306172e-05,0.993281334977136,0.999999999902037
"MTERF4",1.84806251942043e-09,-0.399146646991207,7.0623184289985e-05,0.993294848464415,0.999999999902037
"MLF2",1.84592143392361e-09,-0.399473955119088,7.04596371359424e-05,0.993302616581122,0.999999999902037
"DOCK10",1.84284583271414e-09,-0.399944703879742,7.02250386227571e-05,0.993313775234785,0.999999999902037
"ZC3H7A",1.83919290520994e-09,-0.400504710480827,6.99469114740233e-05,0.993327028499861,0.999999999902037
"RP6-159A1.4",1.8385071229962e-09,-0.40060995165017,6.98947588100484e-05,0.99332951660131,0.999999999902037
"SAT1",1.83327520961897e-09,-0.40141398006081,6.94975202035654e-05,0.993348498622793,0.999999999902037
"APP",1.83257634573009e-09,-0.401521531622312,6.94445439243733e-05,0.993351034186723,0.999999999902037
"SMC1A",1.83173537485657e-09,-0.401651000244342,6.93808222258977e-05,0.993354085332318,0.999999999902037
"PRDX6",1.82810702388932e-09,-0.402210186061971,6.91062316358042e-05,0.993367249436275,0.999999999902037
"TNPO1",1.82543052189851e-09,-0.402623298947583,6.89040251309461e-05,0.993376960116131,0.999999999902037
"RBM3",1.82186742236567e-09,-0.403174078590077,6.8635296974306e-05,0.993389887482915,0.999999999902037
"TFG",1.81859728896705e-09,-0.40368040091212,6.83891263246621e-05,0.993401751933776,0.999999999902037
"AZIN1",1.81794064574074e-09,-0.403782166411847,6.83397485438126e-05,0.99340413431728,0.999999999902037
"SUN2",1.80829832664102e-09,-0.405280228407198,6.76167259017e-05,0.993439117860077,0.999999999902037
"RBBP6",1.80471981728537e-09,-0.405837973720029,6.7349372153918e-05,0.99345210114396,0.999999999902037
"PTPN1",1.80348289007801e-09,-0.406030985569698,6.72570833436553e-05,0.993456588872487,0.999999999902037
"RAD23A",1.78620452556155e-09,-0.408739291289448,6.59745364845668e-05,0.993519276988306,0.999999999902037
"SLC3A2",1.76349588231692e-09,-0.412333801192342,6.43076851581942e-05,0.993601666910492,0.999999999902037
"FAM212A",1.76105760915663e-09,-0.412722152014358,6.412997983342e-05,0.993610513287893,0.999999999902037
"LYST",1.74914259433985e-09,-0.414626676069098,6.32651305084809e-05,0.993653742548264,0.999999999902037
"TOP2A",1.73550106673297e-09,-0.416821140686792,6.22821716134857e-05,0.993703235849811,0.999999999902037
"SND1",1.73074497414367e-09,-0.417589781266499,6.1941274232915e-05,0.99372049160073,0.999999999902037
"AKT1",1.72413670989775e-09,-0.418660824359976,6.14691736279648e-05,0.993744467287258,0.999999999902037
"MARCH7",1.70885751477387e-09,-0.421151022591306,6.03845288569827e-05,0.993799902318567,0.999999999902037
"SF3B5",1.70067693000084e-09,-0.422492299708109,5.98077711471508e-05,0.993829582622901,0.999999999902037
"RAB4A",1.69560513736879e-09,-0.423326697690994,5.94515832017284e-05,0.993847983799359,0.999999999902037
"GCC2",1.69315294561927e-09,-0.423730908278102,5.92797492529676e-05,0.993856880696831,0.999999999902037
"PFDN2",1.6907357546387e-09,-0.424129850453926,5.91106113225581e-05,0.993865650607325,0.999999999902037
"GHITM",1.69019024486648e-09,-0.424219952341742,5.90724738263865e-05,0.993867629793977,0.999999999902037
"CWC15",1.68684952759777e-09,-0.424772293849889,5.88391871829505e-05,0.993879750389815,0.999999999902037
"GOLGA7",1.68375876020309e-09,-0.425284161564272,5.86237659122235e-05,0.993890964133334,0.999999999902037
"POLR1D",1.68356394460509e-09,-0.425316452837377,5.8610200829656e-05,0.993891670952061,0.999999999902037
"PDCD2",1.67257293177235e-09,-0.427143556717347,5.78474347763726e-05,0.99393154791923,0.999999999902037
"DDX3X",1.66630901235353e-09,-0.428189545646936,5.7414959581827e-05,0.993954274321922,0.999999999902037
"BAZ1A",1.66461227156566e-09,-0.428473469564845,5.72980920568859e-05,0.993960430342956,0.999999999902037
"HMGB2",1.66402741179366e-09,-0.428571395618468,5.72578358812706e-05,0.9939625522989,0.999999999902037
"PPIP5K2",1.66345125768708e-09,-0.428667893451606,5.72181927528983e-05,0.993964642669471,0.999999999902037
"SSFA2",1.66026123840151e-09,-0.42920270664392,5.69989472290561e-05,0.993976216522353,0.999999999902037
"VPS35",1.65932316542017e-09,-0.429360147336092,5.69345548723908e-05,0.993979619987497,0.999999999902037
"HNRNPF",1.6440446479874e-09,-0.431935416590196,5.58909114893885e-05,0.994035052685164,0.999999999902037
"HIST1H1D",1.64280069979754e-09,-0.432146009722999,5.58063650076971e-05,0.994039565912554,0.999999999902037
"DNAJC10",1.64254376119465e-09,-0.432189525284887,5.57889098311268e-05,0.994040498123701,0.999999999902037
"TSC22D3",1.64008470837244e-09,-0.43260629584958,5.56219916796607e-05,0.99404941993044,0.999999999902037
"TMED5",1.63605718728964e-09,-0.433290078060254,5.53491476198561e-05,0.994064032373233,0.999999999902037
"LUC7L3",1.63422777119365e-09,-0.433601157581989,5.52254355510144e-05,0.994070669766346,0.999999999902037
"SUCLG1",1.63269790728837e-09,-0.433861534067527,5.51220866102758e-05,0.994076220339967,0.999999999902037
"SEC14L1",1.6301890093141e-09,-0.434288999972206,5.49528092023237e-05,0.994085322995318,0.999999999902037
"RNF130",1.6295195681167e-09,-0.434403156490495,5.4907685452001e-05,0.994087751827772,0.999999999902037
"SMIM5",1.62381382822281e-09,-0.435377795027963,5.45238416626827e-05,0.994108453104853,0.999999999902037
"MED13L",1.62363909464452e-09,-0.435407689729746,5.45121080104661e-05,0.994109087064453,0.999999999902037
"PUM2",1.62195602838092e-09,-0.435695785099134,5.43991519508683e-05,0.994115193481192,0.999999999902037
"NONO",1.6186442881775e-09,-0.436263428933511,5.41772323271608e-05,0.994127208972171,0.999999999902037
"UIMC1",1.61605084628299e-09,-0.436708662960358,5.40037625364953e-05,0.994136618369906,0.999999999902037
"FKBP8",1.60974708779207e-09,-0.437793481484327,5.35832773479333e-05,0.99415948935838,0.999999999902037
"SEP15",1.60799831687741e-09,-0.438095086530462,5.34669187238282e-05,0.994165834164396,0.999999999902037
"PCGF5",1.59123339305017e-09,-0.441001118578052,5.23578428519993e-05,0.994226659868499,0.999999999902037
"GLA",1.58036243470048e-09,-0.442899823240564,5.16448919108772e-05,0.994266101383636,0.999999999902037
"VPS4B",1.57622727465485e-09,-0.443625061385285,5.1374978516835e-05,0.994281104386346,0.999999999902037
"NDUFV1",1.57061432505286e-09,-0.44461214391625,5.10097371137976e-05,0.994301469042256,0.999999999902037
"MPC2",1.56590077026815e-09,-0.445443444773802,5.07040269215518e-05,0.994318570556471,0.999999999902037
"NDUFB2",1.55509336701242e-09,-0.447357766282163,5.00065524983989e-05,0.994357781516187,0.999999999902037
"ADIPOR1",1.55406832006784e-09,-0.447539936530934,4.99406501273765e-05,0.994361500548518,0.999999999902037
"HMGN3",1.53310968368258e-09,-0.45128789811296,4.86027038632032e-05,0.994437541820717,0.999999999902037
"HLTF",1.52657032466433e-09,-0.452466475070625,4.81889660953113e-05,0.994461267667542,0.999999999902037
"CTR9",1.52629890018016e-09,-0.452515488714103,4.81718316046556e-05,0.994462252439354,0.999999999902037
"POLR2I",1.52548365913588e-09,-0.452662750181499,4.81203853692867e-05,0.994465210265419,0.999999999902037
"NUCB1",1.52350038591653e-09,-0.453021287080743,4.7995344588678e-05,0.994472405901021,0.999999999902037
"RHOH",1.52272488339088e-09,-0.453161593659698,4.7946495191365e-05,0.994475219549574,0.999999999902037
"SMIM10L1",1.5191928820918e-09,-0.453801406368558,4.77243267844629e-05,0.994488034222243,0.999999999902037
"C14orf2",1.51457642631709e-09,-0.454639627859397,4.74347223485163e-05,0.994504783473505,0.999999999902037
"SPTBN1",1.50994635286673e-09,-0.455482567514,4.7145148913892e-05,0.994521582134338,0.999999999902037
"NIPBL",1.50792189354917e-09,-0.455851845456769,4.70188140239646e-05,0.99452892720334,0.999999999902037
"LAPTM4B",1.50326971125784e-09,-0.456702086044694,4.67291403072321e-05,0.99454580608216,0.999999999902037
"CPSF6",1.50032660216895e-09,-0.457241161787057,4.65463463227872e-05,0.994556484164923,0.999999999902037
"LIMD2",1.4996173579721e-09,-0.457371208951276,4.65023493384367e-05,0.994559057419407,0.999999999902037
"BLOC1S6",1.4951540199898e-09,-0.458190843143872,4.62259497287748e-05,0.994575251144292,0.999999999902037
"HELZ",1.49369833761698e-09,-0.458458622765234,4.61359823510189e-05,0.994580532600036,0.999999999902037
"ELAVL1",1.48981937611955e-09,-0.459173291081843,4.58966738830586e-05,0.994594606113291,0.999999999902037
"ELMO1",1.48843863810842e-09,-0.459428073712327,4.5811640868261e-05,0.994599615659348,0.999999999902037
"IRF1",1.48039757711043e-09,-0.460915978897364,4.53179971979938e-05,0.994628789963905,0.999999999902037
"MAF1",1.47810068803123e-09,-0.461342288361857,4.51774813467258e-05,0.994637123460214,0.999999999902037
"FUS",1.47548408656137e-09,-0.461828643361695,4.50176724333257e-05,0.994646616927063,0.999999999902037
"PRMT2",1.47057264703273e-09,-0.462743584986709,4.47184708522247e-05,0.994664436451447,0.999999999902037
"MAP4K5",1.45753237120081e-09,-0.465185851444526,4.39289067338245e-05,0.994711748766935,0.999999999902037
"MTIF3",1.45509171364573e-09,-0.465645073450426,4.37819108201923e-05,0.994720603885395,0.999999999902037
"TXNDC17",1.45208100284499e-09,-0.466212482049167,4.36009211237193e-05,0.994731527254354,0.999999999902037
"TMEM126A",1.45185680902582e-09,-0.466254775480247,4.35874586482822e-05,0.994732340667559,0.999999999902037
"SUDS3",1.4480111853708e-09,-0.466981129816622,4.33568588164633e-05,0.994746293243362,0.999999999902037
"KLF2",1.44758384621051e-09,-0.467061948891261,4.33312715146397e-05,0.994747843702518,0.999999999902037
"MINK1",1.44563120142566e-09,-0.467431501732384,4.3214451316639e-05,0.994754928230162,0.999999999902037
"FDX1",1.44508796207808e-09,-0.467534391457909,4.31819791626766e-05,0.994756899195055,0.999999999902037
"NDUFA2",1.43631244944114e-09,-0.469201177302326,4.26591135424607e-05,0.994788738254213,0.999999999902037
"TMED9",1.43398271911132e-09,-0.469645171682785,4.25208377390312e-05,0.994797190915284,0.999999999902037
"CYC1",1.43173600451231e-09,-0.470073942595164,4.23877017571638e-05,0.994805342381604,0.999999999902037
"TST",1.42983857530546e-09,-0.470436512866318,4.22754263528994e-05,0.994812226580972,0.999999999902037
"BNIP3L",1.42746030490013e-09,-0.470891558931992,4.21349087024178e-05,0.99482085535542,0.999999999902037
"MCTS1",1.42635693575965e-09,-0.471102896949525,4.20697967126058e-05,0.994824858568811,0.999999999902037
"DNAJB1",1.42514876945417e-09,-0.471334471615419,4.19985581839058e-05,0.994829242004527,0.999999999902037
"FRG1",1.4210698500357e-09,-0.472117565815701,4.17584940070862e-05,0.994844041028777,0.999999999902037
"FIP1L1",1.41592947254917e-09,-0.473107247080836,4.1456937834945e-05,0.994862691208781,0.999999999902037
"TIAL1",1.40709125869601e-09,-0.474816239821435,4.09410057340943e-05,0.994894757786268,0.999999999902037
"HERC2",1.3972298669864e-09,-0.476734186411885,4.03691586241246e-05,0.994930536640755,0.999999999902037
"YY1",1.39643206516776e-09,-0.476889867966433,4.03230711561472e-05,0.994933431205785,0.999999999902037
"NUFIP2",1.39591049676257e-09,-0.476991687871113,4.02929553877571e-05,0.994935323547541,0.999999999902037
"MRPL36",1.39077241379487e-09,-0.477996518649118,3.99968797700461e-05,0.994953965416269,0.999999999902037
"PHIP",1.38996954140843e-09,-0.478153825597937,3.99507138826758e-05,0.99495687837875,0.999999999902037
"SRI",1.37893672630005e-09,-0.480323569082433,3.93190172359424e-05,0.994996907382704,0.999999999902037
"MRPL33",1.37693518381329e-09,-0.480718822662174,3.92049560669065e-05,0.995004169334096,0.999999999902037
"KIF22",1.37473820937459e-09,-0.48115324749808,3.9079948625737e-05,0.995012140347774,0.999999999902037
"PPDPF",1.37350607502508e-09,-0.481397152609847,3.90099277762296e-05,0.995016610750368,0.999999999902037
"UBQLN1",1.37217679905523e-09,-0.481660501733696,3.89344568802989e-05,0.995021433600216,0.999999999902037
"PKM",1.37063131667145e-09,-0.481966964954148,3.88468025326573e-05,0.995027040885651,0.999999999902037
"ATXN10",1.37036454584073e-09,-0.482019895143599,3.88316822225587e-05,0.995028008777778,0.999999999902037
"RP11-367G6.3",1.36206843401977e-09,-0.483670443564649,3.83629356635727e-05,0.995058108553934,0.999999999902037
"THOC7",1.35975580190042e-09,-0.484132117734893,3.82327747443807e-05,0.995066499197773,0.999999999902037
"IQGAP1",1.35183065984208e-09,-0.485719447668601,3.77884049918878e-05,0.995095253037774,0.999999999902037
"STAT3",1.34981354325065e-09,-0.486124754850878,3.76757181696499e-05,0.995102571500381,0.999999999902037
"SSB",1.34942787091088e-09,-0.486202309781489,3.76541916312515e-05,0.995103970789199,0.999999999902037
"USP16",1.34713742084245e-09,-0.486663296366594,3.75264755025361e-05,0.995112280955521,0.999999999902037
"HIST1H1C",1.33723104240333e-09,-0.488665021286707,3.69765915830371e-05,0.9951482230909,0.999999999902037
"CRYL1",1.33655334709794e-09,-0.488802432348682,3.69391223470707e-05,0.995150681892584,0.999999999902037
"PHF20L1",1.33600059600463e-09,-0.488914554524536,3.69085752414157e-05,0.995152687374002,0.999999999902037
"HK1",1.33492576907889e-09,-0.489132692689142,3.68492124342822e-05,0.995156587041504,0.999999999902037
"CARD8",1.33025071327417e-09,-0.490083293450669,3.65915644502846e-05,0.995173548995287,0.999999999902037
"CREBZF",1.326504627029e-09,-0.490847111756351,3.63857654261966e-05,0.995187140479918,0.999999999902037
"CGGBP1",1.31300756246696e-09,-0.493614854360905,3.56490886579555e-05,0.995236110305177,0.999999999902037
"SMIM19",1.30955642212535e-09,-0.494326544308169,3.54619331167083e-05,0.995248631678079,0.999999999902037
"SFPQ",1.28807418970844e-09,-0.49879380156635,3.4308026187029e-05,0.995326573200768,0.999999999902037
"ATP6AP1",1.27849573297127e-09,-0.50080667288526,3.37996764309794e-05,0.995361325632377,0.999999999902037
"ZSWIM7",1.27641185398702e-09,-0.501246335796892,3.36895829337366e-05,0.995368886336053,0.999999999902037
"CMPK1",1.27181715216719e-09,-0.502217960043687,3.3447474585765e-05,0.995385556777218,0.999999999902037
"RSRC1",1.27135813260231e-09,-0.502315195632107,3.34233354638446e-05,0.995387222186522,0.999999999902037
"TDP1",1.25870409837799e-09,-0.505007895455235,3.27613107760579e-05,0.995433133410271,0.999999999902037
"CCT7",1.25671005568645e-09,-0.505434371016294,3.2657591869553e-05,0.995440368174778,0.999999999902037
"SDCCAG8",1.25431370145681e-09,-0.505947673937704,3.25331645302181e-05,0.995449062602229,0.999999999902037
"ACBD6",1.25166705426852e-09,-0.506515586880441,3.2396017072994e-05,0.995458665140613,0.999999999902037
"SOD2",1.25124098256269e-09,-0.506607110653365,3.23739653989312e-05,0.9954602110097,0.999999999902037
"MED10",1.248096499437e-09,-0.507283415447834,3.22114523838758e-05,0.995471619792344,0.999999999902037
"CD96",1.24509245535752e-09,-0.507930907248225,3.20565794690657e-05,0.995482519036292,0.999999999902037
"CAPRIN1",1.23963520651044e-09,-0.50911066357855,3.17761868807407e-05,0.995502318976429,0.999999999902037
"MT2A",1.23624790496537e-09,-0.509845220406831,3.1602767362827e-05,0.995514608754173,0.999999999902037
"NDUFA8",1.23507510117198e-09,-0.510099959942197,3.15428339717501e-05,0.995518863910853,0.999999999902037
"ATP5S",1.21919929702535e-09,-0.513569236056252,3.07371349681379e-05,0.995576464380006,0.999999999902037
"PPP1R7",1.20846610622904e-09,-0.51593715324823,3.01983299203563e-05,0.995615406472471,0.999999999902037
"ERICH1",1.20275417354811e-09,-0.517204801361302,2.99135338812264e-05,0.995636130473432,0.999999999902037
"UCP2",1.19544329904764e-09,-0.518835000667342,2.95509835996898e-05,0.995662655750106,0.999999999902037
"BTN3A2",1.18326064228665e-09,-0.521570980423379,2.89517496953815e-05,0.995706856812364,0.999999999902037
"SSBP2",1.17800992691998e-09,-0.52275778315017,2.86953731993891e-05,0.995725907439085,0.999999999902037
"A1BG",1.17503209033399e-09,-0.523432909999191,2.85504811615526e-05,0.995736711616222,0.999999999902037
"FTH1",1.14841699725676e-09,-0.529534333048625,2.72717621365393e-05,0.995833276445936,0.999999999902037
"COMT",1.14519481923719e-09,-0.530281370932591,2.7118941000051e-05,0.995844967150224,0.999999999902037
"RTFDC1",1.14172406049257e-09,-0.531088098030172,2.69548105488711e-05,0.995857559755941,0.999999999902037
"NFKBIZ",1.13386208177293e-09,-0.532923455184738,2.65848638798783e-05,0.995886084588316,0.999999999902037
"ABTB1",1.13247741899265e-09,-0.533247852054452,2.65199731044654e-05,0.995891108422569,0.999999999902037
"MIA3",1.13082688509215e-09,-0.533634989976839,2.6442726148383e-05,0.995897096890778,0.999999999902037
"SLC9A3R1",1.12830235605798e-09,-0.534228082509917,2.63247931273806e-05,0.995906256389168,0.999999999902037
"GID8",1.12829998039609e-09,-0.534228641174718,2.63246822728008e-05,0.995906265008546,0.999999999902037
"USP14",1.12603274303199e-09,-0.534762277872597,2.62189934690543e-05,0.99591449100154,0.999999999902037
"ANKRD10",1.12558464737417e-09,-0.534867856672743,2.61981303466188e-05,0.995916116782729,0.999999999902037
"AP003068.23",1.11493225306941e-09,-0.537388616980464,2.57046050310492e-05,0.995954765817169,0.999999999902037
"PTPN18",1.11464668528525e-09,-0.537456482340672,2.56914392677815e-05,0.995955801914802,0.999999999902037
"PTMA",1.1144281925959e-09,-0.537508417523775,2.56813681994058e-05,0.99595659465044,0.999999999902037
"EVL",1.11259602109499e-09,-0.537944270747774,2.55969948986441e-05,0.995963242139113,0.999999999902037
"ASAH1",1.11058076593732e-09,-0.538424402496332,2.55043507451489e-05,0.995970553892635,0.999999999902037
"TRABD",1.11053412752421e-09,-0.538435523044613,2.55022086992815e-05,0.99597072310624,0.999999999902037
"SMAP2",1.09634135326939e-09,-0.541838786203604,2.48545307646594e-05,0.996022217372917,0.999999999902037
"CCDC12",1.08635833764288e-09,-0.54425573828632,2.44039530428611e-05,0.996058437790485,0.999999999902037
"RASAL3",1.07695030376032e-09,-0.546551314015582,2.39830991634205e-05,0.996092572064406,0.999999999902037
"MRPL42",1.07514879356687e-09,-0.54699288341383,2.39029289635892e-05,0.996099108313199,0.999999999902037
"BZW1",1.06786016590183e-09,-0.548786029700429,2.35799429406713e-05,0.996125552953232,0.999999999902037
"HNRNPD",1.06627044986234e-09,-0.549178551510764,2.35097886029379e-05,0.996131320770506,0.999999999902037
"ZFP36L1",1.06564019361937e-09,-0.549334311650263,2.34820042599852e-05,0.996133607470045,0.999999999902037
"CYB5R1",1.06111026713805e-09,-0.55045620241121,2.32827894295093e-05,0.996150042977822,0.999999999902037
"ATG16L2",1.05509603738389e-09,-0.551952183614667,2.30196099669351e-05,0.996171863846602,0.999999999902037
"STK38",1.0531214949111e-09,-0.552444956904054,2.29335312316337e-05,0.996179027895486,0.999999999902037
"VAMP7",1.05238415090106e-09,-0.552629177952956,2.29014286067752e-05,0.996181703132287,0.999999999902037
"SRSF6",1.05215090327406e-09,-0.552687476979779,2.28912781081907e-05,0.996182549403001,0.999999999902037
"USP22",1.05000381373805e-09,-0.553224661942015,2.27979464871586e-05,0.996190339488867,0.999999999902037
"EXOSC8",1.04896157816171e-09,-0.553485767262688,2.2752710387889e-05,0.996194120935694,0.999999999902037
"AURKB",1.04344601050928e-09,-0.554871337116051,2.25140664101404e-05,0.996214132560469,0.999999999902037
"CTD-2336O2.1",1.04339489506466e-09,-0.554884207768213,2.25118606643411e-05,0.996214318017927,0.999999999902037
"FIBP",1.04210666456255e-09,-0.555208760813867,2.2456306313922e-05,0.996218991986044,0.999999999902037
"EIF1AX",1.04146543637921e-09,-0.555370440688516,2.24286792258091e-05,0.996221318495269,0.999999999902037
"C7orf73",1.03851356673504e-09,-0.556115851701185,2.23017182935341e-05,0.996232028492742,0.999999999902037
"RSBN1L",1.03375533473313e-09,-0.557321315157858,2.20978237047368e-05,0.996249292350255,0.999999999902037
"SUMF2",1.030918585644e-09,-0.55804229391817,2.19767119286262e-05,0.996259584668081,0.999999999902037
"SORL1",1.02930857130777e-09,-0.558452261393136,2.19081222405737e-05,0.996265426136437,0.999999999902037
"ATP5L",1.02281766313384e-09,-0.56011078427425,2.16326844572003e-05,0.99628897650932,0.999999999902037
"SARAF",1.01927677222618e-09,-0.561019415258065,2.14831634046794e-05,0.996301823603722,0.999999999902037
"NDUFS4",1.01866445979611e-09,-0.561176820928963,2.14573598992734e-05,0.996304045201659,0.999999999902037
"CTDSP1",1.01068668567568e-09,-0.563235240669577,2.11225849802739e-05,0.996332990242232,0.999999999902037
"KMT2A",1.00971081947103e-09,-0.563488006779189,2.10818149458009e-05,0.996336530890176,0.999999999902037
"GMPS",1.00925375416603e-09,-0.563606467961509,2.10627330758562e-05,0.996338189219308,0.999999999902037
"RAB31",1.00835862331804e-09,-0.563838601886612,2.10253875796277e-05,0.996341436942483,0.999999999902037
"GTF2I",1.00781180135218e-09,-0.56398049762766,2.10025900825565e-05,0.996343420927731,0.999999999902037
"FAM111A",1.0076757990847e-09,-0.564015799529611,2.09969219466255e-05,0.996343914372602,0.999999999902037
"STK10",1.0040854902401e-09,-0.564949239640809,2.08475660982701e-05,0.996356940769778,0.999999999902037
"HNRNPL",9.88525777453529e-10,-0.569028609012226,2.02064478551989e-05,0.996413394698287,0.999999999902037
"SLC25A39",9.86956919365747e-10,-0.569443032559064,2.01423607185804e-05,0.996419086848207,0.999999999902037
"POLR2F",9.86428787056104e-10,-0.569582671488081,2.0120809655784e-05,0.996421003024293,0.999999999902037
"REST",9.8488804325873e-10,-0.569990419972919,2.00580036991822e-05,0.996426593169842,0.999999999902037
"ALKBH7",9.83585940392279e-10,-0.570335448419712,2.0005002102716e-05,0.996431317475575,0.999999999902037
"BAZ2B",9.82719442869065e-10,-0.570565272345094,1.99697705104834e-05,0.99643446131268,0.999999999902037
"HSD17B12",9.8023007744541e-10,-0.571226521309654,1.9868726224037e-05,0.996443493259621,0.999999999902037
"CD79B",9.80037744984226e-10,-0.571277671539331,1.98609300418923e-05,0.996444191082695,0.999999999902037
"AGTPBP1",9.72825769662386e-10,-0.573202034881032,1.95696973660693e-05,0.996470357664939,0.999999999902037
"PQBP1",9.72092663466536e-10,-0.573398346193422,1.95402136473477e-05,0.996473017530544,0.999999999902037
"JTB",9.66811587574669e-10,-0.574816349010837,1.93284786009765e-05,0.996492178401166,0.999999999902037
"PNMA1",9.63462768800013e-10,-0.575719039326446,1.91948114584854e-05,0.996504328631561,0.999999999902037
"MORC3",9.62583270544821e-10,-0.575956566906958,1.91597834357225e-05,0.996507519639376,0.999999999902037
"PTDSS1",9.59741963595414e-10,-0.576725221678315,1.90468405194346e-05,0.996517828509193,0.999999999902037
"HTT",9.59427164399237e-10,-0.576810506185639,1.90343476891362e-05,0.996518970668098,0.999999999902037
"NMI",9.58416294777334e-10,-0.577084533559776,1.89942589609744e-05,0.996522638319635,0.999999999902037
"PARK7",9.54926540516868e-10,-0.578032484099303,1.88561882320832e-05,0.996535299896229,0.999999999902037
"AFF1",9.48128922520574e-10,-0.579887701241473,1.85886892229757e-05,0.996559963114103,0.999999999902037
"RNF19A",9.48035846759065e-10,-0.579913184194666,1.85850397794434e-05,0.996560300812977,0.999999999902037
"TFPI",9.39426966475338e-10,-0.58227969233856,1.82490399558488e-05,0.996591535684168,0.999999999902037
"ANKRD12",9.31976721306539e-10,-0.584343048459967,1.79607350566704e-05,0.996618566781923,0.999999999902037
"DNAJC19",9.31289557685682e-10,-0.584534084707606,1.79342592585651e-05,0.996621059960073,0.999999999902037
"MPG",9.3111171670185e-10,-0.584583545797939,1.79274103859392e-05,0.996621705205609,0.999999999902037
"LEPROTL1",9.26775862482109e-10,-0.58579199406561,1.7760836054007e-05,0.996637436622747,0.999999999902037
"SEPT1",9.23788779343184e-10,-0.586627403179018,1.76465309699538e-05,0.996648274407369,0.999999999902037
"MRPS34",9.23604544041337e-10,-0.586679006230155,1.76394930196335e-05,0.996648942852969,0.999999999902037
"CLK1",9.21499375362517e-10,-0.587269289124741,1.75591733879652e-05,0.996656580861308,0.999999999902037
"VTI1B",9.06461832962314e-10,-0.591520381963039,1.69907684828534e-05,0.996711140333941,0.999999999902037
"SRSF8",9.04951941353666e-10,-0.591950623914989,1.69342126484322e-05,0.996716618549766,0.999999999902037
"RNMT",9.04465120761533e-10,-0.592089476644827,1.69159979662261e-05,0.996718384841005,0.999999999902037
"PRKCH",9.04044672412555e-10,-0.592209451014096,1.6900274528925e-05,0.99671991031929,0.999999999902037
"AKAP13",9.01391313004003e-10,-0.592967710316011,1.68012159365505e-05,0.99672953728604,0.999999999902037
"UBE2D3",8.99556428878639e-10,-0.59349321285569,1.67328839996171e-05,0.996736194646195,0.999999999902037
"TRAF3IP3",8.99187371478151e-10,-0.593599022365703,1.67191569499375e-05,0.996737533667036,0.999999999902037
"EMC3",8.98555101335495e-10,-0.593780383740055,1.66956528226802e-05,0.996739827681204,0.999999999902037
"NPC2",8.95808960898764e-10,-0.594569387390284,1.65937591344405e-05,0.99674979127879,0.999999999902037
"ID2",8.90666357435067e-10,-0.596052630044999,1.64037851920627e-05,0.996768449769271,0.999999999902037
"DDX6",8.85889942419846e-10,-0.597436974497011,1.62283183714516e-05,0.996785779649529,0.999999999902037
"PSMB7",8.84851089029352e-10,-0.597738927870008,1.61902798796356e-05,0.996789548837459,0.999999999902037
"PBXIP1",8.75369073863739e-10,-0.600509384178976,1.58451507517842e-05,0.996823951671263,0.999999999902037
"MYCBP2",8.73616434277994e-10,-0.601024340042373,1.5781764830855e-05,0.996830310633307,0.999999999902037
"EIF4A2",8.72329631169672e-10,-0.601403000147197,1.57353072167872e-05,0.996834979438242,0.999999999902037
"PLA2G12A",8.72081745376596e-10,-0.601476000131812,1.5726365631479e-05,0.996835878822478,0.999999999902037
"NIFK",8.68426587800488e-10,-0.602554519289347,1.55948140152074e-05,0.996849140539409,0.999999999902037
"OTUB1",8.64921611399538e-10,-0.603592457045211,1.54691864656234e-05,0.996861857366768,0.999999999902037
"RB1",8.63714850795483e-10,-0.603950668899396,1.54260505749267e-05,0.996866235760559,0.999999999902037
"FAM32A",8.58751203902707e-10,-0.605428680215733,1.52492573867793e-05,0.996884244967904,0.999999999902037
"KDELR1",8.58159025299791e-10,-0.605605509724114,1.52282334386621e-05,0.996886393522788,0.999999999902037
"ACAP2",8.54398696522878e-10,-0.606730870402505,1.50950699962633e-05,0.996900036827408,0.999999999902037
"SMARCC2",8.49027425163559e-10,-0.608345870972963,1.49058729406312e-05,0.996919524989642,0.999999999902037
"PACSIN2",8.47926819571551e-10,-0.608677896010967,1.48672526244901e-05,0.996923518230743,0.999999999902037
"KLF3",8.42942001159187e-10,-0.610186422273015,1.46929623173364e-05,0.996941604258079,0.999999999902037
"ZCCHC11",8.39894137976498e-10,-0.611112624040788,1.45869024023326e-05,0.996952662582804,0.999999999902037
"SMARCA4",8.32277568545931e-10,-0.613440095389641,1.43235397101171e-05,0.996980297191313,0.999999999902037
"UBA1",8.31085158204291e-10,-0.613806155880641,1.42825262248721e-05,0.996984623521662,0.999999999902037
"NAE1",8.30990241537635e-10,-0.613835314259607,1.42792640504626e-05,0.996984967900476,0.999999999902037
"HIST1H2AE",8.30307549916803e-10,-0.614045122765475,1.42558117182707e-05,0.996987444857801,0.999999999902037
"ST13",8.29897564822941e-10,-0.614171194077823,1.42417368677409e-05,0.996988932375093,0.999999999902037
"MMADHC",8.27440498376784e-10,-0.614927889886254,1.41575310722762e-05,0.996997847159972,0.999999999902037
"HUWE1",8.22896687158719e-10,-0.616332422703708,1.40024685151122e-05,0.997014333121118,0.999999999902037
"RAC2",8.22198267111561e-10,-0.616548911225926,1.39787098714483e-05,0.99701686714503,0.999999999902037
"LYAR",8.1994726918968e-10,-0.617247746000048,1.39022733850868e-05,0.997025034268417,0.999999999902037
"NDUFV2",8.19202092974952e-10,-0.617479459470528,1.38770158194532e-05,0.997027737934283,0.999999999902037
"EPS15L1",8.1551562554181e-10,-0.618628487816843,1.37524017299913e-05,0.997041113262618,0.999999999902037
"TPP2",8.08445708282633e-10,-0.620844855387378,1.35149890050636e-05,0.99706676450596,0.999999999902037
"SMC3",8.07904114034903e-10,-0.621015338847897,1.34968871376401e-05,0.997068729531323,0.999999999902037
"EIF1B",8.06513298006176e-10,-0.6214535989867,1.34504570506833e-05,0.997073775723794,0.999999999902037
"MYO1G",8.01119753187046e-10,-0.623159430199375,1.32711591539115e-05,0.997093344715118,0.999999999902037
"ACP1",8.00187351106574e-10,-0.623455340467335,1.32402852291636e-05,0.997096727679346,0.999999999902037
"NCOA4",7.96794021761176e-10,-0.624534808830472,1.31282280100784e-05,0.997109039441017,0.999999999902037
"HRAT92",7.8024014641034e-10,-0.629859156039407,1.25884008135824e-05,0.997169100631849,0.999999999902037
"EIF3J",7.78431474821132e-10,-0.630446859761404,1.25301062142169e-05,0.997175662901008,0.999999999902037
"TUBB",7.70079375407016e-10,-0.633176339017571,1.22626677406835e-05,0.997205966207141,0.999999999902037
"PSMB4",7.54701423552461e-10,-0.638270259709117,1.17778037984477e-05,0.997261760905865,0.999999999902037
"CNOT2",7.50505217899353e-10,-0.639675992804929,1.16471966741249e-05,0.997276985694468,0.999999999902037
"MRPL51",7.39990185191367e-10,-0.643228943714972,1.13231144237662e-05,0.997315136629287,0.999999999902037
"SHFM1",7.37409369422493e-10,-0.644107722009885,1.12442703702006e-05,0.997324500417952,0.999999999902037
"PNKD",7.34479761439045e-10,-0.645108528507122,1.11551045136906e-05,0.997335129704827,0.999999999902037
"H2AFZ",7.30948245544178e-10,-0.64631960513429,1.10480907521801e-05,0.997347942851707,0.999999999902037
"NIN",7.30060064481163e-10,-0.646624997144721,1.10212578175636e-05,0.997351165375726,0.999999999902037
"DAP",7.26868834948937e-10,-0.64772495462775,1.09251164318818e-05,0.997362743886645,0.999999999902037
"ATP5D",7.24817239286832e-10,-0.648434332234248,1.086353093357e-05,0.99737018754542,0.999999999902037
"RBPJ",7.24600053226191e-10,-0.648509531052345,1.08570215574933e-05,0.997370975546186,0.999999999902037
"ADGRE5",7.19722866333637e-10,-0.650203424488438,1.07113590848424e-05,0.99738867109784,0.999999999902037
"UBE2I",7.19298858139592e-10,-0.650351160078311,1.06987421001294e-05,0.99739020949679,0.999999999902037
"CHCHD10",7.09139350161963e-10,-0.653913957157953,1.0398654458144e-05,0.99742707052413,0.999999999902037
"RAD50",6.99066405111365e-10,-0.657490709699029,1.01053379158879e-05,0.997463617486719,0.999999999902037
"NAP1L1",6.96122963398749e-10,-0.658544384582808,1.00204193648275e-05,0.997474296971593,0.999999999902037
"NEDD8",6.93139638975065e-10,-0.659616316790208,9.93471581600398e-06,0.997485121160596,0.999999999902037
"ARPC5L",6.86120710071651e-10,-0.66215426351216,9.73453102839445e-06,0.997510587455138,0.999999999902037
"LNPEP",6.84344567955036e-10,-0.662800087703344,9.6841972275639e-06,0.997517031709203,0.999999999902037
"SRRT",6.78971606393505e-10,-0.664762710920733,9.53272803938111e-06,0.997536526056422,0.999999999902037
"LRRFIP1",6.69203118179713e-10,-0.668365954162293,9.26040303796037e-06,0.997571968394706,0.999999999902037
"CEP170",6.69186712821501e-10,-0.668372044063742,9.25994901028848e-06,0.99757202791715,0.999999999902037
"PSMA3",6.67561320320551e-10,-0.668976060579361,9.21502052444819e-06,0.997577925218163,0.999999999902037
"LONP2",6.55268584528228e-10,-0.673586277994869,8.87876724496099e-06,0.99762252611925,0.999999999902037
"HCFC1R1",6.52524571545113e-10,-0.674625690750574,8.80456121469942e-06,0.997632482036813,0.999999999902037
"ARL5A",6.51844948114877e-10,-0.674883717402901,8.78623034959144e-06,0.997634947868805,0.999999999902037
"ZMYM2",6.51468786314503e-10,-0.675026632532697,8.77609269151407e-06,0.997636312671381,0.999999999902037
"USP34",6.50214944289561e-10,-0.675503526013892,8.74234358530905e-06,0.997640861902172,0.999999999902037
"CIR1",6.43906869000088e-10,-0.677915037407958,8.57353831460858e-06,0.99766374906915,0.999999999902037
"IFITM2",6.41316133959312e-10,-0.678911433060985,8.50468648804803e-06,0.997673148860096,0.999999999902037
"EHD1",6.35157473752792e-10,-0.681294245309777,8.34212709837899e-06,0.997695493916959,0.999999999902037
"GNAI3",6.30960079069203e-10,-0.682929831865556,8.23223465879066e-06,0.997710723045717,0.999999999902037
"MEF2A",6.28716037376839e-10,-0.683808165405698,8.17378206416692e-06,0.997718864953707,0.999999999902037
"EML4",6.24195869446064e-10,-0.685585739500557,8.05667338486473e-06,0.997735265180642,0.999999999902037
"EIF5B",6.19502751907236e-10,-0.687443269429751,7.93597802857584e-06,0.997752292910236,0.999999999902037
"ATP5I",6.12583647920137e-10,-0.69020439685339,7.7596972344354e-06,0.997777397041873,0.999999999902037
"TPTEP1",6.03876944560297e-10,-0.693717870182566,7.54068631443085e-06,0.997808987006307,0.999999999902037
"ETHE1",5.99691088508864e-10,-0.69542279929959,7.4365100188002e-06,0.997824174276277,0.999999999902037
"PPP1R10",5.98453461324017e-10,-0.695928885635868,7.40584713242271e-06,0.997828664678856,0.999999999902037
"CMC2",5.95997426002136e-10,-0.69693591364284,7.34518511034729e-06,0.997837575752991,0.999999999902037
"DHPS",5.93918959009058e-10,-0.697790967448382,7.29404359952265e-06,0.997845116920586,0.999999999902037
"CNOT1",5.9112211361096e-10,-0.698945688875745,7.22550805931331e-06,0.997855264534469,0.999999999902037
"TRIP12",5.89047833131563e-10,-0.699805175617049,7.17488760852765e-06,0.997862790512856,0.999999999902037
"PPM1G",5.85715868460396e-10,-0.701191341510922,7.09394729470516e-06,0.997874879666264,0.999999999902037
"PDAP1",5.84755878102125e-10,-0.701591995909008,7.07071234251987e-06,0.997878362737712,0.999999999902037
"ENG",5.83873659016334e-10,-0.701960699422591,7.0493933201709e-06,0.997881563636677,0.999999999902037
"SHOC2",5.82519409192466e-10,-0.702527625857836,7.01673019804319e-06,0.997886477174579,0.999999999902037
"ZFAND3",5.81723638340214e-10,-0.702861295010557,6.99757239704396e-06,0.997889364419035,0.999999999902037
"CHCHD2",5.72634806194766e-10,-0.706700836228167,6.78062085361762e-06,0.997922340848991,0.999999999902037
"TXNRD1",5.71500802651489e-10,-0.70718362189165,6.75379176680025e-06,0.997926455281966,0.999999999902037
"DAB2",5.69174677194815e-10,-0.708176561773451,6.69892501916105e-06,0.997934895015278,0.999999999902037
"ZEB2",5.66538265786279e-10,-0.709306248057082,6.63701003952313e-06,0.997944460539689,0.999999999902037
"HBA2",5.6438662632714e-10,-0.710231622195954,6.58669274979603e-06,0.99795226719698,0.999999999902037
"GAS2L1",5.6184544066117e-10,-0.711328510828666,6.52751229986168e-06,0.997961487220376,0.999999999902037
"TACC3",5.60660437048675e-10,-0.711841493952523,6.50000662689895e-06,0.997965786694206,0.999999999902037
"SEPT2",5.60221723686519e-10,-0.712031651482289,6.48983817598775e-06,0.997967378450228,0.999999999902037
"PRPF38A",5.49865213202388e-10,-0.716558847243669,6.25210794180738e-06,0.99800495432638,0.999999999902037
"TCERG1",5.49454122241166e-10,-0.716740082493333,6.24276301785442e-06,0.998006445861972,0.999999999902037
"STAU1",5.44459359491326e-10,-0.718951612980176,6.12978035250712e-06,0.99802456804744,0.999999999902037
"FAM60A",5.44272763201674e-10,-0.719034575221477,6.12557949435121e-06,0.998025245063114,0.999999999902037
"PABPN1",5.43446548895652e-10,-0.719402215821018,6.10699616487369e-06,0.99802824276494,0.999999999902037
"SRGN",5.40861099179144e-10,-0.720555827644371,6.04902625919377e-06,0.99803762339104,0.999999999902037
"CTSB",5.40333887111676e-10,-0.720791657795381,6.03723925759503e-06,0.998039536241766,0.999999999902037
"SNX1",5.39161702989587e-10,-0.721316715360304,6.01107365844771e-06,0.998043789204489,0.999999999902037
"ITPR2",5.37544092304656e-10,-0.722042933845185,5.97505852448639e-06,0.998049658280789,0.999999999902037
"JMJD1C",5.3465534485231e-10,-0.723344586775785,5.91101147502436e-06,0.998060139343872,0.999999999902037
"RIOK3",5.29164416837053e-10,-0.725835802959474,5.79022236516715e-06,0.998080061738102,0.999999999902037
"UBE2E1",5.28933885950164e-10,-0.72594088736679,5.7851784344119e-06,0.998080898159076,0.999999999902037
"MED30",5.26924896470597e-10,-0.726858356297694,5.74131552083946e-06,0.998088187251566,0.999999999902037
"NCBP2-AS2",5.26644881823762e-10,-0.726986476520755,5.73521512480525e-06,0.998089203211434,0.999999999902037
"HCLS1",5.26305585267851e-10,-0.727141800871683,5.72782755887402e-06,0.998090434260198,0.999999999902037
"NPEPPS",5.24870354503516e-10,-0.727799795242772,5.69663068165195e-06,0.9980956416195,0.999999999902037
"PRKCSH",5.18459337669365e-10,-0.730758319027273,5.55831785358483e-06,0.998118902317634,0.999999999902037
"ALDH2",5.1812562817825e-10,-0.730913191292345,5.55116486649167e-06,0.998120113095303,0.999999999902037
"FRYL",5.15774866426221e-10,-0.732006640041082,5.5009073138792e-06,0.99812864222004,0.999999999902037
"NUCKS1",5.15298717655493e-10,-0.732228649257631,5.49075543786923e-06,0.998130369801458,0.999999999902037
"SMC2",5.15033927508367e-10,-0.732352187939682,5.4851139552022e-06,0.998131330523332,0.999999999902037
"EIF1",5.14020398380215e-10,-0.732825566560885,5.46354701599419e-06,0.998135007849022,0.999999999902037
"TMOD3",5.13472425712702e-10,-0.733081842330034,5.45190437057238e-06,0.998136996024723,0.999999999902037
"TMEM30A",5.10650204093308e-10,-0.734405536034428,5.39213797648742e-06,0.998147235718923,0.999999999902037
"PTPRA",5.10255257768843e-10,-0.734591285543758,5.38380044320238e-06,0.998148668678556,0.999999999902037
"CHD1",5.09602425190791e-10,-0.734898598702838,5.37003293424818e-06,0.99815103731115,0.999999999902037
"SMPD1",5.06676099108837e-10,-0.736280373419899,5.30853656958246e-06,0.998161654721648,0.999999999902037
"ADD3",5.05033369721553e-10,-0.73705910895565,5.27417002893303e-06,0.998167614936666,0.999999999902037
"C19orf53",5.03787046460827e-10,-0.737651406381245,5.24817091541407e-06,0.998172136895538,0.999999999902037
"MT-CO2",5.01241295762569e-10,-0.738865227985745,5.19526452191554e-06,0.998181373488118,0.999999999902037
"CAPN7",5.01007889416206e-10,-0.738976786267445,5.19042722941283e-06,0.998182220342196,0.999999999902037
"PKN2",4.98656258126321e-10,-0.740103306946452,5.1418159195365e-06,0.998190752623359,0.999999999902037
"LRBA",4.98034311095914e-10,-0.740402019391521,5.12899769943881e-06,0.998193009196078,0.999999999902037
"EIF5",4.94315634710561e-10,-0.742194879272621,5.05269020158081e-06,0.998206501444546,0.999999999902037
"IST1",4.93896919559706e-10,-0.74239748915548,5.04413396036557e-06,0.998208020643419,0.999999999902037
"FUBP1",4.91061915251779e-10,-0.743773266874155,4.98639276370874e-06,0.998218306718359,0.999999999902037
"FCHSD2",4.89794886824344e-10,-0.744390378879086,4.96069437202853e-06,0.998222903801189,0.999999999902037
"ATP6V1G1",4.88458707958436e-10,-0.74504268408453,4.93366536894941e-06,0.998227751778449,0.999999999902037
"UFC1",4.87501776616304e-10,-0.745510804504853,4.91435338062947e-06,0.998231223754812,0.999999999902037
"KRR1",4.85917794852378e-10,-0.746287438773218,4.88247000996363e-06,0.998236970820534,0.999999999902037
"SLC38A2",4.83756958077989e-10,-0.747350483314216,4.83914266993367e-06,0.998244810854726,0.999999999902037
"FKBP3",4.78246299772947e-10,-0.750080408533566,4.72952160856689e-06,0.998264804845805,0.999999999902037
"UBB",4.77923558804964e-10,-0.750241141818741,4.72314039729811e-06,0.99826597582754,0.999999999902037
"RGS19",4.76259350236454e-10,-0.751071469078894,4.69030416162286e-06,0.998272013975928,0.999999999902037
"IFI6",4.73340208947702e-10,-0.752534066491605,4.63298371086006e-06,0.998282605321867,0.999999999902037
"EMC4",4.67511648069963e-10,-0.755478127296185,4.5195880176419e-06,0.998303752741987,0.999999999902037
"CXCR4",4.67012864953192e-10,-0.755731554713695,4.50994936300635e-06,0.998305562447104,0.999999999902037
"AMD1",4.6644545489479e-10,-0.756020138635543,4.498997047704e-06,0.998307621147282,0.999999999902037
"UPF2",4.63297742442157e-10,-0.757626654241946,4.43848079349224e-06,0.998319041805421,0.999999999902037
"PHF5A",4.61865735326064e-10,-0.758360674500578,4.41108539430379e-06,0.998324237471903,0.999999999902037
"GLO1",4.59927947090102e-10,-0.759357121718892,4.37414904069019e-06,0.998331268234136,0.999999999902037
"HNRNPA2B1",4.58756833918761e-10,-0.759961110220503,4.35190163551847e-06,0.998335517314724,0.999999999902037
"ZNF638",4.58752584165173e-10,-0.759963304435748,4.35182100707847e-06,0.998335532733854,0.999999999902037
"GNB1",4.56449207727684e-10,-0.761155196363154,4.30823011482428e-06,0.998343889938357,0.999999999902037
"FAM107B",4.56332312008722e-10,-0.76121582457942,4.306023739346e-06,0.998344314064185,0.999999999902037
"TBL1XR1",4.52257297479456e-10,-0.763337869954075,4.22946215633617e-06,0.99835909919886,0.999999999902037
"LSM14A",4.51433563071118e-10,-0.763768854972128,4.21406923413472e-06,0.998362087905859,0.999999999902037
"C11orf58",4.51380915249513e-10,-0.763796424130151,4.21308637133379e-06,0.998362278924847,0.999999999902037
"NUP50",4.47339495419382e-10,-0.765921157357673,4.13798073154186e-06,0.998376942170534,0.999999999902037
"SF1",4.45547871715386e-10,-0.766868455253685,4.10490134437589e-06,0.998383442613538,0.999999999902037
"WDFY2",4.4283579489261e-10,-0.768308783619245,4.05507987528801e-06,0.998393282682708,0.999999999902037
"MRPL37",4.33288230414636e-10,-0.773441401181902,3.88210932511739e-06,0.998427923552512,0.999999999902037
"NME3",4.32884755234734e-10,-0.773660471897934,3.8748827015071e-06,0.998429387457975,0.999999999902037
"SUB1",4.31832361373315e-10,-0.77423272004332,3.8560650102468e-06,0.998433205797269,0.999999999902037
"CRTAP",4.31791882196266e-10,-0.774254755271141,3.85534212314333e-06,0.998433352665508,0.999999999902037
"TYROBP",4.30886894213345e-10,-0.774747866083039,3.83919831814743e-06,0.998436636180677,0.999999999902037
"NCOA7",4.28695283870559e-10,-0.77594579330068,3.80024318250953e-06,0.998444587872897,0.999999999902037
"TMEM173",4.28602110630599e-10,-0.775996839995724,3.79859146155508e-06,0.998444925927943,0.999999999902037
"COA4",4.28144988102062e-10,-0.776247423673557,3.79049306116637e-06,0.998446584479023,0.999999999902037
"IL10RA",4.28058160578959e-10,-0.776295046872779,3.78895579804095e-06,0.998446899510275,0.999999999902037
"PPP4R3B",4.2523506615267e-10,-0.777848077060301,3.73914337361468e-06,0.998457142379718,0.999999999902037
"TTC14",4.23510686868062e-10,-0.778801124385865,3.70887950882112e-06,0.99846339884499,0.999999999902037
"TUBA1B",4.19049905047336e-10,-0.781282378938237,3.63116070608107e-06,0.998479583641194,0.999999999902037
"UBE2K",4.17509480228602e-10,-0.78214458436175,3.60451352580729e-06,0.998485172675451,0.999999999902037
"XRCC5",4.14729672663364e-10,-0.783707555352082,3.55667510299889e-06,0.998495258490617,0.999999999902037
"ARF5",4.14401450602452e-10,-0.783892704888623,3.55104773958498e-06,0.998496449359772,0.999999999902037
"C6orf62",4.11425652134759e-10,-0.785577221390412,3.50023102019123e-06,0.998507246277701,0.999999999902037
"SNX5",4.1113574038856e-10,-0.785741900993805,3.49529987136061e-06,0.998508298147782,0.999999999902037
"KTN1",4.08072593355204e-10,-0.78748809986915,3.44341076606027e-06,0.998519411987787,0.999999999902037
"POLR2G",4.0721780737271e-10,-0.787977429099274,3.42900011184001e-06,0.9985225133586,0.999999999902037
"EPC1",4.05446356684504e-10,-0.788994374782656,3.39923180363373e-06,0.998528940611309,0.999999999902037
"EIF2AK3",4.02211461454561e-10,-0.790861508706581,3.34520595494723e-06,0.998540677595976,0.999999999902037
"NUDT5",4.01268212815413e-10,-0.791408408936556,3.32953429285008e-06,0.998544099930927,0.999999999902037
"BAG1",3.99143050273483e-10,-0.792644717458038,3.29436049035598e-06,0.998551810536418,0.999999999902037
"STX16",3.98861531864834e-10,-0.792808921387587,3.28971505778192e-06,0.99855283195354,0.999999999902037
"SPSB3",3.98797194836735e-10,-0.792846462077355,3.28865387036015e-06,0.998553065383896,0.999999999902037
"TLE4",3.98739154781938e-10,-0.792880333020998,3.2876966933105e-06,0.998553275967304,0.999999999902037
"HSPB11",3.98263887190186e-10,-0.793157851298712,3.27986398133525e-06,0.998555000353501,0.999999999902037
"CPVL",3.98088698802235e-10,-0.793260220315602,3.27697912169422e-06,0.998555635979502,0.999999999902037
"PDGFA",3.950269866647e-10,-0.795055677650059,3.22676627170367e-06,0.998566744614565,0.999999999902037
"HNRNPAB",3.92128026344302e-10,-0.796766937242328,3.17957990770676e-06,0.998577262746773,0.999999999902037
"UBAC2",3.92107399975429e-10,-0.796779152568349,3.17924541764862e-06,0.998577337584251,0.999999999902037
"PRKAR1B",3.9036889090714e-10,-0.797810754366147,3.1511159104017e-06,0.998583645317559,0.999999999902037
"BRWD1",3.89535059637592e-10,-0.798306960988599,3.13766866672463e-06,0.998586670660033,0.999999999902037
"JPX",3.87113297657296e-10,-0.799753414274057,3.09877580838355e-06,0.998595457401124,0.999999999902037
"TBC1D10C",3.83704043349101e-10,-0.80180313015749,3.04443515558687e-06,0.998607827004685,0.999999999902037
"TAF9",3.83643693473635e-10,-0.801839556911654,3.043477559039e-06,0.99860804596871,0.999999999902037
"ACTR10",3.81323730646196e-10,-0.80324368041415,3.00677993521791e-06,0.998616463358122,0.999999999902037
"ZNF326",3.77435847811022e-10,-0.805613590657774,2.94577972493495e-06,0.998630569543026,0.999999999902037
"YME1L1",3.77361266261087e-10,-0.805659260990284,2.94461566427445e-06,0.998630840143041,0.999999999902037
"TMA7",3.67967378733318e-10,-0.811475709608775,2.79983613984632e-06,0.998664923454437,0.999999999902037
"ATF7IP2",3.67487475803382e-10,-0.811776323094281,2.79253781151177e-06,0.998666664659191,0.999999999902037
"RPS27L",3.63529720532464e-10,-0.814268646121046,2.73271173717518e-06,0.998681024359827,0.999999999902037
"MLLT3",3.63525313703675e-10,-0.814271434428814,2.73264548388648e-06,0.998681040348876,0.999999999902037
"ZC3H13",3.6323249292358e-10,-0.814456775481808,2.72824494791128e-06,0.998682102774044,0.999999999902037
"H3F3B",3.63059523340016e-10,-0.814566318014394,2.7256472120665e-06,0.998682730349858,0.999999999902037
"PLSCR1",3.59328738206163e-10,-0.816940214679232,2.66991774438125e-06,0.998696266547962,0.999999999902037
"APPL1",3.53254860624572e-10,-0.820851498892386,2.58041922849585e-06,0.99871830405756,0.999999999902037
"RSRP1",3.53067259960445e-10,-0.820973237598003,2.57767922475253e-06,0.99871898471855,0.999999999902037
"WHSC1L1",3.52861156035062e-10,-0.821107048708936,2.57467064932359e-06,0.998719732513889,0.999999999902037
"DDX17",3.52860864028002e-10,-0.821107238340328,2.57466638803451e-06,0.998719733573362,0.999999999902037
"FOS",3.51993035100794e-10,-0.821671419166915,2.56201764977557e-06,0.998722882268508,0.999999999902037
"NOSIP",3.51630654159984e-10,-0.821907365030594,2.55674511105538e-06,0.998724197075007,0.999999999902037
"BCL2",3.50210155143604e-10,-0.82283430429036,2.53612962724403e-06,0.998729350992174,0.999999999902037
"R3HDM4",3.50171974335469e-10,-0.822859264289659,2.53557666669235e-06,0.998729489521466,0.999999999902037
"CDC42SE2",3.50042421788787e-10,-0.822943974607607,2.53370084753479e-06,0.998729959569732,0.999999999902037
"NUB1",3.47752846184641e-10,-0.824445594677283,2.50066412271363e-06,0.998738266709017,0.999999999902037
"FOXN3",3.47617111393109e-10,-0.824534887461608,2.49871238667718e-06,0.998738759187984,0.999999999902037
"GRHPR",3.47608698113659e-10,-0.824540423118654,2.4985914368707e-06,0.998738789713417,0.999999999902037
"TOMM20",3.47184165933968e-10,-0.824819903248819,2.49249213761917e-06,0.998740330019829,0.999999999902037
"RBCK1",3.47132333283239e-10,-0.824854046430762,2.49174796295205e-06,0.998740518081343,0.999999999902037
"RASA2",3.47109423952582e-10,-0.824869138675175,2.49141908322027e-06,0.998740601201989,0.999999999902037
"HPCAL1",3.4368865036522e-10,-0.827132510451117,2.44255503708126e-06,0.998753012604048,0.999999999902037
"TMX4",3.43523450849183e-10,-0.827242313063086,2.44020749413479e-06,0.998753611988248,0.999999999902037
"HLA-DQA1",3.42394396595402e-10,-0.827993995602768,2.424193454777e-06,0.99875770847291,0.999999999902037
"YEATS4",3.40156082848121e-10,-0.829490607940409,2.39260199348362e-06,0.998765829622105,0.999999999902037
"SFSWAP",3.39239395479362e-10,-0.83010602125751,2.37972371310031e-06,0.998769155587904,0.999999999902037
"RAB11B",3.33393961049131e-10,-0.834064857157632,2.29842022637907e-06,0.998790364253053,0.999999999902037
"KHDRBS1",3.31491568270978e-10,-0.835366344136109,2.27226484562733e-06,0.998797266599316,0.999999999902037
"CHTF8",3.28644359504854e-10,-0.837326456650746,2.23339913087956e-06,0.998807596969223,0.999999999902037
"MICU2",3.27264240537751e-10,-0.838281921425945,2.21468051093329e-06,0.998812604378522,0.999999999902037
"ERAP2",3.18395448680738e-10,-0.844507238167825,2.09627222013843e-06,0.998844782526494,0.999999999902037
"YTHDC1",3.18146848321179e-10,-0.844683912637047,2.0929999963589e-06,0.998845684509484,0.999999999902037
"LUC7L2",3.10808536159183e-10,-0.849954208276706,1.99756009132128e-06,0.998872309703921,0.999999999902037
"ZNF22",3.0994952166264e-10,-0.850578233656116,1.98653361280643e-06,0.998875426419058,0.999999999902037
"PTPRE",3.09329187750211e-10,-0.851029811575438,1.9785898613017e-06,0.998877677142547,0.999999999902037
"TMED3",3.03923690443675e-10,-0.854998645011499,1.91004273897623e-06,0.998897289612131,0.999999999902037
"MPLKIP",3.02290040786649e-10,-0.856210244960459,1.889564214e-06,0.998903216893767,0.999999999902037
"PNRC2",3.01892986985525e-10,-0.856505584993983,1.88460364087304e-06,0.998904657502351,0.999999999902037
"CLTA",3.01423554341575e-10,-0.856855200708279,1.87874721707959e-06,0.998906360719135,0.999999999902037
"PGK1",2.96423959574523e-10,-0.860608530113589,1.81693999717818e-06,0.998924500475659,0.999999999902037
"GPI",2.96162960728547e-10,-0.860805984345018,1.81374180449436e-06,0.998925447443527,0.999999999902037
"PSMD4",2.93158250066677e-10,-0.863090167171201,1.77712598930167e-06,0.998936349271334,0.999999999902037
"RAP1GDS1",2.92374723185215e-10,-0.863689167013761,1.76763920045046e-06,0.998939192099214,0.999999999902037
"RC3H1",2.91541821709362e-10,-0.864327453455818,1.7575824334236e-06,0.998942214070259,0.999999999902037
"SETD2",2.90923070300721e-10,-0.864802660383045,1.75012996866417e-06,0.998944459052293,0.999999999902037
"SMG1",2.90489640695985e-10,-0.865136064730997,1.74491901668551e-06,0.998946031641325,0.999999999902037
"NAA50",2.88566232712621e-10,-0.866620861116962,1.72188838434564e-06,0.998953010237818,0.999999999902037
"USP15",2.88500077573444e-10,-0.866672083996869,1.72109897314363e-06,0.99895325026491,0.999999999902037
"RABAC1",2.87053582566511e-10,-0.867794656034022,1.7038835882892e-06,0.998958498504065,0.999999999902037
"RET",2.84837631516545e-10,-0.86952399926623,1.67767838312618e-06,0.998966538518814,0.999999999902037
"DNMT1",2.81239691521532e-10,-0.872357060243601,1.63556271929171e-06,0.998979592729161,0.999999999902037
"NSD1",2.80526971233314e-10,-0.872922020128424,1.6272835061834e-06,0.99898217865352,0.999999999902037
"ADH5",2.79806379016589e-10,-0.873494496567705,1.61893420715135e-06,0.998984793139182,0.999999999902037
"CMC1",2.79076705059202e-10,-0.874075502349369,1.61050156272619e-06,0.998987440575642,0.999999999902037
"ITM2A",2.77360836292231e-10,-0.875447018516735,1.59075850255922e-06,0.998993666169306,0.999999999902037
"TCP1",2.77010095841528e-10,-0.875728282287353,1.58673781539848e-06,0.998994938741884,0.999999999902037
"NENF",2.75984082425357e-10,-0.876552847536668,1.57500539609354e-06,0.998998661370799,0.999999999902037
"TAOK3",2.75457659330411e-10,-0.876976952694417,1.56900266970233e-06,0.999000571363215,0.999999999902037
"TAL1",2.74796458724331e-10,-0.877510644046402,1.56147933260906e-06,0.999002970361586,0.999999999902037
"ZKSCAN1",2.73794637343744e-10,-0.878321411284033,1.55011476209961e-06,0.999006605215894,0.999999999902037
"LSM3",2.73138886362069e-10,-0.878853511057199,1.54269845901136e-06,0.99900898444171,0.999999999902037
"UGP2",2.72060841759459e-10,-0.879730706048455,1.53054481987798e-06,0.999012895852647,0.999999999902037
"RERE",2.71586809433898e-10,-0.880117383595338,1.52521589679922e-06,0.999014615758509,0.999999999902037
"CCDC90B",2.67803928872777e-10,-0.883224466188859,1.48302292733453e-06,0.999028340979717,0.999999999902037
"YPEL5",2.67460841874466e-10,-0.883508155428712,1.47922552251018e-06,0.999029585783755,0.999999999902037
"PSMC5",2.63004397808383e-10,-0.887222256677751,1.43034235181793e-06,0.999045754859445,0.999999999902037
"HBS1L",2.62291528420885e-10,-0.887821472942705,1.42259901812783e-06,0.999048341325038,0.999999999902037
"NEK7",2.60497835299495e-10,-0.889335516036902,1.40320852460478e-06,0.999054849285201,0.999999999902037
"AP1B1",2.60124495505795e-10,-0.889651794389818,1.39918931132864e-06,0.999056203853878,0.999999999902037
"NDUFB11",2.52929657410204e-10,-0.89582579881689,1.32285879329458e-06,0.999082308498182,0.999999999902037
"DOCK8",2.50897846062425e-10,-0.897597111376436,1.30169082238302e-06,0.999089680410254,0.999999999902037
"BRAF",2.50870677717e-10,-0.897620881269657,1.30140893179109e-06,0.999089778983704,0.999999999902037
"ATRAID",2.50471925388484e-10,-0.897970013251936,1.29727510932907e-06,0.999091225755387,0.999999999902037
"NRROS",2.48738722840966e-10,-0.899493204428458,1.27938359354188e-06,0.99909751424125,0.999999999902037
"ATAD2",2.48323779854942e-10,-0.899859244644235,1.2751186488163e-06,0.999099019756644,0.999999999902037
"MSRB3",2.4805706770871e-10,-0.900094805941344,1.27238103750016e-06,0.999099987454029,0.999999999902037
"MFNG",2.44460070773862e-10,-0.903293503192013,1.23574779235168e-06,0.999113038245348,0.999999999902037
"CALCOCO2",2.39311094615037e-10,-0.907944660095244,1.18423977455577e-06,0.999131720000171,0.999999999902037
"PRRC2A",2.38792212300646e-10,-0.908418212862203,1.17910992542112e-06,0.999133602633149,0.999999999902037
"C12orf57",2.36778217890417e-10,-0.910264825061801,1.15930436748797e-06,0.999140909901505,0.999999999902037
"CCNL1",2.36370398655327e-10,-0.910640420856311,1.15531430904161e-06,0.999142389570264,0.999999999902037
"MRPS7",2.3475131411023e-10,-0.91213718424706,1.13954122474223e-06,0.999148264008312,0.999999999902037
"YWHAH",2.31663987184811e-10,-0.915016441158787,1.10976501691534e-06,0.999159465591959,0.999999999902037
"RSRC2",2.27215013500546e-10,-0.919225121061022,1.06754951105285e-06,0.99917560756622,0.999999999902037
"SF3B1",2.25735168270431e-10,-0.920641005786698,1.05368895312534e-06,0.999180976809925,0.999999999902037
"INPP4B",2.2508213012345e-10,-0.921268399928011,1.04760125511834e-06,0.999183346193497,0.999999999902037
"TRAPPC1",2.23901902124678e-10,-0.922406328140721,1.03664377260683e-06,0.999187628351984,0.999999999902037
"C8orf59",2.23094054733404e-10,-0.923188247678235,1.02917675975645e-06,0.999190559421729,0.999999999902037
"WDR83OS",2.22949245756595e-10,-0.923328670455162,1.02784112878074e-06,0.999191084824442,0.999999999902037
"TMPO",2.20173942429134e-10,-0.926035431572207,1.0024109794675e-06,0.99920115431006,0.999999999902037
"HBA1",2.1727597695445e-10,-0.92889383516707,9.7619684487456e-07,0.999211668844365,0.999999999902037
"TOLLIP",2.14998765392449e-10,-0.931163430395635,9.55841558454348e-07,0.999219931130294,0.999999999902037
"CA1",2.11683353621271e-10,-0.934505600062147,9.26589536191888e-07,0.999231960263128,0.999999999902037
"ANXA11",2.09303882077689e-10,-0.936932588278728,9.05875562487283e-07,0.99924059357374,0.999999999902037
"ARHGAP15",2.07323203907679e-10,-0.938971277922533,8.88811776597129e-07,0.999247779963538,0.999999999902037
"MOB1B",2.06297509918844e-10,-0.940033711013039,8.80039060659418e-07,0.999251501434788,0.999999999902037
"ACIN1",2.04037759931179e-10,-0.94239078730559,8.6086503883089e-07,0.999259700366206,0.999999999902037
"CCT5",2.02497334248258e-10,-0.944010668857673,8.47915545692362e-07,0.999265289411321,0.999999999902037
"TSPYL2",2.02246178635232e-10,-0.944275799520867,8.4581352608744e-07,0.999266200665965,0.999999999902037
"IGKV3-20",2.01153709318853e-10,-0.945432415327098,8.36700575861305e-07,0.999270164414689,0.999999999902037
"DPM3",1.99239958053616e-10,-0.947471832385836,8.20855779285718e-07,0.999277107977378,0.999999999902037
"POLB",1.98853865690107e-10,-0.947885351315713,8.17677510456927e-07,0.999278508815926,0.999999999902037
"KLHDC2",1.9671450164005e-10,-0.950189484185415,8.00178228636016e-07,0.999286270957649,0.999999999902037
"ZFAND6",1.96046888433952e-10,-0.950912998799737,7.94756126622796e-07,0.999288693223439,0.999999999902037
"ANKRD17",1.94654530866424e-10,-0.952428897163523,7.83507234667953e-07,0.999293745041,0.999999999902037
"HBB",1.93211447242503e-10,-0.954010055147606,7.7193313648431e-07,0.999298980905266,0.999999999902037
"CALR",1.91283160226206e-10,-0.956139027488935,7.5660194502662e-07,0.999305977207479,0.999999999902037
"ST3GAL1",1.90018175607789e-10,-0.95754587496981,7.46627986719516e-07,0.999310566884569,0.999999999902037
"CCDC25",1.8880649984083e-10,-0.958901130613221,7.3713640351791e-07,0.999314963143981,0.999999999902037
"TPR",1.88335427420423e-10,-0.959430076250037,7.3346267997338e-07,0.999316672311256,0.999999999902037
"TXNL1",1.86053275346976e-10,-0.962009085487304,7.15794928033792e-07,0.999324952523581,0.999999999902037
"ZNF292",1.84923650466439e-10,-0.963295893159144,7.07129398149387e-07,0.999329051082142,0.999999999902037
"ZC3H11A",1.84794145562567e-10,-0.963443856740129,7.06139317559903e-07,0.999329520957977,0.999999999902037
"TOP2B",1.84641685353396e-10,-0.963618163683277,7.04974629822886e-07,0.99933007412134,0.999999999902037
"GAPDH",1.82563275395331e-10,-0.96600703012888,6.8919293172428e-07,0.999337615106969,0.999999999902037
"STAG2",1.80494887304123e-10,-0.968408089904939,6.73664692569502e-07,0.999345119730843,0.999999999902037
"UBE2A",1.77351576870095e-10,-0.972103400826545,6.50405320739435e-07,0.999356524439107,0.999999999902037
"RAB32",1.76156062828391e-10,-0.973523897831418,6.41666205581855e-07,0.99936086205999,0.999999999902037
"BBX",1.7442018014575e-10,-0.975601525740942,6.29082260042877e-07,0.999367160272099,0.999999999902037
"FOSB",1.72328237280635e-10,-0.978129456960271,6.14082708195032e-07,0.99937475035875,0.999999999902037
"SNRPD3",1.72102176019663e-10,-0.978404235560674,6.12472649845131e-07,0.999375570564978,0.999999999902037
"VHL",1.70805366441144e-10,-0.979986635822384,6.03277321863461e-07,0.999380275711233,0.999999999902037
"GTF2F1",1.67592070743192e-10,-0.983953292128069,5.80792381768836e-07,0.999391934343764,0.999999999902037
"CHCHD3",1.66769873500834e-10,-0.98497892752905,5.7510769113862e-07,0.999394917478989,0.999999999902037
"NUP98",1.63647687201954e-10,-0.988914331952667,5.53775478147262e-07,0.999406245544215,0.999999999902037
"NARF",1.6325472481722e-10,-0.989414286202858,5.51119141691247e-07,0.999407671309089,0.999999999902037
"ANP32B",1.61487936382322e-10,-0.991675194040477,5.39254957785231e-07,0.999414081655207,0.999999999902037
"TMC8",1.60116250896555e-10,-0.993445454615191,5.30132954699239e-07,0.999419058469976,0.999999999902037
"ETNK1",1.58304011136112e-10,-0.99580471567771,5.18200485365029e-07,0.999425633724833,0.999999999902037
"ATP2B1",1.58054910360117e-10,-0.996130850007867,5.16570929912683e-07,0.999426537524169,0.999999999902037
"MAT2B",1.57248264233991e-10,-0.997190039908741,5.11311661054905e-07,0.999429464236186,0.999999999902037
"TESPA1",1.56974826460872e-10,-0.997550162933713,5.09534975458764e-07,0.999430456336182,0.999999999902037
"LGALS1",1.56249071356334e-10,-0.998508662177424,5.04834314094352e-07,0.999433089555538,0.999999999902037
"EIF4H",1.56104575612574e-10,-0.998699960881789,5.03901026242708e-07,0.999433613821903,0.999999999902037
"MT1X",1.51019720121278e-10,-1.00553239820845,4.7160814722099e-07,0.9994520629378,0.999999999902037
"ERCC1",1.49636614539983e-10,-1.00742561487233,4.63009311153392e-07,0.999457081187673,0.999999999902037
"SPARC",1.49141388689672e-10,-1.00810720699731,4.59949702336189e-07,0.999458877989813,0.999999999902037
"SH3BGRL",1.4741519101336e-10,-1.01049858235747,4.49364185462195e-07,0.999465141062888,0.999999999902037
"PPIG",1.47201357015925e-10,-1.0107965169546,4.48061475097887e-07,0.99946591690564,0.999999999902037
"TMX1",1.46872716050529e-10,-1.01125515007557,4.46063029126758e-07,0.999467109296533,0.999999999902037
"GPBP1",1.45711505782544e-10,-1.0128828859107,4.39037553254205e-07,0.999471322455262,0.999999999902037
"HNRNPH3",1.45641177112607e-10,-1.0129818333214,4.38613846484788e-07,0.999471577625113,0.999999999902037
"ESD",1.43256227049101e-10,-1.01636225759412,4.24366404189544e-07,0.999480230815246,0.999999999902037
"MZT2B",1.40788254231134e-10,-1.01991253674346,4.09870653707098e-07,0.999489185232581,0.999999999902037
"HIST1H3B",1.40741394339767e-10,-1.0199804711136,4.0959785683108e-07,0.999489355251886,0.999999999902037
"AGTRAP",1.40397840387334e-10,-1.02047913746571,4.07600616236959e-07,0.999490601750818,0.999999999902037
"TECR",1.38230669303029e-10,-1.02364957964796,3.95114346103015e-07,0.999498464784939,0.999999999902037
"H1FX",1.37054574686066e-10,-1.02538836223781,3.88419521987449e-07,0.999502731947884,0.999999999902037
"UBR5",1.36803861437581e-10,-1.02576071142243,3.8699975398298e-07,0.999503641597729,0.999999999902037
"ADPGK",1.36709091412887e-10,-1.02590161535419,3.86463756353539e-07,0.999503985446883,0.999999999902037
"FAM49B",1.36431215210936e-10,-1.02631525390346,3.84894293201323e-07,0.99950499365066,0.999999999902037
"TMEM179B",1.35257868682405e-10,-1.0280700224055,3.7830236514123e-07,0.999509250842881,0.999999999902037
"RNF7",1.35212368122774e-10,-1.02813833715639,3.78047887168426e-07,0.999509415930197,0.999999999902037
"XIST",1.35119605133328e-10,-1.02827767418849,3.77529342554635e-07,0.99950975249733,0.999999999902037
"OXLD1",1.35119378148608e-10,-1.02827801523923,3.77528074147731e-07,0.999509753320887,0.999999999902037
"DDB1",1.32706862740689e-10,-1.03193148668501,3.64167128464978e-07,0.99951850652519,0.999999999902037
"PSMC3",1.32367364144765e-10,-1.03245026766963,3.62306243774861e-07,0.99951973831031,0.999999999902037
"WTAP",1.31733425160515e-10,-1.03342209765332,3.58844211312722e-07,0.9995220383982,0.999999999902037
"EWSR1",1.31149429387017e-10,-1.03432098793993,3.55669633746076e-07,0.999524157279735,0.999999999902037
"FAM208A",1.30926165815703e-10,-1.03466556119757,3.54459708816371e-07,0.999524967335357,0.999999999902037
"KMT2E",1.30173731131208e-10,-1.03583062303706,3.50397245203197e-07,0.999527697355052,0.999999999902037
"PUM1",1.29578526078942e-10,-1.03675640845503,3.47200265227137e-07,0.99952985690664,0.999999999902037
"MRPS33",1.2879962248468e-10,-1.03797354947811,3.43038731039458e-07,0.999532682962117,0.999999999902037
"DNAJA1",1.285297874662e-10,-1.03839670316587,3.41602905375243e-07,0.999533661990508,0.999999999902037
"ALG13",1.28319841157098e-10,-1.03872647705914,3.40487837861962e-07,0.999534423727804,0.999999999902037
"CBR1",1.27460934394529e-10,-1.04008053712332,3.35944993072769e-07,0.999537540054633,0.999999999902037
"ECHS1",1.27097404189678e-10,-1.04065604261374,3.34031434298546e-07,0.999538859032411,0.999999999902037
"BCCIP",1.27046225870508e-10,-1.04073717860393,3.33762479545135e-07,0.99953904472005,0.999999999902037
"PIK3CD",1.27008617394811e-10,-1.04079681973377,3.33564906730414e-07,0.999539181172931,0.999999999902037
"DENR",1.26845572020304e-10,-1.04105556268285,3.32709038718966e-07,0.999539772742003,0.999999999902037
"C19orf24",1.24323609391381e-10,-1.04509523488515,3.19610616849297e-07,0.999548923048175,0.999999999902037
"PITHD1",1.23487214688253e-10,-1.04645078908739,3.15324682418209e-07,0.999551957695699,0.999999999902037
"RBM42",1.22907698976861e-10,-1.04739472997525,3.12372039486721e-07,0.999554060322503,0.999999999902037
"SRPRA",1.22446036741685e-10,-1.04814949333185,3.1002980159926e-07,0.999555735347654,0.999999999902037
"ATP1A1",1.22441346151751e-10,-1.04815717464652,3.10006049179801e-07,0.999555752366278,0.999999999902037
"RPAP2",1.22288835458867e-10,-1.04840706651992,3.09234254459006e-07,0.999556305712918,0.999999999902037
"NDUFA3",1.22209773971861e-10,-1.04853671757853,3.08834534946765e-07,0.999556592567612,0.999999999902037
"THYN1",1.22199663457619e-10,-1.0485533028568,3.08783436794788e-07,0.999556629251066,0.999999999902037
"PRDX3",1.21071999868508e-10,-1.05041069019601,3.03110798932829e-07,0.999560720694407,0.999999999902037
"ORMDL1",1.20874997498327e-10,-1.05073672511213,3.021251876533e-07,0.999561435467895,0.999999999902037
"CTB-133G6.1",1.2068109741562e-10,-1.05105807956321,3.0115666458033e-07,0.999562138985515,0.999999999902037
"LAMP2",1.20273972731808e-10,-1.05173428629949,2.99128153051355e-07,0.999563616134904,0.999999999902037
"UBXN4",1.20223249648717e-10,-1.05181867400765,2.98875903916661e-07,0.999563800170837,0.999999999902037
"PPIA",1.19945198603485e-10,-1.05228181947083,2.97495028617794e-07,0.999564809009034,0.999999999902037
"PPP1R2",1.19348260390558e-10,-1.05327930830058,2.9454127555119e-07,0.999566974849016,0.999999999902037
"SRP9",1.1916488779496e-10,-1.05358660084056,2.93636875175427e-07,0.999567640170303,0.999999999902037
"HADHA",1.18885109646139e-10,-1.054056245238,2.92259678548346e-07,0.999568655274862,0.999999999902037
"ATXN2L",1.18630461782656e-10,-1.0544845455058,2.91008998848365e-07,0.999569579200511,0.999999999902037
"SMNDC1",1.18387482300917e-10,-1.05489397005168,2.89818127613737e-07,0.999570460790375,0.999999999902037
"RP11-160E2.6",1.18232699295412e-10,-1.05515516508686,2.89060790856747e-07,0.999571022381534,0.999999999902037
"WAS",1.18169626761057e-10,-1.05526168516212,2.88752467799007e-07,0.999571251224343,0.999999999902037
"DAP3",1.18086044062682e-10,-1.0554029204076,2.8834413656014e-07,0.999571554483117,0.999999999902037
"AKNA",1.17234436922462e-10,-1.05684693902696,2.8420020095136e-07,0.999574644325186,0.999999999902037
"ARIH2",1.16270722097526e-10,-1.05849214985562,2.79546922975648e-07,0.999578140921767,0.999999999902037
"NSMCE1",1.16070420141372e-10,-1.05883559145684,2.78584590177331e-07,0.99957886766698,0.999999999902037
"ARF6",1.15582460785902e-10,-1.05967442870759,2.76247177842299e-07,0.999580638104638,0.999999999902037
"SRSF10",1.14506705330937e-10,-1.06153471682603,2.71128901808935e-07,0.99958454121245,0.999999999902037
"COPS6",1.14206543912185e-10,-1.06205650645766,2.69709320834473e-07,0.999585630272585,0.999999999902037
"PCM1",1.13633467730319e-10,-1.06305605818188,2.67009367053126e-07,0.999587709535225,0.999999999902037
"PHF3",1.13105826224248e-10,-1.06398026611578,2.64535480851925e-07,0.999589623949586,0.999999999902037
"PPP1CB",1.12151237839903e-10,-1.06566192338914,2.60089080725666e-07,0.99959308743321,0.999999999902037
"PSMB6",1.11792656857939e-10,-1.06629685318188,2.58428574699386e-07,0.999594388454028,0.999999999902037
"POP5",1.11593777098778e-10,-1.06664977193637,2.57509900842523e-07,0.999595110039165,0.999999999902037
"CD3G",1.0977964693443e-10,-1.06989463171985,2.49205507645536e-07,0.999601692153766,0.999999999902037
"CHEK2",1.09454593487924e-10,-1.07048098556567,2.47731916049073e-07,0.999602871528369,0.999999999902037
"CIRBP",1.07511621409283e-10,-1.07401792366585,2.39014803584108e-07,0.999609921113456,0.999999999902037
"AES",1.06508099437699e-10,-1.07586663978358,2.34573661621262e-07,0.999613562140328,0.999999999902037
"MKKS",1.06501844291067e-10,-1.0758782108422,2.34546109734212e-07,0.999613584835553,0.999999999902037
"PHF20",1.05869413981023e-10,-1.07705118644154,2.31768812299365e-07,0.999615879449744,0.999999999902037
"FCGRT",1.05651105777343e-10,-1.07745750700393,2.30813959252904e-07,0.999616671526112,0.999999999902037
"GZMM",1.04939530101493e-10,-1.0787870218122,2.27715297819487e-07,0.999619253299346,0.999999999902037
"MRPL54",1.04848841859594e-10,-1.07895703018382,2.2732188693416e-07,0.999619582338806,0.999999999902037
"STAT1",1.03520269442905e-10,-1.08146247935937,2.21597452994377e-07,0.999624402729427,0.999999999902037
"AHNAK",1.034425197854e-10,-1.08160996990191,2.21264713210446e-07,0.99962468482449,0.999999999902037
"TUBGCP2",1.02909536288036e-10,-1.08262365208734,2.18990471922327e-07,0.999626618620966,0.999999999902037
"TBRG1",1.02433940211478e-10,-1.08353206995508,2.1697102170949e-07,0.999628344201631,0.999999999902037
"FDFT1",1.01655290309129e-10,-1.085027327321,2.13684955582553e-07,0.999631169336834,0.999999999902037
"POLR2A",1.00255337418802e-10,-1.0877410418405,2.07839927831292e-07,0.999636248713572,0.999999999902037
"ARHGEF1",9.99909012573117e-11,-1.08825734823243,2.06744965475534e-07,0.999637208153635,0.999999999902037
"HADHB",9.99905070362266e-11,-1.08825811883163,2.06743335265926e-07,0.999637209583967,0.999999999902037
"SF3B6",9.91490526772535e-11,-1.08990902500914,2.03278344479932e-07,0.99964026258935,0.999999999902037
"SF3A2",9.83513712682983e-11,-1.09148539404304,2.00020641542059e-07,0.999643156775604,0.999999999902037
"NFAT5",9.72234120453902e-11,-1.09373363222538,1.95459009670284e-07,0.999647249291799,0.999999999902037
"EIF2AK2",9.62300234216512e-11,-1.0957326023824,1.91485176727522e-07,0.999650853552447,0.999999999902037
"ZNF207",9.55870990403785e-11,-1.0970359762712,1.88935053046719e-07,0.999653186241784,0.999999999902037
"MYO1F",9.49050678563591e-11,-1.09842703068651,1.86248500551868e-07,0.999655660820318,0.999999999902037
"TRMT1",9.43040879533004e-11,-1.09966003418776,1.83897157074075e-07,0.999657841324677,0.999999999902037
"TCEA1",9.42867470754553e-11,-1.09969571350316,1.83829532329252e-07,0.999657904241688,0.999999999902037
"NKG7",9.33425757364182e-11,-1.1016470813094,1.80166291246761e-07,0.999661329929823,0.999999999902037
"MARCH6",9.24769184708064e-11,-1.10345139643412,1.76840069267032e-07,0.999664470749403,0.999999999902037
"COMMD1",9.12326171107724e-11,-1.10607095971842,1.72113225457295e-07,0.999668985383818,0.999999999902037
"POLR2J3",9.01943474413738e-11,-1.1082807799604,1.68218059385258e-07,0.99967275248409,0.999999999902037
"TMEM123",8.95837618275131e-11,-1.10959073311626,1.65948208367183e-07,0.999674967840373,0.999999999902037
"CIB1",8.92798861529837e-11,-1.11024557959806,1.64824297172757e-07,0.999676070376807,0.999999999902037
"EID1",8.86124502416959e-11,-1.11169075657916,1.62369131597198e-07,0.999678492000096,0.999999999902037
"KDM5C",8.85211547448722e-11,-1.1118891747023,1.62034733117187e-07,0.999678823242838,0.999999999902037
"UTRN",8.84955074493488e-11,-1.11194494772305,1.61940853847926e-07,0.999678916297597,0.999999999902037
"TMEM230",8.82354753603227e-11,-1.11251121670503,1.60990569415841e-07,0.999679859758614,0.999999999902037
"RNASEK",8.79585668201462e-11,-1.11311584297935,1.59981684692014e-07,0.999680864451588,0.999999999902037
"NDUFB10",8.79361152915593e-11,-1.11316493847556,1.59900024085498e-07,0.999680945911311,0.999999999902037
"BTG2",8.75017218563036e-11,-1.11411700371617,1.58324153697133e-07,0.999682521998608,0.999999999902037
"USP8",8.74248469564528e-11,-1.11428592133054,1.5804608358149e-07,0.999682800919843,0.999999999902037
"CYLD",8.71865153668169e-11,-1.11481043482857,1.57185549476007e-07,0.999683665646058,0.999999999902037
"NSFL1C",8.69215690304523e-11,-1.11539499401223,1.56231675868064e-07,0.999684626937187,0.999999999902037
"HSBP1",8.68140273004765e-11,-1.11563271097529,1.55845326857173e-07,0.9996850171253,0.999999999902037
"PET100",8.65914129791045e-11,-1.11612561039181,1.55047093641021e-07,0.999685824825362,0.999999999902037
"THOC3",8.6450235683674e-11,-1.11643877089561,1.54541933031122e-07,0.999686337051663,0.999999999902037
"GNG2",8.57450955586581e-11,-1.11800964064889,1.52031140792747e-07,0.999688895475219,0.999999999902037
"DPY30",8.49627684982019e-11,-1.11976572844148,1.49269572053115e-07,0.999691733952156,0.999999999902037
"THRAP3",8.43331524737488e-11,-1.12118931830464,1.47065446933675e-07,0.999694018355517,0.999999999902037
"BTG1",8.43253116368861e-11,-1.12120710525967,1.47038101517584e-07,0.999694046804021,0.999999999902037
"SF3B2",8.42562693318020e-11,-1.12136379030032,1.46797421861713e-07,0.999694297306658,0.999999999902037
"XBP1",8.34547565136266e-11,-1.1231910081246,1.44017797786655e-07,0.999697205394298,0.999999999902037
"FYTTD1",8.31515761555945e-11,-1.12388617122633,1.42973302358768e-07,0.999698305407963,0.999999999902037
"FAM133B",8.29719316090444e-11,-1.12429912446447,1.42356197298422e-07,0.999698957203011,0.999999999902037
"ANKLE2",8.26480030581681e-11,-1.12504572546844,1.41246828839349e-07,0.999700132496276,0.999999999902037
"IK",8.23938230560327e-11,-1.12563336039858,1.40379369002461e-07,0.999701054724477,0.999999999902037
"AP3B1",8.21032670793904e-11,-1.12630703602428,1.393910389301e-07,0.999702108933752,0.999999999902037
"OCIAD1",8.17876574600457e-11,-1.12704116508703,1.38321444547063e-07,0.999703254043868,0.999999999902037
"HADH",8.14104820770674e-11,-1.12792175435173,1.37048608340939e-07,0.999704622529871,0.999999999902037
"PSMF1",8.11894297477592e-11,-1.1284395023967,1.36305367821313e-07,0.999705424562646,0.999999999902037
"NDUFS7",8.03745008327735e-11,-1.1303589297463,1.33582803713702e-07,0.999708381327234,0.999999999902037
"SPG7",8.00778088145512e-11,-1.13106196233936,1.32598416842739e-07,0.999709457799596,0.999999999902037
"EPRS",7.98177863895523e-11,-1.13167997788322,1.31738688427154e-07,0.999710401225563,0.999999999902037
"DNAJA2",7.94789382157134e-11,-1.13248799038113,1.30622529666147e-07,0.999711630650933,0.999999999902037
"CD14",7.89085414578334e-11,-1.13385497436649,1.28754379110252e-07,0.999713700192102,0.999999999902037
"GTF3C6",7.88961356813387e-11,-1.13388480124784,1.28713897498018e-07,0.999713745203341,0.999999999902037
"H1F0",7.86340020915327e-11,-1.1345160023315,1.27860010688506e-07,0.99971469628914,0.999999999902037
"C1D",7.78925794205384e-11,-1.13631130938125,1.25460249975786e-07,0.999717386354822,0.999999999902037
"ZNRD1",7.74118861271691e-11,-1.1374832732362,1.23916539031119e-07,0.999719130429537,0.999999999902037
"RANBP2",7.71371689638066e-11,-1.13815591169218,1.23038596427172e-07,0.99972012717167,0.999999999902037
"CNPY3",7.63126274500954e-11,-1.1401874289476,1.20422264627642e-07,0.999723118813174,0.999999999902037
"PSMA4",7.62743864123689e-11,-1.14028211241103,1.20301605211392e-07,0.999723257561162,0.999999999902037
"CELF2",7.61961392665415e-11,-1.14047597894179,1.20054905648721e-07,0.999723541461251,0.999999999902037
"FOPNL",7.6066331656025e-11,-1.14079797664406,1.19646203420214e-07,0.999724012435519,0.999999999902037
"PLEKHJ1",7.58964949729884e-11,-1.14121999543239,1.19112521070875e-07,0.999724628645209,0.999999999902037
"STARD7",7.57518758688224e-11,-1.14158000335886,1.1865902096478e-07,0.999725153359256,0.999999999902037
"CD3D",7.50756547449853e-11,-1.14327136795916,1.16549988180145e-07,0.999727606857535,0.999999999902037
"TRPM7",7.48606234658115e-11,-1.14381199437511,1.1588330063509e-07,0.999728387044451,0.999999999902037
"CDK2",7.46292196372535e-11,-1.14439530233912,1.15167987494839e-07,0.999729226635046,0.999999999902037
"MECOM",7.44583321895752e-11,-1.14482707992922,1.14641163528726e-07,0.999729846657173,0.999999999902037
"KDM5B",7.38429844062962e-11,-1.14638907336208,1.12754129968366e-07,0.999732079291849,0.999999999902037
"TMEM160",7.3267801883502e-11,-1.14785943106963,1.11004427618759e-07,0.999734166196981,0.999999999902037
"MAZ",7.29410875026157e-11,-1.14869911963817,1.10016657222164e-07,0.999735351597947,0.999999999902037
"RAB8B",7.25158930358654e-11,-1.14979684779005,1.08737758512409e-07,0.99973689430914,0.999999999902037
"FAM136A",7.20901055265211e-11,-1.15090175800065,1.07464568559521e-07,0.99973843917204,0.999999999902037
"LMBRD1",7.20072405414971e-11,-1.15111745368215,1.07217657231485e-07,0.999738739826799,0.999999999902037
"ITFG1",7.12018591065045e-11,-1.1532252196624,1.04832669190612e-07,0.999741661950799,0.999999999902037
"SUGT1",7.1042719084862e-11,-1.15364416881331,1.04364579461899e-07,0.999742239350348,0.999999999902037
"SRSF11",7.09094547242401e-11,-1.15399562956731,1.03973405404722e-07,0.999742722866568,0.999999999902037
"IL32",7.08995227476337e-11,-1.15402184647342,1.0394428124592e-07,0.999742758902248,0.999999999902037
"NUTM2B-AS1",7.04134410840076e-11,-1.15530886910201,1.02523899047408e-07,0.999744522527327,0.999999999902037
"CD7",7.03345010545092e-11,-1.15551861494466,1.02294150213871e-07,0.999744808941373,0.999999999902037
"PAPOLA",6.95333856934155e-11,-1.15765891890705,9.99771447953817e-08,0.999747715587004,0.999999999902037
"NAP1L4",6.93356397694333e-11,-1.15819054260316,9.94093035883748e-08,0.999748433058363,0.999999999902037
"YWHAE",6.92632988764643e-11,-1.15838535621271,9.92019756892884e-08,0.999748695529102,0.999999999902037
"DDX24",6.87745241715671e-11,-1.15970630261807,9.7806826019363e-08,0.999750468925209,0.999999999902037
"SMCHD1",6.87626245167192e-11,-1.15973856440376,9.7772983057981e-08,0.999750512100114,0.999999999902037
"TTC19",6.86738928160298e-11,-1.15997928357195,9.752081218376e-08,0.999750834040777,0.999999999902037
"SSH2",6.84839508834928e-11,-1.16049548976689,9.69821016370262e-08,0.999751523197316,0.999999999902037
"PTPN7",6.83487747698395e-11,-1.16086362118233,9.65996258815009e-08,0.999752013649853,0.999999999902037
"IRAK3",6.75260829999226e-11,-1.163117914311,9.42881453914079e-08,0.999754998580066,0.999999999902037
"FCN1",6.70417151479602e-11,-1.1644564015032,9.29403299297407e-08,0.99975675598702,0.999999999902037
"PDCD6",6.61092763951026e-11,-1.16705704291159,9.03730176584726e-08,0.999760139106571,0.999999999902037
"TCF7",6.55405174262015e-11,-1.16865913680393,8.88246916164297e-08,0.999762202705475,0.999999999902037
"CAND1",6.48899642896937e-11,-1.17050659498573,8.70701008066368e-08,0.999764563073952,0.999999999902037
"ARID2",6.48248787346871e-11,-1.17069231623245,8.68955233090576e-08,0.999764799220523,0.999999999902037
"ARL6IP6",6.43176158626419e-11,-1.17214539825762,8.55409072356421e-08,0.999766639696307,0.999999999902037
"MYEOV2",6.28551379361501e-11,-1.17639152949643,8.16950126834632e-08,0.999771945929741,0.999999999902037
"FLT3LG",6.28258367064331e-11,-1.17647748080019,8.16188627787635e-08,0.999772052241885,0.999999999902037
"GMFG",6.27140363667374e-11,-1.17680575454969,8.1328635128783e-08,0.999772457881308,0.999999999902037
"CCDC59",6.26060505520728e-11,-1.17712331378804,8.10488005533816e-08,0.999772849680685,0.999999999902037
"KDM6A",6.05917959487953e-11,-1.18313624213831,7.59174526788002e-08,0.999780157897071,0.999999999902037
"AIP",6.03175917045415e-11,-1.18396825644887,7.52318884147174e-08,0.99978115277823,0.999999999902037
"SRSF9",6.01607557989735e-11,-1.18444562862916,7.48411658662889e-08,0.999781721817882,0.999999999902037
"C19orf70",5.86638488848336e-11,-1.18905742955005,7.11631368639796e-08,0.999787152968269,0.999999999902037
"HDAC2",5.70913955988564e-11,-1.19401408535096,6.73992860087254e-08,0.999792858219684,0.999999999902037
"MDM4",5.70450124419664e-11,-1.19416209651939,6.72898151608789e-08,0.999793026509307,0.999999999902037
"PSMB2",5.62629295816577e-11,-1.19667373647892,6.54573864116765e-08,0.999795864100345,0.999999999902037
"ACYP2",5.62354882795613e-11,-1.19676241631442,6.53935504939127e-08,0.999795963664211,0.999999999902037
"MIER1",5.59826921953496e-11,-1.19758114060215,6.4806943087336e-08,0.999796880871248,0.999999999902037
"TCF12",5.42846669687086e-11,-1.20316577335625,6.0935212864602e-08,0.999803041728899,0.999999999902037
"HNRNPUL1",5.33632225419816e-11,-1.2062605172694,5.888410431807e-08,0.999806384958355,0.999999999902037
"PAG1",5.30496322552769e-11,-1.20732439047281,5.81940700268115e-08,0.999807522741876,0.999999999902037
"LTB",5.26760276463095e-11,-1.2085990633768,5.73772871834629e-08,0.999808878272279,0.999999999902037
"BRD4",5.26516783338245e-11,-1.20868241287136,5.73242545363241e-08,0.999808966617638,0.999999999902037
"CDC40",5.25763990128102e-11,-1.20894031276824,5.71604517422079e-08,0.99980923974973,0.999999999902037
"DDOST",5.2498676929257e-11,-1.20920692012842,5.69915795566655e-08,0.999809521744771,0.999999999902037
"UBE2E3",5.1795352025219e-11,-1.21163532226698,5.54747757236474e-08,0.999812073582378,0.999999999902037
"CNOT4",5.12550517273475e-11,-1.21352049152029,5.43234482143715e-08,0.999814033926185,0.999999999902037
"MGEA5",5.04831615185226e-11,-1.21624405726141,5.2699569402637e-08,0.999816834535767,0.999999999902037
"S100A10",4.99130377824261e-11,-1.21827916749481,5.1515981898347e-08,0.999818903086425,0.999999999902037
"PSMB5",4.90773307328753e-11,-1.22129932365985,4.98053325998763e-08,0.999821935239376,0.999999999902037
"HBG2",4.84870232461292e-11,-1.22345983458539,4.86144102614707e-08,0.999824077021703,0.999999999902037
"CTSS",4.74685263661294e-11,-1.22724214530192,4.65935151319217e-08,0.99982777238161,0.999999999902037
"TNFAIP3",4.72746917812301e-11,-1.2279699945062,4.62137689833979e-08,0.999828475661677,0.999999999902037
"BLVRB",4.69889755102528e-11,-1.22904762917035,4.56568483837684e-08,0.999829512311346,0.999999999902037
"MNDA",4.67715025127824e-11,-1.22987171568066,4.52352109802036e-08,0.999830301357451,0.999999999902037
"CCNH",4.53085869954593e-11,-1.23550393385749,4.24497379599649e-08,0.999835609178679,0.999999999902037
"HDAC1",4.51253775854264e-11,-1.23622044778201,4.21071332543059e-08,0.999836273907971,0.999999999902037
"UBXN1",4.50145768827191e-11,-1.23665501296689,4.19006076859303e-08,0.999836675920469,0.999999999902037
"DNAJC7",4.48417841967052e-11,-1.23733458255146,4.15795462382761e-08,0.999837302855297,0.999999999902037
"CARD16",4.47535755473096e-11,-1.23768237760367,4.14161241834188e-08,0.999837622898209,0.999999999902037
"FLT4",4.40766107010895e-11,-1.24037168375425,4.01726388517273e-08,0.999840079094992,0.999999999902037
"S100A11",4.40750595780131e-11,-1.24037788706485,4.01698114287593e-08,0.999840084722852,0.999999999902037
"VDAC2",4.33369840424027e-11,-1.24335149886059,3.88357185648903e-08,0.999842762644412,0.999999999902037
"CUTA",4.31959328141877e-11,-1.24392480744211,3.8583328536607e-08,0.999843274413339,0.999999999902037
"EIF6",4.10522613833917e-11,-1.25284555600607,3.48488256639732e-08,0.999851052186308,0.999999999902037
"COPS2",4.09652247060924e-11,-1.25321628197583,3.47012133005817e-08,0.999851367977015,0.999999999902037
"CHRAC1",4.05335514423499e-11,-1.25506519674832,3.39737347130392e-08,0.999852934194951,0.999999999902037
"NUDT21",3.93019226228093e-11,-1.26043665453939,3.19404896423878e-08,0.999857402850558,0.999999999902037
"LSM4",3.9185400290618e-11,-1.26095242570187,3.17513760861211e-08,0.999857825622553,0.999999999902037
"HPS1",3.85388153880974e-11,-1.26383904415244,3.07121838701842e-08,0.999860171593357,0.999999999902037
"DGUOK",3.8521694454669e-11,-1.26391605249603,3.068490205305e-08,0.999860233712361,0.999999999902037
"MAP4",3.8400162475661e-11,-1.26446355319269,3.04915920593524e-08,0.999860674660601,0.999999999902037
"ATP5H",3.70198631305035e-11,-1.27079043692927,2.83389395268679e-08,0.999865682729851,0.999999999902037
"ZNF770",3.7015489034268e-11,-1.27081081193434,2.83322431257949e-08,0.99986569860016,0.999999999902037
"ASCC3",3.58538489764212e-11,-1.27629782335173,2.65818710314886e-08,0.999869913319147,0.999999999902037
"UPF3A",3.52476811240814e-11,-1.27922302834652,2.56906491847347e-08,0.999872112646849,0.999999999902037
"ATAD2B",3.45951666381627e-11,-1.28242143692136,2.47482691569057e-08,0.999874480131664,0.999999999902037
"HBG1",3.45393472903343e-11,-1.28269748640207,2.46684708551796e-08,0.999874682658138,0.999999999902037
"MORF4L1",3.40622872971596e-11,-1.28507278076557,2.39917314918636e-08,0.999876413550424,0.999999999902037
"TAF11",3.37946814407677e-11,-1.28641795436484,2.36162365893645e-08,0.999877384491016,0.999999999902037
"S100A9",3.35452158086208e-11,-1.28768035220303,2.32688627174285e-08,0.999878289614365,0.999999999902037
"EGLN1",3.30059160608167e-11,-1.29043771244115,2.25266991343865e-08,0.999880246327958,0.999999999902037
"JUN",3.12036941522874e-11,-1.29994705842752,2.01338116658375e-08,0.99988678523721,0.999999999902037
"WAC",3.12023842677759e-11,-1.29995414268843,2.0132121326586e-08,0.999886789989797,0.999999999902037
"ALAS2",3.10342777925971e-11,-1.30086547872524,1.99157773983458e-08,0.999887399921893,0.999999999902037
"BRD2",3.08774104161267e-11,-1.30171978483171,1.97149517134636e-08,0.999887969075744,0.999999999902037
"SCNM1",3.07589385291661e-11,-1.30236750505048,1.95639554543597e-08,0.999888398921212,0.999999999902037
"GRN",3.06050069998688e-11,-1.30321235785427,1.9368631801902e-08,0.999888957423079,0.999999999902037
"DEF6",3.04883186053197e-11,-1.30385527976362,1.92212189296833e-08,0.999889380797593,0.999999999902037
"SLTM",3.01086955925859e-11,-1.30596188445017,1.87455358166e-08,0.999890758164287,0.999999999902037
"MRPL20",2.96358613901576e-11,-1.30861844067604,1.81613900875426e-08,0.999892473724358,0.999999999902037
"NCF1",2.92041585044801e-11,-1.31107645221681,1.7636133219805e-08,0.999894040049784,0.999999999902037
"THUMPD3-AS1",2.88960058060953e-11,-1.31285049555585,1.72659154054061e-08,0.999895158104405,0.999999999902037
"FAM65B",2.80333527841347e-11,-1.31790623009426,1.62504002345803e-08,0.999898288024097,0.999999999902037
"LRPAP1",2.69479892931637e-11,-1.32446399900335,1.5016430458787e-08,0.999902225992756,0.999999999902037
"LYZ",2.6490211799293e-11,-1.32729931836635,1.45105822178164e-08,0.999903886923347,0.999999999902037
"RUNX1",2.64344002364591e-11,-1.32764791911787,1.44495026656938e-08,0.999904089421576,0.999999999902037
"NDUFB5",2.51124570410566e-11,-1.33609886708485,1.3040444364373e-08,0.999908885760242,0.999999999902037
"AHSP",2.45492451812194e-11,-1.33981799820689,1.24620722178654e-08,0.999910929232935,0.999999999902037
"SERPINA1",2.44180970431827e-11,-1.34069471884768,1.23292769379396e-08,0.999911405070995,0.999999999902037
"CYTH1",2.41128664610686e-11,-1.34275121676638,1.20229671070656e-08,0.999912512523455,0.999999999902037
"CREB1",2.35579834826104e-11,-1.34654873199297,1.1475991102201e-08,0.999914525776896,0.999999999902037
"DDX46",2.31062705860391e-11,-1.34969833065316,1.10401172718695e-08,0.999916164703623,0.999999999902037
"UBE2B",2.26522465251572e-11,-1.35291873875232,1.06105167624839e-08,0.999917812015829,0.999999999902037
"SERP1",2.24882482837578e-11,-1.35409586190035,1.04574363995314e-08,0.999918407042234,0.999999999902037
"OS9",2.10797623991357e-11,-1.36452657490869,9.18851650504321e-09,0.999923517379308,0.999999999902037
"COPZ1",1.96101898991821e-11,-1.37608025481074,7.95202204723142e-09,0.999928849353818,0.999999999902037
"LYPLA1",1.86379817385774e-11,-1.38414697807707,7.18309715808502e-09,0.999932376766813,0.999999999902037
"SNX2",1.8423929121608e-11,-1.38597231439609,7.01905241189124e-09,0.999933153402942,0.999999999902037
"LSM6",1.83674345540968e-11,-1.38645716279486,6.97607239809642e-09,0.999933358379283,0.999999999902037
"NUCB2",1.75670763965806e-11,-1.39346986727636,6.38135575625627e-09,0.999936262277729,0.999999999902037
"LBH",1.6902764117658e-11,-1.39950590182059,5.90784970792935e-09,0.999938672567893,0.999999999902037
"SLC25A37",1.68885108088502e-11,-1.39963766581655,5.89789028330112e-09,0.999938724282442,0.999999999902037
"LAPTM4A",1.64039198489755e-11,-1.4041763073144,5.56428356437577e-09,0.999940482498964,0.999999999902037
"PRELID1",1.63221468704128e-11,-1.40495371325291,5.50894631022467e-09,0.999940779191667,0.999999999902037
"STT3B",1.58025308473305e-11,-1.40997470985396,5.16377452314252e-09,0.99994266448783,0.999999999902037
"C11orf31",1.55124245589276e-11,-1.41284108030585,4.97591945460593e-09,0.999943717065595,0.999999999902037
"RBM17",1.52478085949345e-11,-1.41549674339281,4.80760568717362e-09,0.999944677158123,0.999999999902037
"EXOC4",1.46506648080318e-11,-1.42164084665511,4.43842250489742e-09,0.999946843744295,0.999999999902037
"ERGIC2",1.4516703778535e-11,-1.42304919135072,4.35762653415661e-09,0.999947329788227,0.999999999902037
"ATP6V1B2",1.44543289151201e-11,-1.42370882295273,4.32025959190801e-09,0.999947556099745,0.999999999902037
"UBE2G1",1.27524095580183e-11,-1.44274328840544,3.36278019681493e-09,0.999953731086451,0.999999999902037
"C1orf162",1.27087260965924e-11,-1.44326044368107,3.33978120536524e-09,0.999953889580913,0.999999999902037
"ISG20",1.25479851656298e-11,-1.44517687938873,3.25583187126049e-09,0.999954472788988,0.999999999902037
"FGL2",1.24996090194904e-11,-1.44575784449778,3.23077589881083e-09,0.999954648309678,0.999999999902037
"ARL4C",1.24831605545105e-11,-1.44595582720392,3.22227861872183e-09,0.9999547079888,0.999999999902037
"UBE2N",1.23703106726289e-11,-1.44732033079241,3.16428207135857e-09,0.999955117436238,0.999999999902037
"HNRNPK",1.20933827422355e-11,-1.45071542827132,3.02419348191249e-09,0.999956122199644,0.999999999902037
"ZC3HAV1",1.17122220010793e-11,-1.45550126602013,2.8365638795367e-09,0.99995750514561,0.999999999902037
"COX6B1",1.16510094795561e-11,-1.45628249680086,2.80699143958332e-09,0.999957727239863,0.999999999902037
"CFD",1.13273622887321e-11,-1.46047368777335,2.65320959340137e-09,0.999958901512365,0.999999999902037
"FBXL5",1.05986607335196e-11,-1.4703073277368,2.32282214555912e-09,0.999961545422842,0.999999999902037
"CAMP",1.04264821966611e-11,-1.47271691892233,2.24796522681588e-09,0.999962170129396,0.999999999902037
"CD8B",1.01108196613061e-11,-1.47722630158902,2.11391103344449e-09,0.999963315431583,0.999999999902037
"HIST1H4H",9.87864238371021e-12,-1.48062226516831,2.01794118740571e-09,0.999964157828491,0.999999999902037
"UBE2D2",9.56673098273539e-12,-1.48529598084367,1.89252271329491e-09,0.999965289520629,0.999999999902037
"AAK1",9.34270487202799e-12,-1.4887356973245,1.80492531884685e-09,0.999966102343076,0.999999999902037
"ANXA2",9.20014567541763e-12,-1.49096228272132,1.75026329413364e-09,0.999966619583297,0.999999999902037
"SERPINB6",8.82113265961228e-12,-1.49703204608366,1.60902459927526e-09,0.999967994736783,0.999999999902037
"SCAF11",7.99522105523022e-12,-1.51109084309077,1.32182794328339e-09,0.999970991349497,0.999999999902037
"RWDD1",7.74716402847565e-12,-1.51556133922719,1.24107914969507e-09,0.999971891362085,0.999999999902037
"UBL5",7.70753969874652e-12,-1.51628700570647,1.22841615019417e-09,0.999972035129008,0.999999999902037
"UQCRFS1",7.53641838892069e-12,-1.51945879436849,1.17447554449748e-09,0.99997265599968,0.999999999902037
"MGAT4A",7.36508418054822e-12,-1.5226982204423,1.1216811125589e-09,0.999973277642801,0.999999999902037
"DNTTIP2",7.26435799457651e-12,-1.52463352503112,1.09121029315434e-09,0.999973643102455,0.999999999902037
"PIN4",6.87232972336081e-12,-1.53239623246096,9.76611767900055e-10,0.999975065478525,0.999999999902037
"ATP6V0A2",6.64232682628439e-12,-1.53713265133968,9.12335256614312e-10,0.99997589998624,0.999999999902037
"TERT",6.58140353210922e-12,-1.53841122973914,8.95676164100031e-10,0.999976121031104,0.999999999902037
"TMEM14C",6.55511266212059e-12,-1.53896618531902,8.88534504600413e-10,0.999976216420919,0.999999999902037
"VCAN",6.49680518299641e-12,-1.54020393094751,8.72797844159708e-10,0.999976427974955,0.999999999902037
"DRAP1",6.30669845315525e-12,-1.54430806286374,8.2246629504443e-10,0.999977117729453,0.999999999902037
"PSMA3-AS1",5.94999193577008e-12,-1.55230961010797,7.32060090479166e-10,0.999978411949415,0.999999999902037
"SREK1",5.85084123310687e-12,-1.55460814502837,7.07865267778084e-10,0.999978771692825,0.999999999902037
"RNF149",5.51021274561872e-12,-1.56277299509527,6.27842500380914e-10,0.999980007577696,0.999999999902037
"STK17B",5.30824640168482e-12,-1.56782488185304,5.82661234974341e-10,0.999980740361823,0.999999999902037
"CRHBP",4.92627523774038e-12,-1.57785688255446,5.01823878363058e-10,0.999982126248207,0.999999999902037
"CDC37",4.83042175095276e-12,-1.58048084062416,4.82485292641924e-10,0.999982474028497,0.999999999902037
"CHD4",4.82580343357055e-12,-1.5806084109833,4.81563135068449e-10,0.999982490784901,0.999999999902037
"TPGS2",4.80398978493615e-12,-1.58121240853357,4.77219440778314e-10,0.999982569930244,0.999999999902037
"CD2",4.78775118812044e-12,-1.58166359673824,4.73998669253318e-10,0.999982628847912,0.999999999902037
"TMEM59",4.50831739462739e-12,-1.58964497710632,4.20284084504041e-10,0.999983642703213,0.999999999902037
"TFRC",4.44586474509482e-12,-1.59148774005564,4.08720545513508e-10,0.999983869296959,0.999999999902037
"CHMP5",4.42214417474924e-12,-1.59219358435415,4.04370786213038e-10,0.999983955361087,0.999999999902037
"EDF1",4.3995686347058e-12,-1.59286843606867,4.00252608913547e-10,0.999984037270761,0.999999999902037
"CPA3",4.38768328079148e-12,-1.59322494237009,3.98092979805316e-10,0.999984080393782,0.999999999902037
"EIF2AK4",4.24098583942326e-12,-1.59769613494102,3.71918363039356e-10,0.999984612648584,0.999999999902037
"STUB1",4.16939492101085e-12,-1.5999274335824,3.59467840789982e-10,0.999984872398242,0.999999999902037
"SMARCE1",3.9574911030188e-12,-1.60673393361472,3.23857434583982e-10,0.999985641237997,0.999999999902037
"KDM5A",3.75100089166805e-12,-1.61368015399871,2.90943267346263e-10,0.99998639043584,0.999999999902037
"RSBN1",3.22075225180721e-12,-1.63318110342462,2.14500651284254e-10,0.999988314309786,0.999999999902037
"EAPP",3.13364821242331e-12,-1.63664957463203,2.03055359900613e-10,0.999988630344905,0.999999999902037
"CYBB",3.08224706584672e-12,-1.63873609289076,1.96448570357425e-10,0.999988816841049,0.999999999902037
"TIA1",2.95376229592671e-12,-1.64408779392563,1.80411850863979e-10,0.99998928301575,0.999999999902037
"MRPS16",2.89708107555986e-12,-1.64651363060582,1.73554258887279e-10,0.999989488669315,0.999999999902037
"SMC5",2.88998426990005e-12,-1.6468202743064,1.72705009434232e-10,0.999989514418291,0.999999999902037
"CYTIP",2.88933853574084e-12,-1.64684820828645,1.72627840111125e-10,0.999989516761175,0.999999999902037
"ROMO1",2.75745394116428e-12,-1.65267114652815,1.57228224767842e-10,0.999989995271285,0.999999999902037
"UBTF",1.72912553136123e-12,-1.70899236689635,6.18254126574256e-11,0.999993726302515,0.999999999902037
"PPHLN1",1.62376399889073e-12,-1.716329264204,5.45204954109402e-11,0.99999410858036,0.999999999902037
"UFM1",1.3779041407444e-12,-1.7352176010539,3.9260152971619e-11,0.999995000621074,0.999999999902037
"CCDC53",1.30993128382821e-12,-1.74095917536265,3.54822380428995e-11,0.999995247243504,0.999999999902037
"NDUFA1",9.67603191462634e-13,-1.77458169351526,1.93601430180362e-11,0.999996489294965,0.999999999902037
"PIAS1",8.97553892561233e-13,-1.78272617368693,1.66584675208055e-11,0.999996743451244,0.999999999902037
"NDUFB1",7.11217412193582e-13,-1.80746109191227,1.04596881903273e-11,0.999997419526339,0.999999999902037
"MGST3",6.81760742257276e-13,-1.81187995874397,9.61120756267817e-12,0.999997526402464,0.999999999902037
"EREG",6.47451672698829e-13,-1.81724218880815,8.66819537358059e-12,0.999997650884301,0.999999999902037
"LUC7L",5.76344144232783e-13,-1.82919673685808,6.86875058825267e-12,0.9999979088801,0.999999999902037
"LGALS3",5.75585131303618e-13,-1.82933114767787,6.85067098206031e-12,0.999997911633988,0.999999999902037
"NBPF14",5.41752553367307e-13,-1.83548575143328,6.06898285706027e-12,0.999998034386995,0.999999999902037
"DARS",5.02162886450962e-13,-1.84312947033885,5.21438628626834e-12,0.999998178028153,0.999999999902037
"GIMAP7",4.88547612938363e-13,-1.84588023979899,4.93546149759247e-12,0.999998227427752,0.999999999902037
"RPAIN",3.71065901972893e-13,-1.87288720802958,2.8471875297183e-12,0.999998653680618,0.999999999902037
"IL7R",3.57789505359517e-13,-1.87639486472097,2.647092834549e-12,0.999998701850687,0.999999999902037
"AP3S1",3.13732124765674e-13,-1.88891246154935,2.03531652416104e-12,0.999998861701822,0.999999999902037
"SYNE2",2.67029370923457e-13,-1.90398584138872,1.47445676437658e-12,0.999999031151028,0.999999999902037
"MS4A7",2.44620590430713e-13,-1.91205503479182,1.23737118169333e-12,0.999999112455657,0.999999999902037
"CD3E",1.6171360636637e-13,-1.94897524084888,5.40763165647045e-13,0.999999413262816,0.999999999902037
"GPATCH8",1.2806548928101e-13,-1.96895162974242,3.39139365359643e-13,0.999999535346553,0.999999999902037
"SESN3",1.23048815778683e-13,-1.97231491131824,3.13089752850231e-13,0.999999553548292,0.999999999902037
"SPOCK2",9.14693230741081e-14,-1.99675355176956,1.73007490667301e-13,0.999999668126546,0.999999999902037
"SYNRG",9.02420349971508e-14,-1.9978450473918,1.68395986915949e-13,0.999999672579453,0.999999999902037
"UTP18",8.24625508270327e-14,-2.00508199035075,1.40613658045756e-13,0.999999700805356,0.999999999902037
"PRRC2C",7.01163297718886e-14,-2.01789639912678,1.01660520005095e-13,0.999999745600517,0.999999999902037
"GIMAP4",2.75854941102195e-14,-2.08672186041427,1.57353175536079e-14,0.999999899912966,0.999999999902037
"PDZD8",8.43070511933622e-15,-2.16327045684733,1.46974426917789e-15,0.999999969411305,0.999999999902037
"LCK",7.17434537987701e-15,-2.17283372139593,1.06433547410878e-15,0.999999973969691,0.999999999902037
"HBM",5.24363182236923e-15,-2.19086535885532,5.68562690826904e-16,0.9999999809748,0.999999999902037
"TRA2A",4.84859215296992e-15,-2.19526026464153,4.8612201064764e-16,0.999999982408102,0.999999999902037
"PDGFRB",4.53591065761398e-15,-2.19896667981702,4.25444545997326e-16,0.999999983542588,0.999999999902037
"MMP9",4.48133791445532e-15,-2.19963633450759,4.1526885750918e-16,0.999999983740592,0.999999999902037
"COL1A1",4.45779068944502e-15,-2.19992748235885,4.10916256122092e-16,0.999999983826027,0.999999999902037
"CDC25A",4.36601915067429e-15,-2.20107516465593,3.94171526827476e-16,0.999999984158997,0.999999999902037
"BTF3L4",4.32348784983271e-15,-2.20161421984266,3.86529337715813e-16,0.999999984313311,0.999999999902037
"SKAP1",4.00691402215243e-15,-2.20577893597505,3.3199689683354e-16,0.999999985461919,0.999999999902037
"NOS2",3.85561159672781e-15,-2.20787192298326,3.07397642628833e-16,0.999999986010882,0.999999999902037
"CLEC2D",3.73394929472926e-15,-2.209607617131,2.88304093798259e-16,0.999999986452303,0.999999999902037
"DUSP2",3.69438778853861e-15,-2.21018267533379,2.8222724546019e-16,0.999999986595842,0.999999999902037
"PGR",3.41123472632489e-15,-2.21446324721126,2.40623026665795e-16,0.999999987623192,0.999999999902037
"ATP12A",3.34838329509788e-15,-2.21545536485338,2.31837833727694e-16,0.999999987851233,0.999999999902037
"GZMK",3.34006753888836e-15,-2.21558784675336,2.30687718735473e-16,0.999999987881404,0.999999999902037
"GNLY",3.32192243031386e-15,-2.21587792789546,2.28188078408186e-16,0.999999987947239,0.999999999902037
"CFTR",3.30831570609412e-15,-2.21609636493544,2.26322572251393e-16,0.999999987996608,0.999999999902037
"RBL2",3.27980415793219e-15,-2.2165566361181,2.22438419786384e-16,0.999999988100055,0.999999999902037
"LINC00861",3.21751811699745e-15,-2.21757442873344,2.14070083723903e-16,0.999999988326044,0.999999999902037
"PON1",3.19174009380968e-15,-2.21800070223766,2.10653662938859e-16,0.999999988419573,0.999999999902037
"DHRS4",3.12159934985866e-15,-2.21917599073449,2.01496868070716e-16,0.999999988674061,0.999999999902037
"CCR5",3.11812845529024e-15,-2.21923474670684,2.01049029965485e-16,0.999999988686654,0.999999999902037
"PRTN3",3.10637383986016e-15,-2.2194341565533,1.99536071403315e-16,0.999999988729303,0.999999999902037
"IGLV2-14",3.09189127472172e-15,-2.21968075310309,1.97679850685817e-16,0.999999988781849,0.999999999902037
"ESR1",3.08119831555791e-15,-2.21986347212166,1.96314907844405e-16,0.999999988820646,0.999999999902037
"LEF1",3.05853524025531e-15,-2.22025257300823,1.93437626410462e-16,0.999999988902873,0.999999999902037
"SAMHD1",3.05367917799454e-15,-2.22033627406926,1.92823868921618e-16,0.999999988920492,0.999999999902037
"MET",2.99784158581123e-15,-2.22130716586722,1.85836636541436e-16,0.999999989123085,0.999999999902037
"AVP",2.92730151448288e-15,-2.22255655120509,1.77193950934597e-16,0.999999989379022,0.999999999902037
"IGKV3-11",2.89500219401192e-15,-2.22313743019639,1.73305270829062e-16,0.999999989496212,0.999999999902037
"PTBP1",2.80196247307657e-15,-2.22484291526923,1.62344883498886e-16,0.999999989833783,0.999999999902037
"KLRD1",2.66348344765144e-15,-2.22747532453627,1.46694550710286e-16,0.99999999033622,0.999999999902037
"CYP1A1",2.64574448554916e-15,-2.2278211274102,1.44747068256492e-16,0.999999990400581,0.999999999902037
"BAD",2.59856636484497e-15,-2.22875077502387,1.39630920952084e-16,0.999999990571755,0.999999999902037
"SHH",2.59288161040308e-15,-2.22886378712665,1.39020661952362e-16,0.999999990592381,0.999999999902037
"ANKRD44",2.50385503646563e-15,-2.23066247870671,1.29638005146521e-16,0.999999990915391,0.999999999902037
"MT-CO1",2.49245644708028e-15,-2.23089679647265,1.28460359606069e-16,0.999999990956748,0.999999999902037
"ILF3-AS1",2.46144579318981e-15,-2.23153904661,1.25283687914897e-16,0.999999991069263,0.999999999902037
"TTR",2.43463365661434e-15,-2.2321000680728,1.22569162847758e-16,0.999999991166544,0.999999999902037
"SH3KBP1",2.41486720521943e-15,-2.23251713234777,1.20586998197623e-16,0.999999991238261,0.999999999902037
"IGKC",2.39811427776711e-15,-2.232872954722,1.18919678520547e-16,0.999999991299045,0.999999999902037
"USP48",2.39418026954732e-15,-2.23295682560151,1.18529832825252e-16,0.999999991313319,0.999999999902037
"EMC6",2.39000234461775e-15,-2.23304602861656,1.18116516692117e-16,0.999999991328477,0.999999999902037
"KNG1",2.28071250163939e-15,-2.23542929797772,1.07561057459459e-16,0.999999991725008,0.999999999902037
"CCDC47",2.28023842666702e-15,-2.23543985158128,1.07516346251326e-16,0.999999991726728,0.999999999902037
"PPARG",2.25820051689171e-15,-2.23593257682374,1.05448154151603e-16,0.999999991806687,0.999999999902037
"FIS1",2.23804407102984e-15,-2.23638692928458,1.03574118444758e-16,0.999999991879819,0.999999999902037
"TEK",2.20180049548241e-15,-2.23721297902407,1.00246658939192e-16,0.99999999201132,0.999999999902037
"EGFR",2.19974055545103e-15,-2.23726028437442,1.0005917101054e-16,0.999999992018794,0.999999999902037
"MON2",2.19717331019227e-15,-2.2373192939166,9.98257557237288e-17,0.999999992028109,0.999999999902037
"DEFA3",2.19682850543435e-15,-2.23732722403243,9.97944266569114e-17,0.99999999202936,0.999999999902037
"IGFBP3",2.17760854110735e-15,-2.23777099079069,9.80558704929379e-17,0.999999992099095,0.999999999902037
"DNAJC8",2.16944087999068e-15,-2.23796060968184,9.73216842122822e-17,0.999999992128729,0.999999999902037
"KLF1",2.16360452099364e-15,-2.23809648803652,9.67987474012188e-17,0.999999992149905,0.999999999902037
"IDO1",2.16128804260559e-15,-2.2381505076048,9.65915818436713e-17,0.999999992158309,0.999999999902037
"DEFA4",2.08233915470027e-15,-2.24002252090051,8.96637519110997e-17,0.999999992444756,0.999999999902037
"MS4A1",1.99407002584427e-15,-2.2421904429823,8.22232781679595e-17,0.999999992765018,0.999999999902037
"F8",1.96630177219765e-15,-2.24288979140294,7.99492360510033e-17,0.999999992865768,0.999999999902037
"GZMA",1.95248063906595e-15,-2.243241101695,7.88292598933121e-17,0.999999992915915,0.999999999902037
"LTF",1.90710836343007e-15,-2.24440987175068,7.52081175321024e-17,0.999999993080537,0.999999999902037
"C1QA",1.89887071660858e-15,-2.24462467178502,7.45598063058572e-17,0.999999993110425,0.999999999902037
"RNF5",1.86849246880264e-15,-2.24542390101124,7.21932644665957e-17,0.999999993220645,0.999999999902037
"HBD",1.86564570512007e-15,-2.2454993779539,7.1973450249742e-17,0.999999993230973,0.999999999902037
"AR",1.80900872502739e-15,-2.24702232693517,6.76698634262053e-17,0.999999993436466,0.999999999902037
"MTRNR2L12",1.80469235525772e-15,-2.24714009403507,6.73473224881134e-17,0.999999993452127,0.999999999902037
"ABL1",1.78560585526501e-15,-2.24766381580605,6.59303194021627e-17,0.999999993521378,0.999999999902037
"KDR",1.62789563107871e-15,-2.2521891274886,5.4798300826932e-17,0.99999999409359,0.999999999902037
"PRPF38B",1.62760139029734e-15,-2.25219792226982,5.47784931226113e-17,0.999999994094657,0.999999999902037
"ANKRD36B",1.61989448734597e-15,-2.2524287758613,5.42609548456343e-17,0.99999999412262,0.999999999902037
"CTSK",1.6136129088567e-15,-2.25261764613538,5.38409477510832e-17,0.999999994145411,0.999999999902037
"CCL4",1.54063868924178e-15,-2.25486021344006,4.90812456938326e-17,0.99999999441018,0.999999999902037
"PARP8",1.51095925431565e-15,-2.25579893354994,4.72084218990627e-17,0.999999994517864,0.999999999902037
"NOD2",1.5000603232253e-15,-2.25614770041007,4.6529825637176e-17,0.999999994557408,0.999999999902037
"NFKB1",1.4068938070981e-15,-2.25922294867717,4.09295163587417e-17,0.999999994895439,0.999999999902037
"CXCL12",1.3481089951729e-15,-2.26125620903495,3.75806242588406e-17,0.999999995108725,0.999999999902037
"ALPL",1.34416583523263e-15,-2.26139535146718,3.73611024052733e-17,0.999999995123032,0.999999999902037
"RP11-290D2.6",1.34089942638911e-15,-2.26151088374264,3.71797432995801e-17,0.999999995134883,0.999999999902037
"JCHAIN",1.32891869116431e-15,-2.26193675634819,3.65183205579003e-17,0.999999995178352,0.999999999902037
"ALK",1.27499796846658e-15,-2.26389598865718,3.36149881520929e-17,0.99999999537399,0.999999999902037
"ARG1",1.25846060511884e-15,-2.2645113942123,3.27486368096121e-17,0.999999995433992,0.999999999902037
"AZU1",1.24118120183099e-15,-2.26516200977909,3.18554948405275e-17,0.999999995496686,0.999999999902037
"MBD4",1.23462067038841e-15,-2.26541110584465,3.15196266417217e-17,0.999999995520489,0.999999999902037
"USP3",1.13208926233927e-15,-2.26946254224883,2.65017967775603e-17,0.999999995892499,0.999999999902037
"LMO4",1.10639257642112e-15,-2.27052806442312,2.53123509464644e-17,0.999999995985733,0.999999999902037
"CXCR2",1.09822812392366e-15,-2.27087113480458,2.4940152184312e-17,0.999999996015355,0.999999999902037
"XDH",1.03401002361592e-15,-2.27365013844875,2.21087136380565e-17,0.999999996248354,0.999999999902037
"MAP2K1",1.02831713419517e-15,-2.27390371543365,2.18659384574364e-17,0.99999999626901,0.999999999902037
"IL2",1.02534886765923e-15,-2.27403641715198,2.17398873439735e-17,0.999999996279779,0.999999999902037
"NBEAL1",1.01904349828069e-15,-2.27431942776229,2.14733311609587e-17,0.999999996302657,0.999999999902037
"C9orf78",9.90862878698474e-16,-2.27560329893192,2.03021061380649e-17,0.999999996404903,0.999999999902037
"TRAC",9.43792563771732e-16,-2.27782071353092,1.84190437437888e-17,0.999999996575686,0.999999999902037
"GYPA",9.41084345205332e-16,-2.27795121228977,1.83134882887894e-17,0.999999996585512,0.999999999902037
"UQCRHL",9.05438022160161e-16,-2.27970018751075,1.6952409430047e-17,0.999999996714846,0.999999999902037
"APOB",8.38293980528136e-16,-2.28316472718743,1.45313737240494e-17,0.999999996958461,0.999999999902037
"ALOX5AP",7.87675285400424e-16,-2.28594076486259,1.28294611193059e-17,0.999999997142118,0.999999999902037
"RASSF5",7.44203879605282e-16,-2.28845219643908,1.1452435021693e-17,0.999999997299843,0.999999999902037
"IGHG1",7.08325192216846e-16,-2.29062348361906,1.0374790919387e-17,0.99999999743002,0.999999999902037
"IGKV1-5",6.31738067087623e-16,-2.29560013268053,8.25254823690044e-18,0.999999997707897,0.999999999902037
"ACHE",6.17207005758082e-16,-2.29660343478097,7.87726890071617e-18,0.999999997760619,0.999999999902037
"HLF",6.16259468108606e-16,-2.29666957228134,7.85310106267511e-18,0.999999997764057,0.999999999902037
"C5AR1",5.99975256525084e-16,-2.29782031581871,7.44355937811913e-18,0.999999997823141,0.999999999902037
"C1QB",5.86518593833992e-16,-2.29879203098813,7.11340517166629e-18,0.999999997871965,0.999999999902037
"CYP3A4",5.69415258526189e-16,-2.30005559228194,6.70458927996302e-18,0.99999999793402,0.999999999902037
"PLAT",5.62202787906334e-16,-2.3005984012385,6.53581825078889e-18,0.999999997960188,0.999999999902037
"IGKV4-1",5.62013740903231e-16,-2.30061271053838,6.53142350518671e-18,0.999999997960874,0.999999999902037
"PLG",4.27576584659945e-16,-2.3120462420806,3.780435257426e-18,0.999999998448646,0.999999999902037
"ATM",4.25256363743881e-16,-2.31226982129535,3.73951792758548e-18,0.999999998457064,0.999999999902037
"ZFC3H1",4.15925580963414e-16,-2.31317984859944,3.57721662756304e-18,0.999999998490919,0.999999999902037
"TLR9",4.14838468360772e-16,-2.31328703165021,3.55854138712591e-18,0.999999998494863,0.999999999902037
"ETS1",3.92542845022459e-16,-2.31554125310139,3.18631060115935e-18,0.999999998575757,0.999999999902037
"CD79A",3.92505324443443e-16,-2.31554513998868,3.18570151348094e-18,0.999999998575893,0.999999999902037
"FCGR3A",3.73488171934234e-16,-2.31755829067338,2.88448099716049e-18,0.999999998644892,0.999999999902037
"BOD1L1",3.66246342748099e-16,-2.31834852491563,2.77370692109935e-18,0.999999998671167,0.999999999902037
"CLC",3.5439153510577e-16,-2.31967210113098,2.59705206758239e-18,0.999999998714179,0.999999999902037
"ELANE",2.87650428030216e-16,-2.3279387674722,1.71097642729397e-18,0.999999998956333,0.999999999902037
"ZMAT2",2.7949511539792e-16,-2.32906127713258,1.61533432470786e-18,0.999999998985922,0.999999999902037
"EHMT1",2.63063273404233e-16,-2.33141275195369,1.43098281018838e-18,0.999999999045541,0.999999999902037
"S100A8",2.62275728063285e-16,-2.33152864606399,1.42242762947244e-18,0.999999999048398,0.999999999902037
"PSMD5-AS1",1.88807714327668e-16,-2.34397089802492,7.3714588672256e-19,0.999999999314959,0.999999999902037
"ABCB1",1.48128235190414e-16,-2.35283149264281,4.5372182917021e-19,0.999999999462554,0.999999999902037
"CD164",1.31856477151363e-16,-2.35698538556686,3.59514916075913e-19,0.999999999521592,0.999999999902037
"S100A12",1.22062141165478e-16,-2.35970719920781,3.08088824220933e-19,0.999999999557128,0.999999999902037
"VEGFA",1.11945348076102e-16,-2.36272689544455,2.59135002525983e-19,0.999999999593834,0.999999999902037
"F2",1.04163126571348e-16,-2.36521664320889,2.24358222934973e-19,0.99999999962207,0.999999999902037
"FLT1",6.21818407123268e-17,-2.38239729546379,7.99541710215049e-20,0.999999999774389,0.999999999902037
"SHISA5",4.59593148726164e-17,-2.39195748359208,4.36778315257458e-20,0.999999999833248,0.999999999902037
"F10",2.70001719873167e-17,-2.40791875344894,1.50746430755126e-20,0.999999999902037,0.999999999902037
