"gene","distance","Z","FC","p.value","p.adj"
"TERT",2.9519284531318e-06,3.38862239259772,778231.099503609,0,0
"PRSS57",1.2698358953526e-07,2.46935884135599,1440.09826302495,4.06516738107026e-315,6.0977510716054e-312
"SMIM24",3.17090057125622e-08,2.07307129797654,89.7970720535077,2.63884522407332e-21,2.63884522407332e-18
"GYPC",1.66571165079562e-08,1.89105968629555,24.7797302602351,6.42697837080233e-07,0.000482023377810175
"CDCA7",1.64720347123076e-08,1.88791094838768,24.2321208011013,8.53961333015989e-07,0.000512376799809593
"RPS18",1.52969106860309e-08,1.86706255748721,20.8979838723573,4.84404169265828e-06,0.00242202084632914
"SPINK2",1.45956068080357e-08,1.85385100067492,19.0257260221537,1.28967915702869e-05,0.0049763038683261
"C1orf228",1.45747048518507e-08,1.85344766061517,18.9712726311517,1.32701436488696e-05,0.0049763038683261
"CD34",1.42589666175195e-08,1.84728427572158,18.158209909366,2.03291118972601e-05,0.00677637063242003
"RPS6",1.35791056323278e-08,1.83354106413106,16.4679394374778,4.94797473072336e-05,0.0148439241921701
"IMPDH2",1.30829298028293e-08,1.82307396713401,15.2864609090034,9.23762441223145e-05,0.0251935211242676
"ZFP36L2",1.26231738745989e-08,1.81301826207324,14.2309553610613,0.000161688761903841,0.0404221904759604
"BST2",1.22335450981845e-08,1.80420834102922,13.3660038641549,0.000256226726203659,0.0556347475461571
"C1QTNF4",1.22222195313758e-08,1.80394812275781,13.3412673716043,0.000259628821882067,0.0556347475461571
"FABP5",1.21268946757839e-08,1.8017484137575,13.133973601397,0.000289989093964148,0.0579978187928296
"ICAM3",1.19309722811665e-08,1.7971730654304,12.7130162223226,0.000363119281485708,0.0680848652785702
"RPL18A",1.18760838259098e-08,1.79587792084188,12.5963127893173,0.000386508483281795,0.0682073794026698
"LCP1",1.17521934516901e-08,1.79293269337731,12.3348760904246,0.000444573614061762,0.0740956023436271
"IGFBP7",1.16410196961237e-08,1.79026349059152,12.102608249734,0.000503513409182011,0.0777348275809317
"RPS21",1.16151564184943e-08,1.78963891380459,12.0488903780972,0.000518232183872878,0.0777348275809317
"EEF1B2",1.1049135158623e-08,1.7756137515691,10.9031879851697,0.000959989001139886,0.134325026978896
"RPS19",1.1007763269304e-08,1.77456088908172,10.8216900275674,0.0010031787619062,0.134325026978896
"RPS3A",1.098094326266e-08,1.77387625866676,10.7690209767285,0.00103213089845316,0.134325026978896
"SELL",1.09424251509463e-08,1.77289011091638,10.6936039861909,0.00107506566861231,0.134325026978896
"RPS5",1.09041378476939e-08,1.77190646072778,10.6189015393223,0.00111937522482413,0.134325026978896
"FKBP4",1.06629941671667e-08,1.76563145772007,10.1544234739335,0.00143955407857746,0.166102393682015
"RPL12",1.04817672736609e-08,1.76082243342213,9.81219009630977,0.00173358938467333,0.192621042741481
"RPS28",1.04313723487714e-08,1.75947052538601,9.71806553460212,0.00182465471175175,0.19402517049609
"RPL10A",1.04041915589375e-08,1.75873867946506,9.66748723097114,0.00187557664812887,0.19402517049609
"RPL36",1.02180578825886e-08,1.75367555737038,9.32467372898883,0.00226088574162207,0.226088574162207
"RPL3",1.00087400847072e-08,1.74787154963436,8.94655323079675,0.00277993618923394,0.269026082829091
"ZFAS1",9.8696884992287e-09,1.74394908499879,8.69969084456267,0.00318264024224497,0.29693398899847
"CCND1",9.81949653945894e-09,1.7425197832714,8.61143188134503,0.0033405957562815,0.29693398899847
"RPL7",9.81185765848677e-09,1.74230161916616,8.59803891031093,0.003365251875316,0.29693398899847
"TTK",9.70202900145042e-09,1.73914622140723,8.40663254379561,0.00373854514765867,0.320446726942171
"NPM1",9.67159151026637e-09,1.7382654874208,8.35396821311226,0.00384845935040134,0.320704945866778
"ITM2C",9.55910504762197e-09,1.73498661685558,8.16077485005004,0.00428060790709627,0.333214210962889
"MANF",9.54670293898727e-09,1.73462277219372,8.13961279364255,0.00433085309537892,0.333214210962889
"RPS14",9.52771311945134e-09,1.73406475394235,8.10726318607,0.00440882409753009,0.333214210962889
"RPL34",9.49856156891704e-09,1.73320598580606,8.05772816529083,0.00453099629788904,0.333214210962889
"RPS23",9.49316945303355e-09,1.73304685492464,8.04858238644116,0.00455392754982615,0.333214210962889
"RPS3",9.41773326725969e-09,1.73081116804106,7.92117667138093,0.0048859485169378,0.348996322638414
"RPL13",9.36522521710171e-09,1.72924450808089,7.83309474226047,0.00512981950646818,0.357894384172199
"HPSE",9.28928365555211e-09,1.72696322083758,7.70657442553964,0.00550200629992343,0.372153593934551
"TGFB1I1",9.27350999979976e-09,1.72648706446245,7.68042436953954,0.00558230390901826,0.372153593934551
"RBPMS2",9.20407841870467e-09,1.72438156925137,7.56584688802085,0.00594846962611568,0.387943671268414
"HSH2D",9.14806075403952e-09,1.72267135509511,7.47403294874423,0.00625951775743979,0.399543686645093
"RPL22L1",9.00473060664902e-09,1.71824785129887,7.24166410803241,0.00712309302236263,0.445193313897664
"CDK6",8.87997160406177e-09,1.71434037978323,7.04239015545117,0.00796027305914481,0.487363656682335
"GOLGB1",8.66186405386449e-09,1.70737680477232,6.70069197558512,0.00963755010375002,0.578253006225001
"RP11-620J15.3",8.54611032755787e-09,1.70361026380012,6.52279782867544,0.0106500332457299,0.617586436937464
"RPS9",8.54012903747448e-09,1.70341426719589,6.51367061370489,0.0107048315735827,0.617586436937464
"CNN2",8.41448270074119e-09,1.69926533493721,6.32341625829728,0.0119153854319522,0.674455779167108
"RPL26",8.333880484728e-09,1.69657137435386,6.20285263821763,0.0127544587199215,0.703321215996974
"GSN",8.32091342657564e-09,1.69613557031716,6.18356506226627,0.0128942222932779,0.703321215996974
"EIF3E",8.23076789087299e-09,1.69308719591484,6.05031013776169,0.0139038545505164,0.729874209187302
"RPL29",8.23063456660835e-09,1.69308266296873,6.05011413014066,0.0139053980655027,0.729874209187302
"PYCARD",8.21112479783107e-09,1.69241855753083,6.0214659302822,0.0141329027998828,0.729874209187302
"FHL2",8.1924120753412e-09,1.69178011391811,5.994051993688,0.0143541927806836,0.729874209187302
"VWF",8.11175302892538e-09,1.68901155050075,5.87660319592442,0.0153433948733947,0.767169743669735
"RPL14",7.96815014068264e-09,1.68401434309718,5.67037714201535,0.0172537462836976,0.842014893348174
"CALD1",7.94322417144646e-09,1.68313787691341,5.63495647991692,0.0176057824330624,0.842014893348174
"RPS25",7.93786331216628e-09,1.68294901849204,5.62735301453054,0.0176823127603117,0.842014893348174
"EEF1A1",7.89455618974471e-09,1.68141869962424,5.56611747566616,0.0183113194461326,0.847051195094805
"SH3BP5",7.88968408725137e-09,1.68124601712577,5.5592493690702,0.0183832948107925,0.847051195094805
"BANK1",7.87276768064592e-09,1.68064562625305,5.53543556293587,0.0186351262920857,0.847051195094805
"RPL7A",7.84487543040293e-09,1.67965289024373,5.49628230513175,0.0190569470802995,0.853296137923858
"RPL11",7.76808011889507e-09,1.67690144307865,5.38920023527275,0.0202617552819192,0.890598940404193
"KCNAB2",7.74974381280841e-09,1.67624050190993,5.36378819132812,0.0205590680080393,0.890598940404193
"SPX",7.71944363968071e-09,1.67514491689625,5.32192719700974,0.0210587086101996,0.890598940404193
"RPL37",7.68082863705028e-09,1.67374250016708,5.26881657402434,0.0217107674389899,0.890598940404193
"RPL31",7.67040226762148e-09,1.67336263924132,5.25452193342245,0.0218898139855265,0.890598940404193
"FCER1G",7.6441877875596e-09,1.6724053116999,5.2186674432044,0.0223456679351238,0.890598940404193
"CSRP1",7.63229324266221e-09,1.67196986197238,5.20243932797574,0.0225552145804186,0.890598940404193
"RSU1",7.62664985749485e-09,1.67176302713156,5.19474871292313,0.0226552302944593,0.890598940404193
"CSF3R",7.62209434760121e-09,1.67159595328978,5.18854476703503,0.0227362468910666,0.890598940404193
"PDLIM5",7.6152352457504e-09,1.67134420838175,5.17921065431489,0.022858706137041,0.890598940404193
"DAAM1",7.53087148985723e-09,1.66822937020469,5.06509273435991,0.0244123992462392,0.929511760198833
"NASP",7.51467187742768e-09,1.66762730417475,5.04332519046685,0.0247209940507576,0.929511760198833
"PLAC8",7.51123069761613e-09,1.66749924569624,5.03870728686639,0.0247869802719689,0.929511760198833
"RPL32",7.42356086251149e-09,1.66421700043646,4.92177181214183,0.0265203058139104,0.979785504639391
"RPS15",7.41081615292164e-09,1.66373666292841,4.90488700191298,0.0267808037934767,0.979785504639391
"PDLIM1",7.37606898984751e-09,1.66242290525898,4.85899965171864,0.0275022779548897,0.987645129430162
"EIF4B",7.35296895867447e-09,1.66154611983898,4.82861292816797,0.027991141690008,0.987645129430162
"CMAS",7.3269341119632e-09,1.66055466589946,4.79447987472809,0.0285510758791454,0.987645129430162
"PDLIM7",7.32363154974509e-09,1.66042864917616,4.79015869500888,0.0286227893500651,0.987645129430162
"RPS24",7.29635684737723e-09,1.65938576526785,4.75454607089883,0.0292209991653548,0.987645129430162
"PLEK",7.29090731778532e-09,1.65917693284665,4.74744653775951,0.0293418033908489,0.987645129430162
"LAT",7.28878380671033e-09,1.659095515548,4.74468150818089,0.0293889932191195,0.987645129430162
"FBL",7.27253284571872e-09,1.6584716606691,4.72354775545128,0.0297522975011796,0.987645129430162
"CD151",7.25382393102267e-09,1.6577517366363,4.69927594180475,0.0301753271752581,0.987645129430162
"RPLP0",7.22657552723477e-09,1.6566999157266,4.66403735067325,0.0308006852836976,0.987645129430162
"RPL9",7.21636342471764e-09,1.65630470459175,4.65086486699199,0.0310379057499545,0.987645129430162
"CDKN2D",7.21070135558882e-09,1.65608534231893,4.64356945072874,0.0311701064189867,0.987645129430162
"UHRF1",7.20620518368674e-09,1.65591102822383,4.63778033917887,0.0312754290986218,0.987645129430162
"PPP1R14A",7.18860234305127e-09,1.65522753831508,4.61515028742398,0.0316907180936788,0.990334940427463
"CCND3",7.17456580142249e-09,1.65468133360283,4.5971447001754,0.0320252507562543,0.990471672873845
"RPL30",7.1605970216889e-09,1.65413671443418,4.57926097336086,0.0323611689181384,0.990648028106278
"CD9",7.08964742574989e-09,1.65135416898613,4.48896483688286,0.0341143286982643,0.999999989686377
"RPS29",7.08193644388647e-09,1.65105009561524,4.47920539458405,0.0343096691190878,0.999999989686377
"THBS1",7.00519936949378e-09,1.64800607323809,4.38266148827881,0.0363062641644983,0.999999989686377
"RPS8",6.96855497811864e-09,1.64654079084411,4.33692976731789,0.0372941169936699,0.999999989686377
"RPS16",6.9660057767788e-09,1.64643857350035,4.33375732050874,0.0373636810408248,0.999999989686377
"RPL5",6.8762988465934e-09,1.6428177409915,4.22285737690992,0.0398829441691577,0.999999989686377
"LCN2",6.87082257383016e-09,1.64259519069194,4.21613390232283,0.0400412956254869,0.999999989686377
"PAICS",6.8442578912935e-09,1.64151313025405,4.18359522330058,0.040817026762688,0.999999989686377
"VASP",6.83767119844551e-09,1.64124419093414,4.17554678396825,0.0410113273255186,0.999999989686377
"LRPPRC",6.79398042003512e-09,1.6394537460483,4.12235614732923,0.0423200990783226,0.999999989686377
"TPM1",6.7903471103755e-09,1.63930434028553,4.11794818894713,0.0424305098369167,0.999999989686377
"RPL39",6.78937734154385e-09,1.63926444892385,4.11677205683646,0.0424600207988389,0.999999989686377
"TBXAS1",6.754048548808e-09,1.6378073427711,4.07403995445799,0.0435470056772613,0.999999989686377
"RPS4Y1",6.72103545921543e-09,1.63643890985234,4.03431031905053,0.0445838950275124,0.999999989686377
"TMSB4X",6.71078724867154e-09,1.63601275527253,4.02201669529061,0.0449099816601467,0.999999989686377
"PF4",6.68502915487208e-09,1.63493879706774,3.99120044202262,0.0457384667369406,0.999999989686377
"ACTB",6.66497003018128e-09,1.63409961057353,3.96728435390254,0.0463925347093907,0.999999989686377
"CD84",6.64269692604215e-09,1.63316486623891,3.94081279004428,0.0471280019085467,0.999999989686377
"MYL6",6.63607953424126e-09,1.63288655355821,3.93296510009059,0.0473483915722188,0.999999989686377
"RPSA",6.63414925772431e-09,1.63280531868812,3.9306774222494,0.0474128417247514,0.999999989686377
"PARVB",6.63314142263309e-09,1.63276289507632,3.92948324539918,0.0474465217113172,0.999999989686377
"SLAIN2",6.5746088070225e-09,1.63028802309302,3.86043960105705,0.0494373736812055,0.999999989686377
"ACTN1",6.55089282000991e-09,1.62927905029637,3.83263900921026,0.0502637343647451,0.999999989686377
"RPS12",6.54833947105052e-09,1.62917020508599,3.82965188732263,0.0503533896910928,0.999999989686377
"AC090498.1",6.50572220858029e-09,1.62734726925882,3.77996656204729,0.0518696972057795,0.999999989686377
"MYB",6.50205429357363e-09,1.62718982358245,3.77570548626954,0.0520019671727658,0.999999989686377
"ACTR3",6.45291429992621e-09,1.62507196172467,3.71885052235959,0.0538013972270567,0.999999989686377
"TACC1",6.43746255291573e-09,1.62440271339496,3.70106198948092,0.0543778471061352,0.999999989686377
"EEF2",6.42794933425235e-09,1.62398988405878,3.69013128629216,0.0547353077423598,0.999999989686377
"IFI27L2",6.40136794366271e-09,1.62283316141154,3.65967491414815,0.0557445086525291,0.999999989686377
"FNBP1",6.38294650602905e-09,1.62202873639012,3.63864207540924,0.0564529606753225,0.999999989686377
"LRRFIP2",6.37147576926456e-09,1.62152667172249,3.62557588349387,0.0568978772579204,0.999999989686377
"VIM",6.34795357191146e-09,1.62049431966296,3.59885551493125,0.0578193632978992,0.999999989686377
"RPL23A",6.34674913352234e-09,1.62044135689491,3.59748997610866,0.0578668792946173,0.999999989686377
"PPBP",6.33367832475265e-09,1.61986595346509,3.58268753702729,0.0583846228018955,0.999999989686377
"HMGA1",6.31329779068788e-09,1.61896641140061,3.55966786209995,0.0591995830794818,0.999999989686377
"FLNA",6.30691476955494e-09,1.61868409072546,3.55247353996946,0.0594567554050403,0.999999989686377
"ZYX",6.29913536278535e-09,1.61833962528345,3.54371518711212,0.0597714408432389,0.999999989686377
"APBB1IP",6.26627321615155e-09,1.6168798553808,3.50683700780025,0.0611160315936558,0.999999989686377
"RTN4",6.24182781107019e-09,1.61578904152508,3.47952928118492,0.0621324113037665,0.999999989686377
"PRDX2",6.23791810679948e-09,1.61561418873917,3.47517168903601,0.0622962571763754,0.999999989686377
"RPS13",6.22553846046793e-09,1.61505982020392,3.46139186505678,0.0628174162442944,0.999999989686377
"GLTSCR2",6.21694978591136e-09,1.61467457223796,3.45184786762973,0.0631810966103767,0.999999989686377
"FERMT3",6.21138977581673e-09,1.61442489501172,3.44567644031807,0.0634174572688529,0.999999989686377
"FAM26F",6.20032286419513e-09,1.61392726627022,3.43340896814331,0.0638900954860024,0.999999989686377
"LTBP1",6.16360918833896e-09,1.61227009894355,3.39286918636254,0.0654789145876346,0.999999989686377
"HINT1",6.15364099930569e-09,1.61181847184157,3.38190372381734,0.0659158769521843,0.999999989686377
"ITGA2B",6.14641099237152e-09,1.61149044971347,3.37396149145779,0.0662343105968345,0.999999989686377
"HSPD1",6.13858243590386e-09,1.61113484065247,3.36537227505665,0.0665805343652425,0.999999989686377
"GATA1",6.12383073728126e-09,1.61046352883117,3.34921697963276,0.0672369896896775,0.999999989686377
"STOM",6.1046640141868e-09,1.60958890525781,3.32828463879049,0.0680978625906094,0.999999989686377
"TAOK1",6.10285249017781e-09,1.60950610050326,3.32630963314148,0.0681796938537604,0.999999989686377
"SNCA",6.05448327487082e-09,1.60728609793102,3.27379209240845,0.0703947292294183,0.999999989686377
"RPL38",6.02653439640537e-09,1.60599531015963,3.24363671053961,0.0717013173574749,0.999999989686377
"PSTPIP2",6.0158576462379e-09,1.60550065137855,3.232153884913,0.0722056633105958,0.999999989686377
"RPL41",5.9823329381292e-09,1.60394176784942,3.19623046381718,0.073808207592052,0.999999989686377
"TNFSF13B",5.97991497253395e-09,1.60382899940551,3.19364725304252,0.0739249064305105,0.999999989686377
"ARHGEF6",5.96793768609404e-09,1.60326973941656,3.18086683022579,0.0745051951004475,0.999999989686377
"DGKD",5.96289064999322e-09,1.60303374340152,3.17548903902853,0.0747508314190758,0.999999989686377
"RAP1B",5.9591618495924e-09,1.60285926014762,3.1715187959777,0.0749327345433591,0.999999989686377
"RPS15A",5.94093192324953e-09,1.60200466094845,3.15214421916347,0.0758272610690029,0.999999989686377
"RPL17",5.89757637636431e-09,1.59996172543342,3.10630485557754,0.0779897121959237,0.999999989686377
"RPL35",5.88998446148971e-09,1.59960246139061,3.09831254770939,0.078373492387517,0.999999989686377
"AHCY",5.8814777972908e-09,1.59919936461991,3.08936947767878,0.0788053388541436,0.999999989686377
"RCN1",5.85504785157747e-09,1.59794326266891,3.06166609819813,0.0801594375633874,0.999999989686377
"GNB2L1",5.77390727001181e-09,1.59405163050884,2.97739556567102,0.0844350394316241,0.999999989686377
"WDR1",5.77354622318569e-09,1.59403419341302,2.97702321968097,0.0844544688255065,0.999999989686377
"RPS2",5.70549087126989e-09,1.59072796504567,2.90725387061782,0.0881819077210917,0.999999989686377
"GP1BA",5.70404177936073e-09,1.59065714231188,2.90577727792518,0.0882626949359148,0.999999989686377
"RPL27A",5.69861079348696e-09,1.59039155042794,2.90024656020963,0.0885660047085948,0.999999989686377
"CMTM5",5.63006033290557e-09,1.58701750972297,2.83089020308938,0.0924670912447343,0.999999989686377
"PRDX1",5.56871450640794e-09,1.58396341612938,2.76953484959846,0.0960740760831904,0.999999989686377
"RCSD1",5.54192579292334e-09,1.58261928139589,2.74295283618455,0.0976841104745362,0.999999989686377
"ILK",5.53792203117299e-09,1.58241783867005,2.73899097778316,0.0979265829170498,0.999999989686377
"RPS7",5.46349122492629e-09,1.578646487028,2.66586054730691,0.102522361006355,0.999999989686377
"RPL6",5.46014911778504e-09,1.57847595403925,2.66260004367125,0.102732680108942,0.999999989686377
"MMRN1",5.44842861306656e-09,1.57787709064991,2.65118148277465,0.103472965833224,0.999999989686377
"NPDC1",5.44005852608245e-09,1.5774486369327,2.64304204435977,0.104004224474087,0.999999989686377
"RPL13A",5.38574568233214e-09,1.57465247533693,2.59052991387425,0.107504362908819,0.999999989686377
"PROS1",5.38010371611966e-09,1.57436041379062,2.58510521408149,0.107873240096583,0.999999989686377
"CMTM6",5.30420024223061e-09,1.57040144824951,2.51267749385998,0.112933907618698,0.999999989686377
"MCM7",5.26334413065786e-09,1.56824719667253,2.47411829174784,0.115734327837762,0.999999989686377
"RPL22",5.25160319445598e-09,1.56762506050382,2.46309257687575,0.116549109770018,0.999999989686377
"MAT2A",5.24362820587616e-09,1.56720169095234,2.45561744229611,0.117105112467593,0.999999989686377
"EBNA1BP2",5.21817387645554e-09,1.56584611572865,2.43183452707517,0.118893684697664,0.999999989686377
"NACA",5.21775197809696e-09,1.56582359234144,2.43144130693986,0.118923509178855,0.999999989686377
"RPL4",5.18802801419996e-09,1.56423219904228,2.40381783315534,0.121039530149316,0.999999989686377
"FYB",5.1186620953723e-09,1.56048302100549,2.33996762911753,0.12609217416892,0.999999989686377
"RPL18",5.11387966136856e-09,1.56022268347382,2.33559714608119,0.126446493360077,0.999999989686377
"PF4V1",5.10617550383108e-09,1.55980279110733,2.32856520339194,0.127018905852022,0.999999989686377
"GNB5",5.0987981439921e-09,1.55940012162377,2.32184148086961,0.127568925726417,0.999999989686377
"RPL35A",5.08156005549362e-09,1.55845698302175,2.30616859060684,0.128861334489307,0.999999989686377
"MGST1",5.06145774503971e-09,1.5573531269816,2.28795858451058,0.130381308937148,0.999999989686377
"OCIAD2",5.05249260610276e-09,1.55685943402303,2.27986064050395,0.131063649886304,0.999999989686377
"RPL19",4.998168972812e-09,1.55384925967924,2.23109876666829,0.135257630652574,0.999999989686377
"BCL11A",4.97160789898959e-09,1.55236565088137,2.20744893819101,0.137345627174173,0.999999989686377
"RPL8",4.9570361094546e-09,1.55154838478573,2.19452783017573,0.138501644390308,0.999999989686377
"HSP90AB1",4.9272899378129e-09,1.54987264691385,2.16826901840763,0.140884737083018,0.999999989686377
"DIAPH1",4.90369474498892e-09,1.54853628347501,2.14755246623797,0.142797369151939,0.999999989686377
"GP6",4.89170364307578e-09,1.54785470056625,2.13706240253197,0.143776977400525,0.999999989686377
"PGF",4.88121710371314e-09,1.54725728094926,2.12790961257675,0.144637887887745,0.999999989686377
"MYH9",4.82962413871124e-09,1.54429939478679,2.08316463766109,0.148931127184659,0.999999989686377
"RAB27B",4.82828389114114e-09,1.5442221406042,2.08200861852922,0.149043936671941,0.999999989686377
"AIF1",4.81076854843529e-09,1.54321056975146,2.0669304042847,0.150524216611746,0.999999989686377
"LTA4H",4.80069424200809e-09,1.54262709119027,2.05828268520393,0.151380692276702,0.999999989686377
"SYTL1",4.77316938536368e-09,1.54102671881217,2.03474795465211,0.15373966755893,0.999999989686377
"SELP",4.73255059326801e-09,1.53864826031369,2.00026464446824,0.157271745799904,0.999999989686377
"ESAM",4.72904888677052e-09,1.53844227039645,1.99730566991934,0.157579098947065,0.999999989686377
"RPS20",4.70712971185039e-09,1.53714942115359,1.97883352690309,0.159513346233388,0.999999989686377
"RPLP2",4.70414739855312e-09,1.53697305619676,1.97632684772337,0.159777901106702,0.999999989686377
"RPL28",4.70144840562557e-09,1.53681335050287,1.97405967302766,0.160017609119643,0.999999989686377
"HNRNPA1",4.67008964244441e-09,1.53495109686062,1.9478134553847,0.162822666702154,0.999999989686377
"SLC25A6",4.65408619890729e-09,1.53399594909578,1.93448681051379,0.164268400063738,0.999999989686377
"RPL37A",4.65165748824416e-09,1.53385071009329,1.93246833356702,0.164488649609902,0.999999989686377
"TLN1",4.62571217287384e-09,1.53229445607172,1.91097119067053,0.166855417134557,0.999999989686377
"PEBP1",4.61860602543991e-09,1.53186670690138,1.90510432658408,0.167508093555097,0.999999989686377
"GUCY1B3",4.61340511969554e-09,1.53155322918047,1.90081615424588,0.167986993859699,0.999999989686377
"EIF3L",4.52712400163171e-09,1.52630107080941,1.83038188250105,0.176082446089399,0.999999989686377
"SYPL1",4.47291500620404e-09,1.52295029413699,1.786809362421,0.18131539412638,0.999999989686377
"GNA15",4.46260239565907e-09,1.52230829984578,1.77857963881739,0.182323835372006,0.999999989686377
"COL1A2",4.4204592551797e-09,1.51966939398573,1.74514578034147,0.186488140965521,0.999999989686377
"HELLS",4.41304692430376e-09,1.5192026766538,1.73929808359963,0.187227788764697,0.999999989686377
"PDIA6",4.39498926613831e-09,1.51806242021813,1.72509320764333,0.18903875525534,0.999999989686377
"CTSW",4.37079313159455e-09,1.51652725514029,1.70615086867314,0.191485538171583,0.999999989686377
"TREML1",4.36666059604613e-09,1.5162642184327,1.70292610112583,0.191905751087096,0.999999989686377
"LSP1",4.35045727475452e-09,1.51523049084507,1.69031148933681,0.193559913114787,0.999999989686377
"RPS11",4.34794934407403e-09,1.5150701511763,1.6883632057961,0.193816875258755,0.999999989686377
"STX11",4.31478506989269e-09,1.51294120407944,1.66270522802856,0.197238464906093,0.999999989686377
"EPB41L4A-AS1",4.29249882870276e-09,1.51150144104048,1.64557355086453,0.1995624668136,0.999999989686377
"RPS4X",4.27897388363227e-09,1.51062407330609,1.6352200342547,0.200982562060811,0.999999989686377
"RPS27",4.25857822505822e-09,1.50929579468559,1.61966868666885,0.203137990677519,0.999999989686377
"RRBP1",4.23198472054559e-09,1.50755438684424,1.59950318705126,0.205973630575602,0.999999989686377
"SPI1",4.22816796709858e-09,1.50730356789397,1.59661935984023,0.206382955433891,0.999999989686377
"RPS27A",4.22223194496578e-09,1.50691303491265,1.59213944558717,0.207020732874356,0.999999989686377
"MRPS26",4.22090738698688e-09,1.50682581760406,1.59114066094211,0.207163240880056,0.999999989686377
"MRPL52",4.22013264417355e-09,1.50677479105746,1.59055661038311,0.207246627754018,0.999999989686377
"MPO",4.20025746178604e-09,1.50546258017207,1.57561008435648,0.209394160300486,0.999999989686377
"RPL24",4.15850681497358e-09,1.50268595864976,1.54444256672842,0.213957747462192,0.999999989686377
"PPA1",4.15408030220194e-09,1.50238995745269,1.54115636016182,0.214445765317847,0.999999989686377
"HLA-DPA1",4.15145609753413e-09,1.50221432924949,1.53920982471247,0.214735459490556,0.999999989686377
"TPM4",4.14817130739195e-09,1.50199433557826,1.53677502550093,0.215098475187083,0.999999989686377
"ARHGAP6",4.14443287952944e-09,1.50174375030214,1.53400631932677,0.215512162080587,0.999999989686377
"TPT1",4.11778473343804e-09,1.49995102665328,1.51434283131731,0.218477602936044,0.999999989686377
"RSL24D1",4.09187667791065e-09,1.49819704621816,1.49534705736374,0.2213886834603,0.999999989686377
"TKT",4.074819620866e-09,1.49703626797697,1.48290628238053,0.223320360510135,0.999999989686377
"RPN1",4.07160582562784e-09,1.4968170221813,1.4805680793558,0.223685662170147,0.999999989686377
"MYL9",4.05237463233929e-09,1.49550147537711,1.46661493682171,0.225880540769913,0.999999989686377
"MYADM",4.04743095730162e-09,1.49516229512407,1.4630387397897,0.226447243717252,0.999999989686377
"C1QBP",4.02868460447226e-09,1.49387239084571,1.44951750858222,0.228605388110428,0.999999989686377
"RPS17",3.99632418747071e-09,1.49163168025724,1.42632452855688,0.232365215186134,0.999999989686377
"SBDS",3.99492400477521e-09,1.49153432338363,1.42532522771583,0.232528881500984,0.999999989686377
"ACAP1",3.96175337394002e-09,1.48921798427036,1.40175398891936,0.236430116396784,0.999999989686377
"LGALSL",3.96127071194004e-09,1.48918413795577,1.40141245722553,0.236487222392038,0.999999989686377
"GP9",3.955918117223e-09,1.4888085172933,1.39762774997623,0.237121166711586,0.999999989686377
"SELK",3.94668532998212e-09,1.488159418401,1.3911114668586,0.238217489161574,0.999999989686377
"PPIB",3.92380169354903e-09,1.48654411179541,1.37502637393499,0.240950156886966,0.999999989686377
"PDCD5",3.90946279412622e-09,1.48552720013199,1.364995112785,0.242673657374595,0.999999989686377
"CKLF",3.90096099034564e-09,1.48492250889407,1.35906473167324,0.243699637518224,0.999999989686377
"ABRACL",3.89671525966755e-09,1.48462004244251,1.35610798191878,0.244213142821618,0.999999989686377
"VIMP",3.89341949649891e-09,1.48438502679881,1.35381501444589,0.244612276550372,0.999999989686377
"PSMA6",3.89285720526937e-09,1.48434491103699,1.35342400426044,0.244680418584685,0.999999989686377
"PPIF",3.88658889414664e-09,1.48389731965871,1.34906892415123,0.245440954697773,0.999999989686377
"BTF3",3.87229799620174e-09,1.48287419434844,1.33916617298661,0.247181068812372,0.999999989686377
"CD63",3.86445426087571e-09,1.48231104937131,1.33374643178891,0.248139815748448,0.999999989686377
"PCBD1",3.85957649122311e-09,1.48196027647896,1.33038160890247,0.248737340519363,0.999999989686377
"CITED2",3.85918770063399e-09,1.48193229867134,1.33011359307284,0.24878501046689,0.999999989686377
"CDK2AP2",3.8489795266436e-09,1.48119670679919,1.32308616968955,0.250038929934808,0.999999989686377
"NAA38",3.83358268620026e-09,1.48008356275386,1.31252201814098,0.251938537465354,0.999999989686377
"SNRPE",3.80855437584562e-09,1.4782646135363,1.29543983861146,0.255047872647546,0.999999989686377
"FAM162A",3.80352548598264e-09,1.47789770817802,1.29202104890218,0.255675830922667,0.999999989686377
"MCM3",3.79530056502788e-09,1.47729658562141,1.28643923743514,0.256705192253133,0.999999989686377
"CD226",3.79276519066503e-09,1.47711102642109,1.28472105170456,0.257023077573135,0.999999989686377
"PTMS",3.79251288634459e-09,1.47709255403271,1.28455013161102,0.257054726438054,0.999999989686377
"SEC11C",3.77894876701657e-09,1.47609766584018,1.27537804268635,0.258760182096545,0.999999989686377
"AKR7A2",3.76773109304348e-09,1.47527220800571,1.26781745301895,0.26017652386153,0.999999989686377
"UROD",3.7449997503788e-09,1.47359202473552,1.25256569710495,0.263063008250383,0.999999989686377
"C6orf25",3.7313339370529e-09,1.47257705226577,1.24344094470951,0.264808928941165,0.999999989686377
"HSPA5",3.72991927058526e-09,1.47247177357219,1.2424982680249,0.26499011933736,0.999999989686377
"HSP90B1",3.721613892084e-09,1.47185289349536,1.2369711085471,0.266055594545342,0.999999989686377
"CYTL1",3.70560354936408e-09,1.47065600559271,1.22635112864279,0.268117832041199,0.999999989686377
"MYLK",3.68857962096823e-09,1.46937771591739,1.21510904230063,0.270322644466753,0.999999989686377
"PAFAH1B3",3.68515496244572e-09,1.46911986023257,1.21285375589141,0.270767678422686,0.999999989686377
"HIGD2A",3.68307060840915e-09,1.46896280506007,1.21148214372634,0.271038785658953,0.999999989686377
"PROM1",3.65685639074981e-09,1.46698002789378,1.19429809207602,0.274464291506085,0.999999989686377
"DHX29",3.63551837638651e-09,1.46535565805099,1.18040112877893,0.277274348845904,0.999999989686377
"MCM4",3.61855485950714e-09,1.46405755096825,1.16941120301487,0.279522255458148,0.999999989686377
"RIN3",3.59379717339344e-09,1.46215215377365,1.15346402300265,0.282825180641257,0.999999989686377
"MZB1",3.59167417241141e-09,1.46198815922273,1.15210163006203,0.283109636663814,0.999999989686377
"PRKAR2B",3.59053881003003e-09,1.46190041698124,1.15137336461057,0.283261840785211,0.999999989686377
"DNAJC3",3.58511841368713e-09,1.46148114294347,1.14789968582857,0.283989250871905,0.999999989686377
"IL2RG",3.56949969050707e-09,1.46026949760549,1.13791972325578,0.28609232995085,0.999999989686377
"PABPC4",3.56796627155344e-09,1.46015025756511,1.13694225692955,0.28629937238408,0.999999989686377
"RPLP1",3.55190736653782e-09,1.45889844596562,1.12673086035384,0.288473727998151,0.999999989686377
"LIMS1",3.5502669778813e-09,1.45877026037224,1.12569037729284,0.288696459562719,0.999999989686377
"TROVE2",3.53531996713577e-09,1.45759954110224,1.11623177193039,0.290731300163162,0.999999989686377
"DCXR",3.5177070916815e-09,1.45621371353055,1.10513739947282,0.293141417881873,0.999999989686377
"EMB",3.50899834674658e-09,1.45552594645476,1.09967222228553,0.294338049058076,0.999999989686377
"RPL21",3.50459259095366e-09,1.45517736099846,1.09691254829121,0.294944670674909,0.999999989686377
"MFF",3.50062498720271e-09,1.45486307087425,1.09443029069348,0.295491680177022,0.999999989686377
"PLP2",3.48561466067423e-09,1.45367084223198,1.08506479978472,0.297567282353493,0.999999989686377
"NCL",3.4825791327131e-09,1.45342912086998,1.08317571527988,0.297988211584684,0.999999989686377
"ARHGAP18",3.4798749190097e-09,1.45321360656875,1.08149420208716,0.298363533151727,0.999999989686377
"CAMTA1",3.47723066884758e-09,1.45300271072025,1.07985123803188,0.298730837441283,0.999999989686377
"PLIN3",3.47557278560563e-09,1.45287040294308,1.07882177484258,0.298961282572165,0.999999989686377
"DCTN3",3.39865337678584e-09,1.44666211370945,1.0315984368772,0.309783536306238,0.999999989686377
"PFN1",3.38937265788962e-09,1.44590366626385,1.02597214775803,0.311106575401826,0.999999989686377
"COX17",3.37856172261935e-09,1.44501756835349,1.01943758799781,0.31265245200065,0.999999989686377
"DSTN",3.3746135878044e-09,1.44469326702428,1.01705638223117,0.313218262564806,0.999999989686377
"STMN1",3.34575044175702e-09,1.44231096370759,0.999732971867959,0.317375129481386,0.999999989686377
"SEC61B",3.34097183224434e-09,1.44191458522546,0.996879249254904,0.318066818310425,0.999999989686377
"IFITM1",3.3368271848014e-09,1.44157033816574,0.994407423428537,0.318667542332395,0.999999989686377
"DTD1",3.33556548850637e-09,1.44146545986322,0.993655569709536,0.318850559640763,0.999999989686377
"PAPSS1",3.33295740818803e-09,1.44124853904774,0.992102297628496,0.319229096870059,0.999999989686377
"TC2N",3.32768190926889e-09,1.44080924789143,0.988964128232442,0.319995682447177,0.999999989686377
"LMAN1",3.3144075695743e-09,1.43970083542975,0.981089780728346,0.321929904885706,0.999999989686377
"LSM1",3.30957618461056e-09,1.4392963217444,0.978231612220586,0.322635782913801,0.999999989686377
"CLNS1A",3.30684150398087e-09,1.43906709804626,0.97661566766307,0.323035774014683,0.999999989686377
"KIF5B",3.29890109916405e-09,1.43840046018814,0.971931189497969,0.324199017651694,0.999999989686377
"FAM96B",3.28511307447947e-09,1.43723910151492,0.963823637604846,0.326225391535193,0.999999989686377
"MYDGF",3.27626916409843e-09,1.4364916401812,0.958641169959502,0.327529471636965,0.999999989686377
"TSPAN32",3.27377957619827e-09,1.43628086721086,0.957184809349995,0.327897183682513,0.999999989686377
"LCP2",3.26431045508621e-09,1.43547774230905,0.95165567050755,0.329298218418607,0.999999989686377
"PABPC1",3.23445368566834e-09,1.43293025024825,0.934326789591669,0.333741129641506,0.999999989686377
"SDF2L1",3.23195018370604e-09,1.43271558525785,0.932880991359022,0.334115418571221,0.999999989686377
"SFT2D1",3.22234870291857e-09,1.43189076863718,0.927346417113039,0.335553407540039,0.999999989686377
"ARPC1A",3.20499041727799e-09,1.43039340803168,0.917382388334882,0.338163211548499,0.999999989686377
"FKBP2",3.19376752008575e-09,1.42942101885932,0.910968851497069,0.339857484546662,0.999999989686377
"ATP6V0D1",3.18468038622494e-09,1.42863119771887,0.90579231993563,0.341233310511127,0.999999989686377
"VPS13A",3.18223368019526e-09,1.42841815754457,0.904401061827925,0.341604359366745,0.999999989686377
"DYNLT1",3.18144747237623e-09,1.4283496662421,0.903954231443006,0.341723644468569,0.999999989686377
"S100A4",3.17706878021229e-09,1.4279679051698,0.901467681838855,0.342388476347187,0.999999989686377
"MEF2C",3.1757753778743e-09,1.42785503881162,0.90073384624795,0.342585016201645,0.999999989686377
"CHD1L",3.15350741928317e-09,1.42590469766831,0.888146567974727,0.345980065045018,0.999999989686377
"MRPL41",3.14426863227692e-09,1.42509151284037,0.882950209594323,0.34739491207965,0.999999989686377
"TMEM167A",3.13886604533115e-09,1.42461488807837,0.879918587514763,0.348223978601406,0.999999989686377
"MLEC",3.13045985645195e-09,1.42387166345619,0.87521188317371,0.349516468412968,0.999999989686377
"YIF1B",3.12673727897429e-09,1.42354190413932,0.873131609318198,0.350089803277885,0.999999989686377
"GFI1B",3.12421471719139e-09,1.42331822553364,0.871723342639962,0.350478656003449,0.999999989686377
"ARF3",3.12221884349925e-09,1.42314112226557,0.870609914722257,0.350786513807845,0.999999989686377
"PSMD6",3.12117766667556e-09,1.42304868925533,0.870029361102431,0.350947180374997,0.999999989686377
"HCST",3.10603250795505e-09,1.42170067842541,0.861606409977835,0.353289539343064,0.999999989686377
"PRDX4",3.0973697888822e-09,1.42092671552676,0.856807074540204,0.354633754318172,0.999999989686377
"SYK",3.09137592999121e-09,1.4203899442031,0.853494191671652,0.355565723614951,0.999999989686377
"NDUFB3",3.0893377252291e-09,1.42020718096049,0.852369111778153,0.355882990395443,0.999999989686377
"EPS15",3.06707970874291e-09,1.41820352666119,0.840131083656271,0.359359283524745,0.999999989686377
"SLC50A1",3.06348758119807e-09,1.41787881688078,0.838164332835648,0.359922300803826,0.999999989686377
"PDIA3",3.05393807570239e-09,1.41701375447771,0.832947024412955,0.361421748136388,0.999999989686377
"DNM1L",3.0224167363422e-09,1.41413919700117,0.815841172195129,0.366398922085448,0.999999989686377
"SEPW1",3.00369162455591e-09,1.41241749341876,0.805763545109039,0.369375731578715,0.999999989686377
"GNAI2",3.00349364661237e-09,1.41239923338258,0.805657330375731,0.36940728507845,0.999999989686377
"TCEB1",3.00133308140239e-09,1.41219988116959,0.804498646971697,0.369751742432473,0.999999989686377
"PIP4K2A",2.98877383020923e-09,1.41103823657961,0.797779792288565,0.371758005206459,0.999999989686377
"ANGPT1",2.97739343078415e-09,1.40998144665339,0.791715922634314,0.373581772028833,0.999999989686377
"NDUFAF3",2.97695577419123e-09,1.4099407258235,0.791483186024412,0.373652019119474,0.999999989686377
"SSR4",2.9614998660788e-09,1.40849885019039,0.783285996591394,0.376138045523817,0.999999989686377
"PTTG1IP",2.9590218777897e-09,1.40826698691224,0.781975740589491,0.37653756841584,0.999999989686377
"RBM6",2.95879976208983e-09,1.40824619434665,0.781858348709886,0.376573392628447,0.999999989686377
"PLD3",2.9555282419588e-09,1.40793976358439,0.780130316110299,0.377101287455158,0.999999989686377
"ATP8A1",2.94149728444863e-09,1.40662171779019,0.772740778823358,0.379370503685974,0.999999989686377
"CAP1",2.93562897483997e-09,1.40606861119588,0.769660606831682,0.380322066793247,0.999999989686377
"PDIA4",2.9313476480869e-09,1.40566439168264,0.767417294931529,0.381017220542262,0.999999989686377
"COX7A2",2.93067851119634e-09,1.40560116262113,0.767066979189317,0.381125937924842,0.999999989686377
"GSPT1",2.92460392278895e-09,1.40502649904625,0.763890385760543,0.382113771909868,0.999999989686377
"HERPUD1",2.92349337605789e-09,1.4049213122025,0.763310358566584,0.382294535789984,0.999999989686377
"SPCS2",2.91130120894876e-09,1.40376390753848,0.756956999428,0.384282502757825,0.999999989686377
"HHEX",2.91045072374758e-09,1.40368299187309,0.756514800806032,0.384421412330987,0.999999989686377
"TMEM165",2.9023208405156e-09,1.4029083264685,0.752294295101134,0.385750814127581,0.999999989686377
"SNRPN",2.90039924940234e-09,1.40272491153942,0.751298455182857,0.386065443319413,0.999999989686377
"PNPLA2",2.89421467257428e-09,1.40213377898754,0.748097855026291,0.387079130135904,0.999999989686377
"CDC42EP3",2.89099815482073e-09,1.40182584414822,0.746435965231206,0.387606976550949,0.999999989686377
"CORO1B",2.87436020330885e-09,1.40022756747734,0.737869077234498,0.390344344853683,0.999999989686377
"PBX1",2.87380637054071e-09,1.40017420775673,0.737584758864726,0.390435666095716,0.999999989686377
"DNAJC15",2.86138524827652e-09,1.39897479685556,0.731222582600029,0.392487188730477,0.999999989686377
"CLIC4",2.86079353819044e-09,1.39891753148246,0.730920192671137,0.392585080767166,0.999999989686377
"POLR2L",2.86024082093018e-09,1.3988640292201,0.7306377862867,0.392676535231919,0.999999989686377
"MRPL27",2.84925648024709e-09,1.39779863202569,0.725036744742352,0.394496718833562,0.999999989686377
"TAGLN2",2.83710789423643e-09,1.39661556609576,0.718867139942606,0.39651575935416,0.999999989686377
"RALB",2.83381282275785e-09,1.39629381744169,0.717198297473183,0.397064458885501,0.999999989686377
"TOP1",2.82848115500762e-09,1.39577241915594,0.714502095518518,0.397953264589297,0.999999989686377
"ERP44",2.82750249087806e-09,1.39567660724758,0.714007740732104,0.398116541101755,0.999999989686377
"DBNL",2.80706947944319e-09,1.39366866695456,0.703725441550837,0.401534716205628,0.999999989686377
"ATP2A3",2.80165736666468e-09,1.39313439771986,0.701014450678618,0.402443033943441,0.999999989686377
"DYNLL1",2.7617281566123e-09,1.38916082553646,0.681175129780677,0.409182365928232,0.999999989686377
"DHRS7",2.76084811608918e-09,1.38907260876814,0.680741078221213,0.409331653284003,0.999999989686377
"NUDT3",2.75915547920311e-09,1.38890285765902,0.679906628662873,0.409618878054336,0.999999989686377
"UHMK1",2.75906587184677e-09,1.3888938682465,0.679862467580467,0.409634086930937,0.999999989686377
"P4HB",2.75903056457497e-09,1.38889032614061,0.679845067535338,0.409640079655488,0.999999989686377
"NDUFS8",2.7467314502515e-09,1.38765371244727,0.673797395918648,0.411730786567538,0.999999989686377
"CDK2AP1",2.74533957311799e-09,1.38751342110287,0.673114689520939,0.411967787640523,0.999999989686377
"C1orf43",2.73314160526679e-09,1.38628093122954,0.667146472786362,0.414048248956912,0.999999989686377
"UQCC2",2.7260019560347e-09,1.38555700789693,0.663665518510887,0.415268852270063,0.999999989686377
"CFL1",2.72165468719279e-09,1.38511529744522,0.661550456265043,0.416013107009357,0.999999989686377
"GPAA1",2.71171274086949e-09,1.38410250089854,0.656726121717592,0.417718130250781,0.999999989686377
"PTPN11",2.70986914532155e-09,1.38391428790559,0.655833456526568,0.418034754990014,0.999999989686377
"RAB14",2.69642420244367e-09,1.38253784590789,0.649341800554616,0.420348101336031,0.999999989686377
"TESC",2.69415781399259e-09,1.38230515268097,0.648250694578908,0.420738796990419,0.999999989686377
"MTDH",2.69128319593002e-09,1.38200973274726,0.646868088853424,0.421234650025158,0.999999989686377
"SEPT7",2.68985018387432e-09,1.38186234767542,0.646179404004461,0.421481963358182,0.999999989686377
"FAM127A",2.68245827597174e-09,1.38110085427885,0.642632785991915,0.422759032175088,0.999999989686377
"FXYD5",2.68131657084577e-09,1.380983053877,0.642085868998091,0.422956481624107,0.999999989686377
"HEMGN",2.67963375916175e-09,1.38080933187989,0.641280167391041,0.423247609880404,0.999999989686377
"NDUFA4",2.67578970662808e-09,1.38041209263252,0.639441597858085,0.423913075010566,0.999999989686377
"CYB5R3",2.67267286481676e-09,1.38008958739331,0.637952783152559,0.424453097684825,0.999999989686377
"EAF2",2.6713088686012e-09,1.37994833510514,0.637301792042222,0.42468954952181,0.999999989686377
"UBE2C",2.65574427217057e-09,1.37833142624216,0.629896847311376,0.427393153499791,0.999999989686377
"TSPO",2.65242826512423e-09,1.3779857348838,0.62832482971423,0.42797044389775,0.999999989686377
"NRIP1",2.64345871409221e-09,1.37704851739035,0.624082481224373,0.429534243779173,0.999999989686377
"ZNF580",2.64267619780604e-09,1.37696660396014,0.623713054290241,0.429670829165106,0.999999989686377
"CHMP2A",2.64109625355798e-09,1.37680114294179,0.622967493953046,0.429946679602792,0.999999989686377
"SERPINE2",2.63835061442135e-09,1.37651337027886,0.621672914207528,0.430426299176435,0.999999989686377
"BID",2.6364058815299e-09,1.37630936182559,0.620756779571084,0.430766200934478,0.999999989686377
"S100A6",2.62153198459596e-09,1.3747440993439,0.613772250244738,0.433371016284888,0.999999989686377
"BLVRA",2.61756961766411e-09,1.37432563441532,0.611918255754705,0.434066465828384,0.999999989686377
"ARF4",2.61543778171684e-09,1.37410023202847,0.610921928392353,0.434440898847342,0.999999989686377
"ACTG1",2.59890377250842e-09,1.37234586420247,0.603222214671764,0.437351239508024,0.999999989686377
"C12orf75",2.59878285654449e-09,1.37233299356188,0.603166085237848,0.43737256456609,0.999999989686377
"FHL1",2.59623961827375e-09,1.37206214655692,0.601986114034432,0.437821235427253,0.999999989686377
"SEC61G",2.58177757353133e-09,1.37051697233107,0.595298208709125,0.440377616602762,0.999999989686377
"FLOT1",2.5672839242984e-09,1.36895980046265,0.588633168816942,0.442948151095311,0.999999989686377
"SRPK2",2.56087621323303e-09,1.36826859106588,0.585698484260412,0.444087325394281,0.999999989686377
"NCOR1",2.55500628946516e-09,1.36763388925723,0.583016538748092,0.445132357201373,0.999999989686377
"RHOA",2.54646377817204e-09,1.36670762266069,0.579124493934659,0.44665569609979,0.999999989686377
"PLXDC2",2.5445043198193e-09,1.36649472440261,0.578233584946357,0.447005533326668,0.999999989686377
"CAPNS1",2.53517416739531e-09,1.3654787570111,0.574000842031572,0.448673453890486,0.999999989686377
"SEC62",2.53258882295011e-09,1.36519658189103,0.572830718709254,0.449136251717164,0.999999989686377
"SCAMP2",2.53009637299878e-09,1.36492427554393,0.571703769618846,0.449582676960892,0.999999989686377
"BCAP29",2.5292243935028e-09,1.36482894690799,0.571309770350218,0.449738917483562,0.999999989686377
"UBE2J1",2.52175547462552e-09,1.36401107637675,0.567940543076067,0.451078452183562,0.999999989686377
"KRTCAP2",2.51919648413627e-09,1.36373030705412,0.56678847495858,0.451537920518465,0.999999989686377
"BEX4",2.51715140655232e-09,1.36350572056705,0.565868613467606,0.451905305712874,0.999999989686377
"RNH1",2.51696664862103e-09,1.3634854219102,0.565785547445264,0.451938504623024,0.999999989686377
"VPS28",2.51138081595504e-09,1.36287103007204,0.56327707041002,0.452942866361977,0.999999989686377
"YIPF3",2.49981495526347e-09,1.36159457623349,0.558100808362836,0.455026469389099,0.999999989686377
"COA3",2.49959061047363e-09,1.36156975889837,0.558000639836379,0.455066938656117,0.999999989686377
"ACTN4",2.49166620463749e-09,1.36069173247223,0.554468209929054,0.456497711613992,0.999999989686377
"DYNLRB1",2.48909693028804e-09,1.36040646259484,0.55332532291597,0.456962143339703,0.999999989686377
"OSGEP",2.48163380514809e-09,1.35957616586527,0.550012197397098,0.458312710326612,0.999999989686377
"ACTR2",2.46869439546899e-09,1.35813073912674,0.544291547310324,0.460659591810411,0.999999989686377
"TIMP1",2.4643154950197e-09,1.35763988482371,0.542362361824319,0.461455332795123,0.999999989686377
"LINC00116",2.46417155355221e-09,1.35762373500233,0.542299004551741,0.461481503103484,0.999999989686377
"ISCA1",2.46337489539834e-09,1.35753433534184,0.541948414442231,0.461626360229911,0.999999989686377
"CHST12",2.45929143102939e-09,1.35707564589429,0.540153159640144,0.462369259067177,0.999999989686377
"VCP",2.45617682086105e-09,1.35672527923117,0.538785854267666,0.462936343789535,0.999999989686377
"HSPB1",2.44899475517958e-09,1.35591567964553,0.535639551565757,0.464245477038655,0.999999989686377
"SEC11A",2.44223901167676e-09,1.3551519890606,0.532688420488563,0.465478779586546,0.999999989686377
"MYL12B",2.43880152460661e-09,1.35476260148312,0.531189942336035,0.46610701226247,0.999999989686377
"GTF2H5",2.43762233487503e-09,1.35462890145507,0.530676393127863,0.466322628541611,0.999999989686377
"KRAS",2.4350065782136e-09,1.35433209051284,0.529538090848225,0.466801120417316,0.999999989686377
"THOC2",2.43040148292875e-09,1.35380878067967,0.527537055231559,0.467644177064463,0.999999989686377
"TMBIM6",2.4281995481356e-09,1.35355821212031,0.526581594990864,0.468047584148848,0.999999989686377
"SPCS3",2.42720403734654e-09,1.35344485439791,0.526149908723214,0.468230030688081,0.999999989686377
"P2RX1",2.42440481069045e-09,1.35312586268313,0.524937020519355,0.468743253922239,0.999999989686377
"SLC30A5",2.4170660055871e-09,1.35228781961161,0.521763804775664,0.470090261382776,0.999999989686377
"MAPRE2",2.4115615129498e-09,1.3516575879696,0.519390038650282,0.471101990156734,0.999999989686377
"PRKACB",2.41142054954572e-09,1.35164142980324,0.519329320441206,0.47112791507422,0.999999989686377
"F2R",2.40526791900595e-09,1.35093526156881,0.516682610657885,0.472260226657405,0.999999989686377
"MGLL",2.40227149951855e-09,1.350590699699,0.515396073321169,0.472812221036515,0.999999989686377
"TMEM91",2.40177574744571e-09,1.35053365155596,0.515183372710664,0.472903581716532,0.999999989686377
"SCP2",2.38629745521395e-09,1.3487466146843,0.508564549957842,0.475760912508653,0.999999989686377
"GNG5",2.38051216133183e-09,1.34807572943674,0.506101630784015,0.47683131745017,0.999999989686377
"EXOSC4",2.37663921461577e-09,1.34762570484997,0.50445617801468,0.477548632905184,0.999999989686377
"FAM177A1",2.37407200763624e-09,1.34732700293867,0.503366955914247,0.478024435088307,0.999999989686377
"CLTB",2.37178430630245e-09,1.34706055274793,0.502397315209733,0.478448652415794,0.999999989686377
"RASGRP2",2.36869810940326e-09,1.34670069779219,0.501090713872768,0.479021263652244,0.999999989686377
"ATP6V0C",2.363304158919e-09,1.34607063947392,0.498811165422742,0.480022952021402,0.999999989686377
"LIPA",2.35738878572883e-09,1.34537803583249,0.496317232150743,0.481122783441008,0.999999989686377
"RP11-354E11.2",2.35558008370077e-09,1.34516591979413,0.495555927427207,0.481459344839883,0.999999989686377
"AFF4",2.35208410409112e-09,1.34475547038962,0.494086083256418,0.482110236114124,0.999999989686377
"GAPVD1",2.34140017562874e-09,1.34349735821623,0.489607679280307,0.4841023619285,0.999999989686377
"REXO2",2.34121947829774e-09,1.34347603091999,0.489532111346262,0.484136093106725,0.999999989686377
"RAB7A",2.34055940264777e-09,1.34339810983647,0.489256116140583,0.484259321747328,0.999999989686377
"POMP",2.33655813643276e-09,1.34292529934678,0.487584745923542,0.48500667664996,0.999999989686377
"OTUD6B-AS1",2.33635055637064e-09,1.34290074873806,0.48749811561515,0.485045465409091,0.999999989686377
"CKAP5",2.33410689959575e-09,1.3426352523148,0.486562251555493,0.485464826087418,0.999999989686377
"ATP5E",2.33358052547722e-09,1.34257292881615,0.486342822961475,0.485563238805602,0.999999989686377
"TMEM256",2.32898275935788e-09,1.34202795383927,0.484428264893507,0.486423311884905,0.999999989686377
"COPE",2.3268012058397e-09,1.34176900078126,0.483521163948073,0.486831688290368,0.999999989686377
"GDI1",2.32464515363803e-09,1.34151283849277,0.4826255018089,0.487235472911688,0.999999989686377
"PPCS",2.32314308397958e-09,1.34133423734527,0.482002006293952,0.487516886787088,0.999999989686377
"EIF4G3",2.32180481821491e-09,1.34117501670572,0.481446843768052,0.487767685769913,0.999999989686377
"STIP1",2.32022343999168e-09,1.34098675452342,0.480791241478566,0.488064135197862,0.999999989686377
"GRINA",2.31727238365412e-09,1.34063509297981,0.479568997349712,0.48861760798516,0.999999989686377
"CDS2",2.31583313577212e-09,1.34046342466054,0.478973465876885,0.488887662664614,0.999999989686377
"RCAN3",2.31281672968217e-09,1.34010329566417,0.477726538769159,0.4894539097603,0.999999989686377
"VPS13C",2.30907462499879e-09,1.33965587865312,0.476181879863547,0.490156877222014,0.999999989686377
"FAM204A",2.29946242214108e-09,1.33850331721633,0.472225637050413,0.491965049408755,0.999999989686377
"FGFR1OP2",2.29509584828739e-09,1.33797816211551,0.470433870183124,0.492787635677939,0.999999989686377
"SHPRH",2.290556247859e-09,1.33743114786106,0.468574714927416,0.493643598051132,0.999999989686377
"SH3GLB1",2.28901043605097e-09,1.33724463514149,0.467942480799363,0.493935249469421,0.999999989686377
"POLD4",2.28820234728232e-09,1.33714708409266,0.467612143890464,0.494087749891571,0.999999989686377
"RPL36AL",2.28534600339387e-09,1.33680199775753,0.466445439867407,0.49462699353857,0.999999989686377
"MTCH1",2.280716497013e-09,1.3362417806733,0.46455756386251,0.495501656892207,0.999999989686377
"SERINC1",2.27911126025931e-09,1.33604726791093,0.463903854868064,0.495805130699149,0.999999989686377
"ANKRD28",2.26892035604416e-09,1.33480922377738,0.45976449559398,0.497734057029042,0.999999989686377
"HINT2",2.26879327251681e-09,1.33479375028061,0.459712993691423,0.497758136491415,0.999999989686377
"UNC13D",2.25505578814476e-09,1.33311601510775,0.454162747528631,0.500364732273529,0.999999989686377
"GUK1",2.25295602210856e-09,1.33285868320228,0.453317365756268,0.500763785703584,0.999999989686377
"RPS19BP1",2.24190399091109e-09,1.33150030146061,0.448880715436575,0.502866964522283,0.999999989686377
"PTP4A2",2.23893410644542e-09,1.33113414911186,0.447692224881814,0.503432922185593,0.999999989686377
"COX8A",2.23871677499444e-09,1.33110733578412,0.447605314884556,0.503474351277093,0.999999989686377
"ATP6AP2",2.23579379472788e-09,1.33074646167747,0.446437246284487,0.504031723093536,0.999999989686377
"HLA-F",2.23403514371847e-09,1.33052911172489,0.445735197169423,0.504367230267551,0.999999989686377
"NRDC",2.22417771456955e-09,1.32930769738674,0.44181036227485,0.506249962416755,0.999999989686377
"ATP6V0E1",2.21944188285153e-09,1.32871898286385,0.439930915362198,0.507155801454254,0.999999989686377
"TBCB",2.21735750518996e-09,1.32845947819794,0.439104985573177,0.50755475730857,0.999999989686377
"CD46",2.21582990110712e-09,1.32826913835019,0.438500168796947,0.507847249701828,0.999999989686377
"SMAP1",2.2118556760033e-09,1.32777333964655,0.436928626179473,0.508608614119366,0.999999989686377
"GTF2A2",2.20825855581322e-09,1.32732382515984,0.435508635904553,0.509298250006586,0.999999989686377
"COX6A1",2.20705016870849e-09,1.32717265626759,0.435032134609596,0.50953003048232,0.999999989686377
"CST3",2.20510855550858e-09,1.32692958930907,0.434267047700585,0.509902566524686,0.999999989686377
"RAD23B",2.20438546909623e-09,1.32683901331053,0.43398228973151,0.510041341051146,0.999999989686377
"SH3BGRL3",2.19942807205913e-09,1.32621724148124,0.432032536929633,0.510993295043846,0.999999989686377
"ENSA",2.19752433028162e-09,1.32597809961999,0.431284958550378,0.511359111361742,0.999999989686377
"ADI1",2.19205945790777e-09,1.3252904789672,0.42914255985658,0.512409981220583,0.999999989686377
"ARPC5",2.18702808827843e-09,1.32465590187903,0.427174824091687,0.513378485111807,0.999999989686377
"VDAC3",2.18152077090952e-09,1.32395963736448,0.425026131782977,0.514439697241411,0.999999989686377
"MRPS36",2.18012562930635e-09,1.32378297985485,0.424482674176633,0.514708709812869,0.999999989686377
"TUBA1C",2.16424457497711e-09,1.32176414213248,0.418320938196033,0.517776054658691,0.999999989686377
"MAPRE1",2.16172002508395e-09,1.32144186492725,0.417345580652719,0.518264528339783,0.999999989686377
"TEX264",2.1567841422975e-09,1.32081068566604,0.415441895562021,0.519220257213934,0.999999989686377
"TGFB1",2.14973269425646e-09,1.31990649192054,0.41272982248591,0.520587197136672,0.999999989686377
"ARPC4",2.14970487473039e-09,1.31990291886404,0.412719140345016,0.520592593687477,0.999999989686377
"POLR2E",2.14567451111637e-09,1.31938478673375,0.411173022169222,0.521374725342022,0.999999989686377
"UNC45A",2.14483154298179e-09,1.31927629531027,0.410850011695422,0.521538388026035,0.999999989686377
"CAPZB",2.14427812254599e-09,1.3192050462088,0.410638019793944,0.521645849251483,0.999999989686377
"RAB6A",2.13418595016575e-09,1.31790254507963,0.406781731650569,0.523607507550231,0.999999989686377
"TADA3",2.11793853473446e-09,1.31579278002174,0.400611702963611,0.526773517005701,0.999999989686377
"HLA-A",2.11647113568667e-09,1.31560144656109,0.400056773181259,0.527059938292374,0.999999989686377
"CDC5L",2.09975087746018e-09,1.31341197863109,0.393760792605285,0.530329164272488,0.999999989686377
"PTPN6",2.09534725176275e-09,1.3128324652987,0.392110923655983,0.531191892604014,0.999999989686377
"PNP",2.09325076108767e-09,1.31255614515336,0.39132666640067,0.531602872730831,0.999999989686377
"EMD",2.09238099956673e-09,1.31244142905727,0.391001535583456,0.531773421470013,0.999999989686377
"MAP1A",2.08685684871797e-09,1.31171172422079,0.38893967381699,0.532857281327436,0.999999989686377
"PIN1",2.08321159803141e-09,1.31122916200735,0.387582087314,0.533573105233227,0.999999989686377
"MICU1",2.08169010149425e-09,1.31102749733365,0.387016144367474,0.533872027707311,0.999999989686377
"TNIK",2.07814662189999e-09,1.31055726546234,0.38569969806677,0.534568529042503,0.999999989686377
"ANXA5",2.07745516926556e-09,1.31046541477871,0.385443076419666,0.534704493439172,0.999999989686377
"SLC44A1",2.07533085123398e-09,1.3101830367185,0.384655203783529,0.535122319687924,0.999999989686377
"H3F3A",2.07019437392473e-09,1.30949907884273,0.38275350440844,0.536133278958371,0.999999989686377
"MAGED2",2.06714173211256e-09,1.30909180187486,0.381625544718612,0.536734553767211,0.999999989686377
"RHOF",2.06557388367826e-09,1.30888239137852,0.38104686731317,0.537043502562752,0.999999989686377
"PECAM1",2.06422098069174e-09,1.30870156366634,0.380547877059444,0.537310167606479,0.999999989686377
"M6PR",2.05887063978063e-09,1.30798529089096,0.378577717644816,0.538365402336527,0.999999989686377
"SDCBP",2.05596011478807e-09,1.30759487234195,0.377508120493102,0.538939874400177,0.999999989686377
"PSMD2",2.05503621995176e-09,1.30747082644022,0.377168912125333,0.539122294651922,0.999999989686377
"REEP5",2.05166541599268e-09,1.30701777985713,0.375932612965022,0.539788111997717,0.999999989686377
"TET2",2.04638210446829e-09,1.30630620152638,0.373998952860306,0.540832524510637,0.999999989686377
"AP2B1",2.04550675928828e-09,1.30618813080093,0.373679063274117,0.541005661461096,0.999999989686377
"OSBPL8",2.04326286746482e-09,1.30588523537702,0.372859671715415,0.541449613492365,0.999999989686377
"GRB2",2.03508151502099e-09,1.30477806597076,0.369879742656247,0.543069825985386,0.999999989686377
"UBE2L3",2.03463992619151e-09,1.30471818118621,0.369719240936252,0.543157345654208,0.999999989686377
"HDGF",2.02900695810752e-09,1.30395315164841,0.367674914801891,0.544274374489255,0.999999989686377
"MEA1",2.02650741373513e-09,1.30361300761855,0.366769591448666,0.544770404669135,0.999999989686377
"ERBB2IP",2.02463336926894e-09,1.30335771057368,0.366091553260221,0.545142452727452,0.999999989686377
"C4orf3",2.02274204443279e-09,1.30309982216237,0.365407898971646,0.54551805924598,0.999999989686377
"TMED4",2.02131831840129e-09,1.30290553486319,0.364893688421522,0.545800887942178,0.999999989686377
"FYN",2.01219811127525e-09,1.30165773237293,0.361608309552051,0.547614375550568,0.999999989686377
"NRBP1",2.01185764530478e-09,1.30161104238504,0.361485950915757,0.54768213241105,0.999999989686377
"FAM50A",2.00370084782211e-09,1.3004901106592,0.358560703771995,0.54930667232684,0.999999989686377
"BRK1",2.00158160069942e-09,1.3001981379868,0.357802629639834,0.549729138542039,0.999999989686377
"GSTK1",1.98772918814938e-09,1.29828209342545,0.352867253963346,0.552494517606696,0.999999989686377
"LAMTOR1",1.98512898102475e-09,1.29792096363314,0.351944665684623,0.553014360981113,0.999999989686377
"PPP1R18",1.98294035699187e-09,1.29761663340919,0.351169048640771,0.553452104884069,0.999999989686377
"CNPPD1",1.97687036965244e-09,1.29677085271821,0.349022409021008,0.554667042920704,0.999999989686377
"SPINT2",1.96916444213757e-09,1.29569341177652,0.346306702972723,0.556211298827072,0.999999989686377
"DAD1",1.9569704760164e-09,1.29397989609125,0.342031003901414,0.55865922748016,0.999999989686377
"EIF4G2",1.94754533142171e-09,1.29264820158825,0.338744363914938,0.560554897040765,0.999999989686377
"CLTC",1.94579113735076e-09,1.2923996444701,0.338134410728661,0.560908059877502,0.999999989686377
"FCGR2A",1.9417804307192e-09,1.29183052075371,0.336741907467143,0.561715919155307,0.999999989686377
"ARPC2",1.94054859071353e-09,1.2916554876689,0.336314793699849,0.56196415622302,0.999999989686377
"CCNDBP1",1.93982205233452e-09,1.29155220169983,0.336063009369464,0.562110591123217,0.999999989686377
"ARPC1B",1.93741657933824e-09,1.29120996193214,0.335230057427822,0.562595549331422,0.999999989686377
"SEPT11",1.93145642530176e-09,1.29036016253029,0.333170666069747,0.563798022672542,0.999999989686377
"USP10",1.92621068928766e-09,1.28961007419912,0.331363374977889,0.564857384192625,0.999999989686377
"PLEKHB2",1.92585118109599e-09,1.28955859406381,0.331239695121507,0.5649300208921,0.999999989686377
"PDCD10",1.92437072576209e-09,1.28934649847592,0.330730624543527,0.56522918626775,0.999999989686377
"ADAM10",1.92295174058911e-09,1.28914305766504,0.330243058587353,0.565516001415741,0.999999989686377
"COMMD7",1.92077751658671e-09,1.28883104927697,0.329496688882648,0.565955606286833,0.999999989686377
"PSAP",1.91644233476216e-09,1.28820789127526,0.328011023761773,0.566832623102395,0.999999989686377
"PAIP2",1.91180769470549e-09,1.28754014248389,0.326426447180503,0.567770940937793,0.999999989686377
"GOLGA2",1.89353133224776e-09,1.2848912106266,0.320215182369823,0.571478356930873,0.999999989686377
"FBXO9",1.89199356428775e-09,1.28466717704635,0.319695289522482,0.57179082233917,0.999999989686377
"STK17A",1.89066766375969e-09,1.28447386513369,0.319247364505035,0.572060302723634,0.999999989686377
"ITGB1",1.88453366838846e-09,1.28357779866588,0.317179221862945,0.573307780942677,0.999999989686377
"KXD1",1.88256792060238e-09,1.28329002722751,0.31651787080122,0.573707830272676,0.999999989686377
"ALDOA",1.87127860077366e-09,1.28163156946079,0.312733085775356,0.576007877345602,0.999999989686377
"C9orf16",1.8684642796194e-09,1.28121658915161,0.311793119381198,0.576581934506648,0.999999989686377
"MBP",1.86460552125555e-09,1.28064659636483,0.310506616918276,0.577369471257241,0.999999989686377
"CDC42SE1",1.84764820801222e-09,1.27812784214488,0.304884606803152,0.580836292007484,0.999999989686377
"ITGB3",1.8475142818275e-09,1.27810785847162,0.304840409480153,0.580863711156367,0.999999989686377
"YWHAZ",1.84211969379904e-09,1.27730171533805,0.303062791244646,0.581968666347477,0.999999989686377
"MTURN",1.83345776478072e-09,1.27600241337615,0.300219396688071,0.583744911450519,0.999999989686377
"BUD31",1.82491717078212e-09,1.27471534829343,0.2974289532903,0.585498743605157,0.999999989686377
"MEIS1",1.82028216112132e-09,1.274014355143,0.295920024123126,0.586451577509487,0.999999989686377
"GLG1",1.81516811189392e-09,1.27323885922247,0.294259596153076,0.587503722491956,0.999999989686377
"VDR",1.81443995187971e-09,1.27312826494662,0.294023557305564,0.58765360236692,0.999999989686377
"LYL1",1.81305365729063e-09,1.27291759047775,0.293574440701106,0.587938997405281,0.999999989686377
"CLIC1",1.81288279409714e-09,1.27289161344874,0.293519110068546,0.587974177270584,0.999999989686377
"GPX4",1.79538469262907e-09,1.27021838871074,0.287880311467462,0.591582089379385,0.999999989686377
"CA2",1.79064029630379e-09,1.26948913116727,0.286360844720386,0.59256208047143,0.999999989686377
"CDC42",1.77931971445764e-09,1.26774129652161,0.282751494469276,0.594903434895713,0.999999989686377
"TUBA1A",1.77891287206675e-09,1.26767827758439,0.282622206695233,0.594987657769145,0.999999989686377
"TMEM55A",1.77681531351094e-09,1.26735314407204,0.281956106477609,0.595421972263787,0.999999989686377
"BIN2",1.77345899958019e-09,1.2668321050303,0.280891910989032,0.596117221780053,0.999999989686377
"PJA2",1.77181174950577e-09,1.26657602630358,0.280370349074304,0.596458579552287,0.999999989686377
"PPP1R12A",1.77149915693713e-09,1.26652740458247,0.280271428907979,0.596523367804961,0.999999989686377
"WRB",1.76162448008712e-09,1.26498707522521,0.277155563748026,0.598571650566097,0.999999989686377
"SPNS1",1.75776428196555e-09,1.26438260625356,0.275942248192144,0.599373229588998,0.999999989686377
"CLINT1",1.7567547783683e-09,1.26422431116167,0.275625385796386,0.599582935515854,0.999999989686377
"SLMAP",1.74622710129805e-09,1.26256813271995,0.272331812193269,0.601771844937442,0.999999989686377
"SRC",1.74417483829019e-09,1.26224412663975,0.271692069423823,0.60219896986229,0.999999989686377
"DMTN",1.73645357366611e-09,1.26102172246963,0.269291893773254,0.603807171846073,0.999999989686377
"RHEB",1.72364901827673e-09,1.25898263848926,0.265335036304857,0.606478377023663,0.999999989686377
"SEPT5",1.71652527705464e-09,1.25784170370228,0.263146339977939,0.607966770334392,0.999999989686377
"MYL12A",1.70767905950456e-09,1.25641835539735,0.260441047554683,0.6098173110659,0.999999989686377
"BCAP31",1.7040606775687e-09,1.2558340564368,0.259338525646357,0.610574961069539,0.999999989686377
"PDE5A",1.70396786709128e-09,1.25581905318175,0.259310277031462,0.610594400071064,0.999999989686377
"NAPA",1.70332242136896e-09,1.25571469142914,0.259113866039057,0.610729595207243,0.999999989686377
"ROCK1",1.70291842740197e-09,1.25564934995068,0.258990967375507,0.61081422258576,0.999999989686377
"TUBA4A",1.69014673980981e-09,1.25357572272615,0.255120731670314,0.613492271089854,0.999999989686377
"ABCC4",1.68481807023623e-09,1.25270596313939,0.253514585866355,0.61461114988105,0.999999989686377
"ORAI1",1.67855865558241e-09,1.2516807997784,0.251634376704507,0.615926606524163,0.999999989686377
"ALOX12",1.67599327986407e-09,1.25125955018333,0.250865808475773,0.616466093872837,0.999999989686377
"IQGAP2",1.66180010009341e-09,1.24891734998248,0.24663487613582,0.619454595595417,0.999999989686377
"RUFY1",1.65911116668985e-09,1.24847138372028,0.245837369609836,0.620021485996246,0.999999989686377
"DCTN2",1.6562073370634e-09,1.24798897206366,0.24497757777367,0.620633935281242,0.999999989686377
"LYN",1.65268811840313e-09,1.24740320257547,0.243937594809251,0.621376529444964,0.999999989686377
"OST4",1.64664342428879e-09,1.24639418287917,0.242156458260214,0.622652927093042,0.999999989686377
"RAB13",1.6453717582819e-09,1.24618144129022,0.241782578617112,0.622921596724833,0.999999989686377
"ARL6IP5",1.64056356930971e-09,1.24537558809885,0.240371544653557,0.623937894367743,0.999999989686377
"CERS2",1.63836285946656e-09,1.24500596848957,0.239727091451473,0.624403293191905,0.999999989686377
"CD36",1.63509644886565e-09,1.24445645223549,0.238772154605537,0.625094339171743,0.999999989686377
"LINC00989",1.61826403100384e-09,1.24160735067129,0.233881402862362,0.628660643045123,0.999999989686377
"VCL",1.61553387084718e-09,1.24114247274134,0.233092909708281,0.62923990577262,0.999999989686377
"HLA-B",1.61395869567097e-09,1.24087390590118,0.232638591570085,0.62957421721245,0.999999989686377
"EHD3",1.61263156057501e-09,1.24064742832025,0.232256158112563,0.629855944140526,0.999999989686377
"SDPR",1.61227774736573e-09,1.24058701841555,0.232154254759053,0.629931061419662,0.999999989686377
"STARD3NL",1.60241721112625e-09,1.23889813400569,0.229323271961375,0.632026066708013,0.999999989686377
"STXBP2",1.57905936058093e-09,1.23485605779562,0.222686474985858,0.637000539142833,0.999999989686377
"ATP2C1",1.56968924766506e-09,1.23321789970366,0.220051480318028,0.639000695755111,0.999999989686377
"BTK",1.55644438121208e-09,1.23088573626814,0.216353606823406,0.641832444114784,0.999999989686377
"CORO1C",1.55375430838568e-09,1.23040966697418,0.21560638577108,0.642408219544953,0.999999989686377
"DNM3",1.54796160701689e-09,1.22938174084329,0.214001736637002,0.643648802117818,0.999999989686377
"USP47",1.54471180848957e-09,1.22880338899322,0.213104127165784,0.644345224259992,0.999999989686377
"NRGN",1.54322177851364e-09,1.22853781226579,0.212693204700937,0.644664637696179,0.999999989686377
"PTGS1",1.54125590611634e-09,1.22818703470025,0.212151660530529,0.645086156466695,0.999999989686377
"CLU",1.53935090427849e-09,1.22784669564982,0.211627543106431,0.645494732318585,0.999999989686377
"C19orf33",1.53875656929234e-09,1.22774042909665,0.211464158173838,0.645622224403995,0.999999989686377
"CASP3",1.51740157500009e-09,1.22389496677802,0.205635451356691,0.650210015118025,0.999999989686377
"ORAI2",1.50467933110779e-09,1.2215784824176,0.202201716701508,0.652949522410911,0.999999989686377
"TBXA2R",1.50367700062565e-09,1.22139515344475,0.201932416212699,0.653165555940343,0.999999989686377
"C2orf88",1.50057238741672e-09,1.22082654257144,0.201099425019203,0.653834881537873,0.999999989686377
"GSR",1.48977364421742e-09,1.21883963827037,0.198215449381396,0.656165156086298,0.999999989686377
"ARMCX3",1.48310472178454e-09,1.21760546226835,0.196444811569056,0.657605926083182,0.999999989686377
"RAC1",1.48125221389253e-09,1.21726165504057,0.195954369755126,0.658006372493177,0.999999989686377
"TARSL2",1.47216621405121e-09,1.21556919509837,0.193557774843188,0.659971862315487,0.999999989686377
"LMNA",1.46620686578749e-09,1.21445351543216,0.191993897706235,0.661262269215175,0.999999989686377
"CALM1",1.46304510533282e-09,1.21385976220295,0.191166750853092,0.661947309931565,0.999999989686377
"HLA-C",1.45673983727967e-09,1.21267188138864,0.189522563336332,0.663314281252721,0.999999989686377
"HACD4",1.45672145323608e-09,1.21266841049044,0.189517779820442,0.663318268523996,0.999999989686377
"FRMD4B",1.44462690881036e-09,1.21037551589443,0.186383871271724,0.665943487612771,0.999999989686377
"MAPK14",1.44062119839965e-09,1.20961191848945,0.185351681284991,0.666813864713484,0.999999989686377
"CAPN1",1.43915138298875e-09,1.20933120442788,0.184973658552737,0.667133344780368,0.999999989686377
"SLA2",1.43199757381464e-09,1.20796086232633,0.183139275609463,0.668689162463383,0.999999989686377
"C10orf54",1.41438765029287e-09,1.20455851941579,0.178662677841163,0.672525041825691,0.999999989686377
"STK4",1.41345497837042e-09,1.2043771541573,0.178427128948178,0.672728439928637,0.999999989686377
"SERF2",1.41247146801249e-09,1.20418577458805,0.17817890897772,0.672942950874679,0.999999989686377
"CCPG1",1.41033660724842e-09,1.20376990136591,0.177640703845977,0.673408671501508,0.999999989686377
"NGFRAP1",1.40657774916126e-09,1.20303615472602,0.176695062395491,0.674228972022945,0.999999989686377
"PTPN12",1.40526284311275e-09,1.2027790205483,0.176364858382453,0.674516017204272,0.999999989686377
"CLEC1B",1.39997107321299e-09,1.20174178378921,0.175039092128155,0.675671693954549,0.999999989686377
"FLI1",1.39197759032658e-09,1.20016760276043,0.173045940192488,0.677418851013246,0.999999989686377
"GMPR",1.38542581157754e-09,1.19887065276963,0.171420783974344,0.678852186653045,0.999999989686377
"BRD3",1.38090854693824e-09,1.19797290143361,0.170304750727438,0.679841108001612,0.999999989686377
"ENDOD1",1.37825352015634e-09,1.19744388963487,0.169650501761763,0.680422604740884,0.999999989686377
"SSX2IP",1.36678790921254e-09,1.19514773035535,0.166839617058304,0.682935950490066,0.999999989686377
"HLA-E",1.36467233541852e-09,1.19472197213293,0.166323533539163,0.683400085138286,0.999999989686377
"COTL1",1.36367246595133e-09,1.19452052143624,0.166079898645345,0.683619487648137,0.999999989686377
"CNST",1.36348520245076e-09,1.19448277589114,0.166034288620133,0.68366058206511,0.999999989686377
"RABGAP1L",1.35620747481805e-09,1.19301185985846,0.164266572355564,0.685258382549693,0.999999989686377
"PRKCB",1.3558466696927e-09,1.19293873365737,0.164179181099465,0.685337632806722,0.999999989686377
"ARF1",1.35120074434626e-09,1.1919953954626,0.163055960609693,0.686358411799228,0.999999989686377
"RGS10",1.34224392846771e-09,1.19016764922265,0.160901400408388,0.688327971859257,0.999999989686377
"DOK2",1.34211694787073e-09,1.19014165058971,0.160870958267417,0.688355909511041,0.999999989686377
"FAXDC2",1.33620182353479e-09,1.18892785219054,0.159456066984934,0.689657797021202,0.999999989686377
"NEAT1",1.33439679102987e-09,1.18855639550789,0.159025549718418,0.690055258333022,0.999999989686377
"MAP1LC3B",1.33289622729753e-09,1.18824721644158,0.158668094121463,0.690385741869777,0.999999989686377
"INF2",1.33199361882697e-09,1.18806107522017,0.158453273684995,0.690584560427048,0.999999989686377
"JARID2",1.32729422735369e-09,1.18708991703904,0.15733717164746,0.691620045195414,0.999999989686377
"CTTN",1.32616581478258e-09,1.18685621682837,0.157069761800428,0.691868770600298,0.999999989686377
"CAPZA2",1.32540989934096e-09,1.18669955260789,0.156890753084435,0.692035408550448,0.999999989686377
"TPST2",1.32003970130952e-09,1.18558402077655,0.155621971925641,0.693219671899699,0.999999989686377
"ZCCHC17",1.30445258143391e-09,1.18232053593761,0.151968480409204,0.696661261157043,0.999999989686377
"F13A1",1.30095271817286e-09,1.18158246126197,0.151154107539867,0.697434882651909,0.999999989686377
"TNF",1.2962130188816e-09,1.18057978186481,0.150054728680422,0.698483063109559,0.999999989686377
"KMT2C",1.29582865006035e-09,1.18049830992008,0.149965749775107,0.698568091188713,0.999999989686377
"BCL2L1",1.29384222512657e-09,1.18007687977459,0.14950632579689,0.699007578083738,0.999999989686377
"MTPN",1.29350170515828e-09,1.18000457242462,0.149427640484309,0.699082926610803,0.999999989686377
"SELT",1.29169670581374e-09,1.17962097679359,0.149010897923023,0.699482377169192,0.999999989686377
"NT5C3A",1.29029599911571e-09,1.17932293493928,0.148687900435584,0.699792414151576,0.999999989686377
"SNAP23",1.2727962859234e-09,1.17557211327543,0.144682074241446,0.70367006122059,0.999999989686377
"SKAP2",1.2661088705599e-09,1.17412525939941,0.143165716391234,0.705153925916131,0.999999989686377
"PTGIR",1.26136635359729e-09,1.17309460102977,0.142095201463434,0.706206919404386,0.999999989686377
"GNAQ",1.26050060554945e-09,1.17290603999382,0.141900212235205,0.706399204507116,0.999999989686377
"TPM3",1.25940676091299e-09,1.17266761581116,0.141654041090322,0.70664217730753,0.999999989686377
"DAPP1",1.25928174995442e-09,1.17264035424943,0.141625920821108,0.706669947563295,0.999999989686377
"CMIP",1.25434310392155e-09,1.17156121783697,0.140517243178479,0.707767343139282,0.999999989686377
"PRDX5",1.24948078712281e-09,1.17049464287482,0.139429956772555,0.708848371225365,0.999999989686377
"RGS18",1.24458476408037e-09,1.16941651434908,0.138339400086733,0.709937485967291,0.999999989686377
"GCLM",1.24224540805078e-09,1.16889989330934,0.137819835695959,0.71045808248512,0.999999989686377
"SWI5",1.23743613047594e-09,1.16783478511727,0.136754779115124,0.711528755579085,0.999999989686377
"RGCC",1.22820259586761e-09,1.16577830221715,0.134721512398018,0.713585979838863,0.999999989686377
"RASA3",1.22804912508212e-09,1.1657439922086,0.134687846088208,0.713620190659492,0.999999989686377
"RAB1B",1.20607128790817e-09,1.16078625899122,0.129910090405806,0.718525278458137,0.999999989686377
"GPX1",1.20375517714206e-09,1.16025859347244,0.129411616966136,0.719042876199458,0.999999989686377
"MAX",1.20267356816309e-09,1.16001183265506,0.129179161256283,0.71928463521374,0.999999989686377
"RDH11",1.20011570425966e-09,1.15942740033544,0.128630265282452,0.719856475407817,0.999999989686377
"ZFP36",1.19640137903437e-09,1.15857653527066,0.127835283119194,0.720687135043853,0.999999989686377
"IRF2",1.19581604269548e-09,1.15844220991743,0.12771022754246,0.72081806786095,0.999999989686377
"AHCTF1",1.18851094983582e-09,1.15676031039922,0.126154661392784,0.72245281813775,0.999999989686377
"CLDN5",1.18767590240176e-09,1.15656740051078,0.125977451214658,0.722639767839781,0.999999989686377
"NEXN",1.18713567435822e-09,1.15644252727283,0.125862872694187,0.722760722452574,0.999999989686377
"ANO6",1.17860658698455e-09,1.15446354568788,0.124060822352035,0.72467126281973,0.999999989686377
"TMEM50A",1.17809740425759e-09,1.15434495331588,0.12395365176054,0.724785375619111,0.999999989686377
"GABARAPL2",1.17786429086966e-09,1.15429064257257,0.123904602510773,0.724837620635974,0.999999989686377
"TMEM219",1.16300301274079e-09,1.15080611483522,0.120797683836797,0.728170942352809,0.999999989686377
"TMBIM1",1.16184352225211e-09,1.15053239775863,0.120556938209212,0.728431228452261,0.999999989686377
"RP11-501J20.5",1.14564099987056e-09,1.14667896989089,0.117217923329911,0.732071686048384,0.999999989686377
"ABCC3",1.13701177249366e-09,1.1446046132306,0.115458749750663,0.734013010585866,0.999999989686377
"MALAT1",1.13510470589409e-09,1.14414407616514,0.115071765421179,0.734442274978222,0.999999989686377
"UBA7",1.13142457786949e-09,1.14325319354692,0.114326825601491,0.735270874852904,0.999999989686377
"KIF2A",1.12637853941876e-09,1.14202697763608,0.113309327631232,0.736407517342147,0.999999989686377
"MTSS1",1.12587530701546e-09,1.14190439122879,0.113208103778611,0.736520904352964,0.999999989686377
"ZNF24",1.11754656468615e-09,1.13986760987385,0.11153936905257,0.738398346406783,0.999999989686377
"SH3BGRL2",1.11704744479838e-09,1.13974507404855,0.111439759627631,0.738510906320073,0.999999989686377
"SNX3",1.11164866092331e-09,1.13841617722397,0.110365167328364,0.739728780443285,0.999999989686377
"CALM3",1.0982867043251e-09,1.13509949175926,0.107727946139831,0.742745813243592,0.999999989686377
"TRAM1",1.09147579422864e-09,1.13339349486046,0.106395961890842,0.744285192475295,0.999999989686377
"UBL4A",1.08984234003272e-09,1.13298278043374,0.10607774524159,0.744654532569491,0.999999989686377
"MPP1",1.08896311525071e-09,1.13276145648679,0.105906658914693,0.744853358276037,0.999999989686377
"TERF2IP",1.07439505828616e-09,1.12906831748274,0.103091992134149,0.748150207895287,0.999999989686377
"CD47",1.07088335290439e-09,1.12817065247882,0.102419172489654,0.748945622478694,0.999999989686377
"GPCPD1",1.06294910385061e-09,1.12613171584882,0.100907133210824,0.750743742574515,0.999999989686377
"RAB10",1.06202083635336e-09,1.12589218661149,0.100730966898746,0.750954202345687,0.999999989686377
"CENPT",1.06111936499516e-09,1.1256593733628,0.100560033261411,0.751158604546797,0.999999989686377
"JAK1",1.05961188836539e-09,1.12526961585071,0.100274515485191,0.75150045313215,0.999999989686377
"ITM2B",1.05881354426998e-09,1.12506298189113,0.100123472615948,0.751681512379196,0.999999989686377
"KCTD20",1.04877732253015e-09,1.12245208558131,0.0982343789856851,0.75395882516774,0.999999989686377
"ZMYND8",1.04778308939146e-09,1.12219209325848,0.0980482163396448,0.754184542885866,0.999999989686377
"MCTP1",1.04378574511447e-09,1.1211443154669,0.0973015258088851,0.755092259542532,0.999999989686377
"RAB11A",1.03978051868785e-09,1.12009047979798,0.0965562254718561,0.756002105384723,0.999999989686377
"RNF11",1.03215542209347e-09,1.11807304627199,0.0951452528030617,0.7577351923201,0.999999989686377
"LPIN2",1.02776986729337e-09,1.11690603050955,0.0943384397065046,0.758732525349405,0.999999989686377
"ELF1",1.02622213091262e-09,1.11649299367106,0.0940545218770145,0.759084596969465,0.999999989686377
"CLCN3",1.02365278307935e-09,1.1158059608163,0.0935841436719288,0.759669170088079,0.999999989686377
"SNAP29",1.01252535789109e-09,1.11281069226651,0.0915606242288571,0.762202441892686,0.999999989686377
"CARD19",9.94844680213684e-10,1.10798373801749,0.0883908869156515,0.766232863710058,0.999999989686377
"RYBP",9.79786414890504e-10,1.10380527627449,0.0857353163611572,0.769670490481607,0.999999989686377
"MFSD1",9.77063734816294e-10,1.10304298813972,0.0852594871382835,0.770292532380456,0.999999989686377
"SLC2A3",9.75461326652035e-10,1.10259336686797,0.0849800612156024,0.770658698501084,0.999999989686377
"OAZ1",9.7483924103817e-10,1.10241861819303,0.0848717062963054,0.770800864998391,0.999999989686377
"IL6ST",9.71753417754451e-10,1.10155015119107,0.0843352392364983,0.771506188245759,0.999999989686377
"TYMP",9.71282797830003e-10,1.101417461108,0.0842535719486816,0.771613773942873,0.999999989686377
"OSTF1",9.70376175077569e-10,1.10116166163143,0.084096356038024,0.771821044101968,0.999999989686377
"TUBB1",9.58810297537658e-10,1.09787747784837,0.0821036202274682,0.774466634661579,0.999999989686377
"VPS26B",9.36529631342726e-10,1.09143872485777,0.0783321367295457,0.779570500800205,0.999999989686377
"ICAM2",9.36500930610132e-10,1.09143033339558,0.0783273356956313,0.779577081505189,0.999999989686377
"RILPL2",9.28030209533501e-10,1.08894248773124,0.0769167906809947,0.781519996190981,0.999999989686377
"HOOK3",9.27029068469932e-10,1.08864696891711,0.0767509274982591,0.78174971658012,0.999999989686377
"B2M",9.2121128626187e-10,1.08692338661982,0.0757906144379479,0.783085032757724,0.999999989686377
"WBP2",9.19125391499477e-10,1.08630279162863,0.0754477782930048,0.783563949956585,0.999999989686377
"LEPROT",9.03973563084874e-10,1.08175252640658,0.0729807608889774,0.787045229632162,0.999999989686377
"FNBP1L",9.02862821054736e-10,1.08141599349815,0.0728015233547029,0.787300601836237,0.999999989686377
"GAS2L1",8.72591133788665e-10,1.07208290013857,0.0680015042108683,0.794269124632725,0.999999989686377
"CTSA",8.72200999863134e-10,1.07196053682376,0.0679407111038481,0.794359041776902,0.999999989686377
"CD68",8.68473629744485e-10,1.07078872869677,0.067361259663821,0.795218254830073,0.999999989686377
"EGLN3",8.64696329046503e-10,1.06959613301554,0.0667765777775692,0.796089231057085,0.999999989686377
"FAM212A",8.60020347291591e-10,1.06811263494034,0.066056320760208,0.797167778510106,0.999999989686377
"GSTO1",8.58100053704061e-10,1.06750108989707,0.0657616628162937,0.797610819810991,0.999999989686377
"TMEM40",8.52983443704797e-10,1.06586499390356,0.0649797641979735,0.798791618487981,0.999999989686377
"TMOD3",8.49112701626972e-10,1.06462081056157,0.0643913606950909,0.79968520482037,0.999999989686377
"GADD45A",8.48562949484941e-10,1.06444364699289,0.0643080082051553,0.799812140028697,0.999999989686377
"RIOK3",8.29379708156973e-10,1.05818940210581,0.0614332850103334,0.804244750367049,0.999999989686377
"YWHAH",8.28336965256743e-10,1.05784534887601,0.0612789073428209,0.804485875490774,0.999999989686377
"TWF2",8.27702805139848e-10,1.05763589787954,0.0611851151660514,0.804632528537404,0.999999989686377
"PRKCD",8.27085610827496e-10,1.05743189775908,0.0610939012051637,0.804775264749166,0.999999989686377
"TAL1",8.23271041370923e-10,1.05616772105403,0.0605316631172915,0.805657590131484,0.999999989686377
"AGPAT1",8.22877060262783e-10,1.05603682254421,0.0604737414265336,0.805748733679015,0.999999989686377
"CYB5R1",8.22182476037206e-10,1.05580589876946,0.0603716936694346,0.805909425146374,0.999999989686377
"EMC3",8.20175417315775e-10,1.05513753842951,0.0600773024796048,0.806373802502053,0.999999989686377
"RAB32",8.18784626428714e-10,1.05467344785194,0.0598737262202374,0.806695632743225,0.999999989686377
"PLA2G12A",8.16038500610053e-10,1.05375480171746,0.0594727781460044,0.807331184757835,0.999999989686377
"NCOA4",7.85855084820484e-10,1.04345105699149,0.0551546156975069,0.814325004417958,0.999999989686377
"SPARC",7.70338626239988e-10,1.03800067384021,0.0529980971879888,0.817926139391742,0.999999989686377
"R3HDM4",7.67246926015922e-10,1.03690169261245,0.0525735425450451,0.818644138061045,0.999999989686377
"PTPN18",7.50018822384449e-10,1.03069631830564,0.0502390308327427,0.822647863168434,0.999999989686377
"PTPN1",7.44976039059977e-10,1.02885324876333,0.0495657334354277,0.82382065991634,0.999999989686377
"HRAT92",7.44885438893328e-10,1.02882002279517,0.0495536783077239,0.823841734343011,0.999999989686377
"PDGFA",7.36068400598905e-10,1.02556724251487,0.0483875101554927,0.825893263437183,0.999999989686377
"GNG11",7.34022586537599e-10,1.02480698856673,0.0481189093553853,0.826369449463754,0.999999989686377
"FTH1",7.30365269461386e-10,1.02344263493759,0.0476405925276431,0.827220889813496,0.999999989686377
"SOD2",7.09645498257738e-10,1.0155831274837,0.0449758968177972,0.832048355471666,0.999999989686377
"PHKB",7.05931652994593e-10,1.01415040051723,0.0445063766229013,0.832914313736384,0.999999989686377
"PRKAR1B",6.99437524538314e-10,1.0116270695034,0.0436912816268166,0.834429038063664,0.999999989686377
"SQSTM1",6.98352658137215e-10,1.01120327864792,0.0435558515350663,0.834682138008894,0.999999989686377
"STK38",6.9369689145709e-10,1.00937712447393,0.0429770324669137,0.835768525149512,0.999999989686377
"PGRMC1",6.78496691589913e-10,1.00332945163594,0.0411142522787808,0.839317545511941,0.999999989686377
"RAB37",6.69397571125286e-10,0.999644690915447,0.040018904158668,0.84144362399681,0.999999989686377
"GLA",6.65579845783002e-10,0.998083883679849,0.0395637321700938,0.842336009854908,0.999999989686377
"SENCR",6.54990552769907e-10,0.993707808767756,0.0383148385372613,0.844812293003056,0.999999989686377
"SLC10A3",6.4504729361214e-10,0.989534474681771,0.0371603711149618,0.847138899802845,0.999999989686377
"H2AFJ",6.23956084457497e-10,0.980467234800623,0.0347700228296482,0.852078385408564,0.999999989686377
"TRIM58",6.23401767915884e-10,0.980224859132305,0.0347082715684701,0.852208283525431,0.999999989686377
"IFRD1",6.18127118042678e-10,0.9779077780176,0.0341234176647442,0.853444541049896,0.999999989686377
"LDLRAP1",6.11316406017668e-10,0.974886799477109,0.0333755960236705,0.85504134862079,0.999999989686377
"RP11-879F14.2",6.10319870828589e-10,0.974441981378859,0.0332668705052005,0.855275041539968,0.999999989686377
"BNIP2",6.07059409881344e-10,0.972981585561926,0.0329123822617706,0.856039725960237,0.999999989686377
"MBNL1",5.79054605382035e-10,0.96010831276978,0.0299458033132811,0.862613259823412,0.999999989686377
"NFE2",5.50355692589182e-10,0.94626002132143,0.027051032963663,0.869359601256445,0.999999989686377
"SERPINE1",4.92775884054987e-10,0.916177716618295,0.0216868172221327,0.882923294003062,0.999999989686377
"AP001189.4",4.05175233795516e-10,0.862977819204146,0.0146616453613282,0.903623487167687,0.999999989686377
"FAM110A",3.65090429956758e-10,0.834706083183756,0.0119041345169516,0.913118360448519,0.999999989686377
"LGALS12",5.40260452379241e-11,0.321365666183161,0.000260677341676942,0.987118310250941,0.999999989686377
"PLEKHO1",5.37374680418017e-11,0.319940492910133,0.000257899991254264,0.987187111168656,0.999999989686377
"PDE4D",5.16969361436425e-11,0.309641474121359,0.000238685775454999,0.987673605753892,0.999999989686377
"GRAP2",5.13272779858153e-11,0.3077327477253,0.00023528454128878,0.987761738511688,0.999999989686377
"DAB2",4.83606264650201e-11,0.291902483925325,0.000208872259067575,0.988469043734188,0.999999989686377
"MARCH2",4.8091013351091e-11,0.290416456630281,0.000206549802741737,0.988533325002054,0.999999989686377
"TLK1",4.77795623752563e-11,0.28868953005828,0.000203883116261656,0.988607581362539,0.999999989686377
"STON2",4.74742599880964e-11,0.28698584544134,0.000201285891468953,0.988680371867981,0.999999989686377
"MIR4435-2HG",4.70453284155404e-11,0.284573855794797,0.000197665072896884,0.9887826383285,0.999999989686377
"SAT1",4.58546861011088e-11,0.277762710729501,0.00018778650424115,0.98906651388134,0.999999989686377
"RAP2B",4.5159817487139e-11,0.273706295202746,0.0001821383021378,0.989232186622741,0.999999989686377
"MLH3",4.44805638289892e-11,0.26968086429531,0.000176700384706639,0.989394136846513,0.999999989686377
"PTCRA",4.44093880499147e-11,0.269255541165459,0.000176135341278219,0.989411106870112,0.999999989686377
"RNF24",4.39642292326628e-11,0.266580010137139,0.000172621885114536,0.989517243584673,0.999999989686377
"NPTN",4.34812143368062e-11,0.263646444463795,0.000168849685754169,0.989632406321055,0.999999989686377
"WIPF1",4.31175016540413e-11,0.261416082585273,0.000166036704579519,0.98971912459225,0.999999989686377
"LYPLAL1",4.28068855723494e-11,0.259496524765331,0.000163653083001449,0.989793183391607,0.999999989686377
"ACRBP",4.22013991283806e-11,0.25571475009478,0.000159056208946793,0.989937547061276,0.999999989686377
"SMIM5",4.21903280841102e-11,0.255645103111192,0.000158972766815066,0.989940186688405,0.999999989686377
"CRYL1",4.18639839678856e-11,0.253583931653304,0.000156522955068163,0.990017995728613,0.999999989686377
"CCL5",4.11122485972761e-11,0.248774840160043,0.000150952179975394,0.990197229617792,0.999999989686377
"PADI4",4.07104054514556e-11,0.246168292669832,0.000148015699921894,0.990293040012842,0.999999989686377
"ODC1",4.06923912811873e-11,0.246050848414247,0.000147884736348298,0.990297335086951,0.999999989686377
"PPP1R15A",4.0566189045423e-11,0.245226620556667,0.000146968867669723,0.990327425182089,0.999999989686377
"ZNF185",4.04505964245883e-11,0.244469453753442,0.000146132490738141,0.990354985664364,0.999999989686377
"ARRB1",4.034616921024e-11,0.243783579809272,0.000145378953712162,0.99037988401439,0.999999989686377
"AP003068.23",4.02623574508243e-11,0.243231834896311,0.000144775584885063,0.990399867073817,0.999999989686377
"UBXN11",3.99022915379877e-11,0.240848460910049,0.000142197710020267,0.990485716891466,0.999999989686377
"LEPR",3.98362924280925e-11,0.240409286835813,0.000141727703887102,0.990501452943282,0.999999989686377
"IKBKG",3.98318560536567e-11,0.240379740293422,0.000141696138592581,0.990502510700377,0.999999989686377
"TSC22D4",3.92545302997113e-11,0.236506645447691,0.00013761839803121,0.990640161624574,0.999999989686377
"ADIPOR1",3.91688774913899e-11,0.235927229020478,0.000137018490595869,0.990660583720598,0.999999989686377
"SEC14L1",3.90225197113049e-11,0.234934252004122,0.000135996441602234,0.990695479644149,0.999999989686377
"ABI1",3.88266971086573e-11,0.233599894312819,0.000134634953050212,0.990742169438436,0.999999989686377
"PDZK1IP1",3.86075322585542e-11,0.232098555821961,0.000133119296463964,0.99079442473986,0.999999989686377
"CCS",3.83777017072546e-11,0.230515063836852,0.000131539096234566,0.990849223098378,0.999999989686377
"UBXN2A",3.82649506239321e-11,0.229734792970677,0.000130767325729968,0.990876106286376,0.999999989686377
"SLC44A2",3.79914455355872e-11,0.227832559194256,0.000128904644170642,0.990941318019494,0.999999989686377
"CST7",3.76760284544774e-11,0.225621921012338,0.000126773114549384,0.991016522891116,0.999999989686377
"FAM63A",3.76657240810919e-11,0.225549392906654,0.000126703779275865,0.99101897976346,0.999999989686377
"SMOX",3.73846101396584e-11,0.22356313623274,0.000124819557829424,0.991086005809597,0.999999989686377
"RAB4A",3.71832678874507e-11,0.222131410746466,0.000123478697213994,0.991134011916636,0.999999989686377
"VIM-AS1",3.69949146617479e-11,0.220785083629833,0.000122230893774571,0.991178921074384,0.999999989686377
"KIAA0922",3.69788788823784e-11,0.220670148446472,0.000122124952573834,0.991182744494907,0.999999989686377
"PHF20L1",3.6957850231896e-11,0.220519352451767,0.000121986095322469,0.991187758369002,0.999999989686377
"GTF2B",3.68072222800439e-11,0.21943671283967,0.000120993771831847,0.991223672694553,0.999999989686377
"MKRN1",3.65339894336774e-11,0.217461607450257,0.000119204081405191,0.991288819834271,0.999999989686377
"RBBP6",3.64811971016741e-11,0.217078304798924,0.00011885982583713,0.991301407161555,0.999999989686377
"FKBP8",3.63083981559657e-11,0.21581983372885,0.000117736495932315,0.991342607798085,0.999999989686377
"MAP4K5",3.5954922982576e-11,0.213226947183215,0.000115455241312679,0.991426887331664,0.999999989686377
"XPNPEP1",3.57666021019062e-11,0.211835212884196,0.000114248970221229,0.991471788957035,0.999999989686377
"MAP3K7CL",3.56738287744092e-11,0.211146927378454,0.000113657048705171,0.9914939090483,0.999999989686377
"HIST1H2AC",3.5627502630823e-11,0.210802569984861,0.000113362049588115,0.991504954666463,0.999999989686377
"KAT6A",3.56026367873993e-11,0.210617551160428,0.000113203865091523,0.991510883470841,0.999999989686377
"TPTEP1",3.52664250184631e-11,0.20810326998345,0.000111075890084942,0.991591047047613,0.999999989686377
"ENKUR",3.52435552093696e-11,0.2079313824875,0.000110931874311899,0.991596499940421,0.999999989686377
"EPS15L1",3.52266154279086e-11,0.207803993361903,0.00011082526133894,0.991600538925526,0.999999989686377
"NAP1L1",3.45141264097264e-11,0.202390331434136,0.000106387523268249,0.991770419264236,0.999999989686377
"ATF7IP",3.40878224018896e-11,0.199098015287637,0.000103775645814697,0.991872064054338,0.999999989686377
"HIST1H2BK",3.39991837008057e-11,0.198408347892279,0.000103236651047436,0.991893198430479,0.999999989686377
"RP6-159A1.4",3.39928288422597e-11,0.198358834551383,0.000103198062297323,0.99189471363759,0.999999989686377
"AKIRIN2",3.38949565725439e-11,0.197595111526802,0.000102604661358103,0.991918049606667,0.999999989686377
"LINC00152",3.37149962198679e-11,0.196185118533811,0.000101518024589959,0.99196095809343,0.999999989686377
"CHD9",3.36102800407023e-11,0.195361232034506,0.000100888389593008,0.991985925896882,0.999999989686377
"ZFAND3",3.35865022563899e-11,0.195173799051661,0.000100745691953721,0.991991595308854,0.999999989686377
"CTD-2336O2.1",3.34456980743851e-11,0.194061183463941,9.99027533238589e-05,0.992025167701534,0.999999989686377
"LINC00657",3.34296091828493e-11,0.193933756132867,9.98066609677707e-05,0.99202900382844,0.999999989686377
"MMD",3.32864747447528e-11,0.19279742179626,9.89538130145845e-05,0.992063131847661,0.999999989686377
"ETFA",3.32518164619739e-11,0.192521544654387,9.87478564628519e-05,0.992071395539261,0.999999989686377
"SCN1B",3.28573908876772e-11,0.189361739163537,9.64191006912349e-05,0.992165439822848,0.999999989686377
"PHTF2",3.23652104276819e-11,0.185365717518795,9.35521553600371e-05,0.992282792301808,0.999999989686377
"SEMA4D",3.22781171086053e-11,0.184652345495285,9.30493435462325e-05,0.992303558314109,0.999999989686377
"EIF2AK1",3.22495781107424e-11,0.184418171057066,9.28848753989939e-05,0.992310362983926,0.999999989686377
"PCMTD1",3.19506008130687e-11,0.181952530082478,9.11706363714467e-05,0.99238164939559,0.999999989686377
"CAPN2",3.18377856292075e-11,0.181016212490752,9.05279396272457e-05,0.992408548409112,0.999999989686377
"PPM1A",3.17629805635225e-11,0.180393549790169,9.0103036151249e-05,0.992426384510082,0.999999989686377
"RAB1A",3.17588727603791e-11,0.18035931520591,9.0079732192049e-05,0.99242736395177,0.999999989686377
"TBPL1",3.12624312026917e-11,0.176189336887714,8.72855646580094e-05,0.992545732793673,0.999999989686377
"DNAJB6",3.12427589499864e-11,0.176022747825875,8.71757482831726e-05,0.992550423342683,0.999999989686377
"MOB2",3.10483512106655e-11,0.174370852944518,8.60942233181075e-05,0.992596776920719,0.999999989686377
"YPEL5",3.04104336637613e-11,0.168877582224873,8.25927933427545e-05,0.992748878863034,0.999999989686377
"APP",3.02919856491529e-11,0.167845050142895,8.19506518790034e-05,0.992777121057943,0.999999989686377
"TST",3.02859512087672e-11,0.167792339923156,8.19180044935215e-05,0.992778559882146,0.999999989686377
"MEPCE",3.02010866769586e-11,0.167049953608777,8.14595613682872e-05,0.992798794593168,0.999999989686377
"LYST",3.01164467430389e-11,0.16630747217662,8.10036128414388e-05,0.992818975756709,0.999999989686377
"BLOC1S6",3.00757218024947e-11,0.165949486983507,8.07846868240613e-05,0.992828686029223,0.999999989686377
"HK1",2.98235260514862e-11,0.163721861147109,7.94355497957011e-05,0.992888818478715,0.999999989686377
"NFKBIA",2.98229569404756e-11,0.163716813173386,7.94325181478263e-05,0.992888954175095,0.999999989686377
"MACF1",2.92833072416648e-11,0.158886717853246,7.65838466039792e-05,0.993017626019434,0.999999989686377
"PTPRA",2.91927905433662e-11,0.158067933659971,7.61111265619742e-05,0.993039208464834,0.999999989686377
"NDUFA6",2.91644306005085e-11,0.157810881816501,7.59633189220296e-05,0.993045970499075,0.999999989686377
"ADD3",2.91393624191062e-11,0.157583460062296,7.58327870502546e-05,0.993051947658959,0.999999989686377
"GPSM3",2.90682501874958e-11,0.156937265178324,7.54631112493934e-05,0.9930689033856,0.999999989686377
"SNN",2.89774877800947e-11,0.156110232455283,7.49925964681111e-05,0.993090544429028,0.999999989686377
"KLF3",2.88510777082100e-11,0.154954092739909,7.43397350181562e-05,0.993120685174542,0.999999989686377
"WASF2",2.86479020422215e-11,0.153085309778262,7.32963880498285e-05,0.993169129642217,0.999999989686377
"CALCOCO1",2.84622765801932e-11,0.151366445555807,7.23496104072348e-05,0.993213389525037,0.999999989686377
"VAPA",2.82794131364912e-11,0.149662271276322,7.1422938309663e-05,0.993256990862335,0.999999989686377
"SMIM3",2.82285827068459e-11,0.149186625170369,7.11664127682642e-05,0.993269110700604,0.999999989686377
"SERINC3",2.82055429687853e-11,0.148970751325101,7.10502902979988e-05,0.993274604219487,0.999999989686377
"SRGN",2.79879689384191e-11,0.146923511543048,6.99583719609236e-05,0.993326481866812,0.999999989686377
"PAFAH1B1",2.77428014025869e-11,0.144597668407004,6.8738104766536e-05,0.993384938854034,0.999999989686377
"UBE2E3",2.77276147261316e-11,0.144452927691158,6.86628695643859e-05,0.99338855991926,0.999999989686377
"DENND4C",2.7669829787001e-11,0.14390147437809,6.83769780145389e-05,0.993402337986713,0.999999989686377
"H3F3B",2.75735506885611e-11,0.14298012624339,6.79019609748098e-05,0.993425294490344,0.999999989686377
"RNF115",2.75588895561019e-11,0.142839546375042,6.7829771869282e-05,0.993428790247908,0.999999989686377
"HTT",2.74571025208892e-11,0.141861504088533,6.73296471262913e-05,0.993453060054495,0.999999989686377
"UXS1",2.71172755868943e-11,0.138570009673054,6.56733298935046e-05,0.993534087450534,0.999999989686377
"TAOK3",2.68838355759124e-11,0.136285210944994,6.45474944449045e-05,0.993589748281024,0.999999989686377
"MMP24-AS1",2.68650479117104e-11,0.136100473177288,6.44573084368017e-05,0.993594227964286,0.999999989686377
"AKAP9",2.68225858849695e-11,0.135682475450102,6.42537111853762e-05,0.993604352503579,0.999999989686377
"VPS37B",2.67853538645454e-11,0.135315422707557,6.40754558044016e-05,0.993613230014115,0.999999989686377
"TFPI",2.67686986481272e-11,0.135151063325757,6.39957959426949e-05,0.993617201242833,0.999999989686377
"ASAH1",2.66269978263975e-11,0.133748602339953,6.33200622836813e-05,0.993650988043611,0.999999989686377
"VTI1B",2.65475474366451e-11,0.132959018603356,6.29427536487981e-05,0.993669932007124,0.999999989686377
"HPCAL1",2.64546807533359e-11,0.132033132078786,6.25031604238187e-05,0.993692074924547,0.999999989686377
"LRP10",2.64028644386394e-11,0.131515120695331,6.22585525463491e-05,0.993704429889028,0.999999989686377
"PYGL",2.63680536602780e-11,0.131166549375927,6.20944915624097e-05,0.993712730092866,0.999999989686377
"ABTB1",2.6168997189365e-11,0.12916454117414,6.11605086772622e-05,0.993760192683929,0.999999989686377
"TSC22D1",2.60993472172902e-11,0.128460475195361,6.08353789958771e-05,0.993776799876685,0.999999989686377
"HTATIP2",2.59494807229636e-11,0.126939201402672,6.01387325425169e-05,0.993812533737316,0.999999989686377
"RAB8B",2.58205313880152e-11,0.125623276875138,5.95425293449479e-05,0.993843280163148,0.999999989686377
"GNAS",2.57155491451593e-11,0.124547122387543,5.90593324211954e-05,0.99386831192943,0.999999989686377
"TXNIP",2.55444159490323e-11,0.122783507488404,5.82758856496317e-05,0.9939091166161,0.999999989686377
"UIMC1",2.54639944765532e-11,0.121950679305868,5.79095233822909e-05,0.993928292170598,0.999999989686377
"EMP3",2.54346816539107e-11,0.121646474082706,5.77762752732503e-05,0.993935281469362,0.999999989686377
"ABLIM1",2.53663071559741e-11,0.120935539964192,5.74660599517566e-05,0.993951584568275,0.999999989686377
"UBAC2",2.53163434348883e-11,0.120414833978858,5.7239902437294e-05,0.993963497834489,0.999999989686377
"CD99",2.53026637624587e-11,0.120272091380393,5.71780600496523e-05,0.993966759592972,0.999999989686377
"CCDC85B",2.50891400035687e-11,0.118034087585953,5.6217105077908e-05,0.994017671858146,0.999999989686377
"TRAPPC1",2.50194239814694e-11,0.117299288901284,5.59051144964537e-05,0.994034294840763,0.999999989686377
"PRKAR1A",2.50187947956226e-11,0.11729264813114,5.59023027399122e-05,0.994034444862894,0.999999989686377
"JAK2",2.49860355670413e-11,0.116946660787463,5.57560033374196e-05,0.994042255924599,0.999999989686377
"FO538757.3",2.49039100479917e-11,0.116077312251267,5.53900817042147e-05,0.994061837813635,0.999999989686377
"TSC22D3",2.48734567514826e-11,0.115754224072318,5.52546990084349e-05,0.994069099054168,0.999999989686377
"SPTBN1",2.48340813970261e-11,0.115335898097714,5.50798981107798e-05,0.994078487658186,0.999999989686377
"PSMB8-AS1",2.48013792846565e-11,0.114987969582847,5.49349325662266e-05,0.99408628510439,0.999999989686377
"AMD1",2.44537830113196e-11,0.111261451486693,5.34058751491382e-05,0.994169165511259,0.999999989686377
"CUX1",2.43831802276749e-11,0.11049812702755,5.3097934229126e-05,0.994185999955601,0.999999989686377
"AIG1",2.43766727166454e-11,0.11042766074415,5.30695959007972e-05,0.994187551598975,0.999999989686377
"TNFAIP8",2.43425159538293e-11,0.110057490131583,5.29209771252023e-05,0.994195695898202,0.999999989686377
"RAB31",2.40329022005351e-11,0.10667843108868,5.15833289422914e-05,0.994269519872799,0.999999989686377
"BACH1",2.38960072277225e-11,0.105170625909609,5.09973500468909e-05,0.994302160980443,0.999999989686377
"HIST1H3H",2.38418119690557e-11,0.10457133781572,5.0766292160417e-05,0.994315083249222,0.999999989686377
"G3BP2",2.35791086381533e-11,0.101647133137475,4.9653708985514e-05,0.994377722016458,0.999999989686377
"EP300",2.35180214168658e-11,0.100962537425453,4.93967630562026e-05,0.99439228760849,0.999999989686377
"CDKN1A",2.3515540292683e-11,0.100934694634268,4.9386341002727e-05,0.994392879205952,0.999999989686377
"GSK3B",2.34288973949835e-11,0.0999605729671461,4.90230839645999e-05,0.994413538277949,0.999999989686377
"C7orf50",2.33743008237113e-11,0.0993449131290571,4.87948723056816e-05,0.994426556248186,0.999999989686377
"MOB1A",2.33542298418915e-11,0.099118224169669,4.8711110183786e-05,0.99443134196015,0.999999989686377
"MTERF4",2.33230619386609e-11,0.0987658199655542,4.85811799664673e-05,0.994438773615297,0.999999989686377
"PKM",2.31760278651058e-11,0.0970970463850665,4.79705763544218e-05,0.994473832333361,0.999999989686377
"AKIRIN1",2.30515121317293e-11,0.0956756294927061,4.74565067314736e-05,0.994503521799977,0.999999989686377
"PRDX6",2.29770890314469e-11,0.0948224142706202,4.71505694086023e-05,0.994521267208884,0.999999989686377
"TALDO1",2.29367739053874e-11,0.0943590829174088,4.69852557325771e-05,0.994530879929646,0.999999989686377
"PCGF5",2.28384875065524e-11,0.0932261153051032,4.65834453228246e-05,0.994554315298282,0.999999989686377
"CFLAR",2.2729988169559e-11,0.0919698020082338,4.61418865545738e-05,0.994580185841159,0.999999989686377
"CMPK1",2.26639320925068e-11,0.091202028240527,4.5874088513196e-05,0.994595936231198,0.999999989686377
"NUCB1",2.26414620874128e-11,0.0909403529673095,4.57831704842399e-05,0.994601293972558,0.999999989686377
"ATP5S",2.26297729596816e-11,0.0908041251225167,4.57359096509486e-05,0.994604081124809,0.999999989686377
"ACAP2",2.2571700958803e-11,0.0901263059648289,4.55014779632523e-05,0.994617927796956,0.999999989686377
"NFE2L2",2.2525105950061e-11,0.0895811972948483,4.53138134667711e-05,0.994629037899381,0.999999989686377
"TOLLIP",2.25237725745938e-11,0.0895655818922316,4.53084489158527e-05,0.994629355829114,0.999999989686377
"CRBN",2.24521495839853e-11,0.0887254443352749,4.50207558096565e-05,0.994646433599456,0.999999989686377
"CHIC2",2.24253794694894e-11,0.0884107495942539,4.49134616474099e-05,0.994652816660379,0.999999989686377
"AQP10",2.2251630630245e-11,0.0863591687180239,4.42201907955639e-05,0.994694245308302,0.999999989686377
"ZFAND6",2.2155343625064e-11,0.0852153966513072,4.3838320577204e-05,0.994717203973961,0.999999989686377
"SF3A1",2.21273876138974e-11,0.0848823914612598,4.37277584127702e-05,0.994723869803803,0.999999989686377
"HMHA1",2.20827808163483e-11,0.0843501826865188,4.35516337630884e-05,0.994734505847042,0.999999989686377
"RNF10",2.20660220877631e-11,0.0841499573061999,4.34855557573504e-05,0.994738501797938,0.999999989686377
"MSN",2.18648105109768e-11,0.0817341517458563,4.26961153963092e-05,0.994786478692412,0.999999989686377
"ASB8",2.16746008946361e-11,0.0794301161481684,4.19564897684217e-05,0.994831832296439,0.999999989686377
"PPDPF",2.14370586920480e-11,0.0765244615116834,4.10418871335465e-05,0.994888471911513,0.999999989686377
"HERC1",2.14211386941526e-11,0.0763285873651647,4.09809511487269e-05,0.99489226788024,0.999999989686377
"ZEB2",2.14141544781057e-11,0.0762426105024717,4.09542323864139e-05,0.994893933198693,0.999999989686377
"RAB8A",2.1337735001046e-11,0.0753000561594855,4.06624518603712e-05,0.994912154681913,0.999999989686377
"INSIG1",2.11041930544571e-11,0.0723987091789086,3.97772202199338e-05,0.994967840510686,0.999999989686377
"CTNNB1",2.10399189701422e-11,0.0715946384151867,3.95353013564374e-05,0.994983166051614,0.999999989686377
"RAP1A",2.09757826322038e-11,0.0707898632716666,3.92946364831066e-05,0.994998458750081,0.999999989686377
"FRMD3",2.08685200677851e-11,0.0694384857519693,3.88937868978128e-05,0.995024034490298,0.999999989686377
"DAP",2.07849578957985e-11,0.0683809305012465,3.8582931854797e-05,0.995043959100477,0.999999989686377
"BTN3A2",2.06300946649552e-11,0.0664098190593887,3.80101312602233e-05,0.99508088478245,0.999999989686377
"UCP2",2.06263094704806e-11,0.0663614576190024,3.79961843984124e-05,0.995081787326631,0.999999989686377
"MOB1B",2.04325536661135e-11,0.0638741327458709,3.72856934171778e-05,0.995127986592392,0.999999989686377
"AP1S2",2.04165093030534e-11,0.0636671187685305,3.72271603196395e-05,0.995131812221966,0.999999989686377
"PIK3CB",2.03907023941605e-11,0.0633338044781682,3.71331079293561e-05,0.995137965640289,0.999999989686377
"STX7",2.03289160863104e-11,0.0625340911398163,3.69084132069329e-05,0.995152698014117,0.999999989686377
"NQO2",2.02765218071241e-11,0.0618540531586212,3.6718408221643e-05,0.995165190946844,0.999999989686377
"JMJD1C",2.02464172730294e-11,0.0614625317889657,3.66094575843974e-05,0.995172369095931,0.999999989686377
"PNMA1",2.01742443722842e-11,0.0605215426086703,3.63489175257546e-05,0.99518957806146,0.999999989686377
"LMNB1",2.01525500053068e-11,0.0602380402684215,3.62707839660544e-05,0.995194750884517,0.999999989686377
"ADH5",1.99618435009649e-11,0.0577328029875537,3.5587560673843e-05,0.995240223112025,0.999999989686377
"EPB41",1.98452460212488e-11,0.0561894086683459,3.51730396937266e-05,0.995268024725803,0.999999989686377
"TPP1",1.98244266692818e-11,0.0559128797641577,3.50992793805124e-05,0.99527298891246,0.999999989686377
"HIST1H2BJ",1.96919596725641e-11,0.0541466502313896,3.46317791378673e-05,0.995304574477072,0.999999989686377
"UGP2",1.96877434757924e-11,0.054090241225702,3.46169508763395e-05,0.995305579791413,0.999999989686377
"PACSIN2",1.9678407980158e-11,0.0539652979343068,3.45841294638731e-05,0.995307805756724,0.999999989686377
"RSRP1",1.96596696353623e-11,0.0537143327152677,3.45182968215761e-05,0.995312273747302,0.999999989686377
"KIAA1109",1.94551305305265e-11,0.050959407580168,3.38037768135022e-05,0.995361044275421,0.999999989686377
"MPL",1.94315266129964e-11,0.0506396441702011,3.37218017753776e-05,0.995366672420481,0.999999989686377
"SLC9A3R1",1.93889338055708e-11,0.0500616631379729,3.35741312308398e-05,0.995376828298723,0.999999989686377
"ITPR2",1.93445911128116e-11,0.0494585992664146,3.34207380646647e-05,0.995387401422443,0.999999989686377
"TGFBR2",1.92987347983951e-11,0.0488335089117755,3.3262478279464e-05,0.995398335456739,0.999999989686377
"TGOLN2",1.9280182017686e-11,0.0485801887768421,3.31985554531566e-05,0.995402759204143,0.999999989686377
"PCNP",1.8949651737536e-11,0.0440262133544653,3.2070032000474e-05,0.99548157126626,0.999999989686377
"TRIP12",1.88814125927193e-11,0.0430762407612113,3.18394746020025e-05,0.995497842300614,0.999999989686377
"ATP6V1E1",1.88335555887045e-11,0.0424079826700221,3.16782778894968e-05,0.995509253390755,0.999999989686377
"KCNA3",1.87404606628808e-11,0.0411032088802806,3.13658782264143e-05,0.995531451076087,0.999999989686377
"STAT3",1.87245914253975e-11,0.0408801533084781,3.13127800840139e-05,0.995535234959786,0.999999989686377
"HERC2",1.85959052752233e-11,0.0390644176831147,3.08838602280966e-05,0.995565919073321,0.999999989686377
"ACP1",1.85942878153929e-11,0.0390415165805577,3.0878487945314e-05,0.995566304742847,0.999999989686377
"CD69",1.85609087945701e-11,0.0385684727619578,3.07677261251564e-05,0.995574263686401,0.999999989686377
"SPTLC2",1.84979880671e-11,0.0376744725850329,3.05594770169253e-05,0.995589266599786,0.999999989686377
"JUNB",1.82849610247512e-11,0.0346251987399398,2.98596701310299e-05,0.995640061101376,0.999999989686377
"CSNK1A1",1.82588216131249e-11,0.0342486185441196,2.97743588949413e-05,0.995646293824842,0.999999989686377
"YPEL3",1.79691418268688e-11,0.0300392131836643,2.88371011456538e-05,0.995715365557967,0.999999989686377
"PNKD",1.79677244649378e-11,0.0300184524426953,2.88325521251392e-05,0.995715703516198,0.999999989686377
"FAAP20",1.79404606690231e-11,0.0296187914458697,2.87451188583156e-05,0.995722204343008,0.999999989686377
"FAM46C",1.78364178237969e-11,0.0280880780860391,2.84126801440925e-05,0.995747012502181,0.999999989686377
"AK3",1.78196954213907e-11,0.0278412282208707,2.83594289196604e-05,0.995750999821634,0.999999989686377
"ARL8B",1.7711930042167e-11,0.0262449136178773,2.80174563554649e-05,0.995776695593383,0.999999989686377
"AASDHPPT",1.74620093405689e-11,0.0225055523606521,2.72323650461262e-05,0.995836287153882,0.999999989686377
"PPP3R1",1.73813817991115e-11,0.0212878764291659,2.69814649884542e-05,0.995855512140953,0.999999989686377
"FEZ2",1.72134629744284e-11,0.0187338334864186,2.64626557513936e-05,0.995895551038294,0.999999989686377
"MPHOSPH8",1.71520390594129e-11,0.0177934106281494,2.62741358888776e-05,0.995910197080909,0.999999989686377
"SRSF8",1.69572672376992e-11,0.0147891799378215,2.56808063899613e-05,0.995956638877373,0.999999989686377
"CARHSP1",1.69334290755274e-11,0.0144191475091631,2.5608654088316e-05,0.995962322899064,0.999999989686377
"EIF1B",1.68296776176216e-11,0.0128026159275623,2.52958059773557e-05,0.995987061618007,0.999999989686377
"ERBB2",1.67900284538354e-11,0.0121822429744308,2.51767572184373e-05,0.995996515650219,0.999999989686377
"SMPD1",1.67163723837088e-11,0.0110259195757273,2.49563462255156e-05,0.996014078364087,0.999999989686377
"H1F0",1.66795596793481e-11,0.0104461067314987,2.48465497954385e-05,0.996022856066259,0.999999989686377
"IFNGR1",1.6657738872391e-11,0.0101018231366608,2.47815819986101e-05,0.996028059067677,0.999999989686377
"APLP2",1.64730928719498e-11,0.00717051918977908,2.42352342326023e-05,0.996072086474689,0.999999989686377
"KLF6",1.6461043903358e-11,0.0069781096602987,2.4199794283882e-05,0.996074959458236,0.999999989686377
"EHD1",1.64516271476388e-11,0.00682763674902764,2.41721145849907e-05,0.996077204810978,0.999999989686377
"EIF4E2",1.63534159881914e-11,0.00525319208887529,2.38843758174501e-05,0.996100622506011,0.999999989686377
"BPTF",1.63063167556971e-11,0.00449480994643397,2.37469958578196e-05,0.996111852956667,0.999999989686377
"MINK1",1.62984255751815e-11,0.00436753571406532,2.37240174634726e-05,0.996113734548197,0.999999989686377
"SHKBP1",1.62494567153146e-11,0.00357636671287419,2.35816733024741e-05,0.996125410798107,0.999999989686377
"BNIP3L",1.61128537930645e-11,0.00135679164709336,2.31868557624516e-05,0.996157982723966,0.999999989686377
"TMPO",1.60768876198815e-11,0.000769301611610355,2.30834585937401e-05,0.996166558584957,0.999999989686377
"LRBA",1.60702144987499e-11,0.000660156319903272,2.30642998174732e-05,0.996168149740087,0.999999989686377
"HNRNPH1",1.58326823848398e-11,-0.00325442022651273,2.23875169103008e-05,0.99622478748125,0.999999989686377
"MAP2K3",1.58308408333057e-11,-0.00328499593782499,2.23823092812408e-05,0.996225226585399,0.999999989686377
"SSFA2",1.58251151180375e-11,-0.00338008382759064,2.23661216945208e-05,0.996226591839263,0.999999989686377
"TACC3",1.58149887355982e-11,-0.00354833773251699,2.23375069974082e-05,0.996229006399236,0.999999989686377
"CENPC",1.57798593178237e-11,-0.00413285500289676,2.22383817804734e-05,0.996237382745799,0.999999989686377
"TRAPPC6A",1.57485714693986e-11,-0.00465453817221341,2.21502819682861e-05,0.996244843099272,0.999999989686377
"SH3BGRL",1.56991544516201e-11,-0.00548059483632283,2.20114905203561e-05,0.996256626218267,0.999999989686377
"SSRP1",1.55310255657706e-11,-0.00831044865861092,2.15425543306044e-05,0.99629671530213,0.999999989686377
"SNRPD1",1.54920253994474e-11,-0.00897121098188977,2.14344985778364e-05,0.996306014603412,0.999999989686377
"DR1",1.54732295193729e-11,-0.00929024944535008,2.1382518819895e-05,0.996310496342212,0.999999989686377
"NUTM2A-AS1",1.54678713484107e-11,-0.00938126851739739,2.13677124274653e-05,0.996311773958531,0.999999989686377
"SSSCA1",1.54166539630845e-11,-0.0102528751036098,2.12264406979046e-05,0.996323986366515,0.999999989686377
"MPST",1.52891862085404e-11,-0.0124346011738038,2.0876883500955e-05,0.996354380116695,0.999999989686377
"KIF22",1.52543972828941e-11,-0.0130331734440666,2.0781985309992e-05,0.99636267528151,0.999999989686377
"WBP1",1.52052044030226e-11,-0.0138818883130155,2.06481645797187e-05,0.996374404964505,0.999999989686377
"ANAPC5",1.52027394863197e-11,-0.0139244865107544,2.06414705716631e-05,0.996374992705915,0.999999989686377
"PRPF6",1.51188575865309e-11,-0.0153782071168264,2.04143182091764e-05,0.99639499373428,0.999999989686377
"NBAS",1.51018570233502e-11,-0.0156738094146852,2.03684338188119e-05,0.996399047395087,0.999999989686377
"RP11-367G6.3",1.50746391545221e-11,-0.0161477547321311,2.0295080485045e-05,0.996405537298406,0.999999989686377
"RRM1",1.50189652179587e-11,-0.0171198505376542,2.01454489727895e-05,0.996418812345329,0.999999989686377
"RAB11B",1.49887443550701e-11,-0.0176490173384083,2.00644579961332e-05,0.996426018291608,0.999999989686377
"PNN",1.49844283023192e-11,-0.0177246775335856,2.00529044211541e-05,0.996427047423208,0.999999989686377
"ATXN2",1.49446618035442e-11,-0.0184227992064505,1.99466106545552e-05,0.996436529457854,0.999999989686377
"SMC1A",1.48571428778716e-11,-0.0199657395790058,1.97136720498826e-05,0.996457397715845,0.999999989686377
"MCUR1",1.48469409485248e-11,-0.0201461827238228,1.96866078369895e-05,0.996459830292637,0.999999989686377
"TPP2",1.48055940135e-11,-0.0208787515645132,1.95771108734418e-05,0.996469689172715,0.999999989686377
"TOP2A",1.47595892664757e-11,-0.0216962299175814,1.94556377635444e-05,0.996480658675288,0.999999989686377
"SFPQ",1.47471290385245e-11,-0.0219180752735901,1.94228022490319e-05,0.996483629727552,0.999999989686377
"ZNF428",1.47469306935846e-11,-0.0219216081621942,1.94222797895585e-05,0.996483677021485,0.999999989686377
"HNRNPU",1.4744293466672e-11,-0.021968586501046,1.94153337504062e-05,0.996484305849393,0.999999989686377
"SECISBP2",1.46315232425012e-11,-0.0239852456735967,1.91194771100756e-05,0.996511195105355,0.999999989686377
"FBXO7",1.46186504290735e-11,-0.0242164267759916,1.90858492794294e-05,0.996514264536194,0.999999989686377
"AP2M1",1.46165716919436e-11,-0.0242537774317016,1.90804217411023e-05,0.996514760196288,0.999999989686377
"MADD",1.46076698253259e-11,-0.024413785273935,1.90571878869525e-05,0.996516882783128,0.999999989686377
"TOX4",1.4604958150199e-11,-0.024462545838335,1.90501132328135e-05,0.996517529362798,0.999999989686377
"SF3B4",1.45760977989221e-11,-0.0249820604193464,1.8974899084205e-05,0.996524410908677,0.999999989686377
"PRRC2A",1.44379774640061e-11,-0.0274825449125353,1.86169977777064e-05,0.99655734472558,0.999999989686377
"SLC40A1",1.4346480996395e-11,-0.0291520402424591,1.83817858622637e-05,0.996579161414338,0.999999989686377
"FIP1L1",1.43335460131764e-11,-0.0293889091434495,1.83486542665453e-05,0.996582245670258,0.999999989686377
"TMEM140",1.43029994351487e-11,-0.0299491273364974,1.82705310494275e-05,0.996589529287495,0.999999989686377
"PHYKPL",1.42161485773464e-11,-0.0315484501615573,1.80493196072672e-05,0.996610238266805,0.999999989686377
"SEPT6",1.41357102208011e-11,-0.0330383410753943,1.78456427647065e-05,0.996629418232098,0.999999989686377
"EIF4E",1.40793897423327e-11,-0.0340865213011116,1.77037223548612e-05,0.996642847458676,0.999999989686377
"NFAT5",1.40609457118559e-11,-0.0344306855377071,1.76573689085179e-05,0.996647245309736,0.999999989686377
"BRAF",1.39607628148461e-11,-0.0363079331018649,1.74066511333956e-05,0.996671133228005,0.999999989686377
"RTN3",1.39604833098646e-11,-0.0363131891567792,1.74059541518533e-05,0.996671199874037,0.999999989686377
"HMGB2",1.39478857826705e-11,-0.0365501922468878,1.73745550887081e-05,0.996674203667402,0.999999989686377
"TCEB2",1.39169066250784e-11,-0.0371339199539173,1.72974607755582e-05,0.996681590433798,0.999999989686377
"TYMS",1.39027784464722e-11,-0.0374005587259358,1.7262358496572e-05,0.996684959200608,0.999999989686377
"HOPX",1.39006190051025e-11,-0.0374413371371073,1.72569963804739e-05,0.996685474104524,0.999999989686377
"SHOC2",1.38560647118388e-11,-0.0382840930148927,1.71465493449598e-05,0.996696097769076,0.999999989686377
"NIPSNAP3A",1.37917525965298e-11,-0.0395053162843652,1.69877493175265e-05,0.996711432551329,0.999999989686377
"ZNF106",1.37183290128142e-11,-0.0409064686349308,1.68073543638521e-05,0.99672893990214,0.999999989686377
"HMG20B",1.37155533193328e-11,-0.0409595831012117,1.68005536311625e-05,0.996729601747276,0.999999989686377
"JKAMP",1.36822563479183e-11,-0.0415975703019985,1.67190799188312e-05,0.996737541182674,0.999999989686377
"NDUFA12",1.36031443259611e-11,-0.0431195832291791,1.65262964689625e-05,0.996756404905227,0.999999989686377
"FUS",1.35804280513404e-11,-0.0435582345277232,1.64711470974247e-05,0.996761821446454,0.999999989686377
"CDC42SE2",1.35633386813217e-11,-0.0438887093395561,1.64297191806265e-05,0.996765896290636,0.999999989686377
"TNFRSF14",1.35464857435339e-11,-0.0442150159687482,1.63889155084019e-05,0.996769914759241,0.999999989686377
"REST",1.35340690235132e-11,-0.0444556857673099,1.63588850906836e-05,0.996772875441888,0.999999989686377
"GLUL",1.34670770530067e-11,-0.0457579553547145,1.61973369817954e-05,0.996788849223513,0.999999989686377
"ATOX1",1.34205714713004e-11,-0.0466657630080462,1.60856622723631e-05,0.996799938165242,0.999999989686377
"CHD3",1.33708179678262e-11,-0.0476404260204084,1.59666159913269e-05,0.996811801552655,0.999999989686377
"TAF15",1.3343107064226e-11,-0.048184836044625,1.59005032267369e-05,0.996818409031068,0.999999989686377
"EXOSC8",1.32822967915886e-11,-0.0493834519494883,1.57559026310146e-05,0.996832908831967,0.999999989686377
"DUT",1.32221906131129e-11,-0.0505735402850205,1.56136253838403e-05,0.996847240747372,0.999999989686377
"USP22",1.31465890525602e-11,-0.0520780615934141,1.54355853290526e-05,0.996865267434221,0.999999989686377
"ATP6V1F",1.30618110607651e-11,-0.0537754218414068,1.5237149283901e-05,0.996885482181675,0.999999989686377
"DAZAP2",1.30304487591288e-11,-0.0544060989265271,1.51640662530817e-05,0.996892960314109,0.999999989686377
"MRPS6",1.29882723562716e-11,-0.055256614574789,1.50660603103243e-05,0.996903016997554,0.999999989686377
"NONO",1.29869888121675e-11,-0.0552825409587827,1.50630827014734e-05,0.996903323050137,0.999999989686377
"IGLL1",1.29443743917154e-11,-0.0561447555057923,1.49643914031532e-05,0.996913484176486,0.999999989686377
"SHARPIN",1.29365995936856e-11,-0.0563023655094699,1.4946420634229e-05,0.996915338025643,0.999999989686377
"NUMA1",1.2892848029421e-11,-0.057191045657198,1.48454940369185e-05,0.996925770297018,0.999999989686377
"RNF19A",1.28896712085037e-11,-0.0572556893388216,1.48381790254423e-05,0.996926527788993,0.999999989686377
"GAMT",1.28361285874406e-11,-0.0583475833465636,1.47151619379612e-05,0.996939294673921,0.999999989686377
"TAF7",1.28347791624459e-11,-0.0583751603683184,1.47120681759395e-05,0.996939616435423,0.999999989686377
"HNRNPM",1.28250842985925e-11,-0.0585733702765043,1.46898507887631e-05,0.996941928111867,0.999999989686377
"BAZ2A",1.28209522131698e-11,-0.0586578951757835,1.46803865328504e-05,0.996942913380434,0.999999989686377
"POLR3GL",1.28133408301343e-11,-0.0588136623272633,1.46629611691912e-05,0.996944728264624,0.999999989686377
"CDV3",1.28032944610067e-11,-0.0590194018388571,1.46399770352407e-05,0.996947123755246,0.999999989686377
"IGF1R",1.27907941121274e-11,-0.0592756196449985,1.46114038451514e-05,0.996950104381232,0.999999989686377
"ITFG1",1.27854714138722e-11,-0.059384793463609,1.45992457396854e-05,0.996951373543642,0.999999989686377
"KMT2A",1.27024948192579e-11,-0.061092568579897,1.44103649811878e-05,0.996971158768163,0.999999989686377
"NOLC1",1.27004321704806e-11,-0.0611351613358155,1.44056854109369e-05,0.996971650593253,0.999999989686377
"ISCU",1.26860914685167e-11,-0.0614314797431315,1.43731713981847e-05,0.996975070039734,0.999999989686377
"SUMO3",1.26139143457021e-11,-0.0629279106636644,1.42100852353553e-05,0.996992280202901,0.999999989686377
"HLA-DPB1",1.2608486639377e-11,-0.063040784460705,1.4197858804533e-05,0.996993574404054,0.999999989686377
"ARPP19",1.25769427199579e-11,-0.063697720903958,1.41269072457139e-05,0.997001095845947,0.999999989686377
"ITGA4",1.25689789111831e-11,-0.0638638337773435,1.410902239544e-05,0.99700299476426,0.999999989686377
"FBXW5",1.25655684871698e-11,-0.0639350018746232,1.41013668458414e-05,0.997003807957651,0.999999989686377
"IER2",1.25655497054146e-11,-0.0639353938617579,1.41013246912468e-05,0.997003812436038,0.999999989686377
"TNRC6B",1.25559471266054e-11,-0.0641358817652025,1.4079780493802e-05,0.99700610210842,0.999999989686377
"HIST1H1B",1.25330390185331e-11,-0.064614783474277,1.4028450730371e-05,0.997011564397705,0.999999989686377
"TFAM",1.25211428035119e-11,-0.0648638198195164,1.40018320845369e-05,0.997014400972812,0.999999989686377
"MYC",1.24922769907277e-11,-0.0654690742143131,1.39373478141812e-05,0.997021283838304,0.999999989686377
"SUPT4H1",1.24905904240995e-11,-0.0655044807103959,1.39335847405716e-05,0.997021685989165,0.999999989686377
"HMGB1",1.24640924125632e-11,-0.066061381987203,1.38745289800017e-05,0.997028004268042,0.999999989686377
"SNRPD2",1.24419634976529e-11,-0.0665273580588755,1.38253066684151e-05,0.997033280764327,0.999999989686377
"PPP4R2",1.24372242389374e-11,-0.0666272609084791,1.38147763005637e-05,0.997034410809857,0.999999989686377
"AURKB",1.24316942067478e-11,-0.0667438807976089,1.38024939501064e-05,0.997035729410206,0.999999989686377
"RPL10",1.24008300928013e-11,-0.0673957022568078,1.37340442404221e-05,0.997043088758366,0.999999989686377
"DBI",1.231901420479e-11,-0.0691313804128507,1.35534182226827e-05,0.997062597228413,0.999999989686377
"SOD1",1.23097259197834e-11,-0.0693291470477693,1.35329879267711e-05,0.99706481196009,0.999999989686377
"CAT",1.23001372986365e-11,-0.0695334634887415,1.35119131837679e-05,0.997067098305009,0.999999989686377
"NUSAP1",1.22330008439725e-11,-0.0709684543189682,1.33648146190056e-05,0.997083106560632,0.999999989686377
"MSI2",1.21610037887802e-11,-0.072516026476822,1.32079609206709e-05,0.99710027379648,0.999999989686377
"FKBP1A",1.21606847324305e-11,-0.0725229047401345,1.32072678810845e-05,0.997100349873422,0.999999989686377
"USP15",1.21517472487303e-11,-0.0727156529490164,1.31878616770079e-05,0.997102480959158,0.999999989686377
"HLA-DRA",1.21326300113144e-11,-0.0731284120941324,1.314639979299e-05,0.997107039342028,0.999999989686377
"DICER1",1.21020341431935e-11,-0.0737903474013531,1.3080178643727e-05,0.997114334731097,0.999999989686377
"C7orf73",1.20761397428131e-11,-0.0743518631292557,1.30242639071567e-05,0.997120509085441,0.999999989686377
"HBP1",1.20726094668225e-11,-0.0744285088877675,1.30166501288338e-05,0.997121350857211,0.999999989686377
"SMC4",1.20444186715221e-11,-0.0750413559721371,1.29559306485161e-05,0.997128072772475,0.999999989686377
"LAPTM5",1.2039521058412e-11,-0.075147971232507,1.29453962696345e-05,0.997129240577092,0.999999989686377
"SDHC",1.20254588577474e-11,-0.0754543275462819,1.29151733983033e-05,0.997132593619209,0.999999989686377
"TUFM",1.20065793440104e-11,-0.0758661910701294,1.2874652567817e-05,0.997137095319002,0.999999989686377
"HIST1H4C",1.19733066765246e-11,-0.076593609633397,1.28033948905144e-05,0.997145028974847,0.999999989686377
"SVIP",1.19378872326101e-11,-0.0773701640943488,1.27277569095369e-05,0.997153474516182,0.999999989686377
"AKAP13",1.18946435433534e-11,-0.0783213597289087,1.26357141081736e-05,0.997163785699533,0.999999989686377
"YWHAB",1.18397577154231e-11,-0.0795335800743675,1.25193724021854e-05,0.997176872877671,0.999999989686377
"CENPF",1.18342391597231e-11,-0.0796557717557835,1.25077044687186e-05,0.997178188742377,0.999999989686377
"TMEM147",1.18265605386727e-11,-0.0798258854186453,1.24914785393233e-05,0.997180019661018,0.999999989686377
"EBPL",1.17932020103614e-11,-0.080566188330908,1.24211098701709e-05,0.997187973791353,0.999999989686377
"ACTR10",1.17557948021128e-11,-0.0813988105964057,1.23424370649424e-05,0.997196893304173,0.999999989686377
"NCOA7",1.17432263059167e-11,-0.0816791532151474,1.23160597844786e-05,0.997199890182881,0.999999989686377
"PCBP1",1.17239683718236e-11,-0.0821092817577174,1.22756982378345e-05,0.997204482115973,0.999999989686377
"HPGD",1.16830810482599e-11,-0.083024829374491,1.21902245813902e-05,0.997214231441061,0.999999989686377
"ANP32E",1.16383571729571e-11,-0.0840299245392615,1.20970726883106e-05,0.997224895568254,0.999999989686377
"CPNE3",1.16160699293995e-11,-0.0845322219010003,1.20507856992089e-05,0.997230209821697,0.999999989686377
"MORC3",1.15721338850192e-11,-0.0855252282176321,1.19597975165188e-05,0.997240686096278,0.999999989686377
"TNFRSF1A",1.15509069591174e-11,-0.0860063197331366,1.19159617123685e-05,0.997245747523972,0.999999989686377
"ME2",1.15471239356345e-11,-0.0860921508568761,1.19081578262565e-05,0.997246649562268,0.999999989686377
"TSPYL1",1.15383654186317e-11,-0.0862909753423961,1.18900999534344e-05,0.997248737975897,0.999999989686377
"RARRES3",1.1533981360789e-11,-0.0863905526521362,1.18810662677901e-05,0.997249783327092,0.999999989686377
"WAPL",1.14769195839523e-11,-0.0876900542881182,1.17637992605832e-05,0.997263389351606,0.999999989686377
"RAB2A",1.14748407713265e-11,-0.087737516988601,1.17595380963378e-05,0.997263885031516,0.999999989686377
"EIF3D",1.14585929965066e-11,-0.088108773862315,1.17262598904237e-05,0.997267759212159,0.999999989686377
"CARD8",1.14489270094013e-11,-0.0883298861474518,1.1706484675435e-05,0.997270064006573,0.999999989686377
"XRN1",1.14344442669402e-11,-0.0886615292607436,1.16768863089969e-05,0.997273517326339,0.999999989686377
"ACADVL",1.14235088488935e-11,-0.0889122171646531,1.16545624302217e-05,0.997276124808719,0.999999989686377
"HLA-DRB1",1.1415563197829e-11,-0.0890945155210732,1.16383553466632e-05,0.997278019399786,0.999999989686377
"LASP1",1.13930472839087e-11,-0.0896117849231375,1.15924899307706e-05,0.997283388179474,0.999999989686377
"ANXA6",1.13902234307304e-11,-0.0896767301309928,1.15867440698346e-05,0.997284061509717,0.999999989686377
"ARHGDIB",1.1344873430522e-11,-0.090721914526313,1.1494662857206e-05,0.99729487493572,0.999999989686377
"RNF213",1.13182347916881e-11,-0.0913377870542254,1.14407455206978e-05,0.997301226754002,0.999999989686377
"HMGN2",1.13100209489359e-11,-0.0915279766310195,1.14241460442496e-05,0.997303185293918,0.999999989686377
"LINC01420",1.13006130668875e-11,-0.0917459819795216,1.14051483220881e-05,0.997305428545127,0.999999989686377
"KMT2E",1.12810128745017e-11,-0.0922007476280817,1.13656196276084e-05,0.997310102089681,0.999999989686377
"SCAF4",1.12768392547858e-11,-0.0922976853870066,1.13572113401936e-05,0.99731109726348,0.999999989686377
"IFI16",1.12747196969321e-11,-0.0923469284812677,1.13529424127616e-05,0.997311602658938,0.999999989686377
"SMC2",1.12230803658084e-11,-0.0935494907089402,1.12491853691117e-05,0.997323915738328,0.999999989686377
"CSK",1.12066499866978e-11,-0.0939332657148539,1.12162722861364e-05,0.997327833460826,0.999999989686377
"EZR",1.11917477329641e-11,-0.0942818293422057,1.11864620213689e-05,0.997331386811314,0.999999989686377
"YBX1",1.11884879721683e-11,-0.0943581363729085,1.11799465278642e-05,0.997332164081177,0.999999989686377
"NDUFB7",1.11818545367813e-11,-0.0945134850056435,1.11666937150317e-05,0.997333745782953,0.999999989686377
"MIF",1.11744419566954e-11,-0.0946871884283927,1.11518935626488e-05,0.997335513266992,0.999999989686377
"TMED5",1.1074971952293e-11,-0.0970292289282049,1.09542386376382e-05,0.997359231277788,0.999999989686377
"DNPH1",1.10568247425093e-11,-0.0974587537144303,1.09183692915374e-05,0.997363558368605,0.999999989686377
"UQCR11",1.1042058032397e-11,-0.0978087810576098,1.08892251682686e-05,0.997367079400076,0.999999989686377
"CD44",1.10382748612132e-11,-0.0978985312124742,1.08817648296965e-05,0.997367981474054,0.999999989686377
"EIF4EBP1",1.10256885305509e-11,-0.09819734267786,1.08569632357384e-05,0.997370982607468,0.999999989686377
"KIT",1.10251112640647e-11,-0.0982110556314578,1.08558264002597e-05,0.997371120253125,0.999999989686377
"DHFR",1.10140452866587e-11,-0.0984740652048454,1.08340452065849e-05,0.997373758867654,0.999999989686377
"EIF2S3",1.10080319664733e-11,-0.0986170959492898,1.08222183443371e-05,0.997375192707031,0.999999989686377
"ANKRD10",1.09789883529896e-11,-0.0993090080642005,1.07651869546803e-05,0.997382117978941,0.999999989686377
"UBR2",1.09753982311472e-11,-0.0993946621023964,1.07581476879297e-05,0.99738297402154,0.999999989686377
"STX16",1.09751205628245e-11,-0.0994012879392816,1.07576033506812e-05,0.997383040229853,0.999999989686377
"ZFAND2B",1.09718001278805e-11,-0.0994805343980432,1.07510950816401e-05,0.997383831967263,0.999999989686377
"MYL6B",1.09445874477907e-11,-0.100130896148488,1.0697830659975e-05,0.997390320664534,0.999999989686377
"ASPM",1.09442707443069e-11,-0.100138474534036,1.06972115427656e-05,0.997390396180545,0.999999989686377
"DHX15",1.0938217200359e-11,-0.100283371306085,1.06853810366255e-05,0.997391839611131,0.999999989686377
"RPL15",1.09164664794507e-11,-0.100804649361667,1.06429273794509e-05,0.997397025937769,0.999999989686377
"HSPA9",1.09131364516731e-11,-0.100884547599688,1.06364351984388e-05,0.997397819962577,0.999999989686377
"FLII",1.08938649554818e-11,-0.101347408257923,1.05989026276108e-05,0.997402415133321,0.999999989686377
"LSM5",1.08565911585112e-11,-0.102244950864105,1.05264975652887e-05,0.997411302843148,0.999999989686377
"PPP1R10",1.08512881010093e-11,-0.102372894832641,1.051621643977e-05,0.997412567324931,0.999999989686377
"ZFAND1",1.08160719517142e-11,-0.103224109289083,1.04480697453776e-05,0.997420964401543,0.999999989686377
"TSPAN3",1.0794791543644e-11,-0.103739811944393,1.04069974476457e-05,0.997426038585556,0.999999989686377
"CCNG1",1.07849333672689e-11,-0.103979053070994,1.03879980682207e-05,0.997428389207854,0.999999989686377
"PPM1K",1.07823304037583e-11,-0.104042258684408,1.03829843484373e-05,0.997429009868702,0.999999989686377
"NEK2",1.07347854647895e-11,-0.105199418730742,1.0291618207787e-05,0.997440346671048,0.999999989686377
"EIF3M",1.07268104037675e-11,-0.105394014452694,1.02763322394675e-05,0.997442248276032,0.999999989686377
"SF3A3",1.07266199812849e-11,-0.105398662612915,1.02759673915297e-05,0.997442293681119,0.999999989686377
"MCM5",1.07235755361205e-11,-0.105472987774238,1.02701351387481e-05,0.997443019610628,0.999999989686377
"AZIN1",1.07206834851666e-11,-0.105543611829604,1.02645963613361e-05,0.997443709202662,0.999999989686377
"DDX17",1.07115926749113e-11,-0.105765732842724,1.02471956173429e-05,0.997445876851322,0.999999989686377
"KDM6A",1.07001252746011e-11,-0.106046188788587,1.02252668906401e-05,0.997448611183516,0.999999989686377
"RPL27",1.06959580103552e-11,-0.106148180467649,1.02173037892143e-05,0.997449604842459,0.999999989686377
"C20orf24",1.06662496850545e-11,-0.106876418574752,1.01606249128904e-05,0.997456688612977,0.999999989686377
"CD52",1.0655227956301e-11,-0.107147104234484,1.01396372564784e-05,0.997459316677599,0.999999989686377
"SIVA1",1.06357033707671e-11,-0.107627295042692,1.01025116625318e-05,0.99746397219711,0.999999989686377
"GDI2",1.06329077318377e-11,-0.107696122852525,1.00972013860014e-05,0.997464638800337,0.999999989686377
"NPEPPS",1.06017064820879e-11,-0.108465506526311,1.00380297887274e-05,0.997472078550113,0.999999989686377
"CD74",1.06003194710549e-11,-0.108499760496992,1.00354034290308e-05,0.997472409274531,0.999999989686377
"ANKRD17",1.05925376741015e-11,-0.108692024017372,1.0020674664024e-05,0.997474264797107,0.999999989686377
"HLA-DRB5",1.05895121993508e-11,-0.108766811655644,1.00149512067276e-05,0.997474986203327,0.999999989686377
"EMC10",1.05846480845899e-11,-0.108887093554032,1.00057529201347e-05,0.997476146022182,0.999999989686377
"NSD1",1.0574707759238e-11,-0.109133072421535,9.98696840587463e-06,0.99747851623288,0.999999989686377
"HELZ",1.0558264803811e-11,-0.109540465420965,9.95593443155397e-06,0.997482436956595,0.999999989686377
"PSMA7",1.04903831106933e-11,-0.111228987522088,9.8283276376076e-06,0.997498622938231,0.999999989686377
"POLR2G",1.04890476581706e-11,-0.111262314600067,9.82582545453978e-06,0.997498941368867,0.999999989686377
"CNBP",1.04806296877745e-11,-0.111472487217104,9.810060378494e-06,0.997500948583376,0.999999989686377
"C17orf62",1.04721893859371e-11,-0.111683385238302,9.79426618811712e-06,0.997502961122699,0.999999989686377
"HMGN1",1.04069211213757e-11,-0.113319949686436,9.6725604692606e-06,0.997518523949243,0.999999989686377
"SUN2",1.03961825109665e-11,-0.113590187292145,9.65260907977088e-06,0.997521084506631,0.999999989686377
"EVL",1.03886103530074e-11,-0.113780907164435,9.63855306213145e-06,0.997522890042397,0.999999989686377
"NDUFS5",1.03835788909311e-11,-0.113907710672498,9.62921894165845e-06,0.997524089764436,0.999999989686377
"C1orf186",1.03626042091127e-11,-0.114436973267348,9.59035646129137e-06,0.997529091051927,0.999999989686377
"NAA50",1.0358177286504e-11,-0.114548815121986,9.58216417749883e-06,0.997530146625171,0.999999989686377
"IFITM3",1.03459149414288e-11,-0.114858858487163,9.55949025516095e-06,0.997533070508106,0.999999989686377
"CCNA2",1.03200626672407e-11,-0.115513705821179,9.51177561690599e-06,0.997539234828567,0.999999989686377
"UQCRH",1.03184303970236e-11,-0.115555106296739,9.50876699947116e-06,0.997539624033662,0.999999989686377
"RBMX",1.03165715181819e-11,-0.115602262311245,9.50534127424731e-06,0.997540067272232,0.999999989686377
"LAIR1",1.0309178523278e-11,-0.115789891001098,9.49172284292911e-06,0.997541830087769,0.999999989686377
"AKR1A1",1.02909432548488e-11,-0.116253258587736,9.45817389727583e-06,0.997546178178807,0.999999989686377
"ARID4B",1.02861245158113e-11,-0.116375841017546,9.44931838227555e-06,0.997547327178413,0.999999989686377
"HUWE1",1.02137212230735e-11,-0.118224562365489,9.31676041427543e-06,0.997564591312692,0.999999989686377
"TUBB",1.01970968089156e-11,-0.118650875846042,9.28645615393175e-06,0.997568555305476,0.999999989686377
"CCNB1",1.01930318630332e-11,-0.118755221275494,9.27905376904928e-06,0.99756952456768,0.999999989686377
"UBE2G2",1.01172145032433e-11,-0.120709007355281,9.14152904695904e-06,0.997587602767491,0.999999989686377
"NREP",1.01160491885547e-11,-0.120739150067641,9.13942330044712e-06,0.997587880629877,0.999999989686377
"APEX1",1.00992826443179e-11,-0.121173224271792,9.10915267729389e-06,0.997591878513089,0.999999989686377
"UNG",1.00731821344043e-11,-0.121850370138184,9.06213026710769e-06,0.997598102025278,0.999999989686377
"PRKACA",1.00449912076424e-11,-0.122583703323383,9.01147847370451e-06,0.997604823985162,0.999999989686377
"TRBC2",1.00272443256975e-11,-0.123046400383649,8.97966473333402e-06,0.997609055624369,0.999999989686377
"OXA1L",1.00236426441574e-11,-0.123140402452624,8.97321508810337e-06,0.997609914424073,0.999999989686377
"HNRNPA3",1.00195799210778e-11,-0.123246477614396,8.96594262212874e-06,0.997610883156414,0.999999989686377
"FAU",9.99527379476232e-12,-0.123881986178935,8.92249509145027e-06,0.997616678808859,0.999999989686377
"EEF1D",9.99229651531649e-12,-0.123959935356087,8.91718041865973e-06,0.997617388723589,0.999999989686377
"SAFB",9.99122098837043e-12,-0.123988099750423,8.915260909634e-06,0.997617645176649,0.999999989686377
"RPL23",9.98362031016078e-12,-0.124187221269597,8.90170175506989e-06,0.997619457513566,0.999999989686377
"TPX2",9.97934621117803e-12,-0.124299259460159,8.89408155135324e-06,0.99762047664728,0.999999989686377
"NIN",9.95756546245846e-12,-0.124870943404062,8.85529978217318e-06,0.997625670138514,0.999999989686377
"DEK",9.93043358084203e-12,-0.125584813705485,8.80710856099461e-06,0.997632139576007,0.999999989686377
"ZC3H7A",9.92980385943272e-12,-0.125601405301939,8.80599162104954e-06,0.997632289729373,0.999999989686377
"PA2G4",9.92872068942582e-12,-0.125629946580671,8.80407056280843e-06,0.99763254800489,0.999999989686377
"SSBP2",9.88305914455172e-12,-0.126835930172457,8.72327806749073e-06,0.997643435731902,0.999999989686377
"COX7C",9.85132344269991e-12,-0.127677366871524,8.66734500759376e-06,0.99765100292375,0.999999989686377
"RANBP1",9.80886261015618e-12,-0.128807375314865,8.59279064587831e-06,0.997661127460395,0.999999989686377
"ATP5G2",9.79747477519911e-12,-0.129111262900577,8.57285021383795e-06,0.997663842822958,0.999999989686377
"KPNB1",9.77853192019453e-12,-0.129617533784395,8.53973203342693e-06,0.997668359635871,0.999999989686377
"RSL1D1",9.76422260926992e-12,-0.130000611701112,8.5147572675754e-06,0.997671771607365,0.999999989686377
"IST1",9.7385375593424e-12,-0.130689628439786,8.47001959135062e-06,0.997677896057395,0.999999989686377
"CAPG",9.73796022232646e-12,-0.130705136514002,8.4690153520887e-06,0.997678033720033,0.999999989686377
"RPA3",9.71507273898542e-12,-0.131320660538321,8.4292520638277e-06,0.99768349110678,0.999999989686377
"SRM",9.69197867283435e-12,-0.131943197089767,8.38922470914036e-06,0.997688997752101,0.999999989686377
"HIST1H1E",9.68149724272351e-12,-0.132226225032313,8.3710893977184e-06,0.997691496987988,0.999999989686377
"TMEM258",9.67453441336958e-12,-0.132414408647308,8.35905293145291e-06,0.997693157234057,0.999999989686377
"RPL36A",9.66461123583974e-12,-0.132682833102934,8.34191395140993e-06,0.997695523357907,0.999999989686377
"ARL2BP",9.64796777975547e-12,-0.133133655970539,8.31320742029027e-06,0.997699491893058,0.999999989686377
"FAM32A",9.64627593713449e-12,-0.133179526173717,8.31029211091476e-06,0.997699895303079,0.999999989686377
"EIF3H",9.61210418959185e-12,-0.134107719104682,8.25151829727577e-06,0.997708043357413,0.999999989686377
"ADAR",9.61016121344758e-12,-0.134160593463461,8.24818273567625e-06,0.997708506648774,0.999999989686377
"POLD2",9.60231064157398e-12,-0.134374339500344,8.23471230547068e-06,0.997710378571987,0.999999989686377
"SMAP2",9.58813619789211e-12,-0.134760702940533,8.21041892020674e-06,0.997713758385691,0.999999989686377
"NPR3",9.5788950974387e-12,-0.135012899162161,8.19460004970301e-06,0.997715961872401,0.999999989686377
"METTL9",9.53158255341229e-12,-0.136307877460421,8.11384963326277e-06,0.997727243273896,0.999999989686377
"CHD2",9.48548219305528e-12,-0.137575813156374,8.03555270340765e-06,0.997738235637668,0.999999989686377
"AUP1",9.46161822395905e-12,-0.138234561717458,7.99517121127414e-06,0.997743925862975,0.999999989686377
"WSB1",9.44345869700841e-12,-0.13873694605752,7.96451066364125e-06,0.997748255897146,0.999999989686377
"RALY",9.41033263465218e-12,-0.139655848972686,7.90873234243795e-06,0.997756154615292,0.999999989686377
"CDK4",9.41016237929455e-12,-0.139660580050937,7.90844616937162e-06,0.997756195211699,0.999999989686377
"FLT3",9.40389435320645e-12,-0.139834815797466,7.89791418581525e-06,0.997757689786324,0.999999989686377
"SMARCC1",9.38819731988535e-12,-0.140271659799857,7.87156970583942e-06,0.997761432653309,0.999999989686377
"DDX39A",9.38319751181214e-12,-0.140410954896375,7.86318772225821e-06,0.997762624828694,0.999999989686377
"SETX",9.38109541283568e-12,-0.140469541502865,7.85966496845489e-06,0.997763126062066,0.999999989686377
"SLC38A1",9.36953049836398e-12,-0.140792094385266,7.84029829087388e-06,0.997765883649213,0.999999989686377
"UBE2B",9.36455066526913e-12,-0.140931106541327,7.831966389658e-06,0.997767071061697,0.999999989686377
"MGMT",9.36061414698007e-12,-0.141041046340899,7.82538322299406e-06,0.997768009701786,0.999999989686377
"ANAPC15",9.32761685619655e-12,-0.141964404649833,7.77030963067644e-06,0.997775877715641,0.999999989686377
"ATP8B4",9.31958126774839e-12,-0.142189752956108,7.75692740964848e-06,0.997777793755438,0.999999989686377
"SNRPF",9.25378489402676e-12,-0.144042201067561,7.64778601298179e-06,0.997793482522378,0.999999989686377
"CAPZA1",9.23503817985005e-12,-0.14457238813362,7.61683097421782e-06,0.997797952568724,0.999999989686377
"PRMT2",9.22754031698882e-12,-0.144784738041577,7.6044678914922e-06,0.997799740391087,0.999999989686377
"IVNS1ABP",9.21682182933805e-12,-0.145088597348881,7.58681181992882e-06,0.997802296152966,0.999999989686377
"ITSN2",9.20249393396639e-12,-0.145495326885054,7.56324218681888e-06,0.997805712557439,0.999999989686377
"MAP3K8",9.19499789250423e-12,-0.145708368746449,7.55092568071459e-06,0.997807499945549,0.999999989686377
"CD53",9.17054952687823e-12,-0.146404402361829,7.5108251022622e-06,0.997813329518237,0.999999989686377
"CDKN1B",9.16869149523454e-12,-0.146457374746706,7.50778189597828e-06,0.997813772555241,0.999999989686377
"PNRC1",9.1516950461814e-12,-0.146942436454767,7.47997261519229e-06,0.997817825261198,0.999999989686377
"RRM2",9.14493020068237e-12,-0.147135746566392,7.46891845375271e-06,0.997819438299889,0.999999989686377
"SIGMAR1",9.12027597472377e-12,-0.147841458146882,7.42870115673258e-06,0.997825316959036,0.999999989686377
"SERBP1",9.12024446555281e-12,-0.147842361284769,7.42864982674848e-06,0.997825324472217,0.999999989686377
"EIF3F",9.10316182397865e-12,-0.148332451268989,7.40084747624128e-06,0.99782939773045,0.999999989686377
"H2AFY",9.09612425567393e-12,-0.148534619432337,7.38940884913095e-06,0.997831075798399,0.999999989686377
"TTC3",9.0750019899509e-12,-0.149142329722502,7.35513054913876e-06,0.997836112282024,0.999999989686377
"TM9SF2",9.06964228565489e-12,-0.14929675691815,7.34644522130948e-06,0.997837390272917,0.999999989686377
"BZW2",9.0571818007819e-12,-0.149656125759187,7.32627300622576e-06,0.997840361404422,0.999999989686377
"PHB",9.05692183257363e-12,-0.149663628630033,7.32585244036437e-06,0.997840423392358,0.999999989686377
"NHP2",9.048301002005e-12,-0.149912552883578,7.31191285320298e-06,0.997842478980225,0.999999989686377
"ATXN7L3B",9.04556971865214e-12,-0.149991466963469,7.30749923087082e-06,0.997843130239162,0.999999989686377
"GNB2",9.03358623886537e-12,-0.150337980768508,7.28815025306108e-06,0.997845987631582,0.999999989686377
"ADSL",9.02395587403689e-12,-0.150616781960396,7.27261929296128e-06,0.997848283937179,0.999999989686377
"IARS2",9.00563915120709e-12,-0.151147868993146,7.24312549687825e-06,0.997852651455375,0.999999989686377
"VPS35",8.99991163342769e-12,-0.151314155877727,7.23391528153375e-06,0.997854017149369,0.999999989686377
"IL17RA",8.98778905625822e-12,-0.151666456171293,7.21444072676414e-06,0.997856907708873,0.999999989686377
"ANXA1",8.93932270978189e-12,-0.153079676793626,7.13684326126836e-06,0.997868464233519,0.999999989686377
"NCF4",8.88568496593816e-12,-0.154652559017115,7.05145519958257e-06,0.997881253848975,0.999999989686377
"N4BP2L1",8.86631240729406e-12,-0.155222954690762,7.02074157037383e-06,0.997885873125717,0.999999989686377
"RBX1",8.81738413937234e-12,-0.156669084954839,6.9434682056231e-06,0.997897539794034,0.999999989686377
"AP2S1",8.75132892979086e-12,-0.1586340748277,6.83982425646901e-06,0.997913290285281,0.999999989686377
"RAD21",8.74275523461767e-12,-0.158890198388625,6.82642884131314e-06,0.997915334634479,0.999999989686377
"HNRNPR",8.67393366146211e-12,-0.160955172552914,6.71937873133883e-06,0.997931744750454,0.999999989686377
"POLE3",8.66384526129406e-12,-0.161259234828564,6.70375759261048e-06,0.997934150272651,0.999999989686377
"OLA1",8.66079205361971e-12,-0.161351326966477,6.69903351064105e-06,0.997934878292827,0.999999989686377
"INPP5D",8.62125461839989e-12,-0.162546783314695,6.63800952140911e-06,0.997944305771762,0.999999989686377
"SMAD2",8.61565425900557e-12,-0.162716554825968,6.62938823225189e-06,0.997945641145967,0.999999989686377
"UBA52",8.61434870737848e-12,-0.162756147537361,6.62737924893489e-06,0.997945952447412,0.999999989686377
"LSM7",8.59033662730284e-12,-0.163485409361427,6.59048374515439e-06,0.99795167799295,0.999999989686377
"PTGES3",8.58215882323012e-12,-0.163734235118974,6.57794173814824e-06,0.997953627944394,0.999999989686377
"BSG",8.57947660351707e-12,-0.163815898046128,6.57383071474099e-06,0.99795426750462,0.999999989686377
"PTRHD1",8.57525665078075e-12,-0.163944430008562,6.56736541768277e-06,0.997955273728651,0.999999989686377
"MRPL11",8.56889873878687e-12,-0.164138198549151,6.55763060645774e-06,0.997956789737068,0.999999989686377
"CD2AP",8.5617973852588e-12,-0.164354793118595,6.54676602318877e-06,0.997958483014953,0.999999989686377
"PIK3CG",8.47252736997063e-12,-0.167092843871782,6.41095736461295e-06,0.997979768949758,0.999999989686377
"MSH6",8.47111706816337e-12,-0.167136328816409,6.40882325943581e-06,0.997980105228331,0.999999989686377
"ZNF148",8.44081272821716e-12,-0.168072462047543,6.36305178273915e-06,0.997987331128677,0.999999989686377
"PHB2",8.43671695874035e-12,-0.168199239880391,6.35687814256391e-06,0.997988307742011,0.999999989686377
"GCSH",8.41573834715286e-12,-0.16884955523217,6.32530361552071e-06,0.997993309974707,0.999999989686377
"USP33",8.40870739852978e-12,-0.169067866513761,6.31473905055357e-06,0.997994986465133,0.999999989686377
"CKS1B",8.40043826591743e-12,-0.169324854837242,6.30232531397916e-06,0.997996958193625,0.999999989686377
"SSR1",8.3885360184657e-12,-0.169695193201091,6.2844789368284e-06,0.997999796218083,0.999999989686377
"MSRB3",8.36709650744938e-12,-0.170363597848492,6.25239610973184e-06,0.998004908349858,0.999999989686377
"MZT2A",8.34632677422266e-12,-0.171012740193204,6.22139385657659e-06,0.998009860776935,0.999999989686377
"SENP6",8.32238986772237e-12,-0.171762856700735,6.18575964821995e-06,0.998015568398914,0.999999989686377
"THOC3",8.31901260284853e-12,-0.171868862748913,6.18074024627234e-06,0.998016373688913,0.999999989686377
"ASH1L",8.27539325492014e-12,-0.173241834469144,6.11609481988295e-06,0.998026774479667,0.999999989686377
"CDK5RAP3",8.26523518295705e-12,-0.173562600497818,6.10108898308333e-06,0.998029196615441,0.999999989686377
"PCNA",8.26261352897249e-12,-0.173645449011251,6.09721918212388e-06,0.998029821734258,0.999999989686377
"PRPF4B",8.24789265081804e-12,-0.174111136481991,6.07551262058405e-06,0.998033331845836,0.999999989686377
"MTHFD2",8.24135294581767e-12,-0.174318280741564,6.06588196453917e-06,0.998034891202157,0.999999989686377
"DDX5",8.23628675135879e-12,-0.174478863648122,6.05842651585071e-06,0.998036099208083,0.999999989686377
"ADK",8.23468166986426e-12,-0.174529760232902,6.05606542254471e-06,0.998036481930849,0.999999989686377
"FAH",8.22794507947371e-12,-0.174743482375095,6.04616083942681e-06,0.998038088233414,0.999999989686377
"C6orf62",8.22024688229739e-12,-0.174987924228226,6.03485236229319e-06,0.998039923825786,0.999999989686377
"IPO5",8.21568733988844e-12,-0.175132810856706,6.02815948933072e-06,0.998041011023362,0.999999989686377
"TFDP2",8.21468321983886e-12,-0.175164729045538,6.02668605791669e-06,0.998041250450214,0.999999989686377
"RNASET2",8.17128782807188e-12,-0.176547851479684,5.96318035544483e-06,0.998051597840661,0.999999989686377
"HNRNPC",8.16455808735326e-12,-0.176762996651513,5.95336204209846e-06,0.998053202510034,0.999999989686377
"HNRNPF",8.15847824908529e-12,-0.176957515891956,5.94449885531573e-06,0.998054652213777,0.999999989686377
"PSME2",8.14242925127625e-12,-0.177471680100276,5.92113434794868e-06,0.998058479008398,0.999999989686377
"PTGS2",8.13689737126735e-12,-0.177649138328177,5.91309156930911e-06,0.998059798054551,0.999999989686377
"SRRM1",8.13181007471589e-12,-0.177812440135625,5.90569999356401e-06,0.998061011092246,0.999999989686377
"PNISR",8.13170444583853e-12,-0.177815831885729,5.90554656931945e-06,0.998061036278867,0.999999989686377
"TMEM183A",8.1059253784364e-12,-0.178644906438325,5.86816248340109e-06,0.998067183154822,0.999999989686377
"CDK1",8.09423956022173e-12,-0.179021591486655,5.85125513546547e-06,0.998069969573541,0.999999989686377
"MCTS1",8.08933969009778e-12,-0.179179695963714,5.84417313297149e-06,0.998071137920478,0.999999989686377
"TRA2B",8.0676494017065e-12,-0.17988071880397,5.8128746933891e-06,0.998076309849857,0.999999989686377
"NEK7",8.05793439572902e-12,-0.180195309761761,5.79888347787524e-06,0.998078626339361,0.999999989686377
"FTL",8.04053734414188e-12,-0.180759599835967,5.773870970567e-06,0.998082774570241,0.999999989686377
"MT-ND3",8.0337301676773e-12,-0.180980726210113,5.7640987079738e-06,0.998084397703892,0.999999989686377
"GOLPH3",8.01777853538527e-12,-0.181499631328474,5.7412312485955e-06,0.998088201282587,0.999999989686377
"WNK1",7.99017463108762e-12,-0.182400003082217,5.70176705383064e-06,0.998094783281344,0.999999989686377
"SPCS1",7.989419304408e-12,-0.182424683250007,5.70068910662287e-06,0.998094963384828,0.999999989686377
"SHMT2",7.98824804748629e-12,-0.182462958434564,5.69901777560497e-06,0.998095242664585,0.999999989686377
"NOP58",7.97096279463162e-12,-0.183028465407857,5.67438098813788e-06,0.99809936423788,0.999999989686377
"PYURF",7.92460740089255e-12,-0.184551050166572,5.6085738031891e-06,0.998110417426332,0.999999989686377
"CNOT7",7.91949039930708e-12,-0.184719662777819,5.60133311252926e-06,0.998111637547213,0.999999989686377
"IGHM",7.91206284057942e-12,-0.184964603593039,5.5908312447093e-06,0.998113408607744,0.999999989686377
"HNRNPD",7.86933567239022e-12,-0.186378066557115,5.5306104441322e-06,0.998123596666198,0.999999989686377
"RBBP7",7.86601798368888e-12,-0.186488137121712,5.5259480490746e-06,0.99812438775085,0.999999989686377
"PUF60",7.86179941930303e-12,-0.186628162325517,5.52002247995912e-06,0.998125393644364,0.999999989686377
"LAMP1",7.85539989790479e-12,-0.186840721278571,5.51103951751522e-06,0.998126919575108,0.999999989686377
"MKI67",7.85059095860598e-12,-0.187000562176563,5.50429405764111e-06,0.998128066240287,0.999999989686377
"CALCOCO2",7.85050929373171e-12,-0.187003277413921,5.50417954265832e-06,0.998128085712829,0.999999989686377
"TOMM7",7.83916294586937e-12,-0.187380798940895,5.48828064941578e-06,0.998130791187211,0.999999989686377
"GARS",7.83309628102173e-12,-0.187582874139232,5.47978926431828e-06,0.998132237750161,0.999999989686377
"SNRNP200",7.80012700437144e-12,-0.188683767560224,5.43375779080184e-06,0.99814009909341,0.999999989686377
"ATP5J",7.79541088987773e-12,-0.188841622165548,5.42718905755132e-06,0.998141223625067,0.999999989686377
"DOCK2",7.77392024009841e-12,-0.189562141789639,5.39730659183963e-06,0.998146347952789,0.999999989686377
"TPI1",7.77274249538779e-12,-0.18960168515274,5.39567133766173e-06,0.998146628779566,0.999999989686377
"ENOSF1",7.77060122382037e-12,-0.189673594606611,5.39269889744267e-06,0.998147139354047,0.999999989686377
"PCBP2",7.76933063214226e-12,-0.189716273645569,5.39093549253831e-06,0.998147442319676,0.999999989686377
"DNAJC9",7.73207649465572e-12,-0.190970717295054,5.33936009746747e-06,0.998156325364904,0.999999989686377
"ETS2",7.72858364588047e-12,-0.191088637237293,5.33453723647859e-06,0.998157158215593,0.999999989686377
"RPN2",7.70716812679275e-12,-0.191812788989265,5.30501472369663e-06,0.998162264629049,0.999999989686377
"SRP9",7.69976674791132e-12,-0.192063525045509,5.29483054968855e-06,0.9981640294474,0.999999989686377
"RSF1",7.68569708001339e-12,-0.192540820916685,5.27549790061662e-06,0.998167384282855,0.999999989686377
"CKAP2",7.67661809806542e-12,-0.192849273414183,5.26304155208815e-06,0.998169549116524,0.999999989686377
"TMEM261",7.67070737410131e-12,-0.193050280566719,5.25493996119192e-06,0.998170958496384,0.999999989686377
"HIST1H1C",7.66818077971312e-12,-0.193136249744958,5.25147876405627e-06,0.998171560949024,0.999999989686377
"LAMTOR5",7.66812790602001e-12,-0.193138049109669,5.25140634424061e-06,0.998171573556467,0.999999989686377
"SNHG8",7.66091954865439e-12,-0.193383474509595,5.24153790649519e-06,0.998173292349939,0.999999989686377
"CORO1A",7.63444767213353e-12,-0.194286737092562,5.20537681221066e-06,0.998179604424487,0.999999989686377
"MEAF6",7.60279492496539e-12,-0.195370858357549,5.16230286032205e-06,0.998187151849529,0.999999989686377
"C4orf48",7.59703493174538e-12,-0.195568621247582,5.154483744855e-06,0.998188525288536,0.999999989686377
"ILF2",7.59355094614267e-12,-0.195688312035015,5.14975715624987e-06,0.998189356025927,0.999999989686377
"ARGLU1",7.58795644810845e-12,-0.195880622332601,5.14217185298633e-06,0.998190690003516,0.999999989686377
"LST1",7.58054933637107e-12,-0.196135457108987,5.13213751730896e-06,0.998192456188979,0.999999989686377
"ISYNA1",7.57263347572494e-12,-0.196408067551834,5.12142481761717e-06,0.998194343682859,0.999999989686377
"MRPL4",7.56871978037178e-12,-0.196542953624854,5.11613246666061e-06,0.998195276882215,0.999999989686377
"SRP14",7.56217587584118e-12,-0.196768644561213,5.10728948918436e-06,0.99819683724064,0.999999989686377
"NDUFA11",7.55390500415069e-12,-0.19705417317306,5.09612375156703e-06,0.998198809384996,0.999999989686377
"PDXDC1",7.50824819433992e-12,-0.198635937548437,5.03470661693608e-06,0.998209696003091,0.999999989686377
"H2AFZ",7.49005989185478e-12,-0.199268718823034,5.01034358321471e-06,0.998214032905035,0.999999989686377
"DNAJC4",7.48984577000278e-12,-0.199276177298868,5.01005712122961e-06,0.998214083961228,0.999999989686377
"PFDN5",7.48716039124677e-12,-0.199369734641461,5.00646519436772e-06,0.998214724275212,0.999999989686377
"HIST1H2AG",7.48212315996383e-12,-0.199545319063904,4.99973093507113e-06,0.998215925375665,0.999999989686377
"TXNL4A",7.46403983983527e-12,-0.200176620875817,4.9755927388899e-06,0.998220237245211,0.999999989686377
"PHPT1",7.45813606100568e-12,-0.200383053975944,4.9677248328985e-06,0.998221644969244,0.999999989686377
"SRSF3",7.44811266262909e-12,-0.200733905557098,4.95438100958401e-06,0.998224034994222,0.999999989686377
"INTS10",7.44134811467823e-12,-0.200970951041009,4.94538572976966e-06,0.998225647963999,0.999999989686377
"CCT4",7.41955931841356e-12,-0.201735933923797,4.91646724758903e-06,0.998230843384368,0.999999989686377
"ARHGDIA",7.41302550410584e-12,-0.201965763112193,4.90781197887016e-06,0.998232401336989,0.999999989686377
"LDHA",7.40031599800982e-12,-0.202413399423947,4.89099768488227e-06,0.998235431849877,0.999999989686377
"DHX9",7.3905122515102e-12,-0.202759213442428,4.87804733521586e-06,0.998237769500145,0.999999989686377
"RAN",7.38825217143939e-12,-0.202838999151394,4.87506429656919e-06,0.998238308404002,0.999999989686377
"ERH",7.35930371882063e-12,-0.203863084302211,4.83693644513252e-06,0.998245211005879,0.999999989686377
"VAMP8",7.35895643422389e-12,-0.203875394091464,4.83647994708532e-06,0.998245293814013,0.999999989686377
"ELF2",7.35380143260932e-12,-0.204058185037875,4.82970634280733e-06,0.998246522996267,0.999999989686377
"NSA2",7.35370949499268e-12,-0.204061446200502,4.82958558107107e-06,0.998246544918294,0.999999989686377
"CD55",7.35038651491496e-12,-0.204179344299059,4.82522179958868e-06,0.998247337264923,0.999999989686377
"PIK3R1",7.34884778618292e-12,-0.204233955697861,4.82320178873268e-06,0.998247704166469,0.999999989686377
"B3GNT2",7.32869177010904e-12,-0.204950365027163,4.79678044608886e-06,0.998252510259541,0.999999989686377
"PARP1",7.30042158318263e-12,-0.205958471418042,4.75984497752348e-06,0.998259251132896,0.999999989686377
"SLC25A3",7.29789852180188e-12,-0.206048630802485,4.75655549467542e-06,0.998259852743259,0.999999989686377
"SNU13",7.25850334643394e-12,-0.207460399488224,4.70534086901107e-06,0.998269246310233,0.999999989686377
"COX5B",7.25670808339538e-12,-0.207524915261283,4.7030135903713e-06,0.998269674381022,0.999999989686377
"RFC1",7.24634671622923e-12,-0.207897577326208,4.68959294256891e-06,0.998272144993151,0.999999989686377
"USP1",7.21875978439687e-12,-0.208892360503915,4.65395423344591e-06,0.998278722948371,0.999999989686377
"MRPL28",7.19467072609542e-12,-0.209764093433539,4.62294549419685e-06,0.998284466854593,0.999999989686377
"ZCRB1",7.19064574182036e-12,-0.209910030926086,4.61777442277453e-06,0.998285426590426,0.999999989686377
"MRPS35",7.16396840392271e-12,-0.2108793444504,4.58357404207232e-06,0.9982917876581,0.999999989686377
"THUMPD1",7.15818783669143e-12,-0.211089850724744,4.57618010429506e-06,0.998293166003266,0.999999989686377
"RPS10",7.1375154457974e-12,-0.21184404011139,4.54978683665811e-06,0.998298095223732,0.999999989686377
"PDCD4",7.13569063272143e-12,-0.211910718475915,4.54746069130832e-06,0.998298530340602,0.999999989686377
"G6PD",7.13433382602206e-12,-0.21196030690866,4.54573151361469e-06,0.998298853863868,0.999999989686377
"PSMD11",7.12906580344511e-12,-0.212152930598306,4.53902081699279e-06,0.998300109995541,0.999999989686377
"MCM6",7.12822409130464e-12,-0.212183720609708,4.53794905710413e-06,0.998300310697278,0.999999989686377
"SET",7.12795311917279e-12,-0.212193633594545,4.53760405269843e-06,0.998300375309127,0.999999989686377
"ACADM",7.12773749819518e-12,-0.212201521932338,4.53732953130158e-06,0.99830042672279,0.999999989686377
"MRPS21",7.11794747665967e-12,-0.21255993189771,4.52487395257405e-06,0.998302761100828,0.999999989686377
"MAPKAPK3",7.08079602585326e-12,-0.21392449049563,4.47776292038002e-06,0.998311619664805,0.999999989686377
"SLC38A2",7.07915314316044e-12,-0.213984996478159,4.4756853048806e-06,0.998312011401367,0.999999989686377
"MTR",7.06919948053673e-12,-0.214351878985487,4.46310805413087e-06,0.998314384798816,0.999999989686377
"MCL1",7.06381520508082e-12,-0.214550551440714,4.45631196590867e-06,0.998315668650417,0.999999989686377
"SNRPB2",7.0601848319686e-12,-0.214684591918149,4.45173259416809e-06,0.998316534293414,0.999999989686377
"GLIPR1",7.05022938246656e-12,-0.215052517006652,4.43918681715255e-06,0.998318908116963,0.999999989686377
"TAPBP",7.04468907015702e-12,-0.215257494012743,4.43221262767877e-06,0.99832022917473,0.999999989686377
"ATP5A1",7.0443772356324e-12,-0.21526903581481,4.43182025086436e-06,0.998320303530001,0.999999989686377
"CDKN3",7.03895413791629e-12,-0.215469839612381,4.42499922406745e-06,0.998321596638582,0.999999989686377
"MRPL3",7.02621927558926e-12,-0.215941982596322,4.40900230774487e-06,0.998324633198257,0.999999989686377
"NUP214",7.02062172276764e-12,-0.21614977905746,4.4019800980394e-06,0.998325967904738,0.999999989686377
"ZNF800",7.01762223945521e-12,-0.216261195580163,4.39821950651159e-06,0.998326683115466,0.999999989686377
"LMAN2",7.01756792522737e-12,-0.216263213529652,4.398151425055e-06,0.998326696066403,0.999999989686377
"XRCC6",7.01489160342301e-12,-0.21636266671018,4.39479737871635e-06,0.998327334221001,0.999999989686377
"RIF1",6.99233390834453e-12,-0.217202415300797,4.36657823897047e-06,0.998332712982604,0.999999989686377
"ADD1",6.97696634077079e-12,-0.217776036480434,4.34740582882139e-06,0.998336377296847,0.999999989686377
"EIF3K",6.95354717001058e-12,-0.218652607744268,4.31826945055368e-06,0.998341961472847,0.999999989686377
"TIMM13",6.94161095490757e-12,-0.219100501120657,4.30345699508539e-06,0.998344807599523,0.999999989686377
"POLR2K",6.91483791753772e-12,-0.220107909355898,4.2703250818368e-06,0.998351191487222,0.999999989686377
"ANP32B",6.9140304467422e-12,-0.220138352589754,4.26932781725741e-06,0.998351384024321,0.999999989686377
"UXT",6.9057139192344e-12,-0.22045210697412,4.2590632896838e-06,0.998353367055888,0.999999989686377
"NDUFC1",6.90014675744923e-12,-0.220662346197004,4.25219902128563e-06,0.998354694515889,0.999999989686377
"CEBPZ",6.89394254137000e-12,-0.220896841185566,4.24455579221425e-06,0.998356173878089,0.999999989686377
"MTCH2",6.89175307295966e-12,-0.220979644364646,4.24186013729109e-06,0.998356695945143,0.999999989686377
"HIST1H2BC",6.88652626620385e-12,-0.221177421530255,4.23542839911451e-06,0.998357942249315,0.999999989686377
"AFF1",6.86287120016035e-12,-0.222074367881825,4.20638116672133e-06,0.998363582673599,0.999999989686377
"C12orf76",6.85586136243679e-12,-0.22234075293468,4.19779263583388e-06,0.998365254132018,0.999999989686377
"GGH",6.85217375261867e-12,-0.222480996264374,4.19327805848156e-06,0.998366133422915,0.999999989686377
"USP34",6.8126944348027e-12,-0.223987132029345,4.14509747954319e-06,0.998375547055845,0.999999989686377
"ATAD2B",6.795295065522e-12,-0.224653663068627,4.12395166598073e-06,0.998379695842793,0.999999989686377
"HCLS1",6.78011680578495e-12,-0.225236489621388,4.10554937375933e-06,0.998383315018034,0.999999989686377
"HIF1A",6.77037220052184e-12,-0.225611351738725,4.09375659510155e-06,0.998385638567306,0.999999989686377
"CKS2",6.75039743173112e-12,-0.226381427246476,4.06963643967173e-06,0.998390401444678,0.999999989686377
"MRPL14",6.74374409584666e-12,-0.226638430312529,4.06161815192848e-06,0.998391987897244,0.999999989686377
"PPP3CA",6.72050851432836e-12,-0.227537940656214,4.03367774513474e-06,0.998397528298161,0.999999989686377
"IL1B",6.68776806437982e-12,-0.228810648923228,3.99447156499108e-06,0.998405335084568,0.999999989686377
"CDK5RAP2",6.68389370234363e-12,-0.228961663640271,3.9898447459849e-06,0.998406258905629,0.999999989686377
"HSPE1",6.64818933816157e-12,-0.230357440111573,3.9473322854869e-06,0.998414772421838,0.999999989686377
"ENO1",6.62907428984248e-12,-0.231107750158398,3.92466597119562e-06,0.998419330303768,0.999999989686377
"HMGB3",6.58410184188875e-12,-0.232881504884512,3.87159577664056e-06,0.998430053745758,0.999999989686377
"SP100",6.58393530575337e-12,-0.23288809548783,3.87139992534308e-06,0.998430093455418,0.999999989686377
"GGNBP2",6.57255309733169e-12,-0.233338933547734,3.85802585975326e-06,0.998432807482768,0.999999989686377
"CBX3",6.5719521609791e-12,-0.233362757520835,3.8573204042124e-06,0.998432950772861,0.999999989686377
"DUSP23",6.53283094163135e-12,-0.23491836712733,3.81153372487043e-06,0.998442279020682,0.999999989686377
"CNTRL",6.5201758559538e-12,-0.235423556551175,3.796780988501e-06,0.998445296558968,0.999999989686377
"YWHAQ",6.49848119391061e-12,-0.236291867413054,3.77155686968837e-06,0.998450469536507,0.999999989686377
"VBP1",6.49294963159136e-12,-0.23651372275189,3.76513883998845e-06,0.998451788508326,0.999999989686377
"CTSC",6.49259668409576e-12,-0.236527884828638,3.76472951594281e-06,0.998451872666793,0.999999989686377
"PPIH",6.47979151454242e-12,-0.237042210489755,3.74989401561449e-06,0.998454925991857,0.999999989686377
"TNPO1",6.47754561208613e-12,-0.237132521925428,3.74729503179143e-06,0.998455461515441,0.999999989686377
"CISD2",6.47212179172957e-12,-0.237350750564271,3.74102224048858e-06,0.998456754796774,0.999999989686377
"SRSF4",6.45936487706712e-12,-0.237864742448063,3.72628924572592e-06,0.99845979661575,0.999999989686377
"CLEC2B",6.43852922408596e-12,-0.238706401700017,3.70228860421072e-06,0.998464764767291,0.999999989686377
"MT-ND5",6.43445545237464e-12,-0.238871277405543,3.69760507893792e-06,0.998465736136672,0.999999989686377
"SOCS2",6.42072149298378e-12,-0.239427887478834,3.68183729190546e-06,0.99846901092688,0.999999989686377
"HLA-DQB1",6.41240862615574e-12,-0.239765364356321,3.67230976138589e-06,0.99847099308616,0.999999989686377
"PRPF8",6.40806391235578e-12,-0.239941918780152,3.66733511593078e-06,0.998472029060269,0.999999989686377
"UQCRB",6.40651386950584e-12,-0.240004935943843,3.66556115139512e-06,0.998472398659819,0.999999989686377
"CASP8",6.38755242413165e-12,-0.240777039653943,3.6438952399526e-06,0.998476919916577,0.999999989686377
"NDFIP1",6.38050871944286e-12,-0.241064435090336,3.63586325250442e-06,0.998478599450866,0.999999989686377
"RASSF1",6.3776541150699e-12,-0.24118099737734,3.6326106499758e-06,0.998479280116247,0.999999989686377
"UBE3A",6.37399785191598e-12,-0.241330369328632,3.62844674486024e-06,0.998480151932945,0.999999989686377
"EIF3A",6.37086675989353e-12,-0.241458353525385,3.62488282454065e-06,0.998480898525353,0.999999989686377
"SLC25A5",6.36506127961252e-12,-0.241695818888009,3.61827945383826e-06,0.998482282811565,0.999999989686377
"PRRC2B",6.36444828413657e-12,-0.241720905157902,3.61758256121293e-06,0.99848242897711,0.999999989686377
"PSMD7",6.3557138463355e-12,-0.242078614000289,3.60765998299468e-06,0.998484511657834,0.999999989686377
"PIK3CA",6.35307308068857e-12,-0.242186859332829,3.60466267834151e-06,0.998485141334505,0.999999989686377
"AKR1B1",6.34436710104889e-12,-0.242544034342454,3.59479009632339e-06,0.998487217229543,0.999999989686377
"CD59",6.34343821203389e-12,-0.242582171959027,3.5937375353563e-06,0.998487438718243,0.999999989686377
"PSMD1",6.32452853563674e-12,-0.243359755256831,3.57234373497494e-06,0.998491947631123,0.999999989686377
"CEP170",6.32232788106452e-12,-0.243450397671851,3.56985813409436e-06,0.998492472365634,0.999999989686377
"MDM2",6.32133740627934e-12,-0.243491204375184,3.56873969241711e-06,0.998492708539139,0.999999989686377
"ANXA7",6.30772314216679e-12,-0.244052742624242,3.55338425668493e-06,0.998495954788847,0.999999989686377
"DDX3X",6.29158527664349e-12,-0.244719926308082,3.53522534873818e-06,0.998499802778077,0.999999989686377
"NME2",6.29058264103285e-12,-0.244761433899136,3.53409868185253e-06,0.998500041851271,0.999999989686377
"EIF5",6.27453253444827e-12,-0.245426777008581,3.51608753686231e-06,0.998503868914881,0.999999989686377
"PRKCSH",6.2723483756859e-12,-0.245517449615497,3.51364006951274e-06,0.998504389716067,0.999999989686377
"DUSP1",6.26066111128768e-12,-0.246003163464313,3.50055833999638e-06,0.998507176482899,0.999999989686377
"SETD5",6.24617392441178e-12,-0.246606487469129,3.48437648103612e-06,0.99851063087657,0.999999989686377
"PSMB1",6.23658239992056e-12,-0.247006692576727,3.47368359198747e-06,0.998512917925256,0.999999989686377
"EFCAB14",6.22799126129575e-12,-0.247365674371506,3.46411991095828e-06,0.998514966437193,0.999999989686377
"LUC7L2",6.2153782674383e-12,-0.247893599080315,3.45010297431153e-06,0.998517973939428,0.999999989686377
"MTHFD2L",6.2107154081456e-12,-0.248089034521759,3.44492828998733e-06,0.998519085773778,0.999999989686377
"NOP56",6.19819244281143e-12,-0.248614632110873,3.43104994542758e-06,0.998522071809213,0.999999989686377
"GTF3A",6.19714484845617e-12,-0.248658648016839,3.42989023803314e-06,0.998522321602596,0.999999989686377
"TGS1",6.19480868269262e-12,-0.24875683129776,3.42730476293664e-06,0.998522878649078,0.999999989686377
"MARCKSL1",6.1921873809027e-12,-0.248867041791478,3.42440488343986e-06,0.998523503684752,0.999999989686377
"EIF2AK3",6.19104379513534e-12,-0.248915137392674,3.42314014811168e-06,0.998523776366785,0.999999989686377
"QARS",6.17587545263647e-12,-0.249553903230286,3.40638699417202e-06,0.99852739317858,0.999999989686377
"AP1M1",6.17401277224479e-12,-0.249632451060627,3.40433253129855e-06,0.998527837324961,0.999999989686377
"ATAD2",6.17252982380365e-12,-0.249695002656063,3.40269734086146e-06,0.998528190926249,0.999999989686377
"CYCS",6.17233248087741e-12,-0.249703327812792,3.40247976799095e-06,0.998528237981636,0.999999989686377
"ATP5C1",6.16623227610666e-12,-0.249960802589497,3.39575765224675e-06,0.998529692543513,0.999999989686377
"HP1BP3",6.15606347591004e-12,-0.250390563918055,3.38456692604798e-06,0.99853211724067,0.999999989686377
"HPRT1",6.15429356909617e-12,-0.250465436824406,3.38262103742819e-06,0.998532539265683,0.999999989686377
"SLIRP",6.15277937888048e-12,-0.250529508995386,3.38095673541667e-06,0.998532900316413,0.999999989686377
"YWHAG",6.13991545651337e-12,-0.251074469666402,3.36683404501336e-06,0.998535967651363,0.999999989686377
"PAK2",6.12655575976013e-12,-0.251641630897367,3.35219835602128e-06,0.998539153201144,0.999999989686377
"HTATSF1",6.12528801353499e-12,-0.251695514310959,3.35081118277519e-06,0.998539455488599,0.999999989686377
"MAF1",6.09629945987304e-12,-0.252930645828697,3.31917011757375e-06,0.998546367657609,0.999999989686377
"NDUFA5",6.07280331014817e-12,-0.25393603323137,3.293634157684e-06,0.998551970191707,0.999999989686377
"ZFP36L1",6.06632769490158e-12,-0.254213798233367,3.28661369778523e-06,0.99855351426833,0.999999989686377
"KLF2",6.06040195087978e-12,-0.254468234390336,3.28019593722127e-06,0.998554927231036,0.999999989686377
"MANBA",6.05011047329445e-12,-0.254910709759285,3.26906486040731e-06,0.998557381180116,0.999999989686377
"PSMD13",6.04867696816386e-12,-0.254972401493661,3.26751590817023e-06,0.998557722991929,0.999999989686377
"PTTG1",6.0467827338386e-12,-0.255053943182885,3.26546968494957e-06,0.998558174662212,0.999999989686377
"DCAF7",6.04461549425513e-12,-0.255147268037352,3.26312933729016e-06,0.998558691429175,0.999999989686377
"MIEN1",6.04291186327928e-12,-0.255220652410039,3.26129021788979e-06,0.998559097651086,0.999999989686377
"COPS5",6.03399333844407e-12,-0.255605154894132,3.25167087045438e-06,0.998561224226772,0.999999989686377
"G3BP1",6.01793491354824e-12,-0.256298899091706,3.23438638680307e-06,0.998565053274379,0.999999989686377
"SPEN",6.0173889502085e-12,-0.256322517597036,3.23379954885367e-06,0.998565183456489,0.999999989686377
"ZNF292",5.9325491858725e-12,-0.260018728482533,3.14325505649547e-06,0.998585413056066,0.999999989686377
"CUL5",5.90619636888414e-12,-0.261177498322878,3.11539194195432e-06,0.998591696748098,0.999999989686377
"FAM195B",5.88828539475172e-12,-0.261967994010192,3.09652528305763e-06,0.998595967526695,0.999999989686377
"TRMT112",5.88792408929191e-12,-0.261983964605116,3.09614528885162e-06,0.998596053678102,0.999999989686377
"CHEK1",5.86891951860974e-12,-0.262825384220506,3.0761905645388e-06,0.998600585219152,0.999999989686377
"TUBB4B",5.86165169831408e-12,-0.263147877216269,3.06857643486995e-06,0.998602318193118,0.999999989686377
"PSME1",5.85792789343443e-12,-0.263313265992947,3.06467884733902e-06,0.998603206115035,0.999999989686377
"PSMD8",5.8524429688419e-12,-0.263557062659205,3.05894246304391e-06,0.998604513966797,0.999999989686377
"TSTD1",5.85062400775865e-12,-0.263637962697541,3.05704129710185e-06,0.998604947688614,0.999999989686377
"ARRB2",5.84167555716819e-12,-0.264036316529956,3.04769704157865e-06,0.998607081400158,0.999999989686377
"ZCCHC7",5.8304393447115e-12,-0.264537369931161,3.03598408794213e-06,0.998609760616646,0.999999989686377
"CD96",5.82402294370134e-12,-0.264823923759717,3.0293055612332e-06,0.998611290574141,0.999999989686377
"SLC39A10",5.82032006742051e-12,-0.264989434950902,3.0254547598457e-06,0.998612173505759,0.999999989686377
"DCTPP1",5.81235867473895e-12,-0.265345646633568,3.01718361345628e-06,0.998614071858504,0.999999989686377
"HNRNPA2B1",5.81211414519213e-12,-0.265356595112578,3.01692974921173e-06,0.998614130165305,0.999999989686377
"VPS36",5.80661132357658e-12,-0.265603097165201,3.01121968683582e-06,0.99861544228455,0.999999989686377
"ZFR",5.79451130140408e-12,-0.266145938958088,2.99868299036419e-06,0.99861832747203,0.999999989686377
"SEC61A1",5.79093726085242e-12,-0.266306495398368,2.99498497035383e-06,0.998619179683452,0.999999989686377
"U2AF2",5.78881335499566e-12,-0.266401953988775,2.99278846939768e-06,0.998619686117782,0.999999989686377
"HBS1L",5.77635529146324e-12,-0.266962578671956,2.9799208134836e-06,0.998622656678393,0.999999989686377
"KIFAP3",5.76535320142303e-12,-0.267458679411048,2.96858005181121e-06,0.998625280069696,0.999999989686377
"C6orf48",5.73928956807775e-12,-0.268637677818944,2.94180039401043e-06,0.998631494807934,0.999999989686377
"MIS18BP1",5.73182165719947e-12,-0.268976468670273,2.93414968745308e-06,0.99863327549258,0.999999989686377
"SIGIRR",5.73029069329332e-12,-0.269045976681047,2.93258247981103e-06,0.998633640542989,0.999999989686377
"SOX4",5.7209356559612e-12,-0.269471108936184,2.92301506835055e-06,0.998635871203169,0.999999989686377
"SMARCA2",5.70870982050366e-12,-0.270027740955716,2.9105352508653e-06,0.998638786390302,0.999999989686377
"FAM65B",5.70532041312492e-12,-0.270182266775474,2.90708015806262e-06,0.998639594576937,0.999999989686377
"RNASEK",5.69512119769827e-12,-0.270647806041482,2.89669566340271e-06,0.99864202652704,0.999999989686377
"NCKAP1L",5.69439019757073e-12,-0.270681203952473,2.89595209748708e-06,0.998642200830236,0.999999989686377
"SMIM10L1",5.67795870666965e-12,-0.271433047505838,2.87926333730893e-06,0.998646118834181,0.999999989686377
"UPF2",5.67771653907438e-12,-0.271444144288348,2.8790177386897e-06,0.998646176577791,0.999999989686377
"IKZF1",5.67724701471e-12,-0.271465660515742,2.87854159196009e-06,0.998646288533446,0.999999989686377
"DNAJC19",5.67353178015925e-12,-0.271635975447902,2.87477534473407e-06,0.998647174411896,0.999999989686377
"EIF4A3",5.67274441403049e-12,-0.271672084308686,2.87397748415658e-06,0.998647362155275,0.999999989686377
"ERICH1",5.66937983092151e-12,-0.271826441081654,2.87056930364777e-06,0.998648164422706,0.999999989686377
"PRKDC",5.6673868278082e-12,-0.271917916738732,2.86855142933151e-06,0.998648639643986,0.999999989686377
"SEC13",5.66259997188476e-12,-0.272137755941809,2.86370773545529e-06,0.998649781045013,0.999999989686377
"NME4",5.66155603835354e-12,-0.272185723645694,2.86265195013559e-06,0.998650029965563,0.999999989686377
"DGKZ",5.65908615242034e-12,-0.27229924731395,2.86015479865315e-06,0.998650618897085,0.999999989686377
"C16orf13",5.6516612548659e-12,-0.272640814387198,2.8526544975737e-06,0.998652389325499,0.999999989686377
"HLA-DMA",5.64647045392583e-12,-0.272879870412777,2.84741682994467e-06,0.998653627045135,0.999999989686377
"MRPS18B",5.63583691589272e-12,-0.273370265169884,2.83670231182233e-06,0.998656162557291,0.999999989686377
"GUSB",5.63310671699952e-12,-0.273496323562754,2.83395457951236e-06,0.998656813559101,0.999999989686377
"UBA2",5.60734533758509e-12,-0.274688761427173,2.80809331125664e-06,0.998662956226869,0.999999989686377
"NT5C",5.6060512986217e-12,-0.274748802627652,2.80679738149145e-06,0.998663264783773,0.999999989686377
"C22orf39",5.59606278407272e-12,-0.275212714886174,2.79680433689708e-06,0.998665646493463,0.999999989686377
"STOML2",5.59193565695316e-12,-0.275404636906389,2.79268054091945e-06,0.998666630585605,0.999999989686377
"BAG1",5.58147289422339e-12,-0.275891811339489,2.78223985615624e-06,0.998669125377341,0.999999989686377
"SRSF1",5.57490773312995e-12,-0.27619796478331,2.77569853250444e-06,0.998670690806103,0.999999989686377
"FDPS",5.57192831813185e-12,-0.276337021736937,2.77273247517603e-06,0.998671401232226,0.999999989686377
"PCMT1",5.56391721126082e-12,-0.276711286057955,2.76476514801047e-06,0.998673311439302,0.999999989686377
"CAND1",5.55749536971166e-12,-0.277011688230248,2.75838667876494e-06,0.998674842694273,0.999999989686377
"TCF4",5.55693562512733e-12,-0.277037888352939,2.75783106363703e-06,0.99867497616248,0.999999989686377
"GNPTAB",5.55446094695292e-12,-0.277153752630521,2.7553753127824e-06,0.998675566236719,0.999999989686377
"STRAP",5.54122161968113e-12,-0.277774486461848,2.74225582530705e-06,0.99867872308599,0.999999989686377
"CD81",5.53973676290432e-12,-0.277844196414881,2.74078636176036e-06,0.998679077142428,0.999999989686377
"UBE2V2",5.52995608883054e-12,-0.278303834970745,2.73111692259454e-06,0.998681409293707,0.999999989686377
"MRPL57",5.52775457483108e-12,-0.278407405131642,2.72894280214393e-06,0.998681934233365,0.999999989686377
"SNRPA",5.52721994261483e-12,-0.278432563050945,2.72841495302766e-06,0.998682061713659,0.999999989686377
"SRP72",5.51331778933422e-12,-0.279087596882778,2.71470710671516e-06,0.998685376610417,0.999999989686377
"DKC1",5.50907160585001e-12,-0.279287992184624,2.7105271533732e-06,0.998686389090977,0.999999989686377
"DCP2",5.50411249024006e-12,-0.279522227426763,2.70564946489845e-06,0.998687571566529,0.999999989686377
"PARVG",5.49984787396453e-12,-0.279723826344628,2.7014583853389e-06,0.998688588442297,0.999999989686377
"RNPC3",5.49364892562979e-12,-0.2800171420412,2.69537212116763e-06,0.998690066549577,0.999999989686377
"ATP6AP1",5.4902749088523e-12,-0.280176928160093,2.6920623217268e-06,0.998690871066489,0.999999989686377
"RASAL3",5.48224423329594e-12,-0.280557634933024,2.68419267285525e-06,0.998692785939695,0.999999989686377
"CLEC11A",5.47140935300718e-12,-0.281072155295867,2.67359330299114e-06,0.998695369461081,0.999999989686377
"SNRPB",5.46156883238353e-12,-0.281540330931621,2.66398484965872e-06,0.998697715882539,0.999999989686377
"HNRNPAB",5.44046532957818e-12,-0.28254717987699,2.6434373485423e-06,0.998702747904126,0.999999989686377
"SMU1",5.42762994056315e-12,-0.283161449473992,2.63097903087985e-06,0.998705808436576,0.999999989686377
"ZNF22",5.42243667810277e-12,-0.283410394758846,2.62594669518363e-06,0.998707046743286,0.999999989686377
"MRPS15",5.40703157702932e-12,-0.284150247781243,2.61104730092389e-06,0.998710720010384,0.999999989686377
"ERLEC1",5.40518401801615e-12,-0.284239119675969,2.60926323892049e-06,0.998711160551328,0.999999989686377
"LY6E",5.38519903630723e-12,-0.285202370541305,2.59000406987898e-06,0.998715925867447,0.999999989686377
"SSBP1",5.38385213499639e-12,-0.285267416715849,2.588708651233e-06,0.99871624702914,0.999999989686377
"CIAO1",5.37569271967264e-12,-0.285661805726488,2.58086804094849e-06,0.998718192599781,0.999999989686377
"COX7B",5.36958342391998e-12,-0.285957489457693,2.57500523312644e-06,0.998719649329952,0.999999989686377
"VAMP7",5.36119816735635e-12,-0.286363870119654,2.56696914596584e-06,0.998721648751289,0.999999989686377
"PUM2",5.36048485412721e-12,-0.286398468962549,2.56628611535154e-06,0.998721818837163,0.999999989686377
"FKBP11",5.32695502105017e-12,-0.288029977920891,2.53428228175769e-06,0.998729813853637,0.999999989686377
"RBM3",5.30974139418614e-12,-0.288871519650875,2.51793008604228e-06,0.998733918354595,0.999999989686377
"ANKRD11",5.29320896103096e-12,-0.289682305653437,2.50227482076479e-06,0.998737860428443,0.999999989686377
"MAPK1IP1L",5.26726024295167e-12,-0.290959955802267,2.47780132263761e-06,0.998744047767171,0.999999989686377
"DERA",5.24356721265672e-12,-0.292131995548206,2.45556031576595e-06,0.998749697248783,0.999999989686377
"RUVBL2",5.23174432543575e-12,-0.292718808888747,2.44449949328045e-06,0.998752516355655,0.999999989686377
"ANAPC16",5.22267584233591e-12,-0.293169801393137,2.436032454941e-06,0.998754678688989,0.999999989686377
"TCF25",5.2212510574584e-12,-0.293240729052745,2.43470350063688e-06,0.998755018421645,0.999999989686377
"DECR1",5.21262712855324e-12,-0.293670448958335,2.42666735391498e-06,0.998757074753319,0.999999989686377
"PSIP1",5.19662888307811e-12,-0.294469489289895,2.41179468281268e-06,0.998760889453028,0.999999989686377
"SUDS3",5.1921590127011e-12,-0.294693174472818,2.40764746603955e-06,0.998761955270735,0.999999989686377
"UBE2L6",5.19015911315603e-12,-0.294793316940232,2.40579308302212e-06,0.998762432136544,0.999999989686377
"SRRM2",5.14561617927537e-12,-0.297033705308675,2.36467633053187e-06,0.998773053171212,0.999999989686377
"COX14",5.13712161595684e-12,-0.297463137828049,2.35687539394999e-06,0.998775078656396,0.999999989686377
"AK2",5.13207932317112e-12,-0.297718377542933,2.35225092743241e-06,0.998776280965329,0.999999989686377
"FAM96A",5.10278332349911e-12,-0.299206263755017,2.32547236440107e-06,0.998783266446712,0.999999989686377
"MZT1",5.09738295864537e-12,-0.299481460552506,2.32055279284863e-06,0.998784554136119,0.999999989686377
"SSR3",5.09611800260421e-12,-0.299545963076794,2.31940120856435e-06,0.998784855758424,0.999999989686377
"A1BG",5.08789608974516e-12,-0.299965600842996,2.31192315125922e-06,0.998786816231544,0.999999989686377
"CAST",5.08643946981446e-12,-0.300040015186752,2.31059957419523e-06,0.998787163555126,0.999999989686377
"IARS",5.08609147204528e-12,-0.30005779647129,2.3102834174826e-06,0.998787246533417,0.999999989686377
"C19orf60",5.07019884603174e-12,-0.300871131826219,2.29586798427825e-06,0.998791036048927,0.999999989686377
"UCHL5",5.06247839281053e-12,-0.301267151986738,2.2888814155977e-06,0.998792876951579,0.999999989686377
"LINC00493",5.05465993008364e-12,-0.30166880933938,2.28181700415084e-06,0.998794741224104,0.999999989686377
"ARHGAP30",5.05420096220085e-12,-0.301692406973968,2.28140264069742e-06,0.998794850662653,0.999999989686377
"PMPCB",5.05014513846933e-12,-0.301901027643673,2.277742614337e-06,0.99879581775312,0.999999989686377
"MT-ND1",5.04290047255337e-12,-0.302274086873853,2.27121224827366e-06,0.998797545206734,0.999999989686377
"LETMD1",5.0421173609964e-12,-0.302314444451736,2.27050691035579e-06,0.998797731935689,0.999999989686377
"PTPMT1",5.03597438651015e-12,-0.302631237468914,2.26497781669252e-06,0.998799196696609,0.999999989686377
"TRAPPC2L",5.03269137640554e-12,-0.302800699101355,2.26202564867139e-06,0.998799979513618,0.999999989686377
"BLOC1S1",5.02169387020042e-12,-0.303369164152639,2.2521504312737e-06,0.998802601812869,0.999999989686377
"GABPB1-AS1",5.02123587314735e-12,-0.303392864909157,2.25173964111008e-06,0.99880271101993,0.999999989686377
"NUTF2",5.01580310751615e-12,-0.30367416689603,2.24686970225349e-06,0.998804006435185,0.999999989686377
"GADD45GIP1",5.00409750774106e-12,-0.304281295117783,2.23639470270943e-06,0.998806797575757,0.999999989686377
"SEPT2",4.99979926174042e-12,-0.304504582978424,2.23255447128546e-06,0.9988078224706,0.999999989686377
"RPA2",4.99546226166913e-12,-0.304730076755062,2.22868296009592e-06,0.998808856606155,0.999999989686377
"PSMB9",4.97992921404158e-12,-0.305539280132369,2.21484463433749e-06,0.998812560382186,0.999999989686377
"RNF181",4.97730403779488e-12,-0.305676287048132,2.21251013328286e-06,0.998813186342083,0.999999989686377
"PPP2R5C",4.97529349894628e-12,-0.305781264663389,2.21072304569151e-06,0.998813665744826,0.999999989686377
"H2AFV",4.97503132757456e-12,-0.305794956688454,2.21049006525612e-06,0.998813728258253,0.999999989686377
"KAT6B",4.97346446622458e-12,-0.305876801665075,2.20909791883181e-06,0.998814101868358,0.999999989686377
"AURKA",4.97346387741657e-12,-0.305876832426251,2.20909739576203e-06,0.998814102008756,0.999999989686377
"LSM2",4.96966529648394e-12,-0.306075357266741,2.20572420118751e-06,0.998815007761023,0.999999989686377
"GCC2",4.96725956257633e-12,-0.306201165600652,2.20358920785585e-06,0.998815581396016,0.999999989686377
"TUBA1B",4.96598074145146e-12,-0.306268066363343,2.20245472569424e-06,0.998815886324398,0.999999989686377
"PTPN2",4.95824862458688e-12,-0.306672931111686,2.19560154583076e-06,0.998817730008272,0.999999989686377
"SON",4.95756305898573e-12,-0.306708858472967,2.19499442628297e-06,0.998817893477897,0.999999989686377
"KIAA0125",4.94103876076651e-12,-0.307576312739894,2.18038632381116e-06,0.998821833612646,0.999999989686377
"METTL5",4.9335637983413e-12,-0.307969659827255,2.17379419679872e-06,0.998823615979374,0.999999989686377
"NRROS",4.93243993680913e-12,-0.308028850627729,2.17280393275639e-06,0.998823883958435,0.999999989686377
"MRPS25",4.9113179627882e-12,-0.309143779350616,2.15423476858663e-06,0.998828920385622,0.999999989686377
"ZFAND5",4.89722134172398e-12,-0.309890517379587,2.14188620933541e-06,0.998832281653184,0.999999989686377
"RHOG",4.89608153710685e-12,-0.309950989020739,2.14088929801924e-06,0.998832553433796,0.999999989686377
"YLPM1",4.88448251832553e-12,-0.310567161673709,2.13075760363536e-06,0.99883531916082,0.999999989686377
"CENPU",4.8823259019228e-12,-0.310681886918397,2.12887645764723e-06,0.998835833395032,0.999999989686377
"ADRM1",4.87997898844542e-12,-0.310806792390611,2.1268302656875e-06,0.998836393004614,0.999999989686377
"KHDRBS1",4.87412541590505e-12,-0.311118585669024,2.12173102710397e-06,0.998837788759218,0.999999989686377
"RABAC1",4.85087497900924e-12,-0.312360702386829,2.10153724464558e-06,0.998843332707687,0.999999989686377
"MED30",4.82651551955332e-12,-0.313668405179298,2.08048381562136e-06,0.998849141097007,0.999999989686377
"SERPINB1",4.8077648851022e-12,-0.314679464372509,2.06435018248834e-06,0.998853612090549,0.999999989686377
"CMTM7",4.8067059246268e-12,-0.314736681332143,2.06344089322357e-06,0.998853864594296,0.999999989686377
"GOLGA4",4.80449789785463e-12,-0.314856023929908,2.0615455884784e-06,0.998854391087067,0.999999989686377
"NDUFS3",4.80377446887453e-12,-0.314895136666517,2.06092480787944e-06,0.998854563585034,0.999999989686377
"TBCA",4.79809081341881e-12,-0.315202630839694,2.05605086675083e-06,0.998855918823817,0.999999989686377
"FEN1",4.79714217864949e-12,-0.315253988498426,2.05523793985812e-06,0.998856145020961,0.999999989686377
"STAU1",4.78813547657267e-12,-0.31574209929627,2.04752770827446e-06,0.998858292623344,0.999999989686377
"MGEA5",4.78276035212219e-12,-0.31603383302394,2.04293321054776e-06,0.998859574294484,0.999999989686377
"RER1",4.78239806232995e-12,-0.316053507899117,2.0426237215658e-06,0.998859660680646,0.999999989686377
"LDHB",4.78221202043884e-12,-0.316063611851272,2.04246480288797e-06,0.998859705041391,0.999999989686377
"PPT1",4.75777217395121e-12,-0.317394336963837,2.02164181451758e-06,0.998865532598762,0.999999989686377
"TPRKB",4.75423388781645e-12,-0.317587553673497,2.01863600125271e-06,0.99886637628514,0.999999989686377
"TM7SF3",4.7534509582784e-12,-0.317630326677895,2.01797119608972e-06,0.998866562970717,0.999999989686377
"FUBP1",4.74938763807658e-12,-0.317852426064363,2.01452268737341e-06,0.998867531848807,0.999999989686377
"CREG1",4.7442879532476e-12,-0.318131439061895,2.01019879722653e-06,0.998868747842787,0.999999989686377
"GABARAP",4.73715030554183e-12,-0.318522451709538,2.00415477214836e-06,0.998870449778683,0.999999989686377
"FDFT1",4.71853203624097e-12,-0.319545144039083,1.98843200041012e-06,0.998874889210596,0.999999989686377
"PCF11",4.69631799217982e-12,-0.320770590141333,1.96975367389212e-06,0.998880186036814,0.999999989686377
"NUDT1",4.6932076565992e-12,-0.32094263080162,1.96714543222339e-06,0.998880927680572,0.999999989686377
"ATP5J2",4.68952027688948e-12,-0.321146735546437,1.96405553586308e-06,0.998881806917581,0.999999989686377
"GBAS",4.67940024021529e-12,-0.321707719755744,1.9555877753128e-06,0.998884219989058,0.999999989686377
"TAX1BP1",4.6184802614554e-12,-0.325110287293869,1.90500057655749e-06,0.998898746049585,0.999999989686377
"HSPB11",4.60958041645971e-12,-0.325611087173238,1.89766575062062e-06,0.998900868172599,0.999999989686377
"SAP18",4.60212914714208e-12,-0.32603111154348,1.89153565251349e-06,0.998902644890077,0.999999989686377
"HIST2H2AC",4.58737380758671e-12,-0.326864853070243,1.87942581941631e-06,0.998906163226174,0.999999989686377
"MRPL34",4.57661333955584e-12,-0.327474542517881,1.87061913242862e-06,0.998908729005372,0.999999989686377
"C17orf89",4.54215574531847e-12,-0.32943650662593,1.84255716614616e-06,0.998916945244578,0.999999989686377
"CYLD",4.5351647597301e-12,-0.32983636049605,1.83688964688839e-06,0.998918612209775,0.999999989686377
"MTOR",4.53266460174883e-12,-0.329979506773409,1.83486491408695e-06,0.998919208359817,0.999999989686377
"PSMG2",4.5201923546354e-12,-0.33069477357796,1.82478104281724e-06,0.99892218230415,0.999999989686377
"CTSD",4.5167283238562e-12,-0.330893777842805,1.82198528762441e-06,0.998923008284796,0.999999989686377
"SRSF5",4.51331272346103e-12,-0.331090147838794,1.8192307182965e-06,0.998923822717464,0.999999989686377
"GTF2F1",4.51330259979731e-12,-0.331090730088001,1.81922255699216e-06,0.9989238251314,0.999999989686377
"CEP57",4.50661899607516e-12,-0.331475411245058,1.81383849089972e-06,0.998925418802962,0.999999989686377
"NUCKS1",4.50548011893081e-12,-0.331541016715502,1.8129218488743e-06,0.998925690362468,0.999999989686377
"HDDC2",4.50005165372126e-12,-0.331853951408072,1.80855585271478e-06,0.998926984752593,0.999999989686377
"YBX3",4.49533983411341e-12,-0.332125876755545,1.8047705061095e-06,0.998928108262194,0.999999989686377
"PNRC2",4.49370486475192e-12,-0.332220298948322,1.80345794332523e-06,0.998928498112386,0.999999989686377
"CFAP97",4.47862148975323e-12,-0.333092996535379,1.79137144438789e-06,0.998932094667033,0.999999989686377
"PPP1CA",4.46858790049008e-12,-0.333675135428414,1.78335390969949e-06,0.998934487125769,0.999999989686377
"VMA21",4.46736824951009e-12,-0.333745986559927,1.78238054963065e-06,0.998934777945392,0.999999989686377
"USMG5",4.46482786083668e-12,-0.333893622586319,1.78035400886176e-06,0.998935383688255,0.999999989686377
"MRPL16",4.45781173334245e-12,-0.334301800943728,1.77476303127613e-06,0.998937056648465,0.999999989686377
"MDK",4.44225086804194e-12,-0.335209362034419,1.76239434048847e-06,0.998940767058319,0.999999989686377
"AES",4.42875953411496e-12,-0.335998772118092,1.75170563999452e-06,0.998943983998872,0.999999989686377
"MGST2",4.42209865022961e-12,-0.336389394578491,1.74644044847808e-06,0.998945572253057,0.999999989686377
"POLB",4.40905902579201e-12,-0.33715578261667,1.73615603213433e-06,0.998948681485785,0.999999989686377
"TIPRL",4.40113463134784e-12,-0.337622626180501,1.72992085971642e-06,0.998950571017709,0.999999989686377
"MT2A",4.40055142422819e-12,-0.337657017067271,1.72946241642847e-06,0.998950710080508,0.999999989686377
"NDUFS6",4.39294279011161e-12,-0.338106101196485,1.72348704219291e-06,0.99895252432098,0.999999989686377
"CDK12",4.37196524789011e-12,-0.33934825760385,1.70706606887592e-06,0.998957526310261,0.999999989686377
"RNF138",4.36759247788069e-12,-0.339607928245755,1.7036530159826e-06,0.998958568975249,0.999999989686377
"RSRC1",4.35413854291384e-12,-0.340408487962921,1.69317331380437e-06,0.998961776998303,0.999999989686377
"LNPEP",4.3524147091544e-12,-0.340511239496748,1.69183290099317e-06,0.998962188037785,0.999999989686377
"SRSF7",4.34969071672112e-12,-0.34067368905544,1.68971587024895e-06,0.998962837560069,0.999999989686377
"AFG3L2",4.34808709704689e-12,-0.340769370533241,1.68847018990136e-06,0.998963219935108,0.999999989686377
"DDX18",4.34480316531328e-12,-0.340965418482184,1.68592068855682e-06,0.9989640029721,0.999999989686377
"HSD17B11",4.32668687614477e-12,-0.342049589468816,1.671890616498e-06,0.998968322710081,0.999999989686377
"COMMD6",4.30576541233831e-12,-0.343307242226325,1.65576103193221e-06,0.998973311327875,0.999999989686377
"MORF4L2",4.30076153436593e-12,-0.343608936994519,1.65191483452515e-06,0.99897450447741,0.999999989686377
"ACIN1",4.29582878661175e-12,-0.343906683487865,1.64812768837159e-06,0.998975680666305,0.999999989686377
"SRRT",4.27339187296217e-12,-0.34526528732373,1.63095645975564e-06,0.998981030635555,0.999999989686377
"MT-ATP6",4.2605272686392e-12,-0.346047455885504,1.62115158874793e-06,0.998984098135795,0.999999989686377
"KLHDC2",4.24517586796156e-12,-0.346983887302371,1.60949006889839e-06,0.998987758600146,0.999999989686377
"SDHA",4.23916493168251e-12,-0.347351466464691,1.6049353963779e-06,0.998989191877703,0.999999989686377
"CREBZF",4.23071903641621e-12,-0.347868820393809,1.59854658479579e-06,0.998991205759003,0.999999989686377
"NFKBIZ",4.21813091109714e-12,-0.348641807673112,1.58904807264568e-06,0.998994207334262,0.999999989686377
"SNHG7",4.21609370026522e-12,-0.348767119441945,1.58751353316346e-06,0.998994693096955,0.999999989686377
"SNW1",4.21274868667206e-12,-0.348973006116596,1.58499549245119e-06,0.998995490698649,0.999999989686377
"ILF3",4.20975579968587e-12,-0.349157356513731,1.58274421772111e-06,0.998996204337523,0.999999989686377
"TMEM14B",4.19766620937475e-12,-0.349903352055836,1.57366661109487e-06,0.998999087039636,0.999999989686377
"RNASEH2C",4.19067256632987e-12,-0.350335870788325,1.5684272738774e-06,0.999000754638715,0.999999989686377
"C19orf24",4.18569279877701e-12,-0.350644278068617,1.56470197079972e-06,0.999001942039293,0.999999989686377
"FOPNL",4.18465396996189e-12,-0.350708660670985,1.56392539408238e-06,0.999002189742811,0.999999989686377
"CXCR4",4.18079333547813e-12,-0.35094806664881,1.56104106518441e-06,0.999003110291728,0.999999989686377
"LAP3",4.17929949628617e-12,-0.351040761457554,1.55992571337299e-06,0.999003466490186,0.999999989686377
"NDUFB9",4.17109807555624e-12,-0.351550256180564,1.55380935149803e-06,0.999005422077805,0.999999989686377
"IMP3",4.14248324876657e-12,-0.353335687161249,1.5325633993704e-06,0.99901224513971,0.999999989686377
"ATP5B",4.13890088838271e-12,-0.353560069105119,1.52991386760059e-06,0.999013099335578,0.999999989686377
"ST3GAL1",4.13068434502602e-12,-0.354075441202737,1.52384552898281e-06,0.999015058529141,0.999999989686377
"RBBP4",4.11351979603023e-12,-0.355155347943829,1.511207537407e-06,0.999019151329797,0.999999989686377
"SCAND1",4.1124678424387e-12,-0.355221676552657,1.51043471169804e-06,0.999019402162859,0.999999989686377
"RNF167",4.10788873901737e-12,-0.355510597626956,1.50707294139192e-06,0.999020494027118,0.999999989686377
"FOS",4.10622778559851e-12,-0.355615475212142,1.50585447027198e-06,0.999020890073136,0.999999989686377
"COX7A2L",4.10396885189719e-12,-0.355758178487592,1.50419811318115e-06,0.999021428704555,0.999999989686377
"SPAG9",4.09856397699072e-12,-0.356099935690363,1.50023870248661e-06,0.99902271746989,0.999999989686377
"DNAJC1",4.07239378126572e-12,-0.357761046659789,1.48114118731386e-06,0.999028957621945,0.999999989686377
"RBPJ",4.06945922746594e-12,-0.357947971278051,1.47900734530356e-06,0.9990296573516,0.999999989686377
"INPP4B",4.04848096978537e-12,-0.359288139756222,1.46379794147796e-06,0.999034659512089,0.999999989686377
"PSMA5",4.04322580371046e-12,-0.359624935951145,1.4600002165136e-06,0.999035912580129,0.999999989686377
"DNAJC2",4.03768416226565e-12,-0.359980561721472,1.45600080936596e-06,0.999037233956789,0.999999989686377
"RTFDC1",4.00779030503862e-12,-0.3619073241161,1.43452099396725e-06,0.999044361997435,0.999999989686377
"PGAM1",4.00025361614504e-12,-0.362395335433247,1.42913080535017e-06,0.999046159083195,0.999999989686377
"ATP6V0B",3.98588336280329e-12,-0.36332835735497,1.41888141326081e-06,0.999049585598222,0.999999989686377
"ABCE1",3.98581995028245e-12,-0.36333248193508,1.41883626686625e-06,0.99904960071862,0.999999989686377
"USP8",3.9657301184044e-12,-0.364642478819241,1.40456951762335e-06,0.999054391038569,0.999999989686377
"GID8",3.96402721766957e-12,-0.364753821675787,1.4033635208163e-06,0.999054797086735,0.999999989686377
"MEF2A",3.95929597300732e-12,-0.365063419197038,1.40001556509418e-06,0.999055925228371,0.999999989686377
"TMC8",3.95514647784756e-12,-0.365335250513846,1.39708256203767e-06,0.999056914654747,0.999999989686377
"TMSB10",3.95203625824294e-12,-0.365539184601585,1.39488617052029e-06,0.999057656271065,0.999999989686377
"JUND",3.9508241163163e-12,-0.365618706605217,1.3940306415705e-06,0.999057945300248,0.999999989686377
"SUPT16H",3.94614970878013e-12,-0.365925595258907,1.39073390534925e-06,0.999059059889361,0.999999989686377
"GLOD4",3.93394830516156e-12,-0.366728352299369,1.38214696708102e-06,0.999061969253075,0.999999989686377
"PHF14",3.9305814664875e-12,-0.366950297921113,1.37978218026374e-06,0.999062772058932,0.999999989686377
"ANKRD36C",3.92488640595975e-12,-0.367326151214498,1.37578671528188e-06,0.999064130017659,0.999999989686377
"POLR2B",3.91813178095985e-12,-0.367772632468446,1.3710554054072e-06,0.999065740624243,0.999999989686377
"ARL6IP4",3.91697265393309e-12,-0.36784932745214,1.37024430849236e-06,0.999066017012292,0.999999989686377
"RBM8A",3.90441070056681e-12,-0.36868194788776,1.36146949938511e-06,0.999069012347322,0.999999989686377
"FKBP5",3.8897614597888e-12,-0.369656272267273,1.3512722735092e-06,0.999072505385626,0.999999989686377
"UBQLN1",3.88787380640942e-12,-0.369782084652175,1.34996108012109e-06,0.999072955487149,0.999999989686377
"UBB",3.88781941131785e-12,-0.369785710989656,1.34992330587916e-06,0.999072968457387,0.999999989686377
"CCNI",3.88520176794796e-12,-0.369960279848321,1.34810612877451e-06,0.999073592621378,0.999999989686377
"PPP1CC",3.88496740214995e-12,-0.369975915223033,1.34794349092038e-06,0.999073648504732,0.999999989686377
"REL",3.87372385170741e-12,-0.370727111470839,1.34015256866811e-06,0.9990763294732,0.999999989686377
"PLPP5",3.87022363382346e-12,-0.370961406216083,1.33773179377542e-06,0.999077164082682,0.999999989686377
"RNASEH2B",3.86966752007156e-12,-0.370998650218267,1.33734738312146e-06,0.99907729668523,0.999999989686377
"IFITM2",3.86567110391975e-12,-0.371266453821984,1.33458650672734e-06,0.999078249610712,0.999999989686377
"TUBGCP2",3.8639955177304e-12,-0.371378817987321,1.33342979679924e-06,0.999078649145876,0.999999989686377
"COX4I1",3.85531707027033e-12,-0.371961564359411,1.32744681620785e-06,0.999080718478358,0.999999989686377
"ATPIF1",3.85234575265942e-12,-0.37216138291347,1.32540146113324e-06,0.999081426974214,0.999999989686377
"FKBP3",3.83934796897699e-12,-0.373037270023054,1.3164727614611e-06,0.999084526230876,0.999999989686377
"BDP1",3.83527761528244e-12,-0.373312164326323,1.31368287664134e-06,0.999085496786407,0.999999989686377
"IQGAP1",3.83453899585915e-12,-0.373362078486503,1.31317693242973e-06,0.999085672906523,0.999999989686377
"UFD1L",3.82654841867559e-12,-0.373902672162156,1.30770972569642e-06,0.999087578219791,0.999999989686377
"DTYMK",3.81000458030706e-12,-0.375025488453867,1.29642657012193e-06,0.999091523015535,0.999999989686377
"SRSF2",3.80314393513682e-12,-0.375492531119254,1.29176184359405e-06,0.999093158902164,0.999999989686377
"BAZ1A",3.80144863411711e-12,-0.375608068302406,1.29061046088851e-06,0.999093563138239,0.999999989686377
"ATF4",3.80061353525296e-12,-0.375665000235006,1.29004348284935e-06,0.999093762263399,0.999999989686377
"ITM2A",3.79580208486345e-12,-0.375993256912816,1.28677924603853e-06,0.999094909529755,0.999999989686377
"MAN1A2",3.7848164457196e-12,-0.376744288416231,1.27934174739204e-06,0.999097529000641,0.999999989686377
"TTC17",3.78296867267393e-12,-0.376870823118292,1.27809288569065e-06,0.999097969592913,0.999999989686377
"RBMS1",3.77851762148425e-12,-0.377175880579852,1.27508703997046e-06,0.999099030923883,0.999999989686377
"DPP7",3.76637813264799e-12,-0.378009684936166,1.26690709143305e-06,0.999101925524494,0.999999989686377
"PPM1G",3.76276276471483e-12,-0.378258521764432,1.26447603604435e-06,0.999102787590961,0.999999989686377
"MT-ATP8",3.75668823818922e-12,-0.378677149829697,1.26039664353267e-06,0.999104236031542,0.999999989686377
"EIF4H",3.74757296847938e-12,-0.379306590715044,1.25428758348986e-06,0.99910640952219,0.999999989686377
"TYROBP",3.74062181369806e-12,-0.379787611441143,1.24963888885025e-06,0.999108066990419,0.999999989686377
"LMBRD1",3.73514178986369e-12,-0.380167453963804,1.24598012032084e-06,0.999109373674805,0.999999989686377
"CAPRIN1",3.73277323341359e-12,-0.380331798941767,1.24440040061746e-06,0.999109938445293,0.999999989686377
"LITAF",3.72718202070879e-12,-0.380720161440496,1.24067529007841e-06,0.999111271642116,0.999999989686377
"GOPC",3.7256526359872e-12,-0.38082649210555,1.23965731965165e-06,0.999111636316286,0.999999989686377
"LSM14A",3.724510188686e-12,-0.380905949097461,1.2388971704071e-06,0.999111908727155,0.999999989686377
"EIF4G1",3.71773039967125e-12,-0.381377979173358,1.23439090453041e-06,0.999113525334084,0.999999989686377
"UBE2A",3.7110476982424e-12,-0.381844084424548,1.22995720383799e-06,0.999115118790964,0.999999989686377
"DGCR6L",3.70601792943981e-12,-0.38219544927631,1.22662541804274e-06,0.999116318114293,0.999999989686377
"CLPP",3.70064780167511e-12,-0.382571112081535,1.22307316175883e-06,0.999117598594524,0.999999989686377
"PSMB8",3.69298070999562e-12,-0.383108393441561,1.21801042659068e-06,0.999119426774369,0.999999989686377
"PRMT1",3.69175646789323e-12,-0.38319428601809,1.2172030070008e-06,0.999119718688804,0.999999989686377
"ARID1A",3.68806209696405e-12,-0.383453653372182,1.2147680958949e-06,0.999120599593164,0.999999989686377
"N4BP2L2",3.68549165570023e-12,-0.383634265796298,1.21307539017128e-06,0.99912121250209,0.999999989686377
"USP14",3.68345118567242e-12,-0.383777728527329,1.21173252523075e-06,0.999121699042013,0.999999989686377
"RAP1GDS1",3.67902113093203e-12,-0.384089470803166,1.20881959759921e-06,0.999122755366519,0.999999989686377
"NAA20",3.6660982947091e-12,-0.385000976514117,1.20034237417452e-06,0.999125836752512,0.999999989686377
"C12orf57",3.65585512696721e-12,-0.385725735891207,1.19364417319667e-06,0.9991282791849,0.999999989686377
"GABPB1",3.65196220371058e-12,-0.386001708538495,1.19110343186219e-06,0.999129207433085,0.999999989686377
"MRPS18C",3.65190131707001e-12,-0.386006027157085,1.19106371530548e-06,0.999129221951201,0.999999989686377
"GNB1",3.62520535866898e-12,-0.387906441181682,1.17371364711781e-06,0.999135587469714,0.999999989686377
"LAT2",3.61151063336797e-12,-0.388886715540385,1.16486265850754e-06,0.999138852908874,0.999999989686377
"CAPN7",3.61096335766275e-12,-0.388925966199617,1.16450964682058e-06,0.999138983404045,0.999999989686377
"SUMO2",3.60900348158166e-12,-0.389066577000782,1.16324589805818e-06,0.999139450726754,0.999999989686377
"RALBP1",3.59547363355496e-12,-0.3900393396368,1.15454042627228e-06,0.999142676851765,0.999999989686377
"SATB1",3.58456002661636e-12,-0.390826645178974,1.14754213979913e-06,0.999145279147103,0.999999989686377
"CSDE1",3.57407668500186e-12,-0.391585149217077,1.14083979155894e-06,0.999147778847822,0.999999989686377
"CTSG",3.57214140978025e-12,-0.391725413504191,1.13960465228828e-06,0.999148240304583,0.999999989686377
"NDUFS2",3.57009988859256e-12,-0.391873459816207,1.1383024293595e-06,0.999148727095168,0.999999989686377
"VPS29",3.56379239229855e-12,-0.392331394662183,1.13428377662352e-06,0.999150231086324,0.999999989686377
"EGFL7",3.55824696437891e-12,-0.392734665369111,1.13075652565304e-06,0.999151553366065,0.999999989686377
"PGD",3.5510673001907e-12,-0.39325770510625,1.1261979541443e-06,0.99915326532133,0.999999989686377
"TAF1D",3.54035364102059e-12,-0.394040146920002,1.11941267030769e-06,0.999155819940153,0.999999989686377
"CCND2",3.53020351373351e-12,-0.394783598178645,1.11300320127657e-06,0.999158240187604,0.999999989686377
"TOP2B",3.52991711303348e-12,-0.394804606429202,1.11282261567335e-06,0.999158308478429,0.999999989686377
"EIF3I",3.52618110783918e-12,-0.395078806997517,1.11046827656603e-06,0.999159199310319,0.999999989686377
"CGGBP1",3.51685420843943e-12,-0.395764603202732,1.1046015737883e-06,0.999161423263178,0.999999989686377
"ATP5G1",3.50824208184271e-12,-0.396399443742908,1.09919826715261e-06,0.999163476782016,0.999999989686377
"SNRPA1",3.5065656376116e-12,-0.39652320174522,1.09814799509898e-06,0.999163876521822,0.999999989686377
"MRPS12",3.50578746745139e-12,-0.396580667513808,1.09766065148702e-06,0.999164062072635,0.999999989686377
"UROS",3.48422242404646e-12,-0.398178232196936,1.08419817199777e-06,0.999169204150219,0.999999989686377
"HEBP1",3.47076313511632e-12,-0.399180281586586,1.07583799876713e-06,0.999172413450891,0.999999989686377
"PWP1",3.46242278427408e-12,-0.399803156360578,1.0706736674815e-06,0.999174402166179,0.999999989686377
"TMEM109",3.45554744589138e-12,-0.400317738894551,1.06642581237951e-06,0.999176041556516,0.999999989686377
"HNRNPH3",3.45522788057813e-12,-0.400341681303665,1.06622857767441e-06,0.99917611775528,0.999999989686377
"CALR",3.44360343908299e-12,-0.40121409895209,1.05906640891164e-06,0.999178889545708,0.999999989686377
"CIR1",3.4339541069361e-12,-0.4019405014771,1.05313949776622e-06,0.999181190381114,0.999999989686377
"DHPS",3.42381764305746e-12,-0.402705754897416,1.04693128730846e-06,0.999183607370673,0.999999989686377
"TIAL1",3.41512183628928e-12,-0.403364035280167,1.04162005168154e-06,0.999185680842693,0.999999989686377
"TP53",3.41506571649162e-12,-0.403368288986098,1.04158581862687e-06,0.999185694224181,0.999999989686377
"ANKRD12",3.39393076109218e-12,-0.404975193559521,1.02873350328085e-06,0.999190733749555,0.999999989686377
"PDCD6IP",3.39204897643747e-12,-0.405118746846673,1.02759304498428e-06,0.999191182451782,0.999999989686377
"SCCPDH",3.39088593376276e-12,-0.405207509815679,1.02688849756645e-06,0.999191459773545,0.999999989686377
"CTDSP1",3.38395559328658e-12,-0.40573705644109,1.02269524868368e-06,0.999193112278895,0.999999989686377
"PRPF38A",3.37769347090934e-12,-0.406216468769142,1.01891368773033e-06,0.999194605450953,0.999999989686377
"SMNDC1",3.37030880862483e-12,-0.406782951868904,1.01446324940119e-06,0.999196366287094,0.999999989686377
"DDX21",3.37025800915291e-12,-0.406786852989315,1.01443266834058e-06,0.999196378399976,0.999999989686377
"MAGOH",3.36630412270547e-12,-0.407090668480575,1.01205386006907e-06,0.999197321184615,0.999999989686377
"CDC123",3.36291757401856e-12,-0.407351170908892,1.01001860386209e-06,0.999198128690376,0.999999989686377
"MDH1",3.36205049169849e-12,-0.407417910971679,1.00949783203078e-06,0.999198335441861,0.999999989686377
"LARS",3.35447040869896e-12,-0.408002083072722,1.00495093353404e-06,0.999200142875112,0.999999989686377
"SPG21",3.33783147974225e-12,-0.409288986806648,9.95006093108923e-07,0.999204110345332,0.999999989686377
"LENG8",3.33729835493521e-12,-0.409330325176006,9.94688269952556e-07,0.999204237466303,0.999999989686377
"PMVK",3.33592049059664e-12,-0.409437194735741,9.9386708921166e-07,0.999204566011233,0.999999989686377
"SPG20",3.33565212287583e-12,-0.409458014888419,9.93707186649434e-07,0.999204630002187,0.999999989686377
"TRIM22",3.33563588331898e-12,-0.409459274817639,9.93697510985143e-07,0.999204633874429,0.999999989686377
"RC3H1",3.33544943278097e-12,-0.409473740824865,9.93586425564618e-07,0.999204678332637,0.999999989686377
"FXR1",3.32774806705517e-12,-0.410071961805788,9.89003451899553e-07,0.999206514685168,0.999999989686377
"ANKLE2",3.32124714973728e-12,-0.410578002998591,9.85143093821318e-07,0.999208064796723,0.999999989686377
"OSTC",3.32013976543467e-12,-0.410664301195126,9.84486262169133e-07,0.999208328847028,0.999999989686377
"HBA2",3.31618775770559e-12,-0.410972512700233,9.82143962135467e-07,0.99920927118371,0.999999989686377
"PLK1",3.31178359243849e-12,-0.411316416039491,9.79536961375392e-07,0.999210321335121,0.999999989686377
"GCA",3.30880719520698e-12,-0.411549087264526,9.77777075259711e-07,0.99921103104231,0.999999989686377
"EIF2A",3.29948108540543e-12,-0.412279472933593,9.72272973779293e-07,0.999213254807041,0.999999989686377
"TSPYL2",3.29912923792939e-12,-0.412307068289665,9.72065623869934e-07,0.99921333870333,0.999999989686377
"CLTA",3.29213150856777e-12,-0.412856505425616,9.67946332023921e-07,0.999215007277272,0.999999989686377
"PSMA1",3.29025533397748e-12,-0.413004012619772,9.66843387726762e-07,0.99921545464182,0.999999989686377
"HAX1",3.29007994274518e-12,-0.413017806353714,9.66740312848812e-07,0.999215496462991,0.999999989686377
"NDUFB4",3.26691921811782e-12,-0.414845718577169,9.53177361659611e-07,0.999221019023206,0.999999989686377
"GLRX",3.26326544458078e-12,-0.415135256154792,9.51046457013422e-07,0.999221890247435,0.999999989686377
"URI1",3.25449751727695e-12,-0.415831368102208,9.45942671321511e-07,0.999223980916339,0.999999989686377
"ERGIC3",3.25424055458515e-12,-0.415851797130318,9.45793301178929e-07,0.999224042187822,0.999999989686377
"U2SURP",3.25043038312246e-12,-0.416154900627979,9.4357986614941e-07,0.999224950704366,0.999999989686377
"IMMT",3.24730262057783e-12,-0.416403980719473,9.417647995533e-07,0.999225696503879,0.999999989686377
"SNRPC",3.23979219490772e-12,-0.417003046406995,9.37413572703753e-07,0.999227487327746,0.999999989686377
"SF3B2",3.23806943658952e-12,-0.417140655285072,9.36416899113747e-07,0.999227898110949,0.999999989686377
"ATP1B3",3.23592641515921e-12,-0.417311934740449,9.35177829066838e-07,0.999228409103814,0.999999989686377
"SSU72",3.23284443846894e-12,-0.417558456503703,9.33397304195023e-07,0.999229143985919,0.999999989686377
"ADSS",3.23070241585507e-12,-0.417729930118839,9.32160810573016e-07,0.999229654740622,0.999999989686377
"GGCT",3.22941566355378e-12,-0.417832991589314,9.31418420189678e-07,0.999229961560347,0.999999989686377
"ATP5F1",3.22868126078919e-12,-0.41789183125783,9.30994839854692e-07,0.999230136675056,0.999999989686377
"CCDC109B",3.22316235985831e-12,-0.418334424857993,9.27814794175818e-07,0.999231452629702,0.999999989686377
"NOP10",3.21673967121353e-12,-0.418850444171061,9.24120826784603e-07,0.999232984088064,0.999999989686377
"GOLGA7",3.21520645147483e-12,-0.418973778746718,9.23240094883362e-07,0.999233349676732,0.999999989686377
"SDCCAG8",3.20884169076743e-12,-0.419486393290741,9.19588456234559e-07,0.999234867322467,0.999999989686377
"ARPC3",3.20581876168624e-12,-0.419730211114466,9.17856652949484e-07,0.999235588124967,0.999999989686377
"CBX5",3.20397473212433e-12,-0.419879055235648,9.16801029948052e-07,0.999236027824704,0.999999989686377
"CCDC124",3.20330480719343e-12,-0.41993315041907,9.1641767882506e-07,0.999236187564993,0.999999989686377
"RCN2",3.18719027392427e-12,-0.421237754876914,9.07220615769847e-07,0.999240029995827,0.999999989686377
"PPIP5K2",3.18387219491521e-12,-0.421507191349184,9.05332643921528e-07,0.999240821175374,0.999999989686377
"CCAR1",3.17581926144969e-12,-0.422162267838265,9.00758739503956e-07,0.999242741357577,0.999999989686377
"HIST1H3B",3.16788492147261e-12,-0.422809307470663,8.96263522558902e-07,0.999244633261753,0.999999989686377
"COPA",3.15989505538388e-12,-0.423462498495497,8.91748210210579e-07,0.99924653840586,0.999999989686377
"UQCRC1",3.15112436951203e-12,-0.424181408679593,8.86804761855757e-07,0.999248629732593,0.999999989686377
"IRF2BP2",3.14206915231555e-12,-0.424925722535955,8.81715358330196e-07,0.999250788904421,0.999999989686377
"TMX1",3.13337348877131e-12,-0.425642483560338,8.76841824112729e-07,0.99925286234246,0.999999989686377
"ZRANB2",3.13323057017878e-12,-0.425654280411287,8.76761837387968e-07,0.999252896420693,0.999999989686377
"CYFIP2",3.1245047914208e-12,-0.42637553857541,8.71885224097308e-07,0.999254977039562,0.999999989686377
"ID2",3.11070644700373e-12,-0.427520166383989,8.64201441297483e-07,0.999258267186682,0.999999989686377
"NUDT21",3.11001994377154e-12,-0.427577245752788,8.63820041363077e-07,0.999258430879989,0.999999989686377
"RPL7L1",3.10909757338244e-12,-0.427653955957448,8.63307733474294e-07,0.999258650814656,0.999999989686377
"FOXP1",3.10192960861556e-12,-0.428250858614772,8.59331643352149e-07,0.99926035998048,0.999999989686377
"MRPL21",3.1013104911704e-12,-0.428302478839196,8.58988647743122e-07,0.99926050760598,0.999999989686377
"CBR1",3.10087237197766e-12,-0.428339014116526,8.5874596786219e-07,0.999260612073339,0.999999989686377
"IDH2",3.09750749053473e-12,-0.428619786022432,8.56883259420116e-07,0.999261414412715,0.999999989686377
"TMED2",3.09666425080979e-12,-0.428690194814668,8.56416781353737e-07,0.999261615479066,0.999999989686377
"RPA1",3.08475297221138e-12,-0.429686795015022,8.49841060506091e-07,0.999264455664677,0.999999989686377
"SPN",3.08089977142213e-12,-0.430010002678694,8.47719293804541e-07,0.999265374441395,0.999999989686377
"LGALS8",3.07821243615496e-12,-0.430235654146731,8.46241081219044e-07,0.999266015223232,0.999999989686377
"SNX5",3.07530248306562e-12,-0.430480218530293,8.44641868727265e-07,0.999266709087191,0.999999989686377
"ZSWIM7",3.07226841086569e-12,-0.430735458478057,8.42976055199222e-07,0.99926743254674,0.999999989686377
"SSNA1",3.06438355515483e-12,-0.431399937096753,8.38654678046373e-07,0.999269312651691,0.999999989686377
"CCT8",3.06337294959839e-12,-0.431485225974188,8.38101608037116e-07,0.999269553625601,0.999999989686377
"TMCO1",3.06106712587492e-12,-0.431679927606533,8.36840392185702e-07,0.999270103437895,0.999999989686377
"H1FX",3.05997949143333e-12,-0.431771816859032,8.36245818661604e-07,0.999270362778963,0.999999989686377
"TRIM44",3.05868056188544e-12,-0.431881599843222,8.35536013997422e-07,0.999270672502308,0.999999989686377
"VPS4B",3.0439502594637e-12,-0.433129815846825,8.27507675244962e-07,0.999274184870277,0.999999989686377
"EWSR1",3.01965269767365e-12,-0.43520186802726,8.1434966018784e-07,0.999279978504093,0.999999989686377
"VAMP5",3.00983149476423e-12,-0.436044090508849,8.09061047380021e-07,0.999282320321516,0.999999989686377
"CD38",3.00324344642893e-12,-0.436610578115369,8.05523108539676e-07,0.999283891209172,0.999999989686377
"RP5-1171I10.5",2.99571938326635e-12,-0.437259057766461,8.01491990351436e-07,0.999285685284953,0.999999989686377
"ALG13",2.98273487214928e-12,-0.438381961029569,7.94559146146622e-07,0.999288781377647,0.999999989686377
"NR3C1",2.97546887123847e-12,-0.4390124399036,7.90692737746212e-07,0.999290513919766,0.999999989686377
"C9orf142",2.96851468697029e-12,-0.439617291221041,7.87001086030124e-07,0.999292172110745,0.999999989686377
"SNX6",2.94234611061511e-12,-0.441905985097864,7.73186821888599e-07,0.999298411878887,0.999999989686377
"RB1",2.93820614829e-12,-0.442269909808462,7.71012562117653e-07,0.999299399032516,0.999999989686377
"GPBP1",2.91786189546934e-12,-0.444065686839169,7.60372484740644e-07,0.999304250019433,0.999999989686377
"POLE4",2.9133084099795e-12,-0.444469318158296,7.58001129543437e-07,0.999305335775631,0.999999989686377
"PTMA",2.90749045157034e-12,-0.444985944994861,7.54976653614302e-07,0.999306723039175,0.999999989686377
"PARK7",2.90276381120025e-12,-0.445406418304944,7.52523952515465e-07,0.999307850083305,0.999999989686377
"TMEM18",2.90096481741589e-12,-0.445566631621668,7.51591485049702e-07,0.999308279044518,0.999999989686377
"ERP29",2.89615046806667e-12,-0.445995868312557,7.49098920200724e-07,0.999309427002425,0.999999989686377
"RPS26",2.89486327088844e-12,-0.446110751635384,7.48433192540082e-07,0.999309733928257,0.999999989686377
"ZNRD1",2.8908089341672e-12,-0.446472935039556,7.4633825746983e-07,0.999310700664895,0.999999989686377
"KRT10",2.88918170289376e-12,-0.446618440862449,7.45498268960958e-07,0.999311088670184,0.999999989686377
"UQCRC2",2.88066290250966e-12,-0.447381512326201,7.4110852200517e-07,0.999313119936215,0.999999989686377
"HNRNPA0",2.87770246213054e-12,-0.447647216917507,7.39586038963111e-07,0.999313825838656,0.999999989686377
"COX5A",2.86060670302634e-12,-0.449186903990083,7.3082472465992e-07,0.999317902238302,0.999999989686377
"KIAA1033",2.857198526846e-12,-0.449494941724028,7.29084327675481e-07,0.999318714901146,0.999999989686377
"CCDC88A",2.84994107459296e-12,-0.450152098507386,7.25385197533091e-07,0.999320445404936,0.999999989686377
"WEE1",2.83771976204365e-12,-0.451262482081665,7.19177243828345e-07,0.999323359516803,0.999999989686377
"GTF3C6",2.82853408461359e-12,-0.452100179844264,7.14528836844451e-07,0.999325549796412,0.999999989686377
"PTPRC",2.82457365595211e-12,-0.452462186638624,7.12529313931607e-07,0.999326494141151,0.999999989686377
"ARHGAP4",2.82219818987775e-12,-0.452679559569605,7.11331343770683e-07,0.999327060559356,0.999999989686377
"LSM12",2.81768227684292e-12,-0.453093299367053,7.09056705210422e-07,0.999328137356614,0.999999989686377
"SRPK1",2.81468898876318e-12,-0.453367900943348,7.075510112163e-07,0.999328851091439,0.999999989686377
"FRYL",2.80068125248618e-12,-0.454656812298124,7.00526060520079e-07,0.999332191167288,0.999999989686377
"NKTR",2.78677953309851e-12,-0.455942293864754,6.93588928913787e-07,0.999335505963942,0.999999989686377
"TOMM20",2.78279476641184e-12,-0.456311933021832,6.9160684595519e-07,0.999336456111974,0.999999989686377
"MEST",2.77173756356051e-12,-0.457340383983553,6.86121680860223e-07,0.999339092647653,0.999999989686377
"NUDC",2.76485455705514e-12,-0.457982638329547,6.82718244470377e-07,0.999340733866731,0.999999989686377
"TMEM126A",2.760779661598e-12,-0.458363613774866,6.80707321053518e-07,0.99934170550553,0.999999989686377
"KDELR2",2.75824040218275e-12,-0.458601299166809,6.79455719850098e-07,0.999342310979461,0.999999989686377
"COPS3",2.75342874560355e-12,-0.459052285270173,6.77087212751037e-07,0.999343458295331,0.999999989686377
"FNBP4",2.75178203186315e-12,-0.459206807384446,6.76277578283672e-07,0.999343850946132,0.999999989686377
"FAM13B",2.75119857507571e-12,-0.459261578984137,6.75990828164902e-07,0.999343990068537,0.999999989686377
"CD3G",2.74604973634566e-12,-0.459745421735011,6.73462976583387e-07,0.999345217783837,0.999999989686377
"PKN2",2.72482053320929e-12,-0.461749887725323,6.63090390759282e-07,0.999350279783045,0.999999989686377
"PARP14",2.72418873121432e-12,-0.461809779241973,6.62782925913969e-07,0.999350430433128,0.999999989686377
"SEC63",2.71536267496493e-12,-0.462647883971193,6.58495203079944e-07,0.999352534962895,0.999999989686377
"ELOVL5",2.70314446420933e-12,-0.463812562707019,6.52582525604455e-07,0.999355448335251,0.999999989686377
"ZNF280D",2.69656297105312e-12,-0.464442093192495,6.49408637647459e-07,0.999357017659979,0.999999989686377
"HNRNPUL1",2.69451113625899e-12,-0.464638665575489,6.48420733930056e-07,0.999357506909912,0.999999989686377
"MRPS5",2.6924766043787e-12,-0.464833726657853,6.4744190360802e-07,0.99935799203405,0.999999989686377
"TIMM8B",2.69084709709009e-12,-0.464990061206727,6.46658467236658e-07,0.999358380582063,0.999999989686377
"CD37",2.68689174731409e-12,-0.465369926740504,6.4475878251263e-07,0.999359323715799,0.999999989686377
"MDH2",2.68519022269986e-12,-0.465533508799776,6.43942429886019e-07,0.99935972943599,0.999999989686377
"MIA3",2.68317410816548e-12,-0.465727467953492,6.42975813594953e-07,0.999360210168603,0.999999989686377
"AP1B1",2.67993931588028e-12,-0.466038970969846,6.41426425165868e-07,0.999360981488944,0.999999989686377
"METAP2",2.67936861337815e-12,-0.466093966927543,6.41153266228023e-07,0.999361117570154,0.999999989686377
"PRDX3",2.67441135843282e-12,-0.466572163075954,6.38782991417913e-07,0.999362299603263,0.999999989686377
"TXNL1",2.67303103854556e-12,-0.466705470306503,6.38123782934111e-07,0.999362628733764,0.999999989686377
"OFD1",2.65821307675784e-12,-0.468140853578745,6.31068507592491e-07,0.999366162004025,0.999999989686377
"HNRNPK",2.65534480455945e-12,-0.468419611630727,6.29707367874414e-07,0.999366845929455,0.999999989686377
"HPS1",2.65396693952397e-12,-0.46855362786772,6.29054023984795e-07,0.999367174474611,0.999999989686377
"SCAMP3",2.64714935071542e-12,-0.469217746934679,6.25826309857591e-07,0.999368800095207,0.999999989686377
"MTIF3",2.64668880079088e-12,-0.469262671338776,6.25608566807217e-07,0.999368909911077,0.999999989686377
"MT-CYB",2.64462774183793e-12,-0.469463812470552,6.24634584461402e-07,0.99936940136047,0.999999989686377
"MED28",2.64126411620719e-12,-0.469792406126711,6.23046685536456e-07,0.999370203400498,0.999999989686377
"PSMB3",2.6402680443329e-12,-0.469889792211055,6.22576848191512e-07,0.999370440908949,0.999999989686377
"CNPY3",2.63926342862942e-12,-0.469988050475295,6.22103160310883e-07,0.999370680454634,0.999999989686377
"C14orf166",2.63135717667356e-12,-0.470762630647161,6.18381563391421e-07,0.999372565661622,0.999999989686377
"TRMT1",2.63072328609014e-12,-0.47082483301653,6.18083664619655e-07,0.999372716809722,0.999999989686377
"USP16",2.62790750473545e-12,-0.471101319273364,6.16761247275586e-07,0.999373388218972,0.999999989686377
"ARF6",2.62652608141231e-12,-0.47123707078518,6.16112986687398e-07,0.999373717612586,0.999999989686377
"ATRX",2.62394225745777e-12,-0.471491171225087,6.14901390517069e-07,0.999374333712732,0.999999989686377
"ZNF644",2.62192700953481e-12,-0.471689528318794,6.13957236439231e-07,0.999374814238713,0.999999989686377
"FUNDC2",2.62048027505744e-12,-0.471832020787361,6.13279881163935e-07,0.999375159205453,0.999999989686377
"MT-ND2",2.60726997636127e-12,-0.473136749955954,6.07112164753336e-07,0.999378309136378,0.999999989686377
"PUM1",2.60321471442621e-12,-0.473538585312812,6.05225068888056e-07,0.999379276093697,0.999999989686377
"EIF1",2.60174884402151e-12,-0.473683990720877,6.04543656228729e-07,0.999379625623306,0.999999989686377
"NGLY1",2.59753268019214e-12,-0.474102661021795,6.02585903943714e-07,0.999380630946893,0.999999989686377
"LAMTOR4",2.59458444291709e-12,-0.474395824536626,6.01218792744115e-07,0.999381333939613,0.999999989686377
"GZMM",2.58981561057236e-12,-0.474870721206679,5.9901074993788e-07,0.9993824710443,0.999999989686377
"HIST1H1D",2.58316330380613e-12,-0.475534628842925,5.95937414922114e-07,0.999384057254228,0.999999989686377
"ZNF326",2.58125204699433e-12,-0.475725687432719,5.95055884839581e-07,0.999384512984043,0.999999989686377
"MT-ND6",2.58014503783497e-12,-0.475836413550354,5.94545596770707e-07,0.999384776944949,0.999999989686377
"NUP98",2.57737577005781e-12,-0.476113609488767,5.9327003096408e-07,0.999385437263272,0.999999989686377
"MTF2",2.5756527754436e-12,-0.476286225253762,5.92477085359845e-07,0.99938584810289,0.999999989686377
"NDUFA3",2.56389543215453e-12,-0.477467178443136,5.87080350640061e-07,0.999388651583754,0.999999989686377
"LAGE3",2.55336136875395e-12,-0.478529823206425,5.82266084806089e-07,0.999391163379533,0.999999989686377
"PTOV1",2.55028721418602e-12,-0.478840752899924,5.80864874281675e-07,0.999391896396621,0.999999989686377
"ATP1A1",2.54977754527389e-12,-0.478892338277184,5.80632728518171e-07,0.999392017924675,0.999999989686377
"DDT",2.54372770161455e-12,-0.479505445110184,5.77880668903374e-07,0.999393460480243,0.999999989686377
"SPG7",2.53390078230444e-12,-0.480504414065357,5.73424360496742e-07,0.99939580366099,0.999999989686377
"DPYD",2.52407165834983e-12,-0.481507451218042,5.68984307045523e-07,0.99939814736743,0.999999989686377
"CPSF3L",2.5190912948727e-12,-0.482017161692143,5.66741143344763e-07,0.999399334910697,0.999999989686377
"VHL",2.51707094198734e-12,-0.482224217246237,5.65832436347753e-07,0.999399816653943,0.999999989686377
"PPP2R1A",2.51671234850054e-12,-0.482260984836783,5.65671225656702e-07,0.999399902158803,0.999999989686377
"UTRN",2.51660570145747e-12,-0.482271920656214,5.65623285425946e-07,0.999399927588268,0.999999989686377
"SNRNP70",2.51638503015984e-12,-0.482294550227245,5.65524095193688e-07,0.999399980206257,0.999999989686377
"NDUFV2",2.51372985833484e-12,-0.482566988980703,5.6433129565303e-07,0.999400613318969,0.999999989686377
"MARCH7",2.51359121743666e-12,-0.482581222308244,5.64269047723046e-07,0.999400646377212,0.999999989686377
"ELAVL1",2.50727064870919e-12,-0.483230939299948,5.61434842076104e-07,0.999402153485857,0.999999989686377
"DDAH2",2.48806518518868e-12,-0.485215142593447,5.52866704880992e-07,0.99940673293455,0.999999989686377
"STAG2",2.46939877551864e-12,-0.487158237980356,5.4460219151393e-07,0.999411183848511,0.999999989686377
"PBRM1",2.4691403705009e-12,-0.487185238783766,5.44488219985907e-07,0.999411245463922,0.999999989686377
"MRPL43",2.46640079903506e-12,-0.487471669443773,5.43280644353711e-07,0.999411898701322,0.999999989686377
"ADPGK",2.46457720481573e-12,-0.487662506515739,5.42477565482661e-07,0.999412333528434,0.999999989686377
"ATP5G3",2.46302931971152e-12,-0.487824600659015,5.41796370139701e-07,0.999412702614056,0.999999989686377
"RTF1",2.45590764696144e-12,-0.488571682206394,5.38667769004901e-07,0.99941440074205,0.999999989686377
"OSBPL9",2.44951123958213e-12,-0.489244512056013,5.35865504394271e-07,0.99941592593407,0.999999989686377
"PPP1R7",2.44824690539267e-12,-0.489377711604516,5.35312464901821e-07,0.999416227408367,0.999999989686377
"HN1",2.44297142283371e-12,-0.489934227658055,5.33007967790616e-07,0.999417485321354,0.999999989686377
"SRI",2.44211974632437e-12,-0.490024183410113,5.3263639468714e-07,0.999417688399448,0.999999989686377
"UQCR10",2.43587024244915e-12,-0.490685219979543,5.2991379760915e-07,0.999419178563051,0.999999989686377
"SUMO1",2.43277591626662e-12,-0.491013141725042,5.28568336242386e-07,0.999419916389982,0.999999989686377
"AGTPBP1",2.42691017671e-12,-0.491635899327658,5.26022514911125e-07,0.999421315046864,0.999999989686377
"PFKL",2.4238649244852e-12,-0.49195979748589,5.24703252050372e-07,0.999422041172351,0.999999989686377
"RHOH",2.42374037103993e-12,-0.491973053774324,5.24649328320557e-07,0.99942207087151,0.999999989686377
"MRPL13",2.42295432560922e-12,-0.492056728562611,5.24309084506031e-07,0.999422258300196,0.999999989686377
"EIF3J",2.40581314243014e-12,-0.493888126941059,5.16916879271826e-07,0.999426345531428,0.999999989686377
"WDR43",2.40560333886081e-12,-0.493910622707622,5.16826725738648e-07,0.999426395558062,0.999999989686377
"CYBA",2.40149210159542e-12,-0.494351834255143,5.15061695241711e-07,0.999427375862468,0.999999989686377
"SYNGR2",2.3901939310024e-12,-0.495568198312393,5.10226729407506e-07,0.999430069855958,0.999999989686377
"NUFIP2",2.38720041433245e-12,-0.495891435018002,5.08949497675319e-07,0.999430783645361,0.999999989686377
"MT-CO3",2.37899202794652e-12,-0.496779830745776,5.05455470384687e-07,0.999432740894932,0.999999989686377
"CREB1",2.37179680774532e-12,-0.497561070685064,5.02402611397813e-07,0.999434456559987,0.999999989686377
"UQCC3",2.36363648269298e-12,-0.498449943927725,4.98951459225631e-07,0.999436402349574,0.999999989686377
"PPP4R3B",2.35957596710823e-12,-0.498893373085604,4.97238623984082e-07,0.999437370559652,0.999999989686377
"DNAJA1",2.35767019888922e-12,-0.499101753313607,4.9643573490961e-07,0.999437824980762,0.999999989686377
"ATG3",2.35617394556896e-12,-0.499265473311907,4.95805826692041e-07,0.999438181755047,0.999999989686377
"PCIF1",2.35603334425803e-12,-0.499280863193647,4.95746655450138e-07,0.999438215280742,0.999999989686377
"CCT3",2.35330396150132e-12,-0.499579795149977,4.94598710216745e-07,0.99943886608871,0.999999989686377
"BANF1",2.35293192364574e-12,-0.499620568672157,4.94442338663093e-07,0.999438954799317,0.999999989686377
"RAC2",2.34629686824742e-12,-0.500348812071322,4.91657704986398e-07,0.999440536895823,0.999999989686377
"KIAA1551",2.33640036072171e-12,-0.501438819622943,4.87518899984186e-07,0.999442896669641,0.999999989686377
"RAD50",2.33590556497067e-12,-0.501493436645798,4.87312431314127e-07,0.999443014651268,0.999999989686377
"COX6C",2.3342502333099e-12,-0.501676240353795,4.8662201138571e-07,0.999443409357008,0.999999989686377
"SYF2",2.32931325093479e-12,-0.502222210671922,4.84565759101986e-07,0.999444586556312,0.999999989686377
"C19orf43",2.32807726581828e-12,-0.502359074923769,4.84051652923328e-07,0.999444881270919,0.999999989686377
"TIMM17B",2.32678872323196e-12,-0.502501835627171,4.83515976062815e-07,0.999445188517597,0.999999989686377
"TMEM30A",2.32281248064732e-12,-0.502942866940702,4.81864829955577e-07,0.999446136633198,0.999999989686377
"MED13L",2.30738944421455e-12,-0.50466063891917,4.75487090940763e-07,0.999449814180825,0.999999989686377
"CMC1",2.30601839298643e-12,-0.504813892287112,4.749221897907e-07,0.999450141101287,0.999999989686377
"SSB",2.30124471847509e-12,-0.505348188787808,4.72957957953282e-07,0.999451279360637,0.999999989686377
"HIST1H2AE",2.30013028812381e-12,-0.505473080074212,4.72499987469711e-07,0.999451545091106,0.999999989686377
"APOA1BP",2.29581410510832e-12,-0.505957349338721,4.70728363512015e-07,0.999452574263846,0.999999989686377
"SND1",2.29469202167021e-12,-0.506083393036822,4.70268337222554e-07,0.999452841819156,0.999999989686377
"HBA1",2.28552731304208e-12,-0.507115155567318,4.66519454404587e-07,0.999455027099129,0.999999989686377
"CCT6A",2.28321850328e-12,-0.507375727168006,4.65577386789929e-07,0.999455577623532,0.999999989686377
"GRHPR",2.27797309190921e-12,-0.507968693620546,4.63440631457408e-07,0.999456828366235,0.999999989686377
"RBM39",2.26285135114502e-12,-0.509685723686605,4.57308189761357e-07,0.999460434071416,0.999999989686377
"MED10",2.26210058541423e-12,-0.509771266689771,4.57004789927239e-07,0.999460613087836,0.999999989686377
"ZC3H11A",2.25972446052518e-12,-0.510042190117373,4.56045212670264e-07,0.999461179663204,0.999999989686377
"HSPA4",2.25919399597277e-12,-0.51010271167319,4.5583112690071e-07,0.999461306149884,0.999999989686377
"AURKAIP1",2.25354397972078e-12,-0.510748205467656,4.53554002576428e-07,0.99946265336865,0.999999989686377
"PSMB10",2.24518258736266e-12,-0.511706410060388,4.5019457619486e-07,0.999464647101802,0.999999989686377
"TMEM106C",2.24399303857349e-12,-0.511843017761733,4.49717655922583e-07,0.999464930743898,0.999999989686377
"SS18L2",2.24153509601082e-12,-0.51212551497291,4.48733005111864e-07,0.999465516828293,0.999999989686377
"EIF3G",2.238354234558e-12,-0.512491554552681,4.47460355157163e-07,0.999466275289165,0.999999989686377
"THOC7",2.23813883700018e-12,-0.512516360171752,4.4737424078902e-07,0.999466326649661,0.999999989686377
"PITHD1",2.23311636918791e-12,-0.51309542875728,4.45368644355319e-07,0.999467524232573,0.999999989686377
"RB1CC1",2.23277227760976e-12,-0.513135148191614,4.45231404939434e-07,0.999467606279528,0.999999989686377
"LUC7L3",2.22679096709681e-12,-0.513826557173768,4.42849164437874e-07,0.999469032493799,0.999999989686377
"EIF2AK2",2.22541835676617e-12,-0.513985483288529,4.4230338173755e-07,0.999469359786028,0.999999989686377
"NSMCE1",2.22427618887046e-12,-0.514117801879349,4.41849484984694e-07,0.999469632130383,0.999999989686377
"POLR2F",2.22344868724619e-12,-0.514213708840005,4.41520781962007e-07,0.999469829444103,0.999999989686377
"FO538757.2",2.2127364032196e-12,-0.515458455995015,4.37276652093237e-07,0.999472383735902,0.999999989686377
"POLR1D",2.21161082996553e-12,-0.515589591666202,4.36831898058497e-07,0.999472652123346,0.999999989686377
"BAZ1B",2.20905162359187e-12,-0.515887999797402,4.35821506774105e-07,0.999473262353606,0.999999989686377
"BIRC6",2.20682748416852e-12,-0.516147616610115,4.34944352242933e-07,0.999473792688788,0.999999989686377
"HBB",2.20588476992438e-12,-0.516257734858105,4.34572831894269e-07,0.999474017474395,0.999999989686377
"HDAC1",2.19389253363245e-12,-0.51766262577824,4.29860587570958e-07,0.99947687696457,0.999999989686377
"VPS51",2.19336336476155e-12,-0.517724792934018,4.29653247051366e-07,0.999477003142303,0.999999989686377
"NDUFA8",2.18934966057883e-12,-0.518196809908449,4.28082213994725e-07,0.999477960190464,0.999999989686377
"MT-ND4",2.18865716624484e-12,-0.518278334811957,4.27811450826915e-07,0.999478125312356,0.999999989686377
"UBE2D3",2.18775200180613e-12,-0.518384935125887,4.27457663452412e-07,0.999478341144397,0.999999989686377
"SF3A2",2.18450537320474e-12,-0.518767646841458,4.26189908671618e-07,0.999479115287132,0.999999989686377
"IL18",2.17619461342495e-12,-0.519749888431969,4.2295327263258e-07,0.99948109694722,0.999999989686377
"WTAP",2.16872557217415e-12,-0.520635821672873,4.20054970951185e-07,0.999482877903638,0.999999989686377
"FGFR1",2.16693204329771e-12,-0.52084900913621,4.19360490092865e-07,0.999483305561842,0.999999989686377
"CRTAP",2.15407912211904e-12,-0.522381900049981,4.14400461723894e-07,0.999486370278148,0.999999989686377
"PRPF40A",2.14462434480792e-12,-0.523515306128808,4.10770636454381e-07,0.999488624723643,0.999999989686377
"NBN",2.14437393757403e-12,-0.523545391280398,4.10674718552391e-07,0.999488684432026,0.999999989686377
"UQCRQ",2.14324606211846e-12,-0.52368094288891,4.10242827346052e-07,0.999488953368423,0.999999989686377
"IL10RA",2.13161805725658e-12,-0.525082564548376,4.05803425613222e-07,0.999491726009425,0.999999989686377
"UBR4",2.12413328727959e-12,-0.525988777008138,4.02958626323678e-07,0.999493510716296,0.999999989686377
"BZW1",2.12312503207907e-12,-0.526111092226142,4.02576175082956e-07,0.999493751129828,0.999999989686377
"MZT2B",2.1212519761404e-12,-0.526338472383467,4.01866169720618e-07,0.999494197750876,0.999999989686377
"HM13",2.11755460059563e-12,-0.526787900361187,4.0046647252782e-07,0.999495079372031,0.999999989686377
"DNAJC10",2.11271125734808e-12,-0.527377801230753,3.98636646341289e-07,0.999496234243592,0.999999989686377
"SDF4",2.11214297787995e-12,-0.5274471032576,3.98422223709252e-07,0.999496369747058,0.999999989686377
"SMS",2.10411734243482e-12,-0.528427810481093,3.95400158901423e-07,0.999498283420667,0.999999989686377
"HSP90AA1",2.10410059586569e-12,-0.528429860728016,3.95393864984623e-07,0.999498287413805,0.999999989686377
"BCLAF1",2.10232253542183e-12,-0.52864763686024,3.94725895834706e-07,0.999498711383642,0.999999989686377
"ZC3H15",2.10030192063674e-12,-0.528895342411597,3.93967491096522e-07,0.999499193189378,0.999999989686377
"SFXN1",2.09881821433407e-12,-0.529077379045756,3.93411070536463e-07,0.999499546971906,0.999999989686377
"SYNCRIP",2.09772978663646e-12,-0.529210999785901,3.93003137660099e-07,0.99949980650218,0.999999989686377
"EIF2S2",2.08779341300269e-12,-0.530434021032171,3.89288858043649e-07,0.999502175781993,0.999999989686377
"MESDC2",2.08747713324148e-12,-0.530473044975922,3.89170920262777e-07,0.999502251197359,0.999999989686377
"DOCK8",2.08610501732264e-12,-0.530642410289055,3.88659477900979e-07,0.999502578371706,0.999999989686377
"SMARCA5",2.08472096173833e-12,-0.530813361122804,3.88143925837258e-07,0.999502908393008,0.999999989686377
"PTPN7",2.07978224100677e-12,-0.531424281511446,3.863070720118e-07,0.999504086006872,0.999999989686377
"ALKBH7",2.07294700412651e-12,-0.532272174769636,3.83772036111514e-07,0.999505715835762,0.999999989686377
"C20orf27",2.07087922009961e-12,-0.532529223337877,3.83006785582622e-07,0.999506208888777,0.999999989686377
"ATP5D",2.05998683439638e-12,-0.533887476685622,3.78988312605793e-07,0.999508806125016,0.999999989686377
"OS9",2.05748724729185e-12,-0.534200171897785,3.78069142106473e-07,0.99950940213937,0.999999989686377
"EIF5A",2.05592437636427e-12,-0.534395876234041,3.77494996281363e-07,0.99950977479832,0.999999989686377
"APRT",2.04562034252201e-12,-0.535689856496629,3.73720563850543e-07,0.999512231744935,0.999999989686377
"HDAC8",2.04223619036961e-12,-0.536116246218142,3.72485064692013e-07,0.999513038679512,0.999999989686377
"SUB1",2.04180472972703e-12,-0.536170658812968,3.72327692425922e-07,0.999513141559197,0.999999989686377
"COMMD2",2.0323043971688e-12,-0.537371663425318,3.68870939068683e-07,0.999515406867167,0.999999989686377
"TOMM5",2.02580525473407e-12,-0.538196472226883,3.6651547349906e-07,0.999516956555989,0.999999989686377
"BAZ2B",2.02341892764025e-12,-0.538499979647843,3.65652497491363e-07,0.999517525564049,0.999999989686377
"HNRNPL",2.02140723290199e-12,-0.538756114480846,3.64925791285685e-07,0.999518005242851,0.999999989686377
"SORL1",2.01343441141739e-12,-0.539773725375781,3.6205279236748e-07,0.99951990632326,0.999999989686377
"ESD",2.01315570414985e-12,-0.539809370293551,3.61952565849101e-07,0.999519972779649,0.999999989686377
"WDR83OS",2.01111551727667e-12,-0.540070446314186,3.61219312391445e-07,0.999520459252262,0.999999989686377
"COMMD1",2.00994094052092e-12,-0.540220872003766,3.60797500809048e-07,0.999520739324363,0.999999989686377
"CSTB",2.00899856399215e-12,-0.54034162321007,3.60459254662551e-07,0.999520964029452,0.999999989686377
"NAE1",2.0055742620478e-12,-0.540780867948462,3.59231509248051e-07,0.999521780537556,0.999999989686377
"IL16",2.0033095687366e-12,-0.541071774538004,3.58420679270912e-07,0.999522320542635,0.999999989686377
"ENY2",1.99408342348566e-12,-0.542260274874942,3.55126903260724e-07,0.999524520471994,0.999999989686377
"PRKCH",1.99092496913991e-12,-0.542668394117623,3.54002814069565e-07,0.999525273590036,0.999999989686377
"LYRM2",1.98901855162849e-12,-0.542915041909947,3.53325185270151e-07,0.999525728165999,0.999999989686377
"NEMF",1.98731779556573e-12,-0.543135279319016,3.52721205950532e-07,0.999526133702992,0.999999989686377
"ITGB2",1.98409846469677e-12,-0.543552674147633,3.51579358855795e-07,0.999526901336745,0.999999989686377
"ARF5",1.98021131004549e-12,-0.544057548551334,3.50203112029431e-07,0.999527828209825,0.999999989686377
"MARCH6",1.97984978169604e-12,-0.544104554713238,3.50075250124046e-07,0.999527914414498,0.999999989686377
"RBM33",1.97652453748452e-12,-0.544537304180417,3.48900304283784e-07,0.999528707302773,0.999999989686377
"NME3",1.97621888974399e-12,-0.544577117541529,3.48792405452016e-07,0.999528780182987,0.999999989686377
"YME1L1",1.97456318843816e-12,-0.544792893503449,3.4820820485824e-07,0.999529174976893,0.999999989686377
"SLC25A36",1.96948167302688e-12,-0.545456252063823,3.46418291451697e-07,0.999530386639477,0.999999989686377
"LAMTOR2",1.95103386549754e-12,-0.547878816985247,3.39959000221018e-07,0.99953478542928,0.999999989686377
"CPSF6",1.95075330564993e-12,-0.547915834888157,3.39861234631998e-07,0.999534852327409,0.999999989686377
"VDAC1",1.94936455723383e-12,-0.548099148145021,3.39377509963015e-07,0.999535183467702,0.999999989686377
"SEPT1",1.94667152296028e-12,-0.548454994430621,3.3844046209167e-07,0.999535825608601,0.999999989686377
"GMPS",1.94540339142542e-12,-0.548622728839554,3.37999661243975e-07,0.999536127988387,0.999999989686377
"GRSF1",1.94065563586782e-12,-0.549251672120728,3.36351898528968e-07,0.999537260067566,0.999999989686377
"TRAF3IP3",1.93502725792369e-12,-0.549999249248039,3.34403721508671e-07,0.999538602126863,0.999999989686377
"CUEDC2",1.93297824812207e-12,-0.550271939152861,3.33695893005164e-07,0.999539090703267,0.999999989686377
"MT-ND4L",1.92341917893418e-12,-0.551547889277712,3.30403631552059e-07,0.999541370016743,0.999999989686377
"SMCHD1",1.92234763251877e-12,-0.551691311039582,3.30035595076815e-07,0.999541625521766,0.999999989686377
"IGBP1",1.92099469470156e-12,-0.551872508891648,3.29571204035661e-07,0.999541948123197,0.999999989686377
"MCTP2",1.9180022156121e-12,-0.55227373833063,3.28545207688236e-07,0.999542661665258,0.999999989686377
"CFDP1",1.91029283256544e-12,-0.553310268643796,3.25909350029598e-07,0.99954449993009,0.999999989686377
"MPG",1.9067071544058e-12,-0.553793776610611,3.24687014622319e-07,0.99954535491758,0.999999989686377
"ZKSCAN1",1.89414878793672e-12,-0.555494325940483,3.20424052346685e-07,0.999548349398895,0.999999989686377
"ANP32A",1.89224215912521e-12,-0.555753481239595,3.1977930653104e-07,0.999548804025249,0.999999989686377
"NUDCD2",1.89032887519517e-12,-0.556013801121638,3.19132962944076e-07,0.999549260238483,0.999999989686377
"FCN1",1.88948239700204e-12,-0.556129055508254,3.18847215195062e-07,0.999549462077086,0.999999989686377
"ATG16L2",1.8888009854397e-12,-0.556221871971445,3.18617282381067e-07,0.999549624556354,0.999999989686377
"SSH2",1.88493088669643e-12,-0.556749655650827,3.17312944782144e-07,0.999550547362551,0.999999989686377
"SUGT1",1.87817797617295e-12,-0.557673156327205,3.15043421171389e-07,0.999552157561178,0.999999989686377
"BAX",1.87549124780676e-12,-0.558041496816592,3.14142728377911e-07,0.999552798198473,0.999999989686377
"NDUFA10",1.86117026315314e-12,-0.560013706559352,3.09363546420213e-07,0.999556212967527,0.999999989686377
"CHCHD10",1.85803630570694e-12,-0.560447301719504,3.08322571363894e-07,0.99955696024442,0.999999989686377
"ATIC",1.85100330419233e-12,-0.561422986165858,3.05992876136601e-07,0.999558637229387,0.999999989686377
"POLR2J3",1.84869862193947e-12,-0.561743512006883,3.05231367696859e-07,0.999559186769649,0.999999989686377
"CD82",1.84640480347133e-12,-0.5620629199894,3.04474390893112e-07,0.999559733719495,0.999999989686377
"UBE2I",1.84371609865046e-12,-0.562437815297003,3.03588295152201e-07,0.999560374828069,0.999999989686377
"MRPS7",1.84113357640293e-12,-0.562798415154118,3.02738408957869e-07,0.999560990617926,0.999999989686377
"ARID2",1.84102797920228e-12,-0.562813170438279,3.02703683164844e-07,0.999561015797065,0.999999989686377
"CD14",1.83489734720642e-12,-0.56367125404736,3.00691030393433e-07,0.999562477616418,0.999999989686377
"THRAP3",1.83365161502933e-12,-0.563845961845101,3.00282884031388e-07,0.999562774655191,0.999999989686377
"TRABD",1.831282948569e-12,-0.564178480006405,2.9950758888855e-07,0.999563339452178,0.999999989686377
"TOMM22",1.82977926127455e-12,-0.564389791672793,2.99015932636164e-07,0.999563697999093,0.999999989686377
"OXR1",1.82793513911137e-12,-0.564649179137068,2.98413516762248e-07,0.999564137721045,0.999999989686377
"NDUFB2",1.82398557250648e-12,-0.565205583375754,2.97125362990045e-07,0.999565079475976,0.999999989686377
"NDUFV1",1.82118289770819e-12,-0.565601140583832,2.96212958862755e-07,0.999565747760139,0.999999989686377
"ANXA11",1.81864104264764e-12,-0.565960408315538,2.95386677251253e-07,0.999566353853106,0.999999989686377
"XRCC5",1.81584157681749e-12,-0.566356662637074,2.94477989456009e-07,0.999567021372106,0.999999989686377
"AP3B1",1.81420995925179e-12,-0.566587891295447,2.93949023050858e-07,0.999567410423373,0.999999989686377
"HLTF",1.80983228489727e-12,-0.567209302751394,2.92532141219459e-07,0.999568454258515,0.999999989686377
"SPSB3",1.80903668093684e-12,-0.56732239861504,2.9227500294676e-07,0.999568643966407,0.999999989686377
"HNRNPDL",1.80504261970517e-12,-0.567890903360096,2.90985835519104e-07,0.999569596330868,0.999999989686377
"NEDD8",1.80246062304611e-12,-0.568259081483921,2.90153958103642e-07,0.999570211995405,0.999999989686377
"MFSD10",1.79729936608171e-12,-0.56899661515081,2.8849465412265e-07,0.999571442672009,0.999999989686377
"PBXIP1",1.79171732425681e-12,-0.569796642032125,2.86705426921873e-07,0.999572773682716,0.999999989686377
"RSBN1L",1.77429730983196e-12,-0.572309265820473,2.81157527755858e-07,0.999576927400386,0.999999989686377
"ST13",1.7736274862715e-12,-0.572406366570514,2.8094528554895e-07,0.999577087116554,0.999999989686377
"LIMD2",1.76603421963996e-12,-0.57350966748462,2.7854486500396e-07,0.999578897694036,0.999999989686377
"FDX1",1.74655964032043e-12,-0.576360932517644,2.7243554392142e-07,0.999583541312726,0.999999989686377
"BTG2",1.7440162079827e-12,-0.576735637015817,2.71642651629588e-07,0.999584147781794,0.999999989686377
"PPA2",1.74240728110371e-12,-0.576972947401802,2.71141679721296e-07,0.999584531422581,0.999999989686377
"TXNRD1",1.73963395241168e-12,-0.577382512183638,2.70279233185472e-07,0.999585192709316,0.999999989686377
"ZCCHC11",1.72627243055247e-12,-0.579364842880919,2.66143336494834e-07,0.999588378699208,0.999999989686377
"SLC3A2",1.72516313859912e-12,-0.579530101000408,2.65801402279013e-07,0.999588643204479,0.999999989686377
"EIF4A2",1.72068176826608e-12,-0.580198791266746,2.64422277730541e-07,0.999589711765437,0.999999989686377
"POLR2I",1.71815728212193e-12,-0.580576243520503,2.63646956334812e-07,0.99959031371688,0.999999989686377
"HSPA8",1.701907444868e-12,-0.583019082914459,2.5868354499106e-07,0.999594188411542,0.999999989686377
"IRF1",1.70137266764065e-12,-0.5830998679333,2.58521002268871e-07,0.999594315926571,0.999999989686377
"TMED9",1.69501024406585e-12,-0.584062927678758,2.56591096281411e-07,0.999595833015531,0.999999989686377
"WBP11",1.69497091674402e-12,-0.584068891651973,2.56579189658907e-07,0.99959584239294,0.999999989686377
"PUM3",1.69444830941297e-12,-0.584148157861022,2.56420992851756e-07,0.999595967006116,0.999999989686377
"MMADHC",1.69245775922317e-12,-0.584450295395359,2.55818886494983e-07,0.999596441643129,0.999999989686377
"MLF2",1.69229988229103e-12,-0.584474273949604,2.55771161797553e-07,0.999596479288116,0.999999989686377
"UBXN4",1.6865626468281e-12,-0.585347158641967,2.54039870585604e-07,0.999597847304013,0.999999989686377
"RNF130",1.67792275614832e-12,-0.586667226682614,2.51443756200895e-07,0.999599907443934,0.999999989686377
"ATP5L",1.64878563338439e-12,-0.591169165193173,2.42786937445755e-07,0.999606855049197,0.999999989686377
"RP11-160E2.6",1.64784304340688e-12,-0.591316115331696,2.42509420327262e-07,0.999607079805195,0.999999989686377
"ARMC8",1.64218860667212e-12,-0.592199394908955,2.40847973859026e-07,0.999608428078147,0.999999989686377
"DNAJA2",1.6342380946983e-12,-0.593446450917652,2.38521530516763e-07,0.99961032383908,0.999999989686377
"STX10",1.62064029712202e-12,-0.595593283055356,2.34568772149621e-07,0.999613566167819,0.999999989686377
"FIBP",1.6191636726321e-12,-0.595827486337732,2.34141518552419e-07,0.999613918261751,0.999999989686377
"ATF6B",1.61261010616727e-12,-0.59686948741332,2.32249978294072e-07,0.999615480927823,0.999999989686377
"TMED10",1.61093006139197e-12,-0.597137285546157,2.31766306379069e-07,0.999615881526335,0.999999989686377
"UBXN1",1.60757450750258e-12,-0.597672987440705,2.30801777410866e-07,0.999616681641852,0.999999989686377
"HSBP1",1.60356076215802e-12,-0.598315223093426,2.29650697847845e-07,0.999617638699923,0.999999989686377
"STARD7",1.59820038323437e-12,-0.599175418710456,2.28117912470444e-07,0.999618916856228,0.999999989686377
"SF3B6",1.59382062876116e-12,-0.59988037357447,2.26869343797613e-07,0.999619961187399,0.999999989686377
"ARFGAP3",1.58347404465522e-12,-0.601553381224794,2.23933375141458e-07,0.999622428280102,0.999999989686377
"UBE2K",1.57707802315476e-12,-0.602593017676107,2.22127990298226e-07,0.999623953380351,0.999999989686377
"POP5",1.56126421073159e-12,-0.605181488021599,2.17695642696324e-07,0.99962772410709,0.999999989686377
"RSRC2",1.55653640384754e-12,-0.605960396554498,2.16379190799152e-07,0.999628851429673,0.999999989686377
"COQ4",1.55216515117398e-12,-0.606682649297587,2.15165573190533e-07,0.999629893733636,0.999999989686377
"TCF12",1.54410853523169e-12,-0.608019118354693,2.12937707881129e-07,0.99963181479457,0.999999989686377
"PHF5A",1.52998675382061e-12,-0.610378447542582,2.09060637026548e-07,0.99963518206475,0.999999989686377
"MRFAP1",1.52873018759902e-12,-0.61058942579283,2.08717378291838e-07,0.999635481686862,0.999999989686377
"HDAC2",1.52720236250214e-12,-0.610846179972058,2.0830039914945e-07,0.999635845989335,0.999999989686377
"PPP6C",1.51166323169991e-12,-0.613472104393944,2.04083092872785e-07,0.999639551219602,0.999999989686377
"ARL6IP6",1.50875348695583e-12,-0.613966785074743,2.03298184999177e-07,0.999640245034105,0.999999989686377
"CNOT2",1.50847286328402e-12,-0.614014543347161,2.03222566313887e-07,0.999640311947456,0.999999989686377
"PABPN1",1.50688486313985e-12,-0.614284964860058,2.02794918449842e-07,0.999640690598378,0.999999989686377
"GHITM",1.49964814197071e-12,-0.615520893657771,2.0085177553628e-07,0.999642416159396,0.999999989686377
"PSMA3",1.49646972331561e-12,-0.616065589478501,2.00001290018047e-07,0.999643174037889,0.999999989686377
"BRD7",1.49477184259043e-12,-0.616357030265905,1.99547708246464e-07,0.999643578889303,0.999999989686377
"CELF2",1.49368885116797e-12,-0.616543096701789,1.9925866056327e-07,0.999643837123349,0.999999989686377
"EMC4",1.49003616615604e-12,-0.617171643035301,1.98285312999964e-07,0.999644708088352,0.999999989686377
"CNOT4",1.48046080456402e-12,-0.618826619765063,1.95745035130919e-07,0.999646991286827,0.999999989686377
"CHTF8",1.47871551248331e-12,-0.619129412232085,1.95283785652194e-07,0.999647407443249,0.999999989686377
"ORMDL1",1.47552490328516e-12,-0.619683869943388,1.94441971203011e-07,0.99964816822852,0.999999989686377
"TXNDC17",1.47439661468308e-12,-0.619880225811118,1.94144717283046e-07,0.999648437263458,0.999999989686377
"SMARCB1",1.46974445880064e-12,-0.620691413956484,1.92921482555166e-07,0.99964954654744,0.999999989686377
"FAM111A",1.4682325674646e-12,-0.620955587125607,1.92524779174514e-07,0.999649907050589,0.999999989686377
"SRSF11",1.46774156579732e-12,-0.621041437909842,1.92396033656327e-07,0.999650024127552,0.999999989686377
"YEATS4",1.46414071736092e-12,-0.621671910173889,1.91453171296182e-07,0.999650882732379,0.999999989686377
"SF3B5",1.46289722690511e-12,-0.621889989450831,1.91128108148551e-07,0.99965117923664,0.999999989686377
"NPC2",1.46257297951454e-12,-0.62194688506002,1.91043391435526e-07,0.999651256551856,0.999999989686377
"ZNF770",1.46137783405586e-12,-0.622156704830771,1.90731295756428e-07,0.999651541528488,0.999999989686377
"ZNF638",1.45496070813119e-12,-0.623286208545147,1.89059914887335e-07,0.99965307166101,0.999999989686377
"CD3D",1.45487873835087e-12,-0.623300668248869,1.89038612919437e-07,0.999653091206306,0.999999989686377
"GSTP1",1.45124563912699e-12,-0.623942368753319,1.88095663528642e-07,0.999653957501178,0.999999989686377
"AKT1",1.44989832134135e-12,-0.624180744701374,1.87746574459282e-07,0.999654278762563,0.999999989686377
"TDP1",1.44601516577124e-12,-0.624869005854194,1.867422655827e-07,0.999655204682157,0.999999989686377
"UBC",1.44301117688601e-12,-0.625402697515742,1.85967185189341e-07,0.999655920968723,0.999999989686377
"CENPK",1.44248592960819e-12,-0.625496126429925,1.85831827983364e-07,0.999656046211387,0.999999989686377
"IL32",1.44218327890656e-12,-0.625549976038402,1.85753856709141e-07,0.999656118376978,0.999999989686377
"GMFG",1.44019441088908e-12,-0.625904127119415,1.85241875785691e-07,0.999656592612901,0.999999989686377
"TESPA1",1.43589496847192e-12,-0.626671372018822,1.84137513815516e-07,0.999657617794075,0.999999989686377
"PSMB2",1.43290750964957e-12,-0.62720583095107,1.83372094349404e-07,0.999658330139129,0.999999989686377
"MRPL42",1.43247731770382e-12,-0.627282883506012,1.83262005797347e-07,0.99965843271631,0.999999989686377
"LBR",1.43033855893405e-12,-0.627666301321965,1.82715176029714e-07,0.999658942692957,0.999999989686377
"SRPRA",1.42868947822906e-12,-0.627962321701267,1.8229410316762e-07,0.999659335908246,0.999999989686377
"COA4",1.42759328103727e-12,-0.628159283226527,1.82014471204674e-07,0.999659597291145,0.999999989686377
"S100A10",1.42634037988619e-12,-0.628384584307854,1.81695128051061e-07,0.999659896039343,0.999999989686377
"MRPL33",1.41881097645575e-12,-0.629742688554185,1.7978191704653e-07,0.999661691389044,0.999999989686377
"HDLBP",1.41361558381227e-12,-0.63068396594199,1.7846767922587e-07,0.999662930205203,0.999999989686377
"CCNB1IP1",1.41167546443762e-12,-0.631036346379177,1.77978138785876e-07,0.999663392817251,0.999999989686377
"DDX24",1.40992425544779e-12,-0.631354827292018,1.77536842462392e-07,0.999663810384535,0.999999989686377
"BBX",1.40931040422372e-12,-0.631466557097203,1.77382284536909e-07,0.99966395675438,0.999999989686377
"FRG1",1.40844312824836e-12,-0.631624496021838,1.7716403303215e-07,0.999664163552127,0.999999989686377
"LRRC59",1.3908611164286e-12,-0.634847273967155,1.72768459009572e-07,0.999668355897515,0.999999989686377
"RBM25",1.38878628123532e-12,-0.63523024827038,1.72253384281278e-07,0.999668850631898,0.999999989686377
"COMT",1.3852823442336e-12,-0.635878294876196,1.71385282959433e-07,0.999669686128672,0.999999989686377
"NUP50",1.38439990353586e-12,-0.636041756436862,1.71167003733764e-07,0.999669896542374,0.999999989686377
"DDX6",1.38413729501816e-12,-0.636090421433027,1.71102072134573e-07,0.999669959160101,0.999999989686377
"YWHAE",1.382170761936e-12,-0.636455138034632,1.70616226028731e-07,0.999670428070371,0.999999989686377
"IRAK3",1.37931306346908e-12,-0.636986048404388,1.69911442357849e-07,0.999671109474703,0.999999989686377
"COPB2",1.37874865127326e-12,-0.637091035079581,1.69772415951514e-07,0.999671244056052,0.999999989686377
"CCT5",1.37551387474689e-12,-0.63769355987046,1.68976721107566e-07,0.999672015372818,0.999999989686377
"UBR5",1.37464341011279e-12,-0.637855936268251,1.6876292214621e-07,0.999672222930886,0.999999989686377
"LAMP2",1.37418063994386e-12,-0.637942302823818,1.68649314064878e-07,0.999672333276187,0.999999989686377
"TMX4",1.37094181650694e-12,-0.638547569930734,1.67855267587298e-07,0.99967310555792,0.999999989686377
"CTSS",1.36876850874664e-12,-0.638954509028976,1.67323498845854e-07,0.999673623772609,0.999999989686377
"NOSIP",1.36800895895412e-12,-0.63909688111979,1.67137849825121e-07,0.999673804883572,0.999999989686377
"SUMF2",1.36428400352212e-12,-0.639796231863682,1.66228888778197e-07,0.99967469308112,0.999999989686377
"SELPLG",1.35942295354291e-12,-0.640711729941181,1.65046426230477e-07,0.999675852174901,0.999999989686377
"CCDC90B",1.35932482378217e-12,-0.640730244406505,1.65022599382881e-07,0.999675875573466,0.999999989686377
"PSMB4",1.35873440875691e-12,-0.640841667893024,1.64879277255603e-07,0.999676016355064,0.999999989686377
"KRR1",1.35735614755866e-12,-0.641101960853941,1.6454494929202e-07,0.99967634499476,0.999999989686377
"MRPL51",1.35521563926837e-12,-0.641506727976685,1.64026393986156e-07,0.999676855388576,0.999999989686377
"OTUB1",1.3540371619635e-12,-0.641729846621688,1.637412477246e-07,0.999677136390771,0.999999989686377
"PGLS",1.35136687439329e-12,-0.642236118732506,1.63096058514882e-07,0.999677773107887,0.999999989686377
"WDFY2",1.34979286731848e-12,-0.642535006126987,1.62716346904985e-07,0.999678148422237,0.999999989686377
"TCERG1",1.33365559654273e-12,-0.645619362308308,1.58848936395814e-07,0.999681996276162,0.999999989686377
"GATA2",1.33317437981451e-12,-0.645711904744141,1.58734323635563e-07,0.999682111019957,0.999999989686377
"TTC1",1.32250399841798e-12,-0.647772459143619,1.56203555554727e-07,0.999684655320637,0.999999989686377
"SMC3",1.31604375734159e-12,-0.649028008542936,1.5468121922555e-07,0.999686195733784,0.999999989686377
"MNDA",1.31599622011684e-12,-0.64903727001009,1.54670044850778e-07,0.999686207068804,0.999999989686377
"ACBD6",1.31337188304017e-12,-0.649549072507945,1.54053779239324e-07,0.99968683282925,0.999999989686377
"STK26",1.31004540008864e-12,-0.650199265581969,1.53274398614648e-07,0.999687626012974,0.999999989686377
"MYO1G",1.30734196696614e-12,-0.65072888263451,1.52642451754864e-07,0.999688270633489,0.999999989686377
"PHIP",1.30235814235844e-12,-0.651708088618898,1.51480868663516e-07,0.999689459002292,0.999999989686377
"MYCBP2",1.3005922348567e-12,-0.652055938822999,1.51070352021296e-07,0.999689880074371,0.999999989686377
"CCDC59",1.29567570582771e-12,-0.653026870270588,1.49930351510141e-07,0.999691052396871,0.999999989686377
"C11orf58",1.29399941683234e-12,-0.653358743005853,1.49542655700989e-07,0.999691452099852,0.999999989686377
"IFNAR2",1.29254851804616e-12,-0.653646336650117,1.49207493852933e-07,0.99969179805963,0.999999989686377
"BRWD1",1.28546701856756e-12,-0.655054616813155,1.47577043100364e-07,0.999693486608835,0.999999989686377
"MYEOV2",1.28541701655312e-12,-0.655064587871561,1.47565562438757e-07,0.999693498531573,0.999999989686377
"OGT",1.2811858660004e-12,-0.6559097289075,1.46595691192359e-07,0.999694507428901,0.999999989686377
"AIP",1.2694568001338e-12,-0.658267049791255,1.43923854110839e-07,0.999697304167775,0.999999989686377
"TMEM179B",1.26122684582794e-12,-0.659934023710043,1.42063771596454e-07,0.999699266560468,0.999999989686377
"SNX1",1.25779077327866e-12,-0.660633187664364,1.41290752081564e-07,0.999700085875305,0.999999989686377
"IDS",1.25571113455631e-12,-0.66105726678352,1.40823916400831e-07,0.999700581755074,0.999999989686377
"FARSA",1.24906469401042e-12,-0.662417283546849,1.39337108310599e-07,0.999702166566593,0.999999989686377
"ACYP2",1.24653570171767e-12,-0.662936656882094,1.38773445373441e-07,0.999702769592542,0.999999989686377
"SSR2",1.24319795634591e-12,-0.663623721175697,1.38031276013883e-07,0.999703565461742,0.999999989686377
"UFC1",1.2393161697021e-12,-0.664425075284944,1.37170638410557e-07,0.999704491054945,0.999999989686377
"ZNHIT1",1.22975299090587e-12,-0.666409943778175,1.35061852660003e-07,0.999706771348561,0.999999989686377
"FXN",1.22856028556269e-12,-0.666658564641852,1.3479999377206e-07,0.999707055743367,0.999999989686377
"RNMT",1.22432781528633e-12,-0.667542760751014,1.3387280410939e-07,0.999708064955384,0.999999989686377
"UVRAG",1.2226619163232e-12,-0.667891610251311,1.33508740112654e-07,0.999708462180915,0.999999989686377
"PTDSS1",1.22151589022569e-12,-0.668131868480738,1.33258576447222e-07,0.999708735445281,0.999999989686377
"XIST",1.21843738708502e-12,-0.668778366691319,1.32587737855106e-07,0.99970946949943,0.999999989686377
"SNX17",1.21709809828261e-12,-0.669060127736902,1.32296420990508e-07,0.999709788846352,0.999999989686377
"PSMC5",1.21615003753842e-12,-0.669259767402106,1.32090396195162e-07,0.99971001490684,0.999999989686377
"SUCLG1",1.21104799174229e-12,-0.670336792925303,1.30984418187618e-07,0.999711231464925,0.999999989686377
"LSM4",1.20490365609396e-12,-0.671639820630069,1.29658672882237e-07,0.999712696551973,0.999999989686377
"CAMLG",1.1933561989966e-12,-0.674106584093215,1.27185357361223e-07,0.999715449987139,0.999999989686377
"MPLKIP",1.19056508329473e-12,-0.674706367072175,1.26591110798344e-07,0.999716115515148,0.999999989686377
"EPC1",1.18778245241772e-12,-0.675305714043572,1.26000055868865e-07,0.999716779019992,0.999999989686377
"CD48",1.18508056160547e-12,-0.675889002137898,1.2542747426696e-07,0.999717423272759,0.999999989686377
"LSM8",1.18253345232753e-12,-0.676440082599182,1.24888887836351e-07,0.99971803061862,0.999999989686377
"HBG2",1.18244488164918e-12,-0.676459266465297,1.24870180409097e-07,0.999718051737869,0.999999989686377
"BCL2",1.17685610611153e-12,-0.677672646932719,1.23692582720341e-07,0.999719384354306,0.999999989686377
"LYSMD2",1.17324272598184e-12,-0.678460188988099,1.22934185545715e-07,0.999720245947284,0.999999989686377
"GNAI3",1.17214736730806e-12,-0.678699398513564,1.2270474595158e-07,0.99972050713025,0.999999989686377
"FCHSD2",1.1688392837325e-12,-0.679423178923362,1.22013118316287e-07,0.999721295926745,0.999999989686377
"VDAC2",1.16767443046286e-12,-0.679678521721488,1.21770045448288e-07,0.999721573680361,0.999999989686377
"IFI6",1.16734334877292e-12,-0.679751142830936,1.21701002030335e-07,0.999721652625185,0.999999989686377
"MT1X",1.16724509450112e-12,-0.679772698336623,1.21680515958073e-07,0.99972167605344,0.999999989686377
"SMARCC2",1.16420396659345e-12,-0.680440765696664,1.21047291697503e-07,0.999722401195649,0.999999989686377
"SLC25A39",1.1559262098054e-12,-0.682267991515974,1.19332063362419e-07,0.999724374986636,0.999999989686377
"PSMC1",1.15485846918827e-12,-0.682504626454379,1.19111708737147e-07,0.999724629584211,0.999999989686377
"HECTD1",1.15181698371313e-12,-0.683179876023344,1.18485139355559e-07,0.999725354811682,0.999999989686377
"AIMP1",1.15098564722732e-12,-0.683364750795917,1.18314165192698e-07,0.999725553039838,0.999999989686377
"PPP4C",1.14020522546467e-12,-0.685774174462485,1.16108223899478e-07,0.999728123579161,0.999999989686377
"FOSB",1.13996852249068e-12,-0.685827330225183,1.16060021508225e-07,0.999728180019838,0.999999989686377
"RPS27L",1.13910840365341e-12,-0.686020576879051,1.1588495044425e-07,0.999728385111007,0.999999989686377
"DOCK10",1.13541661381079e-12,-0.686851671409924,1.15135013728885e-07,0.999729265400404,0.999999989686377
"TMA7",1.13332992213549e-12,-0.687322610957781,1.14712207681426e-07,0.999729762961921,0.999999989686377
"DNAJC7",1.13280339889354e-12,-0.687441576126589,1.14605646278118e-07,0.999729888508837,0.999999989686377
"CD79B",1.12670139269681e-12,-0.68882429983855,1.13374292524223e-07,0.999731343502644,0.999999989686377
"RASA2",1.12454684124612e-12,-0.689314296017165,1.12941103761287e-07,0.999731857244997,0.999999989686377
"BCCIP",1.12371799702417e-12,-0.689503042461238,1.12774679242312e-07,0.999732054878885,0.999999989686377
"SARAF",1.11757611337777e-12,-0.690905997067094,1.11545267484181e-07,0.999733519381279,0.999999989686377
"RET",1.11325466929405e-12,-0.691897701547564,1.10684288691454e-07,0.99973454980868,0.999999989686377
"TMED3",1.10343145117493e-12,-0.694166229864892,1.08739578379226e-07,0.999736892107443,0.999999989686377
"ALDH2",1.1009054259743e-12,-0.694752810109549,1.0824228511955e-07,0.999737494425912,0.999999989686377
"CEP350",1.09934693526605e-12,-0.695115379605437,1.07936036851837e-07,0.99973786604047,0.999999989686377
"SMIM19",1.09720463707928e-12,-0.695614598256884,1.07515776662007e-07,0.999738376861093,0.999999989686377
"PSMB7",1.09244563847031e-12,-0.696727046889351,1.06585124776154e-07,0.999739511621254,0.999999989686377
"FAM107B",1.09211251334593e-12,-0.696805096749915,1.06520131575294e-07,0.999739591053325,0.999999989686377
"COX20",1.07817980185903e-12,-0.700090760798309,1.03819590394008e-07,0.999742913240876,0.999999989686377
"SNRPD3",1.07645815270134e-12,-0.700499681254184,1.03488294626203e-07,0.999743323759777,0.999999989686377
"MICU2",1.07492057030022e-12,-0.700865430482785,1.03192866257504e-07,0.999743690388852,0.999999989686377
"KTN1",1.07488355658898e-12,-0.700874241425406,1.03185759713453e-07,0.999743699214592,0.999999989686377
"EML4",1.07359492535048e-12,-0.701181181538819,1.02938498161253e-07,0.999744006482468,0.999999989686377
"NUB1",1.07299767221986e-12,-0.701323565461009,1.02823998292207e-07,0.999744148894583,0.999999989686377
"IK",1.07038301939185e-12,-0.701947818339627,1.02323491156587e-07,0.999744772345883,0.999999989686377
"CDC40",1.06866929689258e-12,-0.70235779206057,1.01996106114645e-07,0.999745180974711,0.999999989686377
"DYNC1H1",1.0650318116082e-12,-0.703230148605117,1.01302948887718e-07,0.999746048315455,0.999999989686377
"MRPL18",1.06066317090273e-12,-0.704281760735698,1.00473586753309e-07,0.999747089996668,0.999999989686377
"MFNG",1.0568435100694e-12,-0.705204742885694,9.97512386805289e-08,0.99974800077629,0.999999989686377
"ETV6",1.05412769725928e-12,-0.705863002402095,9.92392279415901e-08,0.999748648348698,0.999999989686377
"DNAJB1",1.05289746779842e-12,-0.706161738499157,9.90077269938178e-08,0.999748941690954,0.999999989686377
"ZC3H13",1.05204722766178e-12,-0.706368403957213,9.88478892943832e-08,0.999749144426595,0.999999989686377
"EIF1AX",1.03903764868672e-12,-0.7095513944424,9.64183057882589e-08,0.999752246497683,0.999999989686377
"FAM208A",1.03223116788857e-12,-0.711232459586454,9.51592179813875e-08,0.99975386947006,0.999999989686377
"SNRPG",1.02838345656416e-12,-0.712187629486744,9.44511153847056e-08,0.999754786938189,0.999999989686377
"CA1",1.02621676463099e-12,-0.712727055287122,9.4053538226949e-08,0.999755303575385,0.999999989686377
"SMARCA4",1.02619902113102e-12,-0.712731477412375,9.40502858448343e-08,0.999755307806237,0.999999989686377
"CUTA",1.02073163378691e-12,-0.714097705445877,9.30507925133107e-08,0.999756611478268,0.999999989686377
"CCNH",1.01977273964023e-12,-0.714338066976756,9.28760473655703e-08,0.999756840121933,0.999999989686377
"DCK",1.01145580337187e-12,-0.716432270850797,9.13672910816711e-08,0.999758823255104,0.999999989686377
"PSMD4",1.01117463144874e-12,-0.71650336747176,9.13165002391586e-08,0.999758890299187,0.999999989686377
"STK10",1.00860920879633e-12,-0.717152960991135,9.08537349820386e-08,0.999759502011794,0.999999989686377
"LYAR",1.00836048118003e-12,-0.717216028546667,9.08089306190159e-08,0.999759561319689,0.999999989686377
"HLA-DQA1",1.00747920512423e-12,-0.717439609565462,9.06502715545034e-08,0.999759771455696,0.999999989686377
"ASCC3",1.00178173577014e-12,-0.718889754853849,8.96278846751287e-08,0.99976112998967,0.999999989686377
"PSMB5",9.97141306148374e-13,-0.720076903694947,8.87994634980142e-08,0.99976223647764,0.999999989686377
"FAM60A",9.96655970297004e-13,-0.72020138166856,8.87130422965795e-08,0.999762352203623,0.999999989686377
"CACYBP",9.91993509534288e-13,-0.721400266927606,8.78849659897385e-08,0.999763463944812,0.999999989686377
"ITGAE",9.91760701344511e-13,-0.721460276366671,8.78437198752144e-08,0.999763519456797,0.999999989686377
"ARL5A",9.89941721411585e-13,-0.721929623599792,8.75217885213579e-08,0.999763953183753,0.999999989686377
"SLTM",9.85520854508313e-13,-0.723073898341901,8.67418270060347e-08,0.999765007318057,0.999999989686377
"MCFD2",9.8097343720879e-13,-0.724256242923112,8.59431808100412e-08,0.999766091627691,0.999999989686377
"HBG1",9.76366930617223e-13,-0.725459496145275,8.51379229406418e-08,0.99976719002688,0.999999989686377
"TMEM173",9.66199305841864e-13,-0.728135369424616,8.33739485553032e-08,0.999769614447772,0.999999989686377
"KDELR1",9.6504327702871e-13,-0.728441371538723,8.31745589951971e-08,0.999769890097244,0.999999989686377
"MT-CO2",9.61279245845886e-13,-0.729440235194201,8.25270002946836e-08,0.999770787612253,0.999999989686377
"RNF7",9.60692843227151e-13,-0.729596197793775,8.24263442396351e-08,0.999770927437118,0.999999989686377
"NOL7",9.58551329357097e-13,-0.730166567290396,8.20592749512218e-08,0.999771438070731,0.999999989686377
"DNMT1",9.56235948261525e-13,-0.730784665526418,8.1663325318876e-08,0.999771990162142,0.999999989686377
"LONP2",9.5594044524995e-13,-0.730863657574898,8.1612860723972e-08,0.999772060623404,0.999999989686377
"S100A9",9.51911291813937e-13,-0.731943124627583,8.09263373063874e-08,0.999773021355531,0.999999989686377
"LEPROTL1",9.442072927232e-13,-0.734019786717796,7.96217334874188e-08,0.999774858336812,0.999999989686377
"RAD23A",9.38038048352776e-13,-0.735694876551236,7.85846705062668e-08,0.999776329363262,0.999999989686377
"CMC2",9.36635334151063e-13,-0.736077266937714,7.83498198734022e-08,0.999776663833672,0.999999989686377
"TBC1D10C",9.33277092875587e-13,-0.736995056971302,7.77889913535661e-08,0.999777464590044,0.999999989686377
"NUTM2B-AS1",9.32750497167572e-13,-0.737139269328213,7.77012322247185e-08,0.999777590154241,0.999999989686377
"SKP1",9.29150093563787e-13,-0.738127432843314,7.71025386390752e-08,0.999778448653049,0.999999989686377
"C15orf40",9.26322631005036e-13,-0.738906116695487,7.66339968138434e-08,0.999779122847807,0.999999989686377
"SFSWAP",9.25331033442867e-13,-0.739179760313989,7.64700163399804e-08,0.999779359289445,0.999999989686377
"PPP1R2",9.24041749350058e-13,-0.739535988652958,7.62570700814477e-08,0.999779666712994,0.999999989686377
"RGS19",9.23706415187117e-13,-0.739628721894049,7.62017328397629e-08,0.999779746671802,0.999999989686377
"BRD4",9.23428564941753e-13,-0.739705583795747,7.61558968783439e-08,0.999779812923848,0.999999989686377
"CD7",9.21893198463908e-13,-0.740130726519035,7.59028615937366e-08,0.999780179024551,0.999999989686377
"YY1",9.20070899448875e-13,-0.74063623145726,7.56030849940448e-08,0.999780613542929,0.999999989686377
"TECR",9.16722094894022e-13,-0.741567778139178,7.50537377580817e-08,0.999781412049162,0.999999989686377
"ZNF207",9.10674795766029e-13,-0.743258539824458,7.40667965996785e-08,0.999782853998363,0.999999989686377
"MKKS",9.07065978540731e-13,-0.744272831202632,7.34809367121726e-08,0.999783714503359,0.999999989686377
"YTHDC1",9.06516076277069e-13,-0.744427736969915,7.33918691337137e-08,0.999783845624892,0.999999989686377
"ATXN10",9.02894598866021e-13,-0.745450225557891,7.28066481947778e-08,0.999784709148648,0.999999989686377
"RBCK1",9.02076273120893e-13,-0.745681834131458,7.26747334504303e-08,0.999784904274461,0.999999989686377
"PTPRE",9.02055723746001e-13,-0.74568765284358,7.26714224148179e-08,0.99978490917436,0.999999989686377
"NIFK",9.01836661319037e-13,-0.745749690196574,7.26361304816761e-08,0.999784961408735,0.999999989686377
"CARD16",8.9950288827898e-13,-0.746411530338373,7.22606813272235e-08,0.999785517885618,0.999999989686377
"BRD2",8.96123276284867e-13,-0.74737298197557,7.17187057763654e-08,0.999786323737738,0.999999989686377
"ALAS2",8.92003405445278e-13,-0.748549893729065,7.10607771056316e-08,0.999787306100996,0.999999989686377
"TCP1",8.90355648510009e-13,-0.749022110986341,7.07984849680088e-08,0.99978769900066,0.999999989686377
"TCF7",8.89743930602419e-13,-0.749197638491494,7.07012343388722e-08,0.999787844861834,0.999999989686377
"KDM5C",8.89726385039361e-13,-0.749202674811203,7.06984459394427e-08,0.999787849045489,0.999999989686377
"SCNM1",8.8966530191574e-13,-0.749220209021772,7.06887388345493e-08,0.999787863610464,0.999999989686377
"WAC",8.8054649402023e-13,-0.751851268534742,6.92470875453185e-08,0.999790037946065,0.999999989686377
"UPF3A",8.79226227706048e-13,-0.752234440195051,6.90395890022108e-08,0.999790352757177,0.999999989686377
"CPT1A",8.79111021980794e-13,-0.752267902563591,6.90214975609455e-08,0.999790380227424,0.999999989686377
"GRN",8.72569501278674e-13,-0.754175093219029,6.79981325859964e-08,0.999791940021371,0.999999989686377
"YTHDF2",8.68855596160689e-13,-0.755264197410799,6.74205254750247e-08,0.999792825584069,0.999999989686377
"CRLF3",8.67449800982704e-13,-0.755677650274048,6.72025311980185e-08,0.999793160789125,0.999999989686377
"SF3B1",8.66434904446939e-13,-0.755976549998352,6.70453723222183e-08,0.999793402786291,0.999999989686377
"CCT7",8.60499707721556e-13,-0.757731510552633,6.61299785780089e-08,0.999794818005222,0.999999989686377
"RBM17",8.59246665193105e-13,-0.758103550695348,6.59375244897526e-08,0.999795116787148,0.999999989686377
"MINPP1",8.58620636007175e-13,-0.758289625919755,6.58414780830369e-08,0.999795266060777,0.999999989686377
"COPS6",8.5651842619358e-13,-0.75891545190316,6.55194658838371e-08,0.999795767322532,0.999999989686377
"NFATC3",8.55989322009475e-13,-0.759073205272927,6.54385431271744e-08,0.999795893484864,0.999999989686377
"ANAPC11",8.49999438286399e-13,-0.76086586302892,6.45259199686993e-08,0.999797321743646,0.999999989686377
"COPS2",8.39744196917569e-13,-0.763964296139036,6.29783024634904e-08,0.999799767056315,0.999999989686377
"C19orf53",8.38150275764463e-13,-0.764449231141309,6.27394507257168e-08,0.9998001471191,0.999999989686377
"NCF1",8.37034134232648e-13,-0.764789350142358,6.2572465203556e-08,0.999800413257646,0.999999989686377
"SF1",8.35473529951169e-13,-0.765265662704013,6.23393568492535e-08,0.999800785376184,0.999999989686377
"TNFAIP3",8.25413429327708e-13,-0.768357412950223,6.0847114614708e-08,0.999803184158489,0.999999989686377
"SRSF6",8.24115417872265e-13,-0.76875904262173,6.06558937102811e-08,0.999803493663039,0.999999989686377
"RBM42",8.2274588950068e-13,-0.769183480526255,6.04544633231525e-08,0.999803820220451,0.999999989686377
"TXN",8.2149088679819e-13,-0.769573039764735,6.02701715508961e-08,0.999804119469772,0.999999989686377
"ATP5I",8.2109043892786e-13,-0.769697464824618,6.02114267011759e-08,0.999804214954628,0.999999989686377
"XPO1",8.18281037558714e-13,-0.770572080130231,5.98000988734909e-08,0.999804884842789,0.999999989686377
"TBL1XR1",8.18252002099211e-13,-0.770581134883723,5.97958551174608e-08,0.999804891766154,0.999999989686377
"HSD17B12",8.1352374449183e-13,-0.772059909214754,5.91067927506656e-08,0.999806019196298,0.999999989686377
"DDOST",8.12615608421863e-13,-0.772344904855991,5.89749046502069e-08,0.999806235736949,0.999999989686377
"ADGRE5",8.11182367201224e-13,-0.772795333654292,5.87670555190006e-08,0.999806577486382,0.999999989686377
"RP11-1000B6.3",8.07152532257817e-13,-0.774066036012891,5.81846136511979e-08,0.999807538381022,0.999999989686377
"TBRG1",8.0443401101171e-13,-0.774926802663243,5.7793337577738e-08,0.999808186599258,0.999999989686377
"DDB1",8.03575963905609e-13,-0.775199084518974,5.76701131536411e-08,0.999808391196438,0.999999989686377
"UBA1",8.03075841260715e-13,-0.775357919941328,5.75983510413841e-08,0.999808510448262,0.999999989686377
"THUMPD3-AS1",8.00559743441907e-13,-0.776158503402548,5.72379963888052e-08,0.999809110399611,0.999999989686377
"SPTAN1",7.98599710927549e-13,-0.776783883412609,5.69580647584689e-08,0.999809577759879,0.999999989686377
"PRR13",7.97619390086863e-13,-0.77709724088845,5.68183128759961e-08,0.99980981151264,0.999999989686377
"MAP4",7.96742215147578e-13,-0.777377951379531,5.66934107097889e-08,0.999810020670759,0.999999989686377
"NENF",7.96336576990573e-13,-0.7775078657722,5.66356977982159e-08,0.999810117393215,0.999999989686377
"RPAP2",7.89383299069876e-13,-0.779745048438797,5.56509772829271e-08,0.999811775368687,0.999999989686377
"SERP1",7.8798390925492e-13,-0.780197652700257,5.54538401461716e-08,0.999812109046417,0.999999989686377
"ATXN2L",7.87670901483282e-13,-0.780298997612382,5.54097934713436e-08,0.999812183681606,0.999999989686377
"XRN2",7.81571894676817e-13,-0.782281717237113,5.45550295370078e-08,0.999813637960266,0.999999989686377
"HCFC1R1",7.8132164575082e-13,-0.782363397171722,5.45200995401799e-08,0.999813697630912,0.999999989686377
"SRSF10",7.78087093946278e-13,-0.783421474986561,5.40696242198287e-08,0.999814468894138,0.999999989686377
"CTB-133G6.1",7.76331023516446e-13,-0.783997741223081,5.38258393730367e-08,0.999814887620635,0.999999989686377
"NDUFB5",7.72403708909618e-13,-0.785291199905068,5.32826269935994e-08,0.999815824069799,0.999999989686377
"IDH3G",7.63756966421198e-13,-0.788162099137792,5.20963500316339e-08,0.999817885843707,0.999999989686377
"GLO1",7.60075112471965e-13,-0.789394332027533,5.15952774989879e-08,0.999818763763966,0.999999989686377
"LYZ",7.58776005959066e-13,-0.789830524277046,5.1419056810738e-08,0.999819073529628,0.999999989686377
"DENR",7.52834984050793e-13,-0.791834769369847,5.06170129435158e-08,0.999820490137557,0.999999989686377
"PIK3CD",7.48714917093353e-13,-0.793233918668982,5.00645018892836e-08,0.999821472547588,0.999999989686377
"STRA13",7.47725135095484e-13,-0.793571177982343,4.9932221397178e-08,0.999821708556317,0.999999989686377
"FLT3LG",7.47040998161026e-13,-0.793804549910305,4.98408914483036e-08,0.999821871685459,0.999999989686377
"RUNX1",7.4629234841182e-13,-0.794060170942125,4.97410450567073e-08,0.999822050197369,0.999999989686377
"HADHA",7.4270284545544e-13,-0.79528931794978,4.92637086725021e-08,0.999822906096982,0.999999989686377
"WHSC1L1",7.35669844705064e-13,-0.797714759510371,4.83351239744632e-08,0.999824583081984,0.999999989686377
"GNPTG",7.34628633759681e-13,-0.798075787053433,4.81984011063156e-08,0.999824831353696,0.999999989686377
"MRPL37",7.29588000445587e-13,-0.799830760244447,4.75392463814773e-08,0.999826033268323,0.999999989686377
"CWC15",7.2918929433082e-13,-0.799970087717275,4.74873019713211e-08,0.999826128337867,0.999999989686377
"SEPT9",7.2201590164996e-13,-0.802489791503231,4.65575858584948e-08,0.999827838798647,0.999999989686377
"PIM1",7.20624927958096e-13,-0.802981248272125,4.63783709795599e-08,0.999828170469595,0.999999989686377
"PIH1D1",7.18855581009285e-13,-0.803607750163066,4.61509053842379e-08,0.999828592361815,0.999999989686377
"CTR9",7.1639625729106e-13,-0.804481103881306,4.5835665806031e-08,0.999829178775657,0.999999989686377
"CCT2",7.16237038784738e-13,-0.804537747727709,4.58152941885165e-08,0.99982921674054,0.999999989686377
"SERPINA1",7.15958677933031e-13,-0.804636807812011,4.57796894783435e-08,0.999829283114338,0.999999989686377
"EGLN1",7.15009176136498e-13,-0.804974993441354,4.56583442799137e-08,0.999829509518448,0.999999989686377
"PSMB6",7.13466905330766e-13,-0.805525255321219,4.54615871230622e-08,0.999829877265461,0.999999989686377
"CANX",7.08159882204779e-13,-0.807427770239717,4.47877832452341e-08,0.999831142699451,0.999999989686377
"LAPTM4B",7.02851388806571e-13,-0.809344985756216,4.41188254910849e-08,0.999832408484021,0.999999989686377
"GNG2",6.97647773739336e-13,-0.811238287727092,4.34679694447569e-08,0.99983364926086,0.999999989686377
"APPL1",6.9501360256301e-13,-0.812202050582359,4.31403373397245e-08,0.999834277366235,0.999999989686377
"AHSP",6.93412074245018e-13,-0.812789770142286,4.29417487980486e-08,0.999834659242915,0.999999989686377
"TAF11",6.92918386167887e-13,-0.812971211921333,4.28806241555264e-08,0.999834776960448,0.999999989686377
"MORF4L1",6.92105588958309e-13,-0.813270212664128,4.27800847245554e-08,0.999834970768011,0.999999989686377
"TXN2",6.91106134955595e-13,-0.813638355063207,4.26566184339037e-08,0.999835209082983,0.999999989686377
"NIPBL",6.89025047911768e-13,-0.814406604272513,4.24001065196528e-08,0.999835705308122,0.999999989686377
"DDX46",6.85856043494834e-13,-0.815580890087554,4.20109853027564e-08,0.999836460941895,0.999999989686377
"CCNL1",6.82551586522848e-13,-0.816811102998355,4.16071423431634e-08,0.999837248873675,0.999999989686377
"CYTH1",6.77157018869437e-13,-0.818832167402458,4.09520546843724e-08,0.999838535182237,0.999999989686377
"EIF5B",6.75576413623512e-13,-0.819427358110064,4.07610990090677e-08,0.999838912069912,0.999999989686377
"ATF7IP2",6.75567983230817e-13,-0.819430536342699,4.07600817150345e-08,0.999838914080098,0.999999989686377
"C14orf2",6.74791464142731e-13,-0.819723450195949,4.06664337271131e-08,0.999839099237319,0.999999989686377
"PFDN2",6.74020604156902e-13,-0.820014559601811,4.05735747546823e-08,0.999839283045153,0.999999989686377
"TPR",6.72519225427067e-13,-0.820582491202354,4.03930210555189e-08,0.999839641041649,0.999999989686377
"CALM2",6.55567525787811e-13,-0.827083411664588,3.83823703960169e-08,0.999843683092431,0.999999989686377
"C8orf59",6.53050898934853e-13,-0.828062691786751,3.80882475330593e-08,0.999844283169932,0.999999989686377
"DEF6",6.50886097514541e-13,-0.828908061891932,3.78361482563841e-08,0.99984479935636,0.999999989686377
"STAT1",6.49336418044062e-13,-0.829514933799994,3.76561963343011e-08,0.999845168869934,0.999999989686377
"JUN",6.48384946804654e-13,-0.82988825147393,3.75459221008518e-08,0.999845395743648,0.999999989686377
"GTF2I",6.44728203053216e-13,-0.831328070603639,3.71236153890495e-08,0.999846267676509,0.999999989686377
"ERAP2",6.44459812290386e-13,-0.831434065973511,3.70927138043214e-08,0.999846331672988,0.999999989686377
"NDUFAB1",6.43821308290099e-13,-0.831686405648444,3.70192503758535e-08,0.999846483921179,0.999999989686377
"MRPL54",6.43750735889844e-13,-0.831714311384423,3.70111350987276e-08,0.999846500748826,0.999999989686377
"CCDC12",6.41318312900426e-13,-0.832677995760876,3.67319691200322e-08,0.999847080748323,0.999999989686377
"LTB",6.39826535157458e-13,-0.833270804309827,3.65612825758672e-08,0.99984743645551,0.999999989686377
"PGK1",6.33395260882426e-13,-0.835842253884225,3.58299784498808e-08,0.999848969961755,0.999999989686377
"PSMA4",6.27355846346543e-13,-0.8382806674809,3.514995932674e-08,0.999850410030941,0.999999989686377
"ABHD14B",6.25056941217552e-13,-0.839214962011059,3.48928217953585e-08,0.99985095819375,0.999999989686377
"ZNF706",6.24825856677209e-13,-0.839309064819519,3.48670267016097e-08,0.999851013294741,0.999999989686377
"NDUFS7",6.24457863428544e-13,-0.839458991069267,3.48259686950941e-08,0.999851101040951,0.999999989686377
"MRPL36",6.21930991797717e-13,-0.840490846889608,3.45446920558538e-08,0.99985170356127,0.999999989686377
"GPI",6.14283457089101e-13,-0.843639220584689,3.37003620962079e-08,0.999853527078935,0.999999989686377
"BUB3",6.10743227977387e-13,-0.845109841252261,3.3313038597782e-08,0.999854371229445,0.999999989686377
"PPIG",6.03864890104214e-13,-0.847991406264042,3.2566904972521e-08,0.999856011335845,0.999999989686377
"WAS",6.03558367192372e-13,-0.848120574029343,3.25338513238084e-08,0.99985608442475,0.999999989686377
"PPP6R3",6.00222188370205e-13,-0.849530644080021,3.21751825460383e-08,0.999856879920456,0.999999989686377
"MRPS33",5.97351235918892e-13,-0.850750306917252,3.18681212509003e-08,0.999857564485184,0.999999989686377
"NKG7",5.88977709153685e-13,-0.854341051393048,3.09809438563412e-08,0.999859561112145,0.999999989686377
"ATP2B1",5.88583229280078e-13,-0.854511456786471,3.09394575118695e-08,0.999859655173963,0.999999989686377
"THYN1",5.87518019218074e-13,-0.854972166251668,3.08275712153252e-08,0.999859909168151,0.999999989686377
"PPIA",5.8692825640765e-13,-0.855227597844216,3.07657115642723e-08,0.999860049794241,0.999999989686377
"LRPAP1",5.86355542897344e-13,-0.855475888531231,3.07056996569462e-08,0.999860186355008,0.999999989686377
"COPZ1",5.83228029390944e-13,-0.856836021174898,3.03790160204814e-08,0.999860932095479,0.999999989686377
"UBE2E1",5.80569414492916e-13,-0.857997923254825,3.01026849236989e-08,0.999861566029344,0.999999989686377
"ATP6V1G1",5.77269378253385e-13,-0.85944749663749,2.97614419380237e-08,0.999862352907027,0.999999989686377
"SAFB2",5.77196544762761e-13,-0.859479581911975,2.97539324700346e-08,0.999862370273821,0.999999989686377
"PDAP1",5.77115864683504e-13,-0.859515128516815,2.97456150887952e-08,0.999862389511595,0.999999989686377
"CNIH1",5.76810426269393e-13,-0.859649745333746,2.97141377033396e-08,0.999862462341908,0.999999989686377
"TMF1",5.74127103590854e-13,-0.860835416803008,2.94383203538712e-08,0.999863102167224,0.999999989686377
"SMG1",5.67402189446852e-13,-0.863831206999166,2.87527204747396e-08,0.999864705690481,0.999999989686377
"RERE",5.63019077817035e-13,-0.865802760689155,2.83102138480972e-08,0.999865750822254,0.999999989686377
"TCEAL4",5.60480905775322e-13,-0.866951406853769,2.80555360689097e-08,0.999866356037103,0.999999989686377
"MLLT3",5.55242186655016e-13,-0.869338554012932,2.75335265007078e-08,0.999867605184344,0.999999989686377
"TCEA1",5.50531439090113e-13,-0.871504235624126,2.70683122742157e-08,0.999868728439322,0.999999989686377
"CHCHD3",5.50235778685474e-13,-0.871640771373627,2.7039246253288e-08,0.999868798938116,0.999999989686377
"NARF",5.47141950905685e-13,-0.873073871082295,2.67360322846731e-08,0.999869536646389,0.999999989686377
"PAG1",5.42489889667165e-13,-0.875243935991667,2.62833201494264e-08,0.999870645907896,0.999999989686377
"FAM49B",5.39717837583168e-13,-0.87654580250804,2.60153977991587e-08,0.999871306890311,0.999999989686377
"DAP3",5.37721436884285e-13,-0.877487499036251,2.58232933411868e-08,0.999871782922405,0.999999989686377
"C11orf31",5.37149774506804e-13,-0.877757788063297,2.57684160115643e-08,0.999871919232534,0.999999989686377
"ECHS1",5.31433444553273e-13,-0.880476309163191,2.52228810776287e-08,0.999873282263771,0.999999989686377
"CPVL",5.30918145847995e-13,-0.88072279108674,2.51739906032287e-08,0.999873405134255,0.999999989686377
"ERCC1",5.30534491404318e-13,-0.880906457697922,2.51376210655099e-08,0.999873496614802,0.999999989686377
"TTC19",5.29714625473195e-13,-0.88129939264485,2.50599878298996e-08,0.999873692107869,0.999999989686377
"MAT2B",5.27715665040495e-13,-0.882259958262053,2.48712091815141e-08,0.999874168750319,0.999999989686377
"NUCB2",5.1441253957153e-13,-0.888745802030806,2.36330634496992e-08,0.999877340816262,0.999999989686377
"OXLD1",5.1318154255391e-13,-0.88935433661018,2.35200902256281e-08,0.999877634341549,0.999999989686377
"AKNA",5.1071246178071e-13,-0.890579277398442,2.329430931245e-08,0.999878223081921,0.999999989686377
"CHD1",5.07670231200777e-13,-0.892096652298227,2.3017615106351e-08,0.999878948487093,0.999999989686377
"CIB1",5.00515884589091e-13,-0.895700805179382,2.23734345429643e-08,0.999880654406451,0.999999989686377
"LBH",4.97424557462498e-13,-0.897273933189736,2.2097918739033e-08,0.999881391518458,0.999999989686377
"SLC25A37",4.95541496835043e-13,-0.898236943736828,2.19309267519647e-08,0.999881840525159,0.999999989686377
"PRELID1",4.90600316982313e-13,-0.900781227332137,2.14957487202461e-08,0.999883018725605,0.999999989686377
"EID1",4.88256151427002e-13,-0.901997157116538,2.12908193417301e-08,0.999883577680548,0.999999989686377
"GIT2",4.87584098541938e-13,-0.902346820203701,2.12322488183573e-08,0.999883737928309,0.999999989686377
"IPO7",4.79398188068792e-13,-0.906644598882484,2.05253090114085e-08,0.999885689819083,0.999999989686377
"ARHGAP15",4.75303133222417e-13,-0.908821930669766,2.01761492612026e-08,0.999886666265113,0.999999989686377
"PSMC3",4.74499527384227e-13,-0.909251385241054,2.0107982384974e-08,0.999886857881039,0.999999989686377
"CHCHD2",4.69372571065489e-13,-0.912008347832507,1.96757973813493e-08,0.999888080378986,0.999999989686377
"PPP1CB",4.68973265189062e-13,-0.912224319840085,1.96423343284062e-08,0.999888175591542,0.999999989686377
"CASP4",4.68067667130646e-13,-0.912714804775249,1.95665479816129e-08,0.99988839152702,0.999999989686377
"HADH",4.65169365670358e-13,-0.91429090525985,1.93249838508066e-08,0.999889082612991,0.999999989686377
"FYTTD1",4.63239807946104e-13,-0.91534560139852,1.91649933764095e-08,0.999889542706702,0.999999989686377
"WDR33",4.62018663771458e-13,-0.916015328277987,1.90640850647258e-08,0.999889833882626,0.999999989686377
"S100A11",4.61012865695248e-13,-0.916568267716782,1.89811717525404e-08,0.999890073710315,0.999999989686377
"OCIAD1",4.56590449586857e-13,-0.919013755141606,1.86187522958559e-08,0.999891128214055,0.999999989686377
"PSMF1",4.56146155650672e-13,-0.919260733742293,1.85825352701057e-08,0.999891234153796,0.999999989686377
"TAF9",4.54751043996061e-13,-0.920037813397437,1.84690406536778e-08,0.999891566811426,0.999999989686377
"LYPLA1",4.40127689351979e-13,-0.928328096926943,1.73003269736598e-08,0.999895053679644,0.999999989686377
"LGALS1",4.39389218462117e-13,-0.928753952650302,1.72423207622911e-08,0.999895229764457,0.999999989686377
"EXOC4",4.38486475072894e-13,-0.929275503339369,1.7171543417019e-08,0.999895445019254,0.999999989686377
"SRSF9",4.38284688758719e-13,-0.929392228657064,1.71557427692012e-08,0.999895493134225,0.999999989686377
"SNRNP40",4.37267325061681e-13,-0.929981544390511,1.70761900341439e-08,0.99989573571968,0.999999989686377
"LSM6",4.36912326242545e-13,-0.930187499693033,1.70484744185533e-08,0.999895820367433,0.999999989686377
"JTB",4.34443941287195e-13,-0.931624149606872,1.68563840552964e-08,0.999896408941892,0.999999989686377
"ARHGEF1",4.30763485319218e-13,-0.933781326986098,1.65719911272701e-08,0.999897286528825,0.999999989686377
"UBE2N",4.29865930225279e-13,-0.934310166516813,1.65030030200684e-08,0.999897500546498,0.999999989686377
"BTG1",4.27120066699259e-13,-0.935934843655312,1.62928432417636e-08,0.999898155284381,0.999999989686377
"XBP1",4.26259074123198e-13,-0.936446407186069,1.6227222919688e-08,0.999898360583899,0.999999989686377
"APH1A",4.21885834972104e-13,-0.93906068814748,1.58959619912214e-08,0.999899403361633,0.999999989686377
"NDUFB6",4.19485662922801e-13,-0.940506914204579,1.57156074435743e-08,0.999899975671055,0.999999989686377
"SEC31A",4.06320220790124e-13,-0.948588432999563,1.47446272992703e-08,0.999903114907087,0.999999989686377
"PTBP3",4.02417311591804e-13,-0.951034073622737,1.44627286637314e-08,0.999904045536918,0.999999989686377
"BOLA3",3.9871142502051e-13,-0.953378087827716,1.4197578829236e-08,0.999904929187656,0.999999989686377
"ATP6V1B2",3.97559296181227e-13,-0.954111218741591,1.41156458546063e-08,0.999905203907209,0.999999989686377
"CCDC25",3.90167824641989e-13,-0.958865246396334,1.3595645505911e-08,0.999906966367866,0.999999989686377
"C1orf162",3.89873743876021e-13,-0.959056231857752,1.35751583677842e-08,0.999907036490004,0.999999989686377
"KDM5B",3.84102717891754e-13,-0.962833264038128,1.31762458077847e-08,0.999908412563253,0.999999989686377
"SRP54",3.82447816156173e-13,-0.963926736006364,1.30629510201494e-08,0.999908807166572,0.999999989686377
"DPM3",3.82168920146952e-13,-0.964111476928372,1.30439059302309e-08,0.999908873667977,0.999999989686377
"MECOM",3.79750405886076e-13,-0.965719122557441,1.28793344521026e-08,0.999909450351011,0.999999989686377
"AGTRAP",3.77338268640912e-13,-0.967332657172683,1.27162375576066e-08,0.999910025513478,0.999999989686377
"NCBP2-AS2",3.76956683539448e-13,-0.967588843381981,1.26905318514403e-08,0.9999101165006,0.999999989686377
"TMEM230",3.7574632052101e-13,-0.96840315134758,1.26091671148535e-08,0.999910405105811,0.999999989686377
"ISG20",3.74571837143599e-13,-0.969195806504967,1.25304644824334e-08,0.999910685155695,0.999999989686377
"ARIH2",3.73698111809765e-13,-0.969787078701504,1.24720756003822e-08,0.999910893491278,0.999999989686377
"EIF6",3.7168337265289e-13,-0.971155737184121,1.2337955350048e-08,0.999911373896091,0.999999989686377
"ARL4C",3.71519921418029e-13,-0.971267095252618,1.23271062738463e-08,0.999911412870248,0.999999989686377
"CHRAC1",3.66801333149472e-13,-0.974502919972518,1.20159673234812e-08,0.999912537994811,0.999999989686377
"NUDT4",3.64546915561118e-13,-0.976063487952944,1.18687172509058e-08,0.999913075549788,0.999999989686377
"FGL2",3.63853624923221e-13,-0.976545323511299,1.18236166298158e-08,0.999913240861589,0.999999989686377
"C19orf70",3.60110916014708e-13,-0.979162298981401,1.1581625039289e-08,0.999914133292437,0.999999989686377
"SMDT1",3.55144092810169e-13,-0.982677087011621,1.12643495394727e-08,0.999915317607422,0.999999989686377
"STT3B",3.52185455844457e-13,-0.984793977551569,1.10774490632744e-08,0.999916023080105,0.999999989686377
"CHCHD5",3.51664994714291e-13,-0.985168185130498,1.10447326548552e-08,0.999916147181546,0.999999989686377
"SLBP",3.48000701396011e-13,-0.987818406980032,1.08157631000068e-08,0.999917020914575,0.999999989686377
"IGKV3-20",3.45622707146523e-13,-0.989553128229011,1.0668453357915e-08,0.99991758793581,0.999999989686377
"CFD",3.45355997592064e-13,-0.989748426450446,1.06519944822417e-08,0.999917651531414,0.999999989686377
"FLT4",3.4151177019994e-13,-0.992580071504053,1.04161752974713e-08,0.999918568168854,0.999999989686377
"NAP1L4",3.39674123170191e-13,-0.993944842527441,1.0304379707984e-08,0.999919006346906,0.999999989686377
"NSFL1C",3.39315978182858e-13,-0.994211678109564,1.02826617370401e-08,0.999919091744847,0.999999989686377
"TRPM7",3.38171267072092e-13,-0.995066417693225,1.02133999090836e-08,0.999919364695678,0.999999989686377
"ELMO1",3.38040996672965e-13,-0.995163870230801,1.02055326090277e-08,0.999919395758025,0.999999989686377
"MRPL20",3.37004578079635e-13,-0.995940520283756,1.01430491278068e-08,0.999919642887029,0.999999989686377
"PHF20",3.34251719261356e-13,-0.998014939045145,9.97801671860366e-09,0.999920299292908,0.999999989686377
"NDUFB11",3.30208851372648e-13,-1.00109230996615,9.73810266293589e-09,0.999921263295215,0.999999989686377
"FAM133B",3.26787719547813e-13,-1.00372570307082,9.53736454892033e-09,0.999922079047562,0.999999989686377
"PET100",3.20971737123193e-13,-1.00826579227336,9.20090428971802e-09,0.99992346584046,0.999999989686377
"CYC1",3.20835686923362e-13,-1.00837296835864,9.19310597338268e-09,0.999923498280972,0.999999989686377
"COX6B1",3.19042767765406e-13,-1.00978959266929,9.09064579141076e-09,0.999923925793879,0.999999989686377
"GAPDH",3.17945974135828e-13,-1.01066008361608,9.02825024335303e-09,0.999924187319019,0.999999989686377
"TIMM10",3.1703496854447e-13,-1.01138538347631,8.97658735755199e-09,0.999924404543899,0.999999989686377
"ARPC5L",3.13422044892616e-13,-1.01428228580377,8.77315914073633e-09,0.999925266028081,0.999999989686377
"CAMP",3.08403742883733e-13,-1.01836137584043,8.494468457228e-09,0.999926462617939,0.999999989686377
"PSMC6",3.05263105209315e-13,-1.02094778618852,8.32234208087028e-09,0.999927211487813,0.999999989686377
"CD8B",3.04156185835068e-13,-1.02186565071835,8.26209595646873e-09,0.999927475427388,0.999999989686377
"BLVRB",3.02397189045076e-13,-1.02333104690103,8.16680953916247e-09,0.99992789485167,0.999999989686377
"HIST1H4H",3.00627613256209e-13,-1.02481379607264,8.07150770251967e-09,0.999928316798464,0.999999989686377
"DPY30",2.99738543014197e-13,-1.02556202319207,8.02383725771529e-09,0.999928528792966,0.999999989686377
"ERGIC2",2.99146606842217e-13,-1.02606140647231,7.9921769339569e-09,0.999928669937285,0.999999989686377
"CDK2",2.98055472230545e-13,-1.02698450442073,7.93398047357147e-09,0.99992893011306,0.999999989686377
"NDUFS4",2.96376505729456e-13,-1.02841146206065,7.84484694007823e-09,0.999929330454507,0.999999989686377
"EPRS",2.95814313392332e-13,-1.02889105969873,7.81511361222732e-09,0.999929464506553,0.999999989686377
"CNOT1",2.94156998621075e-13,-1.03031015827302,7.7277897726797e-09,0.999929859685249,0.999999989686377
"HADHB",2.89536122408068e-13,-1.03430904883082,7.48690694684933e-09,0.999930961510848,0.999999989686377
"FAM136A",2.89363927569833e-13,-1.03445928397231,7.47800426930363e-09,0.999931002569875,0.999999989686377
"SEP15",2.81636973088611e-13,-1.04129356643059,7.08396266838925e-09,0.999932845024825,0.999999989686377
"DGUOK",2.81532772225368e-13,-1.04138699231542,7.07872174803163e-09,0.999932869871017,0.999999989686377
"FCGRT",2.80786010220266e-13,-1.04205753822,7.04121911754474e-09,0.999933047932808,0.999999989686377
"UBE2G1",2.7994571348939e-13,-1.04281418679711,6.99913824571688e-09,0.999933248297502,0.999999989686377
"MRPS34",2.79327872434596e-13,-1.04337196002126,6.96827809808208e-09,0.999933395618716,0.999999989686377
"TLE4",2.76153095462172e-13,-1.04625748041817,6.81077854243037e-09,0.99993415262894,0.999999989686377
"LAPTM4A",2.76042552714303e-13,-1.04635854219899,6.80532699037441e-09,0.999934178987324,0.999999989686377
"SETD2",2.75164411414457e-13,-1.04716279381623,6.76209790702889e-09,0.999934388375873,0.999999989686377
"RNPS1",2.72132666104838e-13,-1.04995910106473,6.61390999762892e-09,0.999935111280889,0.999999989686377
"FBXL5",2.70744848598406e-13,-1.05124944985419,6.5466230010837e-09,0.999935442199266,0.999999989686377
"TMEM160",2.69226161201317e-13,-1.05266900221085,6.47338512173638e-09,0.999935804322936,0.999999989686377
"PLSCR1",2.6843762039045e-13,-1.05340919939099,6.43552065148706e-09,0.999935992346681,0.999999989686377
"UBE2D2",2.63212417472305e-13,-1.05836913358956,6.18742112375176e-09,0.999937238271063,0.999999989686377
"CLK1",2.6308080248281e-13,-1.05849532168654,6.18123483686536e-09,0.999937269654021,0.999999989686377
"DHX36",2.60806762547413e-13,-1.06068552065879,6.07483692489147e-09,0.999937811887853,0.999999989686377
"HMGN3",2.60038461900676e-13,-1.06142976988212,6.03909838436501e-09,0.999937995085428,0.999999989686377
"PCM1",2.6003556243665e-13,-1.06143258270047,6.03896371158803e-09,0.999937995776792,0.999999989686377
"ANXA2",2.58747303567758e-13,-1.06268542588847,5.97927589495384e-09,0.999938302955893,0.999999989686377
"PDCD2",2.46218669702983e-13,-1.07520214119402,5.41425727520587e-09,0.999941290348086,0.999999989686377
"DNTTIP2",2.43503182641109e-13,-1.07799809728368,5.29549072298323e-09,0.999941937842852,0.999999989686377
"NDUFA2",2.42765232600176e-13,-1.07876325008163,5.2634427954078e-09,0.999942113803473,0.999999989686377
"AAK1",2.41201605316499e-13,-1.08039215390109,5.19585850291526e-09,0.999942486642841,0.999999989686377
"PIN4",2.35700019486821e-13,-1.08620769935565,4.96153620237666e-09,0.999943798469393,0.999999989686377
"SERPINB6",2.33021672562173e-13,-1.08908770677402,4.84941730690237e-09,0.999944437108273,0.999999989686377
"MYO1F",2.26776506990964e-13,-1.09593244162931,4.59296410129545e-09,0.999945926237821,0.999999989686377
"PAPOLA",2.22794672663272e-13,-1.10039466941472,4.43308983053813e-09,0.999946875686973,0.999999989686377
"C1D",2.20832918764206e-13,-1.10262221567677,4.3553649610534e-09,0.999947343457709,0.999999989686377
"RWDD1",2.20726409705058e-13,-1.10274371536007,4.35116473620138e-09,0.999947368854279,0.999999989686377
"UQCRFS1",2.1840432284649e-13,-1.10540715152822,4.26009601868331e-09,0.999947922544668,0.999999989686377
"MPC2",2.16213336569202e-13,-1.10794604617806,4.17505196483102e-09,0.999948444974757,0.999999989686377
"TFG",2.15388429520541e-13,-1.10890854635526,4.14325503742072e-09,0.999948641669856,0.999999989686377
"RANBP2",2.13558570966711e-13,-1.11105671391312,4.07315502684297e-09,0.999949077990785,0.999999989686377
"SHFM1",2.09621449287653e-13,-1.11574116658083,3.92435571598055e-09,0.999950016778422,0.999999989686377
"MDM4",2.07786195800522e-13,-1.11795462586518,3.85594039248209e-09,0.999950454385746,0.999999989686377
"UBL5",1.99803597889415e-13,-1.12781300024161,3.56536122023331e-09,0.99995235779764,0.999999989686377
"TMEM123",1.97642762211471e-13,-1.13054869427705,3.48866089709288e-09,0.999952873038464,0.999999989686377
"LRRFIP1",1.90543396607599e-13,-1.13974990127796,3.24253545120989e-09,0.999954565847883,0.999999989686377
"VCAN",1.90331985139024e-13,-1.1400290789192,3.23534413520309e-09,0.999954616257926,0.999999989686377
"ETNK1",1.89758408193992e-13,-1.14078806025847,3.21587370679944e-09,0.999954753024576,0.999999989686377
"LSM3",1.88125448732234e-13,-1.14296136384251,3.16076367385826e-09,0.999955142395868,0.999999989686377
"NMI",1.87781604381176e-13,-1.14342136551051,3.14922012631548e-09,0.999955224383892,0.999999989686377
"TTC14",1.86588729106651e-13,-1.14502370714647,3.10933661458595e-09,0.999955508819236,0.999999989686377
"ZMYM2",1.85822399588147e-13,-1.14605844600028,3.08384865130585e-09,0.999955691546807,0.999999989686377
"PSMA3-AS1",1.79957703193836e-13,-1.15412004633524,2.89226319413779e-09,0.999957089955319,0.999999989686377
"PHF3",1.74083183001051e-13,-1.16246022939989,2.70651579225606e-09,0.999958490706269,0.999999989686377
"PQBP1",1.73407796151845e-13,-1.1634368947058,2.68555570614478e-09,0.999958651749,0.999999989686377
"NDUFB10",1.72992700788429e-13,-1.16403902721226,2.67271398259329e-09,0.999958750726483,0.999999989686377
"TMEM14C",1.72515558850716e-13,-1.16473293331765,2.65799075750473e-09,0.999958864498672,0.999999989686377
"EDF1",1.7245831310628e-13,-1.16481631325411,2.65622705091191e-09,0.999958878148643,0.999999989686377
"PDCD6",1.7112877252609e-13,-1.1667605714638,2.61542938128405e-09,0.999959195171169,0.999999989686377
"ATP6V0A2",1.6826222357749e-13,-1.17100386270102,2.52854202037222e-09,0.999959878685913,0.999999989686377
"SNX2",1.65417801789118e-13,-1.17528573781311,2.44377612880907e-09,0.999960556924542,0.999999989686377
"SCAF11",1.65010730388331e-13,-1.17590448116368,2.43176330629524e-09,0.99996065398875,0.999999989686377
"MGAT4A",1.56396113660818e-13,-1.18936557173533,2.18448386650438e-09,0.999962708102478,0.999999989686377
"CTSB",1.53764420893198e-13,-1.19362450671308,2.11158535659453e-09,0.9999633356169,0.999999989686377
"ENG",1.50520899189673e-13,-1.1989739792843,2.02344095437456e-09,0.999964109018975,0.999999989686377
"ETHE1",1.49110316512813e-13,-1.2013361245265,1.98569394663949e-09,0.999964445365598,0.999999989686377
"AHNAK",1.45501707294346e-13,-1.20748122928036,1.89074563438273e-09,0.999965305821027,0.999999989686377
"SREK1",1.43796170102248e-13,-1.21043829025934,1.84667966084777e-09,0.999965712498128,0.999999989686377
"CIRBP",1.38002939062203e-13,-1.22074848141315,1.7008797049747e-09,0.999967093866073,0.999999989686377
"CDC37",1.34074546268374e-13,-1.22798658201019,1.60542343973973e-09,0.999968030572351,0.999999989686377
"CRHBP",1.33248552013247e-13,-1.22953517699412,1.58570327945936e-09,0.999968227526689,0.999999989686377
"CD2",1.331098515474e-13,-1.2297961477146,1.58240383174416e-09,0.999968260599145,0.999999989686377
"JPX",1.31790475032626e-13,-1.23229215678642,1.55118992196905e-09,0.999968575198099,0.999999989686377
"TPGS2",1.24983583059946e-13,-1.24557585104694,1.3950920685854e-09,0.999970198268595,0.999999989686377
"STK17B",1.22127041705515e-13,-1.25136510108013,1.33205023122673e-09,0.999970879397077,0.999999989686377
"TFRC",1.21283696493391e-13,-1.25309992712297,1.31371687213947e-09,0.999971080488667,0.999999989686377
"SMC5",1.16955466710309e-13,-1.26219569647242,1.22162519296598e-09,0.999972112534143,0.999999989686377
"ATRAID",1.09497515726424e-13,-1.27868000975802,1.07079284305663e-09,0.999973890846514,0.999999989686377
"RNF149",1.06982312737037e-13,-1.28449104748026,1.02216473160745e-09,0.999974490584512,0.999999989686377
"CPA3",1.06794020460265e-13,-1.28493149807372,1.01856981303206e-09,0.999974535481896,0.999999989686377
"CHMP5",1.04232461496248e-13,-1.29100104583973,9.702930387772e-10,0.999975146273252,0.999999989686377
"TMEM59",1.04091263320819e-13,-1.29133989179233,9.67666010517696e-10,0.999975179941274,0.999999989686377
"PLEKHJ1",1.03386311668203e-13,-1.29303846397306,9.54603476814538e-10,0.999975348033589,0.999999989686377
"FOXN3",1.00557436447371e-13,-1.29997192920176,9.0307810720149e-10,0.999976022565215,0.999999989686377
"CYBB",9.85433403641624e-14,-1.30502711186885,8.67264334984161e-10,0.999976502816693,0.999999989686377
"EIF2AK4",9.64216162873573e-14,-1.31046428310326,8.30320464767124e-10,0.999977008731546,0.999999989686377
"STUB1",9.53198232094933e-14,-1.31333466750211,8.11453025931563e-10,0.999977271448781,0.999999989686377
"SMARCE1",9.42015294393153e-14,-1.31628182530534,7.92524753388844e-10,0.999977538100526,0.999999989686377
"MAZ",9.33084435011634e-14,-1.31866045260073,7.77568784598337e-10,0.999977751052552,0.999999989686377
"RSBN1",9.31268204282413e-14,-1.31914694088712,7.74544685567935e-10,0.999977794359696,0.999999989686377
"CHD4",9.20483022720624e-14,-1.32205530962826,7.56708292710263e-10,0.999978051527139,0.999999989686377
"ATP5H",8.7489386538045e-14,-1.33473367641619,6.83608840444743e-10,0.999979138578565,0.999999989686377
"POLR2A",8.71453211993358e-14,-1.33571690829595,6.78242621190051e-10,0.999979220619282,0.999999989686377
"ROMO1",8.11561378055153e-14,-1.35347698594015,5.88219841175849e-10,0.99998064871112,0.999999989686377
"NUDT5",7.75119150110128e-14,-1.36492997578874,5.36579233980977e-10,0.999981517658435,0.999999989686377
"CYTIP",7.67935626729288e-14,-1.36725039398471,5.2667967652251e-10,0.999981688946078,0.999999989686377
"KDM5A",6.59915980688253e-14,-1.40499957268635,3.88932485185631e-10,0.999984264622338,0.999999989686377
"DRAP1",5.86578292964088e-14,-1.43429571576224,3.07290336081432e-10,0.999986013324062,0.999999989686377
"MRPS16",5.54318997016747e-14,-1.44835025873114,2.74420437732175e-10,0.999986782531385,0.999999989686377
"TIA1",5.30127293200516e-14,-1.45943187549513,2.50990483954064e-10,0.999987359370872,0.999999989686377
"ZC3HAV1",5.23112335544836e-14,-1.46273900340337,2.44391923910913e-10,0.999987526639147,0.999999989686377
"MIER1",5.12756531553826e-14,-1.46770227225871,2.34811482262315e-10,0.999987773568289,0.999999989686377
"UBTF",4.50788695223209e-14,-1.4996503659605,1.81485929661812e-10,0.999989251161401,0.999999989686377
"PPHLN1",4.24270009850626e-14,-1.51467441225303,1.60761332007247e-10,0.999989883486639,0.999999989686377
"LGALS3",3.13877870709287e-14,-1.58921912169789,8.79869621124367e-11,0.999992515733851,0.999999989686377
"IL7R",3.08437776361822e-14,-1.59353695587961,8.49634335183746e-11,0.999992645450272,0.999999989686377
"SYNE2",3.08019544803314e-14,-1.59387202320943,8.47331744502448e-11,0.999992655422801,0.999999989686377
"SPOCK2",3.027343562165e-14,-1.59814551371116,8.18503136969962e-11,0.999992781445569,0.999999989686377
"CD3E",3.02503034536872e-14,-1.5983342385176,8.17252765616986e-11,0.999992786961323,0.999999989686377
"CCDC53",2.98666158877985e-14,-1.60148558298861,7.96652568770143e-11,0.999992878449769,0.999999989686377
"UTP18",2.93909146235941e-14,-1.60544878686239,7.71477261373043e-11,0.999992991878436,0.999999989686377
"LUC7L",2.88810914417304e-14,-1.60976739783462,7.44944865032255e-11,0.99999311344331,0.999999989686377
"NBPF14",2.80954108187051e-14,-1.61657279058442,7.04965236472319e-11,0.999993300785058,0.999999989686377
"GIMAP7",2.78488524272656e-14,-1.61874731023226,6.92646326693418e-11,0.999993359575715,0.999999989686377
"DARS",2.5919207682019e-14,-1.63645494724665,5.99984969537462e-11,0.99999381969018,0.999999989686377
"CHEK2",2.5068327846129e-14,-1.64468186103456,5.61238763767536e-11,0.999994022578365,0.999999989686377
"EAPP",2.31276204141839e-14,-1.66453042788194,4.77703946640912e-11,0.999994485330674,0.999999989686377
"RPAIN",2.1496596802017e-14,-1.68253130850771,4.12701786845774e-11,0.999994874240372,0.999999989686377
"MGST3",2.06190679689424e-14,-1.69278408851173,3.79695096189697e-11,0.999995083482882,0.999999989686377
"AP3S1",1.78943461987628e-14,-1.72761771585034,2.85975348776863e-11,0.999995733179621,0.999999989686377
"MS4A7",1.53059184031144e-14,-1.76596119303819,2.09226030329829e-11,0.999996350377721,0.999999989686377
"PIAS1",1.03893954046125e-14,-1.86078628037415,9.64000985898866e-12,0.999997522698871,0.999999989686377
"NDUFB1",6.57219314445647e-15,-1.97238838231659,3.85760329352876e-12,0.999998432892304,0.999999989686377
"SYNRG",5.99703101697115e-15,-1.99464637769662,3.21195548576038e-12,0.999998570036934,0.999999989686377
"HBM",5.36609566603548e-15,-2.02163582940236,2.57166118300593e-12,0.999998720480419,0.999999989686377
"TRA2A",4.95081753792266e-15,-2.04117325857172,2.18902524029813e-12,0.999998819501482,0.999999989686377
"NDUFA1",4.89743156911323e-15,-2.04380181384428,2.14207010660257e-12,0.999998832231109,0.999999989686377
"PDZD8",4.89521448742168e-15,-2.0439115884412,2.1401311027094e-12,0.999998832759761,0.999999989686377
"PDGFRB",4.63148604486264e-15,-2.05733380631876,1.91574476447706e-12,0.999998895644534,0.999999989686377
"MMP9",4.57957748459548e-15,-2.06006459297175,1.87304301297644e-12,0.999998908021879,0.999999989686377
"COL1A1",4.55504254402644e-15,-2.06136600063618,1.85302723731208e-12,0.999998913872117,0.999999989686377
"CDC25A",4.45977133340238e-15,-2.0664861338442,1.77632370290408e-12,0.999998936589077,0.999999989686377
"PRRC2C",4.42509981629252e-15,-2.06837639224425,1.74881178245672e-12,0.999998944856333,0.999999989686377
"BTF3L4",4.41301915573312e-15,-2.06903846461227,1.73927619501763e-12,0.999998947736908,0.999999989686377
"UFM1",4.40513616387688e-15,-2.06947145472053,1.73306799429996e-12,0.999998949616569,0.999999989686377
"SKAP1",4.09914911862066e-15,-2.0868998298395,1.50066710364808e-12,0.999999022577701,0.999999989686377
"NOS2",3.94722339965267e-15,-2.09603777111259,1.39149080589899e-12,0.999999058803655,0.999999989686377
"CLEC2D",3.82060635100955e-15,-2.10392353147364,1.30365151678032e-12,0.999999088994878,0.999999989686377
"DUSP2",3.77970485353974e-15,-2.10652626903908,1.27588844527552e-12,0.999999098747643,0.999999989686377
"PGR",3.48451754651639e-15,-2.12618094922495,1.08438184844241e-12,0.99999916913363,0.999999989686377
"ATP12A",3.42858196965634e-15,-2.13009053790142,1.04984697588084e-12,0.999999182471198,0.999999989686377
"GZMK",3.41087265025823e-15,-2.1313414915387,1.03902964109696e-12,0.999999186693899,0.999999989686377
"GNLY",3.39562513049476e-15,-2.13242371033939,1.02976091944879e-12,0.999999190329597,0.999999989686377
"CFTR",3.38057168854248e-15,-2.13349688391052,1.02065091158599e-12,0.999999193919017,0.999999989686377
"RBL2",3.35553997190633e-15,-2.13529193575788,1.00559188710973e-12,0.999999199887709,0.999999989686377
"LINC00861",3.28337644578755e-15,-2.14054203945844,9.62804883407536e-13,0.999999217094753,0.999999989686377
"PON1",3.27356026802587e-15,-2.14126500602454,9.57056571382134e-13,0.999999219435373,0.999999989686377
"CCR5",3.19673103424204e-15,-2.14699879119938,9.1266022169802e-13,0.999999237754933,0.999999989686377
"DHRS4",3.19572204789324e-15,-2.14707499625274,9.1208418551054e-13,0.999999237995521,0.999999989686377
"PRTN3",3.17738674690758e-15,-2.14846395946364,9.01648131846764e-13,0.999999242367485,0.999999989686377
"IGLV2-14",3.15936950040874e-15,-2.14983658019696,8.91451603059928e-13,0.99999924666361,0.999999989686377
"ESR1",3.15394671050083e-15,-2.15025122594347,8.88394027143323e-13,0.999999247956648,0.999999989686377
"SAMHD1",3.13252983384668e-15,-2.15189576367633,8.76369711651655e-13,0.999999253063399,0.999999989686377
"LEF1",3.12590396185012e-15,-2.15240679962872,8.72666268933097e-13,0.999999254643306,0.999999989686377
"MET",3.05486493808443e-15,-2.15795424389299,8.33452695712221e-13,0.999999271582218,0.999999989686377
"AVP",2.996377388053e-15,-2.16261825702962,8.01844121788536e-13,0.999999285528291,0.999999989686377
"IGKV3-11",2.94787173981493e-15,-2.16655516090358,7.76093587564432e-13,0.999999297094229,0.999999989686377
"PTBP1",2.84461544667828e-15,-2.17515389146036,7.22676704916992e-13,0.999999321715193,0.999999989686377
"KLRD1",2.71994225212377e-15,-2.18595770522701,6.60718237678043e-13,0.999999351442914,0.999999989686377
"CYP1A1",2.69532900886951e-15,-2.18814847331334,6.48814427640835e-13,0.999999357311823,0.999999989686377
"SHH",2.64801902066585e-15,-2.19241561696319,6.26237583773196e-13,0.999999368592661,0.999999989686377
"BAD",2.64331208668266e-15,-2.19284428140539,6.24013249910711e-13,0.999999369715006,0.999999989686377
"ANKRD44",2.55714466290553e-15,-2.20082808127857,5.839928406798e-13,0.999999390261212,0.999999989686377
"MT-CO1",2.54338195399784e-15,-2.20212787508776,5.77723586614055e-13,0.999999393542864,0.999999989686377
"ILF3-AS1",2.51371451577903e-15,-2.20495360768018,5.64324406879406e-13,0.999999400616921,0.999999989686377
"TTR",2.49374136957135e-15,-2.2068746462248,5.55392163646135e-13,0.999999405379421,0.999999989686377
"SH3KBP1",2.47199326133814e-15,-2.20898380270729,5.45747170563252e-13,0.999999410565153,0.999999989686377
"IGKC",2.45359206611892e-15,-2.21078276877834,5.37652469639892e-13,0.999999414952829,0.999999989686377
"USP48",2.45113689829509e-15,-2.21102380402594,5.36577012456376e-13,0.999999415538251,0.999999989686377
"EMC6",2.44579355822576e-15,-2.21154921178303,5.34240147159137e-13,0.999999416812345,0.999999989686377
"CCDC47",2.33410720513912e-15,-2.22279944117539,4.86562378941159e-13,0.999999443443416,0.999999989686377
"KNG1",2.32767217249234e-15,-2.22346378485215,4.83883214326321e-13,0.999999444977819,0.999999989686377
"PPARG",2.31098835192783e-15,-2.22519470346374,4.76971511957122e-13,0.999999448955995,0.999999989686377
"FIS1",2.29072358215287e-15,-2.22731385555784,4.68643179941672e-13,0.999999453788031,0.999999989686377
"IGFBP3",2.25758936336199e-15,-2.23081911638888,4.55183832571057e-13,0.999999461688726,0.999999989686377
"EGFR",2.25388607970803e-15,-2.23121404581914,4.53691716858477e-13,0.999999462571756,0.999999989686377
"TEK",2.25194941768446e-15,-2.23142083323915,4.52912378421291e-13,0.999999463033544,0.999999989686377
"DEFA3",2.24938090687676e-15,-2.23169535817255,4.5187980911925e-13,0.999999463645993,0.999999989686377
"MON2",2.23940248697013e-15,-2.23276481419905,4.47879557105656e-13,0.999999466025299,0.999999989686377
"IDO1",2.23538723048293e-15,-2.23319648860775,4.46274897753417e-13,0.999999466982717,0.999999989686377
"KLF1",2.21429362733374e-15,-2.23547691562148,4.37892339847857e-13,0.999999472012385,0.999999989686377
"DNAJC8",2.21181364985654e-15,-2.23574643737158,4.36912022698227e-13,0.999999472603724,0.999999989686377
"EREG",2.17882905966661e-15,-2.23935990394996,4.23977925568165e-13,0.99999948046874,0.999999989686377
"DEFA4",2.12731957064493e-15,-2.24511254339421,4.0416844056289e-13,0.999999492750928,0.999999989686377
"GPATCH8",2.07254387599676e-15,-2.25138325544187,3.8362278554252e-13,0.999999505811928,0.999999989686377
"MS4A1",2.04747923247995e-15,-2.25430756669927,3.74400084907379e-13,0.999999511788471,0.999999989686377
"F8",2.02170996511363e-15,-2.25735127041105,3.65035104305452e-13,0.999999517933029,0.999999989686377
"GZMA",1.9926460383366e-15,-2.26083055031639,3.54615119092899e-13,0.999999524863181,0.999999989686377
"C1QA",1.94332382414676e-15,-2.26685158258471,3.37277428153452e-13,0.999999536623825,0.999999989686377
"LTF",1.93903645495956e-15,-2.26738209232607,3.35790864037708e-13,0.999999537646127,0.999999989686377
"HBD",1.91442179647834e-15,-2.27045051110622,3.27319732988277e-13,0.999999543515374,0.999999989686377
"RNF5",1.90734420512869e-15,-2.27134002274655,3.24904013494904e-13,0.999999545202991,0.999999989686377
"AR",1.86148472222374e-15,-2.27718405981802,3.09468093965915e-13,0.999999556137963,0.999999989686377
"MTRNR2L12",1.83466631051341e-15,-2.28066803713423,3.00615313582605e-13,0.999999562532684,0.999999989686377
"ABL1",1.82292604404738e-15,-2.28220910938151,2.96780271068794e-13,0.999999565332094,0.999999989686377
"SESN3",1.73635973139242e-15,-2.29388502280423,2.69262788151166e-13,0.999999585973413,0.999999989686377
"ANKRD36B",1.65901538706577e-15,-2.30481527768204,2.45808986302362e-13,0.999999604415798,0.999999989686377
"KDR",1.65447554938589e-15,-2.30547242714631,2.4446553156282e-13,0.9999996054983,0.999999989686377
"PRPF38B",1.63973544862004e-15,-2.30761845758701,2.40128937279688e-13,0.999999609013006,0.999999989686377
"CTSK",1.62829857408265e-15,-2.30929676624233,2.36790902527025e-13,0.999999611740074,0.999999989686377
"CCL4",1.57363660540652e-15,-2.3174828233107,2.21159615694585e-13,0.999999624773956,0.999999989686377
"NOD2",1.54801903600459e-15,-2.32141662640019,2.14017615753153e-13,0.999999630882341,0.999999989686377
"PARP8",1.54387032766878e-15,-2.32205975474152,2.12872013716791e-13,0.999999631871581,0.999999989686377
"NFKB1",1.44000245588952e-15,-2.33874481009475,1.85192499487255e-13,0.999999656638373,0.999999989686377
"LCK",1.43302073330302e-15,-2.3399087044581,1.8340107441769e-13,0.999999658303131,0.999999989686377
"CXCL12",1.38097495168168e-15,-2.34876617901164,1.70321130255562e-13,0.999999670713196,0.999999989686377
"JCHAIN",1.377239902171e-15,-2.34941448571129,1.69401059167688e-13,0.999999671603801,0.999999989686377
"ALPL",1.37553799517757e-15,-2.34971046962272,1.68982647368433e-13,0.999999672009612,0.999999989686377
"RP11-290D2.6",1.35901019568171e-15,-2.35260387429946,1.64946216258989e-13,0.999999675950586,0.999999989686377
"ALK",1.30088790498781e-15,-2.36306311154606,1.51139046984678e-13,0.999999689809565,0.999999989686377
"ARG1",1.27480626141921e-15,-2.36790784207463,1.4513939336766e-13,0.999999696028607,0.999999989686377
"AZU1",1.26480728976445e-15,-2.36979124363767,1.42871514257186e-13,0.999999698412814,0.999999989686377
"MBD4",1.25890956196336e-15,-2.3709090603357,1.41542216475572e-13,0.999999699819099,0.999999989686377
"GIMAP4",1.19064102939669e-15,-2.38423939328517,1.26607261797871e-13,0.9999997160974,0.999999989686377
"USP3",1.14830140952427e-15,-2.392892445613,1.17762962799512e-13,0.999999726193078,0.999999989686377
"CXCR2",1.12379282081871e-15,-2.39804684035518,1.12789698153435e-13,0.999999732037033,0.999999989686377
"LMO4",1.12012979907537e-15,-2.39882675464716,1.12055616617077e-13,0.999999732910462,0.999999989686377
"XDH",1.05412876949267e-15,-2.41332945075675,9.92394298292127e-14,0.999999748648089,0.999999989686377
"IL2",1.0500498138278e-15,-2.4142550058419,9.84729009731197e-14,0.999999749620696,0.999999989686377
"NBEAL1",1.04858719850746e-15,-2.41458775482873,9.81987660447386e-14,0.99999974996945,0.999999989686377
"MAP2K1",1.03742125645856e-15,-2.41714328512773,9.61185503839079e-14,0.999999752631915,0.999999989686377
"C9orf78",1.01595309532646e-15,-2.42213409926647,9.21816003127851e-14,0.999999757750894,0.999999989686377
"TRAC",9.85608507495122e-16,-2.42936950771304,8.67572574625286e-14,0.999999764986414,0.999999989686377
"GYPA",9.54531185004217e-16,-2.43701190627802,8.13724085424269e-14,0.999999772396652,0.999999989686377
"UQCRHL",9.1569828396231e-16,-2.4469154218195,7.48861887723443e-14,0.999999781656169,0.999999989686377
"APOB",8.61066019989433e-16,-2.46157610929892,6.62170501741529e-14,0.999999794682969,0.999999989686377
"ALOX5AP",8.11803671909854e-16,-2.47560795640909,5.88571122870019e-14,0.999999806429337,0.999999989686377
"RASSF5",7.57730768328009e-16,-2.49201533252823,5.12774916718537e-14,0.99999981932276,0.999999989686377
"IGHG1",7.34123656403002e-16,-2.49954528808079,4.81321615539075e-14,0.999999824951762,0.999999989686377
"ACHE",6.58207166842874e-16,-2.52549653999479,3.8692085720117e-14,0.999999843053682,0.999999989686377
"IGKV1-5",6.45186966690008e-16,-2.53024343171085,3.71764656413381e-14,0.999999846158286,0.999999989686377
"HLF",6.26168569845732e-16,-2.53735039055011,3.50170420002053e-14,0.99999985069313,0.999999989686377
"C5AR1",6.12572325122135e-16,-2.54256339024179,3.35128738932003e-14,0.999999853935089,0.999999989686377
"C1QB",6.09676583796749e-16,-2.54368844759292,3.31967798220761e-14,0.999999854625565,0.999999989686377
"CYP3A4",5.82417676322337e-16,-2.55454614121007,3.02946557862714e-14,0.99999986112532,0.999999989686377
"PLAT",5.75937920664199e-16,-2.55720112292802,2.96243121995834e-14,0.999999862670386,0.999999989686377
"IGKV4-1",5.7384544332275e-16,-2.55806480373562,2.94094432245121e-14,0.999999863169327,0.999999989686377
"PLG",4.44259173520894e-16,-2.61872061341916,1.76266481842058e-14,0.999999894068547,0.999999989686377
"ATM",4.33453639226567e-16,-2.62454767577337,1.67796243872164e-14,0.999999896645074,0.999999989686377
"ZFC3H1",4.23209165638641e-16,-2.63020653438615,1.5995840221159e-14,0.99999989908782,0.999999989686377
"TLR9",4.20377464768427e-16,-2.63179464642039,1.57824993863367e-14,0.999999899763025,0.999999989686377
"ETS1",4.11726580549938e-16,-2.63671278252707,1.51396117693814e-14,0.999999901825786,0.999999989686377
"CD79A",4.09598437532021e-16,-2.63793833609114,1.49835082155741e-14,0.999999902333232,0.999999989686377
"FCGR3A",3.93036286408256e-16,-2.64769732978208,1.37962870917151e-14,0.999999906282397,0.999999989686377
"CLC",3.80249054776426e-16,-2.65551467550151,1.29131802743082e-14,0.99999990933145,0.999999989686377
"BOD1L1",3.78274669868844e-16,-2.65674484058606,1.27794290028355e-14,0.999999909802233,0.999999989686377
"ELANE",2.8854363147928e-16,-2.72064138857168,7.43566669766058e-15,0.999999931198165,0.999999989686377
"ZMAT2",2.83767758851928e-16,-2.72457422116864,7.19155867500744e-15,0.999999932336949,0.999999989686377
"S100A8",2.64661926726632e-16,-2.74099175960608,6.25575695396563e-15,0.999999936892643,0.999999989686377
"EHMT1",2.62663667939436e-16,-2.74277616784991,6.16164874455172e-15,0.999999937369118,0.999999989686377
"PSMD5-AS1",1.97596300258309e-16,-2.80969723285437,3.48702085780899e-15,0.999999952884117,0.999999989686377
"ABCB1",1.5216159441936e-16,-2.87095746778295,2.06779284588776e-15,0.999999963717803,0.999999989686377
"CD164",1.41726444337412e-16,-2.88758678630458,1.79390198695224e-15,0.999999966206014,0.999999989686377
"S100A12",1.17717581732452e-16,-2.93097676813113,1.23759797865989e-15,0.999999971930811,0.999999989686377
"VEGFA",1.16805624407016e-16,-2.93279306857857,1.21849692754873e-15,0.999999972148263,0.999999989686377
"F2",1.05889665395047e-16,-2.95569466259837,1.00139191259601e-15,0.999999974751121,0.999999989686377
"SHISA5",5.50192062147571e-17,-3.10794334654282,2.70349498577364e-16,0.999999986880936,0.999999989686377
"FLT1",5.49763947123221e-17,-3.1081237690103,2.69928933977832e-16,0.999999986891144,0.999999989686377
"F10",4.32536457717202e-17,-3.16364285163084,1.67086886406209e-16,0.999999989686377,0.999999989686377
