"gene","distance","Z","FC","p.value","p.adj"
"CD38",7.50839614515099e-05,6.9233982353332,524006.315640054,0,0
"PRSS57",4.57146045915666e-06,4.02249109319986,1942.46007282725,0,0
"SMIM24",1.07828978197639e-06,2.89110907781281,108.071989099525,2.59190835373673e-25,2.59190835373673e-22
"GYPC",5.66527321587347e-07,2.45155775954853,29.8321039483328,4.71125601852427e-08,3.5334420138932e-05
"CDCA7",5.27217030288105e-07,2.40469230416315,25.8357471942887,3.71739539133155e-07,0.000223043723479893
"RPS18",4.74274945707422e-07,2.33651915912529,20.9075204991838,4.8199854050768e-06,0.0024099927025384
"C1orf228",4.66466482825689e-07,2.32590960358099,20.2247449103768,6.8856478642471e-06,0.00295099194182019
"CD34",4.42090548649356e-07,2.2917651373679,18.1662223663578,2.02437593358877e-05,0.00759140975095787
"SPINK2",4.37911212626443e-07,2.28574719316468,17.8243744029284,2.42259890063617e-05,0.00807532966878723
"RPS6",4.07393615071939e-07,2.24022335379549,15.4266136011257,8.57717930536565e-05,0.0251142679891282
"IMPDH2",4.05617719825124e-07,2.2374838728671,15.2924124903001,9.20856492934701e-05,0.0251142679891282
"ZFP36L2",3.91343570872631e-07,2.21507753400624,14.2350360796024,0.000161338540339483,0.0403346350848707
"BST2",3.7925685417552e-07,2.19554191141629,13.3693114918948,0.000255775235192177,0.0590250542751177
"LCP1",3.76098734964656e-07,2.19034830447309,13.1475826790186,0.000287890417566744,0.0616908037643022
"C1QTNF4",3.54412080597635e-07,2.15362265026583,11.6750620982195,0.000633434264376496,0.126686852875299
"ICAM3",3.45956901013054e-07,2.13877247501568,11.1246450143629,0.000851881786408451,0.159727834951585
"FABP5",3.39537004184794e-07,2.12728459156387,10.7155974492757,0.00106236148999602,0.187475557058121
"RPL18A",3.3248647906276e-07,2.1144484763393,10.2751966697599,0.00134830500727965,0.224717501213276
"IGFBP7",3.25895679294316e-07,2.10223339101297,9.8718687036066,0.00167824968832322,0.25775223204729
"RPS21",3.25177901691284e-07,2.1008901506101,9.8284314717313,0.0017183482136486,0.25775223204729
"EEF1B2",2.98243787670457e-07,2.04852024706277,8.26770510537882,0.00403564854186183,0.545066590563366
"RPS19",2.97138432214459e-07,2.04628437589081,8.20653489339463,0.00417397850445698,0.545066590563366
"RPS3A",2.96423107318175e-07,2.04483358458542,8.16706997051704,0.00426577618151456,0.545066590563366
"SELL",2.95364875700856e-07,2.04268172943384,8.10886111769108,0.00440493931768883,0.545066590563366
"RPS5",2.94350230381858e-07,2.04061219758311,8.05324525551825,0.00454222158802805,0.545066590563366
"FKBP4",2.87812721669301e-07,2.0271271060393,7.69949316901667,0.00552363334834439,0.637342309424353
"RPS28",2.81578230596023e-07,2.01401651646155,7.3695389130406,0.00663379413304492,0.726860178177848
"RPL10A",2.80808033029951e-07,2.0123793766936,7.32927842718438,0.00678402832965991,0.726860178177848
"RPL36",2.7580009022709e-07,2.00163815214941,7.07018817988259,0.00783770232531736,0.81079679227421
"RPL12",2.72435694697246e-07,1.99432639078373,6.898746429412,0.00862562104481977,0.862562104481977
"RPL3",2.70130702366479e-07,1.98927153053283,6.78250403612321,0.00920556594165535,0.890861220160195
"ZFAS1",2.66381789799922e-07,1.98096943880845,6.59555324143214,0.0102233782891132,0.958441714604362
"RBPMS2",2.57748556712154e-07,1.96145739224837,6.17496712028104,0.0129570318912674,0.99999999971548
"CCND1",2.55389864314566e-07,1.95602766317991,6.06246829021233,0.0138084556217272,0.99999999971548
"RPL7",2.54992769910904e-07,1.95510926181809,6.04363041911218,0.013956555287946,0.99999999971548
"NPM1",2.51344171745522e-07,1.94661203248696,5.87191558494447,0.0153843026609042,0.99999999971548
"HPSE",2.50774816922526e-07,1.94527639513462,5.84534312172368,0.0156183281884744,0.99999999971548
"TGFB1I1",2.50396696254916e-07,1.94438791154635,5.82772908251201,0.0157754750577725,0.99999999971548
"RPS14",2.47611109280905e-07,1.93780630867426,5.69878689376049,0.0169766426569843,0.99999999971548
"RPS23",2.46724841861772e-07,1.93569878650719,5.65806488944861,0.0173752832838003,0.99999999971548
"RPS3",2.44754941507815e-07,1.93099072423055,5.56807533911828,0.0182908550707118,0.99999999971548
"RPL13",2.4337550920699e-07,1.92767421902576,5.50548915732056,0.0189568772124003,0.99999999971548
"CDK6",2.39658213592163e-07,1.91865479756209,5.33859285430704,0.0208583034419017,0.99999999971548
"ITM2C",2.38843380392872e-07,1.91666148699969,5.30235234690764,0.021296644436602,0.99999999971548
"RPL34",2.37330694010294e-07,1.91294529563226,5.23540138687465,0.0221317010926426,0.99999999971548
"HSH2D",2.2857783441169e-07,1.89102870990014,4.85635462779088,0.0275444761822841,0.99999999971548
"RPL22L1",2.24987022109905e-07,1.88182579845177,4.70497261809646,0.030075480991337,0.99999999971548
"MANF",2.19938975136238e-07,1.86866965740287,4.49620971129489,0.0339700706297176,0.99999999971548
"CALD1",2.14379312448529e-07,1.85387265788683,4.27177050471168,0.0387505345870303,0.99999999971548
"RP11-620J15.3",2.13521642257084e-07,1.85156032529755,4.23765861828501,0.0395366560812271,0.99999999971548
"RPS9",2.13353841578115e-07,1.85110697940652,4.23100072097624,0.0396920314413036,0.99999999971548
"GSN",2.12264209791121e-07,1.84815555990584,4.1878942997521,0.0407136373485067,0.99999999971548
"TTK",2.08917525087583e-07,1.83900745807033,4.05687764899808,0.0439917700372199,0.99999999971548
"RPL26",2.08214501867337e-07,1.83706956981632,4.02962018979722,0.0447080049554406,0.99999999971548
"EIF3E",2.05623746519354e-07,1.82987864701629,3.92996516631607,0.0474329268106386,0.99999999971548
"KCNAB2",2.01349474037399e-07,1.81784081645311,3.76827999061879,0.0522333188797056,0.99999999971548
"BANK1",2.00805606274494e-07,1.81629319132712,3.74795038086699,0.0528723072917715,0.99999999971548
"RPL29",1.97382223627392e-07,1.8064670800364,3.62124776174624,0.0570460734200646,0.99999999971548
"FHL2",1.96764230045438e-07,1.80467748147842,3.59860737957626,0.0578279944623286,0.99999999971548
"DAAM1",1.95774779118096e-07,1.80180200234033,3.56250637832926,0.0590984414442809,0.99999999971548
"GOLGB1",1.95165365073024e-07,1.80002466506637,3.54036192858446,0.0598923910605103,0.99999999971548
"RPL14",1.91089677951318e-07,1.78801237582722,3.39403738938705,0.0654325455110629,0.99999999971548
"EIF4B",1.91042559748226e-07,1.78787220598907,3.39236381676538,0.0654989849161575,0.99999999971548
"RSU1",1.90753239049465e-07,1.78701085892735,3.38209659799773,0.0659081642716324,0.99999999971548
"RPS25",1.90343152246888e-07,1.78578802573654,3.36757037206464,0.0664917473324853,0.99999999971548
"PGF",1.89793329511863e-07,1.784144914428,3.34814343156477,0.0672808567028705,0.99999999971548
"EEF1A1",1.89295761809083e-07,1.78265439114923,3.33061126310078,0.0680015972788107,0.99999999971548
"PYCARD",1.88672180390744e-07,1.78078155925905,3.30870389039105,0.0689138250829708,0.99999999971548
"CNN2",1.85445593404915e-07,1.77100411316686,3.19650362492663,0.073795878862452,0.99999999971548
"RPL37",1.84185197942144e-07,1.76714453548555,3.15320070933248,0.0757781881398489,0.99999999971548
"FCER1G",1.83585776488062e-07,1.76530092232957,3.13271024034915,0.0767360710506626,0.99999999971548
"PLEK",1.82358401277678e-07,1.76150954452841,3.09096236725617,0.0787282336208868,0.99999999971548
"SPX",1.81566016591718e-07,1.75905004988046,3.06415899520075,0.0800365680468364,0.99999999971548
"RPL7A",1.80254937895936e-07,1.75495999215681,3.02006650361727,0.0822400936029245,0.99999999971548
"NASP",1.80204006193914e-07,1.75480058343098,3.0183600827198,0.0823266771790089,0.99999999971548
"RPL11",1.78487160860696e-07,1.74940404780817,2.96112082150847,0.0852888006884705,0.99999999971548
"CDKN2D",1.76745018895779e-07,1.74388164226015,2.90359828767186,0.088382058212106,0.99999999971548
"RPL31",1.76234867392272e-07,1.74225555361341,2.88686076049921,0.0893047812306643,0.99999999971548
"THBS1",1.75156204909945e-07,1.73880383198642,2.85163028846571,0.0912813298303693,0.99999999971548
"CSF3R",1.7512340115684e-07,1.73869857051302,2.85056226559584,0.0913419862815099,0.99999999971548
"LAT",1.7503047714597e-07,1.73840030057273,2.84753793646154,0.0915139852303364,0.99999999971548
"VWF",1.74652259811546e-07,1.73718486552818,2.83524493912569,0.0922167393938642,0.99999999971548
"CD9",1.73773254307481e-07,1.73435123502615,2.80677780750785,0.0938667402418305,0.99999999971548
"UHRF1",1.72797830148745e-07,1.73119214976892,2.7753562290241,0.0957253568630804,0.99999999971548
"SBDS",1.71377244940031e-07,1.72656347102068,2.72991094002592,0.0984847766613085,0.99999999971548
"RPL32",1.705787807618e-07,1.72394717172866,2.70453232819201,0.100063421589312,0.99999999971548
"RPS15",1.70281479864713e-07,1.72297029411744,2.69511311218141,0.100656345559199,0.99999999971548
"CTSW",1.70197727417666e-07,1.72269483070609,2.69246259718752,0.100823882316014,0.99999999971548
"PDLIM1",1.69844902259105e-07,1.72153308574266,2.68131105127593,0.10153210789841,0.99999999971548
"RPS29",1.6978782739998e-07,1.72134495852082,2.67950929290237,0.10164704555665,0.99999999971548
"PDLIM7",1.68604799462305e-07,1.71743308194613,2.64229943103403,0.104052843093467,0.99999999971548
"FBL",1.67116792320701e-07,1.71247869648693,2.5958664619897,0.107142830616803,0.99999999971548
"PDIA6",1.66914516221508e-07,1.71180224926492,2.5895862556927,0.107568431631474,0.99999999971548
"RPLP0",1.66047591368725e-07,1.70889499691212,2.56275639420767,0.109407677913187,0.99999999971548
"RPL9",1.65788461009889e-07,1.70802343420751,2.55476386871855,0.109962242652627,0.99999999971548
"PPP1R14A",1.65495503183001e-07,1.70703666743515,2.5457430140717,0.110591874095445,0.99999999971548
"PLAC8",1.65059087437294e-07,1.70556387144131,2.53233434200304,0.111535104444327,0.99999999971548
"CSRP1",1.64374216869834e-07,1.70324575819965,2.51136338883819,0.113028107480552,0.99999999971548
"CD151",1.63383384104626e-07,1.69987712597453,2.48117810270609,0.11521592261876,0.99999999971548
"TPM1",1.63071036113788e-07,1.69881152145682,2.47170039228311,0.115912466762846,0.99999999971548
"RRBP1",1.60922587886235e-07,1.69143340053414,2.40700050536567,0.120793618195679,0.99999999971548
"RPS24",1.60329304940495e-07,1.68938087554514,2.38928515585838,0.122169482214675,0.99999999971548
"RPS16",1.60047248923938e-07,1.68840275492167,2.3808859493549,0.122827870889527,0.99999999971548
"RPN1",1.58400914498629e-07,1.68266345471967,2.33215566189228,0.12672627694141,0.99999999971548
"SH3BP5",1.58116941550469e-07,1.68166825161835,2.32380122176676,0.127408340121762,0.99999999971548
"CCND3",1.58054363343412e-07,1.68144873286445,2.32196219634462,0.127559027519964,0.99999999971548
"CMAS",1.57791910863053e-07,1.68052724878521,2.31425726798481,0.128192519605363,0.99999999971548
"SELK",1.57754807453405e-07,1.68039686927018,2.31316904059023,0.128282274583941,0.99999999971548
"RPL30",1.57339343364251e-07,1.67893512484123,2.30100113033571,0.129290641817213,0.99999999971548
"LRPPRC",1.56075247632297e-07,1.67446686199353,2.2641762502394,0.132396594125092,0.99999999971548
"TNFSF13B",1.55306972364976e-07,1.67173579639058,2.24194044669747,0.134312335216816,0.99999999971548
"RPL5",1.5109889544689e-07,1.65656505910582,2.1220946207481,0.145187861108068,0.99999999971548
"PAICS",1.50387423545381e-07,1.65396385792849,2.10215726640744,0.147091480310095,0.99999999971548
"AC090498.1",1.49460592602717e-07,1.65055918287739,2.07632610878125,0.149599867121476,0.99999999971548
"MYB",1.49358777390353e-07,1.65018405017343,2.07349821181171,0.149877398719144,0.99999999971548
"PDLIM5",1.48862926833555e-07,1.64835392951546,2.05975360824003,0.151234622675078,0.99999999971548
"RPS4Y1",1.47667318262604e-07,1.64391918787958,2.02680021191834,0.154545689466849,0.99999999971548
"ACTN1",1.47576186140131e-07,1.64357988170621,2.02429932530444,0.154800308076202,0.99999999971548
"VASP",1.47272238809455e-07,1.64244689559164,2.01596943444638,0.155651825414884,0.99999999971548
"CD63",1.46452996695546e-07,1.63938294916002,1.99360305463727,0.157964657655727,0.99999999971548
"CD84",1.46313130802312e-07,1.63885836469638,1.98979700176772,0.158362106220258,0.99999999971548
"CITED2",1.46226727097284e-07,1.63853407881818,1.98744758763443,0.158608012554197,0.99999999971548
"RPS8",1.46140341205919e-07,1.63820969312431,1.98510004527754,0.158854157053007,0.99999999971548
"RPSA",1.45753725875905e-07,1.6367558758656,1.97461074534945,0.159959306673071,0.99999999971548
"PPIF",1.43321708709157e-07,1.62753289698199,1.90926459786143,0.167044971197569,0.99999999971548
"MYL6",1.42906957976472e-07,1.62594646152994,1.89823035712744,0.168276532185365,0.99999999971548
"RPL39",1.42376351473422e-07,1.62391102403528,1.88416045431557,0.169862037458145,0.99999999971548
"COL1A2",1.41465836116283e-07,1.62040280670646,1.86013860791096,0.172608803776463,0.99999999971548
"EEF2",1.41227267596598e-07,1.61948035487104,1.8538700085355,0.173333959513397,0.99999999971548
"PF4",1.40598799907479e-07,1.61704380966989,1.83740711079523,0.175255154003485,0.99999999971548
"ACTB",1.40247997867563e-07,1.61567964061106,1.82824967775395,0.176334424782076,0.99999999971548
"FNBP1",1.4022812625812e-07,1.61560227679498,1.82773162843684,0.176395709340728,0.99999999971548
"PSMA6",1.39827715598525e-07,1.61404136909189,1.81730863577049,0.177633971460021,0.99999999971548
"PARVB",1.39538014762007e-07,1.61290961180562,1.80978608643104,0.178533892956363,0.99999999971548
"RPL23A",1.39440055621316e-07,1.61252645813354,1.80724594909422,0.178838957622609,0.99999999971548
"FLNA",1.38983231561241e-07,1.61073655590903,1.7954237929466,0.180266722027347,0.99999999971548
"CDK2AP2",1.38401971862569e-07,1.60845168372231,1.78043744994064,0.182095619280578,0.99999999971548
"TMSB4X",1.37882538128527e-07,1.60640276939098,1.76709827854206,0.183741597976798,0.99999999971548
"NAA38",1.37840192946587e-07,1.60623544233359,1.76601305616545,0.183876265374988,0.99999999971548
"RPS12",1.37313758913658e-07,1.6041514953295,1.75254943516581,0.185556553606505,0.99999999971548
"CKLF",1.36607909047365e-07,1.60134637758152,1.73457807741839,0.187827289154767,0.99999999971548
"PPBP",1.3634027506286e-07,1.60027947608503,1.72778817341053,0.188693614886845,0.99999999971548
"UROD",1.34235387586379e-07,1.59182440908272,1.67485111801182,0.195610025086034,0.99999999971548
"FERMT3",1.33725471332772e-07,1.58975879641361,1.66215086474072,0.19731316849043,0.99999999971548
"HMGA1",1.32375981994839e-07,1.5842589231901,1.62877297548471,0.201872847303942,0.99999999971548
"ABRACL",1.32273186799865e-07,1.58383798293891,1.62624434415698,0.202223296451639,0.99999999971548
"CAMTA1",1.31783587643728e-07,1.58182918957981,1.61422778469641,0.203898522715764,0.99999999971548
"APBB1IP",1.31398083756891e-07,1.58024291896003,1.60479746171714,0.205224663348987,0.99999999971548
"LCN2",1.30902914771362e-07,1.57819944838578,1.5927250081316,0.206937237845928,0.99999999971548
"PRDX2",1.30808118037232e-07,1.57780747319406,1.59041901732143,0.207266278153653,0.99999999971548
"GLTSCR2",1.30345560810013e-07,1.57589129264035,1.57919098163397,0.208877264546134,0.99999999971548
"FAM26F",1.3000896549706e-07,1.5744931977144,1.57104552638849,0.21005524289045,0.99999999971548
"LTBP1",1.29668326775223e-07,1.57307509863115,1.56282366494297,0.211252259924338,0.99999999971548
"MYADM",1.29534037573608e-07,1.57251515405474,1.55958830789329,0.211725510086523,0.99999999971548
"PTMS",1.29038086950969e-07,1.57044280710512,1.54766869067469,0.213479935509714,0.99999999971548
"HINT1",1.29036300574908e-07,1.57043533015662,1.54762583977341,0.213486273720828,0.99999999971548
"HSPD1",1.2871923774271e-07,1.56910682255214,1.5400296552555,0.21461339108927,0.99999999971548
"VIMP",1.28635351355545e-07,1.56875485863371,1.53802303324023,0.214912312726401,0.99999999971548
"DHX29",1.27032916336808e-07,1.56199285735786,1.4999428156438,0.220680160876108,0.99999999971548
"VIM",1.26745497478171e-07,1.56077215872269,1.49316309023806,0.221726336377301,0.99999999971548
"RPL38",1.26344689979747e-07,1.55906585994346,1.48373435782606,0.223191160188082,0.99999999971548
"ZYX",1.2625810379771e-07,1.55869663097295,1.4817013974924,0.223508512511266,0.99999999971548
"TACC1",1.25900566474523e-07,1.55716965016284,1.4733215241364,0.224822362370825,0.99999999971548
"PPIB",1.25601562858353e-07,1.55588975774539,1.46633179619213,0.225925346599748,0.99999999971548
"RPL41",1.25422464864608e-07,1.5551218545468,1.46215302896676,0.226587861807793,0.99999999971548
"ARHGEF6",1.25119266304683e-07,1.55381967900228,1.4550923027235,0.227712603841039,0.99999999971548
"RPS13",1.24298936258131e-07,1.55028271984633,1.4360745616866,0.230775619443763,0.99999999971548
"RPL17",1.23636743396796e-07,1.54741274770837,1.42081416970578,0.233269441228892,0.99999999971548
"RPL35",1.23482003178645e-07,1.54674017008612,1.41725989441344,0.233854938007975,0.99999999971548
"ITGA2B",1.23208396336925e-07,1.5455491429436,1.41098622880669,0.234892742642559,0.99999999971548
"RCN1",1.22764965281558e-07,1.54361396585353,1.40084813402581,0.236581616989021,0.99999999971548
"TBXAS1",1.21978980654933e-07,1.54016886109928,1.38296810684625,0.239596217109062,0.99999999971548
"SNCA",1.21371283326048e-07,1.53749195816763,1.36922258240486,0.241945499704254,0.99999999971548
"GNB2L1",1.21054743987349e-07,1.5360929830823,1.36208996218062,0.243175601097599,0.99999999971548
"TROVE2",1.19782402508361e-07,1.53043745438954,1.33360803814178,0.248164356989419,0.99999999971548
"ACTR3",1.19760692625892e-07,1.5303405018817,1.33312466413316,0.248250096656876,0.99999999971548
"RPL27A",1.19470439555066e-07,1.52904281210541,1.32667054936124,0.249398395277437,0.99999999971548
"STOM",1.19355853103371e-07,1.52852975344236,1.32412689807092,0.249852742432205,0.99999999971548
"RPS15A",1.1860359796239e-07,1.5251508658211,1.30748854683132,0.252849871515534,0.99999999971548
"AHCY",1.17427701353247e-07,1.51983158361854,1.28169085203736,0.257584886556421,0.99999999971548
"AKR7A2",1.16663219654082e-07,1.51634846851016,1.26505696189208,0.260696042817557,0.99999999971548
"RAP1B",1.16503968117019e-07,1.51562039228403,1.26160557827925,0.261347395215553,0.99999999971548
"TAOK1",1.16303243782236e-07,1.51470147384872,1.25726209031586,0.262169976473311,0.99999999971548
"HSP90B1",1.15518246010668e-07,1.51109444542095,1.24034739101211,0.26540411361022,0.99999999971548
"SLAIN2",1.15475899687028e-07,1.51089926054132,1.23943819221819,0.265579355354577,0.99999999971548
"LRRFIP2",1.15074132279508e-07,1.50904430911968,1.23082861045604,0.267245953579088,0.99999999971548
"PFN1",1.14950479396728e-07,1.50847227267693,1.22818485843194,0.267760330504017,0.99999999971548
"RPS2",1.13890814734967e-07,1.50354803706431,1.20564532033052,0.272196273096109,0.99999999971548
"LCP2",1.13868139806901e-07,1.50344223240993,1.20516529567578,0.272291740833109,0.99999999971548
"GATA1",1.13644776967742e-07,1.50239900687783,1.20044184760836,0.273233385079606,0.99999999971548
"DGKD",1.13619294514501e-07,1.50227987668687,1.19990356024556,0.273340954342399,0.99999999971548
"IFI27L2",1.12432523812768e-07,1.49670582262706,1.17496812310183,0.278382771526551,0.99999999971548
"HSPA5",1.12044780674515e-07,1.4948735667015,1.16687793303149,0.280043671056018,0.99999999971548
"MFF",1.11832967202742e-07,1.49387032469381,1.16247028737162,0.280953813131266,0.99999999971548
"GP1BA",1.11516527649859e-07,1.49236844387659,1.15590100542009,0.282317260799503,0.99999999971548
"PRDX1",1.11151819172755e-07,1.49063286434732,1.1483527513822,0.283894242066665,0.99999999971548
"DSTN",1.11131911758637e-07,1.49053798617686,1.1479414457148,0.283980492050508,0.99999999971548
"TSPAN32",1.10811654596502e-07,1.48900961404087,1.14133476108024,0.285370462385379,0.99999999971548
"FAM162A",1.10346171180426e-07,1.48678130939593,1.13176615469409,0.287398928250927,0.99999999971548
"CMTM5",1.10073303155602e-07,1.48547126499964,1.12617573034542,0.288592534978375,0.99999999971548
"MAT2A",1.09902070935255e-07,1.48464773265234,1.12267465289423,0.28934326011622,0.99999999971548
"SEC11C",1.09626611701675e-07,1.48332058104111,1.11705394816359,0.290553700581993,0.99999999971548
"RTN4",1.09625717666129e-07,1.48331626889298,1.11703572846585,0.290557634748401,0.99999999971548
"RPL6",1.0899565180889e-07,1.48026967516686,1.10423246383792,0.293339128173008,0.99999999971548
"ILK",1.08257723921154e-07,1.47668199075636,1.08933121654427,0.296619437157063,0.99999999971548
"DNAJC3",1.07547921671463e-07,1.47321092001072,1.07509343455599,0.299797787060755,0.99999999971548
"TC2N",1.06187888053874e-07,1.46650404704186,1.04807444523945,0.305950976539522,0.99999999971548
"MLEC",1.0607240585105e-07,1.46593112201511,1.04579606615063,0.306477281144191,0.99999999971548
"GFI1B",1.0573119471456e-07,1.46423514524992,1.03907870495398,0.308035837587937,0.99999999971548
"PSTPIP2",1.05682214294784e-07,1.46399129932372,1.03811621280134,0.308259996023305,0.99999999971548
"RCSD1",1.05074481712525e-07,1.46095753515543,1.02621103001851,0.311050252120799,0.99999999971548
"PLP2",1.04803902315687e-07,1.45960190601825,1.02093260202689,0.3122978954389,0.99999999971548
"MEF2C",1.04527635034738e-07,1.45821463524073,1.01555725779132,0.313575163074382,0.99999999971548
"EBNA1BP2",1.04157962279659e-07,1.45635333291218,1.00838671410239,0.31528964280864,0.99999999971548
"RPS7",1.03583902290806e-07,1.45345151885053,0.99730202622429,0.317964220382041,0.99999999971548
"RPL4",1.03538465860429e-07,1.45322124540755,0.996427297530731,0.318176544314003,0.99999999971548
"NPDC1",1.03138893327254e-07,1.451192403271,0.988751373002922,0.320047741428745,0.99999999971548
"PTTG1IP",1.03132473923405e-07,1.45115975277986,0.988628296312077,0.320077862094923,0.99999999971548
"PAPSS1",1.03103481090982e-07,1.4510122668707,0.988072523634263,0.320213923273666,0.99999999971548
"DCTN3",1.0210934931893e-07,1.44593318274454,0.969110240382467,0.324902182647109,0.99999999971548
"RPL13A",1.02102883729221e-07,1.44590000908732,0.968987515659204,0.324932819418504,0.99999999971548
"VPS13A",1.01522812690622e-07,1.44291631725129,0.9580086889353,0.327689097614663,0.99999999971548
"COX17",1.01342441617557e-07,1.44198552604295,0.954607609902401,0.328549236375148,0.99999999971548
"MMRN1",1.01124349152362e-07,1.44085814988759,0.950503333261401,0.329591211255812,0.99999999971548
"OCIAD2",1.00829003773356e-07,1.43932805729913,0.944959330812296,0.331005683770657,0.99999999971548
"RIN3",1.00660567508436e-07,1.43845369479558,0.941804832201798,0.331814116841018,0.99999999971548
"SYTL1",1.00032468369451e-07,1.43518193355813,0.930088203540449,0.334840006493991,0.99999999971548
"PROS1",9.98593852227575e-08,1.43427720506855,0.926872381239071,0.335676955773994,0.99999999971548
"MCM7",9.97795533755982e-08,1.43385945369677,0.925391011067235,0.336063438787737,0.99999999971548
"RPL22",9.95573509604447e-08,1.4326951598944,0.921274032085686,0.337140675268419,0.99999999971548
"CAP1",9.64271336059167e-08,1.41604855493838,0.864252569679706,0.352551370115515,0.99999999971548
"RPL35A",9.63250398542795e-08,1.41549774357358,0.86242345636035,0.353061392091959,0.99999999971548
"WDR1",9.57082844176216e-08,1.41215941237727,0.851414864980507,0.356152387265713,0.99999999971548
"KIF5B",9.55903040090496e-08,1.41151868489827,0.849317066210082,0.356745608220382,0.99999999971548
"PIP4K2A",9.52758021586285e-08,1.40980732254418,0.843737580316272,0.358330004266987,0.99999999971548
"NACA",9.36907461556152e-08,1.40110670741807,0.815897421602303,0.366382400415051,0.99999999971548
"YIF1B",9.3686153165575e-08,1.40108131032464,0.815817428283205,0.366405896497585,0.99999999971548
"TAGLN2",9.31479017984579e-08,1.39809750369182,0.806470189301164,0.369165902429287,0.99999999971548
"LSM1",9.26233724513605e-08,1.39517530076435,0.797413061059632,0.371867948945174,0.99999999971548
"ATP2A3",9.22491051317305e-08,1.39308140896373,0.790981797115933,0.373803416649075,0.99999999971548
"CDC42EP3",9.22120104803927e-08,1.39287347535845,0.790345795396783,0.373995585052566,0.99999999971548
"FAM96B",9.20196543087267e-08,1.39179405687406,0.787051879039642,0.374993063834449,0.99999999971548
"RPL18",9.18215060551777e-08,1.39068008150298,0.783665970937093,0.376022295295923,0.99999999971548
"MGST1",9.08921117837358e-08,1.38542702115368,0.767882116265571,0.380873035048947,0.99999999971548
"CMTM6",9.05686386383465e-08,1.38358774340831,0.76242625775056,0.382570296477562,0.99999999971548
"PSMD6",9.04823518071704e-08,1.38309614859356,0.760974187625306,0.383023824991623,0.99999999971548
"ARF3",9.03744413309368e-08,1.38248078496167,0.759160173767912,0.383591471951339,0.99999999971548
"FYB",8.99479697732049e-08,1.38004254304557,0.752012216566683,0.385839897968448,0.99999999971548
"RPL19",8.97384824210013e-08,1.37884116764954,0.748513447270069,0.386947290654348,0.99999999971548
"BCL11A",8.9274704604732e-08,1.37617277531502,0.740796648752914,0.389405802579843,0.99999999971548
"RPLP2",8.9165886218168e-08,1.37554493158494,0.738991811276769,0.389984028412839,0.99999999971548
"NDUFAF3",8.91164971878418e-08,1.37525975436153,0.738173382113545,0.390246637942493,0.99999999971548
"RPL8",8.89978981094751e-08,1.37457438951036,0.736209920115046,0.390877687388675,0.99999999971548
"PBX1",8.89214517930651e-08,1.37413219742616,0.734945702282672,0.39128477608406,0.99999999971548
"HNRNPA1",8.85197945438776e-08,1.37180342460113,0.728321213726925,0.393427890255793,0.99999999971548
"HSP90AB1",8.84623981035671e-08,1.3714698949162,0.727377029599744,0.393734718750347,0.99999999971548
"DNM1L",8.74501860442942e-08,1.36555679794009,0.710826550094642,0.399169553797623,0.99999999971548
"SFT2D1",8.70415718933934e-08,1.36315289284396,0.704199343855071,0.401376241236608,0.99999999971548
"HCST",8.68968427027274e-08,1.36229908647011,0.701859462665757,0.402159592372748,0.99999999971548
"DTD1",8.68321469013958e-08,1.36191702396586,0.700814765165369,0.402510056717248,0.99999999971548
"ARPC1A",8.66366085501304e-08,1.36076076073274,0.697661972751072,0.403570422205071,0.99999999971548
"AIF1",8.63646996942521e-08,1.35914912220911,0.693289622894288,0.4050477068412,0.99999999971548
"LTA4H",8.61836440239238e-08,1.3580735323866,0.690385833659685,0.40603317539224,0.99999999971548
"EPS15",8.60795585112124e-08,1.3574543058478,0.688719258255812,0.406600350348357,0.99999999971548
"CHD1L",8.53249400311303e-08,1.35294534119997,0.676696840418836,0.410726481050444,0.99999999971548
"RALB",8.47329713166287e-08,1.34938389060737,0.667339816040906,0.413980608423401,0.99999999971548
"DCXR",8.45876657529092e-08,1.34850638384704,0.665052983819504,0.414781697430681,0.99999999971548
"RPS20",8.44988572979111e-08,1.34796941981906,0.663657240770263,0.41527176122082,0.99999999971548
"RPL28",8.44109711428921e-08,1.34743754880053,0.662277436289959,0.415757072198381,0.99999999971548
"SLC25A6",8.35440323317827e-08,1.34216501940055,0.648743517773289,0.420562263202944,0.99999999971548
"RPL37A",8.35000023630713e-08,1.34189597099459,0.648059887142832,0.42080717566764,0.99999999971548
"FKBP2",8.31789783117556e-08,1.33993059095823,0.643086404892128,0.422595370133317,0.99999999971548
"DNAJC15",8.29695716730585e-08,1.33864499852092,0.639852485679556,0.423764219281013,0.99999999971548
"PEBP1",8.29055860706981e-08,1.33825161415759,0.638865965946102,0.42412174585987,0.99999999971548
"ATP6V0D1",8.28499600982555e-08,1.33790941025715,0.638008952076642,0.424432705368542,0.99999999971548
"CLIC4",8.2772076705043e-08,1.33742994557166,0.636809990815632,0.424868311844407,0.99999999971548
"MYH9",8.24968715373761e-08,1.33573258194443,0.632582428546527,0.426409641497004,0.99999999971548
"RAB27B",8.24714184016493e-08,1.33557534769148,0.632192141685392,0.426552360330107,0.99999999971548
"GNB5",8.20300360727804e-08,1.33284201667166,0.625443337159569,0.429031670775841,0.99999999971548
"GP6",8.11365260027621e-08,1.32726942109283,0.611892292400386,0.434076216964658,0.99999999971548
"SDF2L1",8.09907246641085e-08,1.32635503383447,0.609695142464042,0.434902617478132,0.99999999971548
"SEC61B",8.03755116891873e-08,1.322480912631,0.600467721770092,0.438399624667779,0.99999999971548
"GNA15",8.01110931133115e-08,1.32080788445676,0.596523394733407,0.43990759137165,0.99999999971548
"PDIA3",7.95026072374486e-08,1.3169395538835,0.587495991679816,0.443389039979864,0.99999999971548
"ATP8A1",7.94596283115328e-08,1.31666535101086,0.586860965419725,0.443635537482406,0.99999999971548
"TOP1",7.90675004641914e-08,1.31415762372919,0.581083019876502,0.445888124571828,0.99999999971548
"ANKRD28",7.88468031584011e-08,1.31274146351282,0.577843649053266,0.447158785051392,0.99999999971548
"TMEM167A",7.8559911061207e-08,1.31089538413564,0.573646213818215,0.448813635159152,0.99999999971548
"HHEX",7.82706539769546e-08,1.30902813998759,0.56942966748805,0.450485640357118,0.99999999971548
"GNAI2",7.81169551794013e-08,1.30803352315383,0.567195503869759,0.451375505522127,0.99999999971548
"SEPT7",7.78797872846058e-08,1.30649541534711,0.563756651013369,0.452750578397928,0.99999999971548
"PF4V1",7.71018727987759e-08,1.30142163450909,0.552550555171399,0.457277407421455,0.99999999971548
"EPB41L4A-AS1",7.70477807680226e-08,1.30106717737413,0.551775526079721,0.457593121364381,0.99999999971548
"SSR4",7.70316258275094e-08,1.30096127444254,0.551544164028702,0.457687435132184,0.99999999971548
"EIF3L",7.67304246619752e-08,1.29898321822699,0.547239413626775,0.4594478671962,0.99999999971548
"DYNLT1",7.64724023766645e-08,1.29728334885718,0.543565185121932,0.460958942271569,0.99999999971548
"S100A4",7.63973043007167e-08,1.29678765999054,0.542498116356144,0.461399266065113,0.99999999971548
"DBNL",7.5763743340718e-08,1.29258885095977,0.533537578824505,0.465123373271976,0.99999999971548
"MYDGF",7.5549436929376e-08,1.29116166024001,0.530523503590723,0.466386850850758,0.99999999971548
"SEPW1",7.5215260072709e-08,1.28892913985601,0.525840567896136,0.468360839799006,0.99999999971548
"CYB5R3",7.46142085450865e-08,1.28489191592912,0.517470073503027,0.471922876320964,0.99999999971548
"ANGPT1",7.45121367821308e-08,1.28420349837508,0.516055250358111,0.472529267978471,0.99999999971548
"TLN1",7.44509031089565e-08,1.28379011736439,0.515207416016849,0.472893253032107,0.99999999971548
"GUCY1B3",7.42514481007554e-08,1.28244156737301,0.512450618008286,0.474079922325657,0.99999999971548
"DIAPH1",7.40396769767983e-08,1.28100629261912,0.509531685407759,0.475341656181036,0.99999999971548
"RSL24D1",7.3436435375797e-08,1.27689817060798,0.50126264470366,0.478945851858709,0.99999999971548
"PLXDC2",7.33945024931914e-08,1.27661151454377,0.500690356944995,0.479196942314396,0.99999999971548
"C12orf75",7.27222835694937e-08,1.27199662247839,0.491560730446716,0.483231923206777,0.99999999971548
"TMEM165",7.26935560406438e-08,1.27179857777645,0.491172444073007,0.483404769678309,0.99999999971548
"SNRPN",7.26384283686863e-08,1.27141834238576,0.490427758360679,0.483736553283272,0.99999999971548
"RPS27",7.21639843579094e-08,1.26813551387869,0.484042140397796,0.486597075528515,0.99999999971548
"MRPS26",7.1523460710083e-08,1.26367361623449,0.4754876103484,0.490473384663134,0.99999999971548
"SELP",7.14707243511844e-08,1.26330470713545,0.474786686747261,0.490793271652173,0.99999999971548
"ESAM",7.14336339487892e-08,1.26304510506445,0.474294024612428,0.491018320900091,0.99999999971548
"SYPL1",7.13364304399412e-08,1.26236420436409,0.47300410910761,0.491608374599737,0.99999999971548
"SYK",7.1259329889537e-08,1.2618235486474,0.471982214148337,0.492076668025433,0.99999999971548
"TIMP1",7.10553851691687e-08,1.26039096066138,0.469284447136421,0.493316540602815,0.99999999971548
"SLC50A1",7.05938258702884e-08,1.25713553262342,0.463207522783425,0.496128736067896,0.99999999971548
"HELLS",7.037643195281e-08,1.25559581124072,0.460359017377549,0.497456233731747,0.99999999971548
"FHL1",6.98513110523566e-08,1.25185943572504,0.453514616892574,0.500670627064592,0.99999999971548
"HEMGN",6.96992219623188e-08,1.2507727183352,0.451541868371914,0.501603653699606,0.99999999971548
"RPS11",6.93368959872109e-08,1.24817546782841,0.446859460208989,0.503830132015019,0.99999999971548
"DYNLL1",6.91122926712533e-08,1.24655951683892,0.443969121468,0.505212924564896,0.99999999971548
"TKT",6.90401753568554e-08,1.24603968628167,0.443043058839316,0.505657345580179,0.99999999971548
"CORO1B",6.90256673435191e-08,1.24593505365514,0.442856877410277,0.505746775682502,0.99999999971548
"CDK2AP1",6.85848704826912e-08,1.24274684484369,0.437218782914293,0.508467894049914,0.99999999971548
"PRDX4",6.83147454100578e-08,1.24078425678749,0.4337815473906,0.510139210471592,0.99999999971548
"C1QBP",6.82696012271266e-08,1.2404556045395,0.433208428277774,0.510418806313889,0.99999999971548
"RPS4X",6.82315530630569e-08,1.2401784648765,0.432725689490723,0.510654515904452,0.99999999971548
"PLD3",6.80723721295471e-08,1.23901754453154,0.430708988205324,0.511641263475532,0.99999999971548
"GSPT1",6.74734368795248e-08,1.23462819217329,0.423163138805312,0.515362904618193,0.99999999971548
"SPI1",6.74180361755182e-08,1.23422047247716,0.422468527342165,0.515707860177655,0.99999999971548
"RPS27A",6.73384730238303e-08,1.23363441990104,0.421471966322517,0.516203474072159,0.99999999971548
"MRPL52",6.72929559803382e-08,1.23329887593428,0.420902375915979,0.516487119355128,0.99999999971548
"SPCS2",6.71715010220705e-08,1.23240256325513,0.419384399875356,0.51724437666759,0.99999999971548
"F2R",6.70668912161669e-08,1.23162943360513,0.418079157083307,0.517897066931662,0.99999999971548
"UBE2C",6.66710203128763e-08,1.22869418032377,0.41315819199155,0.52037086880719,0.99999999971548
"LMAN1",6.65178363594718e-08,1.2275543018621,0.411261820884518,0.521329748778675,0.99999999971548
"UHMK1",6.63512193568723e-08,1.22631186936695,0.409204105374085,0.522373746661466,0.99999999971548
"NUDT3",6.63047387613892e-08,1.22596478794131,0.408630991912749,0.522665178850727,0.99999999971548
"RPL24",6.63040338643104e-08,1.22595952268176,0.408622303506256,0.522669599180859,0.99999999971548
"MRPL41",6.62457855493299e-08,1.2255242659983,0.407904666753833,0.523034934142428,0.99999999971548
"TCEB1",6.62434824356295e-08,1.22550704929263,0.407876304662929,0.523049382025871,0.99999999971548
"PPA1",6.62337629673577e-08,1.2254343866036,0.407756623455797,0.523110356411193,0.99999999971548
"TPT1",6.56549701798844e-08,1.22109052169267,0.400661287353934,0.526747938057632,0.99999999971548
"UBE2J1",6.54682042654682e-08,1.21968172594682,0.398385041128708,0.527924469534076,0.99999999971548
"CFL1",6.54158806678384e-08,1.21928641643795,0.397748499804083,0.528254321936478,0.99999999971548
"PCBD1",6.53796677104868e-08,1.2190126631886,0.397308250050561,0.528482672954854,0.99999999971548
"ERP44",6.51419290899921e-08,1.21721218651252,0.394424057293297,0.52998304812088,0.99999999971548
"NDUFB3",6.50780004130133e-08,1.2167270574779,0.393650281146015,0.530386872740941,0.99999999971548
"LSP1",6.50269000918925e-08,1.21633897947479,0.393032322447972,0.530709775536893,0.99999999971548
"EIF4G3",6.48870570604878e-08,1.21527559286751,0.391343675705921,0.531593953141745,0.99999999971548
"RAB14",6.47880096383098e-08,1.21452121527444,0.390149847536209,0.532220646048846,0.99999999971548
"MGLL",6.45745897014518e-08,1.21289232344344,0.387583674804558,0.533572267170801,0.99999999971548
"NDUFA4",6.42653910241185e-08,1.21052408980202,0.383880873194334,0.535533542006729,0.99999999971548
"NCOR1",6.38512113054793e-08,1.20733619971579,0.378948721713084,0.538166400324804,0.99999999971548
"TREML1",6.38325332734726e-08,1.20719201376883,0.378727050707557,0.538285285761949,0.99999999971548
"RPS17",6.37093206980365e-08,1.20623994787232,0.377266388050239,0.539069862261593,0.99999999971548
"ACAP1",6.31704754192933e-08,1.20205736846018,0.370911634398035,0.54250776818999,0.99999999971548
"MPO",6.27707612808924e-08,1.19893464448635,0.366232563465147,0.545065039912303,0.99999999971548
"P2RX1",6.27685596356371e-08,1.19891739652462,0.366206873158744,0.545079142047905,0.99999999971548
"PDCD5",6.23191742869454e-08,1.19538579045471,0.360981999429067,0.547961363374167,0.99999999971548
"HLA-DPA1",6.2043399972324e-08,1.19320756585093,0.357794238947601,0.549733817980031,0.99999999971548
"PDIA4",6.17948225446273e-08,1.19123692883695,0.354932970770356,0.551333890641609,0.99999999971548
"FLOT1",6.17870110667517e-08,1.19117489043138,0.354843242353141,0.551384209569372,0.99999999971548
"BTF3",6.17404947795042e-08,1.19080531882928,0.354309156737233,0.551683898673147,0.99999999971548
"RASGRP2",6.14569558581483e-08,1.18854735185511,0.351062349023483,0.553512375273826,0.99999999971548
"PABPC1",6.12170076970765e-08,1.18662943036174,0.348326374880834,0.555062060995867,0.99999999971548
"STX11",6.09174838344274e-08,1.18422611879676,0.344926116484339,0.556999481952421,0.99999999971548
"P4HB",6.08972620168399e-08,1.18406349337015,0.344697155113191,0.557130402085732,0.99999999971548
"SERPINE2",6.08157685528947e-08,1.18340764013394,0.343775216468239,0.5576581590957,0.99999999971548
"BCAP29",6.08002148646506e-08,1.18328237835735,0.343599397304108,0.557758913440787,0.99999999971548
"SNRPE",6.0703968242381e-08,1.18250663476862,0.34251242396422,0.558382580826124,0.99999999971548
"ARF4",6.02956595565319e-08,1.17920374098026,0.337920287152487,0.561032138491882,0.99999999971548
"MAPRE2",6.02733960538973e-08,1.17902308811452,0.337670786597618,0.561176783439505,0.99999999971548
"MRPL27",6.0049208730654e-08,1.17720072122443,0.335163520421128,0.562634322950836,0.99999999971548
"TMEM91",5.98869942688369e-08,1.17587842338534,0.333355172334799,0.563690088101941,0.99999999971548
"TESC",5.95002045979782e-08,1.1727128757675,0.329063023276965,0.566211335463746,0.99999999971548
"RBM6",5.93943203009547e-08,1.17184318150799,0.327892889330586,0.566902473291612,0.99999999971548
"FXYD5",5.91073361774687e-08,1.16947920097747,0.324731889607028,0.56877773334625,0.99999999971548
"COX7A2",5.88198693792805e-08,1.16710121379042,0.321580922536417,0.570659113839777,0.99999999971548
"HIGD2A",5.87113819361253e-08,1.16620115419502,0.32039576795673,0.571369899946495,0.99999999971548
"HERPUD1",5.86870806741422e-08,1.16599934191571,0.320130592453093,0.571529174247536,0.99999999971548
"THOC2",5.83222280321239e-08,1.16296061449996,0.316162515605736,0.573923010899682,0.99999999971548
"PNPLA2",5.80591561058073e-08,1.16075930551918,0.313316743040856,0.575651995305721,0.99999999971548
"VPS28",5.78314580372801e-08,1.15884697862864,0.310864012853233,0.577150475916708,0.99999999971548
"MCM4",5.76626956983728e-08,1.157425394018,0.309052348654934,0.5782622850228,0.99999999971548
"SH3BGRL3",5.68836706157526e-08,1.15081592148018,0.300758140636895,0.583407524643942,0.99999999971548
"PABPC4",5.68535464811641e-08,1.15055876197096,0.300439677372612,0.583606913785321,0.99999999971548
"MTDH",5.67059455991105e-08,1.14929702761082,0.298881723627723,0.584584330331878,0.99999999971548
"MCM3",5.66996389356823e-08,1.14924305284256,0.298815245885509,0.584626110162471,0.99999999971548
"ARPC5",5.66277612729595e-08,1.14862752788748,0.298058114869085,0.585102377072653,0.99999999971548
"TPM4",5.65566112972666e-08,1.14801756479009,0.297309594903343,0.585573999763663,0.99999999971548
"FAM127A",5.64681291642164e-08,1.14725808258885,0.296380048087789,0.586160756013348,0.99999999971548
"RHOA",5.62001221623838e-08,1.14495132381153,0.293573387736717,0.587939666852362,0.99999999971548
"SCAMP2",5.57228326779205e-08,1.14081945348065,0.288608113971167,0.591113867199125,0.99999999971548
"NRIP1",5.56584952882001e-08,1.14026013550985,0.287942046853975,0.591542343157214,0.99999999971548
"CHMP2A",5.56153163835952e-08,1.13988444365273,0.287495459160723,0.591829987236087,0.99999999971548
"BID",5.5508674916604e-08,1.13895548720667,0.286393980449381,0.592540673701071,0.99999999971548
"PLIN3",5.53755650916378e-08,1.13779378354014,0.285022081568451,0.593428300925362,0.99999999971548
"CYTL1",5.5349919109517e-08,1.13756968156515,0.284758139212698,0.593599388070854,0.99999999971548
"APEX1",5.50518906720066e-08,1.13495877785796,0.281699867527279,0.5955892218288,0.99999999971548
"DYNLRB1",5.48515486222099e-08,1.1331967449681,0.279653302437992,0.596928544637676,0.99999999971548
"C1orf43",5.48323695573302e-08,1.13302776926193,0.279457772820935,0.597056831995367,0.99999999971548
"ACTG1",5.47460844530776e-08,1.13226692431637,0.278578946284015,0.597634141800746,0.99999999971548
"PROM1",5.46201097154098e-08,1.13115422872212,0.27729836034974,0.598477459190496,0.99999999971548
"POLR2L",5.4555840151895e-08,1.13058569547464,0.276646169810147,0.598907909225215,0.99999999971548
"ARHGAP6",5.4479049464511e-08,1.12990563503268,0.275867925043944,0.59942240435278,0.99999999971548
"ISCA1",5.429431968124e-08,1.12826624098447,0.274000248491261,0.600660907221942,0.99999999971548
"MZB1",5.36430944312841e-08,1.12244794016418,0.267466755858435,0.605036178261877,0.99999999971548
"TGFB1",5.35248816404523e-08,1.12138519793717,0.266289226714683,0.60583192313361,0.99999999971548
"GDI1",5.34604933144946e-08,1.12080548266809,0.265648941147614,0.606265547662608,0.99999999971548
"IL2RG",5.33105055151759e-08,1.11945272040879,0.264160432356853,0.607276181514186,0.99999999971548
"IFITM1",5.31569600892374e-08,1.11806443762067,0.262640948939465,0.608311565358467,0.99999999971548
"S100A6",5.26429041638624e-08,1.11339106644882,0.25758575705367,0.611783644543406,0.99999999971548
"EMB",5.24018891602055e-08,1.11118627444769,0.255232546565733,0.613414542932707,0.99999999971548
"RPL21",5.23385989801745e-08,1.11060583719038,0.254616387149364,0.613843132253749,0.99999999971548
"NCL",5.20049318378488e-08,1.10753562759171,0.251380293094359,0.616104843285537,0.99999999971548
"HLA-DPB1",5.18223455610771e-08,1.10584831467826,0.249618228747234,0.617344022669999,0.99999999971548
"PAFAH1B3",5.13604136026581e-08,1.10155631266525,0.245187988156398,0.620483931643155,0.99999999971548
"MYL9",5.12637754492738e-08,1.10065416235084,0.244266180043219,0.621141692448087,0.99999999971548
"PAIP2",5.11732676077314e-08,1.09980789803709,0.243404421878595,0.621758002455963,0.99999999971548
"CDS2",5.10095834527146e-08,1.09827411024936,0.241849792673404,0.622873277743297,0.99999999971548
"SLC30A5",5.09702718458733e-08,1.09790510683312,0.241477163071587,0.623141259597808,0.99999999971548
"RNH1",5.05131438057927e-08,1.0935959395611,0.23716519930504,0.626261096269141,0.99999999971548
"BEX4",5.0492643619138e-08,1.09340189872963,0.236972736753404,0.626401164643657,0.99999999971548
"GP9",5.00706175493157e-08,1.08939198136157,0.233027974867568,0.629287663662677,0.99999999971548
"ACTN4",5.00353416030332e-08,1.08905547398163,0.232699742980953,0.629529195328639,0.99999999971548
"DHRS7",4.99166149866863e-08,1.08792138851504,0.231596727631569,0.630342398266692,0.99999999971548
"TUBA1C",4.98560522849105e-08,1.08734198508026,0.231035086391992,0.630757387460749,0.99999999971548
"OSGEP",4.98168273166874e-08,1.08696639300105,0.230671689029301,0.631026227886264,0.99999999971548
"NDUFS8",4.96633670225502e-08,1.0854944834129,0.229252713792093,0.632078484347547,0.99999999971548
"RPLP1",4.94897133945048e-08,1.08382411094072,0.22765230017618,0.633270102983965,0.99999999971548
"PECAM1",4.94503819723046e-08,1.0834450743556,0.227290595485837,0.633540129245134,0.99999999971548
"CLNS1A",4.9365505492114e-08,1.08262622602788,0.226511023360664,0.63412300722341,0.99999999971548
"SEC61G",4.92718434292615e-08,1.08172119592416,0.225652311868496,0.634766482529668,0.99999999971548
"GPAA1",4.90273725113713e-08,1.0793518722099,0.223418639755179,0.636447341637747,0.99999999971548
"PTPN11",4.89982090547308e-08,1.07906854481679,0.223152921990142,0.636647980129339,0.99999999971548
"MYL12B",4.89728996350097e-08,1.07882254105747,0.222922447758345,0.636822125252448,0.99999999971548
"NRDC",4.89720723921693e-08,1.07881449851501,0.222914916677167,0.636827817555121,0.99999999971548
"KRAS",4.88866635527789e-08,1.07798350809034,0.222138053409509,0.637415635688683,0.99999999971548
"HLA-DRA",4.85725681655234e-08,1.07491659607161,0.219292762297572,0.639579327140266,0.99999999971548
"PRKACB",4.83985681099241e-08,1.07321017952955,0.217724444622951,0.640779274249416,0.99999999971548
"SEC62",4.8332219388846e-08,1.07255809272857,0.217127904794967,0.641237078923616,0.99999999971548
"AKR1A1",4.83249830406261e-08,1.0724869255497,0.217062892448114,0.641287017819348,0.99999999971548
"LGALSL",4.8205473173431e-08,1.0713102412935,0.21599060730731,0.642112004192037,0.99999999971548
"TSPO",4.79639098905112e-08,1.06892406018717,0.213831322552766,0.643780883621509,0.99999999971548
"IGLL1",4.79429622776933e-08,1.06871664578691,0.213644587249697,0.643925688461029,0.99999999971548
"YIPF3",4.76863394132168e-08,1.06616925543161,0.21136357037529,0.645700744478527,0.99999999971548
"ATP6V0C",4.74252291727612e-08,1.06356505182329,0.20905523230554,0.647508913026859,0.99999999971548
"BLVRA",4.73367714373321e-08,1.06267998289806,0.208276098221905,0.648121948797972,0.99999999971548
"ACTR2",4.71020355374437e-08,1.06032432583366,0.206215600342484,0.649749887315555,0.99999999971548
"OTUD6B-AS1",4.6933979165119e-08,1.05863154043479,0.204746703270649,0.650916419078019,0.99999999971548
"CKAP5",4.69229920587553e-08,1.05852068682294,0.204650853290009,0.650992713835786,0.99999999971548
"CHST12",4.69117735411595e-08,1.05840747510462,0.204553007664895,0.651070619291679,0.99999999971548
"TFAM",4.68337371914065e-08,1.05761931863095,0.203873037916864,0.651612637428225,0.99999999971548
"MSI2",4.66613913812391e-08,1.05587459397053,0.202375313609065,0.652810354196373,0.99999999971548
"UQCC2",4.65677614091455e-08,1.05492438959727,0.201563962569666,0.653461411058728,0.99999999971548
"SPCS3",4.63352164817992e-08,1.05255719668672,0.199555893389358,0.655079555105105,0.99999999971548
"TMBIM6",4.63336828989891e-08,1.05254155129897,0.199542683979908,0.655090231799173,0.99999999971548
"SRPK2",4.63127687643533e-08,1.05232814338175,0.199362585164877,0.655235841549075,0.99999999971548
"FGFR1OP2",4.60915876650438e-08,1.0500660643194,0.197462895656653,0.65677656452187,0.99999999971548
"RPL10",4.6072016667943e-08,1.04986545199495,0.197295241406073,0.656912964335836,0.99999999971548
"CAPNS1",4.58447788189369e-08,1.04753070905558,0.195353829404725,0.658497531577494,0.99999999971548
"EAF2",4.56371381284348e-08,1.04538849752477,0.193588239300098,0.659946786950462,0.99999999971548
"KRTCAP2",4.55562164244411e-08,1.0445513386,0.192902324180495,0.660511936658785,0.99999999971548
"CAT",4.54462555023096e-08,1.04341168483887,0.191972215435232,0.661280203943086,0.99999999971548
"RHOF",4.54260767734624e-08,1.04320228862234,0.191801776958408,0.661421226056319,0.99999999971548
"TUFM",4.53791128556018e-08,1.04271462697232,0.191405392010222,0.661749487051901,0.99999999971548
"EXOSC4",4.53388000646631e-08,1.04229567868756,0.191065470942875,0.662031310919159,0.99999999971548
"FAM177A1",4.52968145083197e-08,1.0418590016674,0.19071176613635,0.662324879873612,0.99999999971548
"ZNF580",4.51539248107863e-08,1.04037021325624,0.189510455829433,0.663324373509209,0.99999999971548
"CAPZB",4.5104250225685e-08,1.03985168648835,0.189093717965042,0.66367198087916,0.99999999971548
"PTP4A2",4.49321677913996e-08,1.03805155933054,0.187653603823457,0.664876719889544,0.99999999971548
"HLA-DRB1",4.48600031812811e-08,1.03729487145348,0.18705131485756,0.66538219801152,0.99999999971548
"EIF3D",4.46402961087876e-08,1.03498457793504,0.185223590539476,0.666922075339003,0.99999999971548
"TADA3",4.45947899563144e-08,1.03450482936947,0.184846150534068,0.667241193453842,0.99999999971548
"MYC",4.44775554484301e-08,1.03326692013609,0.18387555001756,0.668063593657842,0.99999999971548
"VCP",4.44168185831202e-08,1.03262446746111,0.183373705926219,0.668489819669385,0.99999999971548
"SRSF5",4.43449028518203e-08,1.03186277991637,0.182780382108289,0.668994632505294,0.99999999971548
"CD226",4.42796345004078e-08,1.03117056667147,0.182242733173762,0.669452913578802,0.99999999971548
"RCAN3",4.41385880288913e-08,1.02967164062345,0.181083565739752,0.670443690294277,0.99999999971548
"EMD",4.40129235040408e-08,1.0283326673839,0.180053927597616,0.6713269001168,0.99999999971548
"MAP1A",4.38806260089927e-08,1.02691942065715,0.17897311402459,0.672257219273332,0.99999999971548
"MYL6B",4.38449270293318e-08,1.02653743708282,0.178682026171191,0.672508341433618,0.99999999971548
"VDAC3",4.37921757472995e-08,1.02597249618004,0.178252328306211,0.672879483787722,0.99999999971548
"SH3GLB1",4.3696164119473e-08,1.02494273680595,0.177471570789755,0.673555197573284,0.99999999971548
"HOPX",4.36868969284868e-08,1.02484323871049,0.177396301549437,0.673620432468357,0.99999999971548
"HSPA9",4.36141621448196e-08,1.02406167647118,0.176806095265635,0.674132522448625,0.99999999971548
"RPL15",4.36126363019214e-08,1.02404526858471,0.176793724347912,0.674143266778958,0.99999999971548
"STMN1",4.32264635506881e-08,1.01987648218444,0.173676707824013,0.676864661088154,0.99999999971548
"ITGB1",4.32190674096494e-08,1.01979632417489,0.173617279990822,0.676916823704084,0.99999999971548
"HEBP1",4.32129835421758e-08,1.01973037939861,0.173568403870086,0.67695973243627,0.99999999971548
"MYLK",4.30852893966104e-08,1.01834439905328,0.17254413197535,0.677860584544187,0.99999999971548
"GNG5",4.30586650829266e-08,1.01805497114239,0.172330952498992,0.678048470895051,0.99999999971548
"UNC13D",4.30362018772627e-08,1.01781065675064,0.172151193286051,0.678207008103051,0.99999999971548
"CLTB",4.28908987613418e-08,1.01622762567175,0.170990687658356,0.679232848960869,0.99999999971548
"TMEM147",4.27460796820958e-08,1.01464521945633,0.169837953180999,0.680255863964393,0.99999999971548
"LIPA",4.26324800143795e-08,1.01340067376653,0.168936448366381,0.681058754408367,0.99999999971548
"ITGA4",4.24035264056729e-08,1.01088357250532,0.167126807002908,0.682678031694813,0.99999999971548
"ATP6V0E1",4.23402994800752e-08,1.01018637673621,0.166628780680802,0.683125462798194,0.99999999971548
"RAB7A",4.23259535251551e-08,1.01002805955511,0.166515883793752,0.683226998759358,0.99999999971548
"ATP5E",4.22194304001189e-08,1.00885104354453,0.165678786448479,0.683981113632194,0.99999999971548
"RPL23",4.2208916327494e-08,1.00873472938511,0.165596277429616,0.684055563577666,0.99999999971548
"LINC00116",4.21159090864232e-08,1.00770471802714,0.164867299503519,0.684714279726358,0.99999999971548
"PPCS",4.201771774932e-08,1.00661514587358,0.164099434366163,0.685409972102201,0.99999999971548
"STIP1",4.19983826514089e-08,1.00640033456882,0.163948443366359,0.685546994062156,0.99999999971548
"SNRPD2",4.19869769490382e-08,1.00627357783512,0.163859406926578,0.685627827657151,0.99999999971548
"HSPB1",4.18561210099657e-08,1.00481716939684,0.16283963530858,0.686555476798822,0.99999999971548
"ADI1",4.181093710942e-08,1.00431335885819,0.162488252602521,0.686875899180391,0.99999999971548
"C6orf25",4.1739973132433e-08,1.00352113789634,0.161937151477849,0.687379254969869,0.99999999971548
"MICU1",4.17367904423849e-08,1.00348557983693,0.161912456871112,0.687401833411621,0.99999999971548
"GTF2H5",4.16629799988224e-08,1.00266028294275,0.161340287197068,0.68792553303117,0.99999999971548
"TNIK",4.1658494800232e-08,1.00261009160091,0.16130555111832,0.687957361225014,0.99999999971548
"EIF4EBP1",4.15436791367663e-08,1.00132365084373,0.160417622653021,0.688772312572189,0.99999999971548
"MAGED2",4.14263491668052e-08,1.00000583976881,0.159512781461409,0.689605483584085,0.99999999971548
"MAPRE1",4.12888179717308e-08,0.998456995611206,0.158455407689095,0.690582584616397,0.99999999971548
"EBPL",4.11724736709597e-08,0.997143245335499,0.15756366940479,0.691409564550178,0.99999999971548
"RPL27",4.09789033607028e-08,0.994950292165793,0.156085596829646,0.69278628571748,0.99999999971548
"GDI2",4.09309810780202e-08,0.994405990513011,0.155720745464873,0.693127278122205,0.99999999971548
"SCP2",4.07892967437645e-08,0.992793490193083,0.154644543368822,0.694135800566391,0.99999999971548
"RAB6A",4.07558892290791e-08,0.992412571663461,0.154391331148866,0.694373677412848,0.99999999971548
"ERBB2IP",4.05883510711582e-08,0.99049816485572,0.153124605078393,0.69556707969312,0.99999999971548
"RPS19BP1",4.05617701831797e-08,0.990193801685378,0.152924111335478,0.695756489217997,0.99999999971548
"CNBP",4.05589105406886e-08,0.990161047151533,0.152902549511653,0.695776867528624,0.99999999971548
"SSRP1",4.03459873134224e-08,0.987716548632896,0.15130137001848,0.697294811799832,0.99999999971548
"RP11-354E11.2",4.02653688265048e-08,0.98678806586419,0.150697319814134,0.69786986327169,0.99999999971548
"COA3",4.02171387370918e-08,0.98623182675578,0.15033652379971,0.698213971363496,0.99999999971548
"AFF4",4.0205935416998e-08,0.986102535475091,0.150252776737794,0.698293912776519,0.99999999971548
"CD74",4.01834647082428e-08,0.985843119041614,0.150084874020755,0.698454262852734,0.99999999971548
"PRKAR2B",4.01750385468699e-08,0.98574580943844,0.15002193734843,0.698514395072162,0.99999999971548
"CD46",4.00903960013175e-08,0.984767328068895,0.149390457577923,0.699118540646234,0.99999999971548
"REXO2",4.00239341728604e-08,0.98399775839913,0.14889554937016,0.699593052923423,0.99999999971548
"GAPVD1",4.00147253622413e-08,0.983891040783305,0.148827040703757,0.699658809601716,0.99999999971548
"EIF3F",3.99210386202783e-08,0.98280412262386,0.148130957055893,0.700327919581055,0.99999999971548
"LAMTOR1",3.9771256797668e-08,0.981061792393849,0.147021481821331,0.701398143288679,0.99999999971548
"GOLGA2",3.97436639385164e-08,0.980740197280204,0.146817548825247,0.701595364982129,0.99999999971548
"HLA-DRB5",3.96590738059853e-08,0.979753086429334,0.146193243057151,0.702200103502287,0.99999999971548
"H3F3A",3.94965108333023e-08,0.977850931239718,0.14499720400939,0.703362802426795,0.99999999971548
"SPINT2",3.94643719014791e-08,0.97747406636729,0.144761327007811,0.703592751918242,0.99999999971548
"RARRES3",3.93584428134648e-08,0.976230036531321,0.143985241921684,0.704350851326232,0.99999999971548
"SEC11A",3.92995631543009e-08,0.975537294687532,0.143554764492748,0.704772360648832,0.99999999971548
"SERINC1",3.8967419671189e-08,0.971612502934092,0.141138488754562,0.707151813480452,0.99999999971548
"MIF",3.88836905155935e-08,0.970618521439063,0.140532612842044,0.707752096183495,0.99999999971548
"HINT2",3.87868812984887e-08,0.969466937924798,0.139833712302499,0.708446380730184,0.99999999971548
"CD44",3.86628723412544e-08,0.967988144651346,0.138940992308712,0.709336087051271,0.99999999971548
"YWHAZ",3.86427593221695e-08,0.967747910344679,0.138796471439776,0.709480425970569,0.99999999971548
"GUK1",3.85204766835457e-08,0.966284994459518,0.137919435482726,0.71035819843189,0.99999999971548
"TNFRSF1A",3.85068961323404e-08,0.966122275779755,0.137822204506049,0.71045570643758,0.99999999971548
"FYN",3.8410356539917e-08,0.964964122273217,0.137132010171663,0.711148994726359,0.99999999971548
"HLA-F",3.81851934610993e-08,0.962253044137694,0.135528975621706,0.712766906049048,0.99999999971548
"RER1",3.81566867483584e-08,0.961908817714029,0.135326695988899,0.712971833673443,0.99999999971548
"LIMS1",3.80051452828723e-08,0.960075148375573,0.134253915094723,0.714061574862852,0.99999999971548
"RAD23B",3.76887471896521e-08,0.956226101208039,0.132027855115989,0.716338685777637,0.99999999971548
"POMP",3.76093619010672e-08,0.955255953259285,0.131472249965046,0.716910417163808,0.99999999971548
"SLC44A1",3.7558561435944e-08,0.954634198273765,0.131117320212659,0.717276364459143,0.99999999971548
"COPE",3.74580366227203e-08,0.953401700002492,0.13041639318686,0.718000698328606,0.99999999971548
"AURKA",3.72779406608215e-08,0.951186395996402,0.129165339755476,0.719299017610279,0.99999999971548
"MCM5",3.72629453986074e-08,0.951001524400266,0.129061445680524,0.71940715567484,0.99999999971548
"VPS13C",3.71740053297911e-08,0.949903679796044,0.128446087185236,0.720048660767542,0.99999999971548
"LRRC59",3.7165826651995e-08,0.949802610426073,0.128389574383388,0.720107661671554,0.99999999971548
"PNRC1",3.71118727665186e-08,0.949135381105508,0.128017076906807,0.720496926245917,0.99999999971548
"ITGB3",3.69924495239689e-08,0.947655508489783,0.127194503691261,0.721358794350083,0.99999999971548
"ARPC1B",3.69340127861075e-08,0.946929855453095,0.126792964395187,0.721780656713617,0.99999999971548
"SSR1",3.68729311899016e-08,0.946170290888776,0.126373929909097,0.722221703121031,0.99999999971548
"POLD4",3.68495920979844e-08,0.945879774553745,0.126214001244461,0.722390249999741,0.99999999971548
"GRB2",3.6817487443773e-08,0.945479886132501,0.125994172937599,0.72262212076207,0.99999999971548
"RPL36AL",3.67905859828396e-08,0.94514457389133,0.125810119691239,0.722816431906133,0.99999999971548
"ARPC4",3.67603578178427e-08,0.94476754150934,0.125603466460477,0.723034793395697,0.99999999971548
"MTCH1",3.67225817192481e-08,0.944295985336768,0.125345450964601,0.723307711169418,0.99999999971548
"UNC45A",3.6676919523885e-08,0.94372542400198,0.125033926569107,0.723637649933988,0.99999999971548
"ADAM10",3.66657906569408e-08,0.943586272189405,0.124958060065526,0.723718070950743,0.99999999971548
"OXA1L",3.66127582292324e-08,0.942922666474864,0.124596849425676,0.724101343383011,0.99999999971548
"POLR2K",3.64624193734106e-08,0.941036890049002,0.123575714135683,0.725188238084963,0.99999999971548
"HLA-A",3.61966891940683e-08,0.93768709655797,0.121781091623903,0.727110723262949,0.99999999971548
"COX8A",3.60352630866863e-08,0.935641700437969,0.120697301241543,0.728279437284389,0.99999999971548
"PNP",3.5799552681617e-08,0.932640701247483,0.119123478191079,0.729987099173567,0.99999999971548
"PDE5A",3.57376724680396e-08,0.931850011641316,0.118712019671094,0.730435627938849,0.99999999971548
"TBCB",3.57045428124202e-08,0.93142619973433,0.118492024068777,0.730675800819831,0.99999999971548
"PSMD8",3.56778740778776e-08,0.931084790728571,0.118315080076352,0.730869154548049,0.99999999971548
"ARHGAP18",3.55680379772133e-08,0.929676341957577,0.117587723747286,0.731665668655209,0.99999999971548
"GTF2A2",3.55567225231977e-08,0.929531026904161,0.117512917999902,0.731747742995538,0.99999999971548
"MBP",3.55292898019417e-08,0.929178564017039,0.117331660824286,0.731946733389246,0.99999999971548
"COX6A1",3.55278280046274e-08,0.929159775814464,0.117322006165875,0.731957337423099,0.99999999971548
"CST3",3.55128639764684e-08,0.928967407324681,0.117223196856197,0.732065891025388,0.99999999971548
"IFI16",3.55025020064252e-08,0.92883415878724,0.1171547998918,0.732141063043415,0.99999999971548
"MRPS6",3.53257300215802e-08,0.926555752890003,0.115991043699271,0.733423869701505,0.99999999971548
"IFITM3",3.52516309947448e-08,0.925597742949081,0.115504949895635,0.733961816478434,0.99999999971548
"EIF4G2",3.52468113496709e-08,0.925535370168694,0.115473368105448,0.733996810837952,0.99999999971548
"TMEM256",3.51673468032025e-08,0.924505919526963,0.114953281623551,0.734573864657571,0.99999999971548
"GRINA",3.50140623048325e-08,0.922514413794861,0.113953367998971,0.735687405731387,0.99999999971548
"TET2",3.49989619430831e-08,0.922317816468393,0.113855100850362,0.735797132984226,0.99999999971548
"MTURN",3.49206433897579e-08,0.921296972267755,0.113346114905111,0.736366323643002,0.99999999971548
"UBC",3.49197731247604e-08,0.921285617603893,0.113340465528828,0.736372649224823,0.99999999971548
"PDCD10",3.48162509599648e-08,0.919933166817831,0.112669449810672,0.737125234665949,0.99999999971548
"FAM204A",3.47271032211869e-08,0.918765702587991,0.11209320353618,0.737773523003909,0.99999999971548
"CISD2",3.43939577239324e-08,0.914379681117771,0.109952845100829,0.740197827364041,0.99999999971548
"SEPT5",3.43813736809719e-08,0.914213282932487,0.109872400842993,0.740289452390722,0.99999999971548
"FAM50A",3.4271452370755e-08,0.912757541965935,0.109170973839922,0.741089951312198,0.99999999971548
"BIN2",3.37786388050388e-08,0.906180629191551,0.106053853773773,0.744682287063755,0.99999999971548
"ATP6AP2",3.37752515305318e-08,0.90613513579157,0.106032584976909,0.744706997735138,0.99999999971548
"PNN",3.37143355852594e-08,0.905316315008046,0.105650456041539,0.745151433449342,0.99999999971548
"SMAP1",3.34097962658932e-08,0.901203352024227,0.103750409584212,0.747374586872765,0.99999999971548
"ENSA",3.31888863708802e-08,0.898199390451556,0.102382923318588,0.74898855830663,0.99999999971548
"DNPH1",3.31677992336698e-08,0.897911736219887,0.102252863101405,0.749142678917396,0.99999999971548
"TSPAN3",3.29771420574145e-08,0.895303693568924,0.101080689443868,0.750536598660082,0.99999999971548
"MRPS36",3.2927894082073e-08,0.89462788812749,0.100779007617575,0.7508967896918,0.99999999971548
"OSBPL8",3.29243460339331e-08,0.894579166083491,0.100757290498025,0.750922741589605,0.99999999971548
"COMMD7",3.2860507671774e-08,0.893701751958775,0.100366944424914,0.751389730006331,0.99999999971548
"EZR",3.27830303515132e-08,0.892634885824147,0.0998942192438365,0.751956612019025,0.99999999971548
"PSIP1",3.27208772372419e-08,0.8917774480619,0.0995158008238679,0.752411467449842,0.99999999971548
"HDGF",3.26787218381803e-08,0.891195083531384,0.0992595469401892,0.752720022455349,0.99999999971548
"COX7C",3.26691708042419e-08,0.891063047989413,0.0992015340983574,0.752789936414208,0.99999999971548
"TEX264",3.25902678516241e-08,0.889970990271213,0.0987229274201054,0.753367586771009,0.99999999971548
"MYL12A",3.25193723409813e-08,0.888987796307792,0.0982938791101302,0.753886732241123,0.99999999971548
"POLR2E",3.24115129823637e-08,0.887488397757905,0.0976429235765225,0.754676765638126,0.99999999971548
"RSL1D1",3.240068350888e-08,0.887337612994527,0.0975776847339405,0.754756102072595,0.99999999971548
"SNHG8",3.234846615886e-08,0.886609945983804,0.097263423318224,0.755138681292471,0.99999999971548
"SHPRH",3.23116236969315e-08,0.886095918380097,0.0970419980841308,0.755408649951439,0.99999999971548
"TUBA4A",3.21590522602298e-08,0.883961792958958,0.0961277214415632,0.756526957679808,0.99999999971548
"POLD2",3.21586668371944e-08,0.88395639062958,0.096125417293054,0.756529783374216,0.99999999971548
"TMEM55A",3.21275216281477e-08,0.883519653701306,0.0959393152706775,0.756758132437476,0.99999999971548
"NOLC1",3.19254885061934e-08,0.880677646630544,0.0947364851798708,0.758239904836408,0.99999999971548
"DBI",3.19098405502631e-08,0.880456874076471,0.0946436396752406,0.758354708850553,0.99999999971548
"EIF3M",3.18534773071796e-08,0.879660879824058,0.0943095915441513,0.758768271960891,0.99999999971548
"CDC5L",3.17307676516487e-08,0.877923657145007,0.093584370461551,0.759668887853461,0.99999999971548
"PTPN6",3.16672267546297e-08,0.877021799505747,0.0932099401269211,0.760135368430147,0.99999999971548
"CDC42SE1",3.16152579901062e-08,0.876283018138233,0.0929042593836637,0.760516957963096,0.99999999971548
"SLMAP",3.15791158627406e-08,0.875768603192704,0.0926919670591542,0.760782372072673,0.99999999971548
"UNG",3.14901507673996e-08,0.874500167805186,0.0921704366996066,0.761435817976684,0.99999999971548
"DMTN",3.13942062447843e-08,0.873128723588455,0.0916096406105525,0.762140718275151,0.99999999971548
"ANXA5",3.1382422266137e-08,0.872960030466628,0.0915408812071414,0.762227308282451,0.99999999971548
"CLTC",3.13253850598981e-08,0.872142736771274,0.0912084345077155,0.762646466172692,0.99999999971548
"CARHSP1",3.12180926303656e-08,0.870601815229527,0.090584709336213,0.763435130730674,0.99999999971548
"CD36",3.11515068845459e-08,0.869643200191507,0.0901987012617643,0.763924699966107,0.99999999971548
"MEIS1",3.11484393901583e-08,0.869598995461212,0.0901809383722609,0.763947255881164,0.99999999971548
"SDCBP",3.10770634293968e-08,0.868569347469937,0.0897681166445546,0.764472154474335,0.99999999971548
"REEP5",3.10051781228149e-08,0.867530270537652,0.089353306199219,0.765000908187469,0.99999999971548
"FAU",3.09703393289773e-08,0.867025933857594,0.0891526163357207,0.765257205011702,0.99999999971548
"PHB",3.09580183510121e-08,0.86684745360552,0.0890816949995851,0.765347852292549,0.99999999971548
"AP2B1",3.09008217251384e-08,0.866018099860927,0.0887528325046376,0.765768698508831,0.99999999971548
"NPR3",3.07130551996832e-08,0.863286056716905,0.0876775096608311,0.767150748513785,0.99999999971548
"GPX4",3.07109039665704e-08,0.863254671724668,0.0876652277074248,0.767166586903411,0.99999999971548
"NHP2",3.07033961026492e-08,0.863145122235397,0.0876223700859862,0.767221864089595,0.99999999971548
"CDK4",3.06982988877576e-08,0.863070733966388,0.0875932792991186,0.767259393374564,0.99999999971548
"CA2",3.06407117682095e-08,0.862229565783868,0.0872649540455973,0.767683428194418,0.99999999971548
"STK17A",3.04931537033257e-08,0.860067909714986,0.0864264851171927,0.768770268818806,0.99999999971548
"NRBP1",3.04212565688498e-08,0.859011351870041,0.0860194107177171,0.769299992841687,0.99999999971548
"MT-ND3",3.03649733506255e-08,0.858182730090028,0.0857014113212348,0.76971475175308,0.99999999971548
"EEF1D",3.03482128283239e-08,0.857935717488117,0.0856068283966965,0.769838275124747,0.99999999971548
"BRK1",3.02783992265573e-08,0.856905542897029,0.0852134182931724,0.770352857174932,0.99999999971548
"PA2G4",3.02529517153904e-08,0.856529523688699,0.0850702430776524,0.770540450830487,0.99999999971548
"WRB",3.01474630057774e-08,0.854967854287528,0.0844780162651931,0.77131823427483,0.99999999971548
"RUFY1",2.999050290306e-08,0.852635374312029,0.0836006515306218,0.772475949101432,0.99999999971548
"EIF2S3",2.9919454111602e-08,0.851576072401157,0.0832050136486425,0.773000161346966,0.99999999971548
"CNPPD1",2.9897031845964e-08,0.851241313391537,0.0830803492189505,0.773165618838345,0.99999999971548
"TUBB4B",2.97338397304966e-08,0.848798293992574,0.0821758410475923,0.774370149741879,0.99999999971548
"ENY2",2.97217007555726e-08,0.848616105353124,0.0821087574243734,0.77445976999894,0.99999999971548
"BZW2",2.96243388614871e-08,0.847152496550123,0.0815716972833544,0.775178687095771,0.99999999971548
"ANXA6",2.95328362510354e-08,0.845773149274195,0.0810685639665431,0.775854515149651,0.99999999971548
"CD52",2.94817797111513e-08,0.845001885720272,0.0807885026475968,0.776231686871791,0.99999999971548
"PIN1",2.93968870458966e-08,0.843716915589143,0.08032391217298,0.776858934141935,0.99999999971548
"FCGR2A",2.93792665778052e-08,0.843449800517447,0.0802276488678919,0.776989144916493,0.99999999971548
"LYL1",2.92356927967331e-08,0.841268104324016,0.0794454345314493,0.778050351826787,0.99999999971548
"CLIC1",2.92140039065599e-08,0.840937717731006,0.0793276029363453,0.7782106984845,0.99999999971548
"VCL",2.92044658191946e-08,0.840792356613502,0.0792758120149121,0.7782812168591,0.99999999971548
"SEPT11",2.91930224975412e-08,0.840617905088437,0.0792136981663092,0.778365823698184,0.99999999971548
"PLEKHB2",2.91132938910481e-08,0.83940080213554,0.0787816104264786,0.778955374476681,0.99999999971548
"TAF15",2.91011168904114e-08,0.839214658066511,0.0787157214137605,0.779045428146957,0.99999999971548
"M6PR",2.90600554272907e-08,0.838586470993941,0.0784937435143591,0.77934911554425,0.99999999971548
"RANBP1",2.90376557807962e-08,0.838243459930677,0.0783727833541984,0.779514795795159,0.99999999971548
"PSMD2",2.89959965722275e-08,0.837604910101179,0.0781480678258717,0.779822957118023,0.99999999971548
"EIF3H",2.89886421964933e-08,0.83749209980734,0.0781084308113865,0.779877362470045,0.99999999971548
"SPG20",2.89599296151645e-08,0.837051433103505,0.0779537782417163,0.780089779409086,0.99999999971548
"SRM",2.89113346783315e-08,0.836304755033567,0.0776923839149297,0.780449324287674,0.99999999971548
"GNB2",2.88015040982875e-08,0.834613139735356,0.0771032176394343,0.781262113151462,0.99999999971548
"AK3",2.8769415994668e-08,0.834117858229814,0.0769315100912149,0.781499622709251,0.99999999971548
"UBE2L3",2.87197318156541e-08,0.83335003154889,0.0766660213220261,0.781867415007416,0.99999999971548
"ALOX12",2.86848355883123e-08,0.832810048994765,0.0764798267177837,0.782125767125707,0.99999999971548
"MEA1",2.86057739125563e-08,0.831584535353138,0.0760588174820387,0.782711184366311,0.99999999971548
"PPP1R12A",2.85841316489112e-08,0.831248550850275,0.0759437734146101,0.782871457363094,0.99999999971548
"PPP3CA",2.85761765625724e-08,0.831124996793997,0.0759015083414884,0.782930371517668,0.99999999971548
"C4orf3",2.85583992932977e-08,0.830848781782908,0.0758071009009399,0.783062031757859,0.99999999971548
"PJA2",2.85469648854003e-08,0.830671040176845,0.0757464087189451,0.783146719413753,0.99999999971548
"ADK",2.85448574381564e-08,0.830638274305391,0.0757352253466587,0.783162328265164,0.99999999971548
"TMED4",2.85294872097369e-08,0.830399239572866,0.0756536867147509,0.783276170817584,0.99999999971548
"RNASET2",2.84784847334451e-08,0.829605255814707,0.0753834346509323,0.783653963697532,0.99999999971548
"MCM6",2.84777734854189e-08,0.829594174681203,0.0753796693066679,0.783659232517051,0.99999999971548
"SPNS1",2.83711611520073e-08,0.827930442168572,0.0748163275490907,0.784449112866155,0.99999999971548
"RPN2",2.83407113788145e-08,0.827454261611295,0.0746558182439722,0.784674753066905,0.99999999971548
"SETD5",2.83341684771311e-08,0.827351884125042,0.0746213512690736,0.784723239917502,0.99999999971548
"H2AFY",2.82750040781242e-08,0.826425197503556,0.0743100438796647,0.785161721738694,0.99999999971548
"IARS2",2.81903160183152e-08,0.825095796591051,0.073865570103199,0.78578948426831,0.99999999971548
"SRC",2.81545289368981e-08,0.824532980183259,0.0736781472112463,0.786054803098851,0.99999999971548
"PPP1R18",2.80397346307572e-08,0.822723423356667,0.0730785570515076,0.786906034489717,0.99999999971548
"LAIR1",2.80373619067597e-08,0.822685953061289,0.0730661897511787,0.786923631581635,0.99999999971548
"SERPINB1",2.78725206857312e-08,0.820075986710179,0.0722095532644545,0.788146427409557,0.99999999971548
"NREP",2.77977671730876e-08,0.818887970722995,0.071822743670666,0.78870112293234,0.99999999971548
"RHEB",2.77923662094445e-08,0.818802028606539,0.0717948368002874,0.788741204003307,0.99999999971548
"ATP5G2",2.77138205398997e-08,0.8175505362899,0.0713896028679913,0.78932416212701,0.99999999971548
"DAD1",2.7610771438895e-08,0.815903935585664,0.070859689845515,0.79008916112757,0.99999999971548
"SDPR",2.75930315847982e-08,0.815619934868679,0.0707686647367658,0.790220875778612,0.99999999971548
"SSR3",2.7517039087741e-08,0.81440155613595,0.0703794010885456,0.790785171715274,0.99999999971548
"VDR",2.75140387323453e-08,0.814353391757974,0.0703640541100496,0.790807453645921,0.99999999971548
"VAMP8",2.7473496941109e-08,0.813702130445121,0.0701568447568905,0.791108551194792,0.99999999971548
"ARPC2",2.74071795984827e-08,0.812635007551831,0.06981855508624,0.791601146920331,0.99999999971548
"PYURF",2.72544040253688e-08,0.810168098323522,0.0690423467608769,0.792736258400698,0.99999999971548
"USP10",2.72408352059744e-08,0.809948417677274,0.0689736173232045,0.792837095028563,0.99999999971548
"PSAP",2.70877116129799e-08,0.807462709651266,0.0682003807898671,0.793975272170024,0.99999999971548
"RPL36A",2.68096404713616e-08,0.802917264252496,0.0668073346073475,0.796043312750087,0.99999999971548
"C20orf24",2.6758185602635e-08,0.80207167239457,0.0665511384203875,0.796426144911752,0.99999999971548
"C9orf16",2.64230739045124e-08,0.79652969736994,0.0648946424931778,0.798920622339929,0.99999999971548
"ATOX1",2.64033461445341e-08,0.796201543760399,0.064797776547893,0.799067534500361,0.99999999971548
"SDHC",2.62096274140467e-08,0.792967825904088,0.063850434907057,0.800510530365457,0.99999999971548
"ERBB2",2.61143105437006e-08,0.791369077299755,0.0633868680679267,0.801220788694351,0.99999999971548
"GSTK1",2.60941731017684e-08,0.791030662899337,0.0632891471481458,0.801370864876523,0.99999999971548
"HMGN1",2.5732114718485e-08,0.784907094050375,0.061545049181855,0.804070384606853,0.99999999971548
"ABCC4",2.55428813817901e-08,0.7816766696377,0.0606431760506767,0.805482247413288,0.99999999971548
"NIPSNAP3A",2.55360249010824e-08,0.781559231515797,0.0606106235007933,0.805533415295065,0.99999999971548
"SHKBP1",2.55233818885443e-08,0.781342609467281,0.0605506211177952,0.805627768530786,0.99999999971548
"CYCS",2.548683573528e-08,0.780715912011226,0.0603773440808619,0.805900523852572,0.99999999971548
"CCNDBP1",2.54671112635593e-08,0.780377349734729,0.0602839271969246,0.806047743541166,0.99999999971548
"CBX3",2.52099823649443e-08,0.775942843038622,0.0590727581741659,0.807967531552542,0.99999999971548
"IQGAP2",2.52053361492334e-08,0.775862352049871,0.0590509858872103,0.808002232025221,0.99999999971548
"KIT",2.51579887452491e-08,0.775041369406184,0.0588293435449607,0.808355869784197,0.99999999971548
"CDC42",2.51500357285889e-08,0.774903335862976,0.0587921548172188,0.808415274708203,0.99999999971548
"CORO1C",2.50801678734146e-08,0.773689066002905,0.0584659543977658,0.808937198909073,0.99999999971548
"POLE3",2.50799160220874e-08,0.773684683627712,0.0584647801907706,0.808939080433213,0.99999999971548
"DNM3",2.50057207634576e-08,0.77239196848102,0.0581193728858879,0.809493424434959,0.99999999971548
"OST4",2.49877564912199e-08,0.772078472600131,0.0580358962116866,0.80962765745926,0.99999999971548
"PFDN5",2.49326061905882e-08,0.771114814171899,0.0577799976874126,0.810039787704889,0.99999999971548
"HN1",2.49277772286412e-08,0.771030347952674,0.0577576181264576,0.810075876351045,0.99999999971548
"SERBP1",2.48879043391763e-08,0.770332363254186,0.057572995063966,0.810373876853395,0.99999999971548
"CLINT1",2.48688279476149e-08,0.769998082269562,0.0574847703529867,0.810516458995592,0.99999999971548
"ARL6IP5",2.48642327349747e-08,0.769917525728292,0.0574635284722749,0.810550805805309,0.99999999971548
"C1orf186",2.48424567401223e-08,0.769535604676247,0.0573629198944332,0.810713574929893,0.99999999971548
"FBXO9",2.48363716253584e-08,0.769428828059973,0.0573348214496135,0.810759060827413,0.99999999971548
"PHB2",2.48146550259735e-08,0.769047577318551,0.057234599645091,0.810921396419266,0.99999999971548
"KXD1",2.47106887872509e-08,0.767218343588134,0.0567560114336912,0.811698675788303,0.99999999971548
"EIF4E2",2.47099243819291e-08,0.767204869487589,0.0567525000846938,0.81170439137499,0.99999999971548
"SRSF4",2.46552879510709e-08,0.766240857846641,0.0565018051865221,0.812112943097302,0.99999999971548
"ALDOA",2.45644529105267e-08,0.76463403303688,0.0560862440718705,0.812792288271834,0.99999999971548
"EHD3",2.45052079994243e-08,0.763583234121204,0.0558160310500306,0.813235450332631,0.99999999971548
"SLC38A1",2.44839244875043e-08,0.763205198964472,0.0557191173431838,0.813394669248264,0.99999999971548
"KDELR2",2.44430943962174e-08,0.762479178933462,0.0555334347164168,0.813700134918012,0.99999999971548
"N4BP2L1",2.43294653954158e-08,0.760453117979968,0.0550183165065699,0.81455038635109,0.99999999971548
"UBA52",2.41768623843536e-08,0.757719141577561,0.0543302923836485,0.815692612118488,0.99999999971548
"MRPL3",2.40639683754794e-08,0.755686899347476,0.0538240857424019,0.816537870276194,0.99999999971548
"GLG1",2.38311831664383e-08,0.751470139227724,0.0527877771497041,0.818281448665398,0.99999999971548
"ORAI1",2.38242427024744e-08,0.751343867868249,0.0527570343777285,0.818333447099531,0.99999999971548
"ATP2C1",2.38142047718096e-08,0.751161186117951,0.0527125872238851,0.818408653381274,0.99999999971548
"NCF4",2.37746839057122e-08,0.75044128853593,0.0525377740403425,0.818704768233134,0.99999999971548
"SNRPF",2.37147645758989e-08,0.749347831969857,0.0522732858784387,0.819153770348925,0.99999999971548
"MKI67",2.37030089108093e-08,0.749133023094556,0.0522214738580403,0.819241867725332,0.99999999971548
"MRPL11",2.36319992736329e-08,0.747833504377584,0.0519090516370414,0.819774064976426,0.99999999971548
"SSSCA1",2.36024679691698e-08,0.747292063643193,0.0517793982646132,0.819995418249368,0.99999999971548
"CDKN3",2.35013327727682e-08,0.745433327994636,0.0513366055786053,0.820753590392966,0.99999999971548
"TAPBP",2.33500338965848e-08,0.742639615580637,0.0506777349749459,0.821888133127491,0.99999999971548
"PHYKPL",2.33128134057436e-08,0.741949931652567,0.0505163007932424,0.822167295089588,0.99999999971548
"ITSN2",2.32944530234132e-08,0.741609366724807,0.0504367622710484,0.822305010336878,0.99999999971548
"FEZ2",2.32921286724816e-08,0.741566235918153,0.0504266974812519,0.822322444926598,0.99999999971548
"CERS2",2.32475927388591e-08,0.740739100265539,0.0502340441577345,0.822656518875625,0.99999999971548
"VPS29",2.29136842021802e-08,0.734493354774291,0.0488013697545829,0.825162261250003,0.99999999971548
"ACADM",2.29001975022721e-08,0.734239427057523,0.0487439389435312,0.825263506811104,0.99999999971548
"ZNF428",2.28621485089254e-08,0.733522338394186,0.0485820960564878,0.825549158818489,0.99999999971548
"C2orf88",2.27956424282649e-08,0.73226643763045,0.0482998561528459,0.826048507249673,0.99999999971548
"LSM7",2.27254489686666e-08,0.730937442414087,0.048002859551781,0.826575618000945,0.99999999971548
"CAPG",2.26282856778371e-08,0.729091914155688,0.0475932619212921,0.827305384924397,0.99999999971548
"TTC3",2.25842793491429e-08,0.728253785059984,0.0474083280547047,0.827635953542675,0.99999999971548
"TRBC2",2.25403790513351e-08,0.727416258716605,0.047224198476232,0.827965756101703,0.99999999971548
"ROCK1",2.24026951411408e-08,0.72478030082297,0.0466490391949794,0.829000307908402,0.99999999971548
"NAPA",2.24010653730655e-08,0.724749014621922,0.0466422521232539,0.829012555705336,0.99999999971548
"BUD31",2.21599321397577e-08,0.720098081922549,0.0456435082252411,0.830825141677751,0.99999999971548
"SMARCA2",2.21136023327277e-08,0.719199443238012,0.0454528538172193,0.831173503842785,0.99999999971548
"BTK",2.20372868890416e-08,0.717715609499506,0.0451396737927663,0.831747405711573,0.99999999971548
"NRGN",2.19917652309191e-08,0.716828382800479,0.0449533794898315,0.832089777124477,0.99999999971548
"PTGS1",2.1947664894365e-08,0.715967333163858,0.0447732692149158,0.832421489066972,0.99999999971548
"YWHAB",2.1930308733012e-08,0.715628045070335,0.0447024840241228,0.832552046053599,0.99999999971548
"CLU",2.19246711353443e-08,0.715517787853421,0.0446795037523722,0.832594454337348,0.99999999971548
"TNFRSF14",2.18914517245211e-08,0.714867598561914,0.0445442130234982,0.832844354035487,0.99999999971548
"FBXO7",2.18381849018976e-08,0.71382323622554,0.0443277045860743,0.833245099669751,0.99999999971548
"LYN",2.17683912517243e-08,0.712451485922397,0.0440448194905555,0.833770248192676,0.99999999971548
"TCEB2",2.17230640298157e-08,0.711558557321463,0.0438615858512901,0.834111343650819,0.99999999971548
"ATP8B4",2.17073139071145e-08,0.711247906597776,0.0437980059695976,0.834229873455086,0.99999999971548
"RAB13",2.16122434031542e-08,0.709368589857185,0.0434152059324912,0.834945420046245,0.99999999971548
"SOD1",2.16120905840806e-08,0.709365563204997,0.0434145919612369,0.834946570346673,0.99999999971548
"PLK1",2.15364158927685e-08,0.707864498938739,0.0431110920340628,0.835516232562887,0.99999999971548
"GCSH",2.14449561135396e-08,0.706044189974016,0.0427457054574054,0.83620483655831,0.99999999971548
"PCNA",2.14302231948439e-08,0.705750331813775,0.0426869921011574,0.83631577299185,0.99999999971548
"LINC00989",2.13861959942193e-08,0.70487113066731,0.0425117761737799,0.836647309901295,0.99999999971548
"TIMM13",2.13119853865196e-08,0.703385612127662,0.0422172543161543,0.837206201798688,0.99999999971548
"PNISR",2.12985539050705e-08,0.703116265286448,0.0421640578096234,0.837307365212585,0.99999999971548
"HLA-B",2.12980835414962e-08,0.7031068302211,0.0421621955030994,0.837310907952085,0.99999999971548
"XRN1",2.12575750124167e-08,0.70229358519073,0.0420019647202387,0.837616027207444,0.99999999971548
"SIVA1",2.11613757482323e-08,0.700356883444669,0.0416226725850863,0.838340719256452,0.99999999971548
"TM9SF2",2.09547287555658e-08,0.696170595374506,0.0408137267389245,0.839897903360673,0.99999999971548
"TXNL4A",2.09215157487774e-08,0.695494414101467,0.0406844506851919,0.840148237908913,0.99999999971548
"PTTG1",2.08317859958671e-08,0.693662932225742,0.0403362180565076,0.840824633761895,0.99999999971548
"BCAP31",2.0694073865154e-08,0.690838685727008,0.0398046816731022,0.841862956152687,0.99999999971548
"PSME2",2.06633791510242e-08,0.690206960888367,0.0396866877765209,0.842094425813147,0.99999999971548
"CKS2",2.06550460211733e-08,0.690035316694413,0.0396546845272049,0.842157268524377,0.99999999971548
"SF3A3",2.0590481510028e-08,0.688703384181768,0.0394071630461527,0.842644203527196,0.99999999971548
"MRPL4",2.04870319445403e-08,0.68656167985282,0.0390121831577971,0.843424528632001,0.99999999971548
"USP47",2.03901034165716e-08,0.684546426218333,0.0386439064639306,0.844155804750545,0.99999999971548
"CNOT7",2.03480941427093e-08,0.683670416425856,0.0384848361456739,0.844472784981933,0.99999999971548
"GARS",2.02174431196817e-08,0.680935889276722,0.0379922159501477,0.845458770706029,0.99999999971548
"PCBP2",2.02006994762543e-08,0.680584334218677,0.0379293133665285,0.845585147704522,0.99999999971548
"CACYBP",2.0187217372093e-08,0.680301075246871,0.0378787016232043,0.845686910275866,0.99999999971548
"ZCRB1",2.00697378628948e-08,0.677825842250983,0.0374391142456761,0.846573751324771,0.99999999971548
"INPP5D",2.00656905312057e-08,0.67774034268379,0.0374240155696842,0.846604307696203,0.99999999971548
"TMED2",2.00292951116064e-08,0.676970817548827,0.0372883783252288,0.846879094633927,0.99999999971548
"CCNA2",2.00176151954898e-08,0.676723605884148,0.0372449021926821,0.84696728243631,0.99999999971548
"H2AFV",1.99983152852729e-08,0.676314837874433,0.0371731177432428,0.847113008287331,0.99999999971548
"TBXA2R",1.9928180526634e-08,0.67482650344574,0.0369128402186754,0.8476426115928,0.99999999971548
"TUBA1A",1.98459307451083e-08,0.673075259216327,0.0366087675380909,0.848263785798325,0.99999999971548
"ZNF106",1.98320878184685e-08,0.672779898183647,0.0365577146801497,0.848368340871975,0.99999999971548
"CASP8",1.98021297497249e-08,0.672140080245712,0.0364473509762489,0.848594622104649,0.99999999971548
"NOP58",1.97755192903804e-08,0.671571051072012,0.0363494595785065,0.848795628420926,0.99999999971548
"CDK5RAP3",1.97106810217049e-08,0.670181777580339,0.0361114913819329,0.849285435683668,0.99999999971548
"IPO5",1.96121421796063e-08,0.668062779562898,0.0357513323497322,0.850029938294577,0.99999999971548
"RNF181",1.96060223729005e-08,0.667930872857069,0.0357290240158997,0.850076180439275,0.99999999971548
"RAC1",1.95542202444796e-08,0.666812889500893,0.0355404702793099,0.850467625457635,0.99999999971548
"SF3B4",1.95179627071429e-08,0.666028852782653,0.0354087938188434,0.850741629035034,0.99999999971548
"STARD3NL",1.94792993037443e-08,0.665191394306358,0.0352686492207629,0.851033833955041,0.99999999971548
"CD53",1.94772488327968e-08,0.665146940257561,0.0352612245661849,0.851049331292166,0.99999999971548
"LAMTOR5",1.94490313087346e-08,0.664534772708383,0.0351591296838005,0.851262603496672,0.99999999971548
"LMNA",1.9447449393414e-08,0.664500430842732,0.0351534104782415,0.851274560167944,0.99999999971548
"FAAP20",1.93219415400086e-08,0.661768000114076,0.0347011360374067,0.852223301320226,0.99999999971548
"LDHA",1.92993653161912e-08,0.661274855717921,0.0346200921186594,0.852393982639523,0.99999999971548
"STXBP2",1.92632598611884e-08,0.660485141194128,0.0344906780239135,0.85266696234724,0.99999999971548
"MGMT",1.92154562610765e-08,0.659437576389469,0.0343197066730866,0.85302841445708,0.99999999971548
"TOMM7",1.91732405083843e-08,0.658510576618112,0.0341690736919814,0.853347641454003,0.99999999971548
"PPM1K",1.91516816154158e-08,0.658036487962018,0.0340922756932877,0.853510674716835,0.99999999971548
"PAK2",1.90909173144838e-08,0.656697754159907,0.0338762834922933,0.85397022185947,0.99999999971548
"ETV6",1.90737433273356e-08,0.656318712205414,0.0338153614149204,0.854100113963516,0.99999999971548
"ANXA1",1.89798683584375e-08,0.654241563983492,0.0334833233657642,0.854810188793574,0.99999999971548
"PARP1",1.89756589269402e-08,0.654148213749756,0.033468472880651,0.854842031897309,0.99999999971548
"ARL2BP",1.89240226394816e-08,0.653001636172725,0.0332865728651109,0.855232664355061,0.99999999971548
"C19orf33",1.89113056276578e-08,0.652718838835567,0.0332418505016614,0.855328874969442,0.99999999971548
"PIK3R1",1.86797110578702e-08,0.647539546907988,0.0324326528582687,0.857081379628254,0.99999999971548
"FLT3",1.86364239270353e-08,0.646565299753385,0.0322825124399825,0.857409017119262,0.99999999971548
"ATF4",1.8602801496348e-08,0.645807213175541,0.0321661341661422,0.857663520075912,0.99999999971548
"UBR4",1.85334985980979e-08,0.644240869705504,0.0319269170805068,0.858188150827087,0.99999999971548
"LSM5",1.85228718422963e-08,0.644000239640823,0.0318903150022435,0.858268602110633,0.99999999971548
"ARPP19",1.85177045991131e-08,0.643883190257356,0.0318725248852967,0.858307721951801,0.99999999971548
"DCTN2",1.8476475435681e-08,0.64294824024149,0.0317307562712015,0.858619869576276,0.99999999971548
"OSTC",1.84595338062638e-08,0.642563530284486,0.0316725932023343,0.858748141731446,0.99999999971548
"ARFGAP3",1.84049338643531e-08,0.641321583188078,0.0314855067615166,0.859161566061581,0.99999999971548
"MPHOSPH8",1.83392756394774e-08,0.639823849609428,0.0312612630820044,0.859658773539713,0.99999999971548
"ENDOD1",1.8303349502585e-08,0.639002360979344,0.031138903139173,0.859930853563542,0.99999999971548
"TPI1",1.82857769100956e-08,0.638600034372203,0.0310791404620774,0.860063942435706,0.99999999971548
"CCT4",1.82546481322896e-08,0.637886510977178,0.0309734154290189,0.86029971102575,0.99999999971548
"GGH",1.81836215046299e-08,0.636254491507456,0.0307328567083834,0.86083771153019,0.99999999971548
"MZT1",1.81567681659622e-08,0.63563602213362,0.0306421519576389,0.861041132503891,0.99999999971548
"ENO1",1.7993118651385e-08,0.631849656258639,0.0300922771429858,0.862281018629228,0.99999999971548
"CALM1",1.79646456248177e-08,0.63118781740956,0.0299971140651951,0.862496778492128,0.99999999971548
"BPTF",1.79480469681701e-08,0.630801570208878,0.0299417072643822,0.862622562755753,0.99999999971548
"HLA-C",1.79099811815765e-08,0.629914612741734,0.0298148359679822,0.862911037617134,0.99999999971548
"AASDHPPT",1.78718528509377e-08,0.629024552566064,0.0296880262451324,0.863200004783351,0.99999999971548
"ARL8B",1.78415705918442e-08,0.628316471859054,0.0295875040603057,0.863429521149498,0.99999999971548
"FRMD4B",1.78326896036506e-08,0.628108612202517,0.0295580558820326,0.863496834435143,0.99999999971548
"PCBP1",1.78294623555521e-08,0.628033056107475,0.029547358387699,0.863521295547865,0.99999999971548
"HACD4",1.78259428727859e-08,0.627950644673572,0.0295356944179436,0.8635479718192,0.99999999971548
"DCTPP1",1.77174319057799e-08,0.625402804257768,0.029177206552305,0.864370517726569,0.99999999971548
"PSMD1",1.76373804044847e-08,0.623514477774141,0.0289141433015955,0.864977426560508,0.99999999971548
"CDK1",1.7568556892916e-08,0.621885037590462,0.028688929550461,0.865499274308814,0.99999999971548
"SHMT2",1.70887082560765e-08,0.610367439896448,0.0271431743380582,0.869139298762311,0.99999999971548
"UBE2V2",1.70273767275575e-08,0.608875109840709,0.0269486897724209,0.869604747648989,0.99999999971548
"DOCK2",1.70258389467109e-08,0.608837632222621,0.0269438223981551,0.869616418547335,0.99999999971548
"GMPR",1.70250889628102e-08,0.608819353120658,0.0269414487133084,0.869622110516857,0.99999999971548
"MZT2A",1.69730840566906e-08,0.607550143801422,0.0267771091753115,0.87001681590203,0.99999999971548
"CASP3",1.6953805276842e-08,0.607078774645357,0.0267163144708706,0.870163145680365,0.99999999971548
"NQO2",1.69432886236627e-08,0.606821444264013,0.0266831798364284,0.870242971046641,0.99999999971548
"PLPP5",1.68225024471088e-08,0.603855940775438,0.0263040950738185,0.871159878298538,0.99999999971548
"RFC1",1.67583302783795e-08,0.602272864313363,0.0261037953532488,0.871647090056312,0.99999999971548
"ARMCX3",1.66963797422637e-08,0.600739583321361,0.0259111562250244,0.872117480808163,0.99999999971548
"LAPTM5",1.66925159751009e-08,0.60064379089964,0.0258991652315067,0.872146819912879,0.99999999971548
"MESDC2",1.66559584203859e-08,0.599736482128139,0.0257858481776213,0.872424424512925,0.99999999971548
"SETX",1.66226259208456e-08,0.598907703789356,0.0256827443257728,0.872677552927071,0.99999999971548
"VBP1",1.65951158287491e-08,0.598222603996406,0.025597805879207,0.872886475553095,0.99999999971548
"ISYNA1",1.65850198930885e-08,0.597970931228491,0.0255666695867628,0.872963150345068,0.99999999971548
"NSA2",1.65413949520467e-08,0.596881908750072,0.0254323462552936,0.873294478891984,0.99999999971548
"TARSL2",1.65321640784345e-08,0.596651155482517,0.0254039692930956,0.87336458961831,0.99999999971548
"PHPT1",1.65168523600289e-08,0.596268146072635,0.025356933915171,0.873480888029961,0.99999999971548
"HDAC8",1.64954371865323e-08,0.595731945607381,0.0252912227136789,0.873643549124068,0.99999999971548
"SNU13",1.64927609142781e-08,0.595664893624443,0.0252830167224043,0.873663877393466,0.99999999971548
"PSMA7",1.62854270784209e-08,0.590441305292683,0.0246513364854191,0.875238983878601,0.99999999971548
"SMARCC1",1.62768362059101e-08,0.590223620460013,0.0246253352476395,0.875304259087722,0.99999999971548
"CCNG1",1.62431766911616e-08,0.58936975516511,0.0245235931411455,0.875560019145619,0.99999999971548
"CAPN1",1.62357676270448e-08,0.589181597405604,0.024501226157352,0.875616318277126,0.99999999971548
"NDUFB7",1.62355808280065e-08,0.589176852563427,0.0245006623676677,0.875617737711988,0.99999999971548
"UQCRB",1.62344210692223e-08,0.589147392717382,0.0244971621733943,0.875626550411123,0.99999999971548
"MAPKAPK3",1.62176338612194e-08,0.588720763915906,0.0244465257713632,0.87575411367517,0.99999999971548
"GOLPH3",1.62102054661706e-08,0.58853185664713,0.0244241357158859,0.875810561871747,0.99999999971548
"RPS10",1.6209661594601e-08,0.588518022801816,0.0244224968260872,0.875814694763641,0.99999999971548
"ATP5A1",1.61029072992635e-08,0.585794784850936,0.0241018706246056,0.876625988410115,0.99999999971548
"SLC25A3",1.60919486415219e-08,0.585514348008575,0.0240690772571971,0.876709277556994,0.99999999971548
"ILF2",1.60769800162424e-08,0.585131025791849,0.0240243202870134,0.876823045888032,0.99999999971548
"ABLIM1",1.60427360932125e-08,0.584252925602084,0.0239220858109575,0.877083324777723,0.99999999971548
"CCPG1",1.60166404197866e-08,0.583582671670447,0.0238443241110276,0.877281679928802,0.99999999971548
"TMEM261",1.60104029642382e-08,0.583422325183525,0.0238257560533288,0.877329092433057,0.99999999971548
"MRPL14",1.59885014959247e-08,0.582858872656829,0.0237606156404835,0.877495574612553,0.99999999971548
"SLA2",1.59811902893754e-08,0.582670629955548,0.0237388901461019,0.877551151344343,0.99999999971548
"PDCD4",1.59567833810964e-08,0.582041678802631,0.023666436158426,0.877736686813739,0.99999999971548
"CLEC1B",1.59355036491468e-08,0.581492629836035,0.0236033558246804,0.877898455718916,0.99999999971548
"STK4",1.59313407141585e-08,0.5813851452954,0.0235910253199762,0.877930103022126,0.99999999971548
"PTPN12",1.59266862139179e-08,0.581264939895299,0.0235772426265085,0.877965487514669,0.99999999971548
"ATP6V1F",1.59085548502551e-08,0.580796394448151,0.0235235912613874,0.87810332828955,0.99999999971548
"MT-ND5",1.58611772763786e-08,0.579569880556741,0.0233836877754695,0.878463526106315,0.99999999971548
"UQCRH",1.58020405174842e-08,0.578034464667547,0.0232096455083144,0.878913160855634,0.99999999971548
"POLR3GL",1.57676018218737e-08,0.577138000253755,0.0231085903420713,0.879175026728449,0.99999999971548
"TGFBR2",1.56638799102102e-08,0.574427715331446,0.0228055659890531,0.879963789904467,0.99999999971548
"SOCS2",1.56520960410666e-08,0.57411881247754,0.0227712658384191,0.880053409011877,0.99999999971548
"SDHA",1.56351363970572e-08,0.573673876355265,0.0227219455002288,0.880182393805884,0.99999999971548
"PDXDC1",1.56243149004233e-08,0.573389755027275,0.0226905034509177,0.880264697225344,0.99999999971548
"SSX2IP",1.5544134238145e-08,0.571279240707191,0.0224582153315744,0.880874555393969,0.99999999971548
"CNST",1.55359048314752e-08,0.571062090863311,0.0224344418796846,0.880937152680855,0.99999999971548
"HLA-E",1.5525320486814e-08,0.570782653980754,0.0224038838940256,0.88101766398446,0.99999999971548
"HSPE1",1.55143183209532e-08,0.570492010505016,0.0223721416948801,0.881101354807162,0.99999999971548
"CKAP2",1.55095856324559e-08,0.570366932238207,0.0223584944013402,0.881137355635831,0.99999999971548
"TMEM109",1.54986487114753e-08,0.570077757814769,0.0223269723641434,0.881220552039983,0.99999999971548
"LMAN2",1.54492410806693e-08,0.568769193643991,0.0221848484249938,0.881596408805443,0.99999999971548
"ORAI2",1.54147902666189e-08,0.567854605900533,0.0220860171711573,0.88185850094036,0.99999999971548
"C4orf48",1.54118550517516e-08,0.567776600705216,0.0220776069323169,0.881880831830661,0.99999999971548
"KPNB1",1.53695581210709e-08,0.566651095700224,0.0219565918297654,0.882202634062154,0.99999999971548
"RABGAP1L",1.5334908161888e-08,0.565727064188239,0.0218577031803852,0.882466271327974,0.99999999971548
"RGS10",1.52532794816324e-08,0.56354302263994,0.0216256226619099,0.883087401748353,0.99999999971548
"GSR",1.52121695219047e-08,0.562439240195587,0.0215092109167765,0.883400243634888,0.99999999971548
"YBX3",1.51566621426792e-08,0.560944769797394,0.0213525282436986,0.883822677009953,0.99999999971548
"ANAPC15",1.51467954205435e-08,0.56067862178729,0.0213247370470923,0.883897770176324,0.99999999971548
"ZNF148",1.51340178411426e-08,0.560333731213861,0.021288773850372,0.883995018702877,0.99999999971548
"RBMX",1.50950289181448e-08,0.559279779935982,0.0211792249919208,0.884291769219439,0.99999999971548
"CD59",1.50389861936807e-08,0.557760673332969,0.0210222543598823,0.884718347193524,0.99999999971548
"INF2",1.50128940218698e-08,0.557051732444531,0.0209493717285343,0.884916963254532,0.99999999971548
"TOX4",1.50124057497865e-08,0.55703845556882,0.0209480090562845,0.884920680096431,0.99999999971548
"SPCS1",1.48228879113015e-08,0.551856578544424,0.0204224487263556,0.886363524902022,0.99999999971548
"MAPK14",1.47441523586924e-08,0.54968679702822,0.0202060668422373,0.886963068624573,0.99999999971548
"TFDP2",1.46417259351624e-08,0.546849011522631,0.0199263021847949,0.887743106824982,0.99999999971548
"TPX2",1.45787825411668e-08,0.545096548752997,0.0197553478603165,0.888222512238835,0.99999999971548
"SRP72",1.45638207404218e-08,0.544679016005408,0.0197148199346157,0.888336474115552,0.99999999971548
"AP2M1",1.45341465797354e-08,0.54384980648823,0.0196345628719073,0.888562504740723,0.99999999971548
"HNRNPM",1.45004670022844e-08,0.542906884150913,0.0195436710414177,0.888819055946064,0.99999999971548
"NGFRAP1",1.44980447194357e-08,0.542838994431641,0.0195371421006477,0.888837507920866,0.99999999971548
"PCMT1",1.4466091580299e-08,0.541942513771282,0.0194511187650948,0.889080919694823,0.99999999971548
"TRAPPC6A",1.44650227014199e-08,0.54191249542941,0.0194482444404297,0.889089062352834,0.99999999971548
"MSH6",1.43914732224785e-08,0.539842286455665,0.0192509724808055,0.88964938612578,0.99999999971548
"N4BP2L2",1.42273522074916e-08,0.535189359063774,0.0188143981821845,0.890899911575662,0.99999999971548
"ADD1",1.41768210927475e-08,0.533747371108709,0.0186809897752683,0.891284989854399,0.99999999971548
"ETS2",1.40840086706896e-08,0.531087129548077,0.0184371900675952,0.891992344523375,0.99999999971548
"PRKCB",1.40324158270039e-08,0.529601745136374,0.0183023584568466,0.892385588132443,0.99999999971548
"COTL1",1.40147132692827e-08,0.529090984656735,0.0182562089995845,0.892520524143741,0.99999999971548
"PRRC2B",1.39538733269775e-08,0.527331319721841,0.0180980472434432,0.892984294341412,0.99999999971548
"ARF1",1.39521854695586e-08,0.527282406990722,0.0180936692366893,0.892997161049127,0.99999999971548
"FAXDC2",1.39118389646267e-08,0.526111663388696,0.0179891750988766,0.893304734909813,0.99999999971548
"CTTN",1.38285616902786e-08,0.523685818616582,0.0177744506993435,0.893939633969222,0.99999999971548
"PUF60",1.38114384954221e-08,0.523185450001602,0.0177304595806985,0.894070188229174,0.99999999971548
"NCKAP1L",1.37631451991256e-08,0.521771325682127,0.0176066831430729,0.894438411575149,0.99999999971548
"TPST2",1.37422601152958e-08,0.521158431321087,0.0175532886537596,0.89459766175188,0.99999999971548
"SEC13",1.37375465417139e-08,0.521019994574552,0.0175412492181275,0.894633603657071,0.99999999971548
"IGHM",1.35444993898591e-08,0.515314425911345,0.0170517156249996,0.896105810343026,0.99999999971548
"SRSF3",1.35315347059761e-08,0.514928721050812,0.0170190877229807,0.896204693855807,0.99999999971548
"AUP1",1.34500048410836e-08,0.512495779383514,0.0168146195979727,0.89682657077905,0.99999999971548
"SNRPD1",1.33970598100341e-08,0.510908961413008,0.0166825009315846,0.897230448091198,0.99999999971548
"USP1",1.33877936080205e-08,0.510630682917234,0.0166594316960391,0.897301135628941,0.99999999971548
"BCL2L1",1.33670858799094e-08,0.510008191468989,0.0166079352072257,0.897459108183539,0.99999999971548
"KMT2C",1.33535812664061e-08,0.509601779543925,0.0165743945458687,0.897562132698474,0.99999999971548
"SHARPIN",1.322306864467e-08,0.505655559987266,0.0162519946337808,0.898557881141101,0.99999999971548
"LINC01420",1.32175380844056e-08,0.505487589180553,0.0162384026542779,0.898600080191014,0.99999999971548
"SRP14",1.31918968204095e-08,0.504708028625234,0.0161754606303289,0.898795730836907,0.99999999971548
"ATXN2",1.31904508014899e-08,0.504664026670917,0.0161719147050561,0.898806764584573,0.99999999971548
"C10orf54",1.3182443462207e-08,0.504420289580534,0.016152286156373,0.898867864388903,0.99999999971548
"MRPS21",1.31659756878773e-08,0.503918618470896,0.01611195583936,0.898993523217359,0.99999999971548
"CTSC",1.31317727890883e-08,0.50287492140874,0.0160283524955626,0.899254519591328,0.99999999971548
"NUTM2A-AS1",1.31303243319595e-08,0.502830669756713,0.0160248167808646,0.899265572756529,0.99999999971548
"WBP1",1.31056151339439e-08,0.502075126973279,0.0159645611781027,0.89945413146437,0.99999999971548
"SERF2",1.30548839569881e-08,0.500520008275091,0.0158412043685347,0.899841284638053,0.99999999971548
"AKIRIN1",1.30536669818973e-08,0.500482638475154,0.0158382510749435,0.899850572233289,0.99999999971548
"EIF3K",1.29627617514774e-08,0.497682595355726,0.0156184252467144,0.900544372845736,0.99999999971548
"NDUFA11",1.28434347143506e-08,0.493981068293086,0.0153322019221544,0.901455207672607,0.99999999971548
"FLI1",1.28265851550482e-08,0.49345598653133,0.0152919990652084,0.901583832472217,0.99999999971548
"TPP1",1.27757005477609e-08,0.491866622522907,0.015170909329286,0.90197228693189,0.99999999971548
"BRD3",1.27340614649421e-08,0.490561937505256,0.0150721791951546,0.902290178276381,0.99999999971548
"NME2",1.26602768246356e-08,0.48824088812957,0.0148980205528168,0.902853521602921,0.99999999971548
"DOK2",1.26518824885267e-08,0.487976081832254,0.0148782709796084,0.902917615190123,0.99999999971548
"FO538757.2",1.25685422445115e-08,0.485338720680331,0.0146829048246381,0.903553980316146,0.99999999971548
"NEAT1",1.25636500947467e-08,0.485183432907857,0.0146714767706397,0.903591337469607,0.99999999971548
"DEK",1.25150824918884e-08,0.483638928794356,0.0145582642607979,0.903962218176398,0.99999999971548
"COX7B",1.25125587843315e-08,0.483558529654947,0.0145523934090312,0.903981490741564,0.99999999971548
"IL1B",1.249374080365e-08,0.4829585897703,0.01450865483565,0.904125198064925,0.99999999971548
"ERLEC1",1.24912464668401e-08,0.482879008318481,0.0145028621975876,0.904144246809331,0.99999999971548
"EIF3A",1.24614692230393e-08,0.481927900623166,0.0144337993501336,0.904371653839081,0.99999999971548
"CAPZA2",1.24240131009461e-08,0.480728712316962,0.0143471608271484,0.904657715138999,0.99999999971548
"AKR1B1",1.24239210891001e-08,0.480725762612613,0.0143469483187014,0.90465841787057,0.99999999971548
"F13A1",1.24156970739013e-08,0.480462041367829,0.0143279606788735,0.904721228292377,0.99999999971548
"JARID2",1.23871410276505e-08,0.479545147166678,0.0142621279859626,0.904939328005406,0.99999999971548
"CEBPZ",1.23842469559285e-08,0.479452120038293,0.0142554644952524,0.904961432173556,0.99999999971548
"MAP1LC3B",1.23647991016046e-08,0.478826496656185,0.0142107269323652,0.905109971742974,0.99999999971548
"HIST1H1B",1.22991449490909e-08,0.476708108639444,0.01406021640013,0.905611452046139,0.99999999971548
"SENP6",1.22925291371338e-08,0.476494098559943,0.0140450942546283,0.905661987107992,0.99999999971548
"SNRPA",1.2261444996752e-08,0.475487237112282,0.0139741523537856,0.905899429280909,0.99999999971548
"ZCCHC17",1.22575643051487e-08,0.475361379891583,0.0139653082421753,0.90592907327969,0.99999999971548
"NT5C3A",1.22329670072374e-08,0.474562841949554,0.0139093160110111,0.906116971254154,0.99999999971548
"RNF167",1.21991808027335e-08,0.473463711245042,0.0138325898941629,0.906375071557692,0.99999999971548
"MTPN",1.21912630695885e-08,0.473205749102474,0.0138146399653873,0.906435558306965,0.99999999971548
"DCK",1.2185691186585e-08,0.473024128089445,0.013802015191855,0.906478124488481,0.99999999971548
"NDUFS2",1.21808938847151e-08,0.472867697428441,0.0137911500880355,0.906514773503045,0.99999999971548
"RRM1",1.21538973544076e-08,0.471986392542669,0.0137300871437656,0.906721017357655,0.99999999971548
"TNF",1.21027482741213e-08,0.470311945025604,0.0136147655228942,0.907111795309549,0.99999999971548
"SNAP23",1.20208551740071e-08,0.467618180714805,0.0134311405866647,0.907737503740495,0.99999999971548
"SNRPG",1.20156841890439e-08,0.467447552789213,0.0134195877833159,0.907777014842093,0.99999999971548
"SELT",1.19579950643588e-08,0.465539630325357,0.0132910381609091,0.908217828493437,0.99999999971548
"MARCKSL1",1.19273294169727e-08,0.464522179807135,0.0132229572358148,0.908452162093373,0.99999999971548
"CLEC2B",1.19103546792572e-08,0.463957998945933,0.0131853467192874,0.908581879116186,0.99999999971548
"VPS36",1.19011223032108e-08,0.463650853359301,0.0131649132558263,0.90865243182403,0.99999999971548
"GNAQ",1.18713399456727e-08,0.46265862981597,0.013099105753965,0.908880029928387,0.99999999971548
"SNRPB",1.18453933599841e-08,0.461792431603505,0.0130419082269114,0.9090783209905,0.99999999971548
"SKAP2",1.18273290762726e-08,0.461188400319955,0.0130021606080434,0.909216376642672,0.99999999971548
"TGS1",1.18252142982606e-08,0.461117634169954,0.0129975113377098,0.909232538938509,0.99999999971548
"RGS18",1.17769148270768e-08,0.4594983997436,0.0128915528568524,0.909601680256425,0.99999999971548
"CANX",1.17723171840803e-08,0.459343963318368,0.0128814892384791,0.909636819961916,0.99999999971548
"SEPT6",1.1717773552622e-08,0.457507809249164,0.0127624004412278,0.910053709458846,0.99999999971548
"TPM3",1.17034220163402e-08,0.457023444522971,0.0127311576649431,0.910163405665616,0.99999999971548
"LY6E",1.16577903501832e-08,0.455479933960415,0.0126320735876953,0.910512203435783,0.99999999971548
"MRPL18",1.16441347704865e-08,0.455017006462765,0.0126024972695734,0.910616586845052,0.99999999971548
"ARGLU1",1.1601811486149e-08,0.453579230589339,0.0125110504181978,0.910940116312975,0.99999999971548
"APLP2",1.15192161062199e-08,0.450760170863069,0.0123335476818302,0.911571537942184,0.99999999971548
"YBX1",1.15021211330373e-08,0.450174507721002,0.0122969678978882,0.911702231850276,0.99999999971548
"RASA3",1.14960703809779e-08,0.449967031283743,0.0122840335300162,0.911748491426848,0.99999999971548
"SSBP1",1.14398890011299e-08,0.448036058441986,0.0121642625846121,0.912178026979606,0.99999999971548
"TMEM258",1.14370419033981e-08,0.447937983298972,0.0121582085862223,0.912199795190723,0.99999999971548
"SLC25A5",1.13956603393628e-08,0.446510092679665,0.0120703859682013,0.912516195911878,0.99999999971548
"INTS10",1.13782484748332e-08,0.445907939442494,0.0120335285405058,0.912649330032929,0.99999999971548
"GTF3A",1.13435215722344e-08,0.444704584116645,0.0119601869414582,0.912914865240402,0.99999999971548
"ANAPC11",1.12985681320278e-08,0.443142091125926,0.0118655803044013,0.913258610908822,0.99999999971548
"LBR",1.12823368707562e-08,0.442576595501545,0.0118315131563788,0.91338273055656,0.99999999971548
"METTL9",1.12460461799176e-08,0.44130966678822,0.0117555212354552,0.913660251302702,0.99999999971548
"SLC39A10",1.12334670785101e-08,0.440869693122088,0.0117292380083978,0.913756448171844,0.99999999971548
"GAMT",1.12130557188211e-08,0.440154861279385,0.0116866523687394,0.91391254379774,0.99999999971548
"SLIRP",1.12113670179847e-08,0.440095670138896,0.0116831325835805,0.913925458265739,0.99999999971548
"DCP2",1.11051653094687e-08,0.436357490625956,0.011462839743972,0.914737689420606,0.99999999971548
"BACH1",1.10026084802271e-08,0.432717974482749,0.0112520974210877,0.915522129043083,0.99999999971548
"PBRM1",1.09797067928163e-08,0.431901215171128,0.0112053041850684,0.915697311392753,0.99999999971548
"CEP350",1.09775418239737e-08,0.4318239276875,0.0112008857168537,0.915713872145513,0.99999999971548
"RIF1",1.09268325118945e-08,0.430009846676148,0.0110976426880037,0.916101779344755,0.99999999971548
"LDHB",1.08314396902601e-08,0.426577315295405,0.0109047204612968,0.91683155268472,0.99999999971548
"OLA1",1.08228124514965e-08,0.42626558516458,0.0108873561656246,0.91689755617736,0.99999999971548
"DAPP1",1.08144355644398e-08,0.425962694147582,0.0108705089998823,0.916961644879115,0.99999999971548
"CMIP",1.07577022993294e-08,0.423905947368258,0.0107567533093235,0.917395705896116,0.99999999971548
"CHD2",1.07568372332343e-08,0.423874513230121,0.0107550233993137,0.91740232462853,0.99999999971548
"COX5B",1.07422117245802e-08,0.423342729065178,0.0107257971965412,0.917514227150272,0.99999999971548
"CLEC11A",1.07218163937215e-08,0.422600101417005,0.0106851075283055,0.917670278396409,0.99999999971548
"PTGIR",1.0713334057846e-08,0.422290883718902,0.0106682076270663,0.917735180414759,0.99999999971548
"CENPC",1.06993972498083e-08,0.421782364283759,0.0106404694733285,0.917841818147486,0.99999999971548
"RRM2",1.06824660718139e-08,0.421163811983287,0.0106068202619918,0.917971369343077,0.99999999971548
"SECISBP2",1.0647420948311e-08,0.419880782793165,0.0105373405010994,0.918239528755296,0.99999999971548
"CDV3",1.06397552352995e-08,0.41959964552659,0.0105221730439722,0.91829818674741,0.99999999971548
"ZFAND1",1.05776817194591e-08,0.417316608893719,0.0103997561291346,0.918773189287522,0.99999999971548
"PIK3CG",1.05673811832229e-08,0.41693663284361,0.010379511446126,0.918852014454324,0.99999999971548
"TMEM183A",1.05399878887266e-08,0.415924552782446,0.0103257686156373,0.919061646352077,0.99999999971548
"CCNB1",1.05299731765776e-08,0.415553975301986,0.0103061556002376,0.919138287064428,0.99999999971548
"NT5C",1.05156500056569e-08,0.415023437442697,0.0102781372132187,0.919247900908424,0.99999999971548
"PSMD7",1.05070752358156e-08,0.41470552253265,0.0102613818575396,0.919313523528502,0.99999999971548
"GCLM",1.05068842939723e-08,0.414698440677019,0.0102610089070621,0.919314984810602,0.99999999971548
"RGCC",1.04892807371204e-08,0.414045059670567,0.0102266544910688,0.91944970638596,0.99999999971548
"PRPF4B",1.04700791448628e-08,0.413331276759276,0.0101892470997072,0.919596660503885,0.99999999971548
"MAP3K7CL",1.04299174557065e-08,0.41183465272776,0.0101112281047856,0.919904035845172,0.99999999971548
"BLOC1S1",1.04238060086058e-08,0.411606470551586,0.0100993821564983,0.919950810529162,0.99999999971548
"MDH1",1.04010654538221e-08,0.410756386472363,0.0100553646385091,0.920124860489105,0.99999999971548
"SWI5",1.03793665351188e-08,0.40994373198779,0.0100134529816748,0.920290941620312,0.99999999971548
"DR1",1.03650862198081e-08,0.409408107748599,0.00998591818051632,0.92040024347655,0.99999999971548
"NDUFS6",1.03445577585611e-08,0.408637003099052,0.00994640234260079,0.920557371417166,0.99999999971548
"ATP5J",1.02837176566198e-08,0.406343839744907,0.00982974958236015,0.921023068933009,0.99999999971548
"TMED10",1.02815919398829e-08,0.406263504831763,0.00982568624567493,0.921039340615987,0.99999999971548
"EP300",1.02568244477589e-08,0.405326427386334,0.00977840475578535,0.921228930295585,0.99999999971548
"NDUFC1",1.0252248017877e-08,0.405153062862487,0.00976968076903014,0.921263962345457,0.99999999971548
"MEAF6",1.02220534209773e-08,0.404007539541923,0.0097122188012321,0.921495102374204,0.99999999971548
"SOX4",1.02043695588494e-08,0.403335281338029,0.00967864414254892,0.921630475647213,0.99999999971548
"ME2",1.01655133452936e-08,0.401854581778158,0.00960507576554843,0.921927935201816,0.99999999971548
"MAP2K3",1.01300969237908e-08,0.400500667853773,0.00953826461394383,0.922199071313913,0.99999999971548
"CENPF",1.00821875942899e-08,0.398662602370403,0.00944825732907469,0.922565863275493,0.99999999971548
"PPIH",1.0080772999107e-08,0.398608215330664,0.00944560621361991,0.922576693611828,0.99999999971548
"HIF1A",1.00584071310074e-08,0.397747429773523,0.00940373941909274,0.92274793169727,0.99999999971548
"TMEM50A",9.88785498548636e-09,0.391128143741077,0.00908754014084383,0.924053834230686,0.99999999971548
"PARVG",9.88462870689708e-09,0.391001974646908,0.00908161081582144,0.924078539541365,0.99999999971548
"TAX1BP1",9.87051412447563e-09,0.390449578455271,0.00905569347896645,0.924186623177346,0.99999999971548
"IRF2",9.84053522780629e-09,0.389274024286848,0.00900076879637509,0.924416193813085,0.99999999971548
"C16orf13",9.82455041297709e-09,0.388645942240093,0.0089715511238557,0.924538603964418,0.99999999971548
"MT-ND1",9.78771367291188e-09,0.387195146070422,0.00890440033987999,0.924820702922088,0.99999999971548
"LARS",9.77645555125898e-09,0.386750803080603,0.00888392790429989,0.924906920484204,0.99999999971548
"MIS18BP1",9.76505571728794e-09,0.386300413124965,0.00886322177894272,0.924994224214093,0.99999999971548
"TMBIM1",9.73419848291421e-09,0.385078992556039,0.0088072953402001,0.925230543733354,0.99999999971548
"CHEK1",9.72629738970031e-09,0.384765702367894,0.0087930036612018,0.925291055161314,0.99999999971548
"TCF4",9.69233955274064e-09,0.383416697753398,0.00873171206577733,0.925551130064221,0.99999999971548
"AP1M1",9.68810550771147e-09,0.383248208475253,0.00872408493164816,0.925583558154809,0.99999999971548
"CD55",9.68349472164674e-09,0.383064654320041,0.00871578293344299,0.925618871804662,0.99999999971548
"KIFAP3",9.60863772592373e-09,0.380073930193538,0.00858155132522005,0.926192216134957,0.99999999971548
"NUMA1",9.5677135559782e-09,0.378430328165839,0.00850860758612271,0.926505678559811,0.99999999971548
"NOP56",9.55916560836238e-09,0.378086252465405,0.00849341092666404,0.926571153788757,0.99999999971548
"COPA",9.54404805766913e-09,0.377477078482452,0.00846656798966513,0.926686951819051,0.99999999971548
"CRLF3",9.51571510434905e-09,0.376333114925972,0.00841637402378259,0.926903981909195,0.99999999971548
"DECR1",9.49983265035665e-09,0.375690552725897,0.00838830233041863,0.927025643700448,0.99999999971548
"DKC1",9.47831063749837e-09,0.374818336090222,0.0083503377352566,0.927190508013551,0.99999999971548
"ARRB2",9.45454353108536e-09,0.373853129166998,0.00830851286854017,0.927372573969167,0.99999999971548
"C17orf89",9.37718610808357e-09,0.370696881134134,0.00817310797204908,0.927965190400393,0.99999999971548
"NME4",9.36961290951457e-09,0.370386672316697,0.00815991177983405,0.928023208988157,0.99999999971548
"PSME1",9.35997219568633e-09,0.369991459476267,0.00814312839650283,0.928097067449496,0.99999999971548
"HPRT1",9.35865759931506e-09,0.369937541288246,0.00814084117276537,0.928107138750214,0.99999999971548
"MANBA",9.29537180637996e-09,0.367334048007604,0.00803111226702812,0.928591993367821,0.99999999971548
"NGLY1",9.25716425991364e-09,0.365754766408833,0.00796522604586139,0.928884727604775,0.99999999971548
"EMP3",9.2482791244483e-09,0.365386693240341,0.00794994314788331,0.928952804106507,0.99999999971548
"TRAPPC2L",9.24674361397173e-09,0.36532305243656,0.00794730347677636,0.928964568997468,0.99999999971548
"UBA2",9.18529843323605e-09,0.362768818646501,0.00784203376260432,0.929435367071318,0.99999999971548
"LETMD1",9.16852585382662e-09,0.362069012078358,0.00781342042022088,0.929563884264637,0.99999999971548
"SRSF1",9.16499800448068e-09,0.361921676995224,0.00780740870853792,0.929590916077041,0.99999999971548
"GPX1",9.15916291682338e-09,0.361677875415395,0.00779747037319135,0.929635627063376,0.99999999971548
"MAX",9.15386101496867e-09,0.361456234217727,0.00778844564953569,0.929676252740162,0.99999999971548
"RDH11",9.14587725356730e-09,0.361122269539789,0.00777486581141496,0.929737428437513,0.99999999971548
"AP1S2",9.14401892752564e-09,0.361044498462884,0.00777170662452489,0.929751667949627,0.99999999971548
"PRDX5",9.14179830652157e-09,0.360951547283595,0.00776793237174743,0.929768683593702,0.99999999971548
"YWHAQ",9.13118450911799e-09,0.360507001453577,0.00774990541550179,0.92985001290791,0.99999999971548
"ADAR",9.12952840280963e-09,0.360437596946224,0.00774709449796203,0.929862703058923,0.99999999971548
"EMC10",9.11863475104795e-09,0.35998078998498,0.0077286173554471,0.929946177665044,0.99999999971548
"FAM13B",9.11602776052435e-09,0.359871399830225,0.00772419880978368,0.929966154322763,0.99999999971548
"GLIPR1",9.10874524550714e-09,0.359565678928026,0.007711862488204,0.930021958483901,0.99999999971548
"NEXN",9.09056916722315e-09,0.358801716281235,0.00768111586838982,0.930161238900905,0.99999999971548
"AK2",9.08910830790829e-09,0.35874025691757,0.00767864734791642,0.930172433328021,0.99999999971548
"MRPS25",9.03097147651806e-09,0.356287397101564,0.00758073135578354,0.930617941574584,0.99999999971548
"CSNK1A1",9.01789381274313e-09,0.355733743612446,0.00755879208258028,0.93071815999638,0.99999999971548
"SNN",8.98957188738507e-09,0.354532313799605,0.00751138780468686,0.930935203952444,0.99999999971548
"ANO6",8.93910696080083e-09,0.352383383059462,0.00742729088301396,0.931321952643113,0.99999999971548
"RUVBL2",8.9366532084878e-09,0.352278626970526,0.0074232139140388,0.931340757909641,0.99999999971548
"PRKACA",8.92485982335818e-09,0.351774792011803,0.00740363453602217,0.931431141548321,0.99999999971548
"ZFP36",8.91297352836645e-09,0.351266401436532,0.00738392707066429,0.931522238136091,0.99999999971548
"MRPS15",8.91071222600259e-09,0.351169616155026,0.00738018080718466,0.931539568863374,0.99999999971548
"SMU1",8.89165643230143e-09,0.350353165483557,0.00734864913534388,0.931685614647712,0.99999999971548
"AHCTF1",8.8856073534929e-09,0.350093672780646,0.00733865382404402,0.931731975961361,0.99999999971548
"C19orf60",8.88241910795207e-09,0.349956841935617,0.00733338840283362,0.931756411386999,0.99999999971548
"RAB1B",8.87161852207511e-09,0.349492992377998,0.00731556516445208,0.931839189966396,0.99999999971548
"HIST1H1E",8.77920863488102e-09,0.34550408427866,0.00716395592553378,0.932547474109497,0.99999999971548
"FAH",8.77084103458155e-09,0.345141092797326,0.00715030627784302,0.932611611002855,0.99999999971548
"NBAS",8.75541268829597e-09,0.344471011457162,0.00712517291287474,0.932729869017164,0.99999999971548
"GABARAPL2",8.7472684681941e-09,0.34411687875508,0.00711192351173993,0.932792294925947,0.99999999971548
"STOML2",8.74504317939211e-09,0.344020067294398,0.00710830545182883,0.932809351962687,0.99999999971548
"CD81",8.71856117243935e-09,0.342866316396015,0.00706531946075716,0.933012341269251,0.99999999971548
"SRRM2",8.71737066106078e-09,0.342814377401823,0.00706339006695826,0.933021466853725,0.99999999971548
"SPTLC2",8.70285883725353e-09,0.342180766801868,0.00703989276303088,0.933132704527235,0.99999999971548
"SLC40A1",8.66754235332795e-09,0.34063494139995,0.0069828724662338,0.933403421886534,0.99999999971548
"HLA-DMA",8.6201354265377e-09,0.338551273087896,0.00690669603421968,0.933766830246344,0.99999999971548
"RHOG",8.57935601876229e-09,0.336750912476306,0.00684150337662189,0.934079444929399,0.99999999971548
"TMEM219",8.54883258889069e-09,0.335398463074704,0.00679290889710353,0.934313444005564,0.99999999971548
"DAZAP2",8.53219666977602e-09,0.334659579839008,0.00676649679290114,0.934440980874698,0.99999999971548
"ACADVL",8.49688646487042e-09,0.333087117387384,0.00671060684963699,0.934711687028341,0.99999999971548
"KIF2A",8.49503014559757e-09,0.333004293114406,0.00670767503028596,0.93472591873378,0.99999999971548
"CCDC85B",8.4928992693892e-09,0.332909199394422,0.00670431037301018,0.934742255390252,0.99999999971548
"UXT",8.49075861720107e-09,0.332813648506234,0.00670093112935252,0.93475866702329,0.99999999971548
"CORO1A",8.43191807519347e-09,0.330178982337294,0.00660837868627462,0.935209787749206,0.99999999971548
"GNAS",8.41536287608655e-09,0.329434817895462,0.00658245442486978,0.935336717485233,0.99999999971548
"LINC00493",8.3895591944031e-09,0.328272386347622,0.00654214929323331,0.9355345591858,0.99999999971548
"KAT6A",8.38757199885611e-09,0.328182736138693,0.00653905044382901,0.935549795554597,0.99999999971548
"LASP1",8.38146555635422e-09,0.327907134827395,0.0065295325999941,0.935596615457966,0.99999999971548
"MTSS1",8.35755457092579e-09,0.326826279524495,0.00649233031018369,0.9357799502077,0.99999999971548
"GCA",8.34531736456229e-09,0.326272076497732,0.00647333197259934,0.935873778907788,0.99999999971548
"TAF1D",8.34267218700317e-09,0.326152187830187,0.0064692289773504,0.935894060906606,0.99999999971548
"RPA2",8.34228152536084e-09,0.326134478880527,0.00646862312340149,0.935897056323026,0.99999999971548
"JKAMP",8.3230632118783e-09,0.32526240815506,0.00643885360970045,0.936044414760248,0.99999999971548
"SUPT4H1",8.29419850171416e-09,0.32394931546485,0.0063942706572046,0.936265742072051,0.99999999971548
"SMC4",8.28093865034311e-09,0.323344774907877,0.00637384208790999,0.936367416917425,0.99999999971548
"TMSB10",8.24366985348114e-09,0.321641102509618,0.00631659957152035,0.936653194839691,0.99999999971548
"THUMPD1",8.23997193853556e-09,0.321471694176741,0.00631093388878498,0.936681550975326,0.99999999971548
"UQCR11",8.21296895050086e-09,0.320232628692191,0.00626963888343934,0.936888616144833,0.99999999971548
"LSM2",8.19810945928532e-09,0.319549270204209,0.00624697244812028,0.937002563988385,0.99999999971548
"QARS",8.19360309643034e-09,0.319341818605678,0.00624010662432607,0.9370371206305,0.99999999971548
"ATP5J2",8.11299544778049e-09,0.315614156998941,0.00611793177912034,0.937655273175914,0.99999999971548
"ENOSF1",8.11054877268314e-09,0.315500508758638,0.00611424230724709,0.937674036481617,0.99999999971548
"PSMA5",8.11052713764439e-09,0.315499503676465,0.00611420968758189,0.937674202398711,0.99999999971548
"NDUFA12",8.10736754285745e-09,0.315352695791529,0.00610944682523875,0.937698433065541,0.99999999971548
"DUT",8.08740452528317e-09,0.314423978868589,0.00607939691394435,0.937851529102136,0.99999999971548
"HLA-DQB1",8.08041490001192e-09,0.314098337057597,0.00606889308820285,0.937905132960794,0.99999999971548
"CD82",8.06071332108345e-09,0.313179133618126,0.00603933494930462,0.938056227074031,0.99999999971548
"ATP5G3",8.01952548356835e-09,0.311251129335372,0.00597777423503624,0.938372109452626,0.99999999971548
"CLDN5",7.97882299363554e-09,0.309337363622713,0.00591724874766283,0.938684279076818,0.99999999971548
"MCUR1",7.96667451906841e-09,0.308764516259969,0.0058992433802356,0.938777454191103,0.99999999971548
"HMG20B",7.96289012665325e-09,0.308585912359089,0.00589364010139221,0.938806479504088,0.99999999971548
"RNASEH2B",7.9616852419028e-09,0.308529032485715,0.00589185667358573,0.938815720676179,0.99999999971548
"RASSF1",7.9301807138771e-09,0.307039111221968,0.00584532056798812,0.93905735564104,0.99999999971548
"ASPM",7.91284799440745e-09,0.306217210299316,0.00581979666516531,0.939190297371987,0.99999999971548
"NUSAP1",7.83061397426451e-09,0.302296280825385,0.00569946112088943,0.939821054259375,0.99999999971548
"GLRX",7.78107446985762e-09,0.299916908089037,0.00562757522351633,0.940201053730915,0.99999999971548
"PSMB1",7.76913558006722e-09,0.299341515487625,0.00561031913466597,0.940292634639713,0.99999999971548
"EIF2S2",7.76567363591095e-09,0.299174523874195,0.00560532030719966,0.940319190689836,0.99999999971548
"RNASEH2C",7.75381027195069e-09,0.298601786678119,0.00558820726210784,0.940410193264001,0.99999999971548
"ARHGDIA",7.73938390880227e-09,0.297904285536491,0.00556743231199279,0.940520857374339,0.99999999971548
"CREG1",7.73580180680068e-09,0.297730918996589,0.00556227983592449,0.940548335727403,0.99999999971548
"RP5-1171I10.5",7.657946835988e-09,0.293945534728457,0.00545088298796236,0.941145579694917,0.99999999971548
"PTPN2",7.64094808190287e-09,0.293114588599866,0.00542671061324123,0.941275985587638,0.99999999971548
"ABCC3",7.63933928181958e-09,0.293035862728803,0.00542442566815556,0.941288327574423,0.99999999971548
"COX20",7.61192199923699e-09,0.291691988932175,0.00538555944544935,0.941498662734168,0.99999999971548
"SEC63",7.5919303602456e-09,0.290709430316834,0.00535730776992705,0.941652033700601,0.99999999971548
"MRPL57",7.58427401490929e-09,0.290332536493748,0.00534650769308083,0.941710771883362,0.99999999971548
"UQCRC1",7.55684883261385e-09,0.288979773615719,0.00530791102888454,0.941921175829542,0.99999999971548
"ANXA7",7.54933659235376e-09,0.288608482991932,0.00529736311814826,0.941978809882416,0.99999999971548
"C6orf48",7.54477544076887e-09,0.288382892362653,0.00529096393941896,0.942013803274027,0.99999999971548
"CPT1A",7.51139983634068e-09,0.286728544082934,0.00524425650994422,0.94226986604467,0.99999999971548
"PGD",7.46208095692934e-09,0.28427218226156,0.00517561637392675,0.942648258988597,0.99999999971548
"NDUFB9",7.42155589243782e-09,0.282243210364869,0.00511955355320004,0.942959192177132,0.99999999971548
"CMTM7",7.41949794738752e-09,0.2821399181426,0.00511671471474047,0.942974982228025,0.99999999971548
"UBA7",7.40499683836813e-09,0.281411372237558,0.00509673343571288,0.943086245916077,0.99999999971548
"MALAT1",7.36820481850610e-09,0.279557331184021,0.00504621261205773,0.943368547635506,0.99999999971548
"MT-ATP8",7.33930022118268e-09,0.278095099799752,0.00500669887598957,0.943590334892363,0.99999999971548
"FKBP11",7.29253300659394e-09,0.27571858694505,0.00494309517133717,0.943949192676261,0.99999999971548
"TIMM17B",7.28084227518151e-09,0.275122442406554,0.00492725922589345,0.944038900674828,0.99999999971548
"UBE2L6",7.24928191049856e-09,0.273508919160087,0.00488463529448352,0.944281080436489,0.99999999971548
"EIF4G1",7.21775460273593e-09,0.271890973471082,0.00484224088121085,0.944523011676597,0.99999999971548
"CCAR1",7.21408338777424e-09,0.271702171475752,0.00483731625100226,0.944551183828033,0.99999999971548
"GADD45GIP1",7.20279301563398e-09,0.27112100984116,0.00482218685475635,0.944637824265048,0.99999999971548
"SNX3",7.19520120258596e-09,0.270729782446054,0.00481202694933874,0.944696082943351,0.99999999971548
"ZNF24",7.14186435270405e-09,0.267971017035169,0.00474094983318787,0.945105391962792,0.99999999971548
"HECTD1",7.13202419463023e-09,0.267460093044724,0.00472789454263485,0.945180907297697,0.99999999971548
"TBCA",7.11890996069098e-09,0.266778217363397,0.00471052339843794,0.94528154930915,0.99999999971548
"CALM3",7.10637294331536e-09,0.266125331748955,0.00469394672792817,0.945377762428458,0.99999999971548
"SMARCB1",7.08088547391987e-09,0.264794935404637,0.00466033681696659,0.945573363952899,0.99999999971548
"ARHGAP30",7.04035041446366e-09,0.262670478685734,0.00460713264513477,0.945884453745458,0.99999999971548
"PPT1",7.01436610593667e-09,0.261303028734364,0.0045731876758573,0.946083876894593,0.99999999971548
"LAGE3",7.00850371152817e-09,0.260993905311931,0.00456554660721789,0.946128869791055,0.99999999971548
"ANAPC16",6.96909008688239e-09,0.258909770094723,0.00451434059483595,0.946431367221163,0.99999999971548
"NKTR",6.9512902945724e-09,0.25796518036904,0.00449130983837084,0.946567982195244,0.99999999971548
"PTPMT1",6.94620944863518e-09,0.257695166798685,0.00448474665004366,0.946606978423842,0.99999999971548
"TRAM1",6.91968165981079e-09,0.256282592704911,0.00445055728760108,0.946810585121412,0.99999999971548
"PMPCB",6.91715230176105e-09,0.256147661446802,0.00444730424907887,0.94682999869036,0.99999999971548
"TALDO1",6.86236978202419e-09,0.253214647525213,0.00437713960535691,0.947250478412249,0.99999999971548
"PRKDC",6.83957297674719e-09,0.251988119427684,0.00434810617819609,0.947425458167202,0.99999999971548
"SRRM1",6.83168687211958e-09,0.25156299831411,0.00433808512798998,0.947485989548971,0.99999999971548
"MGST2",6.80008940754606e-09,0.249855361134008,0.00429804948103617,0.947728525278648,0.99999999971548
"PSMB9",6.77859779462101e-09,0.248689931175746,0.00427092453021658,0.947893493309802,0.99999999971548
"MRPS18B",6.71915303138852e-09,0.24544958605414,0.00419634542413711,0.94834979852821,0.99999999971548
"PRMT1",6.6958710370228e-09,0.244173680796396,0.00416731497190414,0.948528518568164,0.99999999971548
"TRMT112",6.68969793873738e-09,0.243834734022656,0.00415963460100742,0.948575905680968,0.99999999971548
"ASB8",6.68926042060843e-09,0.243810700858223,0.00415909052381542,0.948579264247865,0.99999999971548
"CDK5RAP2",6.68819374502408e-09,0.24375210192149,0.00415776420481461,0.94858745248681,0.99999999971548
"TM7SF3",6.68134377355596e-09,0.243375597737563,0.00414925189714995,0.948640035804503,0.99999999971548
"MRPS18C",6.66221796599351e-09,0.242322579866183,0.00412553085766471,0.948786854886399,0.99999999971548
"NDUFS5",6.6298784788752e-09,0.240536053486481,0.00408557607459304,0.949035112608429,0.99999999971548
"RTN3",6.62754252042484e-09,0.240406715070613,0.00408269757397625,0.949053045048942,0.99999999971548
"AP2S1",6.61296408988377e-09,0.239598632703841,0.00406475612395116,0.949164959796207,0.99999999971548
"NUTF2",6.6074375764267e-09,0.23929189296718,0.00405796505644806,0.949207385637483,0.99999999971548
"MORF4L2",6.60049607741759e-09,0.238906300505955,0.00404944327660862,0.949260674218958,0.99999999971548
"SIGIRR",6.57069263347127e-09,0.237246733653153,0.00401295666031817,0.949489472224941,0.99999999971548
"HIST1H4C",6.57050012743074e-09,0.237235992933231,0.0040127215231343,0.949490950087779,0.99999999971548
"CEP57",6.56982083283107e-09,0.237198090049274,0.00401189185138858,0.949496165012514,0.99999999971548
"MT-ATP6",6.56841226237124e-09,0.23711948459149,0.00401017173551248,0.94950697857355,0.99999999971548
"WSB1",6.55349048784297e-09,0.236285871343733,0.00399197223564663,0.949621533243012,0.99999999971548
"RP11-501J20.5",6.55116477405967e-09,0.236155795355361,0.00398913938268847,0.949639387873748,0.99999999971548
"RAD21",6.54072122713301e-09,0.235571197453983,0.00397643093800791,0.949719563860974,0.99999999971548
"RAB8A",6.51831307009974e-09,0.234314111999779,0.00394923153530508,0.949891594882123,0.99999999971548
"SH3BGRL2",6.5138709522189e-09,0.234064465231236,0.0039438507031111,0.949925698012311,0.99999999971548
"NAA20",6.5129327783753e-09,0.234011720974784,0.00394271474228274,0.949932900593986,0.99999999971548
"DGKZ",6.44521735799422e-09,0.230187183869104,0.00386115558087681,0.950452778599429,0.99999999971548
"C12orf76",6.43220090378771e-09,0.229448017999408,0.00384557571688732,0.950552713478618,0.99999999971548
"FDPS",6.41210421061262e-09,0.228304227041504,0.00382158311316955,0.950707008991467,0.99999999971548
"TIPRL",6.40296239265259e-09,0.227782893883659,0.00381069392251076,0.950777197344114,0.99999999971548
"WNK1",6.38204357397557e-09,0.226587509994616,0.00378583511704094,0.950937807690392,0.99999999971548
"TSC22D1",6.379656068012e-09,0.226450861863724,0.00378300310464978,0.950956138592283,0.99999999971548
"PIH1D1",6.37677256462307e-09,0.22628576616198,0.00377958416263583,0.950978277720367,0.99999999971548
"MRPL16",6.34242297954229e-09,0.22431406127404,0.00373897506820997,0.95124201184466,0.99999999971548
"CD2AP",6.30792813591888e-09,0.222324648261785,0.00369841497676563,0.951506866630107,0.99999999971548
"SET",6.30712437785138e-09,0.222278180597212,0.00369747253055389,0.95151303802719,0.99999999971548
"DUSP23",6.30204839978009e-09,0.221984604037775,0.00369152346851099,0.951552012354798,0.99999999971548
"MPP1",6.28216154688253e-09,0.220832433884463,0.00366826215783518,0.951704708519231,0.99999999971548
"ATP5B",6.27902620103505e-09,0.220650494178562,0.00366460150684101,0.951728782640379,0.99999999971548
"ARHGAP4",6.26847916737778e-09,0.220037884058346,0.00365230080512231,0.951809766235735,0.99999999971548
"HDDC2",6.24649755784977e-09,0.218758225084538,0.00362673074786448,0.951978549866115,0.99999999971548
"IFNAR2",6.22429258320652e-09,0.217461579651169,0.00360099205913283,0.952149050770645,0.99999999971548
"PTRHD1",6.22122449619768e-09,0.217282104372334,0.00359744292198306,0.952172609250078,0.99999999971548
"YWHAG",6.20217971715388e-09,0.216166307861884,0.00357545122618301,0.952318846596078,0.99999999971548
"ATP5C1",6.16914036839772e-09,0.214223507202449,0.00353745944220307,0.952572546528551,0.99999999971548
"PPP4R2",6.16697224915897e-09,0.214095699877572,0.00353497342772318,0.952589195079046,0.99999999971548
"UBL4A",6.1516739479955e-09,0.213192775799449,0.00351745688657731,0.952706668236859,0.99999999971548
"SNHG7",6.14576577082432e-09,0.212843545199527,0.00351070367466521,0.952752036440287,0.99999999971548
"RALBP1",6.11437425892046e-09,0.21098308941816,0.00347493113047341,0.952993090763528,0.99999999971548
"DDX18",6.11022824889362e-09,0.210736750324064,0.00347022019386863,0.953024928151663,0.99999999971548
"IL17RA",6.09515952124749e-09,0.20984020137486,0.00345312514563756,0.953140642186075,0.99999999971548
"VAMP5",6.08304469552981e-09,0.209118002428166,0.00343941182632599,0.953233673674154,0.99999999971548
"SAP18",6.08096701143745e-09,0.208994020152467,0.00343706274252854,0.953249628572998,0.99999999971548
"NEK2",6.05370443844636e-09,0.207363748988183,0.00340631331542527,0.95345898436372,0.99999999971548
"GNPTAB",6.03763278601048e-09,0.206399687669327,0.0033882508499156,0.953582403915935,0.99999999971548
"CD47",6.03621227797618e-09,0.20631437087442,0.00338665669156586,0.953593312522091,0.99999999971548
"DNAJC4",6.01069201964692e-09,0.204778621579716,0.00335808060901771,0.953789293496214,0.99999999971548
"AURKAIP1",6.00540484136371e-09,0.204459742492888,0.00335217547795903,0.953829896348435,0.99999999971548
"UCHL5",6.00295914805698e-09,0.204312155781601,0.00334944569572005,0.953848678075273,0.99999999971548
"DTYMK",5.98801245003854e-09,0.203409050764755,0.00333278696915574,0.9539634619526,0.99999999971548
"RAB10",5.976642328605e-09,0.202720734467132,0.00332014230087657,0.954050779979787,0.99999999971548
"TERF2IP",5.95767369017752e-09,0.201569885185145,0.0032991008415347,0.95419645283361,0.99999999971548
"B3GNT2",5.92393110584668e-09,0.199514782382223,0.00326183631479117,0.954455588472303,0.99999999971548
"JAK1",5.91686116304746e-09,0.199082895429582,0.00325405525365854,0.95450988469162,0.99999999971548
"EPB41",5.87073251568331e-09,0.196253929046134,0.00320351492725297,0.954864151732241,0.99999999971548
"GPCPD1",5.86627429956464e-09,0.195979493007468,0.00319865129600828,0.954898391211862,0.99999999971548
"MT-ND2",5.80099712975379e-09,0.191940284423877,0.00312786115401817,0.955399734936013,0.99999999971548
"CFAP97",5.79971511744552e-09,0.191860561210682,0.00312647880084304,0.955409581263644,0.99999999971548
"ZMYND8",5.78547383888222e-09,0.190973920608197,0.00311114343050576,0.955518959995799,0.99999999971548
"SON",5.77370262452146e-09,0.190239628200492,0.00309849634870466,0.955609368276445,0.99999999971548
"MTCH2",5.77200173843169e-09,0.190133418683399,0.00309667103368454,0.955622431902545,0.99999999971548
"CDC123",5.75193021119186e-09,0.188878018891042,0.0030751717856825,0.955776591818656,0.99999999971548
"COPB2",5.68935106602312e-09,0.184939312048828,0.00300862203170904,0.956257243254692,0.99999999971548
"GABARAP",5.66483933916821e-09,0.183386275700892,0.00298275347214519,0.95644551474018,0.99999999971548
"CCDC124",5.65502321467734e-09,0.182762697097701,0.00297242530217341,0.956520911837543,0.99999999971548
"PPP6R3",5.64014492685161e-09,0.181815742297072,0.00295680505788605,0.956635191866801,0.99999999971548
"HIST1H2AC",5.6313845765024e-09,0.181257157533391,0.0029476270908717,0.956702480476312,0.99999999971548
"EGFL7",5.61544952235523e-09,0.180239152500416,0.00293096897043121,0.956824879070028,0.99999999971548
"NDUFB4",5.59475107813566e-09,0.178913081514984,0.00290940179590593,0.956983867213733,0.99999999971548
"SAFB2",5.59188176516379e-09,0.178728918821374,0.00290641834104566,0.957005907012315,0.99999999971548
"AKAP9",5.54828141050204e-09,0.175920330193338,0.00286127187718076,0.957340814574141,0.99999999971548
"CNIH1",5.53992719592207e-09,0.175379989122308,0.00285266175767847,0.957404986694286,0.99999999971548
"LPIN2",5.5388639042256e-09,0.175311165788762,0.00285156682615079,0.957413154290098,0.99999999971548
"SNAP29",5.53611311939482e-09,0.175133063299717,0.00284873516279993,0.957434284259224,0.99999999971548
"IKZF1",5.496122222401e-09,0.172535077099338,0.00280772732902346,0.957741475022016,0.99999999971548
"PARP14",5.48266404287418e-09,0.171657075392354,0.0027939937790253,0.957844855673082,0.99999999971548
"HDLBP",5.43923079545357e-09,0.168810676565345,0.00274990150905892,0.958178498299775,0.99999999971548
"JUND",5.4339419713975e-09,0.168462724223887,0.00274455638765838,0.958219126137634,0.99999999971548
"HSD17B11",5.4294837646239e-09,0.168169189389139,0.0027400547641257,0.958253373400521,0.99999999971548
"CD37",5.41178754899659e-09,0.1670019730704,0.00272222265225707,0.958389313782983,0.99999999971548
"G3BP2",5.39782611882418e-09,0.166078752419198,0.00270819508865444,0.958496564808424,0.99999999971548
"RPA3",5.35064804571591e-09,0.162943585472751,0.00266106164391741,0.958858990011582,0.99999999971548
"COPS3",5.33857961456367e-09,0.162137729765903,0.00264907108825987,0.95895170189879,0.99999999971548
"ATIC",5.33461699277029e-09,0.161872784627591,0.00264513994112863,0.958982143602612,0.99999999971548
"BUB3",5.33375015241697e-09,0.161814803932919,0.00264428037510824,0.958988802862636,0.99999999971548
"TAF7",5.30561285993014e-09,0.159928307920729,0.00261645505959503,0.959204961341145,0.99999999971548
"HAX1",5.290846605111e-09,0.158934803422069,0.00260191141325723,0.959318401003875,0.99999999971548
"CTR9",5.24589667644063e-09,0.155895560644855,0.00255788862243515,0.959663727529894,0.99999999971548
"SRSF2",5.24452183032104e-09,0.155802245333902,0.00255654805374519,0.959674289865035,0.99999999971548
"PCNP",5.24156229966282e-09,0.155601300064194,0.00255366350191883,0.959697026655173,0.99999999971548
"SCN1B",5.23713519481807e-09,0.155300525592059,0.00254935159600833,0.959731038242314,0.99999999971548
"NDUFS3",5.23608985033498e-09,0.155229473327718,0.00254833398444704,0.959739069195632,0.99999999971548
"ABCE1",5.22098849148602e-09,0.154201651963827,0.00253365592796247,0.959855087203118,0.99999999971548
"TGOLN2",5.17646035389724e-09,0.15115587260143,0.00249062274316025,0.960197184921452,0.99999999971548
"TMEM14B",5.16948134410172e-09,0.15067643541472,0.00248391145324569,0.960250803444754,0.99999999971548
"FAM96A",5.12539238645405e-09,0.147634575582703,0.00244172305656325,0.960589535414866,0.99999999971548
"ATP5G1",5.11418770676686e-09,0.146857897030231,0.00243105896762705,0.960675621217822,0.99999999971548
"PDCD6IP",5.10622462932627e-09,0.146305017417594,0.00242349427089277,0.960736801997485,0.99999999971548
"SCCPDH",5.09181688538505e-09,0.145302773138231,0.00240983728306493,0.960847498106081,0.99999999971548
"ITM2B",5.07358215650684e-09,0.144030769899764,0.00239260805153392,0.9609875983969,0.99999999971548
"IMP3",5.06057593989656e-09,0.143121060864044,0.00238035678966158,0.961087527941732,0.99999999971548
"DPP7",5.0361967500256e-09,0.141410385847752,0.00235747742216873,0.961274840119026,0.99999999971548
"SPG21",5.02770900729342e-09,0.140813114613235,0.00234953777992296,0.961340054337504,0.99999999971548
"ANP32E",4.96705276864269e-09,0.136519099097068,0.00229318827713524,0.961806104383044,0.99999999971548
"GABPB1-AS1",4.96147148058303e-09,0.136121696925551,0.00228803763585867,0.961848988668847,0.99999999971548
"CENPT",4.94285260782576e-09,0.134793166516699,0.00227089725798467,0.961992049106453,0.99999999971548
"ATF6B",4.92068429817835e-09,0.133205680798005,0.0022505733407232,0.962162383681904,0.99999999971548
"KCTD20",4.91672050254187e-09,0.132921175648225,0.00224694895873783,0.962192840468979,0.99999999971548
"MADD",4.89975035966197e-09,0.131700867593853,0.00223146496289751,0.96232323530915,0.99999999971548
"RAB11A",4.88766289021874e-09,0.130829424334315,0.00222046869073625,0.96241611337681,0.99999999971548
"ELF1",4.86019642026126e-09,0.128842244622448,0.0021955827384345,0.962627162973533,0.99999999971548
"RBBP4",4.8483527124416e-09,0.127982344966747,0.00218489504020046,0.962718169643891,0.99999999971548
"CKS1B",4.82326222621824e-09,0.126154624768974,0.00216233965542577,0.962910965736903,0.99999999971548
"CD69",4.81919679401483e-09,0.125857699502587,0.00215869600511481,0.962942204851532,0.99999999971548
"RALY",4.81850319563828e-09,0.125807019692546,0.00215807467323642,0.962947534524051,0.99999999971548
"DICER1",4.81380171574318e-09,0.125463324816709,0.00215386540143143,0.962983661163481,0.99999999971548
"G6PD",4.80868800128253e-09,0.125089162451419,0.00214929171806656,0.963022955540621,0.99999999971548
"KAT6B",4.78347886200574e-09,0.123239575371906,0.00212681582754478,0.963216666811976,0.99999999971548
"AQP10",4.7712621865852e-09,0.122340189526586,0.00211596621767544,0.96331054258492,0.99999999971548
"COX7A2L",4.76646252409531e-09,0.121986292471485,0.00211171123645657,0.963347424446113,0.99999999971548
"CSK",4.74770449178781e-09,0.120600212756058,0.00209512300006201,0.963491566821132,0.99999999971548
"SNRPC",4.74460834170485e-09,0.1203709723065,0.00209239127987257,0.963515358686581,0.99999999971548
"VMA21",4.73762066545327e-09,0.119853122750746,0.00208623263190195,0.963569054475959,0.99999999971548
"CALCOCO1",4.73451882024947e-09,0.119623035216035,0.00208350170314381,0.963592890210595,0.99999999971548
"AZIN1",4.73130026470031e-09,0.119384151722157,0.00208066991099005,0.963617622825418,0.99999999971548
"FEN1",4.70056734761003e-09,0.117095985401125,0.00205372705400135,0.963853788102878,0.99999999971548
"SUN2",4.68858374071014e-09,0.116200238870034,0.00204326887556759,0.963945876279376,0.99999999971548
"HNRNPR",4.68687006312292e-09,0.116071982769202,0.00204177551877996,0.963959045095474,0.99999999971548
"CCND2",4.67314921889071e-09,0.115043605571323,0.00202983839375139,0.964064483762988,0.99999999971548
"FBXW5",4.65649181520893e-09,0.113791597502342,0.00201539349805561,0.964192489445722,0.99999999971548
"CNTRL",4.63710517475573e-09,0.112329538675815,0.00199864682441466,0.964341469415695,0.99999999971548
"MDK",4.63140810820796e-09,0.111898879075147,0.0019937388359372,0.964385249739462,0.99999999971548
"HMGB2",4.62212227100057e-09,0.111195944071873,0.00198575207498404,0.964456608967358,0.99999999971548
"FAM195B",4.59774493006044e-09,0.109344724381655,0.0019648613668098,0.964643943803636,0.99999999971548
"PPP2R1A",4.59243846599653e-09,0.108940619296796,0.00196032851448092,0.964684723144297,0.99999999971548
"FOXP1",4.58796665925948e-09,0.108599760685391,0.0019565127018791,0.964719088346567,0.99999999971548
"GIT2",4.58059354746229e-09,0.108037121659263,0.00195022931030153,0.96477574981093,0.99999999971548
"PYGL",4.56968346894371e-09,0.107203131184689,0.00194095024387823,0.964859592759145,0.99999999971548
"FKBP5",4.56234975226565e-09,0.106641551719928,0.0019347253238565,0.964915951914543,0.99999999971548
"RNF138",4.55967362003299e-09,0.106436431291653,0.00193245629031994,0.964936517867553,0.99999999971548
"SNRNP200",4.53698318856112e-09,0.104693032192546,0.00191327107269541,0.965110893724796,0.99999999971548
"DCAF7",4.53251053210354e-09,0.104348485045787,0.00190950064383308,0.965145266265391,0.99999999971548
"USMG5",4.52523124474847e-09,0.103787098682281,0.00190337218935533,0.965201208013152,0.99999999971548
"CENPU",4.50857665055871e-09,0.102499718177091,0.00188938768523232,0.965329200184385,0.99999999971548
"CPNE3",4.50693212164405e-09,0.102372373731325,0.00188800960685222,0.965341838597065,0.99999999971548
"CAPZA1",4.48387607358001e-09,0.100582754700394,0.00186874208914059,0.965519028157439,0.99999999971548
"COX6C",4.46119001389826e-09,0.0988140240915756,0.00184988021732402,0.965693375957529,0.99999999971548
"TYMP",4.45751499586952e-09,0.0985267633236899,0.00184683370149529,0.965721619505526,0.99999999971548
"XRCC6",4.45346419178742e-09,0.0982098901456235,0.00184347857550252,0.965752751124943,0.99999999971548
"FO538757.3",4.45130724497051e-09,0.0980410611920566,0.00184169330356277,0.965769327916201,0.99999999971548
"WBP11",4.43249491774672e-09,0.0965655544604664,0.00182615929400327,0.965913906989781,0.99999999971548
"ATP5F1",4.42538236345661e-09,0.0960062762894618,0.0018203033432086,0.965968569658274,0.99999999971548
"PPP1CC",4.4249692214776e-09,0.0959737658661608,0.00181996348167373,0.96597174481548,0.99999999971548
"DNAJC2",4.41661053903077e-09,0.0953154476940585,0.00181309422315946,0.966035984665226,0.99999999971548
"GOLGA4",4.41287745995201e-09,0.0950210854340968,0.00181003053275978,0.966064674956554,0.99999999971548
"FAM46C",4.40593872768868e-09,0.0944733737538998,0.00180434288639187,0.966118002164865,0.99999999971548
"KIAA1551",4.38897345762392e-09,0.0931310465157006,0.00179047422802142,0.966248388362423,0.99999999971548
"CSDE1",4.38122538937624e-09,0.0925165014213696,0.00178415818553096,0.966307936265254,0.99999999971548
"SMOX",4.37922508010116e-09,0.0923576915367039,0.00178252939306243,0.96632330970481,0.99999999971548
"HNRNPC",4.37844473057169e-09,0.0922957203975325,0.00178189417929083,0.966329307108943,0.99999999971548
"ATP1B3",4.37390981689219e-09,0.0919353918124115,0.00177820494622724,0.966364160387409,0.99999999971548
"COMMD2",4.36306171111707e-09,0.0910721184958861,0.001769395329854,0.966447534241875,0.99999999971548
"OSTF1",4.35941863634246e-09,0.0907817901513827,0.00176644173957358,0.966475533423054,0.99999999971548
"POLE4",4.33526295131848e-09,0.0888513892377567,0.00174692014875958,0.966661185172347,0.99999999971548
"ARMC8",4.32990568920513e-09,0.0884219965023202,0.00174260533475047,0.966702359372307,0.99999999971548
"TCF25",4.3162419773108e-09,0.0873247330328483,0.00173162454667447,0.966807374685318,0.99999999971548
"LAMP1",4.31472843122343e-09,0.0872030019983385,0.00173041032650513,0.966819007395501,0.99999999971548
"GOPC",4.29418998285974e-09,0.0855474591848938,0.00171397575490468,0.966976861110254,0.99999999971548
"IVNS1ABP",4.29027070773244e-09,0.0852307558169254,0.00171084851691737,0.967006983890255,0.99999999971548
"PSMD11",4.28780313197182e-09,0.0850312302357966,0.00170888107263968,0.967025949217778,0.99999999971548
"TOMM5",4.28712808445037e-09,0.084976629203465,0.0017083430418156,0.967031137510499,0.99999999971548
"ZNHIT1",4.22007239758546e-09,0.0795152133241298,0.00165532002323829,0.967546522267375,0.99999999971548
"METTL5",4.21283247029628e-09,0.0789210438307751,0.00164964518389617,0.967602168596084,0.99999999971548
"PRPF8",4.20241876075023e-09,0.0780648474635019,0.00164149974084401,0.967682209000325,0.99999999971548
"LAT2",4.19367340679204e-09,0.077344393335693,0.00163467483358337,0.96774942657371,0.99999999971548
"SUPT16H",4.19270573528593e-09,0.077264594958986,0.00163392053270924,0.967756864197617,0.99999999971548
"RILPL2",4.18007133423935e-09,0.0762212347829811,0.0016240879784511,0.967853973776147,0.99999999971548
"VPS26B",4.16494276950514e-09,0.0749682892533438,0.00161235341417359,0.967970254434147,0.99999999971548
"DNAJC1",4.1363686014744e-09,0.0725909416241029,0.00159030575617587,0.968189882085245,0.99999999971548
"ATP6V0B",4.12738171504628e-09,0.0718402867336088,0.00158340290348647,0.968258957868272,0.99999999971548
"SCAND1",4.12455468240098e-09,0.0716038569274071,0.00158123455610039,0.968280687300142,0.99999999971548
"RNF11",4.04163434255001e-09,0.0646055865516096,0.00151829514615427,0.968918048634678,0.99999999971548
"ZNF706",4.03708977533398e-09,0.0642184375438433,0.00151488260832769,0.968952980707134,0.99999999971548
"SNW1",4.03611798504037e-09,0.0641356021032826,0.00151415338449956,0.968960450435819,0.99999999971548
"PSMC1",4.00842368604803e-09,0.061767615751575,0.00149344558994704,0.969173325590925,0.99999999971548
"DDX21",4.00476087887138e-09,0.0614533645532854,0.00149071748315053,0.969201480310056,0.99999999971548
"SF3A1",4.00187563306423e-09,0.0612056482856522,0.00148857027030531,0.969223658213619,0.99999999971548
"NR3C1",4.0001020583729e-09,0.0610532987744534,0.0014872511360921,0.969237291091086,0.99999999971548
"MCTP1",3.99604938234299e-09,0.0607049545161022,0.00148423906607035,0.969268442694584,0.99999999971548
"ARL6IP4",3.9852432358107e-09,0.0597746171427632,0.00147622253922528,0.969351506259998,0.99999999971548
"C7orf50",3.97893661500569e-09,0.0592306444945051,0.00147155401148882,0.969399983491838,0.99999999971548
"CLCN3",3.9774322023565e-09,0.0591007717710531,0.00147044144993483,0.969411547508197,0.99999999971548
"SMARCA5",3.97594149615716e-09,0.0589720401410717,0.00146933943974165,0.969423006173098,0.99999999971548
"HSP90AA1",3.97529231720538e-09,0.058915966430662,0.0014688596608685,0.969427996242244,0.99999999971548
"MAN1A2",3.95264360092565e-09,0.05695464862072,0.00145217006241722,0.969602091760209,0.99999999971548
"ACRBP",3.94444785408583e-09,0.0562425096714945,0.00144615420038285,0.969665090954863,0.99999999971548
"AIG1",3.94184490359737e-09,0.0560160666518762,0.00144424618897195,0.969685099394908,0.99999999971548
"SNRNP40",3.91361364747296e-09,0.0535517035568757,0.00142363306055649,0.969902109507806,0.99999999971548
"TPRKB",3.90818259599346e-09,0.0530758434536245,0.00141968455654912,0.969943857573127,0.99999999971548
"MRFAP1",3.87885679050017e-09,0.0504963800137095,0.00139845873609092,0.970169284152317,0.99999999971548
"ITGAE",3.87137450265052e-09,0.0498355310445706,0.00139306870536812,0.970226800654895,0.99999999971548
"GSTP1",3.86371226015923e-09,0.0491576357256988,0.00138755982619612,0.970285700633041,0.99999999971548
"GRSF1",3.8382490318704e-09,0.046896416384663,0.00136933107318142,0.970481438695185,0.99999999971548
"TYMS",3.82963084013586e-09,0.046128136189405,0.00136318873650344,0.970547687891895,0.99999999971548
"URI1",3.81591617647908e-09,0.0449024175963954,0.00135344252369581,0.970653114771249,0.99999999971548
"SUMO2",3.81516318440512e-09,0.0448350096356427,0.00135290842866147,0.970658903160264,0.99999999971548
"BOLA3",3.79949988528073e-09,0.0434301980071902,0.00134182239740567,0.970779310180836,0.99999999971548
"COMMD6",3.79246390361543e-09,0.0427975137978579,0.00133685737751888,0.970833397444358,0.99999999971548
"IL18",3.79010768455239e-09,0.0425854114277364,0.00133519674189613,0.970851510290368,0.99999999971548
"CRBN",3.78746421978144e-09,0.0423473151734899,0.00133333488731195,0.970871831283965,0.99999999971548
"CARD19",3.78400264292944e-09,0.0420353130759033,0.00133089878138019,0.970898441344143,0.99999999971548
"MTF2",3.74687220815408e-09,0.0386729299151375,0.00130490810208745,0.971183874884476,0.99999999971548
"NDUFB6",3.74558751813747e-09,0.0385560756279283,0.00130401342785028,0.971193750774232,0.99999999971548
"SSR2",3.72532972829202e-09,0.0367088200365662,0.00128994621196206,0.971349480518837,0.99999999971548
"BANF1",3.72167140335475e-09,0.0363742957388774,0.00128741396614396,0.971377603644557,0.99999999971548
"GUSB",3.71569117971603e-09,0.0358268360644595,0.00128327988929857,0.971423576286253,0.99999999971548
"PTBP3",3.71420792890351e-09,0.0356909332254225,0.00128225555980711,0.97143497871034,0.99999999971548
"ELF2",3.71041606093284e-09,0.0353432886309797,0.00127963876399087,0.971464128551811,0.99999999971548
"WAPL",3.71014396718356e-09,0.0353183307535667,0.0012794510928851,0.971466220263674,0.99999999971548
"IFNGR1",3.69256358000865e-09,0.0337023799166569,0.00126735455212831,0.971601369334632,0.99999999971548
"IL16",3.67894660955388e-09,0.0324461319003199,0.00125802460611763,0.971706050235234,0.99999999971548
"CAPN2",3.67863555589462e-09,0.0324173880942413,0.00125781188402297,0.971708441475997,0.99999999971548
"SEC61A1",3.6737749677864e-09,0.0319679566386915,0.00125449018152337,0.971745807526332,0.99999999971548
"IGF1R",3.67325028468189e-09,0.0319194111944186,0.00125413187824867,0.971749841061553,0.99999999971548
"SPEN",3.66881538689733e-09,0.031508838405945,0.00125110535478844,0.971783934653283,0.99999999971548
"RYBP",3.64816517563973e-09,0.0295913847143461,0.00123706110433875,0.971942685297112,0.99999999971548
"RNF10",3.64583770493202e-09,0.0293746782332105,0.00123548315767445,0.971960578039738,0.99999999971548
"TTC1",3.6009790998621e-09,0.0251742864824178,0.00120526728007157,0.972305437317526,0.99999999971548
"SUMO3",3.5891240770343e-09,0.0240566247765818,0.00119734446202118,0.972396575985923,0.99999999971548
"IL6ST",3.57973041097854e-09,0.0231687308831983,0.00119108514356874,0.97246879256983,0.99999999971548
"CCNB1IP1",3.56614300310292e-09,0.021880849767169,0.00118206041608777,0.972573250182562,0.99999999971548
"ANP32A",3.52621130185017e-09,0.0180710660896286,0.00115573650582581,0.972880240826429,0.99999999971548
"SATB1",3.50267580126447e-09,0.0158079888474585,0.00114036019416779,0.973061181119901,0.99999999971548
"REL",3.49180691768813e-09,0.0147584137889687,0.00113329404658916,0.973144741272115,0.99999999971548
"HP1BP3",3.48618534113741e-09,0.0142144397099462,0.00112964792810338,0.973187960159008,0.99999999971548
"KLF6",3.4690505589429e-09,0.0125516653583504,0.00111857066124838,0.973319693478702,0.99999999971548
"DHX9",3.46447107617356e-09,0.0121060586002798,0.00111561936728431,0.973354900963415,0.99999999971548
"TOMM22",3.44438279993515e-09,0.0101452942655904,0.00110271933359591,0.973509342091168,0.99999999971548
"NFKBIA",3.44065592994393e-09,0.00978043071245363,0.0011003343093637,0.973537994833459,0.99999999971548
"COX4I1",3.41824640659065e-09,0.00757924388425986,0.00108604769231861,0.973710283369863,0.99999999971548
"VPS37B",3.41723578132333e-09,0.00747967919478837,0.00108540559408772,0.973718053271729,0.99999999971548
"YLPM1",3.41700216174009e-09,0.00745665983683168,0.00108525719148923,0.973719849389096,0.99999999971548
"CD99",3.41260786352037e-09,0.00702341894255755,0.00108246768357279,0.973753633719325,0.99999999971548
"RPL7L1",3.38166922255924e-09,0.00395931809223444,0.00106292938903495,0.973991498118348,0.99999999971548
"SVIP",3.36171720721985e-09,0.00197035150620146,0.00105042371849865,0.974144895681696,0.99999999971548
"CCNI",3.36145298488207e-09,0.00194394302179047,0.00105025860377527,0.974146927115132,0.99999999971548
"PTGS2",3.34608028639632e-09,0.000404355624883635,0.00104067442049922,0.974265118067983,0.99999999971548
"GGCT",3.30075356383042e-09,-0.0041712403544384,0.00101267098554962,0.974613609840691,0.99999999971548
"EIF3I",3.29000054685828e-09,-0.00526474188119061,0.00100608368307517,0.974696284476846,0.99999999971548
"HOOK3",3.28963508209165e-09,-0.005301961516144,0.00100586017690174,0.9746990943597,0.99999999971548
"B2M",3.28855443661659e-09,-0.00541203757629091,0.00100519943509583,0.974707402924961,0.99999999971548
"SCAF4",3.26196889922564e-09,-0.00813003607403305,0.000989012537961916,0.974911807245392,0.99999999971548
"MIEN1",3.24271133361712e-09,-0.0101109125348678,0.000977369414488267,0.975059871094183,0.99999999971548
"HMGB3",3.20617326817748e-09,-0.0138975941063439,0.000955467992142426,0.975340800268495,0.99999999971548
"COX14",3.17304168124941e-09,-0.0173638320252853,0.000935823009950782,0.975595540794722,0.99999999971548
"OGT",3.1623492953233e-09,-0.0184891937625142,0.000929526640362682,0.975677752421569,0.99999999971548
"LEPROT",3.1618431880135e-09,-0.0185425429921056,0.000929229138386512,0.975681643786334,0.99999999971548
"SYNGR2",3.1572238718382e-09,-0.019029812896036,0.000926515994548107,0.975717160874092,0.99999999971548
"TUBB",3.15598407897155e-09,-0.0191606983603194,0.000925788480484151,0.975726693425718,0.99999999971548
"RTF1",3.15264131285433e-09,-0.0195138186097309,0.000923828359417411,0.975752395390017,0.99999999971548
"FTL",3.14923157830176e-09,-0.0198743489180072,0.000921831109669482,0.975778612289247,0.99999999971548
"MMD",3.13503028525651e-09,-0.0213795928156583,0.000913535958055877,0.975887804022947,0.99999999971548
"SERPINE1",3.12728792984969e-09,-0.0222027317107288,0.000909029343647552,0.975947334089106,0.99999999971548
"CTSG",3.12639725381788e-09,-0.0222975387889,0.000908511620067667,0.975954182401653,0.99999999971548
"CCT8",3.11494648655058e-09,-0.0235185010798341,0.0009018687638092,0.976042226281591,0.99999999971548
"VAPA",3.08314660034954e-09,-0.026929824888517,0.000883548748781994,0.976286734163832,0.99999999971548
"SPN",3.06231747194599e-09,-0.0291808908201589,0.000871650913651673,0.976446889596278,0.99999999971548
"MMP24-AS1",3.06134677998817e-09,-0.0292861208470427,0.000871098410235062,0.976454353282258,0.99999999971548
"PSMB8",3.05762521573202e-09,-0.0296898344628599,0.00086898177435999,0.976482968545088,0.99999999971548
"RBX1",3.04617395405587e-09,-0.0309347489027472,0.000862485030568571,0.976571017963547,0.99999999971548
"POLR2B",3.03203757098767e-09,-0.0324772010745781,0.000854498534537783,0.976679713830514,0.99999999971548
"PSMD13",3.02227281378727e-09,-0.0335463125178452,0.000849003526950565,0.976754796142653,0.99999999971548
"SERINC3",3.02124924790764e-09,-0.0336585533303161,0.000848428553121539,0.976762666467317,0.99999999971548
"COPS5",3.01133497561699e-09,-0.034747434532768,0.00084286942860542,0.976838898650324,0.99999999971548
"SLC2A3",2.97949514335876e-09,-0.0382656084386978,0.000825139787643789,0.977083720861926,0.99999999971548
"PSMC6",2.97491118213926e-09,-0.0387748080855353,0.000822602781216608,0.977118967944637,0.99999999971548
"CYBA",2.97263247917378e-09,-0.0390281870048702,0.000821343080078575,0.977136489407904,0.99999999971548
"MRPL43",2.95830813606558e-09,-0.040624853542606,0.00081344647432557,0.97724663277907,0.99999999971548
"FAM63A",2.95412113144712e-09,-0.0410928292089165,0.000811145501109596,0.977278827761787,0.99999999971548
"CUX1",2.94072115331737e-09,-0.0425944140664631,0.000803803432391578,0.977381863976022,0.99999999971548
"TIMM8B",2.93928017894351e-09,-0.0427562420975848,0.0008030158865418,0.977392944057229,0.99999999971548
"MDH2",2.93684272708211e-09,-0.0430301362861962,0.000801684607534939,0.977411686360602,0.99999999971548
"TP53",2.93018803746482e-09,-0.0437789257038455,0.000798055596113401,0.977462856341985,0.99999999971548
"MRPL21",2.92280753968874e-09,-0.0446111155172177,0.000794040406909601,0.977519607396845,0.99999999971548
"CCT6A",2.90396489205533e-09,-0.0467440429484698,0.000783835427125021,0.97766449517624,0.99999999971548
"XRN2",2.90128771533483e-09,-0.0470480669079078,0.000782390851350769,0.977685080994447,0.99999999971548
"CLPP",2.89969131055959e-09,-0.0472294730471994,0.00078153008262643,0.977697356357958,0.99999999971548
"YTHDF2",2.89796633452336e-09,-0.0474255869542013,0.000780600521833233,0.977710620360734,0.99999999971548
"WASF2",2.88827146560393e-09,-0.0485296972170907,0.000775386409481815,0.977785168043227,0.99999999971548
"HMHA1",2.88500034095664e-09,-0.0489029600922526,0.000773631069425974,0.977810321058534,0.99999999971548
"WDR33",2.88259841448664e-09,-0.0491772746137662,0.000772343422151361,0.977828790467602,0.99999999971548
"PPP2R5C",2.87832513343713e-09,-0.0496658010534083,0.000770055212916636,0.977861649527743,0.99999999971548
"CMC2",2.874645760832e-09,-0.0500869369251742,0.000768087742945493,0.977889941805488,0.99999999971548
"PIK3CA",2.87381796818898e-09,-0.0501817495280167,0.000767645444387938,0.977896307062827,0.99999999971548
"RCN2",2.86210097102672e-09,-0.0515263295202617,0.0007613985883831,0.977986404296249,0.99999999971548
"PAFAH1B1",2.85634338690553e-09,-0.0521887944760981,0.000758338314070691,0.978030677039504,0.99999999971548
"MFSD1",2.85050392170254e-09,-0.0528618681652388,0.000755240812802003,0.978075579473622,0.99999999971548
"STRAP",2.847321649451e-09,-0.0532291711644855,0.000753555468460925,0.978100049512569,0.99999999971548
"OAZ1",2.84254868398945e-09,-0.0537807445477734,0.000751031215779014,0.978136751203824,0.99999999971548
"PGAM1",2.83869659683439e-09,-0.0542264871877429,0.000748997071236898,0.978166371840239,0.99999999971548
"MRPL28",2.83348727616401e-09,-0.0548301191691372,0.000746250609466628,0.978206428975959,0.99999999971548
"ARID1A",2.82792653315248e-09,-0.0554755385160192,0.000743324437199872,0.978249188438758,0.99999999971548
"SSNA1",2.8211462393443e-09,-0.0562640029834926,0.000739764290875469,0.978301325750342,0.99999999971548
"ZC3H15",2.81775040753607e-09,-0.0566595160141741,0.000737984444690957,0.97832743815526,0.99999999971548
"DHX15",2.81705777452236e-09,-0.0567402379891271,0.000737621680433852,0.978332764191537,0.99999999971548
"LAP3",2.80647669047576e-09,-0.0579755474324662,0.000732090960202309,0.978414128087632,0.99999999971548
"SNX6",2.80606802925834e-09,-0.0580233385956325,0.000731877770902046,0.97841727051769,0.99999999971548
"NOL7",2.80516263782669e-09,-0.0581292417797529,0.000731405559284549,0.978424232591933,0.99999999971548
"ADSS",2.80369166800401e-09,-0.0583013637980318,0.000730638692217514,0.978435543726466,0.99999999971548
"ANKRD36C",2.79803404650495e-09,-0.058964109795784,0.000727692928595725,0.978479048478459,0.99999999971548
"BSG",2.7931423974145e-09,-0.0595380684405009,0.000725150781609261,0.978516663273388,0.99999999971548
"HTATSF1",2.77887605748324e-09,-0.0612170086458585,0.00071776209443794,0.978626365906182,0.99999999971548
"MT-CYB",2.77627273249216e-09,-0.0615241906654729,0.00071641788714163,0.978646384511515,0.99999999971548
"EIF2A",2.77452895623611e-09,-0.0617300895013936,0.00071551820595937,0.978659793512833,0.99999999971548
"OFD1",2.76717472205368e-09,-0.0625996914173093,0.000711730093006681,0.978716344948901,0.99999999971548
"C22orf39",2.76232097802627e-09,-0.0631747246243789,0.000709235472092011,0.978753668566739,0.99999999971548
"FXN",2.7598215191443e-09,-0.0634711836638784,0.000707952563330172,0.978772888561793,0.99999999971548
"UQCRC2",2.75384797381203e-09,-0.0641806488300683,0.000704891198711013,0.978818823158794,0.99999999971548
"MAGOH",2.75165200534633e-09,-0.0644417958402889,0.00070376746080717,0.978835709451004,0.99999999971548
"SCAMP3",2.74879843729276e-09,-0.0647814163091323,0.00070230855028771,0.978857652487008,0.99999999971548
"PPP6C",2.74146287201515e-09,-0.0656558760952863,0.000698565128474973,0.978914060737796,0.99999999971548
"GRAP2",2.72675187827584e-09,-0.0674156989989903,0.000691088087889922,0.979027184092516,0.99999999971548
"ADRM1",2.71679774685423e-09,-0.0686111664282113,0.000686051600835024,0.979103728769333,0.99999999971548
"ERGIC3",2.71126144820515e-09,-0.0692777125056608,0.000683258373715125,0.979146301546624,0.99999999971548
"GBAS",2.71018538652376e-09,-0.0694074030164341,0.000682716129990122,0.979154576203647,0.99999999971548
"KIAA0922",2.70560852709989e-09,-0.0699595221554515,0.000680412186256674,0.979189771183255,0.99999999971548
"SKP1",2.69865639458473e-09,-0.0707997333142938,0.000676920004515693,0.979243231535439,0.99999999971548
"ILF3",2.6978648892162e-09,-0.0708955113168084,0.000676522986765101,0.979249318041527,0.99999999971548
"AP001189.4",2.69740848105867e-09,-0.0709507511904344,0.000676294106146807,0.979252827722668,0.99999999971548
"HIST1H3H",2.68945231315841e-09,-0.0719150086031671,0.000672310449882841,0.979314009017063,0.99999999971548
"SNRPA1",2.68938624172409e-09,-0.0719230265937602,0.000672277417157271,0.979314517093311,0.99999999971548
"STAT3",2.68805665767888e-09,-0.0720844125149493,0.000671612857814734,0.979324741333139,0.99999999971548
"EIF5A",2.67476005505142e-09,-0.0737021952097722,0.000664984959919309,0.97942698977895,0.99999999971548
"DYNC1H1",2.67177247576571e-09,-0.0740666529017661,0.000663500276636474,0.979449963764592,0.99999999971548
"SSU72",2.66394462137873e-09,-0.0750232644420019,0.000659618078483726,0.979510158738001,0.99999999971548
"TMEM18",2.65133293159603e-09,-0.0765696454487443,0.000653387313187718,0.979607140901119,0.99999999971548
"FAM110A",2.64805428685128e-09,-0.0769727039235746,0.000651772351660324,0.979632353278543,0.99999999971548
"OXR1",2.64706717564467e-09,-0.0770941389451621,0.000651286521833262,0.979639944047079,0.99999999971548
"NUDCD2",2.64204531288786e-09,-0.0777125421995471,0.000648817699663854,0.979678561606799,0.99999999971548
"TMF1",2.63723861445477e-09,-0.078305408085127,0.000646459046622549,0.979715524621681,0.99999999971548
"STRA13",2.633525387514e-09,-0.0787640473236556,0.000644639901990762,0.979744078983459,0.99999999971548
"CALM2",2.62779865960872e-09,-0.0794724881095413,0.000641839349189617,0.979788117026891,0.99999999971548
"WEE1",2.61848909707984e-09,-0.0806270247243126,0.000637299686900928,0.979859706890817,0.99999999971548
"HNRNPA3",2.61778987507941e-09,-0.0807138836720431,0.000636959372736005,0.97986508386409,0.99999999971548
"WBP2",2.61764574099192e-09,-0.0807317908450811,0.000636889233393356,0.979866192246285,0.99999999971548
"YPEL3",2.61224218036751e-09,-0.0814037471066534,0.000634262508587239,0.979907745320438,0.99999999971548
"PPP4C",2.60566292149844e-09,-0.0822235408173588,0.000631071592994849,0.979958339520876,0.99999999971548
"PUM2",2.60149282813884e-09,-0.0827440786946069,0.000629053280024103,0.979990407390251,0.99999999971548
"PDE4D",2.60014298885562e-09,-0.0829127298178789,0.000628400654326016,0.980000787613181,0.99999999971548
"NUDT4",2.59980510255097e-09,-0.0829549578021743,0.000628237344708105,0.980003385949091,0.99999999971548
"ZNF644",2.59976637570515e-09,-0.0829597980684099,0.000628218628328519,0.980003683757429,0.99999999971548
"SEC31A",2.5895939799294e-09,-0.084233369924274,0.000623312044266068,0.980081909286676,0.99999999971548
"KRT10",2.57830910877733e-09,-0.0856513241844336,0.00061789137224499,0.980168689954389,0.99999999971548
"ATP6V1E1",2.5768199877211e-09,-0.0858388365961531,0.000617177843102816,0.98018014131399,0.99999999971548
"TNFAIP8",2.5692688056934e-09,-0.0867911464405245,0.000613565954227314,0.980238210061319,0.99999999971548
"IMMT",2.56868714254426e-09,-0.0868646032642421,0.000613288172232771,0.980242683067418,0.99999999971548
"FNBP1L",2.56471416599839e-09,-0.0873667281015773,0.000611392499411692,0.980273235386242,0.99999999971548
"LGALS12",2.55960831071473e-09,-0.0880130263452168,0.000608960591537213,0.98031249962188,0.99999999971548
"ZNF280D",2.55141410478424e-09,-0.0890525953620027,0.000605067838743599,0.980375513499766,0.99999999971548
"LSM8",2.54940281442222e-09,-0.0893082042975281,0.00060411425975379,0.980390980447977,0.99999999971548
"DDX5",2.54810190763073e-09,-0.0894736261268308,0.000603497883380711,0.980400984506192,0.99999999971548
"BIRC6",2.52860187358634e-09,-0.0919620735166564,0.000594296367955189,0.980550941410434,0.99999999971548
"TRIM44",2.52771497470479e-09,-0.0920756492638445,0.00059387954603188,0.980557761753914,0.99999999971548
"FNBP4",2.52287488794675e-09,-0.0926960793892243,0.000591607393857147,0.980594982543171,0.99999999971548
"ATPIF1",2.52207629043792e-09,-0.0927985477009699,0.000591232915188441,0.980601123848219,0.99999999971548
"AFG3L2",2.51399444974932e-09,-0.0938371225296666,0.000587449846102232,0.980663274180622,0.99999999971548
"SDF4",2.51140793817166e-09,-0.0941701214266316,0.000586241677809757,0.980683164792307,0.99999999971548
"TRIM58",2.51125556116832e-09,-0.0941897484172546,0.000586170540788368,0.980684336591729,0.99999999971548
"TIMM10",2.5102632078322e-09,-0.0943175942969306,0.00058570736741003,0.980691967921889,0.99999999971548
"SMS",2.50752883503726e-09,-0.0946700938983828,0.000584432066856372,0.98071299562431,0.99999999971548
"UQCC3",2.49537174338421e-09,-0.0962413756722723,0.000578778874950251,0.980806485491209,0.99999999971548
"BRD7",2.48583087876116e-09,-0.0974791853522515,0.000574361501598334,0.980879856362669,0.99999999971548
"NUDT1",2.47781007726777e-09,-0.098522987132983,0.000570661002584821,0.980941537815329,0.99999999971548
"SRSF7",2.47472748945861e-09,-0.0989249273649652,0.000569241992766747,0.980965243518238,0.99999999971548
"TLK1",2.46123984895311e-09,-0.10068872572437,0.000563053991064778,0.981068966307999,0.99999999971548
"AIMP1",2.45816596434261e-09,-0.101091878232217,0.00056164845376294,0.981092605171439,0.99999999971548
"METAP2",2.45175013802425e-09,-0.101934754863632,0.000558720468845667,0.981141944371104,0.99999999971548
"CDK12",2.44069111610506e-09,-0.103392143857258,0.000553691435634007,0.981226990996318,0.99999999971548
"MINPP1",2.43265589668279e-09,-0.104454655042599,0.00055005172176925,0.981288783963218,0.99999999971548
"HSPA8",2.4178110468781e-09,-0.106425671224994,0.000543359019239628,0.981402945087517,0.99999999971548
"CCS",2.40834945558251e-09,-0.107687428413779,0.000539114699332068,0.981475707619066,0.99999999971548
"U2AF2",2.39851147965464e-09,-0.109003959596217,0.000534719187243264,0.981551364827002,0.99999999971548
"ENKUR",2.39821349582401e-09,-0.109043909436236,0.000534586331699096,0.981553656421361,0.99999999971548
"PLEKHO1",2.39599653399337e-09,-0.109341266808321,0.000533598421572111,0.981570705596943,0.99999999971548
"KLF2",2.3920758781427e-09,-0.109867724189389,0.000531853557512,0.981600856768129,0.99999999971548
"FOS",2.36480980614418e-09,-0.113549857852392,0.000519797995614969,0.981810542819824,0.99999999971548
"RP11-1000B6.3",2.33438510112528e-09,-0.11770240028577,0.000506509004836997,0.982044521395878,0.99999999971548
"JUNB",2.3001727170631e-09,-0.122428522231643,0.000491771165814598,0.982307630635725,0.99999999971548
"CHD3",2.29498731685832e-09,-0.123150165864172,0.000489556413894985,0.982347508957968,0.99999999971548
"ADSL",2.29155053399573e-09,-0.123629239234564,0.000488091273503514,0.98237393956219,0.99999999971548
"RBM8A",2.28476799817926e-09,-0.124576533481311,0.000485206242352696,0.982426100761182,0.99999999971548
"TWF2",2.24882029060313e-09,-0.129638451925442,0.000470058237233407,0.98270255842398,0.99999999971548
"USP33",2.24857424853594e-09,-0.12967333975915,0.000469955385285614,0.982704450630134,0.99999999971548
"TMED5",2.23177629050418e-09,-0.132063115747405,0.000462960015911452,0.982833636896545,0.99999999971548
"H2AFZ",2.21022541455836e-09,-0.135152089417402,0.000454062150893103,0.982999376581216,0.99999999971548
"VIM-AS1",2.20848994347661e-09,-0.135401979807495,0.000453349370781875,0.983012723468861,0.99999999971548
"MARCH2",2.20434447791535e-09,-0.135999577206563,0.000451649041206441,0.983044604781694,0.99999999971548
"NFE2",2.19676614138402e-09,-0.137094578220914,0.000448548922406401,0.983102887163773,0.99999999971548
"TXN2",2.19091616112718e-09,-0.137942096957474,0.000446163135010479,0.983147877413364,0.99999999971548
"UBQLN1",2.18206248666056e-09,-0.139228528980203,0.000442564456323487,0.983215968176519,0.99999999971548
"DNAJB6",2.14533855963238e-09,-0.144613439566186,0.000427793166248627,0.983498401389451,0.99999999971548
"SIGMAR1",2.13975327626875e-09,-0.145439435782583,0.000425568588900336,0.983541356387451,0.99999999971548
"UQCRQ",2.12016114979238e-09,-0.148351781547146,0.000417811038318956,0.983692034840326,0.99999999971548
"MOB2",2.11319439135223e-09,-0.149393025806481,0.000415069731400108,0.983745614687165,0.99999999971548
"CCDC109B",2.11296806542548e-09,-0.14942690228859,0.000414980827121919,0.983747355312618,0.99999999971548
"MAP3K8",2.11044868387689e-09,-0.149804216796131,0.000413991818568596,0.983766731355366,0.99999999971548
"MT-ND4L",2.10407366117747e-09,-0.150760723361909,0.000411494509688022,0.983815760380009,0.99999999971548
"TUBB1",2.10329072792759e-09,-0.150878368195418,0.000411188329539563,0.983821781767274,0.99999999971548
"MT-CO3",2.10201391305058e-09,-0.151070306234504,0.000410689252532439,0.983831601504,0.99999999971548
"DGCR6L",2.09235452619781e-09,-0.152525654778775,0.000406923443421902,0.983905890062769,0.99999999971548
"SRPK1",2.07787434259985e-09,-0.154718322436257,0.000401310687921997,0.984017254739402,0.99999999971548
"ASH1L",2.07333649209611e-09,-0.155408203819854,0.000399559764546553,0.98405215465487,0.99999999971548
"RSF1",2.0697703366781e-09,-0.155951282404898,0.000398186454607183,0.984079581433195,0.99999999971548
"ANAPC5",2.06273795839225e-09,-0.15702461058174,0.000395485246008385,0.984133666478366,0.99999999971548
"LST1",2.0565807032738e-09,-0.157966988401871,0.000393127729714328,0.984181021132623,0.99999999971548
"WIPF1",2.03567151801808e-09,-0.161185597709135,0.000385174534017106,0.98434183139221,0.99999999971548
"TTC17",2.02397871393512e-09,-0.162998062008928,0.000380762392275396,0.984431759748826,0.99999999971548
"PTPRA",2.02202080454036e-09,-0.163302441135774,0.000380026082472827,0.984446817881971,0.99999999971548
"LYSMD2",2.01816589450428e-09,-0.163902480501515,0.000378578451565037,0.984476465719832,0.99999999971548
"FKBP1A",2.01732091502351e-09,-0.164034139721649,0.000378261506305753,0.984482964399556,0.99999999971548
"RAB8B",2.01496638736859e-09,-0.164401260178377,0.000377379041428244,0.984501072917062,0.99999999971548
"LITAF",2.00418097159964e-09,-0.166087718305152,0.000373349895599456,0.984584022943087,0.99999999971548
"COQ4",1.9941931313411e-09,-0.167656519064974,0.000369637987810153,0.984660839009373,0.99999999971548
"MCTP2",1.9880119459315e-09,-0.168630831675434,0.000367350085073261,0.984708378321959,0.99999999971548
"PCF11",1.98796516584106e-09,-0.168638215453199,0.000367332796979947,0.984708738106447,0.99999999971548
"JAK2",1.98328920260169e-09,-0.169377034039055,0.000365606796313401,0.98474470083662,0.99999999971548
"RPS26",1.98049121073623e-09,-0.169819851485563,0.000364575939845577,0.984766220145194,0.99999999971548
"IFRD1",1.97922531389741e-09,-0.170020374425771,0.000364110027115688,0.984775956140221,0.99999999971548
"MFSD10",1.97843817457805e-09,-0.170145116588768,0.000363820471070368,0.984782010018951,0.99999999971548
"GABPB1",1.97166156344486e-09,-0.171220831677964,0.000361332399941959,0.984834128887228,0.99999999971548
"EIF3G",1.96590241552445e-09,-0.172137566304654,0.000359224606630824,0.984878422504021,0.99999999971548
"ZCCHC7",1.95931738185231e-09,-0.173188631544925,0.000356822102484162,0.984929068066696,0.99999999971548
"PPP1R15A",1.95306447622884e-09,-0.174189532535995,0.000354548234350205,0.984977159285304,0.99999999971548
"LRP10",1.94890164502229e-09,-0.174857422573242,0.000353038451592755,0.985009175731253,0.99999999971548
"UXS1",1.94355639941972e-09,-0.175716842839774,0.000351104552675151,0.985050286193287,0.99999999971548
"PRKAR1A",1.93735020529537e-09,-0.176717271544582,0.000348865827863632,0.985098018288884,0.99999999971548
"CTSD",1.93228099386804e-09,-0.177536491033864,0.000347042552992633,0.985137005843139,0.99999999971548
"ICAM2",1.93060020062419e-09,-0.177808531519284,0.00034643906614392,0.985149932914434,0.99999999971548
"UVRAG",1.92806288291171e-09,-0.178219593085685,0.000345529039984614,0.985169447568899,0.99999999971548
"NPTN",1.91980663292546e-09,-0.179560422610145,0.000342576163128991,0.985232946917258,0.99999999971548
"NUCB1",1.91483209441433e-09,-0.180370719937683,0.00034080311952306,0.985271206457301,0.99999999971548
"MTR",1.91467597476952e-09,-0.180396179724611,0.000340747549227228,0.985272407185472,0.99999999971548
"MLH3",1.89827641507437e-09,-0.183080710139199,0.000334935413657097,0.985398537643174,0.99999999971548
"MTHFD2",1.87824199993661e-09,-0.186387762773641,0.000327902902324755,0.985552624589112,0.99999999971548
"EIF4A3",1.87610964493757e-09,-0.186741552023501,0.000327158793214747,0.985569024803692,0.99999999971548
"PSMB8-AS1",1.87253711188254e-09,-0.187335072814029,0.000325914012248622,0.985596501625261,0.99999999971548
"RNF24",1.87134988143485e-09,-0.187532530750454,0.000325500869701561,0.985605632774558,0.99999999971548
"SMC2",1.85919372986321e-09,-0.189560613830123,0.000321285745332245,0.985699127482046,0.99999999971548
"FARSA",1.85892290483731e-09,-0.189605928384983,0.000321192150047953,0.985701210438455,0.99999999971548
"MIR4435-2HG",1.84095717463615e-09,-0.192624865453184,0.00031501376904279,0.985839387815189,0.99999999971548
"COX5A",1.83562454953717e-09,-0.193525884833485,0.000313191437293118,0.985880401991133,0.99999999971548
"ZNF800",1.82603958891143e-09,-0.195151133867449,0.000309929234125199,0.985954121735935,0.99999999971548
"MCL1",1.81752014060574e-09,-0.196601953373098,0.000307044010160971,0.986019646524675,0.99999999971548
"PPP1CA",1.81007393263127e-09,-0.197874858255973,0.000304533303290785,0.986076916883629,0.99999999971548
"RB1CC1",1.80989605388352e-09,-0.197905321711894,0.000304473452320085,0.986078284987543,0.99999999971548
"NFATC3",1.80953904686135e-09,-0.197966470477017,0.000304353347698935,0.986081030805875,0.99999999971548
"INSIG1",1.8086672263231e-09,-0.198115841486155,0.000304060148632322,0.986087736167156,0.99999999971548
"PDZK1IP1",1.79936214061678e-09,-0.199714016913095,0.000300939588133972,0.986159303665239,0.99999999971548
"MEST",1.79440674715224e-09,-0.200568056027525,0.00029928431199926,0.986197416751644,0.99999999971548
"KCNA3",1.79380009658242e-09,-0.200672750353772,0.000299081982947883,0.986202082644773,0.99999999971548
"STX7",1.79256025615523e-09,-0.200886814925262,0.000298668686299671,0.986211618552442,0.99999999971548
"CHCHD5",1.79049787623249e-09,-0.201243180471164,0.00029798183188846,0.986227480811406,0.99999999971548
"AURKB",1.79009248686071e-09,-0.201313271048396,0.000297846914116003,0.986230598759,0.99999999971548
"TMEM140",1.78593238008933e-09,-0.202033339718415,0.000296464152954981,0.986262595157335,0.99999999971548
"ARRB1",1.78172930183048e-09,-0.202762329532099,0.000295070375916368,0.986294922082327,0.99999999971548
"RAP2B",1.77949358108184e-09,-0.203150706837462,0.000294330329639772,0.986312117578352,0.99999999971548
"CCDC88A",1.77410112886825e-09,-0.204089203845319,0.000292549196578069,0.986353592323854,0.99999999971548
"HNRNPA0",1.77404224370327e-09,-0.20409946584943,0.000292529776578236,0.986354045225101,0.99999999971548
"NUP214",1.77247789953454e-09,-0.204372194954552,0.000292014100596835,0.986366077007966,0.99999999971548
"FXR1",1.75207038664245e-09,-0.207949376098729,0.000285328572634747,0.986523036845633,0.99999999971548
"IGBP1",1.75108037920697e-09,-0.208123832078973,0.000285006213894273,0.986530651280519,0.99999999971548
"PIK3CB",1.74390356004047e-09,-0.209391080136196,0.000282674800146206,0.986585850318981,0.99999999971548
"PADI4",1.74016681003517e-09,-0.210052694352117,0.000281464694945992,0.986614590793701,0.99999999971548
"LSM12",1.73741432945506e-09,-0.210540828593311,0.000280574994720536,0.986635760965627,0.99999999971548
"STON2",1.72444984213819e-09,-0.212849080398299,0.000276403347867313,0.986735474938193,0.99999999971548
"TCEAL4",1.72440831545868e-09,-0.212856498202403,0.000276390035824527,0.986735794333353,0.99999999971548
"HNRNPDL",1.72434908378959e-09,-0.21286707887221,0.000276371048718247,0.986736249903335,0.99999999971548
"EGLN3",1.72026549151946e-09,-0.213597302380621,0.000275063598465837,0.9867676581466,0.99999999971548
"CD68",1.72005179475337e-09,-0.213635556905382,0.000274995264187411,0.98676930175886,0.99999999971548
"GNG11",1.71947797590431e-09,-0.213738298466553,0.000274811814891968,0.986773715189031,0.99999999971548
"ZFR",1.71891416431244e-09,-0.213839277293911,0.000274631624524346,0.986778051650479,0.99999999971548
"FUNDC2",1.71652767030187e-09,-0.214267018428484,0.000273869571635216,0.986796406969629,0.99999999971548
"ZNF185",1.70972926023647e-09,-0.215488367497981,0.000271704514064751,0.986848695840779,0.99999999971548
"MED28",1.70227548296407e-09,-0.21683231927222,0.000269340618951294,0.986906025427689,0.99999999971548
"LAMTOR4",1.69938230217935e-09,-0.217355353044715,0.000268425856440739,0.986928277903055,0.99999999971548
"CHD9",1.69898634551985e-09,-0.217426994960122,0.000268300784380047,0.986931323346378,0.99999999971548
"SPAG9",1.6842625624193e-09,-0.22010139095026,0.000263670629412818,0.987044569327298,0.99999999971548
"GSTO1",1.68357344425455e-09,-0.220227058381782,0.000263454911207289,0.987049869592618,0.99999999971548
"NOP10",1.67674894713438e-09,-0.221473993744227,0.000261323369837682,0.987102359381021,0.99999999971548
"RPA1",1.67661397069828e-09,-0.221498700400819,0.000261281299046473,0.987103397536403,0.99999999971548
"PRR13",1.66992075955057e-09,-0.222726029540558,0.000259199340742776,0.987154877610049,0.99999999971548
"ZRANB2",1.66858168182328e-09,-0.222972088783722,0.000258783813358652,0.987165176980787,0.99999999971548
"UROS",1.65927758749689e-09,-0.224686500759733,0.000255905876759252,0.987236738469607,0.99999999971548
"TRIM22",1.65775694286957e-09,-0.224967495864608,0.000255437041906043,0.98724843436183,0.99999999971548
"PRPF40A",1.65353395235477e-09,-0.225749026504637,0.000254137292564105,0.987280915102482,0.99999999971548
"FAM212A",1.64807784325001e-09,-0.226761339866016,0.000252462923393308,0.987322880291834,0.99999999971548
"PGLS",1.64571801455257e-09,-0.227200080159801,0.000251740454217644,0.987341030720197,0.99999999971548
"HM13",1.63299544825291e-09,-0.229574936351865,0.000247863235041958,0.987438885405281,0.99999999971548
"UBXN11",1.62745271829672e-09,-0.23061460590993,0.000246183490704431,0.987481516965183,0.99999999971548
"ERP29",1.62312859611104e-09,-0.231427837822968,0.00024487701554406,0.987514775704658,0.99999999971548
"SRP54",1.62250555937545e-09,-0.231545166803882,0.000244689059894318,0.987519567758009,0.99999999971548
"PTOV1",1.6176186254966e-09,-0.232466825776926,0.000243217288749251,0.987557155361202,0.99999999971548
"SFXN1",1.61652378454009e-09,-0.232673641074189,0.000242888170215065,0.987565576278484,0.99999999971548
"HRAT92",1.61561109221287e-09,-0.232846141666664,0.000242613977418937,0.987572596209282,0.99999999971548
"FUS",1.61007280913508e-09,-0.233894709276271,0.000240953476493155,0.987615193677896,0.99999999971548
"IDH2",1.6099553459313e-09,-0.233916982636643,0.000240918320151506,0.987616097141512,0.99999999971548
"PSMB10",1.60201709317725e-09,-0.235425519194402,0.000238548371709406,0.98767715393737,0.99999999971548
"SNX17",1.59191384290943e-09,-0.237354911044796,0.000235549010314886,0.987754862840886,0.99999999971548
"MT-ND4",1.59060528105582e-09,-0.237605582359146,0.000235161924333606,0.987764927621045,0.99999999971548
"H2AFJ",1.58982080736649e-09,-0.237755944079674,0.000234930021607075,0.987770961387369,0.99999999971548
"DDAH2",1.58689959955767e-09,-0.238316426347421,0.000234067472934627,0.987793429814756,0.99999999971548
"KIAA0125",1.58181133434657e-09,-0.239294841269208,0.000232568842571959,0.987832566155752,0.99999999971548
"APH1A",1.58075514192716e-09,-0.239498277990822,0.000232258368831125,0.987840689852859,0.99999999971548
"MRPL34",1.57739972074316e-09,-0.240145362219504,0.000231273399678291,0.987866498061374,0.99999999971548
"PTCRA",1.57441069319258e-09,-0.240722797549809,0.000230397746417043,0.987889488165427,0.99999999971548
"CSTB",1.56680909074896e-09,-0.242195621078909,0.000228178295004634,0.987947955932449,0.99999999971548
"LEPR",1.56617710250483e-09,-0.242318349569021,0.000227994256097292,0.987952816876424,0.99999999971548
"DPYD",1.56338113663329e-09,-0.242861827508483,0.000227180944305117,0.987974322081585,0.99999999971548
"GNPTG",1.56266813185785e-09,-0.243000556178404,0.000226973772608645,0.987979806167798,0.99999999971548
"C19orf43",1.56226940553053e-09,-0.243078159992652,0.000226857959313448,0.987982872977174,0.99999999971548
"MRPS5",1.56099503747879e-09,-0.24332630489945,0.000226488006957406,0.987992674798868,0.99999999971548
"VDAC1",1.56031966534545e-09,-0.24345788479014,0.000226292067067117,0.987997869434872,0.99999999971548
"CGGBP1",1.55727957140355e-09,-0.244050787524861,0.000225411120726887,0.988021252374322,0.99999999971548
"MRPS12",1.55013354049729e-09,-0.245448436756056,0.000223347138042982,0.98807621624526,0.99999999971548
"NUDC",1.54941795822585e-09,-0.245588701728977,0.000223140979852239,0.988081720166868,0.99999999971548
"MCFD2",1.54793333283906e-09,-0.245879890634633,0.000222713565095587,0.988093139207511,0.99999999971548
"C9orf142",1.54009763185844e-09,-0.247420792668196,0.000220464501860871,0.988153407776722,0.99999999971548
"RSRC1",1.53583533137539e-09,-0.248261846206343,0.000219245896470623,0.988186191438951,0.99999999971548
"U2SURP",1.53015972144154e-09,-0.249384936893073,0.000217628464008551,0.988229845660819,0.99999999971548
"ATG3",1.52889215652638e-09,-0.24963625778527,0.000217268052029418,0.98823959520105,0.99999999971548
"BAX",1.52599224148892e-09,-0.250211908117256,0.000216444630496705,0.988261900052151,0.99999999971548
"UBXN2A",1.52364909155962e-09,-0.250677732764152,0.000215780442521268,0.988279922521445,0.99999999971548
"IDH3G",1.52177959653383e-09,-0.251049840658246,0.000215251248518564,0.988294301851733,0.99999999971548
"C15orf40",1.5190389511599e-09,-0.251596063398804,0.000214476634210811,0.988315381692726,0.99999999971548
"CCT3",1.51743928630406e-09,-0.25191528000991,0.000214025151273634,0.988327685616269,0.99999999971548
"UFD1L",1.51586951402289e-09,-0.252228816189067,0.000213582567541725,0.988339759621879,0.99999999971548
"ITGB2",1.51549939719974e-09,-0.252302782077805,0.000213478283036882,0.988342606399889,0.99999999971548
"ZSWIM7",1.50908078723175e-09,-0.253588012959152,0.000211673818904008,0.988391975586295,0.99999999971548
"PFKL",1.5084859913043e-09,-0.253707352576358,0.000211506991634636,0.988396550502924,0.99999999971548
"TSTD1",1.50792673575886e-09,-0.253819598728007,0.000211350192656174,0.988400852058438,0.99999999971548
"MPST",1.50387229074302e-09,-0.254634436315052,0.000210215182966921,0.98843203713312,0.99999999971548
"IER2",1.50322702965936e-09,-0.254764293165083,0.000210034829119688,0.988437000209846,0.99999999971548
"SENCR",1.50271767173762e-09,-0.254866834161985,0.000209892515581229,0.988440917976956,0.99999999971548
"GTF2B",1.50201190873782e-09,-0.255008964275935,0.000209695406585985,0.988446346409861,0.99999999971548
"TSPYL1",1.5018089143456e-09,-0.255049855068307,0.000209638730450551,0.988447907757663,0.99999999971548
"CD48",1.49519292426454e-09,-0.256385206198382,0.000207795736031489,0.988498795205163,0.99999999971548
"MT-ND6",1.49227340726025e-09,-0.256976107670172,0.000206985043459327,0.988521250932119,0.99999999971548
"ELOVL5",1.49216426674004e-09,-0.256998216876498,0.000206954768002955,0.988522090396398,0.99999999971548
"ARPC3",1.4902510948693e-09,-0.257386007448089,0.000206424415918957,0.988536805734633,0.99999999971548
"CAPRIN1",1.48958131283432e-09,-0.257521871334388,0.00020623890584481,0.98854195742597,0.99999999971548
"NDUFAB1",1.48876358073994e-09,-0.257687818644474,0.000206012530983952,0.988548247089712,0.99999999971548
"LYPLAL1",1.48552315295452e-09,-0.258346198825322,0.000205116697385533,0.988573171153484,0.99999999971548
"CAMLG",1.48242172879195e-09,-0.258977507748763,0.000204261120264362,0.98859702606789,0.99999999971548
"C17orf62",1.48037707235797e-09,-0.259394335503197,0.000203698047308347,0.988612752753103,0.99999999971548
"CST7",1.47939327393178e-09,-0.259595073097197,0.000203427398385207,0.988620319741439,0.99999999971548
"LAMTOR2",1.47083395741497e-09,-0.261346462385657,0.000201080270683603,0.988686154661422,0.99999999971548
"RAD23A",1.46864251027119e-09,-0.26179629696619,0.000200481523955418,0.988703010429432,0.99999999971548
"MBNL1",1.46772605328267e-09,-0.2619845896773,0.000200231394510969,0.988710059465368,0.99999999971548
"MORC3",1.46234741856857e-09,-0.263091734985638,0.000198766545958481,0.988751429880045,0.99999999971548
"CRYL1",1.46087829017585e-09,-0.263394758190028,0.000198367370101011,0.988762729862729,0.99999999971548
"PSMA1",1.46038049344742e-09,-0.263497494136173,0.000198232205105423,0.988766558728327,0.99999999971548
"RBPJ",1.44937527622552e-09,-0.265776582705025,0.000195255763802741,0.988851206794568,0.99999999971548
"HIST1H2BJ",1.44780038207074e-09,-0.266103960446778,0.000194831663713296,0.988863320309028,0.99999999971548
"SUMO1",1.44558047264749e-09,-0.26656594581152,0.000194234651764332,0.988880395051277,0.99999999971548
"LINC00152",1.44299984936587e-09,-0.267103775670837,0.000193541782614535,0.988900244280765,0.99999999971548
"PRKCD",1.44230583788861e-09,-0.267248557939192,0.000193355659354944,0.988905582369514,0.99999999971548
"WDR43",1.43777276074876e-09,-0.268195726193621,0.000192142159818269,0.988940449194263,0.99999999971548
"RBM39",1.43669051219725e-09,-0.268422241755126,0.000191853007990066,0.988948773470155,0.99999999971548
"NBN",1.43406232024078e-09,-0.268972943126196,0.000191151722183733,0.988968988604958,0.99999999971548
"PSMB3",1.42846693593667e-09,-0.270148309036042,0.000189662971343624,0.989012026370772,0.99999999971548
"SNRNP70",1.42833559158461e-09,-0.270175947293604,0.000189628094771838,0.989013036626603,0.99999999971548
"PPP1R7",1.41819957151787e-09,-0.27231552665289,0.00018694629604694,0.989090999478999,0.99999999971548
"IKBKG",1.4144929448049e-09,-0.27310126891885,0.000185970362039361,0.989119509629281,0.99999999971548
"FGFR1",1.41200649874867e-09,-0.273629357811439,0.000185317126038801,0.989138634560138,0.99999999971548
"OSBPL9",1.40594434939466e-09,-0.27492027797017,0.000183729302591293,0.989185262658879,0.99999999971548
"IARS",1.40194651652474e-09,-0.275774258859112,0.000182685911741487,0.989216012720865,0.99999999971548
"CWC15",1.39619852036042e-09,-0.277005813686421,0.000181190954206242,0.989260224511674,0.99999999971548
"CPSF3L",1.39618752525075e-09,-0.277008173700952,0.000181188100447926,0.989260309082654,0.99999999971548
"CCL5",1.39453586397445e-09,-0.277362873666133,0.000180759670378485,0.989273013151333,0.99999999971548
"HIST1H1C",1.39366141949517e-09,-0.277550811615112,0.000180533050550672,0.989279739109433,0.99999999971548
"ZFAND2B",1.38507441766205e-09,-0.279401822811287,0.000178315206612797,0.989345787727988,0.99999999971548
"SRRT",1.38404452182707e-09,-0.279624496757273,0.000178050126542495,0.989353709379883,0.99999999971548
"RNPS1",1.3807194344824e-09,-0.280344399645416,0.000177195643826832,0.989379284968156,0.99999999971548
"USP14",1.36974689933469e-09,-0.282730772225167,0.000174390497765869,0.98946368254005,0.99999999971548
"KIAA1109",1.36697488018651e-09,-0.283336278022199,0.000173685368013727,0.989485004129575,0.99999999971548
"CENPK",1.366753327811e-09,-0.283384718880774,0.000173629072483972,0.989486708248289,0.99999999971548
"CNOT2",1.36540832993287e-09,-0.283678939831833,0.000173287510005093,0.98949705359565,0.99999999971548
"SEMA4D",1.35710181945697e-09,-0.285501612034125,0.000171185521726779,0.989560944989209,0.99999999971548
"ABI1",1.35532416919493e-09,-0.285892936607425,0.000170737348010362,0.989574618194725,0.99999999971548
"STK26",1.35313300066239e-09,-0.28637590618989,0.000170185728117075,0.989591472075263,0.99999999971548
"EIF2AK1",1.33947801906351e-09,-0.289401111145827,0.000166768240864036,0.989696502634928,0.99999999971548
"PTMA",1.33788914514436e-09,-0.289754859933225,0.000166372838251601,0.989708723850651,0.99999999971548
"LYRM2",1.33451638096906e-09,-0.290506989027075,0.000165535057259559,0.989734666306361,0.99999999971548
"IPO7",1.33294790808446e-09,-0.290857323146553,0.000165146175301872,0.989746730609912,0.99999999971548
"NEMF",1.33058070124625e-09,-0.291386742096195,0.000164560123861116,0.989764938580931,0.99999999971548
"SEP15",1.33000469868127e-09,-0.291515687327061,0.000164417679983946,0.98976936905137,0.99999999971548
"MTHFD2L",1.32614383341604e-09,-0.292381245532926,0.000163464490662044,0.989799065888073,0.99999999971548
"TXN",1.32013982286654e-09,-0.293731635221604,0.000161987696365216,0.989845247305179,0.99999999971548
"HSPA4",1.31662600722649e-09,-0.294524423904063,0.000161126518816874,0.989872274752781,0.99999999971548
"HMGB1",1.30078555152879e-09,-0.298121365889122,0.000157272783771333,0.989994115974871,0.99999999971548
"DHFR",1.29755325292582e-09,-0.298860011325751,0.000156492146254932,0.990018978117414,0.99999999971548
"G3BP1",1.29611031230886e-09,-0.299190269226117,0.000156144286437261,0.990030076908035,0.99999999971548
"ISCU",1.29334439867832e-09,-0.299824222147512,0.000155478570277082,0.990051351729522,0.99999999971548
"CIR1",1.29221692444015e-09,-0.300082979886986,0.000155207611243095,0.990060024024455,0.99999999971548
"HMGN3",1.2870671989369e-09,-0.301267355709439,0.000153973013636974,0.990099634645872,0.99999999971548
"SPTAN1",1.27642602697159e-09,-0.303727816372637,0.000151437512550183,0.990181484412709,0.99999999971548
"XPO1",1.27117886450988e-09,-0.304947644608417,0.000150195005818594,0.990221844575181,0.99999999971548
"BZW1",1.2691690014934e-09,-0.305416045670035,0.000149720434141546,0.990237304060815,0.99999999971548
"RAB4A",1.26534872490098e-09,-0.30630814747919,0.000148820455286624,0.990266688914865,0.99999999971548
"ETFA",1.26411660671746e-09,-0.306596368445981,0.000148530772117089,0.990276166140632,0.99999999971548
"SS18L2",1.25518437087802e-09,-0.308693163376059,0.000146439153966998,0.990344871291839,0.99999999971548
"SNRPB2",1.24654616215301e-09,-0.310733319419313,0.000144430494166739,0.990411314907482,0.99999999971548
"PIM1",1.23961890830049e-09,-0.312378290046516,0.000142829708346555,0.990464598200619,0.99999999971548
"MOB1A",1.23645979025969e-09,-0.313131121829127,0.000142102644645369,0.990488897629241,0.99999999971548
"LYST",1.23028834378139e-09,-0.31460664445621,0.000140687652788416,0.990536367429861,0.99999999971548
"NDUFA10",1.22809478121743e-09,-0.315132651497873,0.000140186417363649,0.990553239977939,0.99999999971548
"NDUFA5",1.22763904316864e-09,-0.315242038084068,0.000140082392118973,0.990556745445906,0.99999999971548
"CASP4",1.21393508535577e-09,-0.31854788752051,0.000136972408563033,0.990662154296311,0.99999999971548
"PPM1G",1.21250452811441e-09,-0.318894854103335,0.000136649769540779,0.990673157943979,0.99999999971548
"DHPS",1.21134937067666e-09,-0.319175285326167,0.000136389520113401,0.990682043255892,0.99999999971548
"TSC22D4",1.20414723708623e-09,-0.320928972760836,0.000134772521044177,0.990737441101551,0.99999999971548
"LUC7L2",1.20370272837882e-09,-0.321037507325034,0.000134673037359961,0.990740860204378,0.99999999971548
"TRA2B",1.20261217543148e-09,-0.321303932641534,0.000134429120746291,0.990749248595706,0.99999999971548
"LINC00657",1.19980157065223e-09,-0.321991541735221,0.00013380151089796,0.990770867406557,0.99999999971548
"GGNBP2",1.19325670293627e-09,-0.323598177551132,0.000132345729007265,0.99082120971437,0.99999999971548
"NDUFA6",1.19184437041622e-09,-0.323945882559219,0.000132032626956393,0.990832073205117,0.99999999971548
"GPSM3",1.18480290140937e-09,-0.325684802708555,0.000130477126408558,0.990886235357502,0.99999999971548
"MED30",1.17611946561085e-09,-0.327841635017894,0.000128571597816874,0.990953027383359,0.99999999971548
"HNRNPU",1.17100543176455e-09,-0.329118372494285,0.000127455911867915,0.99099236399466,0.99999999971548
"PCMTD1",1.16830314594875e-09,-0.329794967920334,0.000126868340046027,0.991013149702225,0.99999999971548
"RNPC3",1.16049791705858e-09,-0.331756905956457,0.000125178832253073,0.991073186762948,0.99999999971548
"ATF7IP",1.15981339343562e-09,-0.331929516174597,0.000125031201490668,0.991078452054428,0.99999999971548
"CCT2",1.15920773085484e-09,-0.332082314614763,0.000124900651269241,0.991083110754495,0.99999999971548
"VTI1B",1.15784649795238e-09,-0.332425984281069,0.000124607487159385,0.991093581232096,0.99999999971548
"UBE2G2",1.15565885816955e-09,-0.332979033398011,0.00012413706422445,0.991110408358207,0.99999999971548
"MKRN1",1.15347233513975e-09,-0.333532710921939,0.000123667770410762,0.991127226898308,0.99999999971548
"FKBP8",1.15115411035167e-09,-0.334120736347464,0.00012317118008843,0.99114505848089,0.99999999971548
"DNAJC9",1.14972344570142e-09,-0.334484143406785,0.000122865213841376,0.991156063030625,0.99999999971548
"GLUL",1.14896657537117e-09,-0.334676557244635,0.000122703501168004,0.991161884812945,0.99999999971548
"HIST1H2BK",1.14354916526202e-09,-0.33605701544468,0.00012154912804836,0.991203555085267,0.99999999971548
"PGRMC1",1.14044081808717e-09,-0.336851651361715,0.000120889246659332,0.991227464246539,0.99999999971548
"SP100",1.13478693481897e-09,-0.338301885445163,0.000119693569647645,0.991270953490822,0.99999999971548
"SLC10A3",1.13460423417869e-09,-0.338348853326151,0.000119655031432654,0.991272358810821,0.99999999971548
"RBBP6",1.1318807323721e-09,-0.339049780395587,0.000119081281462797,0.991293307791266,0.99999999971548
"NUCKS1",1.12869065189672e-09,-0.339872655337615,0.000118410992558909,0.99131784566898,0.99999999971548
"HIST1H2BC",1.11781994264516e-09,-0.34269201015141,0.000116141083194155,0.991401462471952,0.99999999971548
"HTT",1.11398842015665e-09,-0.343691414693986,0.000115346260159594,0.991430934321378,0.99999999971548
"RNF115",1.10136598933574e-09,-0.347005104895759,0.000112747127907049,0.991528025411857,0.99999999971548
"NDFIP1",1.10071157236652e-09,-0.347177804176664,0.000112613182036517,0.991533059157053,0.99999999971548
"SMIM5",1.10016382883146e-09,-0.347322421236733,0.000112501131257039,0.991537272375364,0.99999999971548
"SEPT9",1.09608893631564e-09,-0.348400258347523,0.000111669289639979,0.991568616270303,0.99999999971548
"CUL5",1.09574408228997e-09,-0.348491634503406,0.0001115990333956,0.991571268872978,0.99999999971548
"BNIP2",1.09256951468476e-09,-0.349333978521774,0.000110953325191652,0.991595687517974,0.99999999971548
"MACF1",1.09150751369903e-09,-0.349616246560175,0.000110737732002819,0.991603856388152,0.99999999971548
"SQSTM1",1.09010864154961e-09,-0.349988416015376,0.000110454071721016,0.99161461645953,0.99999999971548
"FDFT1",1.08357270369851e-09,-0.351732824416515,0.000109133548758797,0.991664890665117,0.99999999971548
"SMIM3",1.08341343674297e-09,-0.351775446068013,0.000109101469525691,0.991666115741388,0.99999999971548
"PTPN18",1.08176658132183e-09,-0.352216483180989,0.000108770039653411,0.991678783301178,0.99999999971548
"HBP1",1.08080731970115e-09,-0.352473648070808,0.00010857722049112,0.991686161912178,0.99999999971548
"ATXN7L3B",1.07024250985546e-09,-0.355319141772656,0.000106464926707273,0.991767426152769,0.99999999971548
"ARID4B",1.06414616634781e-09,-0.356972248954808,0.000105255484547863,0.991814319106252,0.99999999971548
"PHTF2",1.06236031065381e-09,-0.357458068265581,0.000104902500370889,0.991828055878232,0.99999999971548
"ODC1",1.06087124520754e-09,-0.357863692989622,0.00010460863168469,0.991839509746467,0.99999999971548
"LGALS8",1.05941087270518e-09,-0.358261983011426,0.00010432082593703,0.991850742910658,0.99999999971548
"ADIPOR1",1.05753660150256e-09,-0.358773856767482,0.00010395203122933,0.991865159780039,0.99999999971548
"PDGFA",1.0569700442152e-09,-0.358928741998037,0.000103840679991358,0.991869517731747,0.99999999971548
"CAST",1.05686666850037e-09,-0.358957010604753,0.000103820368952955,0.991870312896504,0.99999999971548
"ANKRD11",1.03621249825805e-09,-0.364653839387046,9.98021317276883e-05,0.99202918468693,0.99999999971548
"HTATIP2",1.02770712816814e-09,-0.367028541685354,9.81704773827445e-05,0.992094608050032,0.99999999971548
"NIPBL",1.02697611977713e-09,-0.367233436399564,9.80308696714215e-05,0.992100230973907,0.99999999971548
"PPDPF",1.02545765174259e-09,-0.367659454368623,9.7741190698937e-05,0.992111911046512,0.99999999971548
"LDLRAP1",1.02043054763362e-09,-0.369073773840152,9.67852258091997e-05,0.992150579597937,0.99999999971548
"RP11-879F14.2",1.01898104043133e-09,-0.369482702162698,9.6510457003813e-05,0.992161729229974,0.99999999971548
"TNRC6B",1.0182011397511e-09,-0.369702933578481,9.63627805234639e-05,0.99216772823882,0.99999999971548
"SMC1A",1.01210866793349e-09,-0.371428418331988,9.52130448497803e-05,0.99221459164735,0.99999999971548
"RAP1A",1.01116339587309e-09,-0.37169694360824,9.50352769784939e-05,0.992221862700341,0.99999999971548
"GAS2L1",1.00608779129072e-09,-0.373142525595925,9.40835992064087e-05,0.992260904370829,0.99999999971548
"SUDS3",1.00186635151401e-09,-0.37434967338735,9.32957255971306e-05,0.992293375799551,0.99999999971548
"PKM",9.90839986997754e-10,-0.377523732202466,9.12534337056667e-05,0.992378190953149,0.99999999971548
"DENND4C",9.83366216418725e-10,-0.379692655178209,8.98820011972223e-05,0.992435679487954,0.99999999971548
"IDS",9.80092263993118e-10,-0.380647290831921,8.92845034782591e-05,0.992460862870099,0.99999999971548
"EFCAB14",9.77600974423768e-10,-0.381375573967756,8.88311770736998e-05,0.992480025981098,0.99999999971548
"APP",9.66093829873025e-10,-0.384760573056873,8.67522569284126e-05,0.992568539508723,0.99999999971548
"MYCBP2",9.63775595974095e-10,-0.385446757722076,8.63364158932888e-05,0.992586371490161,0.99999999971548
"PWP1",9.61213555802136e-10,-0.386206779913322,8.58780034616168e-05,0.99260607884704,0.99999999971548
"MTOR",9.58680836777504e-10,-0.386959838076041,8.54260366783498e-05,0.992625560668441,0.99999999971548
"PMVK",9.55064215920698e-10,-0.388038180421986,8.47827134557451e-05,0.99265337993312,0.99999999971548
"TMOD3",9.53675886577764e-10,-0.388453072469231,8.45364037836081e-05,0.99266405904812,0.99999999971548
"VPS51",9.51376912994456e-10,-0.389141260631635,8.41293205991868e-05,0.992681742897715,0.99999999971548
"STAU1",9.47664079777029e-10,-0.39025574244841,8.34739575583437e-05,0.992710302252249,0.99999999971548
"CYFIP2",9.4557465405824e-10,-0.390884596982638,8.31062737692593e-05,0.992726374254851,0.99999999971548
"GATA2",9.43779181147976e-10,-0.391425946900618,8.27909662542756e-05,0.992740185155116,0.99999999971548
"ABHD14B",9.43265475359947e-10,-0.391580998263006,8.27008633474423e-05,0.992744136615527,0.99999999971548
"TBPL1",9.35835818692589e-10,-0.393831738079732,8.14032027974444e-05,0.992801286067736,0.99999999971548
"DAP",9.31810489992743e-10,-0.395057670681954,8.0704426526439e-05,0.992832249200382,0.99999999971548
"TST",9.30612532891287e-10,-0.395423403588803,8.04970489649943e-05,0.99284146397905,0.99999999971548
"RBM25",9.27022247668073e-10,-0.396521965726371,7.98771349561184e-05,0.992869080736354,0.99999999971548
"TOP2A",9.25221568332793e-10,-0.397074335187678,7.95671242449501e-05,0.992882931707141,0.99999999971548
"GCC2",9.23959940968516e-10,-0.397461904534749,7.93502775498808e-05,0.992892636247936,0.99999999971548
"MRPL13",9.11689721360941e-10,-0.40125549569117,7.72567229120052e-05,0.992987019834591,0.99999999971548
"TXNIP",9.11515439413289e-10,-0.401309697671359,7.72271883787844e-05,0.992988360427062,0.99999999971548
"BAZ1A",9.11110743702321e-10,-0.40143559350032,7.71586287635102e-05,0.992991473383072,0.99999999971548
"SLBP",9.08918925269266e-10,-0.402118287441994,7.67878411583696e-05,0.993008333050542,0.99999999971548
"TSC22D3",9.08494263547534e-10,-0.402250724008757,7.6716104861031e-05,0.993011599587633,0.99999999971548
"DDT",9.06892149563004e-10,-0.40275085046434,7.6445768379355e-05,0.99302392319707,0.99999999971548
"SUCLG1",9.04716712413192e-10,-0.403431180991406,7.6079454695361e-05,0.99304065686416,0.99999999971548
"DERA",9.0364049279084e-10,-0.403768276434733,7.58985593915746e-05,0.993048935247813,0.99999999971548
"CIAO1",9.03554735289078e-10,-0.40379515257378,7.58841541894185e-05,0.993049594902702,0.99999999971548
"UBE3A",9.03042447556417e-10,-0.40395574821773,7.57981306217294e-05,0.993053535468937,0.99999999971548
"RBM33",9.00626508927695e-10,-0.404714183845855,7.53931027651424e-05,0.993072119102212,0.99999999971548
"IRF2BP2",8.98492061605569e-10,-0.405385724809269,7.50361691977365e-05,0.993088537480297,0.99999999971548
"GADD45A",8.98367475265271e-10,-0.405424965078903,7.50153613709964e-05,0.993089495810732,0.99999999971548
"LAPTM4B",8.97435015969172e-10,-0.405718807011511,7.48597180037335e-05,0.993096668380059,0.99999999971548
"DUSP1",8.95945735241644e-10,-0.406188668995814,7.4611466871014e-05,0.993108124076183,0.99999999971548
"STX10",8.92494111254577e-10,-0.407280259688101,7.40376940383843e-05,0.993134674318141,0.99999999971548
"C20orf27",8.87739877310734e-10,-0.408789834503387,7.32510109716187e-05,0.993171244380507,0.99999999971548
"BAZ2A",8.85211682108114e-10,-0.409595458983261,7.28343818355333e-05,0.993190691527015,0.99999999971548
"HPGD",8.84846412405474e-10,-0.409712019780681,7.27742861440364e-05,0.993193501220768,0.99999999971548
"LIMD2",8.84663828076236e-10,-0.40977029974817,7.2744255907984e-05,0.993194905679055,0.99999999971548
"DHX36",8.83219180702006e-10,-0.410231792935531,7.25068685758716e-05,0.993206018062691,0.99999999971548
"TMCO1",8.79846895850026e-10,-0.411311631373972,7.19542378773916e-05,0.99323195804713,0.99999999971548
"SMDT1",8.78165903384332e-10,-0.41185124675086,7.16795560266992e-05,0.993244888427964,0.99999999971548
"ZFAND5",8.76731354826674e-10,-0.412312462222272,7.14455596601184e-05,0.993255923136277,0.99999999971548
"MPC2",8.7553011129421e-10,-0.412699174081837,7.12499131352543e-05,0.993265163237176,0.99999999971548
"C14orf166",8.68611643643089e-10,-0.414935436587072,7.0128323830788e-05,0.993318380889141,0.99999999971548
"VPS4B",8.67949132040309e-10,-0.415150392865102,7.00213874106987e-05,0.993323477006445,0.99999999971548
"MEPCE",8.6664903087875e-10,-0.415572634483938,6.98117744203479e-05,0.993333477538546,0.99999999971548
"HIST1H2AG",8.6463519239874e-10,-0.41622776986732,6.94877071494815e-05,0.993348968224693,0.99999999971548
"ATRX",8.62255812753036e-10,-0.41700353468562,6.91057885273855e-05,0.993367270700382,0.99999999971548
"UQCR10",8.57508561800762e-10,-0.418556892369398,6.83469431310906e-05,0.993403787138644,0.99999999971548
"GMPS",8.56755533011343e-10,-0.41880397952234,6.8226956882694e-05,0.993409579529991,0.99999999971548
"CUEDC2",8.56715907861429e-10,-0.418816986733828,6.82206460022347e-05,0.993409884331595,0.99999999971548
"APOA1BP",8.51382048165472e-10,-0.420572655593146,6.73738154350491e-05,0.993450913055532,0.99999999971548
"C14orf2",8.47528277880481e-10,-0.42184710855468,6.67652623827795e-05,0.993480556755154,0.99999999971548
"EIF4E",8.46961841820114e-10,-0.42203485532374,6.66760485701507e-05,0.993484913855374,0.99999999971548
"APRT",8.42782930034311e-10,-0.423423352270365,6.60197121858539e-05,0.993517058597086,0.99999999971548
"CYB5R1",8.40871522882673e-10,-0.42406043883807,6.57205902001512e-05,0.993531761397004,0.99999999971548
"AGPAT1",8.39909764164607e-10,-0.424381476877393,6.55703384632069e-05,0.99353915937476,0.99999999971548
"PHF14",8.39400446865151e-10,-0.424551618101373,6.54908394895927e-05,0.993543077112336,0.99999999971548
"PTPRC",8.37665848672183e-10,-0.425131748017023,6.52204490786708e-05,0.993556419877486,0.99999999971548
"KIAA1033",8.37274213083499e-10,-0.425262873670747,6.51594780410983e-05,0.993559432391934,0.99999999971548
"SYF2",8.30288137242253e-10,-0.42761093035653,6.40766548650862e-05,0.993613170257026,0.99999999971548
"ELAVL1",8.25335604276065e-10,-0.429285935004103,6.33145211296251e-05,0.993651265845616,0.99999999971548
"MRPL36",8.24265832089144e-10,-0.429648892368584,6.3150495205284e-05,0.993659494687468,0.99999999971548
"MAPK1IP1L",8.23779148609425e-10,-0.429814152271001,6.30759434572882e-05,0.993663238327165,0.99999999971548
"RPS27L",8.22924676270274e-10,-0.430104505375673,6.29451591405235e-05,0.993669811052285,0.99999999971548
"MIA3",8.22852082692249e-10,-0.430129185047493,6.29340543264144e-05,0.993670369452632,0.99999999971548
"TFG",8.19275360768533e-10,-0.431347516692338,6.23881277948353e-05,0.993697882121059,0.99999999971548
"CDKN1A",8.10225567860732e-10,-0.434450919011829,6.10174498691528e-05,0.993767494485775,0.99999999971548
"NDUFA2",8.09659924532712e-10,-0.434645891940163,6.09322833004856e-05,0.993771845500694,0.99999999971548
"CFDP1",8.09066990205754e-10,-0.434850399107809,6.08430714912692e-05,0.993776406442346,0.99999999971548
"MTIF3",8.08131179524203e-10,-0.435173432122128,6.07024041093697e-05,0.993783604841844,0.99999999971548
"GID8",8.07184703872969e-10,-0.435500477728881,6.05602992023815e-05,0.993790885278441,0.99999999971548
"SRSF6",8.07044678738074e-10,-0.435548890397561,6.05392898138239e-05,0.993791962373406,0.99999999971548
"RSBN1L",8.06617956128751e-10,-0.435696471701974,6.04752867797781e-05,0.993795244789694,0.99999999971548
"TMEM126A",8.05827782072397e-10,-0.435969931492086,6.03568599672134e-05,0.993801322930986,0.99999999971548
"TMED9",8.00774019308508e-10,-0.437724451640275,5.96021757527451e-05,0.99384019726582,0.99999999971548
"DNAJB1",8.00219894858509e-10,-0.437917413123183,5.95197165446735e-05,0.993844459678783,0.99999999971548
"SYNCRIP",7.97329360453086e-10,-0.438925865807341,5.90905018664844e-05,0.993866694129716,0.99999999971548
"XPNPEP1",7.95404867471013e-10,-0.439599049910804,5.88055957255881e-05,0.993881497638831,0.99999999971548
"UBXN4",7.94874525561544e-10,-0.43978481154347,5.87272037617029e-05,0.993885577114349,0.99999999971548
"SLC25A36",7.94457282132328e-10,-0.439931034224946,5.86655660869972e-05,0.993888786618225,0.99999999971548
"SLC3A2",7.92895191693648e-10,-0.440479061650734,5.84350922073074e-05,0.993900802471159,0.99999999971548
"RAB32",7.92384852729407e-10,-0.440658307163412,5.8359894104139e-05,0.993904728081519,0.99999999971548
"SMIM19",7.89615090413244e-10,-0.441632881314971,5.79526159356447e-05,0.993926033546549,0.99999999971548
"BLOC1S6",7.85556461500091e-10,-0.443066343672115,5.73583930556487e-05,0.993957253192194,0.99999999971548
"BAZ1B",7.83874035431099e-10,-0.443662447219243,5.71129672406511e-05,0.993970194694816,0.99999999971548
"SND1",7.83226097690445e-10,-0.44389231613157,5.701858893203e-05,0.993975178740674,0.99999999971548
"TIAL1",7.81939367709208e-10,-0.444349300263875,5.6831395829466e-05,0.993985076484366,0.99999999971548
"GSK3B",7.81479755419042e-10,-0.444512690841944,5.67646061716591e-05,0.993988611899722,0.99999999971548
"UIMC1",7.79516125280377e-10,-0.445211697383826,5.64796988490415e-05,0.994003716475698,0.99999999971548
"LRRFIP1",7.78769701555104e-10,-0.445477808650577,5.63715866450511e-05,0.994009458094119,0.99999999971548
"BCLAF1",7.77502905022339e-10,-0.445929948859357,5.61883405602318e-05,0.994019202509511,0.99999999971548
"AKT1",7.76646476484908e-10,-0.446235985277059,5.60646245073919e-05,0.994025790304668,0.99999999971548
"HNRNPL",7.76282299388399e-10,-0.44636620938718,5.60120583377975e-05,0.994028591617461,0.99999999971548
"MARCH7",7.73266689663028e-10,-0.447446591631045,5.55777255539485e-05,0.994051788208385,0.99999999971548
"NDUFS4",7.71454998980411e-10,-0.448097417491514,5.5317603927779e-05,0.994065724048486,0.99999999971548
"EMC3",7.70751845976115e-10,-0.448350374073981,5.52168099398825e-05,0.994071132824284,0.99999999971548
"SRI",7.6996608195982e-10,-0.448633287262394,5.51042827591929e-05,0.994077177058747,0.99999999971548
"SF3B5",7.66428233525756e-10,-0.449910203769684,5.45990586344706e-05,0.994104390812865,0.99999999971548
"RNF19A",7.65957408244057e-10,-0.450080525244695,5.45319976361688e-05,0.994108012484488,0.99999999971548
"CTNNB1",7.64649564526261e-10,-0.450554117193594,5.43459339145797e-05,0.994118072651102,0.99999999971548
"GHITM",7.63172630392115e-10,-0.451089787494226,5.41361964045204e-05,0.994129433492413,0.99999999971548
"PFDN2",7.61546656347882e-10,-0.451680557039928,5.39057628772115e-05,0.994141940776725,0.99999999971548
"ARHGDIB",7.61018752170126e-10,-0.451872597843063,5.38310538256592e-05,0.994146001510761,0.99999999971548
"CFLAR",7.60989594065967e-10,-0.451883208344961,5.38269288776194e-05,0.994146225800156,0.99999999971548
"THOC7",7.60789003453169e-10,-0.45195621194583,5.37985559439835e-05,0.994147768779329,0.99999999971548
"PPA2",7.6052097722033e-10,-0.452053784423291,5.37606561209518e-05,0.994149830485488,0.99999999971548
"POLR1D",7.59358330610444e-10,-0.452477381802216,5.3596408534204e-05,0.99415877377351,0.99999999971548
"SSB",7.55360115189958e-10,-0.453938406095821,5.30334968422368e-05,0.994189528775313,0.99999999971548
"USP16",7.53860012826171e-10,-0.45448830802924,5.28230629687885e-05,0.994201067838361,0.99999999971548
"PCIF1",7.5371840931771e-10,-0.454540265669214,5.28032204823602e-05,0.994202157078632,0.99999999971548
"STK10",7.53084209143157e-10,-0.454773072777187,5.27143975945736e-05,0.994207035463332,0.99999999971548
"PPIP5K2",7.52915497389015e-10,-0.454835033511608,5.26907812654059e-05,0.994208333225295,0.99999999971548
"PDCD2",7.47106186166066e-10,-0.456975952301377,5.18808198214683e-05,0.994253019529134,0.99999999971548
"SELPLG",7.46306805334144e-10,-0.457271682463385,5.17698574268193e-05,0.994259168516783,0.99999999971548
"PQBP1",7.4433632443803e-10,-0.45800183839468,5.14968414410522e-05,0.994274325827755,0.99999999971548
"JTB",7.44281308018821e-10,-0.458022248685023,5.14892291103921e-05,0.994274749024465,0.99999999971548
"PRPF38A",7.42028567503054e-10,-0.4588591117811,5.11780125499264e-05,0.994292077532304,0.99999999971548
"HIST1H1D",7.40755299946571e-10,-0.459333091781283,5.10025276748957e-05,0.994301871749331,0.99999999971548
"DNAJC10",7.39012879589921e-10,-0.459982865987802,5.07628714103935e-05,0.994315274780618,0.99999999971548
"LUC7L3",7.35708266395552e-10,-0.461218873995043,5.03098980043361e-05,0.994340694502983,0.99999999971548
"LENG8",7.3547645875036e-10,-0.461305756999865,5.02781996199427e-05,0.994342477612337,0.99999999971548
"HIST2H2AC",7.34266735023118e-10,-0.461759556172277,5.01129388309452e-05,0.994351783042266,0.99999999971548
"RNF130",7.31666596564321e-10,-0.462737141819404,4.97586537536317e-05,0.994371783815031,0.99999999971548
"MED13L",7.30506148695376e-10,-0.463174416218093,4.96009411196378e-05,0.994380710207787,0.99999999971548
"PUM3",7.27939031868046e-10,-0.464143895775265,4.92529421897591e-05,0.99440045697674,0.99999999971548
"PSMG2",7.24924186688457e-10,-0.465286265918071,4.88458133109447e-05,0.994423647764862,0.99999999971548
"TXNRD1",7.2155779367693e-10,-0.466566736801665,4.83932076207747e-05,0.994449542734321,0.99999999971548
"NMI",7.15541581915964e-10,-0.46886811439703,4.75895851345243e-05,0.994495820655,0.99999999971548
"TDP1",7.10671786541836e-10,-0.470743313375927,4.69440239927599e-05,0.994533280121959,0.99999999971548
"MED10",7.04879982932605e-10,-0.472988155253391,4.61819770072032e-05,0.994577831881454,0.99999999971548
"PDAP1",7.03009712009065e-10,-0.473716480024163,4.59372311679063e-05,0.994592218398496,0.99999999971548
"NDUFV1",7.01483394174823e-10,-0.474312111964131,4.57379773021842e-05,0.994603959157386,0.99999999971548
"NDUFA8",6.98494300460587e-10,-0.475481852223731,4.53490192086461e-05,0.994626951900425,0.99999999971548
"MPL",6.98168407176002e-10,-0.475609649143745,4.53067125122521e-05,0.994629458740984,0.99999999971548
"PARK7",6.97854605663922e-10,-0.47573275340216,4.52659941994137e-05,0.994631872569104,0.99999999971548
"EIF4H",6.96719051919537e-10,-0.47617863364179,4.51187997896519e-05,0.994640607490966,0.99999999971548
"NDUFB2",6.95705146236641e-10,-0.476577282748856,4.49875763901236e-05,0.994648406670509,0.99999999971548
"CMPK1",6.92560200897372e-10,-0.477817040725542,4.45817617130097e-05,0.994672598266494,0.99999999971548
"GLOD4",6.91704487448796e-10,-0.478155216001486,4.44716611186943e-05,0.994679180599241,0.99999999971548
"CNOT1",6.90512592483099e-10,-0.478626856131121,4.4318532485565e-05,0.994688348913463,0.99999999971548
"COMT",6.85349056016242e-10,-0.480678314083185,4.36581976955404e-05,0.994728067962392,0.99999999971548
"ABTB1",6.82453094593191e-10,-0.481834763046703,4.32900193686127e-05,0.994750344335137,0.99999999971548
"HLTF",6.81480469026773e-10,-0.482224120873515,4.31667142619713e-05,0.994757825986014,0.99999999971548
"UBB",6.80479466882416e-10,-0.482625343380332,4.30399953295419e-05,0.994765525916282,0.99999999971548
"RHOH",6.8010664764514e-10,-0.482774908320029,4.29928469779616e-05,0.994768393724579,0.99999999971548
"POLR2I",6.79075510283259e-10,-0.483188944308285,4.28625793955255e-05,0.994776325462314,0.99999999971548
"BDP1",6.73087572586346e-10,-0.485604166351482,4.2110006604054e-05,0.994822386019945,0.99999999971548
"TMEM30A",6.72659806727998e-10,-0.485777419189156,4.20564994531231e-05,0.994825676491378,0.99999999971548
"SNX1",6.70401709857434e-10,-0.486693580313251,4.17746088236739e-05,0.994843046283109,0.99999999971548
"CPSF6",6.68597237720494e-10,-0.487427627220334,4.15500280459802e-05,0.994856926692573,0.99999999971548
"UBE2D3",6.67217652725914e-10,-0.487989996272651,4.13787361140739e-05,0.994867538774698,0.99999999971548
"IRF1",6.58370999686383e-10,-0.491620444577374,4.02887274806129e-05,0.994935589267141,0.99999999971548
"NEK7",6.57425943044202e-10,-0.492010777169858,4.01731458340505e-05,0.994942858862653,0.99999999971548
"BTN3A2",6.56824639532248e-10,-0.492259385066679,4.00996920652194e-05,0.994947484229348,0.99999999971548
"SMARCA4",6.55028225144416e-10,-0.493003290533904,3.98806468262663e-05,0.994961302668329,0.99999999971548
"MLF2",6.50697976741671e-10,-0.494803792347476,3.93551052314993e-05,0.994994611956474,0.99999999971548
"DOCK10",6.50469141355471e-10,-0.494899230936786,3.93274295433804e-05,0.994996372212275,0.99999999971548
"HNRNPH3",6.50385198288629e-10,-0.494934247738749,3.93172797858506e-05,0.994997017922164,0.99999999971548
"TFPI",6.43778285343373e-10,-0.497702727792608,3.85225309668027e-05,0.995047839866638,0.99999999971548
"TXNDC17",6.42342739858597e-10,-0.498307527889272,3.83509216110773e-05,0.995058882426321,0.99999999971548
"ASAH1",6.41678944637793e-10,-0.498587584646357,3.82716990925643e-05,0.995063988498459,0.99999999971548
"FDX1",6.40708691269292e-10,-0.49899739053895,3.81560488237417e-05,0.995071451920578,0.99999999971548
"AES",6.40593007183747e-10,-0.499046288036536,3.81422714263568e-05,0.995072341790398,0.99999999971548
"CCT5",6.37657141363549e-10,-0.500289801903557,3.7793457175327e-05,0.995094925178725,0.99999999971548
"ZC3H7A",6.36164159358194e-10,-0.500924080034509,3.7616688525236e-05,0.995106409558082,0.99999999971548
"RBMS1",6.34848636349786e-10,-0.50148404057049,3.74612743828164e-05,0.995116528880674,0.99999999971548
"ATXN10",6.31249930427514e-10,-0.503021025573245,3.70377718217192e-05,0.995144211004956,0.99999999971548
"CYC1",6.29235257296117e-10,-0.503884810984272,3.68017324193654e-05,0.995159708364953,0.99999999971548
"NUP98",6.28816041467146e-10,-0.50406485090809,3.67527118683863e-05,0.995162933076188,0.99999999971548
"DDX3X",6.28522959123302e-10,-0.504190782517454,3.6718460004605e-05,0.995165187537688,0.99999999971548
"FRG1",6.27078871898892e-10,-0.504812024766164,3.65499260034322e-05,0.995176295812489,0.99999999971548
"LYAR",6.26050669982513e-10,-0.505255113261563,3.64301646921158e-05,0.995184204995584,0.99999999971548
"CCDC12",6.25438362988356e-10,-0.505519278775256,3.63589387120717e-05,0.99518891501244,0.99999999971548
"TPTEP1",6.23684892321789e-10,-0.506277019150353,3.61553536240189e-05,0.995202403143464,0.99999999971548
"MMADHC",6.22651584983355e-10,-0.50672441819192,3.60356500865122e-05,0.995210351600294,0.99999999971548
"PRDX6",6.21256485905096e-10,-0.507329490743447,3.58743496648365e-05,0.995221083049848,0.99999999971548
"FIBP",6.21067331159748e-10,-0.507411620577735,3.58525075735642e-05,0.995222538075324,0.99999999971548
"NUFIP2",6.17248186541572e-10,-0.509074542220546,3.54129258935708e-05,0.995251915891606,0.99999999971548
"PNMA1",6.17093634472903e-10,-0.509142025101139,3.53951941096076e-05,0.995253104744936,0.99999999971548
"ATP5S",6.16361564969821e-10,-0.509461872335514,3.53112639864333e-05,0.995258736007567,0.99999999971548
"ATG16L2",6.13697948962816e-10,-0.510628423705339,3.50067270981868e-05,0.995279225213411,0.99999999971548
"PHF20L1",6.13487132508439e-10,-0.510720940386676,3.49826803288688e-05,0.995280846866859,0.99999999971548
"TOP2B",6.12544185226377e-10,-0.511135091053267,3.48752242120478e-05,0.995288100255911,0.99999999971548
"PHKB",6.10238207825485e-10,-0.512150237676896,3.46131366634497e-05,0.995305838419113,0.99999999971548
"ATP5L",6.07094811686358e-10,-0.513539424197916,3.42574638397027e-05,0.995330018223439,0.99999999971548
"GLA",6.06325582899493e-10,-0.513880328444941,3.41707059491717e-05,0.995335935327991,0.99999999971548
"MRPL33",6.0579450512798e-10,-0.514115909319764,3.41108722383435e-05,0.995340020514178,0.99999999971548
"EIF1AX",6.02627073297466e-10,-0.515524693416052,3.37551033933961e-05,0.995364385213289,0.99999999971548
"IQGAP1",6.01831747061995e-10,-0.515879443573998,3.36660645663015e-05,0.99537050306763,0.99999999971548
"GOLGA7",6.0164062344048e-10,-0.515964753808182,3.36446853069625e-05,0.995371973239816,0.99999999971548
"SARAF",6.00060403305386e-10,-0.51667100795145,3.34681806417418e-05,0.99538412870122,0.99999999971548
"KLF3",5.9838895037691e-10,-0.517419799975574,3.3281990792068e-05,0.99539698595,0.99999999971548
"SORL1",5.98087623324264e-10,-0.517554984613107,3.32484800157624e-05,0.99539930383585,0.99999999971548
"FAM111A",5.95851099668449e-10,-0.518560214239747,3.300028234628e-05,0.995416507757157,0.99999999971548
"UBR2",5.95795206942913e-10,-0.518585377836106,3.29940915740686e-05,0.995416937698558,0.99999999971548
"CHIC2",5.94629978197508e-10,-0.519110446435622,3.28651611350312e-05,0.995425900941821,0.99999999971548
"SUMF2",5.92982108771939e-10,-0.519854529733361,3.26832582570873e-05,0.995438576783997,0.99999999971548
"POLR2F",5.90326451676235e-10,-0.521057465846321,3.23911712969289e-05,0.995459004794668,0.99999999971548
"GTF2I",5.89033491341221e-10,-0.521644844349673,3.22494373960754e-05,0.995468950585646,0.99999999971548
"ALKBH7",5.86897558363374e-10,-0.522617637889801,3.20159778460217e-05,0.995485380745458,0.99999999971548
"SNX5",5.86105132814002e-10,-0.522979325081701,3.19295806508957e-05,0.995491476292271,0.99999999971548
"C11orf58",5.82276160092757e-10,-0.524733001491608,3.15137571481697e-05,0.995520929766378,0.99999999971548
"SHFM1",5.81954194460409e-10,-0.524880919137305,3.14789161491164e-05,0.995523406411728,0.99999999971548
"CDKN1B",5.7999521545371e-10,-0.525782451754833,3.12673436739113e-05,0.995538475400645,0.99999999971548
"PTDSS1",5.75104969427685e-10,-0.528044581941877,3.0742303509219e-05,0.995576092484085,0.99999999971548
"RBBP7",5.74099925940775e-10,-0.52851156672855,3.06349479629553e-05,0.995583823549245,0.99999999971548
"ERH",5.74098071298362e-10,-0.52851242912929,3.06347500295313e-05,0.995583837815655,0.99999999971548
"HSD17B12",5.72268942663238e-10,-0.52936414823946,3.04398508122512e-05,0.995597907966767,0.99999999971548
"PACSIN2",5.647541910368e-10,-0.532888371922087,2.96456577347928e-05,0.9956557134787,0.99999999971548
"USP8",5.62082492657878e-10,-0.534151163025524,2.93658301210199e-05,0.995676264914277,0.99999999971548
"RNF213",5.61022650047682e-10,-0.534653549578215,2.9255192212541e-05,0.995684417514669,0.99999999971548
"SLC44A2",5.58661916002231e-10,-0.535775558859648,2.90095036607342e-05,0.995702576930826,0.99999999971548
"UBE2K",5.55977810341317e-10,-0.537056281597599,2.87314194756801e-05,0.995723223813173,0.99999999971548
"PRPF6",5.55704233523541e-10,-0.537187120802414,2.87031510221915e-05,0.995725328241804,0.99999999971548
"XRCC5",5.55492850284176e-10,-0.537288254057823,2.86813185051777e-05,0.99572695426023,0.99999999971548
"ZFAND3",5.54744577034851e-10,-0.537646523780386,2.86041005585731e-05,0.995732710185462,0.99999999971548
"FOPNL",5.54289471433676e-10,-0.537864631847857,2.85571869083534e-05,0.995736210983997,0.99999999971548
"CCT7",5.44538574291751e-10,-0.542575555098216,2.75612852029256e-05,0.995811217609404,0.99999999971548
"LEPROTL1",5.44163579917505e-10,-0.542758186054732,2.75233383293908e-05,0.995814102171655,0.99999999971548
"ACBD6",5.43695154991637e-10,-0.542986473709134,2.74759736430946e-05,0.995817705428077,0.99999999971548
"FRMD3",5.42964164951513e-10,-0.543343064948813,2.74021412348919e-05,0.995823328409458,0.99999999971548
"ZNF326",5.3772021099817e-10,-0.545913482829572,2.68753968587549e-05,0.995863666387074,0.99999999971548
"LONP2",5.37405627656225e-10,-0.5460683737502,2.68439601416788e-05,0.995866086251491,0.99999999971548
"CBX5",5.3494072020619e-10,-0.547284754100772,2.65982755841809e-05,0.995885047021013,0.99999999971548
"CREBZF",5.33419929451158e-10,-0.548037666772785,2.64472573066385e-05,0.995896745377418,0.99999999971548
"ARF6",5.25775976481246e-10,-0.55185055205593,2.56947053918932e-05,0.99595554485797,0.99999999971548
"WTAP",5.24288381543439e-10,-0.552598180070413,2.55495133627806e-05,0.995966987867831,0.99999999971548
"LMNB1",5.2427843514677e-10,-0.552603185087515,2.55485439604707e-05,0.995967064378389,0.99999999971548
"DDX6",5.17008641677132e-10,-0.556283623101615,2.48449295641469e-05,0.996022985741099,0.99999999971548
"PITHD1",5.13736353221571e-10,-0.557954977813074,2.45314241971191e-05,0.996048157140651,0.99999999971548
"FUBP1",5.13077938120238e-10,-0.558292388703539,2.44685845332764e-05,0.996053221862594,0.99999999971548
"ELMO1",5.12438204223969e-10,-0.558620587196379,2.44076050094793e-05,0.996058142883385,0.99999999971548
"AFF1",5.1033131109909e-10,-0.559703998443232,2.42073135430631e-05,0.996074349724399,0.99999999971548
"RNMT",5.09752169060605e-10,-0.560002487838796,2.41524020857029e-05,0.996078804655421,0.99999999971548
"UCP2",5.08290469623816e-10,-0.560757160585544,2.40140880628767e-05,0.996090048478261,0.99999999971548
"EIF1B",5.05449585655511e-10,-0.562229319759862,2.3746404152393e-05,0.99611190139719,0.99999999971548
"RBM3",5.0516368819509e-10,-0.562377871478692,2.37195483915319e-05,0.996114100605097,0.99999999971548
"OTUB1",5.03019825913891e-10,-0.563494154084968,2.35186489912746e-05,0.996130591829401,0.99999999971548
"MINK1",5.02421836527291e-10,-0.563806257892703,2.34627643434562e-05,0.996135191741357,0.99999999971548
"PCGF5",5.02089848995687e-10,-0.563979669004371,2.34317673956622e-05,0.996137745488101,0.99999999971548
"NIFK",5.00881052416736e-10,-0.564611918420367,2.33190778259034e-05,0.996147043910917,0.99999999971548
"UBAC2",5.00099248462293e-10,-0.565021540637769,2.32463391219143e-05,0.996153057779744,0.99999999971548
"SF3B2",4.9625089119437e-10,-0.567046024090942,2.28899458186657e-05,0.996182660493011,0.99999999971548
"ATP6AP1",4.94378686055512e-10,-0.568035866882101,2.27175578751473e-05,0.996197062055904,0.99999999971548
"NSMCE1",4.93188297000965e-10,-0.56866692768552,2.26082887031575e-05,0.996206218885829,0.99999999971548
"RAN",4.92350467146025e-10,-0.569111881250782,2.25315398829595e-05,0.996212663724863,0.99999999971548
"SMARCC2",4.91279483780052e-10,-0.569681617747512,2.24336232129991e-05,0.996220902051133,0.99999999971548
"AKIRIN2",4.91244816750992e-10,-0.569700077789428,2.24304572772979e-05,0.996221168720357,0.99999999971548
"HK1",4.87507739704929e-10,-0.571696731957266,2.20904821646489e-05,0.996249915444538,0.99999999971548
"SRSF8",4.85225736405687e-10,-0.572922522932068,2.18841569548437e-05,0.996267469304833,0.99999999971548
"CD96",4.84588688230762e-10,-0.573265612255998,2.18267316802616e-05,0.996272369672595,0.99999999971548
"ANKRD10",4.83406921571739e-10,-0.573903106031992,2.17204037681397e-05,0.996281460180508,0.99999999971548
"TMEM106C",4.8025050458969e-10,-0.575612477863869,2.14376820254842e-05,0.996305740300552,0.99999999971548
"SMAD2",4.77754467652109e-10,-0.576971151519279,2.1215422216686e-05,0.996324940578739,0.99999999971548
"TRABD",4.76218477990721e-10,-0.577810312515447,2.10792255382231e-05,0.996336755881225,0.99999999971548
"ACIN1",4.75899568771506e-10,-0.577984838078197,2.10510027422271e-05,0.996339209028625,0.99999999971548
"PHIP",4.71456354628398e-10,-0.580427065155643,2.0659754332789e-05,0.996373387596424,0.99999999971548
"GRHPR",4.70257840490432e-10,-0.581089260392345,2.05548473386281e-05,0.996382606936405,0.99999999971548
"MTERF4",4.65531677232909e-10,-0.583714921581341,2.01437647705551e-05,0.996418962044892,0.99999999971548
"UBE2A",4.64860971910301e-10,-0.584089414670065,2.00857631418883e-05,0.996424121318132,0.99999999971548
"SMIM10L1",4.64104095234671e-10,-0.584512587034969,2.00204099700625e-05,0.996429943448309,0.99999999971548
"EPS15L1",4.64013674569617e-10,-0.58456318167634,2.00126096405338e-05,0.996430638992126,0.99999999971548
"SEPT2",4.62654012865075e-10,-0.585325012681672,1.98954988128146e-05,0.996441097932252,0.99999999971548
"BNIP3L",4.58970307385134e-10,-0.587398856174164,1.95799395069842e-05,0.996469434141985,0.99999999971548
"MRPL42",4.58552840278496e-10,-0.587634793325657,1.95443369281435e-05,0.996472645429259,0.99999999971548
"HERC2",4.5685469179025e-10,-0.588596454760117,1.93998487518091e-05,0.996485708118002,0.99999999971548
"DAB2",4.52223476069096e-10,-0.591235004810726,1.90085230217746e-05,0.99652133288109,0.99999999971548
"CXCR4",4.51806765317689e-10,-0.591473569180262,1.89735075622974e-05,0.996524538351159,0.99999999971548
"MAF1",4.49895917163745e-10,-0.592569975321569,1.88133558066098e-05,0.99653923719644,0.99999999971548
"SSFA2",4.49700195551112e-10,-0.592682505018998,1.87969903351586e-05,0.996540742748738,0.99999999971548
"TACC3",4.48322576428607e-10,-0.593475771479567,1.8682000704932e-05,0.996551339829335,0.99999999971548
"NFKBIZ",4.40829750915581e-10,-0.597827820702521,1.80627536439133e-05,0.996608977015967,0.99999999971548
"SPARC",4.34927113899261e-10,-0.60130178991329,1.75822775407005e-05,0.996654381981586,0.99999999971548
"HELZ",4.34166636652385e-10,-0.601752343183242,1.7520845489435e-05,0.996660231815791,0.99999999971548
"RP6-159A1.4",4.28875964960618e-10,-0.60490600119101,1.70964358768532e-05,0.996700929359501,0.99999999971548
"PRKCSH",4.25638879932729e-10,-0.606852286815662,1.68393277027339e-05,0.996725830060115,0.99999999971548
"MRPS35",4.21387445187335e-10,-0.609428100918286,1.65046131531113e-05,0.996758533470292,0.99999999971548
"EHD1",4.1979077370614e-10,-0.61040131720394,1.63797754549522e-05,0.996770815584798,0.99999999971548
"PRMT2",4.15314675317002e-10,-0.613146894042376,1.60323328224589e-05,0.996805247188359,0.99999999971548
"KMT2A",4.13440291383544e-10,-0.614304267505854,1.58879462315663e-05,0.996819665560528,0.99999999971548
"TRIP12",4.11098036912107e-10,-0.615756969093114,1.57084368749236e-05,0.996837682946838,0.99999999971548
"TRAPPC1",4.10842663156595e-10,-0.615915790740311,1.56889268010206e-05,0.996839647365261,0.99999999971548
"H3F3B",4.09993695540413e-10,-0.616444397350221,1.56241544180746e-05,0.996846177901876,0.99999999971548
"HPCAL1",4.0772176385983e-10,-0.617863705210305,1.54514753718359e-05,0.996863654344587,0.99999999971548
"CARD8",4.06461371878915e-10,-0.61865405945938,1.53560926087276e-05,0.996873349693225,0.99999999971548
"SAFB",4.02941416949362e-10,-0.620872663598054,1.50912767653901e-05,0.996900426343841,0.99999999971548
"ERICH1",3.99445413778184e-10,-0.623092921564977,1.48305427005463e-05,0.996927318753191,0.99999999971548
"TNPO1",3.96360278816837e-10,-0.625066328402472,1.46023386367161e-05,0.996951050631669,0.99999999971548
"CTDSP1",3.95100474509538e-10,-0.6258760063884,1.4509661066682e-05,0.996960741463836,0.99999999971548
"HCLS1",3.92686548750618e-10,-0.627433734237877,1.43329047686991e-05,0.996979310181878,0.99999999971548
"DDX39A",3.87556710825271e-10,-0.630771918557861,1.3960876591079e-05,0.997018770603049,0.99999999971548
"RP11-367G6.3",3.87079040629956e-10,-0.631084709829533,1.39264837663778e-05,0.997022445001592,0.99999999971548
"JMJD1C",3.86355201924647e-10,-0.631559339361818,1.38744473520206e-05,0.997028013010582,0.99999999971548
"PTGES3",3.86214057427817e-10,-0.631651979573454,1.38643118902795e-05,0.997029098741192,0.99999999971548
"MRPS34",3.80419927437775e-10,-0.635480615304251,1.34514370039142e-05,0.997073669128984,0.99999999971548
"LNPEP",3.77710017266991e-10,-0.637288703038285,1.32604777491998e-05,0.997094514668453,0.99999999971548
"CLK1",3.77038759850641e-10,-0.6377383181616,1.32133872081502e-05,0.997099678206326,0.99999999971548
"SMPD1",3.73698638415081e-10,-0.639985972412317,1.29803139362805e-05,0.997125371545903,0.99999999971548
"A1BG",3.72360185016297e-10,-0.640891559521647,1.28874988674313e-05,0.997135667381293,0.99999999971548
"TOLLIP",3.69747405659567e-10,-0.642667534673041,1.2707275219861e-05,0.997155765763522,0.99999999971548
"ANKRD12",3.68815817404624e-10,-0.643303400537461,1.26433232615456e-05,0.997162931855799,0.99999999971548
"SPTBN1",3.67963484908237e-10,-0.643886394576257,1.25849534045578e-05,0.997169488286147,0.99999999971548
"UPF2",3.67576988704615e-10,-0.644151144541655,1.25585296837025e-05,0.99717246134596,0.99999999971548
"NONO",3.66420439463724e-10,-0.644944829995114,1.24796253546255e-05,0.997181357915004,0.99999999971548
"ZFAND6",3.63857707203186e-10,-0.646711306324853,1.23056716404717e-05,0.997201071322036,0.99999999971548
"RTFDC1",3.63035303394085e-10,-0.647280478465002,1.22501070943223e-05,0.997207397531844,0.99999999971548
"PNKD",3.62790231663791e-10,-0.647450305487412,1.22335734867538e-05,0.99720928270698,0.99999999971548
"ACP1",3.578882853842e-10,-0.650868336800729,1.19052119428272e-05,0.997246990148908,0.99999999971548
"HMGN2",3.5524526253291e-10,-0.652728197851727,1.17300200718566e-05,0.997267321184282,0.99999999971548
"YPEL5",3.54458058405325e-10,-0.653284469602164,1.16780915016083e-05,0.997273376627906,0.99999999971548
"ID2",3.53776336591372e-10,-0.653767072057448,1.16332142377469e-05,0.997278620665592,0.99999999971548
"MEF2A",3.51351643012747e-10,-0.655490134914704,1.14742984754483e-05,0.997297272240019,0.99999999971548
"RASAL3",3.49488716507652e-10,-0.656821029228885,1.13529436665305e-05,0.997311602510491,0.99999999971548
"MSN",3.47178352316315e-10,-0.658480176904448,1.12033380521014e-05,0.997329374626517,0.99999999971548
"HNRNPA2B1",3.46724872902004e-10,-0.658806962310581,1.11740898854633e-05,0.997332862946305,0.99999999971548
"RB1",3.43876910687608e-10,-0.660867795948907,1.09912781447852e-05,0.997354770453376,0.99999999971548
"TMEM40",3.43276338569137e-10,-0.6613042747362,1.09529197048366e-05,0.997359390261389,0.99999999971548
"ZFP36L1",3.40208627849628e-10,-0.663544216844216,1.07580315087792e-05,0.997382988152391,0.99999999971548
"FIP1L1",3.38592755086299e-10,-0.664731147900445,1.06560803786271e-05,0.997395418005027,0.99999999971548
"MOB1B",3.36510276409742e-10,-0.666268110341305,1.05254052950297e-05,0.997411437152795,0.99999999971548
"VAMP7",3.34818287770579e-10,-0.667522977737446,1.04198269781616e-05,0.997424452516621,0.99999999971548
"SSBP2",3.3076554721459e-10,-0.670551281810503,1.01691042334679e-05,0.997455627606281,0.99999999971548
"HIST1H2AE",3.29864079955461e-10,-0.671229265074968,1.01137500855683e-05,0.997462562006446,0.99999999971548
"NAE1",3.28724608445831e-10,-0.672088558587668,1.00439975653893e-05,0.997471327218483,0.99999999971548
"RAC2",3.26658723001153e-10,-0.673653104316654,9.91815029716095e-06,0.997487218730205,0.99999999971548
"NDUFV2",3.26443871876168e-10,-0.673816310071376,9.90510778631319e-06,0.997488871440087,0.99999999971548
"HBA2",3.20011671818691e-10,-0.678746159255343,9.51861590725451e-06,0.997538350174091,0.99999999971548
"HBS1L",3.19640053016956e-10,-0.679033605924932,9.49652144585146e-06,0.997541208796265,0.99999999971548
"EIF3J",3.12089198290366e-10,-0.684938073561163,9.05314842094755e-06,0.997599292626194,0.99999999971548
"AGTPBP1",3.11806313608332e-10,-0.685161683550011,9.03674390356092e-06,0.997601468674898,0.99999999971548
"SMAP2",3.08981889608414e-10,-0.687404017568411,8.87377095841817e-06,0.99762319514102,0.99999999971548
"CTSA",3.08439606781169e-10,-0.687836579501841,8.84265022933663e-06,0.997627366572097,0.99999999971548
"PPM1A",3.02243781050792e-10,-0.692826333732832,8.49096229780658e-06,0.997675027056953,0.99999999971548
"SH3BGRL",2.97994120960645e-10,-0.696300460037902,8.25386872833194e-06,0.997707716951563,0.99999999971548
"FRYL",2.96335752627829e-10,-0.697667887367191,8.16225707484222e-06,0.997720473710768,0.99999999971548
"EIF1",2.95763725211946e-10,-0.698141103662825,8.13077570022472e-06,0.997724873949294,0.99999999971548
"ATP5D",2.93393180269309e-10,-0.700110689803254,8.00096176032831e-06,0.997743109025646,0.99999999971548
"ARPC5L",2.9317324805535e-10,-0.700294123227437,7.98897095881033e-06,0.99774480082266,0.99999999971548
"PPP1R10",2.91991445438197e-10,-0.701281854739929,7.92469253373113e-06,0.997753891669977,0.99999999971548
"ATP6V1G1",2.8967690077768e-10,-0.703226430679244,7.79955627657006e-06,0.997771695974019,0.99999999971548
"PKN2",2.87764803105153e-10,-0.704843110313923,7.69692957181603e-06,0.997786404512955,0.99999999971548
"CAPN7",2.86444889746405e-10,-0.705964558127158,7.62648328463403e-06,0.997796557758863,0.99999999971548
"CHCHD10",2.86210345619089e-10,-0.706164305781774,7.61399910629468e-06,0.997798361956263,0.99999999971548
"CLTA",2.84401146800445e-10,-0.707709899165856,7.51804380463159e-06,0.997812278961693,0.99999999971548
"TMPO",2.83457574939969e-10,-0.708519386372703,7.4682405819059e-06,0.997819537254728,0.99999999971548
"SAT1",2.83038794315289e-10,-0.708879408132488,7.4461897044149e-06,0.99782275866549,0.99999999971548
"NEDD8",2.8149288441238e-10,-0.710212437259756,7.36507218490533e-06,0.997834650359215,0.99999999971548
"UBE2I",2.81204717812723e-10,-0.710461625530231,7.35000053242346e-06,0.997836867040161,0.99999999971548
"SHOC2",2.80821411727547e-10,-0.710793428882319,7.32997682982258e-06,0.997839815568215,0.99999999971548
"TPP2",2.80749862958713e-10,-0.710855407663735,7.32624218577442e-06,0.997840365947042,0.99999999971548
"SLC25A39",2.79413515382595e-10,-0.712015544654443,7.25666348609175e-06,0.997850645612734,0.99999999971548
"PPP3R1",2.75706578770708e-10,-0.715259136708562,7.06539462444205e-06,0.997879160702881,0.99999999971548
"C7orf73",2.75310632583018e-10,-0.715607830790985,7.045115766375e-06,0.997882206463576,0.99999999971548
"BAZ2B",2.75211096123006e-10,-0.715695557210299,7.04002247148749e-06,0.997882972133884,0.99999999971548
"HCFC1R1",2.74992644365157e-10,-0.71588818637615,7.02885072048291e-06,0.997884652543509,0.99999999971548
"H1F0",2.73444884379838e-10,-0.717256815246611,6.94995145774032e-06,0.997896558471209,0.99999999971548
"SPSB3",2.72301273370401e-10,-0.718272405320576,6.89194034717268e-06,0.997905355539611,0.99999999971548
"PSMA3",2.7184739742658e-10,-0.718676501080526,6.86898431086542e-06,0.997908846917162,0.99999999971548
"REST",2.71367642677422e-10,-0.71910427584268,6.84476101500176e-06,0.997912537363865,0.99999999971548
"IFITM2",2.70232749057752e-10,-0.720118831874468,6.78762942780947e-06,0.997921267375419,0.99999999971548
"UGP2",2.67882834119716e-10,-0.722231412764948,6.67009370669991e-06,0.997939343770509,0.99999999971548
"NUP50",2.66969750741604e-10,-0.723056628451447,6.62470093505569e-06,0.997946367538177,0.99999999971548
"EIF5B",2.64691362045552e-10,-0.725126520245061,6.51210962342177e-06,0.997963893728966,0.99999999971548
"CD79B",2.64497878293308e-10,-0.725303011301029,6.50259267596084e-06,0.997965382076089,0.99999999971548
"ARL5A",2.64076529199265e-10,-0.725687744353708,6.48189172190919e-06,0.997968623246002,0.99999999971548
"FOSB",2.60634666805163e-10,-0.728850656726965,6.314028328007e-06,0.997995099299995,0.99999999971548
"GNB1",2.60004408990841e-10,-0.729433766430923,6.28352851584804e-06,0.997999947471955,0.99999999971548
"MPG",2.58892479538939e-10,-0.730465519800146,6.22989942119205e-06,0.998008500837229,0.99999999971548
"USP22",2.58697407302053e-10,-0.730646923590496,6.22051465599105e-06,0.998010001403763,0.99999999971548
"CHD1",2.57821997262427e-10,-0.731462462850445,6.1784865005338e-06,0.99801673537599,0.99999999971548
"GNAI3",2.57614513143173e-10,-0.731656109838739,6.16854613843035e-06,0.998018331419275,0.99999999971548
"SNRPD3",2.57375577872726e-10,-0.731879278645407,6.15710889667879e-06,0.998020169396259,0.99999999971548
"PRRC2A",2.5667600544411e-10,-0.732533726716593,6.12368311661537e-06,0.998025550761827,0.99999999971548
"SEPT1",2.56256854019949e-10,-0.732926585409103,6.10369952098724e-06,0.998028775027077,0.99999999971548
"CRTAP",2.55440825379401e-10,-0.733693031937888,6.06488796857112e-06,0.99803505221636,0.99999999971548
"EML4",2.55254626827405e-10,-0.73386821541102,6.05604943013219e-06,0.998036484523403,0.99999999971548
"TBL1XR1",2.54620736519067e-10,-0.734465440780466,6.02600802065825e-06,0.998041360638454,0.99999999971548
"COA4",2.54270618224339e-10,-0.734795862506727,6.0094471928048e-06,0.998044053875886,0.99999999971548
"SUB1",2.54048655559386e-10,-0.735005543283269,5.99896001399922e-06,0.998045761293553,0.99999999971548
"IL10RA",2.53249477820069e-10,-0.735761822215506,5.96127672439943e-06,0.998051908859891,0.99999999971548
"ETHE1",2.52582404252341e-10,-0.736394679454587,5.9299133995231e-06,0.9980570402329,0.99999999971548
"SEC14L1",2.52331050690211e-10,-0.736633517461188,5.91811714448458e-06,0.998058973736131,0.99999999971548
"PPP4R3B",2.51627109389382e-10,-0.73730351078552,5.88514303365333e-06,0.998064388709299,0.99999999971548
"AP1B1",2.5105009235177e-10,-0.737853917916979,5.85818302725793e-06,0.99806882733482,0.99999999971548
"ATP5I",2.50141344077833e-10,-0.738722993413058,5.81584901744809e-06,0.998075817758131,0.99999999971548
"PRKCH",2.4944755637985e-10,-0.739388343485981,5.78363228124505e-06,0.998081154626355,0.99999999971548
"NPC2",2.48920122398895e-10,-0.739895236400663,5.75920021818405e-06,0.998085211841122,0.99999999971548
"TAOK3",2.48863821661337e-10,-0.739949399663435,5.75659528172657e-06,0.998085644926956,0.99999999971548
"TRAF3IP3",2.48121635008738e-10,-0.740664407187174,5.72231068975624e-06,0.998091354097778,0.99999999971548
"RSRC2",2.47556164108797e-10,-0.741210420131702,5.69625804045767e-06,0.99809570390655,0.99999999971548
"RAB11B",2.47025946490133e-10,-0.741723379323256,5.67188359613168e-06,0.998099782534252,0.99999999971548
"TYROBP",2.46814030606648e-10,-0.741928665331935,5.66215630491105e-06,0.998101412668691,0.99999999971548
"ARF5",2.46602411876182e-10,-0.742133816541869,5.65245098427855e-06,0.998103040517329,0.99999999971548
"PSMB7",2.46166901884625e-10,-0.74255649874723,5.63250369235187e-06,0.99810639061942,0.99999999971548
"PBXIP1",2.40829005233302e-10,-0.747790723284359,5.39088104545372e-06,0.998147451674865,0.99999999971548
"EIF4A2",2.40188067848082e-10,-0.74842598188157,5.36222486779942e-06,0.998152382000235,0.99999999971548
"JPX",2.40181255717874e-10,-0.748432741571091,5.36192070900973e-06,0.998152434401638,0.99999999971548
"KDELR1",2.38063869665953e-10,-0.750541954448625,5.26779835828253e-06,0.998168722112003,0.99999999971548
"CEP170",2.37973698981761e-10,-0.75063213881906,5.26380858003081e-06,0.998169415738006,0.99999999971548
"CHCHD3",2.37148392487006e-10,-0.751458954570572,5.22736150741046e-06,0.998175764298582,0.99999999971548
"SDCCAG8",2.34148798767609e-10,-0.754485267934463,5.09596027078363e-06,0.998198838275769,0.99999999971548
"TCERG1",2.32610664383971e-10,-0.756050206162231,5.02922897201139e-06,0.998210670171271,0.99999999971548
"UBR5",2.30556661331232e-10,-0.758154099134895,4.94080273084419e-06,0.998226470318957,0.99999999971548
"ZCCHC11",2.29346642265159e-10,-0.759401152322245,4.88907768217358e-06,0.998235778231421,0.99999999971548
"FAM60A",2.28657268888054e-10,-0.760114186219503,4.85973053707043e-06,0.998241081145532,0.99999999971548
"RBCK1",2.28233825777081e-10,-0.760553090268171,4.84174804281606e-06,0.998244338426055,0.99999999971548
"YME1L1",2.28129357327078e-10,-0.760661482042785,4.83731667379738e-06,0.998245142035892,0.99999999971548
"FAM32A",2.27063290299134e-10,-0.761770060784919,4.79221196167592e-06,0.998253342616654,0.99999999971548
"WDR83OS",2.26826613833976e-10,-0.762016789238266,4.78222696872877e-06,0.998255163219339,0.99999999971548
"ST13",2.25765811837975e-10,-0.763125403759979,4.73760139886134e-06,0.998263323299757,0.99999999971548
"SLC9A3R1",2.25373930469721e-10,-0.763536094395359,4.72116873891549e-06,0.998266337795902,0.99999999971548
"TMA7",2.24648462164489e-10,-0.764298025428288,4.69082320849722e-06,0.998271918365974,0.99999999971548
"CTSB",2.22641085174654e-10,-0.766417505600009,4.60736676828102e-06,0.998287359851412,0.99999999971548
"POLB",2.22317972735348e-10,-0.766760214400236,4.59400340129317e-06,0.99828984535173,0.99999999971548
"RAB2A",2.20705971973318e-10,-0.768476481404756,4.52762380484521e-06,0.998302245457698,0.99999999971548
"SMC3",2.20242157121786e-10,-0.768972316316715,4.50861414611217e-06,0.998305813293127,0.99999999971548
"UBE2E1",2.20191365580702e-10,-0.76902666948399,4.50653486158221e-06,0.998306204000454,0.99999999971548
"TMEM179B",2.19507103073484e-10,-0.769759979319366,4.47856953710534e-06,0.998311467600874,0.99999999971548
"MYO1G",2.18542412245623e-10,-0.77079720344547,4.43929116150562e-06,0.998318888359836,0.99999999971548
"NCBP2-AS2",2.1850718111853e-10,-0.770835158861768,4.43785996448699e-06,0.99831915937071,0.99999999971548
"UBA1",2.17029488872603e-10,-0.772431929690584,4.37803934778083e-06,0.998330526326775,0.99999999971548
"ALDH2",2.16926254652511e-10,-0.772543836032913,4.37387534235082e-06,0.998331320442644,0.99999999971548
"MAP4K5",2.16845888443615e-10,-0.77263098542582,4.37063510140829e-06,0.9983319386493,0.99999999971548
"ANXA11",2.16043106519252e-10,-0.773503070399246,4.33833407701762e-06,0.998338113945362,0.99999999971548
"NOSIP",2.15973810585876e-10,-0.77357848065088,4.33555147774314e-06,0.998338646995367,0.99999999971548
"HBA1",2.15633645408193e-10,-0.773948965788046,4.32190498787496e-06,0.998341263672008,0.99999999971548
"NAP1L1",2.13968031704131e-10,-0.775770413211165,4.25539568146893e-06,0.998354076190295,0.99999999971548
"ORMDL1",2.11953087954915e-10,-0.777990432098355,4.17562665950162e-06,0.998369575885402,0.99999999971548
"TMX4",2.11836854745531e-10,-0.77811905443157,4.17104816137611e-06,0.998370469994404,0.99999999971548
"FAM208A",2.10647521381863e-10,-0.779438696949079,4.12434390944586e-06,0.998379618788334,0.99999999971548
"ITFG1",2.09987982800219e-10,-0.780173293903877,4.09855765295354e-06,0.998384692204136,0.99999999971548
"AKAP13",2.08439559999431e-10,-0.781905852883084,4.0383360949457e-06,0.998396603247848,0.99999999971548
"CDC42SE2",2.0828871893321e-10,-0.782075229627214,4.03249337955891e-06,0.998397763573414,0.99999999971548
"C19orf53",2.08143136728112e-10,-0.782238802504583,4.0268583733004e-06,0.998398883445868,0.99999999971548
"MT-CO2",2.08126503732435e-10,-0.782257497297033,4.02621481576793e-06,0.998399011393056,0.99999999971548
"BCCIP",2.0697168338067e-10,-0.783558655632281,3.98165868899731e-06,0.998407894700719,0.99999999971548
"RGS19",2.04580768829305e-10,-0.786272741984815,3.8901986432612e-06,0.998426286505338,0.99999999971548
"CHTF8",2.04500734343691e-10,-0.7863640707971,3.88715545257255e-06,0.998426902160404,0.99999999971548
"MICU2",2.04099537203065e-10,-0.786822353283281,3.87191848142078e-06,0.998429988318221,0.99999999971548
"FCHSD2",2.02874347199449e-10,-0.788226739438837,3.82557249272635e-06,0.998439412936151,0.99999999971548
"PSMB4",2.02714565800453e-10,-0.78841043390729,3.81954891582165e-06,0.998440642034212,0.99999999971548
"EMC4",2.02668991236971e-10,-0.788462852298085,3.81783167654937e-06,0.998440992610737,0.99999999971548
"UFC1",2.02343804515382e-10,-0.788837169441419,3.80558992071164e-06,0.998443494068188,0.99999999971548
"KRR1",2.01628598726401e-10,-0.789662275760685,3.77873493755727e-06,0.998448995697709,0.99999999971548
"SPG7",1.99355362020674e-10,-0.792301838769678,3.69400949880379e-06,0.998466482282285,0.99999999971548
"MRPL51",1.98443962214382e-10,-0.793367466379759,3.66031064432107e-06,0.998473493109722,0.99999999971548
"DDX17",1.96703685602271e-10,-0.795414114309534,3.59639313403277e-06,0.998486879967205,0.99999999971548
"CNPY3",1.9620664574335e-10,-0.796001548252008,3.57824103588505e-06,0.998490703383463,0.99999999971548
"RBM42",1.95011192904898e-10,-0.797419730383651,3.53477067334162e-06,0.998499899253384,0.99999999971548
"IFI6",1.94862410259246e-10,-0.797596762089166,3.5293790657751e-06,0.998501043745101,0.99999999971548
"NCOA4",1.94522233791103e-10,-0.798001969337784,3.51706716083748e-06,0.998503660509647,0.99999999971548
"PPP1R2",1.93963571587684e-10,-0.798668769105386,3.4968943409826e-06,0.998507957948169,0.99999999971548
"ADGRE5",1.93874348345732e-10,-0.798775417535909,3.49367793816701e-06,0.998508644286706,0.99999999971548
"NME3",1.92818846982947e-10,-0.800040307726229,3.45574054429707e-06,0.998516763597914,0.99999999971548
"TMED3",1.92512875980417e-10,-0.800408102817998,3.44478189069882e-06,0.998519117241318,0.99999999971548
"HERC1",1.9133993512846e-10,-0.801822774023271,3.40293309128369e-06,0.998528139941226,0.99999999971548
"ADD3",1.91131798803836e-10,-0.802074592675848,3.39553381248816e-06,0.998529741003732,0.99999999971548
"PHF5A",1.89153670152391e-10,-0.80447985992927,3.32561300589393e-06,0.998544957509949,0.99999999971548
"ZNF638",1.89075774904287e-10,-0.804575022158522,3.32287453287893e-06,0.998545556709373,0.99999999971548
"ANKRD17",1.87832263925154e-10,-0.806098817665515,3.27931058902055e-06,0.99855512226169,0.99999999971548
"PLA2G12A",1.87332271219104e-10,-0.806713982145689,3.26187536181254e-06,0.99855896839296,0.99999999971548
"GLO1",1.8729353234968e-10,-0.806761703987098,3.2605264399464e-06,0.998559266386863,0.99999999971548
"PSMD4",1.87202926446792e-10,-0.806873353595862,3.25737255117345e-06,0.998559963361427,0.99999999971548
"PPIA",1.84204379754715e-10,-0.810595113522,3.15385751840524e-06,0.998583029307054,0.99999999971548
"NAA50",1.83329790764528e-10,-0.811690569202915,3.12398004325455e-06,0.998589756973766,0.99999999971548
"HUWE1",1.83229093089162e-10,-0.811816988508261,3.12054916458687e-06,0.998590531578079,0.99999999971548
"RET",1.82853365298656e-10,-0.812289224101236,3.10776435090869e-06,0.998593421817276,0.99999999971548
"STX16",1.82254881023975e-10,-0.813043178388803,3.08745404096334e-06,0.998598025583,0.99999999971548
"CCDC90B",1.81761099999338e-10,-0.81366685353247,3.07074709714102e-06,0.998601823932052,0.99999999971548
"RAD50",1.81676413186784e-10,-0.813773966101021,3.06788629577409e-06,0.998602475374817,0.99999999971548
"WDFY2",1.81035910821396e-10,-0.814585488115,3.04629268766961e-06,0.998607402359569,0.99999999971548
"SF1",1.80281087757863e-10,-0.81554506762641,3.02094281859053e-06,0.998613208742135,0.99999999971548
"AP3B1",1.80261161002557e-10,-0.815570447111039,3.02027503627107e-06,0.998613362026224,0.99999999971548
"PUM1",1.79004673226644e-10,-0.817175708393964,2.9783168843281e-06,0.998623027402383,0.99999999971548
"NENF",1.78948521132077e-10,-0.817247675625782,2.97644863700571e-06,0.998623459345401,0.99999999971548
"ZKSCAN1",1.78659685975117e-10,-0.817618171381071,2.96684800779591e-06,0.998625681174003,0.99999999971548
"HSBP1",1.77294250346013e-10,-0.819376733469096,2.921672067976e-06,0.998636184618279,0.99999999971548
"EVL",1.77197398248706e-10,-0.819501917498794,2.9184808446104e-06,0.998636929641038,0.99999999971548
"AP003068.23",1.76160951573519e-10,-0.820845293387473,2.88443967400977e-06,0.998644902378749,0.99999999971548
"NUDT5",1.7576639541909e-10,-0.821358499183171,2.87153330723079e-06,0.998647937453147,0.99999999971548
"ZMYM2",1.74051329470294e-10,-0.823601025998681,2.81576790992968e-06,0.998661130385971,0.99999999971548
"CMC1",1.73895866338062e-10,-0.823805250052937,2.81074005290224e-06,0.998662326266918,0.99999999971548
"POLR2G",1.7384789724542e-10,-0.823868296686398,2.8091895841462e-06,0.99866269526324,0.99999999971548
"TMEM173",1.7346900890424e-10,-0.824366808883595,2.79695809509874e-06,0.998665609815032,0.99999999971548
"NFE2L2",1.71961903528935e-10,-0.82635916638343,2.74856905758164e-06,0.998677203037261,0.99999999971548
"PTPN7",1.71433398967314e-10,-0.827061434987977,2.7317002161706e-06,0.998681268493487,0.99999999971548
"TESPA1",1.71199178061863e-10,-0.827373266482247,2.72424094366089e-06,0.998683070208956,0.99999999971548
"PSMC5",1.70883314108733e-10,-0.827794382180993,2.71419772127855e-06,0.998685499953525,0.99999999971548
"MRPL37",1.70566300487899e-10,-0.828217711995549,2.70413659234126e-06,0.998687938541783,0.99999999971548
"SUGT1",1.70413484569722e-10,-0.828422021997649,2.69929331439438e-06,0.998689114059429,0.99999999971548
"MT1X",1.70380610827624e-10,-0.828465993969399,2.69825199640645e-06,0.998689366936645,0.99999999971548
"USP15",1.69884599559097e-10,-0.829130356801497,2.68256458608084e-06,0.998693182442312,0.99999999971548
"GPBP1",1.69736279783331e-10,-0.829329345615878,2.67788254082043e-06,0.998694323373947,0.99999999971548
"BRAF",1.6953327209481e-10,-0.829601950174492,2.6714807786363e-06,0.998695884985631,0.99999999971548
"SMCHD1",1.6940275671373e-10,-0.829777359978139,2.6673690769529e-06,0.998696888959155,0.99999999971548
"NDUFB11",1.69376682824487e-10,-0.829812416799995,2.66654803560876e-06,0.998697089529343,0.99999999971548
"NUDT21",1.69106927039889e-10,-0.830175384179055,2.65806110647737e-06,0.998699164592562,0.99999999971548
"RIOK3",1.69041016931243e-10,-0.830264145469397,2.65598953012892e-06,0.998699671597973,0.99999999971548
"MFNG",1.66677668323297e-10,-0.833466939173847,2.58224234194096e-06,0.998717851367065,0.99999999971548
"ATRAID",1.66574895294504e-10,-0.83360711071461,2.57905891549387e-06,0.99871864193599,0.99999999971548
"FLII",1.66437268658388e-10,-0.833794936759703,2.57479896298483e-06,0.998719700612018,0.99999999971548
"TTC14",1.66195547666835e-10,-0.834125152915772,2.56732550451897e-06,0.998721560021122,0.99999999971548
"TOMM20",1.6587026110304e-10,-0.834570188400593,2.55728553369519e-06,0.99872406224816,0.99999999971548
"YWHAH",1.65515434833591e-10,-0.835056504712982,2.54635625025987e-06,0.998726791705778,0.99999999971548
"USP34",1.65217847282741e-10,-0.835465070763448,2.53720806764882e-06,0.998729080861576,0.99999999971548
"TCP1",1.65100139198836e-10,-0.835626852091433,2.53359412981219e-06,0.998729986316602,0.99999999971548
"MT2A",1.64977857195287e-10,-0.835795026235398,2.52984248870709e-06,0.998730926955946,0.99999999971548
"KTN1",1.63254970621145e-10,-0.838176108195424,2.4772794013248e-06,0.998744180050218,0.99999999971548
"MSRB3",1.62376507208141e-10,-0.839398597030257,2.45069100009526e-06,0.998750937522725,0.99999999971548
"EPC1",1.62152841229659e-10,-0.839710774207796,2.44394422749829e-06,0.99875265804596,0.99999999971548
"IST1",1.6163776880286e-10,-0.840431102874374,2.42844269208262e-06,0.998756620177746,0.99999999971548
"RNF7",1.58389421486746e-10,-0.845020475700754,2.33181724818507e-06,0.998781607693763,0.99999999971548
"DPM3",1.57274330267096e-10,-0.846614800950467,2.29909996181366e-06,0.998790185397407,0.99999999971548
"CPVL",1.55812490191058e-10,-0.848719859420306,2.25655904794307e-06,0.998801430424686,0.99999999971548
"TPR",1.54369804539094e-10,-0.850814246912151,2.21496502927069e-06,0.998812528109117,0.99999999971548
"BRWD1",1.54361912358248e-10,-0.85082575095916,2.21473855418026e-06,0.998812588818762,0.99999999971548
"ARL6IP6",1.53611881581038e-10,-0.851921376064906,2.19326840741008e-06,0.998818358339655,0.99999999971548
"UBE2B",1.53391185422663e-10,-0.852244649234072,2.1869707409882e-06,0.998820056018129,0.99999999971548
"ENG",1.53011786722643e-10,-0.852801334861832,2.17616558657959e-06,0.998822974496701,0.99999999971548
"MRPS7",1.50925679033059e-10,-0.85588387261204,2.11723196539603e-06,0.998839021627847,0.99999999971548
"HDAC1",1.50530156942577e-10,-0.856472491628832,2.10614949434101e-06,0.998842064133753,0.99999999971548
"TAF9",1.50185850720749e-10,-0.85698598713538,2.09652576095181e-06,0.998844712667791,0.99999999971548
"TBC1D10C",1.50142658156934e-10,-0.857050476444519,2.0953200374986e-06,0.998845044921373,0.99999999971548
"THOC3",1.47917057620792e-10,-0.860395485073559,2.03366157862351e-06,0.998862165085077,0.99999999971548
"CHCHD2",1.46675541253246e-10,-0.862280514796798,1.99966646895985e-06,0.998871715300229,0.99999999971548
"SFPQ",1.46103091582755e-10,-0.863154360604767,1.98408821234738e-06,0.998876118800438,0.99999999971548
"ARHGAP15",1.45921592894883e-10,-0.863432040652904,1.97916174942735e-06,0.998877514957263,0.99999999971548
"PABPN1",1.45154739811056e-10,-0.864608597632067,1.95841446655475e-06,0.998883413882405,0.99999999971548
"HDAC2",1.44711690826701e-10,-0.865290819394912,1.94647755892203e-06,0.998886821983474,0.99999999971548
"TLE4",1.43831836944483e-10,-0.866651052276675,1.92288016420265e-06,0.998893590153787,0.99999999971548
"TAL1",1.43606414597504e-10,-0.867000714356502,1.91685756870928e-06,0.998895324188129,0.99999999971548
"AMD1",1.43479903482226e-10,-0.86719716028548,1.91348171712508e-06,0.998896297359698,0.99999999971548
"ATF7IP2",1.42809481070564e-10,-0.868240711208238,1.89564167259072e-06,0.998901454503655,0.99999999971548
"GAPDH",1.42204038519325e-10,-0.869186785645186,1.87960255147278e-06,0.998906111797872,0.99999999971548
"ADH5",1.4215092815749e-10,-0.869269943831588,1.87819882579694e-06,0.998906520342963,0.99999999971548
"IGKV3-20",1.4203755167885e-10,-0.869447554880283,1.87520399977307e-06,0.998907392477933,0.99999999971548
"TMX1",1.41825589991311e-10,-0.869779936621581,1.86961146698691e-06,0.998909022967807,0.99999999971548
"ZC3H13",1.40885952963588e-10,-0.871258625721987,1.84492006053516e-06,0.998916251013066,0.99999999971548
"MLLT3",1.40737061947991e-10,-0.871493719617066,1.84102262625164e-06,0.998917396339373,0.99999999971548
"ATP1A1",1.40643668584614e-10,-0.871641295029107,1.83858002523198e-06,0.998918114756638,0.99999999971548
"COPS6",1.39826233938644e-10,-0.872936614431727,1.81727012238966e-06,0.998924402774808,0.99999999971548
"PSMB6",1.39716953331487e-10,-0.873110281013219,1.81443067270659e-06,0.998925243402803,0.99999999971548
"LSM14A",1.39161099910022e-10,-0.873995465582136,1.80002223853667e-06,0.998929519238759,0.99999999971548
"CALCOCO2",1.38521845755419e-10,-0.875017274497038,1.7835229608369e-06,0.998934436624916,0.99999999971548
"SRP9",1.38251656799503e-10,-0.87545038878545,1.7765721692286e-06,0.998936515021168,0.99999999971548
"PLSCR1",1.36511874069208e-10,-0.878257037419182,1.73214012757722e-06,0.998949898092068,0.99999999971548
"SF3A2",1.3591405199418e-10,-0.879228639889016,1.71700233504513e-06,0.998954496767061,0.99999999971548
"WHSC1L1",1.35226647350683e-10,-0.880350440794928,1.69967828862817e-06,0.998959784545318,0.99999999971548
"APPL1",1.3512177880994e-10,-0.880522015514952,1.69704310286366e-06,0.998960591234067,0.99999999971548
"BCL2",1.34551020377548e-10,-0.881457865440308,1.68273666065395e-06,0.998964981725294,0.99999999971548
"TUBA1B",1.34440649682438e-10,-0.881639234220482,1.67997713284942e-06,0.998965830738717,0.99999999971548
"POLR2J3",1.33676809158279e-10,-0.882897991955823,1.66094138448323e-06,0.998971706490983,0.99999999971548
"NUB1",1.33220839627909e-10,-0.883652384367837,1.64962981843707e-06,0.998975213982321,0.99999999971548
"RASA2",1.32911855563746e-10,-0.884164869997247,1.64198659635322e-06,0.998977590805466,0.99999999971548
"ARHGEF1",1.32463885454543e-10,-0.884909723498907,1.63093684712708e-06,0.998981036762241,0.99999999971548
"YWHAE",1.32358355682091e-10,-0.885085509901309,1.62833925102713e-06,0.998981848537465,0.99999999971548
"FOXN3",1.32089434383876e-10,-0.885534017831417,1.62172916203467e-06,0.998983917182572,0.99999999971548
"YEATS4",1.31779719730806e-10,-0.886051546297535,1.61413302933285e-06,0.998986299625719,0.99999999971548
"HLA-DQA1",1.30403425019283e-10,-0.888364189347673,1.58059339104011e-06,0.998996886609271,0.99999999971548
"CCDC25",1.30203764029096e-10,-0.888701449364172,1.57575699588137e-06,0.998998422477731,0.99999999971548
"HNRNPH1",1.28943147744356e-10,-0.8908412832312,1.54539214755662e-06,0.999008119618907,0.99999999971548
"SFSWAP",1.28794525918221e-10,-0.891094759297164,1.54183171582635e-06,0.999009262874678,0.99999999971548
"ITPR2",1.28582571765424e-10,-0.89145668982892,1.53676117837726e-06,0.999010893306863,0.99999999971548
"ZEB2",1.28561070004416e-10,-0.891493434982399,1.5362472625584e-06,0.99901105870661,0.99999999971548
"ZNF292",1.27518668667019e-10,-0.893281277284317,1.51143580126877e-06,0.999019077255346,0.99999999971548
"DNAJA2",1.26377921779338e-10,-0.895252421714584,1.48451497863948e-06,0.999027852315684,0.99999999971548
"RAB1A",1.25826922001715e-10,-0.89621006635695,1.47159841428396e-06,0.999032090816263,0.99999999971548
"ANP32B",1.2327035292663e-10,-0.900701718337866,1.41240564302598e-06,0.999051756921657,0.99999999971548
"RAB31",1.23083375667518e-10,-0.901033390448805,1.40812420073852e-06,0.999053195222143,0.99999999971548
"MAT2B",1.22307930405903e-10,-0.902413619520526,1.39043726964113e-06,0.999059160243278,0.99999999971548
"DNAJC7",1.21521219770572e-10,-0.903821700786835,1.37260761990194e-06,0.999065211922025,0.99999999971548
"EXOSC8",1.21015906816981e-10,-0.904730315052424,1.36121612225584e-06,0.999069098982333,0.99999999971548
"PGK1",1.20561851183129e-10,-0.905549581906072,1.35102063043909e-06,0.999072591751771,0.99999999971548
"EID1",1.20257978219782e-10,-0.906099369912307,1.34421878951537e-06,0.999074929258731,0.99999999971548
"KMT2E",1.19463699039355e-10,-0.90754216322601,1.32652085222364e-06,0.999081039157759,0.99999999971548
"LGALS1",1.19368479507083e-10,-0.907715687441135,1.32440706606735e-06,0.999081771622797,0.99999999971548
"IRAK3",1.19290626931952e-10,-0.907857652308826,1.32268006280545e-06,0.999082370494564,0.99999999971548
"YTHDC1",1.18194808995777e-10,-0.909864485222609,1.29849108304898e-06,0.999090799945053,0.99999999971548
"ERAP2",1.18103691015835e-10,-0.910032082614302,1.29648980600803e-06,0.999091500859393,0.99999999971548
"SLC38A2",1.17739718174407e-10,-0.910702678195723,1.28851105543806e-06,0.99909430067766,0.99999999971548
"BRD4",1.16738566115141e-10,-0.912556579724489,1.2666915532505e-06,0.999102001922161,0.99999999971548
"DDX24",1.15864175242318e-10,-0.914187098040618,1.2477871657967e-06,0.999108728071208,0.99999999971548
"FAM107B",1.15382472927134e-10,-0.915089929282248,1.23743344747837e-06,0.999112433509694,0.99999999971548
"ETNK1",1.1522041389734e-10,-0.915394405786364,1.23395984481103e-06,0.999113680129752,0.99999999971548
"C1D",1.14686902515516e-10,-0.916399405732576,1.22255895767215e-06,0.999117784103428,0.99999999971548
"ERCC1",1.14527608363194e-10,-0.916700263847608,1.21916517438609e-06,0.999119009455,0.99999999971548
"PPIG",1.14379604847258e-10,-0.916980123785917,1.21601616702416e-06,0.999120147954678,0.99999999971548
"DNMT1",1.14015169337096e-10,-0.917670580245994,1.20827958711632e-06,0.999122951332081,0.99999999971548
"PTPRE",1.13768531557822e-10,-0.918138948184786,1.20305773688664e-06,0.999124848564267,0.99999999971548
"ACTR10",1.11791134738389e-10,-0.921926311687962,1.1616007780857e-06,0.999140059457524,0.99999999971548
"MYEOV2",1.09651519649064e-10,-0.926090591044506,1.11756161106387e-06,0.999156518196161,0.99999999971548
"PSMC3",1.08985250611495e-10,-0.927401768103514,1.10402172530612e-06,0.99916164339282,0.99999999971548
"ATAD2",1.08395038819314e-10,-0.928569106274893,1.09209640067566e-06,0.999166183528042,0.99999999971548
"STARD7",1.07704388296303e-10,-0.929942136337885,1.07822392008449e-06,0.999171496276495,0.99999999971548
"SRSF11",1.0745273286265e-10,-0.93044433770412,1.07319118347549e-06,0.999173432106525,0.99999999971548
"EIF5",1.07141920192145e-10,-0.931066006789467,1.06699163904567e-06,0.999175822996695,0.99999999971548
"GPI",1.06770570346506e-10,-0.931810818894857,1.05960815132149e-06,0.999178679562026,0.99999999971548
"DDB1",1.06587937173355e-10,-0.932177951118456,1.05598629018891e-06,0.999180084446391,0.99999999971548
"SMG1",1.04056501901012e-10,-0.937323871141795,1.00642312985349e-06,0.999199557216978,0.99999999971548
"SETD2",1.03913083934628e-10,-0.937618659781985,1.00365079584656e-06,0.999200660442972,0.99999999971548
"ACAP2",1.03810642024411e-10,-0.937829440896519,1.00167288852836e-06,0.99920144846543,0.99999999971548
"NARF",1.02758257461973e-10,-0.940005334350475,9.81466831713134e-07,0.999209543811095,0.99999999971548
"AGTRAP",1.02032897336968e-10,-0.941516390218509,9.67659586502371e-07,0.999215123559415,0.99999999971548
"FAM49B",1.0179271972541e-10,-0.942018783009117,9.63109355420162e-07,0.99921697109774,0.99999999971548
"KDM6A",1.0088690188131e-10,-0.943922857657229,9.46044872938027e-07,0.999223938996126,0.99999999971548
"UBE2E3",1.0048948771437e-10,-0.944762939350714,9.38606224046309e-07,0.99922699605839,0.99999999971548
"CAND1",1.00262988320797e-10,-0.945243023295634,9.34379828701436e-07,0.99922873837864,0.99999999971548
"PIK3CD",9.98632619900104e-11,-0.946092582208739,9.26944349201553e-07,0.999231813226974,0.99999999971548
"DENR",9.96245583639299e-11,-0.946601322991354,9.2251828645203e-07,0.999233649426875,0.99999999971548
"ATP2B1",9.94861123047889e-11,-0.946896874327035,9.19956061250084e-07,0.999234714407096,0.99999999971548
"PSMB5",9.8847460379297e-11,-0.948264902427057,9.08182641544193e-07,0.999239627162833,0.99999999971548
"CARD16",9.81967996212528e-11,-0.949666583891298,8.96265816364666e-07,0.999244632295149,0.99999999971548
"HNRNPAB",9.71461448558828e-11,-0.951947098470573,8.77189262214924e-07,0.999252714334976,0.99999999971548
"VPS35",9.69815944816421e-11,-0.95230620709399,8.7422013615527e-07,0.999253980119637,0.99999999971548
"MRPS33",9.68937805744468e-11,-0.952498065852578,8.7263769300303e-07,0.999254655617929,0.99999999971548
"CDC40",9.66546422167773e-11,-0.953021311174162,8.68335587622822e-07,0.999256495162002,0.99999999971548
"PRDX3",9.62574719569711e-11,-0.953892830825451,8.61213974341623e-07,0.999259550348157,0.99999999971548
"CCDC59",9.61829518016151e-11,-0.954056700494127,8.59881029367575e-07,0.99926012358581,0.99999999971548
"RPAP2",9.59382980892967e-11,-0.954595471104904,8.55512156785759e-07,0.999262005556121,0.99999999971548
"LSM3",9.58436484851948e-11,-0.954804226885171,8.53824948539323e-07,0.999262733637226,0.99999999971548
"CTB-133G6.1",9.40408485820236e-11,-0.958815055475554,8.22006485327126e-07,0.999276601466558,0.99999999971548
"NPEPPS",9.36759322707259e-11,-0.959635042939216,8.15639431236218e-07,0.999279408543019,0.99999999971548
"RERE",9.34685680420592e-11,-0.960102240911813,8.12032373658932e-07,0.999281003668336,0.99999999971548
"NIN",9.2735416767283e-11,-0.96176131486144,7.99343451590758e-07,0.999286643349645,0.99999999971548
"ATXN2L",9.21741964298540e-11,-0.9630390477217,7.89697722594257e-07,0.999290960472145,0.99999999971548
"MDM2",9.19679507405957e-11,-0.963510309091781,7.86167677540488e-07,0.999292546993248,0.99999999971548
"NFAT5",9.16220572467726e-11,-0.964302726624673,7.80265210112946e-07,0.999295207738937,0.99999999971548
"HADHA",9.15989975227957e-11,-0.964355647295841,7.7987250039467e-07,0.999295385123197,0.99999999971548
"ATAD2B",8.92954188811266e-11,-0.969701553570444,7.41140460515694e-07,0.999313105135626,0.99999999971548
"EIF2AK2",8.82638010592687e-11,-0.972134610353393,7.24114789790421e-07,0.999321040736586,0.99999999971548
"WAS",8.81824552869637e-11,-0.972327513747556,7.22780686054263e-07,0.999321666479548,0.99999999971548
"PRKAR1B",8.80045306809924e-11,-0.972749984364031,7.19866937948797e-07,0.99932303514404,0.99999999971548
"SRSF10",8.76920385082828e-11,-0.973493778771036,7.14763714436872e-07,0.999325438954009,0.99999999971548
"DAP3",8.59809567349586e-11,-0.977607850788687,6.87142343841716e-07,0.999338601253158,0.99999999971548
"RABAC1",8.29449098276913e-11,-0.985086205880592,6.39472163170249e-07,0.99936195569419,0.99999999971548
"SRGN",8.15496395323365e-11,-0.988603176396807,6.18139158641022e-07,0.999372688650364,0.99999999971548
"RAB37",8.13921291885505e-11,-0.989003484301686,6.15753635296284e-07,0.999373900280564,0.99999999971548
"OXLD1",8.12520082121722e-11,-0.9893601644239,6.13635353501981e-07,0.999374978145056,0.99999999971548
"KIF22",8.09605375195851e-11,-0.990103824975302,6.09240731777445e-07,0.999377220249835,0.99999999971548
"PPP1CB",7.9870580098552e-11,-0.992905549432795,5.92946954416099e-07,0.999385604621976,0.99999999971548
"GTF2F1",7.98232600496841e-11,-0.993027936785647,5.92244568953677e-07,0.999385968626012,0.99999999971548
"PCM1",7.75304855173019e-11,-0.999034893444909,5.58710936540007e-07,0.999403605530712,0.99999999971548
"ITM2A",7.69566290442620e-11,-1.00056252569411,5.50470737316301e-07,0.999408019855753,0.99999999971548
"AIP",7.59917239359245e-11,-1.00315363015512,5.3675334449586e-07,0.99941544227757,0.99999999971548
"C19orf24",7.30467088989962e-11,-1.01124295250887,4.95956369990466e-07,0.999438096468092,0.99999999971548
"R3HDM4",7.26207386133386e-11,-1.01243639578548,4.9018891809745e-07,0.999441373195715,0.99999999971548
"ST3GAL1",7.13584573109944e-11,-1.01600904697828,4.73296257424666e-07,0.999451083150078,0.99999999971548
"INPP4B",7.07005066562712e-11,-1.01789310193204,4.64608571105021e-07,0.999456144360175,0.99999999971548
"MCTS1",7.02642645794913e-11,-1.01915071622705,4.58892727880405e-07,0.999459500102426,0.99999999971548
"SF3B1",7.02430352472105e-11,-1.01921209004217,4.58615474156637e-07,0.999459663406635,0.99999999971548
"FCGRT",6.95892260605544e-11,-1.02111019277617,4.50117790398349e-07,0.999464692758999,0.99999999971548
"C8orf59",6.95341897226731e-11,-1.02127067820287,4.49406098658117e-07,0.999465116119733,0.99999999971548
"TMC8",6.9065497660632e-11,-1.02264187512503,4.43368113874948e-07,0.99946872147981,0.99999999971548
"RC3H1",6.87572597366898e-11,-1.02354806910435,4.39419459053907e-07,0.999471092564788,0.99999999971548
"RSRP1",6.87194702247494e-11,-1.02365941019654,4.38936575247352e-07,0.999471383256288,0.99999999971548
"MGEA5",6.84427352489985e-11,-1.02447639505069,4.35408476948641e-07,0.999473512008445,0.99999999971548
"TUBGCP2",6.76098495257685e-11,-1.02695272158751,4.24875906318904e-07,0.999479918886655,0.99999999971548
"C6orf62",6.66916530240379e-11,-1.02971363662245,4.13413952069955e-07,0.999486982008316,0.99999999971548
"C12orf57",6.6404889964595e-11,-1.03058267791159,4.09866372494667e-07,0.999489187900388,0.99999999971548
"HIST1H3B",6.49000285261038e-11,-1.03519743134293,3.91500157095616e-07,0.999500763875139,0.99999999971548
"HNRNPF",6.44089185117657e-11,-1.03672360428594,3.85597473140929e-07,0.999504541682859,0.99999999971548
"CCNL1",6.3946748914261e-11,-1.03816911565127,3.80083576919671e-07,0.999508096869736,0.99999999971548
"RAP1GDS1",6.37949644594413e-11,-1.03864582910976,3.78281380189818e-07,0.999509264454333,0.99999999971548
"RNASEK",6.35182134587063e-11,-1.03951757353155,3.75006429810457e-07,0.999511393329825,0.99999999971548
"CA1",6.31981155062038e-11,-1.04052998784823,3.7123628836393e-07,0.999513855646801,0.99999999971548
"CALR",6.14688545693061e-11,-1.04607774599117,3.51198300887838e-07,0.999527157789328,0.99999999971548
"KHDRBS1",6.14516109857758e-11,-1.04613374646932,3.51001288340272e-07,0.999527290433628,0.99999999971548
"ANKLE2",6.08764482141393e-11,-1.04800952975541,3.44461570383193e-07,0.999531714807678,0.99999999971548
"THRAP3",6.05166295174918e-11,-1.0491908634735,3.40401628528323e-07,0.999534482671989,0.99999999971548
"AHNAK",5.96543820559311e-11,-1.05204679777257,3.30770574775448e-07,0.999541115412329,0.99999999971548
"CYLD",5.9255244983342e-11,-1.05338099481408,3.26359125905754e-07,0.999544185728786,0.99999999971548
"SOD2",5.87564814577736e-11,-1.05505924557204,3.20888185106837e-07,0.999548022410392,0.99999999971548
"CREB1",5.7816206956439e-11,-1.05825709016408,3.10700074844021e-07,0.999555255364915,0.99999999971548
"LRBA",5.74809246029158e-11,-1.05940832317656,3.07106957799583e-07,0.999557834486247,0.99999999971548
"PNRC2",5.7034632480348e-11,-1.06094981831307,3.02356604872849e-07,0.999561267537595,0.99999999971548
"TSPYL2",5.68502183588014e-11,-1.0615898508371,3.00404503815131e-07,0.999562686122234,0.99999999971548
"MPLKIP",5.64304753442641e-11,-1.06305338243679,2.95984918291347e-07,0.999565914947601,0.99999999971548
"COMMD1",5.58658761000987e-11,-1.06503699708328,2.90091760036699e-07,0.99957025806304,0.99999999971548
"SMNDC1",5.54846058958439e-11,-1.06638640666976,2.8614566869659e-07,0.999573190940707,0.99999999971548
"HNRNPD",5.53012863701427e-11,-1.06703809351089,2.84257958376741e-07,0.999574601105304,0.99999999971548
"DNAJC19",5.49414251583366e-11,-1.06832285644345,2.80570500312734e-07,0.999577369296741,0.99999999971548
"CBR1",5.42256375946870e-11,-1.07090024590709,2.73307468621378e-07,0.999582875411167,0.99999999971548
"EWSR1",5.2852800402029e-11,-1.07592745660231,2.59643928729961e-07,0.999593435805193,0.99999999971548
"FKBP3",5.21804773565278e-11,-1.07843100951033,2.5308025353193e-07,0.99959860757381,0.99999999971548
"ALG13",5.19060197545774e-11,-1.0794610891907,2.50424964369565e-07,0.999600718807726,0.99999999971548
"NRROS",5.06701474523163e-11,-1.0841590273663,2.38641791969299e-07,0.999610225615008,0.99999999971548
"ZNRD1",5.06175555985917e-11,-1.08436114792072,2.38146664106314e-07,0.999610630171869,0.99999999971548
"TXNL1",4.82128170131263e-11,-1.0938041013322,2.16056422291202e-07,0.999629128350407,0.99999999971548
"HNRNPUL1",4.78989809260386e-11,-1.09506654427771,2.13252785520917e-07,0.999631542498889,0.99999999971548
"HNRNPK",4.68216388630653e-11,-1.09945573685751,2.03767720488951e-07,0.999639829830466,0.99999999971548
"HPS1",4.66980960613129e-11,-1.09996466166224,2.02693822871947e-07,0.999640780169452,0.99999999971548
"NDUFA3",4.57017818693956e-11,-1.10411226311938,1.9413705246257e-07,0.999648444203363,0.99999999971548
"NDUFB10",4.48699281597868e-11,-1.10763591791417,1.87134091741855e-07,0.999654843143693,0.99999999971548
"CTD-2336O2.1",4.48033090085649e-11,-1.10792056183847,1.86578821872024e-07,0.99965535560396,0.99999999971548
"BBX",4.39929850714378e-11,-1.11141263908522,1.79890830958832e-07,0.99966158892898,0.99999999971548
"TRMT1",4.33809744163679e-11,-1.11408737169675,1.74920524520974e-07,0.999666296751574,0.99999999971548
"ADPGK",4.30888045833364e-11,-1.11537586484306,1.72572287737702e-07,0.999668544234902,0.99999999971548
"VHL",4.23720083125912e-11,-1.11856948624116,1.66878452157895e-07,0.999674058108988,0.99999999971548
"DNAJA1",4.21345976133261e-11,-1.11963761208922,1.65013648502705e-07,0.999675884363893,0.99999999971548
"ZC3H11A",4.148997662482e-11,-1.12256443480357,1.60003154729871e-07,0.999680843037817,0.99999999971548
"UTRN",4.14576978557776e-11,-1.12271203004144,1.59754290003771e-07,0.999681091338592,0.99999999971548
"H1FX",4.02813848484353e-11,-1.12816016169526,1.50817226903653e-07,0.999690139993168,0.99999999971548
"EIF2AK3",3.97398448437979e-11,-1.13071498220593,1.46789333853122e-07,0.999694305728331,0.99999999971548
"LMBRD1",3.89481171286464e-11,-1.1345051601429,1.40998697259173e-07,0.999700396004141,0.99999999971548
"MZT2B",3.86087765786562e-11,-1.13615021161717,1.38552461383171e-07,0.999703006342908,0.99999999971548
"HBB",3.67870092576558e-11,-1.14520293694382,1.25785658740815e-07,0.999717020081848,0.99999999971548
"DOCK8",3.64327552503533e-11,-1.14700844263769,1.23374725056723e-07,0.999719745140718,0.99999999971548
"OS9",3.61436956648212e-11,-1.14849302549724,1.21424767009615e-07,0.999721968698876,0.99999999971548
"MARCH6",3.54873483201202e-11,-1.15190269467289,1.17054809857233e-07,0.999727017576576,0.99999999971548
"PTPN1",3.43787109192257e-11,-1.15778859452171,1.09855382750614e-07,0.999735545644394,0.99999999971548
"ESD",3.3232590923963e-11,-1.16404969410765,1.02652745332483e-07,0.999744362042861,0.99999999971548
"FCN1",3.13812934452514e-11,-1.17457150074347,9.15342959028407e-08,0.999758602939447,0.99999999971548
"SSH2",3.05412899495525e-11,-1.17952477735338,8.669956479104e-08,0.99976506457141,0.99999999971548
"ARID2",3.03948402724452e-11,-1.18040045761904,8.58700856783019e-08,0.999766191119003,0.99999999971548
"NSD1",2.904716942882e-11,-1.18863575393561,7.84241465375015e-08,0.999776557924706,0.99999999971548
"RP11-160E2.6",2.87007573425167e-11,-1.19080623085406,7.65647517956431e-08,0.999779222660548,0.99999999971548
"UBXN1",2.81818212771391e-11,-1.19410069962401,7.38210601828321e-08,0.999783214517615,0.99999999971548
"HSPB11",2.80337977173782e-11,-1.19505009938418,7.30476141672314e-08,0.999784353172129,0.99999999971548
"YY1",2.76497546860697e-11,-1.19753377894911,7.10599226325284e-08,0.999787307379773,0.99999999971548
"POP5",2.68502378249818e-11,-1.20280218639244,6.70098180765921e-08,0.999793457572936,0.99999999971548
"SF3B6",2.66016717815647e-11,-1.20446792378553,6.577487428826e-08,0.999795369639157,0.99999999971548
"ZNF770",2.56136869487548e-11,-1.21122559123141,6.09798511318755e-08,0.999802969600931,0.99999999971548
"TCF12",2.55242460643846e-11,-1.21184849015672,6.05547214576289e-08,0.999803657614836,0.99999999971548
"PSMA4",2.53731177130534e-11,-1.21290533080671,5.98397587352519e-08,0.999804820152616,0.99999999971548
"SRPRA",2.47781036388423e-11,-1.21712021346292,5.70661134605307e-08,0.999809397231211,0.99999999971548
"PSMB2",2.42429766031484e-11,-1.22098675896494,5.46278426729762e-08,0.999813513635528,0.99999999971548
"NCOA7",2.42089326643532e-11,-1.22123524616675,5.44745247731376e-08,0.999813775514684,0.99999999971548
"CNOT4",2.40073251664597e-11,-1.222713043104,5.35709952542426e-08,0.999815326357606,0.99999999971548
"CELF2",2.39740352853078e-11,-1.22295809793574,5.34225292679807e-08,0.999815582436259,0.99999999971548
"GMFG",2.34345953063874e-11,-1.2269708824718,5.10454552463175e-08,0.999819732017412,0.99999999971548
"CD3D",2.33814326461205e-11,-1.2273706856945,5.08141191333809e-08,0.999820140965176,0.99999999971548
"S100A10",2.3334814709172e-11,-1.22772192138112,5.06116945916644e-08,0.999820499568395,0.99999999971548
"IL32",2.33171278575693e-11,-1.2278553399837,5.05350004079284e-08,0.999820635622504,0.99999999971548
"LAMP2",2.31126190874648e-11,-1.2294044549922,4.96524278516903e-08,0.999822208783138,0.99999999971548
"AKNA",2.257586498176e-11,-1.23352771840675,4.73730081960822e-08,0.999826337703522,0.99999999971548
"ECHS1",2.2354886410904e-11,-1.23525006435096,4.64501478034587e-08,0.999828037556242,0.99999999971548
"CTSS",2.22607433711298e-11,-1.23598833399339,4.6059740970532e-08,0.999828761740952,0.99999999971548
"MNDA",2.18975578491601e-11,-1.23886212473811,4.45690656877404e-08,0.999831555504598,0.99999999971548
"XIST",2.07219139613617e-11,-1.24845798213658,3.99118535709215e-08,0.999840599012559,0.99999999971548
"ACYP2",2.0157318367166e-11,-1.25323577820344,3.77665814855571e-08,0.999844942100473,0.99999999971548
"VDAC2",1.97688020287014e-11,-1.25659161209328,3.63247697224077e-08,0.999847930718579,0.99999999971548
"LSM4",1.9608451002336e-11,-1.25799340258296,3.57378761871464e-08,0.999849164200761,0.99999999971548
"HBG2",1.94624641821188e-11,-1.25927831982937,3.52077132073292e-08,0.999850287187908,0.99999999971548
"SLTM",1.92531930598728e-11,-1.26113494116567,3.44546384251301e-08,0.99985189698241,0.99999999971548
"IK",1.79595638918055e-11,-1.27301777357149,2.99801456520449e-08,0.999861848078878,0.99999999971548
"CUTA",1.78211532943336e-11,-1.27433288923761,2.95198249043989e-08,0.999862912786789,0.99999999971548
"CCNH",1.77832599196082e-11,-1.27469448415424,2.93944215127459e-08,0.9998632042773,0.99999999971548
"ASCC3",1.68030701789709e-11,-1.2842890082733,2.62433605894578e-08,0.999870744276342,0.99999999971548
"BAG1",1.61870268441954e-11,-1.29057134948208,2.43543385661572e-08,0.999875483120228,0.99999999971548
"HBG1",1.61464533877532e-11,-1.29099237298969,2.42324012520529e-08,0.999875795226966,0.99999999971548
"S100A9",1.56947839783838e-11,-1.29574248712209,2.28956432908489e-08,0.999879269642969,0.99999999971548
"ZNF207",1.54233857860921e-11,-1.29865423191933,2.21106550308283e-08,0.999881357342963,0.99999999971548
"MKKS",1.52487125174744e-11,-1.30055190867078,2.16126748026128e-08,0.999882700997387,0.99999999971548
"RBM17",1.52461622300984e-11,-1.30057975514644,2.1605446136918e-08,0.999882720615185,0.99999999971548
"KDM5C",1.52173394399755e-11,-1.3008947519155,2.1523833387829e-08,0.999882942331249,0.99999999971548
"COPS2",1.51000710548217e-11,-1.30218172280633,2.11933761913376e-08,0.99988384440508,0.99999999971548
"UPF3A",1.49773126917071e-11,-1.30353829184141,2.08501872294998e-08,0.999884788709947,0.99999999971548
"NUTM2B-AS1",1.4942885321075e-11,-1.30392047569113,2.07544434684415e-08,0.999885053538614,0.99999999971548
"CD7",1.47592303722497e-11,-1.30597229494591,2.02474151850156e-08,0.999886466283602,0.99999999971548
"SCNM1",1.46427554871548e-11,-1.30728510790737,1.99291045710001e-08,0.999887362253524,0.99999999971548
"WAC",1.46361045802419e-11,-1.30736034550696,1.99110046283519e-08,0.999887413414876,0.99999999971548
"TNFAIP3",1.45637663281568e-11,-1.3081805900478,1.97146726208e-08,0.999887969868724,0.99999999971548
"STAG2",1.45478270648065e-11,-1.30836180195713,1.96715429256785e-08,0.999888092479711,0.99999999971548
"BRD2",1.45451287032206e-11,-1.30839249645537,1.96642461640732e-08,0.999888113236553,0.99999999971548
"GTF3C6",1.45312361315418e-11,-1.30855060617334,1.96267000564228e-08,0.999888220103594,0.99999999971548
"ALAS2",1.45285401396879e-11,-1.30858130417172,1.96194180173097e-08,0.999888240842208,0.99999999971548
"MAP4",1.44495225538915e-11,-1.30948324883744,1.94065868291145e-08,0.999888848676078,0.99999999971548
"TCF7",1.43356036248316e-11,-1.31079115526833,1.91017929815005e-08,0.999889724984596,0.99999999971548
"GRN",1.43218101898925e-11,-1.31095013114858,1.90650519291818e-08,0.99988983108904,0.99999999971548
"BTG2",1.42470181504805e-11,-1.31181447104522,1.88664470240597e-08,0.999890406418371,0.99999999971548
"SERP1",1.40514606771839e-11,-1.31409324057884,1.83520722361997e-08,0.999891910722188,0.99999999971548
"TECR",1.39819076478665e-11,-1.31491037404968,1.8170840814029e-08,0.999892445751025,0.99999999971548
"TBRG1",1.37968620290789e-11,-1.31710169969594,1.76930541987938e-08,0.999893869193586,0.99999999971548
"CHEK2",1.37626109798292e-11,-1.31751010477047,1.76053163555835e-08,0.999894132665921,0.99999999971548
"NCF1",1.36862478014646e-11,-1.31842384196469,1.74104887674093e-08,0.999894720081062,0.99999999971548
"THUMPD3-AS1",1.35740692393112e-11,-1.31977420990648,1.71262502449919e-08,0.999895583002005,0.99999999971548
"KLHDC2",1.28499287323349e-11,-1.32873245521043,1.5347710665631e-08,0.999901153371224,0.99999999971548
"DDOST",1.2733560935948e-11,-1.33021278605466,1.50709943548823e-08,0.999902048517381,0.99999999971548
"EGLN1",1.27192379178679e-11,-1.3303958036804,1.50371089834236e-08,0.999902158695583,0.99999999971548
"MORF4L1",1.25132488554117e-11,-1.33304793200051,1.45539985903419e-08,0.999903743243226,0.99999999971548
"TAF11",1.25077358890565e-11,-1.33311943229302,1.45411772949686e-08,0.999903785651098,0.99999999971548
"LYZ",1.23983653237122e-11,-1.33454360862162,1.42879862326591e-08,0.999904626971844,0.99999999971548
"RUNX1",1.23882391332572e-11,-1.3346760196183,1.42646567400712e-08,0.999904704866422,0.99999999971548
"NDUFB5",1.22846529124736e-11,-1.33603595764674,1.40271017200043e-08,0.99990550169175,0.99999999971548
"FLT3LG",1.20620314954012e-11,-1.33899274363217,1.35233124256074e-08,0.999907214181907,0.99999999971548
"ZNF22",1.19350896244387e-11,-1.34070006262063,1.32401691814369e-08,0.999908190667941,0.99999999971548
"JUN",1.17206871770078e-11,-1.34361989661321,1.27687479720081e-08,0.999909839934601,0.99999999971548
"DEF6",1.15522581194106e-11,-1.34594641085758,1.24044048858846e-08,0.999911135556142,0.99999999971548
"AHSP",1.1476265581828e-11,-1.34700577027499,1.22417454695548e-08,0.999911720120172,0.99999999971548
"SERPINA1",1.14562739965302e-11,-1.34728547275887,1.21991325243837e-08,0.999911873903189,0.99999999971548
"DDX46",1.1348953593133e-11,-1.34879429133793,1.19716443253872e-08,0.999912699453296,0.99999999971548
"STAT1",1.13201039870026e-11,-1.34920200445338,1.1910856652299e-08,0.999912921375639,0.99999999971548
"MRPL54",1.12635487845694e-11,-1.35000389272421,1.17921407454545e-08,0.999913356420159,0.99999999971548
"CYTH1",1.12563565617535e-11,-1.35010612112872,1.17770860539855e-08,0.999913411745523,0.99999999971548
"STK38",1.11568628503991e-11,-1.35152616034155,1.15698133851918e-08,0.999914177089683,0.99999999971548
"GNG2",1.11010428059967e-11,-1.35232769122997,1.14543307620486e-08,0.999914606479083,0.99999999971548
"CD3G",1.08694141753863e-11,-1.35569160819319,1.09813173063632e-08,0.999916388256218,0.99999999971548
"LRPAP1",1.03418046605474e-11,-1.36359314104328,9.94110878104617e-09,0.999920446832946,0.99999999971548
"LTB",1.02661715480688e-11,-1.36475442690962,9.79623510417954e-09,0.99992102863214,0.99999999971548
"NKG7",1.0186449592932e-11,-1.36598657817154,9.64468051908373e-09,0.999921641884295,0.99999999971548
"NDUFS7",1.01750344050646e-11,-1.36616369284781,9.62307649483973e-09,0.999921729694341,0.99999999971548
"THYN1",9.89319701915693e-12,-1.37059236711239,9.09736210106767e-09,0.999923897696668,0.99999999971548
"TCEA1",9.77030793011104e-12,-1.37255783789579,8.87275865153902e-09,0.999924843007136,0.99999999971548
"FAM65B",9.61361086257423e-12,-1.37509546180433,8.59043672039141e-09,0.999926048381669,0.99999999971548
"PAG1",9.38270873615133e-12,-1.37890116241799,8.18273779629214e-09,0.999927824570254,0.99999999971548
"COPZ1",9.28270424509499e-12,-1.38057475947893,8.00923787880059e-09,0.999928593843531,0.99999999971548
"TTC19",9.17155865933341e-12,-1.38245330814558,7.8185903906361e-09,0.999929448818424,0.99999999971548
"GZMM",9.08724929097455e-12,-1.38389153313673,7.67550660514129e-09,0.999930097358739,0.99999999971548
"C11orf31",8.74819583697422e-12,-1.38979520013433,7.11343157690792e-09,0.999932705489225,0.99999999971548
"CIB1",8.67019009433908e-12,-1.39118156928026,6.98713934166734e-09,0.999933305539609,0.99999999971548
"HADH",8.34893780787816e-12,-1.39700794177729,6.4789498332825e-09,0.99993577673662,0.99999999971548
"FYTTD1",8.25367640737044e-12,-1.39877313162405,6.33194364938526e-09,0.999936509524209,0.99999999971548
"PSMF1",8.18615654133961e-12,-1.40003503580751,6.22876944290007e-09,0.999937028913169,0.99999999971548
"OCIAD1",8.14959515875016e-12,-1.40072212855458,6.17325526671913e-09,0.999937310157485,0.99999999971548
"LYPLA1",7.94234559567843e-12,-1.40466839291626,5.86326774368411e-09,0.999938904401394,0.99999999971548
"LBH",7.93961582862843e-12,-1.4047209656549,5.85923805134795e-09,0.999938925399819,0.99999999971548
"SLC25A37",7.91770782940496e-12,-1.40514346346131,5.82694755114115e-09,0.999939093924635,0.99999999971548
"SRSF9",7.84277870303389e-12,-1.4065962069447,5.71718291186528e-09,0.999939670308496,0.99999999971548
"NUCB2",7.82576986499376e-12,-1.40692765891196,5.69241179551655e-09,0.999939801147066,0.99999999971548
"XBP1",7.65804483324212e-12,-1.41023012253692,5.45102249663084e-09,0.999941091352972,0.99999999971548
"LSM6",7.49134318445336e-12,-1.41357537858542,5.21628787487194e-09,0.99994237368662,0.99999999971548
"PRELID1",7.47349909245755e-12,-1.41393728818565,5.19146747563857e-09,0.999942510950287,0.99999999971548
"S100A11",7.38550612989641e-12,-1.41573300911977,5.06993849910713e-09,0.999943187826236,0.99999999971548
"EXOC4",6.86739292606744e-12,-1.42670031669214,4.38354994187316e-09,0.999947173353674,0.99999999971548
"UBE2N",6.78533755748003e-12,-1.42850285015364,4.27942166471219e-09,0.99994780455535,0.99999999971548
"ATP6V1B2",6.76752678637609e-12,-1.42889660736723,4.25698511980883e-09,0.9999479415627,0.99999999971548
"TMEM230",6.74184782921194e-12,-1.42946590268305,4.22474068321180e-09,0.999948139095185,0.99999999971548
"MECOM",6.70297186503428e-12,-1.43033137168486,4.176158355308e-09,0.999948438144158,0.99999999971548
"BTG1",6.69592392279475e-12,-1.43048874254982,4.16738080129016e-09,0.99994849235966,0.99999999971548
"EIF6",6.6856834619541e-12,-1.43071765493555,4.15464371913583e-09,0.999948571133251,0.99999999971548
"KDM5B",6.68120901314795e-12,-1.43081777126697,4.149084520868e-09,0.999948605552444,0.99999999971548
"MRPL20",6.61196351266989e-12,-1.43237463065109,4.0635261778589e-09,0.999949138215654,0.99999999971548
"ARIH2",6.57677547227632e-12,-1.43317121208474,4.02039011330487e-09,0.99994940889569,0.99999999971548
"C19orf70",6.40716568304691e-12,-1.43706361277579,3.81569870298217e-09,0.999950713599882,0.99999999971548
"NSFL1C",6.18388215122111e-12,-1.44232679466372,3.55438587367502e-09,0.999952431183291,0.99999999971548
"STT3B",6.09880936336841e-12,-1.444375681701,3.45726191517428e-09,0.999953085596125,0.99999999971548
"TRPM7",6.07942585650764e-12,-1.44484598807183,3.43532079098025e-09,0.999953234701568,0.99999999971548
"FLT4",6.07312330797659e-12,-1.44499918924365,3.42820168020797e-09,0.999953283183212,0.99999999971548
"FAM133B",6.07011989483892e-12,-1.44507224431016,3.424811740809e-09,0.999953306286629,0.99999999971548
"C1orf162",5.99642685773501e-12,-1.44687467975361,3.34216007316781e-09,0.999953873162014,0.99999999971548
"ISG20",5.92991837909701e-12,-1.44851800935634,3.26843307431741e-09,0.999954384770991,0.99999999971548
"PHF20",5.92506529138493e-12,-1.44863854886239,3.26308544536438e-09,0.999954422102822,0.99999999971548
"ARL4C",5.91411919874768e-12,-1.44891074018205,3.25103999415633e-09,0.999954506304406,0.99999999971548
"FGL2",5.88878351095113e-12,-1.4495424356994,3.22324518532975e-09,0.99995470119633,0.99999999971548
"PET100",5.86024479374258e-12,-1.45025683006588,3.19207936494612e-09,0.999954920727196,0.99999999971548
"BLVRB",5.79520554452049e-12,-1.45189629838113,3.12161869910055e-09,0.999955421034292,0.99999999971548
"CHRAC1",5.78665993017044e-12,-1.45211289905831,3.1124192044456e-09,0.999955486770468,0.99999999971548
"EPRS",5.48648898781428e-12,-1.45990357289119,2.79789356208612e-09,0.999957795801619,0.99999999971548
"ERGIC2",5.45601776133942e-12,-1.46071501916033,2.76690161060499e-09,0.999958030198096,0.99999999971548
"DPY30",5.42151309591524e-12,-1.46163864876091,2.73201568021685e-09,0.999958295621347,0.99999999971548
"CDK2",5.40374919016122e-12,-1.46211615306708,2.71414179134877e-09,0.99995843226819,0.99999999971548
"COX6B1",5.40306509024708e-12,-1.46213456936783,2.71345462894663e-09,0.999958437530552,0.99999999971548
"CFD",5.30954252096765e-12,-1.46467154290276,2.62033230787281e-09,0.999959156942378,0.99999999971548
"NAP1L4",5.20401489667788e-12,-1.46758128225624,2.51720871936277e-09,0.999959968701738,0.99999999971548
"FAM136A",5.09600386477441e-12,-1.47061314212877,2.41380211044192e-09,0.99996079956443,0.99999999971548
"DGUOK",5.07902660837689e-12,-1.47109476622438,2.3977458134949e-09,0.999960930160062,0.99999999971548
"FBXL5",4.96932203835642e-12,-1.4742411529914,2.29528410807462e-09,0.999961774050106,0.99999999971548
"UBE2G1",4.96844117889714e-12,-1.47426666006382,2.2944704584423e-09,0.999961780826018,0.99999999971548
"HADHB",4.90475845537026e-12,-1.47612122857773,2.23602891025632e-09,0.999962270698194,0.99999999971548
"CAMP",4.88858015796339e-12,-1.47659570829358,2.22130219970508e-09,0.999962395147924,0.99999999971548
"CD8B",4.81736827122774e-12,-1.47870059907947,2.15705819028095e-09,0.999962942937339,0.99999999971548
"TMEM160",4.78166447565838e-12,-1.47976614278322,2.12520271964858e-09,0.999963217584763,0.99999999971548
"HIST1H4H",4.71086432070353e-12,-1.48189973297836,2.06273461966173e-09,0.999963762206978,0.99999999971548
"MYO1F",4.66592212724317e-12,-1.48326860168898,2.02356490071021e-09,0.999964107919737,0.99999999971548
"UBE2D2",4.60557368541568e-12,-1.48512487494901,1.97155835209155e-09,0.999964572143326,0.99999999971548
"SNX2",4.51801002351831e-12,-1.4878562484478,1.89730235368806e-09,0.999965245716929,0.99999999971548
"LAPTM4A",4.50157218007589e-12,-1.4883741207437,1.88352158553807e-09,0.999965372163188,0.99999999971548
"MIER1",4.37778471249983e-12,-1.49232775412473,1.78135700511599e-09,0.999966324384335,0.99999999971548
"ANXA2",4.34713260033617e-12,-1.49332175614689,1.75649913633501e-09,0.999966560172254,0.99999999971548
"AAK1",4.33570301205467e-12,-1.49369396157339,1.74727481697337e-09,0.999966648093074,0.99999999971548
"DNTTIP2",4.23008312554045e-12,-1.49717447109993,1.66318273810711e-09,0.999967460562151,0.99999999971548
"SERPINB6",4.14017244346488e-12,-1.50019739771283,1.59323202019085e-09,0.999968152189942,0.99999999971548
"CD14",4.11568940894627e-12,-1.50103044108092,1.57444448412293e-09,0.999968340522927,0.99999999971548
"FTH1",4.11340531253076e-12,-1.50110837788599,1.57269742074998e-09,0.999968358093081,0.99999999971548
"PAPOLA",4.01151149761422e-12,-1.50462404387509,1.49574736995287e-09,0.999969141899772,0.99999999971548
"RANBP2",3.98024841935061e-12,-1.50571829606169,1.47252447638708e-09,0.999969382387479,0.99999999971548
"PIN4",3.79647546148721e-12,-1.51230602180929,1.33968705090386e-09,0.999970796040251,0.99999999971548
"RWDD1",3.58838472519092e-12,-1.52010911529209,1.19685121206077e-09,0.999972396754795,0.99999999971548
"UQCRFS1",3.54116297765608e-12,-1.52193452200228,1.16555828416606e-09,0.999972760002767,0.99999999971548
"UBL5",3.52779439150264e-12,-1.52245514409926,1.15677447267076e-09,0.99997286283911,0.99999999971548
"MGAT4A",3.40978270191024e-12,-1.52712693176829,1.08067616201061e-09,0.999973770630736,0.99999999971548
"MDM4",3.36125659374059e-12,-1.52908886759169,1.05013588573542e-09,0.999974143912355,0.99999999971548
"PHF3",3.33160016447397e-12,-1.53030005657549,1.03168689745993e-09,0.999974372041096,0.99999999971548
"PDCD6",3.1859912800852e-12,-1.53638647935239,9.43477029304832e-10,0.999975492121033,0.99999999971548
"TMEM123",3.12222909455597e-12,-1.53912821567582,9.060907525365e-10,0.999975982604462,0.99999999971548
"TMEM14C",3.09315465328818e-12,-1.54039459971644,8.89294148253363e-10,0.999976206256325,0.99999999971548
"ATP6V0A2",3.06813560000812e-12,-1.54149266094499,8.7496617685844e-10,0.999976398712574,0.99999999971548
"VCAN",3.0600036976192e-12,-1.5418512394466,8.70334236583952e-10,0.999976461266317,0.99999999971548
"SCAF11",3.05864090032321e-12,-1.54191141345244,8.69559188483218e-10,0.999976471749481,0.99999999971548
"TERT",3.04652141536123e-12,-1.54244757495748,8.62681800201941e-10,0.999976564977254,0.99999999971548
"EDF1",2.87571588868246e-12,-1.55020831425863,7.68659712603956e-10,0.999977878879523,0.99999999971548
"CIRBP",2.8748345953711e-12,-1.55024938546672,7.6818865712474e-10,0.999977885658773,0.99999999971548
"PSMA3-AS1",2.85813365691613e-12,-1.55102978266456,7.59289219209548e-10,0.99997801412886,0.99999999971548
"ZC3HAV1",2.75144486113229e-12,-1.55611084940268,7.03661505642748e-10,0.999978834820402,0.99999999971548
"SREK1",2.71626032471334e-12,-1.55782412656832,6.85780205694579e-10,0.999979105473484,0.99999999971548
"POLR2A",2.49604276290814e-12,-1.56900833112489,5.79090190604006e-10,0.999980799472266,0.99999999971548
"STK17B",2.44748535487837e-12,-1.5715894636814,5.56778387423625e-10,0.999981172994657,0.99999999971548
"ATP5H",2.37335604744759e-12,-1.5756171453564,5.23561804601452e-10,0.999981743226002,0.99999999971548
"CDC37",2.33263643581384e-12,-1.57787636648246,5.05750447059967e-10,0.999982056457027,0.99999999971548
"CD2",2.28985817883137e-12,-1.5802870630218,4.87370609692937e-10,0.999982385523949,0.99999999971548
"CRHBP",2.26969951889172e-12,-1.5814366776428,4.78827292327545e-10,0.999982540592169,0.99999999971548
"CHD4",2.21909312016849e-12,-1.58436229748089,4.57712970262327e-10,0.99998292987619,0.99999999971548
"TPGS2",2.21566419449738e-12,-1.58456262050931,4.56299553963747e-10,0.999982956252814,0.99999999971548
"TMEM59",2.07714279896952e-12,-1.59288988173898,4.01028164005342e-10,0.999984021813042,0.99999999971548
"RNF149",2.07547485832869e-12,-1.59299305955108,4.0038437329996e-10,0.999984034643488,0.99999999971548
"TFRC",2.0460065664041e-12,-1.59482794916773,3.89095503201429e-10,0.999984261325004,0.99999999971548
"CHMP5",2.03387482460545e-12,-1.59559003807648,3.84494920294843e-10,0.99998435464706,0.99999999971548
"CPA3",2.01933323634796e-12,-1.59650873602461,3.79016530792239e-10,0.99998446650659,0.99999999971548
"EIF2AK4",1.95419275333543e-12,-1.6006961196935,3.54957994712241e-10,0.999984967592416,0.99999999971548
"STUB1",1.90996474579886e-12,-1.60360896107223,3.39072733533302e-10,0.999985307811381,0.99999999971548
"SMC5",1.89308340705212e-12,-1.60473625027019,3.33105392282776e-10,0.999985437669177,0.99999999971548
"SMARCE1",1.82140406729177e-12,-1.60962238344981,3.08357679909105e-10,0.999985989054423,0.99999999971548
"DRAP1",1.80235909977038e-12,-1.61094871639045,3.01942893387187e-10,0.99998613555569,0.99999999971548
"KDM5A",1.74983710890974e-12,-1.6146706750864,2.84601647692145e-10,0.999986539575187,0.99999999971548
"RSBN1",1.48204470118057e-12,-1.63531089370444,2.04157233108032e-10,0.999988599538112,0.99999999971548
"PLEKHJ1",1.47429894054854e-12,-1.63595481783363,2.02028794384551e-10,0.999988659121503,0.99999999971548
"CYBB",1.47044390474464e-12,-1.63627639394109,2.00973635265785e-10,0.999988688775932,0.99999999971548
"MAZ",1.38369169253796e-12,-1.64371430658561,1.77959358808966e-10,0.99998935610755,0.99999999971548
"TIA1",1.36240609957818e-12,-1.64560113467634,1.72526306114545e-10,0.999989519844576,0.99999999971548
"CYTIP",1.32164646202933e-12,-1.64928692322569,1.6235765153325e-10,0.999989833383495,0.99999999971548
"MRPS16",1.30468785100314e-12,-1.65084964112588,1.58217822060665e-10,0.9999899638357,0.99999999971548
"ROMO1",1.08118874452634e-12,-1.67329225742255,1.0865386940763e-10,0.999991683077396,0.99999999971548
"EAPP",8.81934928592758e-13,-1.69700947808285,7.22961634596443e-11,0.999993215814926,0.99999999971548
"UBTF",7.84214565825368e-13,-1.71039988208909,5.71626000255717e-11,0.999993967517806,0.99999999971548
"PPHLN1",7.24101719083445e-13,-1.71937736485915,4.87350394950644e-11,0.999994429929107,0.99999999971548
"UFM1",6.22390074514145e-13,-1.7361622742063,3.60053868669625e-11,0.999995212334474,0.99999999971548
"CCDC53",5.7412016178584e-13,-1.74497999708439,3.06371076392e-11,0.999995583645339,0.99999999971548
"MGST3",4.64774248653189e-13,-1.76762452532169,2.00782695452042e-11,0.999996424776456,0.99999999971548
"NDUFA1",4.41802290155323e-13,-1.77296514357464,1.81425400655037e-11,0.999996601485659,0.99999999971548
"PIAS1",3.84418560329783e-13,-1.78744414925131,1.37357020319566e-11,0.999997042903535,0.99999999971548
"NDUFB1",3.70820370330005e-13,-1.79114955138712,1.27811323448991e-11,0.99999714750608,0.99999999971548
"LUC7L",2.75298532921636e-13,-1.82113901138689,7.0444965266371e-12,0.999997882297052,0.99999999971548
"LGALS3",2.74820663532597e-13,-1.82131054271324,7.02006176105238e-12,0.999997885973009,0.99999999971548
"NBPF14",2.54821904391185e-13,-1.82873278824448,6.03553370268703e-12,0.99999803981121,0.99999999971548
"EREG",2.46257882384571e-13,-1.83206720181534,5.63666788092021e-12,0.999998105688985,0.99999999971548
"DARS",2.37952690820083e-13,-1.83539861753024,5.26287924993195e-12,0.999998169575735,0.99999999971548
"GIMAP7",2.36860881946575e-13,-1.83584406383944,5.21469424476424e-12,0.999998177974352,0.99999999971548
"RPAIN",1.75778233014856e-13,-1.86417042718487,2.8719201069384e-12,0.999998647845747,0.99999999971548
"IL7R",1.48469084521273e-13,-1.87972596485404,2.04886916531063e-12,0.999998857918295,0.99999999971548
"AP3S1",1.47454615772453e-13,-1.88035043286366,2.02096554286078e-12,0.999998865721981,0.99999999971548
"MS4A7",1.13673836749414e-13,-1.90364100894643,1.20105584922024e-12,0.999999125576818,0.99999999971548
"SYNE2",1.07918939677926e-13,-1.90819784907575,1.08252392770839e-12,0.999999169845715,0.99999999971548
"CD3E",9.83032385041542e-14,-1.91630636737237,8.98209855986631e-13,0.999999243813413,0.99999999971548
"GPATCH8",9.34919784544145e-14,-1.92062589331581,8.12439192630557e-13,0.999999280823489,0.99999999971548
"SESN3",8.87339516041061e-14,-1.92509216814472,7.31849550120889e-13,0.999999317424075,0.99999999971548
"SPOCK2",6.49097768755896e-14,-1.95119990302367,3.91617776981775e-13,0.999999500688854,0.99999999971548
"UTP18",6.01034990331903e-14,-1.95746285363969,3.35769834970123e-13,0.999999537660605,0.99999999971548
"SYNRG",3.72760581852453e-14,-1.9949815636456,1.29152294804295e-13,0.999999713258122,0.99999999971548
"PRRC2C",2.72970242825813e-14,-2.01822468693899,6.9258451533229e-14,0.999999790020716,0.99999999971548
"GIMAP4",9.11299057803042e-15,-2.09295643180308,7.71905273213328e-15,0.999999929899347,0.99999999971548
"PDZD8",5.60392453876214e-15,-2.12281552969729,2.91895044715208e-15,0.999999956892442,0.99999999971548
"HBM",5.47909145323676e-15,-2.12415367447575,2.79035374527614e-15,0.999999957852706,0.99999999971548
"TRA2A",5.05315014063256e-15,-2.12892849829833,2.37337612850982e-15,0.999999961129212,0.99999999971548
"PDGFRB",4.71881054754067e-15,-2.13292836372338,2.06969927841916e-15,0.999999963701081,0.99999999971548
"MMP9",4.67656594954867e-15,-2.13345116876718,2.03280767469112e-15,0.999999964026043,0.99999999971548
"COL1A1",4.6571386312443e-15,-2.13369297501608,2.01595343863844e-15,0.999999964175486,0.99999999971548
"CDC25A",4.54863315086701e-15,-2.13505987283932,1.92310939575374e-15,0.999999965010152,0.99999999971548
"BTF3L4",4.5023845876377e-15,-2.13565112672476,1.88420149255529e-15,0.999999965365914,0.99999999971548
"SKAP1",4.18385719157024e-15,-2.13987312983256,1.62703115776107e-15,0.99999996781615,0.99999999971548
"NOS2",4.01801965370691e-15,-2.14218317426097,1.50060461834507e-15,0.999999969091837,0.99999999971548
"CLEC2D",3.89249763445116e-15,-2.14398745097117,1.40831200015933e-15,0.9999999700574,0.99999999971548
"DUSP2",3.85377490660417e-15,-2.14455427573582,1.38043147935473e-15,0.999999970355271,0.99999999971548
"PGR",3.55719180618978e-15,-2.14906796955615,1.1761338022079e-15,0.999999972636703,0.99999999971548
"ATP12A",3.48749778353657e-15,-2.15017600209357,1.13049864415447e-15,0.999999973172816,0.99999999971548
"GZMK",3.47597044917267e-15,-2.15036112304109,1.12303765077645e-15,0.999999973261489,0.99999999971548
"GNLY",3.46360759001885e-15,-2.1505602563716,1.11506332175411e-15,0.999999973356589,0.99999999971548
"CFTR",3.43233303697876e-15,-2.15106678179454,1.09501736493089e-15,0.999999973597165,0.99999999971548
"RBL2",3.42408059293782e-15,-2.15120110842071,1.08975813978822e-15,0.999999973660646,0.99999999971548
"LINC00861",3.34751118702371e-15,-2.15246105579377,1.04156466816193e-15,0.999999974249647,0.99999999971548
"PON1",3.34180712076781e-15,-2.15255591615611,1.03801809773118e-15,0.999999974293525,0.99999999971548
"CCR5",3.26283008749121e-15,-2.15388401586749,9.89534822784403e-16,0.999999974901047,0.99999999971548
"DHRS4",3.25867343119124e-15,-2.15395468708156,9.87015208778312e-16,0.999999974933022,0.99999999971548
"PRTN3",3.23911587737692e-15,-2.15428825956404,9.75203239074124e-16,0.999999975083466,0.99999999971548
"IGLV2-14",3.22415121660172e-15,-2.154544681153,9.66213208985119e-16,0.99999997519858,0.99999999971548
"ESR1",3.22303123121591e-15,-2.15456391387536,9.65542051432856e-16,0.999999975207195,0.99999999971548
"SAMHD1",3.19408716243156e-15,-2.15506297775225,9.48278036665336e-16,0.999999975429844,0.99999999971548
"LEF1",3.18709408322808e-15,-2.15518414474683,9.44130295065083e-16,0.999999975483638,0.99999999971548
"MET",3.11313226074425e-15,-2.15648001924547,9.00818526117189e-16,0.999999976052581,0.99999999971548
"AVP",3.05331638891745e-15,-2.15754778186814,8.6653434966563e-16,0.999999976512708,0.99999999971548
"IGKV3-11",3.01038444202744e-15,-2.15832542695377,8.42337405922015e-16,0.999999976842957,0.99999999971548
"PTBP1",2.91801272082963e-15,-2.16003185392272,7.91437322734207e-16,0.999999977553516,0.99999999971548
"LCK",2.91797263193482e-15,-2.16003260464512,7.91415576681207e-16,0.999999977553824,0.99999999971548
"KLRD1",2.79752983694326e-15,-2.16232964822657,7.27430689703952e-16,0.999999978480317,0.99999999971548
"CYP1A1",2.74508595902227e-15,-2.16335682504384,7.00412780480261e-16,0.999999978883735,0.99999999971548
"BAD",2.69950630567908e-15,-2.16426351774726,6.77346448147795e-16,0.999999979234352,0.99999999971548
"SHH",2.68909732809565e-15,-2.16447244462606,6.72132982957315e-16,0.999999979314422,0.99999999971548
"ANKRD44",2.61677086930552e-15,-2.16594391058663,6.36463581262025e-16,0.999999979870785,0.99999999971548
"MT-CO1",2.59409781333885e-15,-2.16641247436569,6.25482063859907e-16,0.999999980045195,0.99999999971548
"ILF3-AS1",2.56833518086109e-15,-2.16694923113091,6.13120118174621e-16,0.999999980243371,0.99999999971548
"TTR",2.54843558898493e-15,-2.16736704867399,6.03655953335264e-16,0.999999980396446,0.99999999971548
"SH3KBP1",2.52059963843436e-15,-2.16795628737663,5.9054079521397e-16,0.999999980610571,0.99999999971548
"IGKC",2.50976842486159e-15,-2.16818709604537,5.85476499610934e-16,0.999999980693889,0.99999999971548
"EMC6",2.49593232863461e-15,-2.16848320121608,5.79038949502906e-16,0.999999980800322,0.99999999971548
"USP48",2.48147543491291e-15,-2.16879412133541,5.72350578205051e-16,0.99999998091153,0.99999999971548
"CCDC47",2.38093061779489e-15,-2.17100117960184,5.26909034430585e-16,0.99999998168496,0.99999999971548
"PPARG",2.36334487936628e-15,-2.17139550735913,5.19154197413068e-16,0.999999981820236,0.99999999971548
"KNG1",2.3626290338346e-15,-2.17141161287312,5.18839746540808e-16,0.999999981825742,0.99999999971548
"FIS1",2.33798185048472e-15,-2.17196874564155,5.08071034524321e-16,0.999999982015338,0.99999999971548
"EGFR",2.30223406663494e-15,-2.17278594791835,4.92652983518696e-16,0.999999982290324,0.99999999971548
"DEFA3",2.29344129603904e-15,-2.17298864307999,4.88897055587208e-16,0.999999982357961,0.99999999971548
"IGFBP3",2.29092244507421e-15,-2.17304683339591,4.87823749218964e-16,0.999999982377337,0.99999999971548
"MON2",2.29007360343687e-15,-2.17306645581317,4.87462315424741e-16,0.999999982383867,0.99999999971548
"TEK",2.28524336969085e-15,-2.17317823545977,4.85408168517661e-16,0.999999982421023,0.99999999971548
"IDO1",2.26416774091652e-15,-2.1736683782536,4.76496112871996e-16,0.999999982583145,0.99999999971548
"DNAJC8",2.25978036683892e-15,-2.17377091149774,4.74651248495586e-16,0.999999982616894,0.99999999971548
"KLF1",2.23747163794383e-15,-2.17429496249429,4.65325918371139e-16,0.999999982788502,0.99999999971548
"DEFA4",2.16654612986072e-15,-2.17599181087932,4.36292800096594e-16,0.999999983334088,0.99999999971548
"MS4A1",2.08937226089078e-15,-2.17789394713619,4.05764281526218e-16,0.999999983927739,0.99999999971548
"F8",2.06259524519754e-15,-2.17856822908855,3.95430523584514e-16,0.999999984133718,0.99999999971548
"GZMA",2.03114179833652e-15,-2.17937006489406,3.83462281832185e-16,0.999999984375671,0.99999999971548
"C1QA",1.98383434704811e-15,-2.18059664302226,3.65807811784242e-16,0.999999984739578,0.99999999971548
"LTF",1.98355199871231e-15,-2.18060403974179,3.65703692327876e-16,0.99999998474175,0.99999999971548
"HBD",1.9639797394469e-15,-2.18111902298845,3.58522298307508e-16,0.999999984892307,0.99999999971548
"RNF5",1.94445094881298e-15,-2.18163733129681,3.51427828752583e-16,0.99999998504253,0.99999999971548
"MTRNR2L12",1.89182480422765e-15,-2.1830569545375,3.32662614094333e-16,0.999999985447351,0.99999999971548
"AR",1.88667441220556e-15,-2.18319772863586,3.30853767283986e-16,0.99999998548697,0.99999999971548
"ABL1",1.88627771498954e-15,-2.18320858530033,3.30714649512331e-16,0.999999985490021,0.99999999971548
"KDR",1.70772442430539e-15,-2.18830955615968,2.71067683880188e-16,0.999999986863522,0.99999999971548
"PRPF38B",1.69595874016329e-15,-2.18866173804966,2.67345408694917e-16,0.999999986954028,0.99999999971548
"ANKRD36B",1.69089859223696e-15,-2.1888138572585,2.65752458192753e-16,0.999999986992953,0.99999999971548
"CTSK",1.67513930785554e-15,-2.18929016658025,2.6082188216916e-16,0.99999998711418,0.99999999971548
"CCL4",1.60659452351588e-15,-2.1914083227311,2.39913523869267e-16,0.999999987641453,0.99999999971548
"PARP8",1.57419149024066e-15,-2.19243712816916,2.30333594984946e-16,0.999999987890709,0.99999999971548
"NOD2",1.55878849359527e-15,-2.19293265185812,2.25848155452816e-16,0.999999988009195,0.99999999971548
"NFKB1",1.47856521402705e-15,-2.1955845041388,2.03199733528452e-16,0.999999988626304,0.99999999971548
"ALPL",1.40191610829425e-15,-2.19823783013474,1.82677986909832e-16,0.999999989215918,0.99999999971548
"RP11-290D2.6",1.39504931689769e-15,-2.19848165043482,1.80892802368367e-16,0.99999998926874,0.99999999971548
"JCHAIN",1.38989932289867e-15,-2.198665198157,1.7955969208482e-16,0.999999989308356,0.99999999971548
"CXCL12",1.38877196417811e-15,-2.19870545655684,1.79268525543733e-16,0.999999989317028,0.99999999971548
"ALK",1.3196428494891e-15,-2.20123013901524,1.6186575713093e-16,0.999999989848796,0.99999999971548
"ARG1",1.28982633226527e-15,-2.20235474670018,1.54633876469969e-16,0.999999990078156,0.99999999971548
"MBD4",1.28495077775846e-15,-2.20254078799202,1.53467051213949e-16,0.999999990115661,0.99999999971548
"AZU1",1.28487037171293e-15,-2.20254386126733,1.5344784535355e-16,0.999999990116279,0.99999999971548
"USP3",1.18411335899933e-15,-2.2065332527482,1.30325298064023e-16,0.999999990891341,0.99999999971548
"LMO4",1.15312874622584e-15,-2.20781947929809,1.23594106664918e-16,0.999999991129687,0.99999999971548
"CXCR2",1.14921320682098e-15,-2.20798415376421,1.22756184668189e-16,0.999999991159807,0.99999999971548
"XDH",1.0671236625706e-15,-2.21155413760887,1.05845321289041e-16,0.999999991791271,0.99999999971548
"IL2",1.06464291288143e-15,-2.21166569473943,1.05353774617803e-16,0.999999991810354,0.99999999971548
"MAP2K1",1.06221925601218e-15,-2.2117749030402,1.04874645410356e-16,0.999999991828998,0.99999999971548
"NBEAL1",1.06054312550287e-15,-2.21185055517481,1.0454393232483e-16,0.999999991841891,0.99999999971548
"C9orf78",1.02245906942536e-15,-2.21359814259691,9.71704084833683e-17,0.999999992134849,0.99999999971548
"GYPA",1.00072887903124e-15,-2.21462082401262,9.30839985980958e-17,0.999999992302006,0.99999999971548
"TRAC",9.90830644972153e-16,-2.21509307877184,9.12517129678961e-17,0.999999992378147,0.99999999971548
"UQCRHL",9.24710861773363e-16,-2.21835737664522,7.94793090910058e-17,0.999999992886766,0.99999999971548
"APOB",8.85380462425606e-16,-2.22039673247141,7.28621586538296e-17,0.999999993189311,0.99999999971548
"ALOX5AP",8.44840199638613e-16,-2.2225830278619,6.63424195260033e-17,0.999999993501162,0.99999999971548
"RASSF5",7.7246958984237e-16,-2.22672350308749,5.54632031971536e-17,0.999999994057865,0.99999999971548
"IGHG1",7.39738957288483e-16,-2.2287079784592,5.08626691167449e-17,0.999999994309641,0.99999999971548
"IGKV1-5",6.58822792907576e-16,-2.23396307637978,4.03440410330142e-17,0.99999999493208,0.99999999971548
"ACHE",6.47101030052692e-16,-2.23477039305187,3.8921211272249e-17,0.999999995022248,0.99999999971548
"HLF",6.42054625374749e-16,-2.2351218786347,3.83165257122692e-17,0.999999995061067,0.99999999971548
"C1QB",6.2658123788749e-16,-2.23621479802923,3.64919388182605e-17,0.999999995180094,0.99999999971548
"C5AR1",6.12532643768989e-16,-2.2372276087693,3.48739099978838e-17,0.999999995288162,0.99999999971548
"IGKV4-1",5.82840890646339e-16,-2.23943645439608,3.15749151106537e-17,0.999999995516562,0.99999999971548
"CYP3A4",5.81749411886483e-16,-2.23951950222646,3.14567659546793e-17,0.999999995524958,0.99999999971548
"PLAT",5.77855975224688e-16,-2.23981685216973,3.10371176204374e-17,0.999999995554908,0.99999999971548
"PLG",4.57111519696538e-16,-2.2500349371451,1.94216667306965e-17,0.999999996483721,0.99999999971548
"ATM",4.50399838734761e-16,-2.25066935574042,1.88555245167911e-17,0.99999999653535,0.99999999971548
"TLR9",4.41458184510295e-16,-2.25152746167196,1.81142897853503e-17,0.999999996604133,0.99999999971548
"ZFC3H1",4.30487544424102e-16,-2.25260118399271,1.72251632177967e-17,0.999999996688523,0.99999999971548
"CD79A",4.25147342902211e-16,-2.2531324810189,1.68004573165602e-17,0.999999996729602,0.99999999971548
"ETS1",4.09813245174913e-16,-2.25469100429595,1.56104041386983e-17,0.999999996847558,0.99999999971548
"FCGR3A",3.95488199078641e-16,-2.25619349612494,1.45381526166148e-17,0.999999996957752,0.99999999971548
"BOD1L1",3.87869774774052e-16,-2.25701194584658,1.39834405788089e-17,0.999999997016355,0.99999999971548
"CLC",3.75154664694182e-16,-2.2584096138769,1.30816602900855e-17,0.999999997114165,0.99999999971548
"ELANE",3.17113842417077e-16,-2.26536592313715,9.34700694032637e-18,0.999999997560638,0.99999999971548
"ZMAT2",2.89293045283274e-16,-2.26910237576479,7.77889933852223e-18,0.999999997774646,0.99999999971548
"EHMT1",2.71370255650453e-16,-2.27167868126684,6.84489283073235e-18,0.999999997912515,0.99999999971548
"S100A8",2.65658292988389e-16,-2.27253087978418,6.55977465821035e-18,0.999999997956454,0.99999999971548
"PSMD5-AS1",1.84571431843022e-16,-2.28675955553274,3.16643901464213e-18,0.999999998580205,0.99999999971548
"ABCB1",1.60106925839e-16,-2.29213476491325,2.38266180515983e-18,0.999999998768396,0.99999999971548
"CD164",1.4278047366926e-16,-2.29639259405706,1.89487166693312e-18,0.999999998901677,0.99999999971548
"VEGFA",1.20554498398063e-16,-2.30256790948511,1.35085584429324e-18,0.999999999072648,0.99999999971548
"S100A12",1.18381596278089e-16,-2.30322366025558,1.30259842534199e-18,0.999999999089363,0.99999999971548
"F2",1.18118368519845e-16,-2.30330380817498,1.29681207225739e-18,0.999999999091388,0.99999999971548
"SHISA5",8.10619343422917e-17,-2.31653011346429,6.10767741370394e-19,0.99999999937644,0.99999999971548
"FLT1",6.13295962481562e-17,-2.3259206733885,3.49608816712946e-19,0.999999999528229,0.99999999971548
"F10",3.69871601931283e-17,-2.34209894162064,1.27158132717085e-19,0.99999999971548,0.99999999971548
